net,length_um
u_accel.ii\[1\],22.25845mm
net,12.87891mm
u_accel.ii\[0\],12.67135mm
_06993_,11.79953mm
_06995_,11.692995mm
_06989_,11.65487mm
_06991_,11.52043mm
_06992_,11.48119mm
_06990_,11.274965mm
_06996_,11.184mm
_06994_,11.10528mm
_08486_,8.271265mm
_08483_,8.04909mm
_08478_,7.75727mm
rst_ni,7.523145mm
_06863_,7.403515mm
_07937_,3.2605mm
_06868_,3.09644mm
_08495_,2.98249mm
_08476_,2.888805mm
_08491_,2.86454mm
_13704_,2.81515mm
_08494_,2.736685mm
_08477_,2.72592mm
_07192_,2.6757mm
_08490_,2.66895mm
_07205_,2.65854mm
_07794_,2.64746mm
_07229_,2.6441mm
_06869_,2.584305mm
_08504_,2.501525mm
_13703_,2.48043mm
_13702_,2.45855mm
_13705_,2.4206mm
_07218_,2.40705mm
_13701_,2.39983mm
_08521_,2.393185mm
_13700_,2.36173mm
_06819_,2.33017mm
_13699_,2.30289mm
_08482_,2.294775mm
u_accel.ii\[6\],2.25728mm
_08557_,2.23796mm
_08528_,2.22265mm
_07900_,2.185095mm
_08518_,2.112445mm
_08502_,2.05612mm
_07211_,1.99541mm
_07226_,1.99331mm
_07223_,1.99282mm
_08509_,1.98074mm
_07178_,1.97885mm
_07208_,1.95598mm
_07199_,1.95356mm
_07196_,1.94725mm
_07202_,1.93138mm
_07183_,1.93024mm
_07186_,1.9259mm
_07189_,1.85977mm
_07114_,1.855795mm
_07215_,1.85222mm
_07092_,1.85134mm
_08501_,1.73374mm
_08515_,1.71823mm
_08479_,1.71441mm
_07895_,1.69095mm
_07901_,1.67578mm
_07185_,1.65461mm
_07182_,1.65295mm
_08496_,1.62294mm
_07188_,1.62036mm
_07067_,1.60204mm
_07207_,1.56775mm
_07940_,1.553255mm
_07214_,1.54556mm
_07210_,1.5452mm
_08492_,1.54507mm
_07941_,1.534875mm
_07201_,1.526595mm
_07198_,1.50054mm
_07195_,1.49382mm
_08497_,1.48365mm
_08484_,1.464035mm
_08487_,1.45046mm
_08680_,1.43539mm
_07033_,1.37667mm
_07034_,1.37222mm
_06892_,1.26885mm
_07225_,1.26836mm
_08681_,1.267005mm
u_accel.c\[0\],1.24666mm
_07222_,1.225mm
_07177_,1.21738mm
_07037_,1.20069mm
_08506_,1.19121mm
_08716_,1.16925mm
u_accel.f\[0\],1.1618mm
_07035_,1.15494mm
_00000_,1.14956mm
clk_i,1.14397mm
_07935_,1.12414mm
_07217_,1.11254mm
u_accel.f\[1\],1.10214mm
_07204_,1.09969mm
_07191_,1.06809mm
_07934_,1.05791mm
u_accel.st\[2\],1.05306mm
_06904_,1.03449mm
u_accel.sw_reset_i,1.03279mm
_07938_,1.02834mm
_08543_,1.02587mm
_07036_,1.02544mm
_13873_,1.01322mm
_13964_,1.00812mm
_13957_,998.93µm
_13875_,990.93µm
_13963_,985.84µm
_06817_,982µm
_13956_,978.68µm
_07894_,973.55µm
_13959_,967.225µm
clknet_6_8_0_clk_i_regs,966.64µm
_13876_,962.87µm
_13872_,951.93µm
_07031_,951.58µm
u_accel.st\[6\],947.44µm
clknet_6_2_0_clk_i_regs,932.32µm
u_accel.st\[7\],918.31µm
u_accel.st\[3\],914.725µm
_13757_,914.51µm
_13764_,912.57µm
_07857_,911.78µm
_06988_,899.03µm
_07170_,895.23µm
_07169_,892.85µm
_13954_,890.69µm
_13961_,889.75µm
_11649_,883.44µm
_13844_,882.82µm
_08715_,882.61µm
_13867_,875.88µm
_06983_,868.935µm
_13868_,867.02µm
_13746_,865.01µm
_07228_,861.79µm
_06907_,859.415µm
_13877_,857.19µm
_13785_,856.9µm
_07026_,856.59µm
_13824_,851.98µm
_07040_,846.8µm
_07024_,838.165µm
_13716_,838.14µm
_07021_,829.105µm
_13866_,826.34µm
_12665_,825.47µm
_07800_,824.095µm
_07803_,818.165µm
_11883_,815.8µm
_13833_,810.06µm
clknet_6_0_0_clk_i_regs,809.945µm
_06818_,809.63µm
_06820_,804.46µm
_12316_,802.61µm
_13756_,796.97µm
_06909_,795.6µm
_13869_,793.555µm
_13834_,791.47µm
_13958_,787.05µm
_13734_,785.81µm
_07802_,785.52µm
clknet_6_10_0_clk_i_regs,783.42µm
_13827_,781.52µm
_13953_,780.49µm
_07028_,779.91µm
_13802_,774.79µm
_13745_,772.62µm
_12283_,771.1µm
_07030_,769.655µm
_13826_,766.87µm
_13860_,764.97µm
_13681_,762.9µm
_07932_,761.44µm
_13960_,755.36µm
_13955_,753.155µm
_13854_,751.7µm
_13709_,738.2µm
_13809_,733.79µm
_12315_,731.37µm
_06891_,720.595µm
_13793_,702.2µm
_13830_,701.77µm
_13782_,701.02µm
_12381_,700.655µm
_13755_,695.22µm
_13819_,694.45µm
_09707_,688.1µm
_13760_,687.51µm
_13832_,686.05µm
_07173_,685.64µm
_13799_,678.66µm
_13798_,676.38µm
_13722_,675.65µm
_06987_,673.9µm
u_accel.acc\[6\],673.16µm
_13849_,673.14µm
_13836_,670.65µm
_13775_,669.22µm
_13781_,663.375µm
_11159_,661.4µm
_07957_,660.95µm
_12717_,659.32µm
_07022_,658.6µm
_07172_,657.3µm
_08921_,654.96µm
_13754_,651.88µm
_09130_,650.495µm
_08572_,650.48µm
_13839_,643.82µm
_13749_,643.16µm
_12823_,635.51µm
_13845_,634.61µm
_07767_,631.61µm
_13864_,627.12µm
_13862_,625.94µm
clknet_3_4_0_clk_i_regs,622.74µm
_13792_,620.59µm
_13835_,611.64µm
_13741_,611.61µm
net24,611.2µm
_13759_,611.15µm
_13811_,608.59µm
clknet_0_clk_i_regs,607.42µm
_08499_,603.755µm
_06893_,602.19µm
_13794_,601.68µm
_08514_,601.125µm
clknet_1_0__leaf_clk_i,596.99µm
_13795_,595.59µm
_13842_,593.33µm
u_accel.acc\[4\],592.92µm
_13843_,592.82µm
_13723_,592.69µm
net18,592.13µm
_13763_,589.06µm
clknet_3_7_0_clk_i_regs,588.44µm
clknet_3_6_0_clk_i_regs,586.2µm
sram_addr\[7\],582.48µm
clknet_6_48_0_clk_i_regs,581.88µm
_13796_,580.32µm
_07476_,579.82µm
_13863_,573.21µm
_13815_,572.37µm
_10163_,572.1µm
clknet_3_3_0_clk_i_regs,572.09µm
_13773_,571.36µm
net10,571.22µm
_10655_,570.195µm
_08524_,569.75µm
u_accel.acc\[9\],566.64µm
net30,566.63µm
_13686_,564.565µm
clknet_3_5_0_clk_i_regs,564.51µm
_13784_,561.84µm
clknet_3_0_0_clk_i_regs,561.79µm
_12155_,557.09µm
u_accel.acc\[8\],554.31µm
_08742_,553.88µm
_13777_,553.07µm
_12153_,547.64µm
_13720_,546.54µm
net29,546.2µm
_13738_,545.905µm
_13804_,544.08µm
u_accel.acc\[5\],543.12µm
clknet_6_25_0_clk_i_regs,542.26µm
clknet_6_16_0_clk_i_regs,541.5µm
_13768_,541.2µm
_07321_,537.38µm
clknet_6_34_0_clk_i_regs,536.96µm
_13740_,533.375µm
_13747_,533.175µm
_13847_,530.76µm
sram_addr\[6\],528.84µm
sram_addr\[1\],528.48µm
sram_addr\[2\],528.48µm
_13838_,528.35µm
_08592_,528.14µm
u_accel.acc\[7\],527.29µm
clknet_6_53_0_clk_i_regs,527.16µm
clknet_6_44_0_clk_i_regs,526.2µm
_06971_,525.615µm
_13801_,524.53µm
_10379_,522.18µm
_13816_,521.905µm
_07854_,520.43µm
_08516_,519.195µm
_07043_,519.14µm
_12011_,516.6µm
_11043_,515.38µm
clknet_2_2_0_clk_i_regs,514.29µm
_08505_,513.855µm
_06972_,512.8µm
_07786_,512.71µm
_09099_,512.365µm
_13767_,511.16µm
clknet_6_27_0_clk_i_regs,507.87µm
_13821_,506.99µm
_07801_,506.78µm
_08606_,506.475µm
clknet_6_33_0_clk_i_regs,506.17µm
_06986_,502.94µm
_13791_,502.63µm
_13812_,502.54µm
_13810_,502.09µm
_13769_,499.33µm
u_accel.acc\[3\],497.88µm
clknet_6_18_0_clk_i_regs,497.24µm
_13850_,497.01µm
clknet_6_26_0_clk_i_regs,494.11µm
_13853_,490.3µm
_06822_,489.12µm
_07765_,486.12µm
_13846_,485.4µm
clknet_2_1_0_clk_i_regs,485.3µm
_08527_,483.82µm
clknet_3_2_0_clk_i_regs,482.51µm
_13787_,482.16µm
clknet_2_3_0_clk_i_regs,481.64µm
_08919_,480.1µm
sram_addr\[3\],478.56µm
_07051_,475.9µm
_14205_,474.935µm
u_accel.acc\[2\],474.79µm
clknet_6_31_0_clk_i_regs,472.78µm
_13752_,472.34µm
u_accel.acc\[10\],471.86µm
_13758_,471.58µm
clknet_6_54_0_clk_i_regs,470.88µm
clknet_6_32_0_clk_i_regs,469.32µm
net9,469.08µm
clknet_6_17_0_clk_i_regs,468.74µm
_07072_,465.41µm
_13825_,464.9µm
_07065_,464.49µm
_13879_,463.15µm
_09001_,461.08µm
_13786_,460.98µm
clknet_6_15_0_clk_i_regs,458.1µm
_13852_,457.98µm
_07048_,456.9µm
_08566_,455.59µm
_06975_,454.42µm
_08578_,453.935µm
clknet_6_28_0_clk_i_regs,452.81µm
_08563_,452.735µm
_13829_,452.21µm
axi_wdata_i[21],450.65µm
_00023_,450.2µm
_13861_,450.17µm
clknet_6_47_0_clk_i_regs,449.1µm
clknet_6_40_0_clk_i_regs,448.3µm
u_accel.st\[1\],447.28µm
net28,447.26µm
_13837_,446.48µm
_13765_,446.11µm
_10875_,445.84µm
clknet_3_1_0_clk_i_regs,445.56µm
clknet_6_29_0_clk_i_regs,445.52µm
sram_addr\[5\],445.435µm
_08480_,444.305µm
_08003_,443.92µm
_08602_,442.31µm
_11878_,441.94µm
_08600_,440.185µm
_08593_,438.035µm
clknet_6_24_0_clk_i_regs,437.54µm
_13856_,436.77µm
clknet_6_55_0_clk_i_regs,435.7µm
_08603_,435.38µm
clknet_6_4_0_clk_i_regs,434.58µm
_07554_,434.3µm
clknet_6_30_0_clk_i_regs,433.95µm
_08511_,433.815µm
axi_wdata_i[17],433.27µm
_08520_,430.155µm
_13790_,430.15µm
_13748_,429.76µm
clknet_6_43_0_clk_i_regs,428.66µm
_13859_,428.36µm
_13803_,426.99µm
sram_addr\[4\],424.08µm
_13750_,423.5µm
_10565_,421.88µm
_13783_,421.45µm
_13840_,420.955µm
_09705_,420.76µm
_08922_,419.92µm
clknet_6_37_0_clk_i_regs,419.71µm
clknet_6_57_0_clk_i_regs,419.52µm
_13800_,419.19µm
_06968_,418.6µm
_13728_,418.58µm
_12851_,418.54µm
net27,417.45µm
_07044_,417.22µm
clknet_6_39_0_clk_i_regs,416.095µm
clknet_6_58_0_clk_i_regs,413.66µm
u_accel.acc\[11\],413.64µm
_08587_,413.625µm
_11157_,413.5µm
axi_wdata_i[18],413.34µm
_13858_,412.1µm
_07027_,411.66µm
_08569_,410.46µm
u_accel.act_idx\[0\],408.82µm
_07054_,406.95µm
_13776_,406.86µm
_08531_,406.56µm
clknet_6_46_0_clk_i_regs,405.12µm
_13730_,403.76µm
clknet_6_19_0_clk_i_regs,403.46µm
_07025_,400µm
_08470_,399.135µm
clknet_6_7_0_clk_i_regs,398.66µm
_13818_,397.195µm
_13721_,395.77µm
clknet_6_56_0_clk_i_regs,393.92µm
u_accel.acc\[0\],392.9µm
_08583_,391.91µm
clknet_6_5_0_clk_i_regs,391.66µm
net25,391.32µm
axi_wdata_i[4],390.88µm
_07400_,389.86µm
_08552_,389.795µm
_13713_,389.75µm
_08550_,389.585µm
clknet_6_41_0_clk_i_regs,388.72µm
_07029_,388.28µm
_11355_,387.79µm
_07612_,386.99µm
_08553_,386.28µm
_08564_,386.14µm
_13712_,385.545µm
axi_wdata_i[14],384.72µm
_08595_,384.205µm
clknet_6_52_0_clk_i_regs,384.08µm
_13770_,383.08µm
axi_wdata_i[26],383.08µm
axi_wdata_i[25],382.65µm
u_accel.act_idx\[1\],380.75µm
_09886_,378.3µm
axi_sram_we,376.86µm
clknet_6_6_0_clk_i_regs,376.59µm
clknet_6_1_0_clk_i_regs,376.26µm
clknet_6_61_0_clk_i_regs,374.68µm
_13753_,374.62µm
clknet_2_0_0_clk_i_regs,374.13µm
_13778_,373.36µm
_08601_,372.32µm
u_accel.acc\[12\],372.26µm
axi_wdata_i[16],371.52µm
_13855_,370.97µm
clknet_6_45_0_clk_i_regs,370.93µm
clknet_6_13_0_clk_i_regs,370.64µm
_11560_,369.08µm
axi_wdata_i[6],367.23µm
_09247_,366.09µm
_12380_,365.92µm
_13751_,365.24µm
_13732_,364.79µm
_08554_,363.73µm
_07630_,362.73µm
_13772_,362.5µm
sram_wmask,362.03µm
axi_wdata_i[15],362.01µm
_09558_,361.64µm
_13766_,360.96µm
_08574_,360.37µm
_10132_,358.025µm
axi_wdata_i[22],358.01µm
_07174_,356.83µm
_09785_,355.76µm
u_accel.acc\[1\],355.12µm
_13805_,355.06µm
axi_wdata_i[10],352.42µm
_08714_,352.35µm
_13808_,350.8µm
axi_wdata_i[19],348.74µm
_09437_,348.4µm
axi_wdata_i[29],348.33µm
_07769_,347.9µm
u_accel.acc\[31\],346.68µm
_13789_,346.5µm
_11471_,344.28µm
axi_wdata_i[30],343.84µm
clknet_6_42_0_clk_i_regs,343.16µm
_07457_,341.95µm
_10507_,341.165µm
u_accel.acc\[13\],340.785µm
clknet_6_22_0_clk_i_regs,340.45µm
_06928_,340.08µm
clknet_6_49_0_clk_i_regs,338.6µm
_08493_,338.23µm
_13820_,338.075µm
_09979_,338.02µm
u_accel.acc\[14\],337.08µm
_08533_,335.91µm
_09802_,335.8µm
axi_wdata_i[12],334.78µm
clknet_6_35_0_clk_i_regs,333.06µm
axi_wdata_i[28],332.52µm
clknet_6_38_0_clk_i_regs,332.12µm
net22,330.88µm
clknet_6_3_0_clk_i_regs,330.81µm
axi_wdata_i[31],330.35µm
_13718_,330.24µm
_07041_,329.78µm
_07053_,329.66µm
_13813_,329.6µm
_00003_,329.38µm
net17,329.37µm
_13737_,328.8µm
clknet_6_14_0_clk_i_regs,328.76µm
_09322_,328.36µm
_07061_,327.96µm
_13788_,326.82µm
_07057_,325.83µm
_08485_,324.055µm
_13724_,322.215µm
_09813_,322.115µm
axi_wdata_i[20],322.02µm
_09362_,321.8µm
_13817_,319.23µm
net26,318.73µm
_07872_,317.57µm
_11775_,316.5µm
_11261_,315.78µm
_08677_,314.935µm
net3489,314.78µm
clknet_6_59_0_clk_i_regs,314.76µm
_08647_,312.72µm
_13719_,312.71µm
u_accel.acc\[17\],310.38µm
_13851_,309.12µm
_13828_,308.22µm
net16,308.2µm
_07437_,308.17µm
clknet_6_11_0_clk_i_regs,307.76µm
_07798_,307.15µm
_08598_,306.985µm
_09353_,306.9µm
_10537_,306.5µm
u_accel.acc\[24\],305.62µm
u_accel.acc\[15\],305.42µm
_07631_,305µm
_08508_,304.91µm
_07399_,303.51µm
clknet_6_62_0_clk_i_regs,303.06µm
_11277_,301.8µm
axi_wdata_i[24],300.64µm
clknet_6_50_0_clk_i_regs,300.28µm
u_accel.acc\[22\],299.83µm
axi_wdata_i[1],299.56µm
_11101_,298.54µm
_08558_,297.215µm
sram_addr\[0\],296.81µm
clknet_6_36_0_clk_i_regs,296.02µm
_12213_,295.46µm
_07781_,295.36µm
clknet_6_12_0_clk_i_regs,294.88µm
_08537_,294.735µm
_10252_,294.18µm
_11757_,292.9µm
_07244_,289.41µm
_10784_,289.29µm
clknet_6_51_0_clk_i_regs,289.02µm
u_accel.acc\[23\],288.93µm
_07194_,288.035µm
_08532_,287.685µm
_10273_,287.26µm
u_accel.acc\[19\],287.04µm
_09464_,286.52µm
_08538_,286.175µm
clknet_6_21_0_clk_i_regs,283.96µm
_13841_,283.955µm
_11280_,283.575µm
_08604_,283.415µm
_13727_,283.4µm
_08571_,281.23µm
net19,280.32µm
_10296_,280.28µm
net15,280.22µm
u_accel.acc\[18\],279.96µm
_08547_,279.695µm
_10480_,279.06µm
_13708_,278.9µm
_07176_,276.89µm
_07060_,275.82µm
clknet_6_9_0_clk_i_regs,275.76µm
_10073_,275.42µm
_12281_,273.33µm
_07136_,273.21µm
axi_wdata_i[0],272.92µm
axi_wdata_i[8],272.33µm
_07850_,272.28µm
_09041_,271.88µm
clknet_6_63_0_clk_i_regs,270.54µm
_13806_,269.8µm
axi_wdata_i[7],269.24µm
_11647_,269.04µm
u_accel.acc\[16\],268.34µm
u_accel.acc\[21\],267.46µm
_07849_,267.36µm
_07852_,266.88µm
_07056_,263.84µm
_07134_,263.83µm
_07283_,263.18µm
_09914_,263.12µm
u_accel.acc\[25\],262.86µm
_07853_,262.42µm
_11358_,262.3µm
u_accel.act_idx\[2\],261.59µm
d_rdata\[11\],261.36µm
axi_wdata_i[13],259.51µm
axi_wdata_i[23],259.47µm
_06978_,258.64µm
_08535_,257.435µm
_06977_,256.7µm
axi_wdata_i[27],256.1µm
_07722_,254.17µm
u_accel.acc\[20\],254µm
_06967_,253.82µm
axi_wdata_i[2],253.72µm
_13739_,253.38µm
_08859_,252.94µm
_10102_,252.34µm
_11779_,252.26µm
_09804_,250.64µm
clknet_6_60_0_clk_i_regs,250.62µm
_10109_,250.46µm
_12827_,249.4µm
_06910_,249.3µm
_11764_,248.12µm
_07764_,245.64µm
_07046_,245.38µm
_07071_,244.92µm
net20,244.86µm
_13774_,243.585µm
_07593_,242.62µm
_11443_,242.58µm
_07322_,242.44µm
_09160_,242.26µm
_09889_,241.74µm
_07340_,241.4µm
_07555_,240.92µm
_09002_,240.62µm
axi_awaddr_i[8],240.42µm
net14,239.72µm
_08544_,239.385µm
u_accel.st\[5\],239.08µm
_08526_,239.06µm
_11531_,238.86µm
_11243_,238.1µm
_07419_,237.92µm
_09588_,237.52µm
c_rdata\[24\],237.26µm
_07535_,236.56µm
_09366_,236.04µm
_09186_,235.995µm
_10275_,235.6µm
_06875_,235.445µm
_09987_,235.26µm
_08525_,234.79µm
_10449_,234.72µm
_10790_,234.64µm
axi_araddr_i[3],233.96µm
axi_wdata_i[5],233.33µm
axi_wdata_i[3],232.74µm
net12,231.65µm
axi_araddr_i[2],231.57µm
_11530_,231.04µm
_08443_,230.7µm
_11722_,230.32µm
_10766_,230.14µm
_08676_,230.04µm
_08589_,228.83µm
_07372_,228.76µm
net4,228.68µm
net21,228.34µm
_07741_,228.12µm
_07078_,227.8µm
d_rdata\[6\],226.64µm
_07083_,226.24µm
_10791_,225.86µm
_13771_,225.465µm
d_rdata\[10\],225.36µm
axi_awaddr_i[5],225.34µm
_07384_,224.38µm
_07059_,224.3µm
_07077_,224.15µm
_12096_,223.94µm
_07698_,223.8µm
_07879_,223.58µm
_10905_,223.48µm
_07142_,223.2µm
_13698_,222.9µm
_07795_,222.88µm
_07695_,222.41µm
_12216_,221.9µm
_14206_,221.3µm
_08419_,220.6µm
_09180_,220.6µm
_07151_,220.53µm
_09327_,220.3µm
_09019_,220.28µm
_07079_,219.22µm
_07449_,219.16µm
_12154_,218.64µm
_09188_,216.84µm
_08695_,216.44µm
_09323_,216.4µm
_08671_,216.38µm
_08173_,216.315µm
clknet_0_clk_i,215.96µm
net6,215.47µm
_07855_,215.345µm
_13688_,214.52µm
net8,214.46µm
_07175_,213.9µm
_12095_,213.66µm
u_accel.ox\[3\],213.62µm
_07138_,212.66µm
_08943_,212.45µm
_07847_,211.94µm
d_rdata\[7\],211.88µm
d_rdata\[9\],211.86µm
_10761_,210.92µm
_09761_,210.76µm
_11028_,210.54µm
_08507_,210.53µm
_09676_,210.1µm
_12279_,210µm
_10280_,209.98µm
_07220_,209.445µm
_09646_,209.28µm
u_accel.oy\[0\],208.72µm
u_accel.kx\[1\],208.46µm
clknet_6_23_0_clk_i_regs,208.34µm
_13731_,208.12µm
_08823_,207.94µm
_08607_,207.645µm
_13822_,207.28µm
_08801_,207.22µm
_08678_,207.2µm
_09780_,207.2µm
_07620_,207.09µm
_09790_,207.04µm
_13807_,207µm
_09370_,205.97µm
net151,205.9µm
_07447_,205.62µm
clknet_6_20_0_clk_i_regs,205.28µm
_07618_,205.22µm
_10557_,204.8µm
_07740_,203.92µm
_07120_,203.8µm
_07117_,203.66µm
_12265_,202.84µm
_07477_,202.64µm
_07091_,202.16µm
_10493_,202.16µm
_10297_,201.88µm
_13725_,201.44µm
_07181_,201.29µm
_10101_,200.5µm
_07160_,200.48µm
_07373_,200.2µm
_11820_,200.12µm
_07374_,199.84µm
_07448_,199.72µm
_08657_,199.62µm
_13857_,198.68µm
_14056_,198.42µm
u_accel.kx\[0\],198.38µm
_08471_,197.88µm
_07279_,197.8µm
_07450_,197.66µm
_09187_,197.6µm
_07326_,197.58µm
net3,197.58µm
_07153_,197.33µm
_07097_,197.1µm
_13736_,196.86µm
_10265_,196.3µm
_10015_,196.025µm
u_accel.actm\[86\]\[1\],196µm
_11479_,195.78µm
_07700_,195.37µm
_09173_,195.28µm
u_accel.oy\[1\],195.13µm
_07382_,194.86µm
_07146_,194.34µm
_14048_,194.16µm
_07680_,194.02µm
_08546_,193.62µm
_07482_,193.14µm
_07087_,192.79µm
_07080_,192.63µm
axi_awaddr_i[3],192.57µm
_07711_,192.38µm
_09441_,191.38µm
c_rdata\[28\],191.34µm
_07629_,191.22µm
_12060_,191.1µm
_10291_,191.08µm
_07103_,191µm
_09774_,190.73µm
_14155_,190.66µm
axi_wdata_i[9],190.58µm
_08585_,190.48µm
_07154_,190.39µm
_07478_,190.26µm
_10758_,190.2µm
u_accel.ox\[4\],190.08µm
_08739_,189.62µm
_07259_,189.42µm
_07148_,189.4µm
_08561_,189.03µm
_07488_,188.9µm
_07197_,188.66µm
_14081_,188.58µm
_07149_,188.14µm
net5,187.61µm
net2,187.6µm
_07341_,187.5µm
_07066_,187.3µm
_07575_,187.16µm
_07402_,187.02µm
_09755_,186.8µm
_08659_,186.65µm
_07055_,186.29µm
_14052_,186.16µm
_07696_,186.1µm
_07763_,185.74µm
_13823_,185.715µm
_07397_,185.58µm
_10873_,185.56µm
u_accel.acc\[26\],185.13µm
_07451_,185.1µm
_07650_,185.09µm
_07383_,185µm
_11421_,184.9µm
_08481_,184.88µm
_09696_,184.765µm
u_accel.oy\[2\],184.76µm
_07076_,184.5µm
_07702_,184.295µm
_07106_,183.74µm
_09355_,183.22µm
_07298_,183.21µm
_07088_,183.12µm
l_idx\[6\],183.02µm
_07627_,182.64µm
_07709_,182.16µm
_07360_,181.82µm
sram_web,181.82µm
_11521_,181.8µm
delaynet_1_clk_i,181.44µm
_07063_,181.32µm
_14060_,181.2µm
_07345_,180.94µm
net7,180.82µm
_07388_,180.46µm
_07453_,180.34µm
_07455_,180.26µm
_07619_,179.96µm
_07339_,179.87µm
u_accel.acc\[30\],179.86µm
_11385_,179.82µm
_07155_,179.6µm
delaynet_0_clk_i,179.16µm
_07206_,179.14µm
_07701_,179.12µm
_07496_,179.095µm
_07663_,179.09µm
_07389_,179µm
_07070_,178.895µm
_11995_,178.885µm
_11778_,178.64µm
u_csr.ctrl_q\[0\],178.54µm
_07075_,178.34µm
_13729_,178.2µm
_07583_,178.18µm
_07263_,178.14µm
_09754_,178.1µm
clknet_leaf_494_clk_i_regs,177.895µm
_07355_,177.76µm
_07219_,177.66µm
_08576_,177.535µm
_07128_,177.5µm
delaynet_2_clk_i,177.48µm
_10288_,177.41µm
_07697_,177.38µm
_07062_,177.33µm
_07710_,177.26µm
_11099_,177.105µm
_07179_,176.9µm
_12040_,176.84µm
_07732_,176.4µm
axi_wdata_i[11],176.32µm
_07386_,176.23µm
_07109_,176.06µm
_07121_,176.04µm
_11982_,175.96µm
_07294_,175.92µm
_07102_,175.54µm
_11248_,175.46µm
_07387_,175.42µm
_07662_,175.42µm
_09644_,175.38µm
_07371_,175.3µm
_07370_,175.14µm
_07604_,175.12µm
_07273_,174.84µm
_07338_,174.74µm
_07395_,174.64µm
_09610_,174.625µm
_07664_,174.52µm
_07428_,174.42µm
_06964_,174.33µm
_07098_,174.26µm
_09964_,174.11µm
_07712_,174.08µm
_08949_,174.08µm
_10293_,174.08µm
_07058_,174.03µm
_09637_,173.94µm
_14148_,173.86µm
_11102_,173.53µm
_14108_,173.42µm
_07351_,173.06µm
_06865_,172.82µm
_10651_,172.545µm
_09648_,172.49µm
_07672_,172.44µm
_07271_,171.57µm
_07586_,171.48µm
_07409_,171.44µm
_07090_,171.36µm
sram_csb,171.18µm
_07302_,171.16µm
_07331_,171.05µm
_07411_,171.04µm
_07661_,170.96µm
_09779_,170.92µm
u_accel.ii\[4\],170.785µm
_07454_,170.75µm
_07264_,170.59µm
_07515_,170.55µm
_07305_,170.54µm
_07414_,170.44µm
_07385_,170.18µm
_07416_,170.16µm
_09511_,170.14µm
_07574_,169.92µm
_07270_,169.81µm
_07096_,169.74µm
_07422_,169.7µm
d_rdata\[18\],169.66µm
_07132_,169.62µm
_07364_,169.62µm
_10749_,169.44µm
_07689_,169.3µm
_07516_,169.23µm
_08530_,169.205µm
_07161_,169µm
_07420_,168.96µm
_10403_,168.88µm
net13,168.68µm
_07466_,168.6µm
_07572_,168.6µm
_07717_,168.51µm
_09770_,168.36µm
_07728_,168.32µm
_07330_,168.28µm
_07413_,168.18µm
_07683_,168.18µm
_14073_,168.14µm
_10451_,168.1µm
_10786_,167.96µm
_07459_,167.9µm
_12251_,167.84µm
_07694_,167.82µm
_07085_,167.7µm
_07260_,167.54µm
_07655_,167.48µm
_11538_,167.38µm
_10465_,167.36µm
_07704_,167.31µm
_09482_,167.24µm
u_accel.acc\[27\],167.12µm
_07693_,166.94µm
_07278_,166.92µm
_11732_,166.9µm
_07118_,166.79µm
_12225_,166.72µm
_07596_,166.67µm
_12830_,166.66µm
_07410_,166.32µm
_07621_,166.26µm
_07347_,166.2µm
_07509_,166.2µm
u_accel.ii\[7\],166.06µm
_07485_,165.9µm
_13848_,165.88µm
_07381_,165.65µm
_08591_,165.59µm
_07306_,165.58µm
u_accel.ox\[5\],165.56µm
_07365_,165.4µm
axi_awaddr_i[2],165.38µm
_11580_,165.34µm
_07095_,165.32µm
_11057_,165.3µm
_07130_,165.11µm
_09794_,165.1µm
clknet_leaf_495_clk_i_regs,165.06µm
_07671_,165.04µm
_07481_,165µm
_11360_,164.99µm
_07262_,164.87µm
_07164_,164.76µm
_07530_,164.72µm
_12145_,164.7µm
_07724_,164.68µm
_07590_,164.64µm
_07591_,164.57µm
_07281_,164.54µm
_07600_,164.54µm
_07603_,164.22µm
_07510_,164.18µm
_07667_,163.99µm
_07491_,163.74µm
_07617_,163.62µm
_07606_,163.46µm
_07327_,163.4µm
_07369_,163.4µm
_07545_,163.3µm
_07272_,163.1µm
_07665_,163.1µm
_07296_,163.035µm
_10057_,163.02µm
_07475_,162.96µm
_07589_,162.96µm
_07329_,162.75µm
_11253_,162.65µm
_07405_,162.52µm
_07691_,162.52µm
_07245_,162.45µm
_11219_,162.44µm
_07506_,162.24µm
_14146_,162.24µm
_07546_,162.1µm
delaynet_3_clk_i,161.9µm
_11763_,161.8µm
_13962_,161.8µm
_07285_,161.75µm
_07267_,161.48µm
_07746_,161.4µm
_07464_,161.28µm
_08568_,161.075µm
_12210_,161.06µm
_07396_,160.92µm
_07256_,160.84µm
_07363_,160.6µm
_07512_,160.5µm
_07543_,160.38µm
_11486_,160.3µm
_08688_,160.08µm
_07346_,159.84µm
_09337_,159.64µm
_07615_,159.61µm
_07203_,159.45µm
_10157_,159.4µm
_08548_,159.325µm
_11876_,159.26µm
_07289_,159.255µm
_07167_,159.25µm
_07313_,159.14µm
_07580_,159µm
_07012_,158.98µm
_07729_,158.92µm
_08960_,158.78µm
_07332_,158.74µm
_07280_,158.58µm
_07549_,158.56µm
_07288_,158.48µm
_07398_,158.34µm
_10007_,158.34µm
_11470_,158.22µm
_08555_,158.185µm
_07751_,158.14µm
_07123_,158.04µm
_09888_,157.94µm
_07540_,157.86µm
_07706_,157.82µm
_07337_,157.72µm
_07282_,157.62µm
_07403_,157.62µm
_07675_,157.6µm
_12829_,157.48µm
_07286_,157.47µm
_07292_,157.34µm
_07394_,157.2µm
_07962_,157.12µm
_07581_,157.08µm
_07045_,157.06µm
_07129_,156.92µm
_07613_,156.82µm
_07406_,156.62µm
_07735_,156.58µm
_09565_,156.56µm
_07187_,156.54µm
_07723_,156.54µm
_11628_,156.28µm
_07699_,156.26µm
_11215_,155.95µm
_07378_,155.74µm
d_rdata\[16\],155.7µm
_07357_,155.62µm
u_accel.acc\[29\],155.62µm
_07452_,155.6µm
_11727_,155.52µm
_07100_,155.48µm
_07269_,155.48µm
_07602_,155.34µm
_07266_,155.22µm
_10623_,155.2µm
_13543_,155.14µm
_07246_,155.1µm
_07458_,155.1µm
_08580_,155.06µm
_07408_,154.96µm
_07438_,154.94µm
_07635_,154.86µm
_07404_,154.84µm
_07622_,154.84µm
_07099_,154.8µm
_07101_,154.795µm
_07287_,154.76µm
_10346_,154.7µm
_07539_,154.66µm
_07295_,154.62µm
_14064_,154.6µm
_07608_,154.58µm
_07494_,154.51µm
_07350_,154.4µm
_11246_,154.4µm
_08570_,154.32µm
_07446_,154.135µm
_07525_,154.12µm
_07261_,153.77µm
_07594_,153.77µm
_07521_,153.76µm
_07131_,153.72µm
_07686_,153.7µm
_07166_,153.64µm
_07705_,153.62µm
_09069_,153.58µm
_07336_,153.48µm
_07736_,153.46µm
_07356_,153.3µm
_10364_,153.24µm
_07379_,153.23µm
_07483_,153.18µm
_07304_,153.14µm
_07625_,153.14µm
_11872_,153.14µm
_07284_,153.115µm
_09891_,153.06µm
_09345_,153µm
_12101_,152.96µm
_11384_,152.76µm
_07679_,152.62µm
_07119_,152.54µm
_11156_,152.54µm
_07301_,152.48µm
_13362_,152.46µm
_07366_,152.36µm
_08517_,152.355µm
_07089_,152.22µm
_07758_,152.14µm
_07718_,152.1µm
_10259_,151.92µm
_09440_,151.86µm
_07248_,151.84µm
_12932_,151.76µm
_13452_,151.72µm
_07573_,151.52µm
_07333_,151.5µm
_07165_,151.48µm
_07258_,151.4µm
_07184_,151.34µm
_07139_,151.3µm
_07670_,151.3µm
_10594_,151.3µm
_07443_,151.26µm
_07610_,151.26µm
_07293_,151.25µm
_07660_,151.18µm
_07648_,151.04µm
_07368_,150.96µm
_07268_,150.95µm
_07375_,150.89µm
_07480_,150.89µm
_07643_,150.87µm
_07299_,150.86µm
_07524_,150.74µm
_07354_,150.6µm
_07137_,150.42µm
_08590_,150.36µm
_07587_,150.26µm
_07311_,150.14µm
_07380_,150.05µm
_07609_,149.96µm
_07359_,149.94µm
_07584_,149.92µm
_07303_,149.86µm
_07224_,149.82µm
_07541_,149.82µm
_07474_,149.78µm
_07213_,149.68µm
_09443_,149.54µm
_07348_,149.53µm
_07568_,149.48µm
_07731_,149.42µm
_07653_,149.32µm
_07726_,149.3µm
_07049_,149.255µm
_07597_,149.24µm
_07748_,149.2µm
_07592_,149.06µm
_13116_,149µm
_11719_,148.84µm
_11011_,148.8µm
_07147_,148.78µm
_07233_,148.77µm
_08627_,148.58µm
_07534_,148.48µm
_10773_,148.47µm
_07445_,148.16µm
_07755_,148.08µm
u_accel.ii\[5\],148.04µm
_07291_,147.98µm
_10880_,147.94µm
_07548_,147.9µm
_06939_,147.82µm
_07230_,147.735µm
_07719_,147.68µm
_07436_,147.66µm
_09527_,147.56µm
_07669_,147.545µm
_07687_,147.54µm
_11003_,147.5µm
_07277_,147.45µm
_14090_,147.34µm
_07314_,147.32µm
_07579_,147.24µm
ld_acc_addr\[6\],147.18µm
_10995_,147.14µm
_07393_,147.02µm
_07544_,146.92µm
_07566_,146.9µm
_07652_,146.88µm
_07611_,146.86µm
_07666_,146.81µm
_07237_,146.775µm
_07681_,146.76µm
_10984_,146.68µm
_07124_,146.62µm
_07463_,146.56µm
_07720_,146.52µm
_07526_,146.48µm
_12124_,146.38µm
_07727_,146.36µm
_07353_,146.34µm
_07377_,146.18µm
_07418_,146.06µm
_07567_,146.055µm
_09222_,146.04µm
_07221_,146.035µm
_07122_,145.98µm
_07086_,145.94µm
_07715_,145.9µm
_07605_,145.8µm
clknet_leaf_607_clk_i_regs,145.7µm
_07690_,145.64µm
_07432_,145.58µm
_07684_,145.52µm
_07242_,145.435µm
_07052_,145.42µm
_07753_,145.41µm
ld_acc_we,145.37µm
_07752_,145.3µm
_07274_,145.18µm
_07641_,145.08µm
_07265_,145.04µm
_08620_,145.02µm
_07112_,145µm
_09335_,144.96µm
_07064_,144.835µm
_07553_,144.79µm
_07582_,144.78µm
_07489_,144.77µm
_07465_,144.76µm
_07743_,144.72µm
_07479_,144.7µm
_07533_,144.69µm
_07424_,144.63µm
_07243_,144.59µm
_07412_,144.56µm
_07713_,144.46µm
_07744_,144.44µm
_07624_,144.38µm
_07461_,144.36µm
_07227_,144.185µm
_07760_,144.17µm
_11238_,144.1µm
_07647_,144.06µm
_07290_,144.05µm
_10295_,144.04µm
_07018_,143.96µm
_07367_,143.86µm
_07531_,143.82µm
_07390_,143.7µm
clknet_leaf_18_clk_i_regs,143.69µm
_07585_,143.66µm
_07739_,143.65µm
_07320_,143.64µm
_09005_,143.58µm
_07318_,143.42µm
_07323_,143.34µm
_07651_,143.22µm
_07956_,143.14µm
_07649_,143.12µm
_07501_,143.1µm
_07527_,143.06µm
_07325_,142.96µm
_10377_,142.94µm
_10262_,142.92µm
_10502_,142.86µm
_07456_,142.84µm
_11725_,142.8µm
_07247_,142.72µm
_07439_,142.66µm
_07216_,142.54µm
_07556_,142.5µm
_07657_,142.42µm
_08874_,142.4µm
_07108_,142.38µm
_07484_,142.38µm
_10593_,142.36µm
_07692_,142.22µm
_07158_,142.18µm
_07429_,142.08µm
_11461_,142.02µm
_07707_,141.98µm
_11014_,141.98µm
_08637_,141.94µm
net11,141.94µm
_10161_,141.84µm
_11136_,141.84µm
_10955_,141.82µm
_11848_,141.82µm
_07231_,141.77µm
_09179_,141.74µm
_07376_,141.64µm
_07159_,141.62µm
_07308_,141.52µm
_07756_,141.48µm
_07312_,141.46µm
_07522_,141.44µm
_07163_,141.3µm
_07716_,141.3µm
_07595_,141.24µm
_08545_,141.24µm
_07275_,141.19µm
_12218_,141.1µm
_07646_,141.06µm
_07547_,141µm
_07492_,140.82µm
_07157_,140.72µm
_08719_,140.64µm
_07508_,140.46µm
_07241_,140.44µm
_07577_,140.44µm
_07152_,140.35µm
_07495_,140.28µm
_07536_,140.28µm
_07358_,140.2µm
_07417_,140.2µm
_07315_,140.14µm
_07442_,140.14µm
_07511_,139.96µm
_07633_,139.955µm
_07636_,139.88µm
_07180_,139.86µm
_07759_,139.72µm
_07588_,139.68µm
_07725_,139.62µm
_07738_,139.62µm
_07050_,139.58µm
_07073_,139.58µm
_13814_,139.58µm
_10783_,139.54µm
_07014_,139.42µm
_07016_,139.41µm
_07601_,139.4µm
_07020_,139.34µm
_07250_,139.3µm
_07676_,139.2µm
_07144_,139.16µm
_07563_,139.16µm
_08729_,139.14µm
_07235_,139.1µm
_07427_,138.94µm
_07703_,138.86µm
l_idx\[4\],138.84µm
_07257_,138.835µm
_07502_,138.82µm
_07565_,138.68µm
_07297_,138.66µm
_11596_,138.6µm
_07431_,138.5µm
_07407_,138.45µm
_09697_,138.42µm
u_accel.acc\[28\],138.4µm
_07010_,138.36µm
_07678_,138.32µm
u_accel.busy_o,138.22µm
_10742_,138.2µm
_07487_,138.19µm
_07113_,137.92µm
_07310_,137.68µm
_07352_,137.65µm
_07234_,137.64µm
_07745_,137.64µm
_07467_,137.62µm
_07236_,137.56µm
_07538_,137.42µm
_07607_,137.38µm
_07642_,137.34µm
_10128_,137.34µm
_11034_,137.28µm
_07507_,137.12µm
_07558_,137.1µm
_08966_,137.1µm
_07493_,137.08µm
_10278_,136.9µm
_07253_,136.775µm
_11316_,136.74µm
_07599_,136.72µm
_07423_,136.7µm
_07125_,136.58µm
_07528_,136.56µm
_08800_,136.54µm
_13312_,136.54µm
_07255_,136.5µm
_08761_,136.5µm
_10404_,136.26µm
_07733_,136.2µm
_07193_,136.07µm
_07471_,136.04µm
_07532_,136.04µm
_07749_,136.02µm
_07638_,135.995µm
_07490_,135.9µm
_07440_,135.88µm
_07469_,135.81µm
_07110_,135.8µm
_07168_,135.76µm
_07685_,135.76µm
_07425_,135.6µm
_08444_,135.5µm
_07708_,135.33µm
_07212_,135.08µm
_07562_,135.08µm
_07561_,135.06µm
_14094_,135.06µm
_07107_,135.02µm
_07324_,134.98µm
_07415_,134.9µm
_07714_,134.84µm
_07673_,134.78µm
_07392_,134.76µm
_07654_,134.56µm
_14145_,134.54µm
_07232_,134.46µm
_07761_,134.36µm
_07335_,134.225µm
_07460_,134.16µm
clknet_leaf_680_clk_i_regs,134.06µm
_07462_,134.01µm
_07632_,134.01µm
_07551_,133.98µm
_12984_,133.84µm
_07523_,133.58µm
_11966_,133.525µm
_07754_,133.5µm
_07334_,133.42µm
_08845_,133.28µm
_12236_,133.2µm
_07470_,133.14µm
_07614_,133µm
_07254_,132.84µm
_07762_,132.8µm
_07391_,132.72µm
_07634_,132.7µm
_07251_,132.64µm
_07659_,132.48µm
clknet_leaf_500_clk_i_regs,132.26µm
u_accel.ii\[2\],132.25µm
_07249_,131.9µm
_09319_,131.82µm
_07238_,131.78µm
_07426_,131.76µm
_09829_,131.74µm
_12152_,131.74µm
_08599_,131.72µm
_07677_,131.62µm
_07252_,131.44µm
_11265_,131.44µm
_07433_,131.38µm
_13742_,131.37µm
_12151_,131.185µm
_07434_,131.14µm
_07656_,131.12µm
_07529_,131.1µm
_07519_,130.92µm
_09216_,130.6µm
_07239_,130.54µm
_07571_,130.52µm
_07564_,130.5µm
_07734_,130.5µm
_10496_,130.5µm
_09582_,130.4µm
_07276_,130.04µm
clknet_leaf_596_clk_i_regs,130.02µm
_07730_,129.96µm
_07307_,129.9µm
_09144_,129.86µm
_07084_,129.84µm
_07969_,129.84µm
_08838_,129.64µm
_09557_,129.6µm
_07190_,129.55µm
_07569_,129.3µm
_14204_,129.3µm
_10653_,129.22µm
_07737_,129.12µm
_13263_,129.12µm
_07658_,129.06µm
_07486_,128.85µm
clknet_leaf_666_clk_i_regs,128.84µm
_07537_,128.66µm
_07200_,128.42µm
_07344_,128.4µm
_07742_,128.4µm
_07503_,128.31µm
_07570_,128.28µm
_08513_,128.225µm
_07300_,128.1µm
_07074_,127.98µm
_09528_,127.84µm
_07421_,127.82µm
_09476_,127.76µm
_12261_,127.7µm
clknet_leaf_699_clk_i_regs,127.63µm
_08860_,127.58µm
u_accel.ii\[3\],127.58µm
_07645_,127.4µm
_07682_,127.38µm
_13677_,127.04µm
_07140_,126.715µm
clknet_leaf_524_clk_i_regs,126.68µm
clknet_leaf_214_clk_i_regs,126.64µm
_07441_,126.595µm
_07640_,126.38µm
_07559_,126.28µm
clknet_leaf_320_clk_i_regs,125.92µm
_10013_,125.865µm
_07498_,125.84µm
_12039_,125.7µm
_11257_,125.68µm
_10272_,125.38µm
axi_acc_wdata\[24\],125.28µm
_07240_,125.2µm
_07317_,125.18µm
clknet_leaf_131_clk_i_regs,125.18µm
_07513_,125.02µm
_07626_,125µm
_09025_,125µm
clknet_leaf_690_clk_i_regs,124.96µm
_07542_,124.88µm
axi_awaddr_i[4],124.83µm
_06905_,124.82µm
_10315_,124.82µm
sram_din\[12\],124.71µm
_07468_,124.7µm
_07435_,124.555µm
_07628_,124.46µm
clknet_leaf_473_clk_i_regs,124.23µm
_07361_,124.16µm
clknet_leaf_508_clk_i_regs,124.14µm
_07309_,124.06µm
_07343_,123.92µm
_14149_,123.86µm
_11114_,123.845µm
clknet_leaf_641_clk_i_regs,123.72µm
_07674_,123.58µm
_07668_,123.56µm
clknet_leaf_667_clk_i_regs,123.5µm
clknet_leaf_622_clk_i_regs,123.46µm
_07319_,123.44µm
_09750_,123.26µm
_07500_,123.1µm
_08442_,122.72µm
_09106_,122.7µm
_07750_,122.51µm
_08642_,122.36µm
_10931_,122.31µm
_07518_,122.2µm
_07430_,122.04µm
_10585_,121.965µm
_11736_,121.88µm
_09409_,121.8µm
_07444_,121.72µm
axi_acc_wdata\[28\],121.71µm
d_rdata\[14\],121.64µm
_07557_,121.62µm
u_accel.st\[4\],121.59µm
clknet_leaf_238_clk_i_regs,121.52µm
_07316_,121.46µm
_12235_,121.46µm
clknet_leaf_639_clk_i_regs,121.44µm
_07560_,121.42µm
clknet_leaf_204_clk_i_regs,121.28µm
_13401_,121.12µm
_11264_,120.98µm
_09067_,120.84µm
_07637_,120.82µm
_10572_,120.74µm
_09517_,120.64µm
_13692_,120.6µm
_07576_,120.56µm
_07639_,120.38µm
d_rdata\[13\],120.38µm
clknet_leaf_287_clk_i_regs,120.315µm
_08880_,120.04µm
_07401_,119.94µm
_08852_,119.66µm
clknet_leaf_276_clk_i_regs,119.61µm
clknet_leaf_92_clk_i_regs,119.44µm
_07550_,119.4µm
_10630_,119.4µm
_12148_,119.4µm
_11108_,119.39µm
clknet_leaf_63_clk_i_regs,119.35µm
clknet_leaf_78_clk_i_regs,119.2µm
clknet_leaf_352_clk_i_regs,119.04µm
clknet_leaf_503_clk_i_regs,119.02µm
clknet_leaf_707_clk_i_regs,118.96µm
clknet_leaf_566_clk_i_regs,118.82µm
_13495_,118.56µm
_07349_,118.52µm
_10642_,118.46µm
_07499_,118.42µm
_07757_,118.395µm
clknet_leaf_273_clk_i_regs,118.3µm
clknet_leaf_703_clk_i_regs,118.2µm
_08418_,118.14µm
clknet_leaf_213_clk_i_regs,118.1µm
_12882_,118.08µm
clknet_leaf_710_clk_i_regs,118.06µm
clknet_leaf_54_clk_i_regs,117.9µm
_12142_,117.72µm
_12088_,117.7µm
clknet_leaf_693_clk_i_regs,117.66µm
_11977_,117.36µm
_07989_,117.3µm
clknet_leaf_659_clk_i_regs,117.24µm
_12262_,117.2µm
_08174_,117.12µm
clknet_leaf_581_clk_i_regs,117.12µm
_07111_,116.94µm
clknet_leaf_679_clk_i_regs,116.82µm
_07747_,116.68µm
_14202_,116.68µm
clknet_leaf_577_clk_i_regs,116.4µm
_07520_,116.36µm
_12112_,116.34µm
clknet_leaf_635_clk_i_regs,116.34µm
d_rdata\[17\],116.32µm
clknet_leaf_711_clk_i_regs,116.27µm
clknet_leaf_104_clk_i_regs,116.26µm
_10768_,116.24µm
_12403_,116.14µm
clknet_leaf_264_clk_i_regs,116.11µm
_12699_,116.1µm
_07328_,116µm
_14026_,115.98µm
_09636_,115.96µm
clknet_leaf_629_clk_i_regs,115.88µm
_09529_,115.86µm
_12254_,115.84µm
_07133_,115.82µm
_11937_,115.77µm
_07473_,115.72µm
clknet_leaf_181_clk_i_regs,115.72µm
clknet_leaf_583_clk_i_regs,115.7µm
_07209_,115.68µm
_11491_,115.68µm
_06845_,115.52µm
_10027_,115.505µm
clknet_leaf_301_clk_i_regs,115.46µm
_07143_,115.44µm
_08661_,115.42µm
_11587_,115.36µm
_10746_,115.355µm
_11773_,115.22µm
clknet_leaf_123_clk_i_regs,115.02µm
_09749_,114.92µm
clknet_leaf_549_clk_i_regs,114.86µm
_08744_,114.82µm
clknet_leaf_515_clk_i_regs,114.82µm
clknet_leaf_373_clk_i_regs,114.78µm
_09415_,114.76µm
_10270_,114.74µm
clknet_leaf_179_clk_i_regs,114.58µm
axi_sram_addr\[2\],114.56µm
_10974_,114.5µm
_11364_,114.38µm
clknet_leaf_27_clk_i_regs,114.24µm
clknet_leaf_531_clk_i_regs,114.2µm
_12409_,114.1µm
clknet_leaf_110_clk_i_regs,114.06µm
_09524_,114.04µm
_11879_,114.04µm
_07514_,113.96µm
clknet_leaf_646_clk_i_regs,113.88µm
clknet_leaf_26_clk_i_regs,113.86µm
_14077_,113.8µm
_11726_,113.78µm
_09055_,113.68µm
axi_awaddr_i[6],113.68µm
clknet_leaf_16_clk_i_regs,113.64µm
_11466_,113.5µm
d_rdata\[0\],113.42µm
axi_acc_wdata\[15\],113.41µm
clknet_leaf_337_clk_i_regs,113.075µm
clknet_leaf_130_clk_i_regs,113µm
d_rdata\[12\],112.98µm
_10592_,112.96µm
_09445_,112.88µm
_11945_,112.86µm
clknet_leaf_272_clk_i_regs,112.7µm
_07135_,112.58µm
clknet_leaf_669_clk_i_regs,112.58µm
net6129,112.58µm
clknet_leaf_573_clk_i_regs,112.54µm
clknet_leaf_234_clk_i_regs,112.34µm
clknet_leaf_360_clk_i_regs,112.28µm
u_accel.kx\[2\],111.98µm
_13831_,111.93µm
_07505_,111.86µm
_10266_,111.86µm
clknet_leaf_201_clk_i_regs,111.82µm
clknet_leaf_649_clk_i_regs,111.8µm
clknet_leaf_459_clk_i_regs,111.74µm
_06816_,111.64µm
_09333_,111.6µm
_09645_,111.6µm
clknet_leaf_542_clk_i_regs,111.58µm
_09571_,111.42µm
_07472_,111.4µm
_11005_,111.22µm
clknet_leaf_24_clk_i_regs,111.2µm
_13743_,111.1µm
d_rdata\[15\],111.1µm
_07504_,111.08µm
clknet_leaf_705_clk_i_regs,110.98µm
_07688_,110.88µm
clknet_leaf_382_clk_i_regs,110.82µm
clknet_leaf_46_clk_i_regs,110.81µm
_07578_,110.76µm
_10550_,110.76µm
clknet_leaf_590_clk_i_regs,110.74µm
clknet_leaf_672_clk_i_regs,110.74µm
_13761_,110.56µm
_11158_,110.52µm
clknet_leaf_489_clk_i_regs,110.5µm
_10383_,110.4µm
clknet_leaf_456_clk_i_regs,110.3µm
clknet_leaf_242_clk_i_regs,110.28µm
_11420_,110.24µm
clknet_leaf_286_clk_i_regs,110.24µm
_09215_,110.185µm
clknet_leaf_478_clk_i_regs,109.98µm
clknet_leaf_539_clk_i_regs,109.8µm
_10581_,109.78µm
_10254_,109.74µm
clknet_leaf_121_clk_i_regs,109.6µm
_07623_,109.35µm
clknet_leaf_541_clk_i_regs,109.35µm
_07598_,109.31µm
clknet_leaf_702_clk_i_regs,109.3µm
clknet_leaf_285_clk_i_regs,109.2µm
clknet_leaf_529_clk_i_regs,109.2µm
clknet_leaf_90_clk_i_regs,109.16µm
clknet_leaf_634_clk_i_regs,109.1µm
_07721_,109.06µm
_09675_,109.04µm
_10162_,109.04µm
clknet_leaf_19_clk_i_regs,108.98µm
clknet_leaf_572_clk_i_regs,108.96µm
clknet_leaf_267_clk_i_regs,108.94µm
clknet_leaf_321_clk_i_regs,108.94µm
clknet_leaf_546_clk_i_regs,108.94µm
clknet_leaf_13_clk_i_regs,108.88µm
clknet_leaf_593_clk_i_regs,108.86µm
_14191_,108.84µm
clknet_leaf_457_clk_i_regs,108.84µm
_14098_,108.74µm
_10991_,108.7µm
_09248_,108.62µm
clknet_leaf_113_clk_i_regs,108.62µm
clknet_leaf_448_clk_i_regs,108.59µm
_10121_,108.4µm
_11254_,108.38µm
clknet_leaf_520_clk_i_regs,108.3µm
_11428_,108.24µm
clknet_leaf_640_clk_i_regs,108.18µm
_11303_,108.12µm
clknet_leaf_399_clk_i_regs,108.1µm
clknet_leaf_689_clk_i_regs,108.06µm
_08889_,107.96µm
clknet_leaf_232_clk_i_regs,107.86µm
clknet_leaf_296_clk_i_regs,107.86µm
clknet_leaf_393_clk_i_regs,107.84µm
clknet_leaf_133_clk_i_regs,107.68µm
clknet_leaf_262_clk_i_regs,107.58µm
clknet_leaf_86_clk_i_regs,107.56µm
clknet_leaf_263_clk_i_regs,107.435µm
clknet_leaf_582_clk_i_regs,107.42µm
clknet_leaf_567_clk_i_regs,107.4µm
_10792_,107.32µm
clknet_leaf_407_clk_i_regs,107.32µm
clknet_leaf_449_clk_i_regs,107.28µm
_07616_,107.26µm
clknet_leaf_421_clk_i_regs,107.24µm
clknet_leaf_563_clk_i_regs,107.24µm
clknet_leaf_602_clk_i_regs,107.2µm
_09788_,107.08µm
_09039_,107.065µm
_10086_,107.06µm
_07162_,107.05µm
clknet_leaf_678_clk_i_regs,107.02µm
clknet_leaf_254_clk_i_regs,106.98µm
clknet_leaf_266_clk_i_regs,106.88µm
clknet_leaf_302_clk_i_regs,106.88µm
clknet_leaf_422_clk_i_regs,106.88µm
clknet_leaf_509_clk_i_regs,106.76µm
clknet_leaf_465_clk_i_regs,106.735µm
clknet_leaf_6_clk_i_regs,106.66µm
clknet_leaf_255_clk_i_regs,106.6µm
clknet_leaf_673_clk_i_regs,106.59µm
clknet_leaf_237_clk_i_regs,106.54µm
clknet_leaf_349_clk_i_regs,106.54µm
clknet_leaf_704_clk_i_regs,106.535µm
clknet_leaf_323_clk_i_regs,106.52µm
_11351_,106.46µm
clknet_leaf_117_clk_i_regs,106.44µm
clknet_leaf_222_clk_i_regs,106.42µm
_07141_,106.28µm
clknet_leaf_502_clk_i_regs,106.26µm
_07145_,106.22µm
clknet_leaf_461_clk_i_regs,106.22µm
_11129_,106.14µm
clknet_leaf_433_clk_i_regs,106.12µm
_11939_,106.08µm
clknet_leaf_674_clk_i_regs,105.96µm
_08982_,105.9µm
clknet_leaf_139_clk_i_regs,105.9µm
clknet_leaf_354_clk_i_regs,105.88µm
clknet_leaf_431_clk_i_regs,105.88µm
clknet_leaf_338_clk_i_regs,105.86µm
clknet_leaf_304_clk_i_regs,105.8µm
clknet_leaf_167_clk_i_regs,105.78µm
clknet_leaf_243_clk_i_regs,105.77µm
_07644_,105.68µm
clknet_leaf_288_clk_i_regs,105.68µm
_11506_,105.64µm
clknet_leaf_333_clk_i_regs,105.64µm
clknet_leaf_606_clk_i_regs,105.58µm
_14189_,105.54µm
_10787_,105.38µm
clknet_leaf_518_clk_i_regs,105.34µm
_10108_,105.18µm
clknet_leaf_592_clk_i_regs,105.12µm
_08831_,105.06µm
clknet_leaf_648_clk_i_regs,105.06µm
clknet_1_1__leaf_clk_i,105.04µm
clknet_leaf_599_clk_i_regs,105.04µm
_08584_,104.885µm
clknet_leaf_380_clk_i_regs,104.8µm
_10948_,104.78µm
clknet_leaf_405_clk_i_regs,104.78µm
u_accel.kx\[4\],104.69µm
clknet_leaf_543_clk_i_regs,104.66µm
clknet_leaf_589_clk_i_regs,104.66µm
_09368_,104.58µm
_10876_,104.56µm
_10636_,104.54µm
_11743_,104.46µm
_08869_,104.44µm
clknet_leaf_193_clk_i_regs,104.28µm
clknet_leaf_463_clk_i_regs,104.28µm
_09882_,104.26µm
_12030_,104.165µm
clknet_leaf_17_clk_i_regs,104.12µm
clknet_leaf_134_clk_i_regs,104.12µm
clknet_leaf_269_clk_i_regs,104.12µm
_11648_,104.1µm
clknet_leaf_697_clk_i_regs,104.1µm
clknet_leaf_299_clk_i_regs,103.95µm
clknet_leaf_423_clk_i_regs,103.94µm
clknet_leaf_312_clk_i_regs,103.86µm
clknet_leaf_275_clk_i_regs,103.84µm
clknet_leaf_151_clk_i_regs,103.8µm
clknet_leaf_434_clk_i_regs,103.78µm
clknet_leaf_545_clk_i_regs,103.76µm
clknet_leaf_257_clk_i_regs,103.72µm
clknet_leaf_188_clk_i_regs,103.7µm
clknet_leaf_584_clk_i_regs,103.66µm
clknet_leaf_547_clk_i_regs,103.64µm
clknet_leaf_309_clk_i_regs,103.62µm
clknet_leaf_615_clk_i_regs,103.57µm
_07019_,103.54µm
clknet_leaf_375_clk_i_regs,103.54µm
clknet_leaf_116_clk_i_regs,103.48µm
clknet_leaf_339_clk_i_regs,103.43µm
clknet_leaf_562_clk_i_regs,103.4µm
clknet_leaf_91_clk_i_regs,103.38µm
clknet_leaf_522_clk_i_regs,103.37µm
_08916_,103.3µm
clknet_leaf_519_clk_i_regs,103.28µm
clknet_leaf_203_clk_i_regs,103.26µm
_10524_,103.18µm
_10967_,103.16µm
clknet_leaf_553_clk_i_regs,103.16µm
clknet_leaf_52_clk_i_regs,103.155µm
clknet_leaf_632_clk_i_regs,103.1µm
clknet_leaf_297_clk_i_regs,103.08µm
_07001_,103.06µm
clknet_leaf_329_clk_i_regs,103.02µm
_11127_,102.92µm
clknet_leaf_427_clk_i_regs,102.9µm
clknet_leaf_656_clk_i_regs,102.88µm
clknet_leaf_647_clk_i_regs,102.86µm
clknet_leaf_191_clk_i_regs,102.835µm
_09058_,102.8µm
clknet_leaf_491_clk_i_regs,102.8µm
clknet_leaf_74_clk_i_regs,102.76µm
clknet_leaf_578_clk_i_regs,102.72µm
clknet_leaf_551_clk_i_regs,102.7µm
_13074_,102.66µm
_10435_,102.62µm
clknet_leaf_643_clk_i_regs,102.62µm
_07552_,102.59µm
clknet_leaf_343_clk_i_regs,102.58µm
_10567_,102.54µm
clknet_leaf_316_clk_i_regs,102.53µm
clknet_leaf_630_clk_i_regs,102.5µm
clknet_leaf_645_clk_i_regs,102.5µm
clknet_leaf_595_clk_i_regs,102.48µm
_08896_,102.46µm
clknet_leaf_499_clk_i_regs,102.44µm
clknet_leaf_223_clk_i_regs,102.43µm
clknet_leaf_517_clk_i_regs,102.36µm
_09760_,102.32µm
clknet_leaf_284_clk_i_regs,102.32µm
clknet_leaf_675_clk_i_regs,102.28µm
_09126_,102.26µm
_09686_,102.22µm
clknet_leaf_202_clk_i_regs,102.18µm
clknet_leaf_598_clk_i_regs,102.18µm
_10040_,102.16µm
clknet_leaf_342_clk_i_regs,102.14µm
sram_din\[10\],102.09µm
clknet_leaf_588_clk_i_regs,102.08µm
clknet_leaf_388_clk_i_regs,102.04µm
clknet_leaf_424_clk_i_regs,102.04µm
_09232_,102µm
clknet_leaf_374_clk_i_regs,101.9µm
clknet_leaf_413_clk_i_regs,101.86µm
_10842_,101.82µm
clknet_leaf_579_clk_i_regs,101.82µm
clknet_leaf_197_clk_i_regs,101.76µm
_10954_,101.74µm
_11556_,101.72µm
clknet_leaf_392_clk_i_regs,101.66µm
_13994_,101.56µm
clknet_leaf_239_clk_i_regs,101.56µm
_09692_,101.54µm
_09549_,101.5µm
clknet_leaf_106_clk_i_regs,101.5µm
_08712_,101.48µm
clknet_leaf_611_clk_i_regs,101.48µm
clknet_leaf_279_clk_i_regs,101.46µm
clknet_leaf_395_clk_i_regs,101.46µm
clknet_leaf_498_clk_i_regs,101.46µm
clknet_leaf_501_clk_i_regs,101.44µm
clknet_leaf_212_clk_i_regs,101.36µm
clknet_leaf_568_clk_i_regs,101.28µm
clknet_leaf_580_clk_i_regs,101.2µm
clknet_leaf_135_clk_i_regs,101.16µm
clknet_leaf_420_clk_i_regs,101.14µm
l_idx\[5\],101.11µm
clknet_leaf_538_clk_i_regs,101.1µm
_08094_,101.08µm
clknet_leaf_620_clk_i_regs,101.06µm
_12106_,100.94µm
_11050_,100.92µm
clknet_leaf_12_clk_i_regs,100.9µm
clknet_leaf_290_clk_i_regs,100.9µm
clknet_leaf_616_clk_i_regs,100.82µm
clknet_leaf_85_clk_i_regs,100.78µm
clknet_leaf_458_clk_i_regs,100.78µm
clknet_leaf_292_clk_i_regs,100.68µm
clknet_leaf_464_clk_i_regs,100.66µm
clknet_leaf_576_clk_i_regs,100.66µm
clknet_leaf_451_clk_i_regs,100.64µm
clknet_leaf_470_clk_i_regs,100.64µm
clknet_leaf_681_clk_i_regs,100.64µm
clknet_leaf_528_clk_i_regs,100.6µm
_09157_,100.58µm
_11431_,100.58µm
clknet_leaf_390_clk_i_regs,100.58µm
clknet_leaf_682_clk_i_regs,100.5µm
_13715_,100.44µm
clknet_leaf_169_clk_i_regs,100.44µm
clknet_leaf_252_clk_i_regs,100.4µm
clknet_leaf_318_clk_i_regs,100.38µm
clknet_leaf_353_clk_i_regs,100.38µm
clknet_leaf_278_clk_i_regs,100.36µm
_08985_,100.34µm
clknet_leaf_208_clk_i_regs,100.325µm
_08754_,100.32µm
_14143_,100.32µm
_11450_,100.28µm
clknet_leaf_311_clk_i_regs,100.26µm
clknet_leaf_359_clk_i_regs,100.24µm
clknet_leaf_64_clk_i_regs,100.22µm
u_accel.kx\[3\],100.2µm
_07009_,100.18µm
clknet_leaf_378_clk_i_regs,100.02µm
clknet_leaf_513_clk_i_regs,99.96µm
clknet_leaf_194_clk_i_regs,99.94µm
clknet_leaf_205_clk_i_regs,99.92µm
_11448_,99.9µm
clknet_leaf_2_clk_i_regs,99.86µm
clknet_leaf_50_clk_i_regs,99.77µm
_07150_,99.74µm
clknet_leaf_658_clk_i_regs,99.74µm
clknet_leaf_619_clk_i_regs,99.68µm
clknet_leaf_638_clk_i_regs,99.68µm
_11882_,99.675µm
clknet_leaf_293_clk_i_regs,99.66µm
clknet_leaf_153_clk_i_regs,99.62µm
clknet_leaf_177_clk_i_regs,99.62µm
clknet_leaf_516_clk_i_regs,99.54µm
clknet_leaf_125_clk_i_regs,99.515µm
clknet_leaf_305_clk_i_regs,99.5µm
clknet_leaf_471_clk_i_regs,99.48µm
clknet_leaf_608_clk_i_regs,99.48µm
clknet_leaf_609_clk_i_regs,99.48µm
_09089_,99.44µm
axi_awaddr_i[9],99.44µm
_06956_,99.4µm
clknet_leaf_261_clk_i_regs,99.395µm
clknet_leaf_665_clk_i_regs,99.38µm
_08930_,99.36µm
clknet_leaf_677_clk_i_regs,99.32µm
_10130_,99.28µm
_10160_,99.24µm
clknet_leaf_475_clk_i_regs,99.22µm
clknet_leaf_504_clk_i_regs,99.185µm
clknet_leaf_493_clk_i_regs,99.175µm
_13779_,99.16µm
clknet_leaf_102_clk_i_regs,99.12µm
clknet_leaf_472_clk_i_regs,99.12µm
clknet_leaf_49_clk_i_regs,98.98µm
clknet_leaf_335_clk_i_regs,98.97µm
clknet_leaf_307_clk_i_regs,98.9µm
clknet_leaf_496_clk_i_regs,98.88µm
clknet_leaf_22_clk_i_regs,98.86µm
clknet_leaf_664_clk_i_regs,98.8µm
_08775_,98.78µm
clknet_leaf_163_clk_i_regs,98.78µm
_11256_,98.76µm
_12427_,98.72µm
clknet_leaf_240_clk_i_regs,98.68µm
clknet_leaf_8_clk_i_regs,98.64µm
clknet_leaf_537_clk_i_regs,98.64µm
clknet_leaf_558_clk_i_regs,98.64µm
clknet_leaf_23_clk_i_regs,98.6µm
clknet_leaf_308_clk_i_regs,98.6µm
clknet_leaf_525_clk_i_regs,98.54µm
clknet_leaf_79_clk_i_regs,98.52µm
clknet_leaf_446_clk_i_regs,98.52µm
clknet_leaf_251_clk_i_regs,98.46µm
_08674_,98.44µm
_11518_,98.38µm
_10521_,98.36µm
clknet_leaf_67_clk_i_regs,98.36µm
_08811_,98.34µm
u_csr.cycle_cnt_q\[4\],98.32µm
_12246_,98.3µm
_10152_,98.285µm
clknet_leaf_364_clk_i_regs,98.22µm
clknet_leaf_60_clk_i_regs,98.21µm
clknet_leaf_398_clk_i_regs,98.2µm
clknet_leaf_100_clk_i_regs,98.16µm
clknet_leaf_683_clk_i_regs,98.12µm
clknet_leaf_317_clk_i_regs,98.08µm
_09854_,97.96µm
clknet_leaf_80_clk_i_regs,97.92µm
clknet_leaf_480_clk_i_regs,97.92µm
_09369_,97.9µm
clknet_leaf_233_clk_i_regs,97.9µm
clknet_leaf_101_clk_i_regs,97.88µm
clknet_leaf_550_clk_i_regs,97.84µm
clknet_leaf_386_clk_i_regs,97.8µm
clknet_leaf_663_clk_i_regs,97.8µm
clknet_leaf_565_clk_i_regs,97.765µm
clknet_leaf_497_clk_i_regs,97.76µm
clknet_leaf_241_clk_i_regs,97.72µm
_09985_,97.68µm
clknet_leaf_226_clk_i_regs,97.68µm
clknet_leaf_661_clk_i_regs,97.68µm
clknet_leaf_77_clk_i_regs,97.62µm
_08923_,97.6µm
clknet_leaf_452_clk_i_regs,97.6µm
clknet_leaf_401_clk_i_regs,97.58µm
clknet_leaf_7_clk_i_regs,97.52µm
clknet_leaf_48_clk_i_regs,97.4µm
clknet_leaf_99_clk_i_regs,97.34µm
_07985_,97.28µm
_10139_,97.28µm
_07023_,97.26µm
_12658_,97.24µm
clknet_leaf_143_clk_i_regs,97.22µm
_08747_,97.2µm
_12575_,97.14µm
clknet_leaf_556_clk_i_regs,97.14µm
clknet_leaf_631_clk_i_regs,97.12µm
_11267_,97.08µm
clknet_leaf_161_clk_i_regs,97.08µm
_09950_,97.04µm
clknet_leaf_87_clk_i_regs,97.04µm
clknet_leaf_411_clk_i_regs,96.995µm
clknet_leaf_610_clk_i_regs,96.96µm
clknet_leaf_692_clk_i_regs,96.96µm
clknet_leaf_397_clk_i_regs,96.94µm
clknet_leaf_150_clk_i_regs,96.86µm
clknet_leaf_315_clk_i_regs,96.84µm
clknet_leaf_81_clk_i_regs,96.8µm
clknet_leaf_189_clk_i_regs,96.795µm
clknet_leaf_651_clk_i_regs,96.74µm
_09201_,96.7µm
clknet_leaf_527_clk_i_regs,96.7µm
clknet_leaf_199_clk_i_regs,96.65µm
c_rdata\[15\],96.64µm
_09018_,96.6µm
clknet_leaf_132_clk_i_regs,96.6µm
clknet_leaf_670_clk_i_regs,96.595µm
clknet_leaf_142_clk_i_regs,96.56µm
clknet_leaf_96_clk_i_regs,96.54µm
clknet_leaf_157_clk_i_regs,96.5µm
_08790_,96.48µm
clknet_leaf_371_clk_i_regs,96.36µm
clknet_leaf_119_clk_i_regs,96.28µm
clknet_leaf_506_clk_i_regs,96.28µm
clknet_leaf_534_clk_i_regs,96.28µm
clknet_leaf_623_clk_i_regs,96.18µm
_09227_,96.16µm
clknet_leaf_403_clk_i_regs,96.16µm
clknet_leaf_367_clk_i_regs,96.14µm
clknet_leaf_168_clk_i_regs,96.1µm
_07362_,96.05µm
_12037_,95.98µm
_11832_,95.96µm
clknet_leaf_445_clk_i_regs,95.96µm
_11086_,95.86µm
clknet_leaf_441_clk_i_regs,95.84µm
clknet_leaf_345_clk_i_regs,95.82µm
clknet_leaf_129_clk_i_regs,95.8µm
clknet_leaf_594_clk_i_regs,95.72µm
_10083_,95.68µm
_10827_,95.62µm
_11275_,95.6µm
clknet_leaf_253_clk_i_regs,95.6µm
clknet_leaf_336_clk_i_regs,95.5µm
_11584_,95.44µm
_10474_,95.42µm
clknet_leaf_370_clk_i_regs,95.42µm
_11110_,95.4µm
clknet_leaf_122_clk_i_regs,95.38µm
_09339_,95.34µm
clknet_leaf_344_clk_i_regs,95.34µm
clknet_leaf_625_clk_i_regs,95.335µm
clknet_leaf_510_clk_i_regs,95.32µm
clknet_leaf_300_clk_i_regs,95.3µm
clknet_leaf_391_clk_i_regs,95.26µm
_09076_,95.22µm
clknet_leaf_200_clk_i_regs,95.18µm
clknet_leaf_277_clk_i_regs,95.16µm
clknet_leaf_59_clk_i_regs,95.14µm
clknet_leaf_512_clk_i_regs,95.14µm
clknet_leaf_574_clk_i_regs,95.12µm
_10468_,95.1µm
clknet_leaf_21_clk_i_regs,95.08µm
clknet_leaf_708_clk_i_regs,95.08µm
clknet_leaf_156_clk_i_regs,95.06µm
clknet_leaf_439_clk_i_regs,95.06µm
clknet_leaf_363_clk_i_regs,95.02µm
clknet_leaf_244_clk_i_regs,94.96µm
clknet_leaf_14_clk_i_regs,94.94µm
clknet_leaf_75_clk_i_regs,94.88µm
clknet_leaf_414_clk_i_regs,94.86µm
clknet_leaf_260_clk_i_regs,94.85µm
clknet_leaf_166_clk_i_regs,94.82µm
_11582_,94.78µm
_12063_,94.78µm
_12068_,94.72µm
clknet_leaf_42_clk_i_regs,94.71µm
clknet_leaf_152_clk_i_regs,94.7µm
clknet_leaf_564_clk_i_regs,94.66µm
clknet_leaf_72_clk_i_regs,94.64µm
clknet_leaf_341_clk_i_regs,94.64µm
clknet_leaf_248_clk_i_regs,94.62µm
clknet_leaf_698_clk_i_regs,94.58µm
_10110_,94.56µm
clknet_leaf_444_clk_i_regs,94.54µm
_12014_,94.52µm
clknet_leaf_709_clk_i_regs,94.5µm
clknet_leaf_361_clk_i_regs,94.415µm
clknet_leaf_530_clk_i_regs,94.36µm
clknet_leaf_548_clk_i_regs,94.36µm
axi_awaddr_i[7],94.3µm
clknet_leaf_511_clk_i_regs,94.3µm
_11617_,94.24µm
clknet_leaf_218_clk_i_regs,94.24µm
clknet_leaf_39_clk_i_regs,94.22µm
clknet_leaf_250_clk_i_regs,94.22µm
_08621_,94.14µm
clknet_leaf_51_clk_i_regs,94.1µm
clknet_leaf_417_clk_i_regs,94.04µm
clknet_leaf_0_clk_i_regs,94.035µm
clknet_leaf_419_clk_i_regs,94.02µm
clknet_leaf_586_clk_i_regs,94.02µm
clknet_leaf_442_clk_i_regs,93.98µm
clknet_leaf_298_clk_i_regs,93.96µm
_09121_,93.92µm
clknet_leaf_409_clk_i_regs,93.88µm
clknet_leaf_271_clk_i_regs,93.78µm
clknet_leaf_557_clk_i_regs,93.74µm
clknet_leaf_11_clk_i_regs,93.7µm
clknet_leaf_569_clk_i_regs,93.7µm
_12027_,93.68µm
clknet_leaf_58_clk_i_regs,93.68µm
clknet_leaf_183_clk_i_regs,93.68µm
clknet_leaf_56_clk_i_regs,93.66µm
clknet_leaf_348_clk_i_regs,93.66µm
clknet_leaf_224_clk_i_regs,93.655µm
clknet_leaf_118_clk_i_regs,93.58µm
clknet_leaf_435_clk_i_regs,93.52µm
clknet_leaf_351_clk_i_regs,93.5µm
_10047_,93.48µm
clknet_leaf_289_clk_i_regs,93.44µm
clknet_leaf_406_clk_i_regs,93.4µm
_09771_,93.38µm
clknet_leaf_258_clk_i_regs,93.36µm
clknet_leaf_694_clk_i_regs,93.34µm
clknet_leaf_31_clk_i_regs,93.3µm
clknet_leaf_105_clk_i_regs,93.28µm
clknet_leaf_28_clk_i_regs,93.26µm
_09752_,93.22µm
l_idx\[2\],93.18µm
clknet_leaf_270_clk_i_regs,93.16µm
clknet_leaf_369_clk_i_regs,93.16µm
clknet_leaf_644_clk_i_regs,93.11µm
clknet_leaf_476_clk_i_regs,93.1µm
_11231_,93.06µm
clknet_leaf_111_clk_i_regs,93.05µm
_13689_,93.045µm
_11109_,93µm
_09977_,92.98µm
clknet_leaf_281_clk_i_regs,92.98µm
_09682_,92.96µm
_09073_,92.92µm
_11091_,92.845µm
clknet_leaf_20_clk_i_regs,92.8µm
clknet_leaf_485_clk_i_regs,92.8µm
clknet_leaf_614_clk_i_regs,92.78µm
_09243_,92.74µm
clknet_leaf_559_clk_i_regs,92.67µm
_12950_,92.62µm
clknet_leaf_416_clk_i_regs,92.62µm
clknet_leaf_483_clk_i_regs,92.62µm
clknet_leaf_536_clk_i_regs,92.6µm
_09847_,92.58µm
clknet_leaf_479_clk_i_regs,92.58µm
_06857_,92.56µm
_12034_,92.52µm
_10135_,92.5µm
clknet_leaf_171_clk_i_regs,92.5µm
_08660_,92.48µm
clknet_leaf_533_clk_i_regs,92.44µm
clknet_leaf_400_clk_i_regs,92.38µm
clknet_leaf_408_clk_i_regs,92.28µm
clknet_leaf_149_clk_i_regs,92.22µm
clknet_leaf_505_clk_i_regs,92.2µm
clknet_leaf_108_clk_i_regs,92.18µm
d_rdata\[22\],92.14µm
_12518_,92.08µm
clknet_leaf_469_clk_i_regs,92.04µm
clknet_leaf_38_clk_i_regs,92.02µm
_11478_,92µm
clknet_leaf_162_clk_i_regs,91.98µm
_08696_,91.96µm
clknet_leaf_365_clk_i_regs,91.94µm
clknet_leaf_256_clk_i_regs,91.9µm
clknet_leaf_481_clk_i_regs,91.82µm
clknet_leaf_280_clk_i_regs,91.8µm
clknet_leaf_571_clk_i_regs,91.8µm
clknet_leaf_437_clk_i_regs,91.76µm
clknet_leaf_62_clk_i_regs,91.74µm
clknet_leaf_514_clk_i_regs,91.74µm
clknet_leaf_396_clk_i_regs,91.67µm
clknet_leaf_324_clk_i_regs,91.62µm
clknet_leaf_492_clk_i_regs,91.62µm
_08623_,91.58µm
clknet_leaf_366_clk_i_regs,91.48µm
_00019_,91.4µm
clknet_leaf_575_clk_i_regs,91.36µm
clknet_leaf_57_clk_i_regs,91.34µm
clknet_leaf_114_clk_i_regs,91.28µm
clknet_leaf_425_clk_i_regs,91.28µm
clknet_leaf_192_clk_i_regs,91.27µm
clknet_leaf_362_clk_i_regs,91.26µm
clknet_leaf_384_clk_i_regs,91.26µm
_10016_,91.24µm
clknet_leaf_358_clk_i_regs,91.24µm
_09948_,91.2µm
_13142_,91.2µm
clknet_leaf_55_clk_i_regs,91.2µm
clknet_leaf_88_clk_i_regs,91.18µm
_12051_,91.16µm
clknet_leaf_144_clk_i_regs,91.16µm
clknet_leaf_612_clk_i_regs,91.16µm
clknet_leaf_685_clk_i_regs,91.16µm
clknet_leaf_89_clk_i_regs,91.04µm
axi_rdata_o[1],91µm
_07015_,90.98µm
_09217_,90.945µm
clknet_leaf_526_clk_i_regs,90.94µm
_11070_,90.92µm
clknet_leaf_714_clk_i_regs,90.92µm
clknet_leaf_265_clk_i_regs,90.9µm
clknet_leaf_655_clk_i_regs,90.9µm
clknet_leaf_701_clk_i_regs,90.88µm
_09078_,90.8µm
_11733_,90.8µm
clknet_leaf_467_clk_i_regs,90.8µm
_09756_,90.78µm
clknet_leaf_3_clk_i_regs,90.74µm
_11339_,90.7µm
clknet_leaf_671_clk_i_regs,90.68µm
clknet_leaf_372_clk_i_regs,90.64µm
clknet_leaf_95_clk_i_regs,90.62µm
_11625_,90.6µm
u_accel.ky\[1\],90.58µm
clknet_leaf_44_clk_i_regs,90.58µm
clknet_leaf_657_clk_i_regs,90.54µm
_10051_,90.48µm
clknet_leaf_93_clk_i_regs,90.48µm
clknet_leaf_220_clk_i_regs,90.48µm
clknet_leaf_334_clk_i_regs,90.46µm
clknet_leaf_165_clk_i_regs,90.4µm
_08917_,90.38µm
_08704_,90.32µm
clknet_leaf_115_clk_i_regs,90.32µm
clknet_leaf_184_clk_i_regs,90.28µm
clknet_leaf_688_clk_i_regs,90.25µm
clknet_leaf_695_clk_i_regs,90.215µm
clknet_leaf_379_clk_i_regs,90.2µm
clknet_leaf_387_clk_i_regs,90.14µm
clknet_leaf_544_clk_i_regs,90.12µm
clknet_leaf_684_clk_i_regs,90.1µm
clknet_leaf_591_clk_i_regs,90.08µm
clknet_leaf_36_clk_i_regs,90.06µm
clknet_leaf_247_clk_i_regs,90.06µm
_11957_,90.04µm
_08612_,90µm
u_csr.cycle_cnt_q\[6\],90µm
clknet_leaf_706_clk_i_regs,90µm
clknet_leaf_186_clk_i_regs,89.98µm
clknet_leaf_274_clk_i_regs,89.98µm
clknet_leaf_377_clk_i_regs,89.94µm
_08806_,89.88µm
_13733_,89.84µm
clknet_leaf_314_clk_i_regs,89.8µm
_10506_,89.78µm
_09653_,89.76µm
_10627_,89.76µm
clknet_leaf_235_clk_i_regs,89.74µm
clknet_leaf_215_clk_i_regs,89.72µm
clknet_leaf_5_clk_i_regs,89.68µm
clknet_leaf_652_clk_i_regs,89.64µm
clknet_leaf_126_clk_i_regs,89.6µm
_11427_,89.56µm
_09620_,89.525µm
clknet_leaf_43_clk_i_regs,89.52µm
clknet_leaf_455_clk_i_regs,89.44µm
clknet_leaf_488_clk_i_regs,89.4µm
_14023_,89.38µm
_14112_,89.38µm
clknet_leaf_328_clk_i_regs,89.34µm
clknet_leaf_436_clk_i_regs,89.28µm
clknet_leaf_466_clk_i_regs,89.26µm
clknet_leaf_660_clk_i_regs,89.22µm
_09070_,89.2µm
_08727_,89.12µm
clknet_leaf_450_clk_i_regs,89.1µm
clknet_leaf_37_clk_i_regs,89.06µm
clknet_leaf_555_clk_i_regs,89.035µm
clknet_leaf_460_clk_i_regs,88.94µm
clknet_leaf_355_clk_i_regs,88.925µm
_12121_,88.92µm
clknet_leaf_211_clk_i_regs,88.9µm
clknet_leaf_33_clk_i_regs,88.8µm
l_idx\[8\],88.78µm
clknet_leaf_196_clk_i_regs,88.78µm
clknet_leaf_474_clk_i_regs,88.76µm
clknet_leaf_172_clk_i_regs,88.71µm
clknet_leaf_249_clk_i_regs,88.68µm
_10070_,88.66µm
clknet_leaf_137_clk_i_regs,88.62µm
clknet_leaf_482_clk_i_regs,88.56µm
_12661_,88.42µm
clknet_leaf_230_clk_i_regs,88.42µm
clknet_leaf_601_clk_i_regs,88.42µm
clknet_leaf_84_clk_i_regs,88.38µm
clknet_leaf_621_clk_i_regs,88.38µm
_12602_,88.32µm
clknet_leaf_691_clk_i_regs,88.32µm
clknet_leaf_97_clk_i_regs,88.28µm
clknet_leaf_418_clk_i_regs,88.28µm
clknet_leaf_76_clk_i_regs,88.24µm
clknet_leaf_98_clk_i_regs,88.2µm
clknet_leaf_696_clk_i_regs,88.155µm
_13634_,88.14µm
_12581_,88.08µm
clknet_leaf_404_clk_i_regs,88.06µm
_10520_,88.02µm
clknet_leaf_429_clk_i_regs,87.98µm
clknet_leaf_628_clk_i_regs,87.92µm
clknet_leaf_447_clk_i_regs,87.9µm
_09487_,87.86µm
clknet_leaf_426_clk_i_regs,87.86µm
_09083_,87.84µm
clknet_leaf_176_clk_i_regs,87.8µm
clknet_leaf_350_clk_i_regs,87.78µm
clknet_leaf_9_clk_i_regs,87.76µm
clknet_leaf_383_clk_i_regs,87.75µm
_08422_,87.72µm
clknet_leaf_164_clk_i_regs,87.71µm
_11818_,87.7µm
clknet_leaf_227_clk_i_regs,87.64µm
clknet_leaf_521_clk_i_regs,87.6µm
clknet_leaf_540_clk_i_regs,87.54µm
_09109_,87.48µm
_14039_,87.48µm
clknet_leaf_107_clk_i_regs,87.48µm
clknet_leaf_221_clk_i_regs,87.48µm
_12228_,87.46µm
clknet_leaf_173_clk_i_regs,87.44µm
clknet_leaf_570_clk_i_regs,87.44µm
_07006_,87.42µm
clknet_leaf_654_clk_i_regs,87.36µm
clknet_leaf_32_clk_i_regs,87.34µm
_06937_,87.28µm
clknet_leaf_613_clk_i_regs,87.28µm
clknet_leaf_217_clk_i_regs,87.22µm
clknet_leaf_246_clk_i_regs,87.22µm
clknet_leaf_523_clk_i_regs,87.18µm
clknet_leaf_604_clk_i_regs,87.14µm
_07859_,87.12µm
clknet_leaf_325_clk_i_regs,87.115µm
_11244_,87.06µm
clknet_leaf_626_clk_i_regs,87µm
clknet_leaf_642_clk_i_regs,87µm
clknet_leaf_624_clk_i_regs,86.98µm
clknet_leaf_585_clk_i_regs,86.94µm
clknet_leaf_440_clk_i_regs,86.92µm
clknet_leaf_560_clk_i_regs,86.9µm
clknet_leaf_700_clk_i_regs,86.88µm
axi_rdata_o[16],86.86µm
clknet_leaf_94_clk_i_regs,86.855µm
_09152_,86.82µm
_13998_,86.8µm
clknet_leaf_174_clk_i_regs,86.72µm
_09363_,86.68µm
_11867_,86.68µm
clknet_leaf_70_clk_i_regs,86.64µm
clknet_leaf_637_clk_i_regs,86.62µm
_11804_,86.58µm
clknet_leaf_68_clk_i_regs,86.58µm
clknet_leaf_368_clk_i_regs,86.58µm
_12426_,86.54µm
_08421_,86.5µm
clknet_leaf_146_clk_i_regs,86.48µm
_08670_,86.44µm
clknet_leaf_245_clk_i_regs,86.44µm
clknet_leaf_291_clk_i_regs,86.38µm
clknet_leaf_216_clk_i_regs,86.22µm
clknet_leaf_662_clk_i_regs,86.18µm
clknet_leaf_30_clk_i_regs,86.12µm
_10044_,86.1µm
_14181_,86.1µm
_10789_,86.04µm
clknet_leaf_228_clk_i_regs,86.04µm
_12836_,86.01µm
_10395_,85.96µm
clknet_leaf_412_clk_i_regs,85.96µm
_09915_,85.94µm
_11737_,85.92µm
clknet_leaf_53_clk_i_regs,85.92µm
clknet_leaf_225_clk_i_regs,85.82µm
clknet_leaf_376_clk_i_regs,85.74µm
clknet_leaf_554_clk_i_regs,85.74µm
clknet_leaf_303_clk_i_regs,85.71µm
clknet_leaf_147_clk_i_regs,85.62µm
axi_rdata_o[11],85.54µm
_09096_,85.52µm
clknet_leaf_636_clk_i_regs,85.52µm
clknet_leaf_82_clk_i_regs,85.5µm
_11514_,85.48µm
_11641_,85.48µm
_11622_,85.44µm
_09357_,85.42µm
clknet_leaf_535_clk_i_regs,85.42µm
_10985_,85.3µm
clknet_leaf_282_clk_i_regs,85.3µm
clknet_leaf_295_clk_i_regs,85.28µm
clknet_leaf_231_clk_i_regs,85.26µm
clknet_leaf_600_clk_i_regs,85.2µm
_08737_,85.18µm
clknet_leaf_140_clk_i_regs,85.16µm
_11076_,85.14µm
c_rdata\[14\],85.12µm
clknet_leaf_160_clk_i_regs,85.02µm
_13917_,84.84µm
clknet_leaf_687_clk_i_regs,84.84µm
_08887_,84.82µm
clknet_leaf_468_clk_i_regs,84.78µm
_09662_,84.76µm
_09211_,84.68µm
_11829_,84.64µm
clknet_leaf_195_clk_i_regs,84.64µm
clknet_leaf_627_clk_i_regs,84.64µm
_12348_,84.55µm
clknet_leaf_159_clk_i_regs,84.55µm
clknet_leaf_650_clk_i_regs,84.54µm
clknet_leaf_207_clk_i_regs,84.48µm
clknet_leaf_45_clk_i_regs,84.46µm
clknet_leaf_617_clk_i_regs,84.44µm
_12760_,84.43µm
clknet_leaf_229_clk_i_regs,84.42µm
_10448_,84.34µm
clknet_leaf_41_clk_i_regs,84.34µm
_06855_,84.32µm
_10781_,84.26µm
clknet_leaf_40_clk_i_regs,84.26µm
clknet_leaf_532_clk_i_regs,84.16µm
_09699_,84.12µm
clknet_leaf_268_clk_i_regs,84.12µm
_13696_,84.1µm
_13865_,84.08µm
clknet_leaf_428_clk_i_regs,84.08µm
clknet_leaf_443_clk_i_regs,84.06µm
clknet_leaf_35_clk_i_regs,83.98µm
u_accel.oy\[3\],83.95µm
_08785_,83.86µm
_08633_,83.82µm
_09462_,83.76µm
_09998_,83.76µm
net6127,83.64µm
_08410_,83.62µm
_08849_,83.52µm
_11551_,83.505µm
clknet_leaf_313_clk_i_regs,83.42µm
clknet_leaf_686_clk_i_regs,83.38µm
_11020_,83.34µm
clknet_leaf_310_clk_i_regs,83.34µm
_10380_,83.28µm
axi_rdata_o[19],83.28µm
clknet_leaf_385_clk_i_regs,83.24µm
_12759_,83.18µm
clknet_leaf_410_clk_i_regs,83.16µm
clknet_leaf_180_clk_i_regs,83.12µm
_13270_,83µm
_10484_,82.96µm
_11224_,82.96µm
_11499_,82.88µm
_12313_,82.88µm
_08709_,82.82µm
_10866_,82.76µm
clknet_leaf_112_clk_i_regs,82.76µm
_07002_,82.68µm
clknet_leaf_154_clk_i_regs,82.66µm
clknet_leaf_618_clk_i_regs,82.64µm
clknet_leaf_138_clk_i_regs,82.52µm
_07877_,82.38µm
clknet_leaf_158_clk_i_regs,82.34µm
clknet_leaf_319_clk_i_regs,82.32µm
_12613_,82.24µm
clknet_leaf_120_clk_i_regs,82.24µm
clknet_leaf_326_clk_i_regs,82.16µm
clknet_leaf_552_clk_i_regs,82.14µm
clknet_leaf_347_clk_i_regs,82.125µm
_10540_,82.06µm
_09810_,81.92µm
clknet_leaf_190_clk_i_regs,81.86µm
clknet_leaf_47_clk_i_regs,81.82µm
clknet_leaf_346_clk_i_regs,81.82µm
_10983_,81.78µm
clknet_leaf_283_clk_i_regs,81.7µm
clknet_leaf_29_clk_i_regs,81.68µm
_12498_,81.62µm
_10556_,81.6µm
_10939_,81.5µm
_09340_,81.42µm
_11614_,81.42µm
clknet_leaf_61_clk_i_regs,81.4µm
_10328_,81.38µm
clknet_leaf_668_clk_i_regs,81.36µm
_08338_,81.27µm
clknet_leaf_198_clk_i_regs,81.2µm
clknet_leaf_206_clk_i_regs,81.14µm
_08843_,81.02µm
clknet_leaf_34_clk_i_regs,81.02µm
_12021_,80.96µm
_11824_,80.94µm
clknet_leaf_432_clk_i_regs,80.86µm
_10103_,80.8µm
_11085_,80.76µm
_06997_,80.68µm
_10527_,80.68µm
_10486_,80.66µm
clknet_leaf_332_clk_i_regs,80.65µm
clknet_leaf_25_clk_i_regs,80.64µm
d_rdata\[5\],80.58µm
u_accel.ky\[0\],80.52µm
_11746_,80.48µm
clknet_leaf_676_clk_i_regs,80.48µm
_06953_,80.46µm
_13913_,80.42µm
clknet_leaf_415_clk_i_regs,80.4µm
clknet_leaf_306_clk_i_regs,80.34µm
_12072_,80.26µm
clknet_leaf_15_clk_i_regs,80.24µm
_12136_,80.14µm
clknet_leaf_4_clk_i_regs,80.12µm
axi_rdata_o[12],80.1µm
u_csr.cycle_cnt_q\[9\],79.9µm
_11631_,79.76µm
_11573_,79.68µm
_10464_,79.5µm
clknet_leaf_340_clk_i_regs,79.48µm
clknet_leaf_462_clk_i_regs,79.48µm
_11353_,79.42µm
clknet_leaf_185_clk_i_regs,79.4µm
clknet_leaf_170_clk_i_regs,79.32µm
clknet_leaf_331_clk_i_regs,79.3µm
_08351_,79.24µm
_10530_,79.22µm
_11863_,79.08µm
_12017_,79.08µm
_06998_,78.96µm
_10560_,78.94µm
clknet_leaf_103_clk_i_regs,78.94µm
_11762_,78.84µm
clknet_leaf_633_clk_i_regs,78.84µm
_08908_,78.82µm
clknet_leaf_327_clk_i_regs,78.8µm
_10024_,78.72µm
clknet_leaf_402_clk_i_regs,78.65µm
_08289_,78.555µm
_09364_,78.46µm
_13797_,78.4µm
clknet_leaf_330_clk_i_regs,78.36µm
_12125_,78.34µm
clknet_leaf_83_clk_i_regs,78.32µm
clknet_leaf_1_clk_i_regs,78.18µm
_09237_,78.12µm
clknet_leaf_109_clk_i_regs,78.09µm
clknet_leaf_389_clk_i_regs,77.94µm
_11942_,77.88µm
clknet_leaf_178_clk_i_regs,77.84µm
_10936_,77.78µm
_06856_,77.74µm
_12601_,77.62µm
_10138_,77.58µm
u_accel.done_o,77.58µm
_11965_,77.505µm
_10949_,77.5µm
clknet_leaf_507_clk_i_regs,77.48µm
clknet_leaf_175_clk_i_regs,77.47µm
clknet_leaf_484_clk_i_regs,77.45µm
_10611_,77.42µm
_11357_,77.42µm
_09642_,77.32µm
_07342_,77.23µm
_09245_,77.14µm
_09165_,77.065µm
clknet_leaf_357_clk_i_regs,77.01µm
clknet_leaf_394_clk_i_regs,77µm
clknet_leaf_127_clk_i_regs,76.975µm
clknet_leaf_486_clk_i_regs,76.94µm
clknet_leaf_124_clk_i_regs,76.9µm
_07497_,76.86µm
_11890_,76.82µm
_12404_,76.68µm
clknet_leaf_713_clk_i_regs,76.66µm
_09764_,76.64µm
clknet_leaf_128_clk_i_regs,76.58µm
axi_acc_addr\[6\],76.52µm
clknet_leaf_210_clk_i_regs,76.5µm
_11951_,76.445µm
clknet_leaf_136_clk_i_regs,76.34µm
clknet_leaf_155_clk_i_regs,76.155µm
axi_araddr_i[4],76.08µm
_13001_,75.99µm
_11055_,75.98µm
_09746_,75.96µm
_10429_,75.9µm
_09669_,75.82µm
clknet_leaf_438_clk_i_regs,75.8µm
_11590_,75.78µm
_12492_,75.54µm
_07916_,75.52µm
_08353_,75.52µm
_08815_,75.52µm
_11929_,75.52µm
l_idx\[0\],75.48µm
_11739_,75.34µm
_09136_,75.3µm
_07955_,75.28µm
_12320_,75.12µm
clknet_leaf_219_clk_i_regs,75.12µm
_10032_,75.06µm
_12883_,75.06µm
_11570_,75.02µm
_12248_,75.02µm
_10428_,74.98µm
_08936_,74.96µm
_14031_,74.88µm
_10532_,74.82µm
_08796_,74.6µm
_11135_,74.6µm
_11958_,74.6µm
_09158_,74.58µm
clknet_leaf_453_clk_i_regs,74.54µm
_10099_,74.26µm
u_accel.ky\[24\],74.24µm
clknet_leaf_141_clk_i_regs,74.2µm
_10289_,74.16µm
axi_rdata_o[31],74.14µm
clknet_leaf_209_clk_i_regs,74.12µm
clknet_leaf_653_clk_i_regs,74.12µm
clknet_leaf_236_clk_i_regs,74µm
_10282_,73.98µm
clknet_leaf_322_clk_i_regs,73.92µm
_10178_,73.84µm
_08895_,73.8µm
_10147_,73.78µm
_09244_,73.605µm
_09436_,73.6µm
_09539_,73.56µm
_08195_,73.53µm
_10064_,73.485µm
_08124_,73.48µm
clknet_leaf_356_clk_i_regs,73.46µm
axi_rdata_o[17],73.44µm
_10169_,73.34µm
clknet_leaf_145_clk_i_regs,73.32µm
clknet_leaf_71_clk_i_regs,73.3µm
_10563_,73.255µm
_09835_,73.22µm
clknet_leaf_187_clk_i_regs,73.18µm
_09380_,73.08µm
_11981_,73.06µm
_06938_,72.9µm
_13693_,72.86µm
_08876_,72.78µm
_06844_,72.64µm
_12128_,72.64µm
_11021_,72.56µm
_06925_,72.4µm
_11040_,72.38µm
_09769_,72.34µm
d_rdata\[8\],72.33µm
_11772_,72.32µm
_09491_,72.3µm
_10400_,72.265µm
clknet_leaf_73_clk_i_regs,72.26µm
_09578_,72.22µm
_10460_,72.06µm
_11058_,71.92µm
_10186_,71.8µm
_09051_,71.76µm
_08302_,71.72µm
_10029_,71.7µm
_14110_,71.65µm
_11484_,71.64µm
clknet_leaf_561_clk_i_regs,71.58µm
_10597_,71.5µm
_08765_,71.48µm
_09942_,71.4µm
_07889_,71.35µm
_12750_,71.32µm
_09679_,71.24µm
clknet_leaf_381_clk_i_regs,71.16µm
_06965_,71.12µm
_13540_,71.1µm
_10978_,71.06µm
axi_rdata_o[0],71.06µm
_09159_,71µm
_09573_,70.96µm
_11801_,70.94µm
u_csr.cycle_cnt_q\[24\],70.94µm
_09054_,70.88µm
_10607_,70.84µm
_12116_,70.825µm
_11278_,70.78µm
_09892_,70.76µm
clknet_leaf_148_clk_i_regs,70.62µm
sram_din\[9\],70.57µm
_11565_,70.44µm
d_rdata\[24\],70.44µm
_13886_,70.34µm
_06839_,70.24µm
clknet_leaf_65_clk_i_regs,70.235µm
_08510_,70.215µm
_09751_,70.14µm
_08902_,70.12µm
clknet_leaf_259_clk_i_regs,70.12µm
_10151_,70.1µm
_10621_,70.06µm
_11844_,70.05µm
_09700_,70.04µm
_08751_,70µm
_09863_,70µm
_14101_,69.86µm
_12092_,69.84µm
_10350_,69.78µm
_07977_,69.68µm
_09970_,69.68µm
_09616_,69.62µm
c_rdata\[18\],69.62µm
_07913_,69.48µm
clknet_leaf_490_clk_i_regs,69.48µm
clknet_leaf_603_clk_i_regs,69.48µm
_10609_,69.44µm
_09586_,69.4µm
_11418_,69.4µm
_12816_,69.26µm
_11992_,69.2µm
clknet_leaf_182_clk_i_regs,69.07µm
_10756_,69.02µm
clknet_leaf_69_clk_i_regs,68.98µm
clknet_leaf_66_clk_i_regs,68.94µm
_11218_,68.9µm
_12249_,68.86µm
_06958_,68.72µm
_09949_,68.64µm
_11232_,68.5µm
u_csr.cycle_cnt_q\[8\],68.5µm
_08121_,68.42µm
_12898_,68.4µm
_09535_,68.36µm
_09971_,68.36µm
_11750_,68.36µm
clknet_leaf_712_clk_i_regs,68.3µm
_11606_,68.28µm
_12053_,68.28µm
_08829_,68.27µm
_11035_,68.16µm
d_rdata\[23\],68.04µm
_10079_,68.02µm
clknet_leaf_605_clk_i_regs,68.02µm
_06841_,67.88µm
u_csr.cycle_cnt_q\[3\],67.84µm
_08767_,67.82µm
_09101_,67.8µm
_11012_,67.765µm
_07915_,67.72µm
clknet_leaf_487_clk_i_regs,67.72µm
clknet_leaf_294_clk_i_regs,67.68µm
_10533_,67.6µm
_11440_,67.52µm
u_csr.cycle_cnt_q\[2\],67.52µm
_11971_,67.48µm
_09004_,67.34µm
_08814_,67.2µm
_13990_,67.2µm
_13986_,67.14µm
_12259_,67.06µm
_10142_,67.02µm
_10399_,67µm
_08760_,66.94µm
_09976_,66.94µm
_08723_,66.84µm
_11952_,66.745µm
_10754_,66.72µm
_13892_,66.695µm
_09561_,66.66µm
_11045_,66.6µm
clknet_leaf_477_clk_i_regs,66.6µm
_10760_,66.56µm
_12311_,66.52µm
axi_rdata_o[13],66.5µm
_09993_,66.34µm
axi_bready_i,66.28µm
_10117_,66.24µm
_07013_,66.14µm
_10106_,66.14µm
_08817_,65.98µm
_09704_,65.92µm
_12600_,65.8µm
_11523_,65.7µm
_11062_,65.6µm
_07986_,65.56µm
_08837_,65.52µm
_08977_,65.48µm
_11543_,65.42µm
_09941_,65.4µm
_07997_,65.36µm
_10041_,65.36µm
_11512_,65.36µm
_12002_,65.34µm
u_csr.cycle_cnt_q\[7\],65.26µm
_11123_,65.2µm
_12057_,65.2µm
_13210_,65.16µm
u_accel.ky\[2\],65.16µm
_10498_,65.105µm
_09044_,65.06µm
_09116_,64.94µm
_08630_,64.9µm
_09599_,64.9µm
_09870_,64.9µm
_07875_,64.84µm
_09878_,64.7µm
_11377_,64.7µm
_09629_,64.62µm
_11149_,64.6µm
_12622_,64.6µm
_08840_,64.52µm
_08382_,64.46µm
u_accel.ky\[3\],64.44µm
_11667_,64.34µm
_08399_,64.32µm
_08787_,64.28µm
_12209_,64.2µm
_12242_,64.2µm
_09905_,64.18µm
_08764_,64.16µm
_09972_,64.1µm
_10093_,63.985µm
_09613_,63.96µm
_11308_,63.9µm
_08656_,63.66µm
_10640_,63.64µm
_10645_,63.64µm
_10971_,63.6µm
_09170_,63.48µm
_12890_,63.44µm
u_accel.ox\[6\],63.39µm
_10748_,63.38µm
clknet_leaf_454_clk_i_regs,63.375µm
_07845_,63.28µm
_10603_,63.2µm
_13402_,63.18µm
_10894_,63.14µm
_13589_,63.14µm
_09579_,63.06µm
_09800_,62.98µm
_10539_,62.98µm
_07933_,62.96µm
axi_awaddr_i[21],62.78µm
_09085_,62.7µm
_11148_,62.625µm
u_accel.actm\[89\]\[4\],62.58µm
_10054_,62.4µm
_10775_,62.28µm
_12517_,62.22µm
u_accel.ox\[10\],62.22µm
clknet_leaf_597_clk_i_regs,62.08µm
_11948_,62.04µm
_11974_,62.04µm
_12683_,62µm
_09118_,61.98µm
_08830_,61.96µm
_09601_,61.86µm
_08618_,61.84µm
_11857_,61.72µm
_11474_,61.5µm
_09938_,61.46µm
_10085_,61.365µm
_11594_,61.28µm
_10423_,61.22µm
axi_rdata_o[10],61.1µm
u_accel.actm\[0\]\[0\],61.1µm
_09427_,61µm
d_rdata\[3\],60.98µm
_08809_,60.92µm
_09753_,60.9µm
_09155_,60.84µm
_08355_,60.78µm
_06854_,60.66µm
_10871_,60.6µm
_11092_,60.6µm
_10454_,60.54µm
_12078_,60.54µm
_13588_,60.54µm
_08662_,60.52µm
_11508_,60.48µm
_11311_,60.46µm
_11425_,60.36µm
_12418_,60.24µm
_09957_,60.18µm
_08027_,60.16µm
_08746_,60.16µm
_11839_,60.16µm
_06957_,60.12µm
_09934_,60.12µm
_09434_,60.08µm
_09595_,60.08µm
_07008_,60.06µm
c_rdata\[16\],60.02µm
_13687_,59.94µm
_11527_,59.88µm
c_rdata\[0\],59.88µm
_11961_,59.86µm
axi_awaddr_i[22],59.86µm
_12682_,59.82µm
_13319_,59.78µm
_10546_,59.68µm
l_idx\[1\],59.68µm
_10469_,59.64µm
_00018_,59.62µm
_12296_,59.62µm
_09684_,59.56µm
_10287_,59.56µm
_11255_,59.56µm
_12055_,59.56µm
_06837_,59.54µm
_08778_,59.54µm
_09145_,59.52µm
_10755_,59.5µm
c_rdata\[8\],59.48µm
_08624_,59.46µm
_10123_,59.38µm
_10509_,59.36µm
_11765_,59.32µm
_13587_,59.28µm
_08772_,59.22µm
sram_din\[23\],59.21µm
_11734_,59.2µm
_11637_,59.12µm
_11933_,59.04µm
axi_awaddr_i[20],58.99µm
_10982_,58.97µm
_10401_,58.94µm
_11054_,58.94µm
_12117_,58.94µm
_12895_,58.9µm
_13952_,58.9µm
_10489_,58.84µm
_14185_,58.72µm
_11510_,58.56µm
_12022_,58.56µm
_10785_,58.52µm
axi_acc_wdata\[26\],58.5µm
_09665_,58.48µm
_12938_,58.47µm
_11367_,58.46µm
_09627_,58.38µm
axi_acc_wdata\[18\],58.36µm
_11442_,58.3µm
_09688_,58.285µm
_12132_,58.28µm
_11027_,58.18µm
_11059_,58.12µm
net23,57.94µm
_11025_,57.9µm
u_csr.cycle_cnt_q\[23\],57.84µm
_11453_,57.82µm
_10299_,57.78µm
_08743_,57.74µm
_09956_,57.6µm
_11632_,57.6µm
_12090_,57.6µm
_14104_,57.6µm
_09413_,57.56µm
u_accel.actm\[0\]\[5\],57.52µm
_10114_,57.48µm
_11568_,57.48µm
_10548_,57.42µm
_12047_,57.42µm
_09172_,57.36µm
_10608_,57.32µm
_08512_,57.315µm
_09185_,57.265µm
_10812_,57.2µm
l_idx\[3\],57.195µm
axi_sram_wdata\[8\],57.13µm
clknet_leaf_587_clk_i_regs,57.1µm
_09912_,57.06µm
_11226_,57.06µm
_11949_,57.02µm
_11134_,57µm
_10879_,56.98µm
net6128,56.98µm
_08758_,56.96µm
u_accel.kx\[14\],56.96µm
_09147_,56.9µm
_11279_,56.86µm
_11097_,56.8µm
_09910_,56.74µm
u_accel.ky\[4\],56.72µm
_09622_,56.625µm
_09066_,56.48µm
u_accel.ox\[14\],56.34µm
_08799_,56.26µm
_13359_,56.25µm
_08665_,56.1µm
_10813_,56.08µm
_11554_,56.02µm
_08299_,56µm
_09472_,56µm
_10477_,55.985µm
_08861_,55.96µm
_09249_,55.84µm
_10009_,55.8µm
_11738_,55.78µm
_12036_,55.74µm
_11845_,55.72µm
_13449_,55.72µm
u_csr.cycle_cnt_q\[25\],55.6µm
_10508_,55.56µm
_14016_,55.52µm
_10355_,55.4µm
_08488_,55.395µm
_08672_,55.3µm
_12093_,55.225µm
_08786_,55.18µm
axi_acc_wdata\[25\],55.18µm
u_accel.kx\[15\],55.12µm
_12238_,55.06µm
_12074_,55.02µm
_13302_,54.98µm
_08863_,54.92µm
_11930_,54.88µm
_09848_,54.82µm
_12897_,54.82µm
_12465_,54.775µm
_10467_,54.76µm
_10143_,54.7µm
_09396_,54.68µm
_08357_,54.66µm
_14074_,54.62µm
_10445_,54.56µm
_09493_,54.55µm
_10993_,54.54µm
_13135_,54.5µm
_07011_,54.44µm
_11605_,54.42µm
_08981_,54.4µm
_10953_,54.38µm
_09997_,54.36µm
_13278_,54.32µm
_08069_,54.28µm
u_csr.cycle_cnt_q\[12\],54.28µm
_08614_,54.12µm
_10248_,54.1µm
_12009_,54µm
_07007_,53.94µm
_10516_,53.88µm
_08877_,53.84µm
_10771_,53.84µm
_11393_,53.82µm
axi_rdata_o[23],53.82µm
_08701_,53.76µm
_07891_,53.68µm
_10444_,53.66µm
_10940_,53.64µm
_09690_,53.62µm
clknet_leaf_10_clk_i_regs,53.54µm
_09125_,53.52µm
_09084_,53.46µm
_12085_,53.46µm
_08403_,53.44µm
_08881_,53.44µm
_11103_,53.42µm
_12135_,53.42µm
_12663_,53.42µm
u_accel.kx\[19\],53.4µm
_12378_,53.39µm
_06894_,53.38µm
_08360_,53.38µm
_10264_,53.38µm
_12954_,53.32µm
_10004_,53.24µm
_10159_,53.22µm
_09884_,53.16µm
u_accel.ky\[23\],53.14µm
_09057_,53.12µm
_09471_,53.1µm
_10071_,53.06µm
_13168_,52.96µm
axi_rdata_o[18],52.9µm
_10028_,52.84µm
l_idx\[7\],52.8µm
_11487_,52.76µm
u_csr.cycle_cnt_q\[21\],52.75µm
clknet_leaf_430_clk_i_regs,52.72µm
_13685_,52.68µm
_09349_,52.6µm
_10089_,52.54µm
_09321_,52.5µm
_11007_,52.5µm
_08907_,52.44µm
_07003_,52.28µm
u_accel.ky\[26\],51.96µm
_08358_,51.92µm
_09641_,51.92µm
d_rdata\[4\],51.92µm
u_csr.cycle_cnt_q\[14\],51.88µm
u_accel.kx\[23\],51.86µm
_09666_,51.8µm
_10251_,51.8µm
_11122_,51.8µm
u_accel.ky\[11\],51.74µm
_00022_,51.68µm
_13100_,51.5µm
_08378_,51.28µm
axi_sram_wdata\[30\],51.27µm
_11980_,51.26µm
_09556_,51.2µm
_12123_,51.16µm
_11973_,51.12µm
_11975_,51.12µm
_07851_,51.1µm
_09196_,51.1µm
_08750_,51.04µm
_09981_,51.04µm
_10001_,51.02µm
_08438_,50.98µm
_11124_,50.98µm
_10019_,50.96µm
_06930_,50.9µm
_11388_,50.88µm
_07017_,50.8µm
_08020_,50.72µm
_11533_,50.7µm
sram_din\[15\],50.69µm
_08973_,50.58µm
_09605_,50.56µm
sram_din\[14\],50.49µm
_10441_,50.47µm
_10519_,50.4µm
_06999_,50.28µm
_11593_,50.26µm
_09168_,50.2µm
_12031_,50.2µm
_09228_,50.18µm
_12114_,50.18µm
_12306_,50.18µm
_11090_,50.1µm
_10181_,50.08µm
_09219_,50.04µm
_10602_,50.02µm
_12094_,50.005µm
_10659_,49.96µm
_10942_,49.96µm
_11792_,49.88µm
_08834_,49.82µm
_11083_,49.76µm
_09940_,49.74µm
_10021_,49.7µm
_09851_,49.66µm
_11436_,49.66µm
_08697_,49.64µm
_10323_,49.64µm
_11934_,49.58µm
_11217_,49.48µm
_08091_,49.44µm
_10762_,49.42µm
_11152_,49.42µm
_11537_,49.42µm
_11996_,49.38µm
_12840_,49.38µm
_09463_,49.34µm
_08389_,49.32µm
_10752_,49.32µm
sram_din\[11\],49.31µm
_12770_,49.26µm
_09113_,49.245µm
_11967_,49.18µm
_09990_,49.02µm
_11444_,49µm
_11753_,48.94µm
_09105_,48.92µm
_10570_,48.92µm
_11315_,48.9µm
_09758_,48.86µm
u_accel.ox\[17\],48.82µm
axi_rdata_o[2],48.8µm
_08850_,48.765µm
_08807_,48.74µm
_11989_,48.74µm
_10255_,48.72µm
_09978_,48.68µm
_09630_,48.66µm
_10606_,48.56µm
_11579_,48.56µm
_07000_,48.54µm
_13174_,48.54µm
_10475_,48.48µm
_10650_,48.48µm
_10525_,48.44µm
_13357_,48.43µm
_09532_,48.42µm
u_accel.oy\[25\],48.39µm
_11541_,48.38µm
_11024_,48.34µm
_11988_,48.32µm
_08841_,48.28µm
_10554_,48.28µm
_11047_,48.28µm
net6110,48.22µm
_11777_,48.14µm
_13165_,48.1µm
_11623_,48.02µm
_08668_,47.94µm
_09466_,47.94µm
_11539_,47.94µm
_11268_,47.92µm
_13932_,47.9µm
_12356_,47.8µm
_11997_,47.76µm
_11724_,47.7µm
_11066_,47.66µm
_09782_,47.62µm
_11432_,47.56µm
c_rdata\[12\],47.56µm
_08885_,47.54µm
_09023_,47.52µm
axi_rdata_o[20],47.5µm
_08103_,47.48µm
_09553_,47.48µm
_11031_,47.48µm
_09080_,47.46µm
axi_rdata_o[8],47.46µm
u_accel.ox\[26\],47.46µm
u_accel.oy\[18\],47.46µm
axi_acc_region\[0\],47.32µm
_10487_,47.2µm
_09507_,47.18µm
_10481_,47.16µm
_10431_,47.12µm
_09318_,47.06µm
_09932_,47.02µm
_09526_,46.98µm
_11871_,46.96µm
_12439_,46.96µm
_09811_,46.94µm
_09638_,46.88µm
_11144_,46.86µm
_12432_,46.84µm
_09695_,46.82µm
_12350_,46.74µm
_10841_,46.7µm
_09784_,46.66µm
_10549_,46.66µm
_12064_,46.64µm
_09043_,46.62µm
_10127_,46.6µm
_12681_,46.6µm
_09519_,46.52µm
_11081_,46.48µm
_12019_,46.42µm
_11638_,46.405µm
_09518_,46.4µm
axi_sram_addr\[0\],46.33µm
_10006_,46.28µm
_09194_,46.26µm
_09315_,46.26µm
_12122_,46.26µm
_12266_,46.24µm
_12522_,46.18µm
_11067_,46.06µm
_09193_,46.02µm
_09593_,46.02µm
u_csr.cycle_cnt_q\[28\],46.02µm
_11735_,45.98µm
_10059_,45.96µm
_11602_,45.94µm
_09617_,45.8µm
_10410_,45.76µm
_12677_,45.71µm
u_accel.ky\[25\],45.66µm
_08683_,45.64µm
axi_sram_wdata\[29\],45.6µm
u_accel.ox\[12\],45.6µm
_11956_,45.48µm
_12103_,45.46µm
_06876_,45.4µm
_07910_,45.4µm
_12253_,45.4µm
_06882_,45.38µm
_08409_,45.34µm
_13080_,45.23µm
_11494_,45.18µm
_13068_,45.18µm
_14193_,45.18µm
_13403_,45.08µm
_07047_,45.075µm
_09027_,45.06µm
_11904_,45µm
_12339_,44.94µm
_09438_,44.92µm
_12003_,44.92µm
u_accel.ky\[28\],44.88µm
_11435_,44.8µm
axi_rdata_o[15],44.74µm
_09674_,44.72µm
_11968_,44.72µm
_10615_,44.66µm
_10494_,44.6µm
_12771_,44.6µm
u_accel.ky\[27\],44.595µm
_10253_,44.56µm
_07925_,44.54µm
_12738_,44.54µm
_09660_,44.46µm
u_csr.cycle_cnt_q\[10\],44.46µm
_11576_,44.44µm
u_accel.oy\[30\],44.44µm
_10750_,44.32µm
_13280_,44.29µm
_08848_,44.26µm
_11376_,44.26µm
_13695_,44.26µm
sram_dout\[0\],44.25µm
_12052_,44.225µm
_06889_,44.22µm
_06961_,44.14µm
_12338_,44.12µm
_09805_,44.04µm
_09014_,43.96µm
u_accel.kx\[30\],43.94µm
u_accel.kx\[31\],43.94µm
_08347_,43.92µm
_10796_,43.92µm
_09797_,43.9µm
_07005_,43.88µm
_10292_,43.86µm
_09235_,43.84µm
_12991_,43.83µm
u_accel.kx\[16\],43.82µm
_14047_,43.8µm
_11943_,43.74µm
_09502_,43.68µm
_08052_,43.66µm
_10075_,43.66µm
_11138_,43.64µm
_08453_,43.58µm
_06935_,43.56µm
_12702_,43.54µm
_10759_,43.5µm
_12491_,43.5µm
_12923_,43.5µm
_13726_,43.425µm
_08043_,43.42µm
_09793_,43.42µm
_09968_,43.42µm
_08088_,43.405µm
_08740_,43.38µm
_11093_,43.38µm
_11075_,43.36µm
_11610_,43.34µm
_10547_,43.3µm
_11481_,43.3µm
_08666_,43.28µm
_10035_,43.22µm
_12486_,43.2µm
u_accel.actm\[0\]\[7\],43.2µm
_11574_,43.18µm
axi_acc_wdata\[29\],43.18µm
_13125_,43.14µm
_12670_,43.12µm
_11927_,43.1µm
u_accel.ox\[28\],43.1µm
_10961_,43.06µm
_12276_,43µm
_10996_,42.96µm
_12314_,42.96µm
_09204_,42.94µm
_09963_,42.92µm
u_csr.cycle_cnt_q\[16\],42.9µm
_08713_,42.88µm
_11456_,42.86µm
_09238_,42.84µm
_11458_,42.84µm
d_st\[0\],42.84µm
_11511_,42.82µm
_09581_,42.78µm
_11155_,42.76µm
_12496_,42.74µm
u_csr.cycle_cnt_q\[15\],42.74µm
_13220_,42.64µm
_06936_,42.62µm
_10770_,42.62µm
_06842_,42.6µm
_07082_,42.54µm
_12107_,42.52µm
_09506_,42.48µm
_08651_,42.46µm
_11228_,42.46µm
_12257_,42.46µm
_10137_,42.42µm
_07004_,42.38µm
_08911_,42.38µm
_13934_,42.38µm
_09548_,42.36µm
_11098_,42.36µm
axi_rdata_o[21],42.36µm
axi_rdata_o[22],42.36µm
_12844_,42.3µm
_09618_,42.28µm
u_accel.oy\[21\],42.26µm
_08892_,42.24µm
_10782_,42.24µm
_07899_,42.22µm
_08883_,42.22µm
u_accel.ox\[27\],42.22µm
_13369_,42.18µm
_14002_,42.16µm
sram_din\[19\],42.07µm
_10903_,42.06µm
_11806_,42.04µm
_11191_,42.02µm
_10269_,42µm
_10528_,42µm
_13584_,42µm
_10511_,41.98µm
sram_dout\[1\],41.97µm
_09583_,41.96µm
u_accel.ky\[7\],41.96µm
_12087_,41.895µm
_09597_,41.84µm
_11517_,41.84µm
u_accel.ox\[11\],41.84µm
_06902_,41.78µm
c_rdata\[22\],41.78µm
_12466_,41.76µm
_08862_,41.7µm
_11288_,41.68µm
_09208_,41.66µm
_11465_,41.66µm
_11503_,41.64µm
_12598_,41.64µm
d_rdata\[26\],41.62µm
_10058_,41.58µm
_10964_,41.48µm
_13931_,41.46µm
_13056_,41.42µm
_08942_,41.4µm
_13298_,41.4µm
_08436_,41.36µm
sram_dout\[6\],41.19µm
_08955_,41.14µm
_09562_,41.14µm
_09929_,41.12µm
_10944_,41.04µm
_09759_,41.02µm
_08854_,40.98µm
sram_dout\[7\],40.96µm
_09624_,40.92µm
_09225_,40.86µm
_11742_,40.84µm
sram_din\[8\],40.83µm
_09951_,40.82µm
_13899_,40.82µm
_08610_,40.8µm
_09124_,40.8µm
_11216_,40.78µm
_11323_,40.76µm
_12227_,40.76µm
u_csr.cycle_cnt_q\[1\],40.76µm
_09960_,40.74µm
_10453_,40.7µm
_12812_,40.68µm
_12468_,40.66µm
_13307_,40.64µm
d_bvalid,40.585µm
_09812_,40.58µm
_11983_,40.58µm
_12532_,40.56µm
_13107_,40.56µm
axi_rdata_o[9],40.52µm
_08731_,40.48µm
_11247_,40.44µm
u_accel.actm\[115\]\[1\],40.44µm
_13389_,40.4µm
_13318_,40.38µm
_10847_,40.37µm
sram_din\[17\],40.33µm
_10587_,40.32µm
_07898_,40.24µm
_12638_,40.24µm
_13635_,40.24µm
_10893_,40.22µm
_14004_,40.22µm
_09961_,40.21µm
u_csr.cycle_cnt_q\[5\],40.18µm
_09500_,40.16µm
_12076_,40.08µm
axi_acc_wdata\[13\],40.08µm
_09902_,40µm
_10987_,40µm
u_accel.oy\[13\],39.96µm
_09090_,39.94µm
_09149_,39.92µm
_11064_,39.86µm
u_accel.ox\[23\],39.86µm
_09550_,39.84µm
_08147_,39.82µm
_08777_,39.82µm
_13478_,39.82µm
_12016_,39.795µm
_09489_,39.76µm
_11260_,39.76µm
_10551_,39.7µm
_12831_,39.64µm
_14012_,39.64µm
_08925_,39.62µm
_09651_,39.62µm
_13299_,39.62µm
_11080_,39.56µm
u_accel.oy\[22\],39.56µm
_12413_,39.54µm
_12592_,39.54µm
_06940_,39.52µm
_12375_,39.5µm
_12147_,39.48µm
_12129_,39.44µm
_06949_,39.42µm
_08890_,39.42µm
_09135_,39.4µm
_09166_,39.4µm
_12398_,39.4µm
_06942_,39.36µm
_08405_,39.36µm
_11646_,39.36µm
_13195_,39.32µm
_08851_,39.3µm
_12562_,39.3µm
axi_awready_o,39.24µm
_08901_,39.2µm
u_accel.ky\[17\],39.175µm
_09996_,39.16µm
u_accel.c\[2\],39.16µm
_11116_,39.14µm
_08613_,39.1µm
_08465_,39.06µm
_10927_,39.06µm
_11262_,39.06µm
_11740_,39.06µm
u_accel.ky\[12\],39.04µm
_09022_,38.98µm
_09787_,38.98µm
_11642_,38.96µm
_11203_,38.92µm
_12576_,38.9µm
_10191_,38.84µm
_08066_,38.82µm
_08904_,38.8µm
_09103_,38.76µm
u_accel.kx\[24\],38.76µm
_07904_,38.74µm
_13566_,38.72µm
_11502_,38.68µm
_11994_,38.625µm
_10928_,38.62µm
_11287_,38.6µm
_11480_,38.6µm
_12593_,38.5µm
_10088_,38.44µm
_10433_,38.44µm
_09162_,38.4µm
u_accel.ky\[16\],38.4µm
u_csr.cycle_cnt_q\[0\],38.4µm
_08957_,38.38µm
_10030_,38.38µm
_10598_,38.38µm
u_accel.oy\[9\],38.34µm
_08909_,38.32µm
_10120_,38.32µm
u_accel.oy\[14\],38.32µm
_08780_,38.22µm
_09589_,38.16µm
_08404_,38.14µm
_09141_,38.1µm
_09980_,38.1µm
_09623_,38.04µm
_11373_,38.04µm
_10965_,38.02µm
_08185_,38µm
_09504_,38µm
_09503_,37.985µm
_13334_,37.95µm
_08423_,37.94µm
_11143_,37.86µm
_12032_,37.86µm
u_accel.kx\[29\],37.86µm
_08245_,37.84µm
_14187_,37.82µm
_10558_,37.8µm
_10522_,37.76µm
_12537_,37.76µm
_12764_,37.76µm
_12889_,37.76µm
_08690_,37.7µm
_08935_,37.7µm
_08316_,37.68µm
_10472_,37.68µm
_11630_,37.665µm
u_accel.ky\[15\],37.64µm
u_accel.kx\[12\],37.62µm
u_csr.cycle_cnt_q\[20\],37.62µm
_14043_,37.6µm
u_accel.oy\[5\],37.59µm
_09036_,37.58µm
axi_sram_wdata\[31\],37.54µm
_09176_,37.52µm
_09791_,37.5µm
_08309_,37.48µm
_10504_,37.465µm
_10060_,37.46µm
_11270_,37.46µm
u_accel.oy\[23\],37.42µm
_09192_,37.4µm
_10914_,37.4µm
_13492_,37.4µm
_08768_,37.36µm
_09213_,37.34µm
_09671_,37.34µm
_11074_,37.34µm
_10045_,37.3µm
_10589_,37.3µm
_09093_,37.28µm
_13289_,37.24µm
_08631_,37.22µm
_11434_,37.2µm
u_accel.ky\[8\],37.18µm
u_accel.ox\[9\],37.18µm
_10017_,37.16µm
_10541_,37.1µm
_12322_,37.02µm
_09210_,37µm
_11810_,36.98µm
_11326_,36.96µm
u_accel.ox\[8\],36.94µm
_13187_,36.88µm
_10081_,36.84µm
_12736_,36.84µm
_13458_,36.8µm
_08733_,36.72µm
_13134_,36.7µm
_10363_,36.68µm
_12170_,36.68µm
u_accel.ky\[20\],36.64µm
_08100_,36.6µm
u_accel.kx\[20\],36.58µm
sram_din\[20\],36.57µm
_11451_,36.56µm
_13301_,36.56µm
_07105_,36.54µm
_10384_,36.54µm
_14107_,36.54µm
_10257_,36.48µm
u_accel.ox\[22\],36.48µm
_11788_,36.46µm
_13411_,36.46µm
_11240_,36.42µm
c_rdata\[3\],36.38µm
_08717_,36.3µm
_12008_,36.3µm
_13325_,36.3µm
_08910_,36.28µm
_10867_,36.28µm
_13340_,36.28µm
_08400_,36.24µm
_08872_,36.22µm
_10447_,36.21µm
u_accel.ox\[7\],36.2µm
_09545_,36.18µm
_10345_,36.18µm
_12310_,36.18µm
_09119_,36.14µm
_09795_,36.125µm
_11033_,36.105µm
_12172_,36.1µm
_14113_,36.075µm
_06836_,36.06µm
_07806_,36.06µm
_08898_,36.06µm
_10846_,36µm
_09108_,35.98µm
_10090_,35.94µm
_10126_,35.94µm
_10195_,35.94µm
_11653_,35.93µm
l_idx\[9\],35.92µm
_11104_,35.9µm
_13300_,35.9µm
sram_din\[24\],35.89µm
_13181_,35.88µm
_10788_,35.86µm
_10596_,35.84µm
u_accel.ox\[25\],35.84µm
_09689_,35.8µm
_12945_,35.8µm
_08440_,35.78µm
_06950_,35.74µm
u_accel.ox\[16\],35.68µm
u_accel.oy\[19\],35.68µm
u_csr.cycle_cnt_q\[18\],35.66µm
_10941_,35.64µm
_09992_,35.625µm
_11430_,35.6µm
_10260_,35.58µm
_08770_,35.5µm
_09576_,35.5µm
_09952_,35.5µm
_10337_,35.5µm
u_csr.cycle_cnt_q\[13\],35.5µm
_09845_,35.46µm
_12951_,35.42µm
_06974_,35.38µm
_10814_,35.34µm
l_idx\[13\],35.3µm
_10456_,35.265µm
_09234_,35.26µm
_09481_,35.26µm
_11633_,35.26µm
_12995_,35.26µm
_06922_,35.2µm
_14179_,35.18µm
_09030_,35.14µm
_09220_,35.14µm
u_accel.kx\[5\],35.1µm
_11463_,34.92µm
_08231_,34.88µm
_11317_,34.86µm
axi_rready_i,34.82µm
u_accel.ky\[29\],34.82µm
_10793_,34.8µm
_09534_,34.78µm
u_csr.input_addr_o\[11\],34.765µm
_13993_,34.76µm
axi_sram_wdata\[28\],34.76µm
sram_dout\[4\],34.75µm
_12349_,34.68µm
l_idx\[14\],34.68µm
_08152_,34.66µm
_08435_,34.64µm
u_accel.ox\[21\],34.64µm
_09552_,34.62µm
_13109_,34.58µm
_12399_,34.54µm
_08903_,34.52µm
_10614_,34.52µm
_11571_,34.5µm
u_csr.cycle_cnt_q\[11\],34.48µm
u_accel.oy\[24\],34.42µm
_09439_,34.38µm
u_accel.ox\[20\],34.36µm
_09577_,34.34µm
_11036_,34.34µm
_13465_,34.32µm
_07772_,34.28µm
_09146_,34.26µm
_12138_,34.26µm
_12612_,34.23µm
_09505_,34.18µm
_11546_,34.16µm
_13234_,34.16µm
_07896_,34.1µm
sram_din\[26\],34.09µm
_09418_,34.08µm
_08343_,34.06µm
_09354_,34.02µm
_07517_,33.98µm
_07768_,33.94µm
_08628_,33.94µm
u_accel.oy\[31\],33.94µm
_13662_,33.9µm
_13034_,33.86µm
_13471_,33.82µm
_12018_,33.8µm
_11169_,33.76µm
_06877_,33.74µm
_08944_,33.74µm
_08429_,33.7µm
_10769_,33.68µm
_13658_,33.68µm
axi_sram_wdata\[7\],33.62µm
_09988_,33.6µm
_06832_,33.54µm
_13896_,33.54µm
u_accel.actm\[37\]\[1\],33.52µm
_08650_,33.46µm
axi_acc_region\[1\],33.45µm
_07930_,33.44µm
u_accel.oy\[15\],33.42µm
_09045_,33.4µm
axi_rdata_o[5],33.4µm
d_rdata\[21\],33.4µm
_12318_,33.38µm
l_st\[0\],33.36µm
_11545_,33.34µm
_12150_,33.295µm
_06903_,33.26µm
_09908_,33.26µm
_09356_,33.24µm
_10947_,33.24µm
_12001_,33.22µm
_12071_,33.18µm
u_accel.ox\[24\],33.18µm
sram_din\[4\],33.17µm
_13944_,33.12µm
_09537_,33.08µm
_08987_,33.06µm
_10874_,33µm
_11718_,33µm
_10313_,32.955µm
_12948_,32.9µm
_14195_,32.9µm
u_accel.oy\[27\],32.9µm
_10566_,32.86µm
_12077_,32.84µm
_10122_,32.82µm
_12396_,32.8µm
_10631_,32.78µm
_10860_,32.78µm
_10934_,32.78µm
_07897_,32.77µm
_09224_,32.74µm
_10969_,32.74µm
_12252_,32.68µm
_08779_,32.64µm
_10926_,32.64µm
_09591_,32.62µm
_13507_,32.58µm
_11601_,32.575µm
_08682_,32.56µm
_09015_,32.56µm
_11233_,32.54µm
_12026_,32.54µm
_12848_,32.54µm
u_accel.ox\[18\],32.54µm
axi_rdata_o[30],32.52µm
u_accel.kx\[27\],32.5µm
u_accel.ky\[9\],32.5µm
_06848_,32.48µm
_09367_,32.48µm
_08395_,32.46µm
_13044_,32.455µm
_11802_,32.445µm
sram_din\[7\],32.43µm
u_csr.cycle_cnt_q\[17\],32.42µm
u_accel.ky\[18\],32.4µm
_10372_,32.38µm
_09542_,32.34µm
_10901_,32.34µm
_12012_,32.34µm
_13982_,32.32µm
u_accel.oy\[20\],32.3µm
_14159_,32.28µm
_12625_,32.26µm
axi_arvalid_i,32.24µm
_09543_,32.22µm
_11652_,32.14µm
_08359_,32.12µm
_10884_,32.12µm
_08413_,32.1µm
_09360_,32.08µm
_10256_,32.08µm
_10834_,32.08µm
_11984_,32.08µm
_09214_,32.06µm
_11341_,32.06µm
_12552_,32.02µm
_08692_,32µm
_06883_,31.96µm
_08721_,31.96µm
u_accel.kx\[26\],31.96µm
axi_rdata_o[27],31.94µm
_13400_,31.92µm
_12726_,31.915µm
_11371_,31.9µm
_07876_,31.86µm
_11467_,31.86µm
_13310_,31.84µm
_06838_,31.82µm
_12387_,31.8µm
_10976_,31.78µm
_07782_,31.76µm
u_accel.kx\[17\],31.76µm
_08853_,31.74µm
_10038_,31.72µm
_06858_,31.68µm
_10620_,31.62µm
_08871_,31.6µm
_12822_,31.56µm
_07171_,31.54µm
_10639_,31.54µm
_12043_,31.54µm
_13591_,31.54µm
_12852_,31.5µm
_13889_,31.5µm
_09035_,31.46µm
_10261_,31.46µm
_12286_,31.46µm
_13151_,31.44µm
_13717_,31.4µm
_08071_,31.38µm
_08139_,31.38µm
_11242_,31.38µm
u_accel.ox\[19\],31.36µm
_11817_,31.34µm
_13581_,31.3µm
l_idx\[11\],31.28µm
_06945_,31.26µm
d_rvalid,31.24µm
_07944_,31.22µm
_11459_,31.2µm
_11475_,31.2µm
_11488_,31.14µm
_08056_,31.12µm
_12105_,31.08µm
_09026_,31µm
_09904_,30.98µm
_11071_,30.98µm
_09498_,30.95µm
_12878_,30.94µm
_10140_,30.92µm
_08434_,30.9µm
_12653_,30.9µm
_08318_,30.875µm
_12294_,30.84µm
_12391_,30.84µm
u_accel.actm\[109\]\[7\],30.84µm
u_accel.ky\[19\],30.8µm
_08105_,30.74µm
_08319_,30.74µm
_14157_,30.74µm
_08340_,30.7µm
axi_bvalid_o,30.68µm
_06840_,30.66µm
c_rdata\[7\],30.66µm
_06979_,30.63µm
_09792_,30.62µm
_13211_,30.58µm
_08390_,30.56µm
u_accel.oy\[4\],30.55µm
sram_din\[0\],30.51µm
_09075_,30.445µm
u_accel.ox\[29\],30.44µm
_13011_,30.4µm
_12832_,30.38µm
_11564_,30.34µm
u_accel.actm\[68\]\[1\],30.32µm
_07993_,30.28µm
_09656_,30.28µm
_11204_,30.28µm
_13071_,30.28µm
_09536_,30.26µm
_10900_,30.185µm
_11019_,30.18µm
_13978_,30.18µm
_07959_,30.16µm
_10438_,30.16µm
_10634_,30.16µm
_13260_,30.16µm
_11306_,30.14µm
_11356_,30.1µm
_12377_,30.1µm
_13028_,30.1µm
_10743_,30.08µm
u_accel.ky\[21\],30.08µm
_07984_,30.06µm
_08089_,30.06µm
_12835_,30.04µm
u_accel.oy\[29\],30.04µm
_13324_,30µm
_13436_,30µm
_14022_,30µm
_10577_,29.925µm
_11599_,29.92µm
_11838_,29.91µm
_13150_,29.88µm
u_csr.cycle_cnt_q\[26\],29.88µm
_12564_,29.865µm
u_accel.ky\[30\],29.86µm
u_accel.oy\[17\],29.84µm
_07870_,29.82µm
_12061_,29.82µm
_13227_,29.78µm
_10310_,29.76µm
_12108_,29.745µm
_08278_,29.74µm
_08705_,29.74µm
_11910_,29.74µm
_08783_,29.7µm
_10164_,29.7µm
sram_din\[18\],29.69µm
_11131_,29.64µm
_00021_,29.6µm
_11415_,29.6µm
u_accel.actm\[14\]\[7\],29.58µm
_08386_,29.56µm
_12509_,29.55µm
_07881_,29.54µm
_09698_,29.52µm
_06924_,29.5µm
_10076_,29.5µm
d_rdata\[25\],29.48µm
_08824_,29.44µm
_14014_,29.44µm
_12421_,29.42µm
_08268_,29.4µm
_08352_,29.4µm
_13378_,29.4µm
u_accel.kx\[6\],29.4µm
_11106_,29.36µm
_13023_,29.36µm
u_accel.actm\[14\]\[5\],29.36µm
_12354_,29.34µm
axi_acc_addr\[5\],29.34µm
_07892_,29.33µm
_09967_,29.3µm
_10838_,29.26µm
u_accel.kx\[10\],29.26µm
_11717_,29.24µm
_13243_,29.24µm
_11626_,29.22µm
_09598_,29.18µm
_10324_,29.16µm
_10153_,29.14µm
_10583_,29.02µm
u_accel.kx\[22\],29.02µm
_11485_,28.98µm
_08232_,28.94µm
c_rvalid,28.94µm
_10023_,28.9µm
_10197_,28.9µm
_10753_,28.9µm
_12438_,28.9µm
_13514_,28.9µm
_12457_,28.88µm
u_accel.c\[4\],28.86µm
_08384_,28.84µm
_10011_,28.82µm
u_accel.actm\[21\]\[1\],28.82µm
_14105_,28.74µm
_13997_,28.72µm
_09513_,28.7µm
_08634_,28.68µm
_09559_,28.68µm
_10240_,28.62µm
_11121_,28.62µm
_08619_,28.6µm
_08997_,28.6µm
_12389_,28.6µm
_06981_,28.56µm
_09029_,28.56µm
_08847_,28.52µm
_09064_,28.52µm
_08068_,28.48µm
_10010_,28.48µm
_10182_,28.46µm
axi_arready_o,28.46µm
axi_araddr_i[20],28.44µm
_08430_,28.42µm
_06954_,28.38µm
_09789_,28.38µm
_10425_,28.38µm
_13422_,28.37µm
u_accel.oy\[16\],28.32µm
_10373_,28.28µm
_12869_,28.24µm
_09206_,28.22µm
_12802_,28.2µm
_08023_,28.18µm
_12029_,28.18µm
_10810_,28.16µm
_12081_,28.16µm
u_accel.st\[0\],28.16µm
u_csr.cycle_cnt_q\[27\],28.16µm
_09480_,28.14µm
u_accel.oy\[10\],28.14µm
_13684_,28.12µm
l_st\[1\],28.12µm
axi_araddr_i[22],28.08µm
axi_awaddr_i[0],28.08µm
sram_din\[2\],28.06µm
u_csr.cfg_q\[6\],28.06µm
_10644_,28.04µm
_08445_,28µm
_08685_,28µm
_09495_,28µm
_14133_,28µm
_14197_,28µm
_09017_,27.98µm
_12442_,27.94µm
u_accel.kx\[7\],27.9µm
axi_araddr_i[23],27.86µm
_09609_,27.82µm
_10067_,27.82µm
_10342_,27.82µm
u_accel.kx\[28\],27.82µm
_13527_,27.72µm
_09827_,27.675µm
_13253_,27.66µm
_11119_,27.64µm
_12143_,27.64µm
_09312_,27.62µm
_08143_,27.6µm
_09081_,27.58µm
_10988_,27.58µm
_08317_,27.57µm
_10629_,27.565µm
_09626_,27.48µm
u_accel.actm\[85\]\[7\],27.465µm
_09199_,27.46µm
u_accel.oy\[26\],27.46µm
_11008_,27.44µm
_13179_,27.44µm
_12800_,27.36µm
_13105_,27.36µm
_13133_,27.36µm
_09663_,27.34µm
_10957_,27.34µm
_11532_,27.34µm
u_accel.oy\[8\],27.32µm
_09131_,27.3µm
_10998_,27.28µm
_12273_,27.28µm
_11301_,27.245µm
_12208_,27.24µm
_13329_,27.18µm
_09564_,27.1µm
_10308_,27.1µm
_11056_,27.1µm
_11509_,27.1µm
_09566_,27.06µm
_09825_,27.06µm
_11516_,27.06µm
_12548_,27.045µm
_11794_,27.02µm
_12270_,27.02µm
_12293_,27µm
_12804_,27µm
_07908_,26.96µm
_09673_,26.96µm
u_csr.cycle_cnt_q\[19\],26.94µm
_09538_,26.92µm
_11332_,26.9µm
_13550_,26.9µm
_10298_,26.88µm
_12553_,26.86µm
_14125_,26.85µm
_08252_,26.84µm
_12287_,26.84µm
_08412_,26.8µm
_12686_,26.8µm
_14035_,26.8µm
_11375_,26.795µm
net1,26.7µm
_14027_,26.68µm
_10025_,26.64µm
_09880_,26.62µm
_08175_,26.6µm
_12549_,26.6µm
_11015_,26.56µm
_10937_,26.54µm
_13200_,26.54µm
_13418_,26.54µm
_09421_,26.52µm
_10154_,26.52µm
_12797_,26.5µm
_08793_,26.48µm
_11972_,26.44µm
_10422_,26.42µm
_10986_,26.42µm
_12654_,26.42µm
_11808_,26.4µm
sram_din\[25\],26.39µm
_12568_,26.38µm
_14190_,26.34µm
u_csr.cycle_cnt_q\[30\],26.34µm
_08310_,26.3µm
axi_rvalid_o,26.28µm
_08293_,26.26µm
_08167_,26.23µm
_09163_,26.22µm
_08993_,26.2µm
_09338_,26.18µm
_13683_,26.14µm
_10490_,26.08µm
_09332_,26.04µm
axi_awaddr_i[1],26.04µm
_08144_,26.02µm
_09631_,26.02µm
_10999_,25.96µm
_13564_,25.96µm
u_accel.oy\[12\],25.94µm
_11522_,25.92µm
_12033_,25.92µm
_13938_,25.92µm
u_accel.ky\[5\],25.92µm
u_accel.ky\[13\],25.9µm
_08292_,25.885µm
u_accel.oy\[6\],25.87µm
_13535_,25.86µm
_08303_,25.84µm
_08417_,25.84µm
_10304_,25.8µm
_11245_,25.8µm
_11482_,25.8µm
axi_awaddr_i[23],25.8µm
_09334_,25.76µm
_06918_,25.74µm
_10618_,25.7µm
_06887_,25.68µm
_09052_,25.68µm
_11150_,25.68µm
axi_acc_addr\[3\],25.65µm
_10811_,25.64µm
_11454_,25.64µm
_12099_,25.64µm
_12671_,25.64µm
_12724_,25.64µm
_09314_,25.62µm
_11756_,25.62µm
_11589_,25.6µm
_13087_,25.6µm
_08085_,25.58µm
_13883_,25.52µm
_08448_,25.5µm
_12571_,25.5µm
_13085_,25.5µm
axi_acc_region\[2\],25.5µm
_11424_,25.46µm
_06897_,25.44µm
_08004_,25.44µm
_10113_,25.44µm
_13924_,25.44µm
_12212_,25.4µm
_09059_,25.38µm
axi_sram_addr\[3\],25.36µm
u_accel.c\[1\],25.36µm
u_csr.axi_state_q\[0\],25.34µm
_13129_,25.32µm
_13136_,25.32µm
_11145_,25.3µm
_06833_,25.28µm
_08205_,25.28µm
_07966_,25.2µm
_06886_,25.18µm
_09401_,25.18µm
_12691_,25.18µm
_12004_,25.1µm
_13627_,25.08µm
_06852_,25.06µm
_10851_,25.06µm
_12431_,25.06µm
_12461_,25.06µm
_08156_,25.04µm
_12425_,25.02µm
_12365_,25.005µm
_10068_,24.96µm
_09678_,24.94µm
_13881_,24.94µm
_10622_,24.935µm
_08161_,24.92µm
_10864_,24.92µm
_11991_,24.92µm
_07813_,24.88µm
_08035_,24.88µm
_11252_,24.88µm
_13922_,24.88µm
_14169_,24.88µm
_14184_,24.88µm
_09765_,24.84µm
_08078_,24.82µm
_08461_,24.82µm
_10822_,24.82µm
_09255_,24.8µm
_12456_,24.74µm
u_accel.kx\[13\],24.74µm
_09202_,24.72µm
net6119,24.68µm
_13213_,24.62µm
u_csr.cycle_cnt_q\[22\],24.62µm
_13202_,24.6µm
_12911_,24.56µm
_06913_,24.54µm
_08115_,24.52µm
_13614_,24.52µm
u_accel.wfc\[192\]\[6\],24.52µm
_12477_,24.495µm
_10352_,24.48µm
d_rdata\[19\],24.46µm
_11612_,24.42µm
_14100_,24.42µm
_10382_,24.38µm
_12168_,24.38µm
_09768_,24.34µm
_12690_,24.34µm
_12864_,24.34µm
_12353_,24.3µm
_08899_,24.26µm
_10039_,24.26µm
_10767_,24.26µm
_08131_,24.2µm
_13089_,24.175µm
_11552_,24.16µm
_12048_,24.16µm
_13632_,24.135µm
_13294_,24.12µm
_14129_,24.12µm
_08276_,24.1µm
_12042_,24.1µm
_13037_,24.1µm
u_accel.wfc\[235\]\[7\],24.06µm
u_accel.ox\[31\],24.04µm
_12806_,24.025µm
_11239_,24.02µm
_09397_,23.98µm
ld_acc_addr\[1\],23.98µm
_08365_,23.96µm
_12597_,23.96µm
_12606_,23.96µm
u_accel.wfc\[435\]\[4\],23.945µm
_13376_,23.92µm
_14005_,23.92µm
u_accel.kx\[18\],23.92µm
_08079_,23.88µm
_12694_,23.88µm
_14099_,23.88µm
axi_sram_wdata\[26\],23.88µm
_13444_,23.86µm
_11030_,23.84µm
axi_rdata_o[4],23.84µm
_11455_,23.825µm
_08551_,23.82µm
_09533_,23.82µm
_10745_,23.82µm
_11998_,23.82µm
_09150_,23.8µm
_10960_,23.8µm
_11249_,23.8µm
_06929_,23.78µm
l_idx\[12\],23.76µm
_08741_,23.74µm
_09659_,23.74µm
u_accel.actm\[54\]\[1\],23.72µm
_10981_,23.64µm
u_accel.wfc\[351\]\[5\],23.64µm
_08126_,23.62µm
_12996_,23.62µm
_13225_,23.62µm
_10285_,23.6µm
_11561_,23.6µm
_12972_,23.6µm
_13920_,23.6µm
_12847_,23.595µm
_08952_,23.58µm
_11760_,23.58µm
_12635_,23.58µm
_08081_,23.54µm
_06985_,23.52µm
_11542_,23.52µm
_08655_,23.5µm
_11809_,23.5µm
_09708_,23.48µm
_10167_,23.46µm
_10801_,23.46µm
_07886_,23.43µm
_13602_,23.42µm
_09801_,23.38µm
_10891_,23.36µm
u_accel.wfc\[397\]\[0\],23.34µm
_12478_,23.32µm
_09341_,23.3µm
_10588_,23.3µm
_08803_,23.24µm
_09943_,23.24µm
_13563_,23.24µm
_12675_,23.22µm
axi_sram_wdata\[22\],23.21µm
_09182_,23.2µm
_09893_,23.2µm
_10972_,23.2µm
_12617_,23.18µm
_12693_,23.18µm
u_accel.ox\[13\],23.18µm
_08279_,23.16µm
axi_sram_addr\[1\],23.14µm
u_accel.wfc\[195\]\[3\],23.14µm
_13665_,23.12µm
sram_din\[16\],23.09µm
_09197_,23.08µm
_11679_,23.08µm
_12955_,23.08µm
_12965_,23.08µm
u_accel.f\[20\],23.08µm
_10943_,23.06µm
u_accel.wfc\[373\]\[5\],23.06µm
u_csr.cfg_q\[4\],23.06µm
_09239_,23.04µm
_09918_,23.04µm
_13903_,23.04µm
_08914_,23.02µm
_12876_,23.02µm
_14121_,23µm
_08326_,22.98µm
u_accel.wfc\[185\]\[3\],22.96µm
_09167_,22.94µm
_13161_,22.94µm
_08734_,22.92µm
_10066_,22.8µm
_10478_,22.795µm
_13166_,22.78µm
u_accel.wfc\[397\]\[5\],22.78µm
_08349_,22.76µm
_12221_,22.76µm
_13905_,22.76µm
_14199_,22.76µm
u_accel.actm\[68\]\[3\],22.76µm
u_accel.logitm\[3\]\[27\],22.72µm
u_accel.wfc\[42\]\[7\],22.72µm
_07848_,22.7µm
_13016_,22.7µm
axi_acc_addr\[7\],22.66µm
_07834_,22.64µm
_07929_,22.64µm
_08373_,22.64µm
_09668_,22.64µm
_08361_,22.62µm
_09839_,22.62µm
_11372_,22.62µm
_13967_,22.62µm
u_accel.kx\[25\],22.62µm
_08407_,22.6µm
_10026_,22.585µm
_09946_,22.58µm
_10599_,22.58µm
_11269_,22.58µm
u_accel.ox\[30\],22.58µm
_12982_,22.565µm
_10095_,22.56µm
_13483_,22.54µm
u_accel.f\[4\],22.54µm
_10737_,22.52µm
_11230_,22.5µm
_11619_,22.5µm
sram_din\[13\],22.49µm
_09937_,22.48µm
_11100_,22.46µm
u_accel.kx\[8\],22.46µm
_08257_,22.45µm
_08311_,22.44µm
_11816_,22.425µm
_08732_,22.42µm
u_accel.wfc\[18\]\[0\],22.4µm
_13204_,22.39µm
_10909_,22.38µm
_12833_,22.38µm
_08596_,22.36µm
_10564_,22.34µm
_11349_,22.34µm
_12098_,22.34µm
_13518_,22.34µm
_11447_,22.32µm
u_accel.ky\[14\],22.3µm
_14051_,22.24µm
u_accel.c\[17\],22.24µm
u_accel.wfc\[104\]\[0\],22.22µm
_13092_,22.2µm
u_accel.actm\[28\]\[4\],22.2µm
_09501_,22.16µm
_14089_,22.16µm
_11698_,22.14µm
u_accel.wfc\[342\]\[0\],22.14µm
_14109_,22.08µm
_10420_,22.055µm
_08117_,22.04µm
_09183_,22.04µm
_13020_,22.04µm
_13679_,22.04µm
_09047_,22µm
_10977_,22µm
_11142_,22µm
_13333_,22µm
_13532_,22µm
_10008_,21.96µm
_12727_,21.96µm
_08151_,21.94µm
u_accel.c\[3\],21.92µm
u_accel.ky\[22\],21.92µm
acc_start,21.9µm
u_accel.kx\[21\],21.9µm
_12728_,21.86µm
_13350_,21.84µm
_09110_,21.82µm
_09484_,21.82µm
_12742_,21.82µm
_13486_,21.82µm
_08206_,21.8µm
_12811_,21.8µm
_09331_,21.74µm
_11799_,21.74µm
_13538_,21.74µm
_12531_,21.72µm
u_accel.wfc\[491\]\[5\],21.72µm
sram_din\[21\],21.71µm
_10491_,21.7µm
_10826_,21.7µm
_11439_,21.7µm
_11761_,21.7µm
u_accel.actm\[20\]\[3\],21.7µm
_08022_,21.66µm
_08401_,21.66µm
_08653_,21.66µm
_11378_,21.66µm
u_accel.actm\[82\]\[0\],21.66µm
_08102_,21.62µm
_09833_,21.6µm
u_accel.actm\[4\]\[2\],21.6µm
_06943_,21.58µm
_10857_,21.58µm
_12993_,21.58µm
u_accel.wfc\[41\]\[2\],21.58µm
axi_acc_wdata\[17\],21.56µm
u_accel.wfc\[222\]\[6\],21.56µm
_08362_,21.54µm
_08755_,21.54µm
_12110_,21.54µm
u_accel.am_f\[24\],21.54µm
_08267_,21.5µm
_10777_,21.5µm
_11789_,21.5µm
_13555_,21.5µm
u_accel.wfc\[13\]\[6\],21.5µm
u_accel.wfc\[180\]\[0\],21.5µm
u_csr.cycle_cnt_q\[29\],21.5µm
_11049_,21.485µm
_06959_,21.46µm
_11645_,21.46µm
_13060_,21.46µm
u_accel.wfc\[288\]\[6\],21.46µm
_07775_,21.44µm
_12495_,21.44µm
u_accel.wfc\[152\]\[4\],21.44µm
sram_din\[29\],21.43µm
_12873_,21.42µm
u_accel.wfc\[41\]\[5\],21.41µm
_08325_,21.4µm
_13416_,21.4µm
u_accel.wconv\[1\]\[1\],21.4µm
_13979_,21.395µm
_13648_,21.39µm
_08215_,21.38µm
_11660_,21.38µm
_12933_,21.38µm
_13380_,21.38µm
_13668_,21.38µm
_08116_,21.375µm
_08962_,21.36µm
_12041_,21.36µm
_09344_,21.32µm
_09655_,21.32µm
_11770_,21.32µm
axi_sram_wdata\[27\],21.32µm
_14176_,21.3µm
u_accel.actm\[109\]\[1\],21.3µm
u_accel.wfc\[351\]\[3\],21.3µm
_12493_,21.28µm
axi_acc_wdata\[23\],21.28µm
u_accel.wfc\[388\]\[3\],21.28µm
_13528_,21.27µm
_14171_,21.24µm
u_accel.wfc\[360\]\[3\],21.24µm
u_accel.wfc\[407\]\[1\],21.24µm
_08075_,21.22µm
axi_sram_wdata\[23\],21.22µm
_06952_,21.2µm
_10780_,21.2µm
_06960_,21.16µm
_09639_,21.16µm
_13430_,21.16µm
_11161_,21.15µm
sram_dout\[2\],21.15µm
_08265_,21.14µm
u_accel.wfc\[469\]\[2\],21.14µm
_12317_,21.12µm
u_accel.wfc\[437\]\[5\],21.12µm
_08833_,21.1µm
_08223_,21.095µm
_09927_,21.08µm
_13735_,21.08µm
_10145_,21.04µm
_13282_,21.04µm
_09858_,21.02µm
_06880_,21µm
u_accel.bfc\[3\]\[10\],21µm
u_accel.wfc\[161\]\[5\],21µm
_09153_,20.98µm
_10146_,20.98µm
_10394_,20.98µm
_12511_,20.96µm
_08133_,20.94µm
_08153_,20.92µm
_08283_,20.92µm
_13296_,20.92µm
u_accel.wfc\[249\]\[4\],20.9µm
u_accel.wfc\[491\]\[2\],20.88µm
_10437_,20.86µm
_13015_,20.86µm
sram_din\[6\],20.85µm
_13255_,20.84µm
_09496_,20.82µm
_12927_,20.82µm
_08228_,20.81µm
_09231_,20.8µm
_13244_,20.78µm
u_accel.wfc\[23\]\[6\],20.78µm
u_accel.oy\[11\],20.77µm
_14046_,20.76µm
u_accel.wconv\[0\]\[2\],20.76µm
_10495_,20.74µm
_14059_,20.74µm
axi_araddr_i[21],20.74µm
_10150_,20.7µm
_10688_,20.7µm
_12629_,20.7µm
_14186_,20.68µm
_06908_,20.675µm
_08937_,20.66µm
_10050_,20.66µm
_11828_,20.66µm
_12161_,20.66µm
_12379_,20.66µm
_12446_,20.66µm
_12914_,20.66µm
sram_din\[28\],20.65µm
_10074_,20.64µm
_11211_,20.64µm
u_accel.wfc\[309\]\[0\],20.62µm
_09824_,20.58µm
_12159_,20.58µm
_08280_,20.56µm
_11577_,20.56µm
_08615_,20.54µm
_09050_,20.54µm
_13101_,20.54µm
u_accel.wconv\[10\]\[2\],20.54µm
c_rdata\[11\],20.52µm
_09375_,20.5µm
u_accel.wfc\[373\]\[6\],20.5µm
_12917_,20.48µm
axi_acc_wdata\[31\],20.48µm
u_accel.actm\[99\]\[1\],20.48µm
_12803_,20.46µm
_13052_,20.46µm
_14196_,20.46µm
u_accel.wfc\[310\]\[2\],20.46µm
u_accel.wfc\[92\]\[6\],20.46µm
_10279_,20.44µm
u_accel.wfc\[309\]\[5\],20.44µm
u_accel.wfc\[330\]\[1\],20.44µm
u_accel.wfc\[409\]\[3\],20.44µm
_08978_,20.42µm
_09422_,20.42µm
sram_din\[31\],20.41µm
_09869_,20.4µm
_11289_,20.4µm
_13132_,20.4µm
u_accel.ky\[31\],20.4µm
u_accel.wfc\[180\]\[3\],20.4µm
u_accel.wfc\[253\]\[1\],20.4µm
u_accel.wfc\[490\]\[4\],20.4µm
_11895_,20.39µm
_10084_,20.36µm
_12481_,20.36µm
_08344_,20.32µm
_11588_,20.32µm
_11837_,20.32µm
u_accel.imem\[13\]\[7\],20.32µm
_11519_,20.3µm
u_accel.actm\[64\]\[1\],20.3µm
_11658_,20.28µm
_12563_,20.28µm
_14183_,20.28µm
axi_rdata_o[29],20.28µm
_11445_,20.26µm
_11402_,20.24µm
_12171_,20.24µm
_12523_,20.23µm
_09137_,20.22µm
_11037_,20.22µm
u_accel.am_f\[4\],20.22µm
axi_sram_addr\[4\],20.21µm
_07873_,20.2µm
_11881_,20.2µm
_07939_,20.18µm
u_accel.actm\[0\]\[4\],20.16µm
u_accel.oy\[7\],20.16µm
u_accel.wfc\[153\]\[6\],20.16µm
sram_din\[30\],20.15µm
_11223_,20.12µm
_12473_,20.12µm
_14165_,20.12µm
u_accel.wfc\[128\]\[0\],20.12µm
u_accel.wfc\[312\]\[0\],20.12µm
u_accel.wfc\[369\]\[6\],20.12µm
_11928_,20.1µm
_09522_,20.08µm
_11640_,20.08µm
_13676_,20.08µm
u_accel.actm\[54\]\[4\],20.08µm
u_accel.c\[9\],20.08µm
_08469_,20.06µm
_13256_,20.06µm
u_accel.wfc\[310\]\[4\],20.06µm
_08090_,20.04µm
_08070_,20.02µm
_09139_,20µm
_12328_,20µm
u_accel.actm\[40\]\[4\],20µm
_12572_,19.98µm
u_accel.wfc\[362\]\[5\],19.98µm
_08044_,19.96µm
_08375_,19.96µm
_13744_,19.96µm
u_accel.wfc\[348\]\[0\],19.96µm
u_accel.wfc\[42\]\[0\],19.96µm
_11862_,19.94µm
u_accel.wfc\[204\]\[6\],19.94µm
u_accel.wfc\[269\]\[1\],19.94µm
_12305_,19.92µm
u_accel.wfc\[284\]\[4\],19.92µm
sram_din\[22\],19.91µm
_12300_,19.9µm
u_accel.wfc\[176\]\[1\],19.9µm
u_accel.wfc\[456\]\[4\],19.9µm
u_accel.wfc\[496\]\[2\],19.9µm
_11661_,19.88µm
c_rdata\[1\],19.88µm
u_accel.wfc\[36\]\[6\],19.88µm
u_accel.wfc\[45\]\[1\],19.88µm
u_accel.wfc\[461\]\[4\],19.88µm
_08822_,19.86µm
_12028_,19.86µm
_08001_,19.82µm
_08376_,19.82µm
_09778_,19.82µm
_13128_,19.82µm
_10765_,19.8µm
axi_rdata_o[24],19.8µm
axi_rdata_o[25],19.8µm
u_accel.wconv\[1\]\[6\],19.8µm
_12855_,19.79µm
_07949_,19.78µm
_12565_,19.78µm
axi_sram_addr\[7\],19.78µm
_08866_,19.76µm
l_idx\[15\],19.76µm
_09177_,19.74µm
_09218_,19.74µm
_09808_,19.74µm
u_accel.imem\[54\]\[7\],19.74µm
u_accel.wfc\[408\]\[7\],19.74µm
_09677_,19.72µm
_09841_,19.72µm
u_accel.wfc\[396\]\[5\],19.72µm
_12921_,19.7µm
_12644_,19.695µm
_13421_,19.68µm
axi_acc_addr\[4\],19.68µm
_09923_,19.66µm
_11118_,19.66µm
_12340_,19.66µm
u_accel.wfc\[180\]\[2\],19.66µm
_12801_,19.65µm
_12069_,19.64µm
_12141_,19.64µm
u_accel.wfc\[140\]\[1\],19.64µm
u_accel.wfc\[378\]\[1\],19.64µm
_09969_,19.62µm
_11575_,19.62µm
_13374_,19.62µm
u_accel.wfc\[24\]\[6\],19.62µm
_12444_,19.6µm
_09408_,19.58µm
u_accel.wfc\[149\]\[6\],19.58µm
u_accel.wfc\[239\]\[0\],19.58µm
u_accel.wfc\[69\]\[0\],19.58µm
_08077_,19.56µm
_09063_,19.54µm
_09958_,19.54µm
_10612_,19.54µm
u_accel.imem\[35\]\[6\],19.54µm
_07814_,19.52µm
_12237_,19.52µm
_13441_,19.52µm
u_accel.wfc\[453\]\[4\],19.52µm
_13347_,19.5µm
_12226_,19.48µm
_13046_,19.48µm
_08691_,19.46µm
_12893_,19.46µm
_12241_,19.44µm
_13642_,19.44µm
_14061_,19.44µm
u_accel.wfc\[118\]\[7\],19.44µm
u_accel.wfc\[354\]\[6\],19.44µm
_06896_,19.43µm
_08016_,19.42µm
u_accel.wfc\[218\]\[1\],19.42µm
u_accel.wfc\[52\]\[4\],19.42µm
_12756_,19.41µm
_08462_,19.4µm
_10100_,19.4µm
_13461_,19.4µm
_13989_,19.4µm
u_accel.wfc\[357\]\[7\],19.4µm
_10648_,19.38µm
u_accel.imem\[28\]\[2\],19.38µm
u_accel.wfc\[382\]\[1\],19.38µm
_11849_,19.37µm
_08209_,19.36µm
_08385_,19.36µm
_10321_,19.36µm
_10619_,19.36µm
_12915_,19.36µm
_13521_,19.36µm
u_accel.am_f\[1\],19.35µm
_13450_,19.345µm
_09612_,19.34µm
_13019_,19.34µm
u_accel.wfc\[396\]\[1\],19.33µm
_09092_,19.32µm
_09326_,19.3µm
_09432_,19.3µm
_10258_,19.28µm
_07796_,19.26µm
u_accel.imem\[13\]\[4\],19.24µm
u_accel.wfc\[76\]\[7\],19.24µm
u_accel.wfc\[93\]\[4\],19.24µm
_08138_,19.2µm
_08336_,19.2µm
_11296_,19.2µm
_12233_,19.2µm
_12689_,19.2µm
sram_din\[27\],19.19µm
_10571_,19.185µm
axi_awaddr_i[10],19.18µm
_08048_,19.16µm
_13118_,19.16µm
u_accel.wfc\[153\]\[7\],19.16µm
_08148_,19.14µm
_10189_,19.14µm
u_accel.imem\[25\]\[3\],19.14µm
_08275_,19.12µm
u_accel.imem\[37\]\[2\],19.12µm
u_accel.wfc\[153\]\[0\],19.12µm
_08269_,19.1µm
_12920_,19.1µm
u_accel.ii\[13\],19.1µm
u_accel.wfc\[249\]\[7\],19.1µm
_07961_,19.08µm
_11549_,19.08µm
_12277_,19.08µm
u_accel.wfc\[349\]\[5\],19.08µm
u_accel.wfc\[404\]\[4\],19.08µm
u_accel.wfc\[66\]\[1\],19.08µm
u_accel.wfc\[70\]\[4\],19.08µm
_08238_,19.075µm
_12973_,19.07µm
_09115_,19.06µm
_11497_,19.06µm
u_accel.wfc\[503\]\[7\],19.04µm
u_accel.wfc\[97\]\[0\],19.04µm
_13493_,19.035µm
u_accel.wfc\[284\]\[3\],19.02µm
u_accel.wfc\[5\]\[7\],19.02µm
_07884_,19µm
net6075,19µm
u_accel.wfc\[197\]\[5\],18.99µm
_09767_,18.98µm
_11616_,18.98µm
_12981_,18.98µm
u_accel.actm\[64\]\[2\],18.98µm
u_accel.wfc\[135\]\[0\],18.98µm
u_accel.wfc\[28\]\[3\],18.98µm
u_accel.wfc\[389\]\[7\],18.98µm
_07965_,18.96µm
_08018_,18.96µm
_08211_,18.96µm
u_accel.wfc\[171\]\[4\],18.96µm
_08046_,18.94µm
_08235_,18.94µm
_08323_,18.94µm
_08825_,18.94µm
_12503_,18.94µm
_13249_,18.94µm
u_accel.imem\[59\]\[3\],18.94µm
u_accel.imem\[29\]\[1\],18.91µm
_07874_,18.9µm
_08201_,18.9µm
_12560_,18.9µm
_12232_,18.88µm
_06881_,18.86µm
_11730_,18.86µm
u_accel.wfc\[235\]\[3\],18.86µm
u_accel.wfc\[245\]\[5\],18.86µm
u_accel.wfc\[493\]\[4\],18.86µm
_07903_,18.85µm
_09229_,18.84µm
_13553_,18.84µm
_14082_,18.84µm
u_accel.wfc\[11\]\[4\],18.84µm
_11611_,18.82µm
_11768_,18.82µm
u_accel.wfc\[454\]\[2\],18.82µm
u_accel.wfc\[312\]\[6\],18.8µm
_08396_,18.78µm
_13929_,18.78µm
_13940_,18.78µm
_14044_,18.76µm
_08652_,18.74µm
u_accel.wfc\[165\]\[2\],18.74µm
u_accel.wfc\[173\]\[2\],18.74µm
u_accel.wfc\[17\]\[4\],18.74µm
u_accel.wfc\[45\]\[5\],18.74µm
_13196_,18.72µm
u_accel.actm\[9\]\[5\],18.72µm
_09348_,18.7µm
_10534_,18.7µm
_11970_,18.7µm
u_accel.c\[31\],18.7µm
u_accel.wfc\[204\]\[3\],18.7µm
u_accel.wfc\[373\]\[1\],18.7µm
_11713_,18.68µm
_14198_,18.68µm
_11721_,18.66µm
_11915_,18.66µm
_13180_,18.66µm
u_accel.wfc\[8\]\[2\],18.66µm
_07069_,18.64µm
u_accel.wfc\[366\]\[1\],18.64µm
u_accel.imem\[28\]\[6\],18.62µm
u_accel.logitm\[3\]\[24\],18.62µm
u_accel.wfc\[133\]\[6\],18.62µm
u_accel.wfc\[272\]\[7\],18.62µm
u_accel.wfc\[317\]\[7\],18.62µm
u_accel.wfc\[324\]\[4\],18.62µm
u_csr.weight_addr_o\[30\],18.62µm
_09016_,18.6µm
_09602_,18.6µm
u_accel.actm\[53\]\[1\],18.6µm
u_accel.wfc\[130\]\[0\],18.6µm
u_accel.wfc\[339\]\[4\],18.6µm
_13146_,18.58µm
_08256_,18.56µm
_08932_,18.56µm
_10886_,18.54µm
_12556_,18.52µm
u_accel.wconv\[14\]\[2\],18.52µm
u_accel.wfc\[100\]\[2\],18.52µm
u_accel.wfc\[163\]\[3\],18.52µm
_08204_,18.5µm
_08322_,18.5µm
_10307_,18.5µm
_12729_,18.5µm
u_accel.imem\[25\]\[7\],18.5µm
u_accel.wfc\[90\]\[3\],18.5µm
_10628_,18.48µm
u_accel.imem\[27\]\[3\],18.46µm
_13018_,18.45µm
u_csr.len_o\[26\],18.445µm
_10776_,18.44µm
_13143_,18.44µm
u_accel.am_f\[10\],18.44µm
u_accel.am_f\[28\],18.44µm
u_accel.logitm\[3\]\[2\],18.44µm
u_accel.wfc\[138\]\[0\],18.44µm
u_accel.wfc\[289\]\[3\],18.44µm
u_accel.wfc\[339\]\[1\],18.44µm
u_accel.wfc\[430\]\[1\],18.44µm
axi_bresp_o[0],18.42µm
u_accel.wconv\[15\]\[6\],18.42µm
_08431_,18.4µm
u_accel.wfc\[484\]\[1\],18.4µm
_13273_,18.38µm
u_accel.wfc\[245\]\[0\],18.38µm
u_accel.wfc\[92\]\[5\],18.38µm
_06923_,18.36µm
_08958_,18.36µm
_10795_,18.36µm
_11082_,18.36µm
_12301_,18.36µm
u_accel.imem\[53\]\[1\],18.36µm
_07880_,18.345µm
_11493_,18.34µm
_13276_,18.32µm
u_accel.wfc\[441\]\[5\],18.3µm
u_accel.bconv\[0\]\[30\],18.28µm
u_accel.wfc\[174\]\[0\],18.28µm
u_accel.wfc\[297\]\[3\],18.28µm
u_accel.wfc\[164\]\[2\],18.27µm
_12611_,18.26µm
_09330_,18.24µm
_11331_,18.24µm
u_accel.wfc\[149\]\[2\],18.24µm
u_accel.wfc\[356\]\[7\],18.24µm
_11986_,18.22µm
axi_wvalid_i,18.22µm
u_accel.wfc\[16\]\[1\],18.2µm
u_accel.wfc\[28\]\[4\],18.2µm
u_accel.wfc\[308\]\[6\],18.18µm
_12958_,18.16µm
u_accel.logitm\[0\]\[23\],18.16µm
u_accel.wconv\[15\]\[4\],18.16µm
u_accel.wfc\[118\]\[4\],18.16µm
_13360_,18.145µm
u_accel.imem\[60\]\[6\],18.14µm
u_accel.wfc\[431\]\[2\],18.14µm
_08236_,18.12µm
_12397_,18.12µm
_13594_,18.12µm
u_accel.actm\[17\]\[6\],18.12µm
u_accel.wfc\[373\]\[0\],18.12µm
_12169_,18.1µm
_12725_,18.1µm
u_accel.actm\[110\]\[7\],18.1µm
u_accel.wfc\[116\]\[4\],18.1µm
u_accel.wfc\[12\]\[6\],18.1µm
u_accel.wfc\[301\]\[2\],18.1µm
_12291_,18.08µm
u_accel.wfc\[108\]\[3\],18.08µm
u_accel.wfc\[316\]\[4\],18.08µm
_08032_,18.06µm
_11696_,18.06µm
u_accel.actm\[2\]\[2\],18.06µm
u_accel.wfc\[249\]\[6\],18.06µm
_06825_,18.04µm
_08039_,18.04µm
_08437_,18.02µm
_12784_,18.02µm
u_accel.logitm\[0\]\[5\],18.02µm
u_accel.wfc\[25\]\[2\],18.02µm
u_accel.wfc\[76\]\[1\],18.02µm
_13674_,18.01µm
_10804_,18µm
irq_o,18µm
u_accel.am_f\[13\],18µm
_12808_,17.98µm
net2587,17.98µm
_11297_,17.96µm
_12359_,17.96µm
u_accel.actm\[60\]\[3\],17.96µm
u_accel.wfc\[318\]\[2\],17.96µm
_06946_,17.94µm
_12364_,17.94µm
_14070_,17.94µm
u_accel.wfc\[239\]\[2\],17.94µm
u_accel.wfc\[331\]\[7\],17.94µm
u_accel.wfc\[68\]\[1\],17.94µm
_07887_,17.92µm
_08820_,17.92µm
_13248_,17.9µm
u_accel.actm\[5\]\[4\],17.9µm
u_accel.logitm\[2\]\[14\],17.9µm
_09037_,17.86µm
_12250_,17.86µm
_12369_,17.86µm
_12630_,17.86µm
_13394_,17.86µm
_13508_,17.86µm
_14154_,17.86µm
u_csr.ctrl_q\[12\],17.86µm
u_csr.weight_addr_o\[3\],17.86µm
u_accel.wfc\[469\]\[4\],17.84µm
u_accel.wfc\[76\]\[2\],17.84µm
u_accel.wfc\[84\]\[1\],17.84µm
_08036_,17.82µm
_08346_,17.82µm
u_accel.am_f\[17\],17.82µm
u_accel.wfc\[141\]\[7\],17.82µm
u_accel.wfc\[25\]\[0\],17.82µm
_08726_,17.8µm
_10574_,17.8µm
u_accel.wfc\[0\]\[1\],17.8µm
_11880_,17.79µm
_08028_,17.78µm
_09065_,17.78µm
_12480_,17.78µm
_12651_,17.78µm
_13592_,17.78µm
c_bvalid,17.78µm
u_accel.actm\[110\]\[5\],17.78µm
u_accel.wfc\[83\]\[4\],17.78µm
_14212_,17.77µm
_08255_,17.76µm
_09643_,17.76µm
axi_awvalid_i,17.76µm
u_accel.wfc\[456\]\[5\],17.76µm
net6087,17.76µm
_00011_,17.74µm
_09796_,17.74µm
_10772_,17.74µm
u_accel.actm\[59\]\[1\],17.74µm
u_accel.wfc\[149\]\[5\],17.74µm
u_csr.weight_addr_o\[20\],17.74µm
_11888_,17.73µm
_06941_,17.72µm
u_accel.wfc\[146\]\[4\],17.72µm
u_accel.wfc\[382\]\[0\],17.72µm
u_accel.wfc\[44\]\[1\],17.72µm
_08063_,17.7µm
_13437_,17.7µm
_13664_,17.7µm
axi_acc_wdata\[20\],17.7µm
u_accel.wfc\[312\]\[5\],17.7µm
u_accel.wfc\[360\]\[2\],17.7µm
u_accel.wfc\[456\]\[6\],17.7µm
u_accel.wfc\[481\]\[1\],17.68µm
_14175_,17.66µm
u_accel.wfc\[333\]\[0\],17.66µm
u_accel.wfc\[460\]\[2\],17.66µm
sram_din\[1\],17.65µm
_08212_,17.64µm
_10136_,17.64µm
_10391_,17.64µm
u_accel.wfc\[488\]\[5\],17.64µm
u_accel.wfc\[498\]\[4\],17.64µm
_12874_,17.62µm
u_accel.imem\[57\]\[6\],17.62µm
u_accel.kx\[9\],17.62µm
u_accel.wfc\[329\]\[0\],17.62µm
u_accel.wfc\[332\]\[1\],17.62µm
u_accel.wfc\[496\]\[0\],17.62µm
_06917_,17.6µm
_11558_,17.6µm
_13077_,17.6µm
_13447_,17.6µm
_14021_,17.6µm
u_accel.wfc\[215\]\[7\],17.6µm
u_accel.wfc\[337\]\[3\],17.6µm
u_accel.wfc\[376\]\[5\],17.6µm
_12127_,17.58µm
_12962_,17.58µm
_13206_,17.58µm
_13239_,17.58µm
axi_wready_o,17.58µm
u_accel.wfc\[20\]\[3\],17.58µm
u_accel.wfc\[394\]\[6\],17.58µm
u_accel.wfc\[454\]\[6\],17.58µm
u_accel.wfc\[508\]\[5\],17.58µm
_09191_,17.56µm
_09469_,17.56µm
u_accel.bfc\[1\]\[23\],17.56µm
u_accel.f\[24\],17.56µm
u_accel.wfc\[181\]\[6\],17.56µm
u_accel.wfc\[277\]\[4\],17.56µm
u_accel.wfc\[341\]\[6\],17.56µm
axi_rdata_o[26],17.54µm
u_accel.wfc\[337\]\[0\],17.53µm
_12214_,17.52µm
_12530_,17.52µm
_12650_,17.52µm
u_accel.wfc\[187\]\[4\],17.52µm
u_accel.wfc\[444\]\[7\],17.52µm
u_accel.wfc\[4\]\[7\],17.52µm
u_accel.wfc\[44\]\[5\],17.5µm
_12538_,17.48µm
u_accel.wfc\[201\]\[3\],17.48µm
u_accel.wfc\[435\]\[2\],17.48µm
_10922_,17.47µm
_11608_,17.465µm
u_accel.actm\[16\]\[3\],17.46µm
u_accel.wfc\[297\]\[5\],17.46µm
u_accel.wfc\[305\]\[7\],17.46µm
sram_din\[3\],17.45µm
u_accel.wfc\[192\]\[4\],17.43µm
_13246_,17.42µm
u_accel.wfc\[97\]\[3\],17.42µm
_12632_,17.4µm
u_accel.actm\[36\]\[1\],17.4µm
u_accel.wfc\[60\]\[1\],17.4µm
_11550_,17.385µm
_12441_,17.36µm
axi_sram_wdata\[13\],17.36µm
u_accel.actm\[95\]\[4\],17.36µm
_08664_,17.34µm
_13468_,17.34µm
u_accel.wfc\[93\]\[6\],17.32µm
u_csr.cfg_q\[26\],17.32µm
_14055_,17.3µm
axi_araddr_i[0],17.3µm
axi_araddr_i[1],17.3µm
u_accel.wfc\[176\]\[2\],17.3µm
u_accel.wfc\[203\]\[5\],17.3µm
u_accel.wfc\[393\]\[5\],17.3µm
u_accel.wfc\[416\]\[5\],17.3µm
u_accel.wfc\[44\]\[2\],17.3µm
_08941_,17.28µm
_11405_,17.28µm
_12289_,17.28µm
axi_acc_wdata\[4\],17.28µm
sram_dout\[3\],17.28µm
u_accel.actm\[7\]\[7\],17.28µm
u_accel.wconv\[6\]\[3\],17.28µm
u_accel.wfc\[148\]\[3\],17.28µm
u_accel.wfc\[458\]\[3\],17.28µm
u_accel.wfc\[248\]\[2\],17.26µm
_08918_,17.24µm
_09009_,17.24µm
_13439_,17.24µm
u_accel.logitm\[0\]\[7\],17.24µm
u_accel.wfc\[124\]\[1\],17.24µm
u_accel.wfc\[153\]\[2\],17.24µm
u_accel.wfc\[348\]\[4\],17.24µm
u_accel.wfc\[486\]\[2\],17.24µm
u_accel.wfc\[488\]\[7\],17.24µm
_10171_,17.22µm
u_accel.bfc\[3\]\[17\],17.22µm
u_accel.wfc\[253\]\[2\],17.22µm
u_accel.wfc\[253\]\[7\],17.22µm
u_accel.wfc\[336\]\[6\],17.22µm
u_accel.wfc\[369\]\[7\],17.22µm
u_accel.wfc\[85\]\[3\],17.22µm
u_accel.actm\[109\]\[0\],17.2µm
u_accel.actm\[24\]\[6\],17.2µm
_09619_,17.18µm
u_accel.wfc\[56\]\[1\],17.18µm
u_accel.wconv\[3\]\[1\],17.16µm
u_accel.wfc\[188\]\[4\],17.16µm
u_accel.wfc\[350\]\[0\],17.16µm
u_accel.wfc\[45\]\[2\],17.16µm
_08054_,17.14µm
_08109_,17.14µm
_10306_,17.14µm
u_accel.actm\[51\]\[4\],17.14µm
u_accel.wfc\[60\]\[6\],17.14µm
_08111_,17.12µm
_09391_,17.12µm
_10518_,17.12µm
u_accel.actm\[6\]\[7\],17.12µm
u_accel.bfc\[2\]\[25\],17.12µm
u_accel.wfc\[234\]\[3\],17.12µm
_07918_,17.115µm
_13145_,17.11µm
_09365_,17.1µm
_09818_,17.1µm
_13379_,17.1µm
u_accel.wfc\[177\]\[7\],17.1µm
_06973_,17.08µm
_10203_,17.08µm
_10722_,17.08µm
axi_rdata_o[28],17.08µm
u_accel.wfc\[93\]\[0\],17.07µm
_09257_,17.06µm
axi_sram_wdata\[18\],17.06µm
u_accel.wfc\[291\]\[4\],17.06µm
u_csr.ctrl_q\[13\],17.06µm
_09184_,17.04µm
_12484_,17.04µm
_13372_,17.04µm
u_accel.actm\[14\]\[0\],17.04µm
u_accel.wfc\[253\]\[5\],17.04µm
u_accel.wfc\[36\]\[3\],17.04µm
u_accel.wfc\[509\]\[7\],17.04µm
u_accel.wfc\[365\]\[0\],17.03µm
_08588_,17.02µm
_08980_,17.02µm
_09866_,17.02µm
u_accel.imem\[34\]\[1\],17.02µm
u_accel.wfc\[497\]\[3\],17.02µm
_08189_,17.015µm
_10374_,17µm
_11298_,17µm
sram_dout\[5\],17µm
u_accel.actm\[36\]\[7\],16.98µm
u_accel.wfc\[109\]\[4\],16.98µm
u_accel.wfc\[332\]\[2\],16.98µm
net6063,16.98µm
_11167_,16.96µm
_12646_,16.96µm
_12798_,16.96µm
u_accel.wfc\[496\]\[6\],16.96µm
_14096_,16.955µm
_06879_,16.94µm
_11350_,16.94µm
c_rdata\[4\],16.94µm
u_accel.wfc\[393\]\[1\],16.94µm
_10327_,16.92µm
_08193_,16.905µm
_13110_,16.9µm
_13245_,16.9µm
_13345_,16.9µm
axi_acc_wdata\[12\],16.9µm
u_accel.wfc\[253\]\[0\],16.9µm
u_accel.wfc\[330\]\[6\],16.9µm
u_accel.wfc\[383\]\[0\],16.9µm
u_accel.wfc\[424\]\[7\],16.9µm
u_accel.wfc\[93\]\[1\],16.9µm
_12879_,16.88µm
u_accel.wfc\[288\]\[1\],16.88µm
net536,16.88µm
_12541_,16.86µm
u_accel.wfc\[177\]\[3\],16.86µm
u_accel.wfc\[329\]\[1\],16.86µm
u_accel.wfc\[68\]\[0\],16.86µm
u_csr.weight_addr_o\[9\],16.86µm
u_accel.wfc\[166\]\[6\],16.84µm
u_accel.wfc\[468\]\[7\],16.84µm
u_accel.wfc\[8\]\[6\],16.84µm
net5227,16.84µm
net5952,16.84µm
_13250_,16.82µm
u_accel.wfc\[177\]\[1\],16.82µm
u_accel.wfc\[179\]\[7\],16.82µm
u_accel.wfc\[217\]\[4\],16.82µm
u_accel.wfc\[302\]\[1\],16.82µm
u_accel.wfc\[420\]\[7\],16.82µm
u_accel.wfc\[92\]\[1\],16.82µm
_13541_,16.805µm
_13067_,16.8µm
_13414_,16.8µm
u_accel.actm\[60\]\[4\],16.8µm
u_accel.wfc\[357\]\[6\],16.8µm
u_accel.wfc\[403\]\[1\],16.8µm
u_accel.wfc\[482\]\[5\],16.8µm
_08339_,16.78µm
_10277_,16.78µm
_11526_,16.78µm
_13512_,16.78µm
_13576_,16.78µm
u_accel.imem\[63\]\[7\],16.78µm
u_accel.wfc\[161\]\[0\],16.78µm
u_accel.wfc\[184\]\[7\],16.78µm
_09377_,16.76µm
_09555_,16.76µm
u_accel.imem\[36\]\[4\],16.76µm
u_accel.wfc\[433\]\[7\],16.76µm
u_accel.wfc\[421\]\[0\],16.755µm
u_accel.wfc\[260\]\[4\],16.74µm
u_accel.wfc\[68\]\[4\],16.74µm
u_csr.cycle_cnt_q\[31\],16.74µm
_08460_,16.72µm
_11293_,16.72µm
_12463_,16.72µm
u_accel.am_f\[23\],16.72µm
u_accel.wfc\[160\]\[6\],16.72µm
u_accel.wfc\[303\]\[2\],16.72µm
u_accel.wfc\[496\]\[7\],16.72µm
_12373_,16.7µm
_13558_,16.7µm
_13762_,16.7µm
u_accel.imem\[15\]\[5\],16.7µm
u_accel.wfc\[289\]\[6\],16.7µm
_08893_,16.68µm
_10129_,16.68µm
_13237_,16.68µm
_14036_,16.68µm
c_rdata\[29\],16.68µm
u_accel.wfc\[105\]\[4\],16.68µm
u_accel.wfc\[180\]\[4\],16.68µm
u_accel.wfc\[249\]\[1\],16.68µm
u_accel.wfc\[465\]\[7\],16.68µm
_14097_,16.66µm
axi_sram_wdata\[24\],16.66µm
u_accel.am_f\[5\],16.66µm
u_accel.wfc\[126\]\[6\],16.66µm
u_accel.wfc\[220\]\[3\],16.66µm
u_accel.wfc\[469\]\[7\],16.66µm
ld_acc_wdata\[1\],16.64µm
u_accel.wfc\[321\]\[6\],16.64µm
u_accel.wfc\[397\]\[3\],16.64µm
u_accel.wfc\[64\]\[6\],16.64µm
u_csr.output_addr_o\[9\],16.64µm
net4925,16.64µm
net5513,16.64µm
_13095_,16.62µm
_13680_,16.62µm
_14087_,16.62µm
axi_rdata_o[14],16.62µm
axi_rdata_o[7],16.62µm
u_accel.wfc\[199\]\[4\],16.62µm
_14213_,16.61µm
u_accel.wfc\[329\]\[5\],16.61µm
_09094_,16.6µm
_10744_,16.6µm
_13127_,16.6µm
_13714_,16.6µm
u_accel.f\[18\],16.6µm
u_accel.wfc\[11\]\[1\],16.6µm
u_accel.wfc\[467\]\[5\],16.6µm
u_accel.wfc\[59\]\[0\],16.6µm
u_accel.wfc\[193\]\[0\],16.58µm
u_accel.wfc\[442\]\[6\],16.58µm
_07885_,16.56µm
_13062_,16.56µm
_10919_,16.55µm
u_accel.wfc\[116\]\[2\],16.54µm
u_accel.wfc\[161\]\[2\],16.54µm
u_accel.wfc\[4\]\[6\],16.54µm
net3527,16.54µm
_08369_,16.52µm
_12392_,16.52µm
_12867_,16.52µm
_13157_,16.52µm
u_accel.wfc\[456\]\[1\],16.52µm
u_accel.wfc\[62\]\[1\],16.52µm
net3656,16.52µm
net5916,16.52µm
u_accel.actm\[39\]\[2\],16.5µm
_08441_,16.48µm
axi_sram_addr\[5\],16.48µm
u_accel.wfc\[165\]\[5\],16.48µm
_09615_,16.46µm
_10455_,16.46µm
_13916_,16.46µm
l_idx\[10\],16.46µm
u_accel.wfc\[288\]\[5\],16.46µm
_13950_,16.45µm
_10305_,16.44µm
u_accel.imem\[18\]\[4\],16.44µm
u_accel.imem\[26\]\[5\],16.44µm
u_accel.wfc\[153\]\[5\],16.44µm
u_accel.wfc\[441\]\[4\],16.44µm
u_accel.wfc\[506\]\[0\],16.44µm
_13175_,16.42µm
u_accel.wfc\[197\]\[0\],16.42µm
_09198_,16.4µm
_11776_,16.4µm
_13156_,16.4µm
u_accel.actm\[25\]\[2\],16.4µm
u_accel.wfc\[37\]\[2\],16.4µm
_06871_,16.38µm
_08675_,16.38µm
_11398_,16.38µm
u_accel.imem\[25\]\[6\],16.38µm
u_accel.wfc\[128\]\[7\],16.38µm
u_accel.wfc\[146\]\[2\],16.38µm
u_accel.wfc\[177\]\[2\],16.38µm
u_accel.wfc\[395\]\[1\],16.38µm
u_accel.wfc\[504\]\[7\],16.38µm
_12610_,16.37µm
u_accel.actm\[108\]\[1\],16.36µm
u_accel.actm\[13\]\[4\],16.36µm
u_accel.wfc\[137\]\[2\],16.36µm
u_accel.wfc\[151\]\[5\],16.36µm
u_accel.wfc\[257\]\[5\],16.36µm
_08247_,16.34µm
_11340_,16.34µm
_13497_,16.34µm
axi_sram_wdata\[0\],16.34µm
u_accel.wfc\[341\]\[4\],16.34µm
_11160_,16.32µm
_11650_,16.32µm
u_accel.wfc\[257\]\[6\],16.32µm
u_accel.wfc\[350\]\[4\],16.32µm
u_accel.wfc\[392\]\[4\],16.32µm
u_accel.wfc\[397\]\[4\],16.32µm
u_accel.wfc\[453\]\[6\],16.32µm
_11504_,16.3µm
_12247_,16.3µm
_13999_,16.3µm
u_accel.actm\[119\]\[0\],16.3µm
u_accel.ii\[24\],16.3µm
u_accel.wfc\[316\]\[1\],16.3µm
u_accel.wfc\[316\]\[5\],16.3µm
u_accel.wfc\[453\]\[5\],16.3µm
u_csr.input_addr_o\[21\],16.3µm
net5796,16.3µm
_10883_,16.28µm
_12547_,16.28µm
u_accel.actm\[25\]\[0\],16.28µm
u_accel.wfc\[150\]\[0\],16.28µm
u_accel.wfc\[308\]\[3\],16.28µm
u_accel.wfc\[432\]\[2\],16.28µm
_08026_,16.26µm
_08074_,16.26µm
_08192_,16.26µm
_09072_,16.26µm
_10578_,16.26µm
_10910_,16.26µm
_12013_,16.26µm
_13678_,16.26µm
_14111_,16.26µm
_14124_,16.26µm
_14174_,16.26µm
u_accel.ii\[15\],16.26µm
u_accel.imem\[14\]\[1\],16.26µm
u_accel.wfc\[125\]\[1\],16.26µm
u_accel.wfc\[41\]\[4\],16.26µm
_10359_,16.25µm
_12086_,16.24µm
_12505_,16.24µm
_13232_,16.24µm
_13472_,16.24µm
axi_sram_wdata\[20\],16.24µm
u_accel.wfc\[110\]\[5\],16.24µm
_06901_,16.23µm
_06867_,16.22µm
_06951_,16.22µm
_09585_,16.22µm
_09945_,16.22µm
_11291_,16.22µm
_11335_,16.22µm
_11673_,16.22µm
_12558_,16.22µm
_13517_,16.22µm
_13945_,16.22µm
u_accel.wconv\[1\]\[4\],16.22µm
u_accel.wfc\[165\]\[0\],16.22µm
u_accel.wfc\[384\]\[5\],16.22µm
u_csr.output_addr_o\[14\],16.22µm
net4671,16.22µm
_10908_,16.2µm
_12731_,16.2µm
axi_rdata_o[6],16.2µm
u_accel.actm\[27\]\[7\],16.2µm
u_accel.wfc\[206\]\[0\],16.2µm
u_accel.wfc\[244\]\[4\],16.2µm
u_accel.wfc\[440\]\[6\],16.2µm
u_accel.wfc\[477\]\[1\],16.2µm
_06914_,16.18µm
_08312_,16.18µm
_10413_,16.18µm
_11063_,16.18µm
_11072_,16.18µm
_12388_,16.18µm
_13083_,16.18µm
u_accel.actm\[29\]\[0\],16.18µm
u_accel.bfc\[1\]\[10\],16.18µm
u_accel.ii\[10\],16.18µm
u_accel.imem\[27\]\[6\],16.18µm
u_accel.wfc\[239\]\[5\],16.18µm
net4936,16.18µm
_08040_,16.16µm
u_accel.ky\[10\],16.16µm
u_accel.wfc\[453\]\[0\],16.16µm
u_accel.wfc\[489\]\[4\],16.16µm
_09309_,16.14µm
u_accel.am_f\[31\],16.14µm
u_accel.imem\[63\]\[5\],16.14µm
u_accel.wfc\[173\]\[4\],16.14µm
u_accel.wfc\[181\]\[1\],16.14µm
u_accel.wfc\[221\]\[2\],16.14µm
u_accel.wfc\[323\]\[3\],16.14µm
u_accel.wfc\[382\]\[5\],16.14µm
u_accel.wfc\[437\]\[1\],16.14µm
u_accel.wfc\[439\]\[5\],16.14µm
u_accel.wfc\[468\]\[6\],16.14µm
_07980_,16.125µm
u_accel.imem\[12\]\[4\],16.125µm
u_accel.actm\[36\]\[6\],16.12µm
u_accel.ii\[19\],16.12µm
u_accel.ky\[6\],16.12µm
u_accel.wfc\[128\]\[4\],16.12µm
u_accel.bfc\[3\]\[7\],16.115µm
_08367_,16.1µm
_08703_,16.1µm
_08763_,16.1µm
u_accel.imem\[62\]\[3\],16.1µm
u_accel.wfc\[107\]\[6\],16.1µm
u_accel.wfc\[29\]\[5\],16.1µm
u_csr.output_addr_o\[25\],16.1µm
net5844,16.08µm
u_accel.wfc\[232\]\[7\],16.07µm
_08897_,16.06µm
_11318_,16.06µm
_12966_,16.06µm
u_accel.f\[7\],16.06µm
u_accel.wfc\[156\]\[1\],16.06µm
u_accel.wfc\[509\]\[0\],16.06µm
_14214_,16.05µm
_13229_,16.04µm
u_accel.imem\[40\]\[6\],16.04µm
u_accel.wconv\[15\]\[2\],16.04µm
u_accel.wfc\[396\]\[2\],16.04µm
u_accel.wfc\[417\]\[0\],16.04µm
_09233_,16.02µm
_10911_,16.02µm
u_accel.imem\[25\]\[5\],16.02µm
u_accel.logitm\[3\]\[23\],16.02µm
u_accel.logitm\[3\]\[7\],16.02µm
u_accel.wfc\[117\]\[1\],16.02µm
u_accel.wfc\[133\]\[5\],16.02µm
u_accel.wfc\[138\]\[1\],16.02µm
u_accel.wfc\[157\]\[6\],16.02µm
u_accel.wfc\[308\]\[4\],16.02µm
u_accel.wfc\[443\]\[7\],16.02µm
u_accel.wfc\[496\]\[5\],16.02µm
u_accel.wfc\[498\]\[6\],16.02µm
_12824_,16.015µm
u_accel.wfc\[12\]\[7\],16µm
u_accel.wfc\[510\]\[2\],16µm
_08963_,15.98µm
_11791_,15.98µm
axi_sram_wdata\[21\],15.98µm
u_accel.actm\[125\]\[3\],15.98µm
u_accel.wconv\[4\]\[2\],15.98µm
u_accel.wconv\[7\]\[0\],15.98µm
u_accel.wfc\[125\]\[2\],15.98µm
u_accel.wfc\[126\]\[0\],15.98µm
u_accel.wfc\[197\]\[3\],15.98µm
u_accel.wfc\[261\]\[7\],15.98µm
u_accel.wfc\[375\]\[4\],15.98µm
u_csr.input_addr_o\[7\],15.98µm
net6041,15.98µm
_13405_,15.96µm
u_accel.wfc\[296\]\[2\],15.96µm
u_accel.wfc\[471\]\[1\],15.96µm
_11404_,15.94µm
u_accel.f\[17\],15.94µm
u_accel.imem\[32\]\[7\],15.94µm
u_accel.wfc\[174\]\[1\],15.94µm
u_accel.wfc\[236\]\[3\],15.94µm
u_accel.wfc\[260\]\[1\],15.94µm
u_accel.wfc\[340\]\[2\],15.94µm
u_accel.wfc\[376\]\[0\],15.94µm
_09024_,15.925µm
axi_acc_wdata\[6\],15.92µm
u_accel.wfc\[204\]\[4\],15.92µm
u_accel.wfc\[428\]\[0\],15.92µm
_10036_,15.9µm
u_accel.actm\[81\]\[3\],15.9µm
u_accel.wfc\[100\]\[6\],15.9µm
u_accel.wfc\[209\]\[5\],15.9µm
u_accel.wfc\[20\]\[2\],15.9µm
u_accel.wfc\[220\]\[5\],15.9µm
u_accel.wfc\[415\]\[3\],15.9µm
_08771_,15.885µm
_08005_,15.88µm
_08266_,15.88µm
u_accel.wfc\[108\]\[6\],15.88µm
u_accel.wfc\[152\]\[0\],15.88µm
u_accel.wfc\[184\]\[6\],15.88µm
u_accel.wfc\[317\]\[6\],15.88µm
u_accel.wfc\[334\]\[0\],15.88µm
u_accel.wfc\[73\]\[4\],15.88µm
_08983_,15.86µm
_12705_,15.86µm
u_accel.imem\[33\]\[4\],15.86µm
u_accel.imem\[3\]\[2\],15.86µm
u_accel.wfc\[172\]\[7\],15.86µm
u_accel.wfc\[180\]\[1\],15.86µm
u_accel.wfc\[300\]\[6\],15.86µm
u_accel.wfc\[52\]\[6\],15.86µm
u_accel.wfc\[77\]\[0\],15.86µm
_08951_,15.84µm
_11597_,15.84µm
_14049_,15.84µm
u_accel.actm\[87\]\[2\],15.84µm
u_accel.f\[13\],15.84µm
u_accel.wfc\[242\]\[2\],15.84µm
u_accel.wfc\[312\]\[7\],15.84µm
u_accel.wfc\[329\]\[4\],15.84µm
u_accel.wfc\[3\]\[5\],15.84µm
u_accel.wfc\[460\]\[1\],15.84µm
_08391_,15.82µm
_10165_,15.82µm
_11282_,15.82µm
u_accel.actm\[71\]\[0\],15.82µm
u_accel.logitm\[0\]\[13\],15.82µm
u_accel.wfc\[102\]\[3\],15.82µm
u_accel.wfc\[316\]\[7\],15.82µm
u_accel.wfc\[36\]\[5\],15.82µm
u_accel.wfc\[448\]\[3\],15.82µm
_12544_,15.81µm
_12219_,15.8µm
u_accel.wfc\[164\]\[5\],15.8µm
u_accel.wfc\[234\]\[0\],15.8µm
u_accel.wfc\[248\]\[1\],15.8µm
u_accel.wfc\[276\]\[2\],15.8µm
u_accel.wfc\[316\]\[0\],15.8µm
_12807_,15.795µm
_09569_,15.78µm
_11139_,15.78µm
_13012_,15.78µm
_14017_,15.78µm
u_accel.wfc\[138\]\[2\],15.78µm
u_accel.wfc\[182\]\[7\],15.78µm
u_accel.wfc\[444\]\[3\],15.78µm
_08208_,15.76µm
_08629_,15.76µm
_09763_,15.76µm
_12118_,15.76µm
_13365_,15.76µm
_13975_,15.76µm
u_accel.bconv\[1\]\[6\],15.76µm
u_accel.wfc\[204\]\[1\],15.76µm
u_accel.wfc\[269\]\[3\],15.76µm
u_accel.wfc\[44\]\[6\],15.76µm
u_accel.wfc\[505\]\[2\],15.76µm
u_csr.cfg_q\[10\],15.76µm
u_accel.wfc\[176\]\[5\],15.75µm
_08285_,15.74µm
_10402_,15.74µm
_12083_,15.74µm
_12542_,15.74µm
axi_rdata_o[3],15.74µm
u_accel.actm\[36\]\[3\],15.74µm
u_accel.imem\[53\]\[4\],15.74µm
u_accel.st\[8\],15.74µm
u_accel.wfc\[58\]\[4\],15.74µm
_12454_,15.73µm
_12987_,15.73µm
_05673_,15.725µm
_09207_,15.725µm
_08120_,15.72µm
_09459_,15.72µm
axi_acc_wdata\[14\],15.72µm
u_accel.wconv\[0\]\[6\],15.72µm
u_accel.wfc\[185\]\[6\],15.72µm
u_accel.wfc\[281\]\[4\],15.72µm
u_accel.wfc\[288\]\[2\],15.72µm
u_accel.wfc\[295\]\[5\],15.72µm
_09857_,15.7µm
_10503_,15.7µm
_10933_,15.7µm
_12943_,15.7µm
u_accel.actm\[100\]\[0\],15.7µm
u_accel.wfc\[417\]\[5\],15.7µm
u_accel.wfc\[472\]\[3\],15.7µm
_08975_,15.68µm
_13205_,15.68µm
u_accel.c\[28\],15.68µm
u_accel.wconv\[7\]\[1\],15.68µm
u_accel.wfc\[213\]\[2\],15.68µm
u_accel.wfc\[421\]\[4\],15.68µm
u_accel.wfc\[441\]\[3\],15.68µm
u_accel.wfc\[491\]\[0\],15.68µm
u_accel.wfc\[5\]\[6\],15.68µm
u_accel.wfc\[75\]\[5\],15.68µm
_10799_,15.67µm
_08428_,15.66µm
_12298_,15.66µm
_12992_,15.66µm
u_accel.wfc\[357\]\[0\],15.66µm
u_accel.wfc\[510\]\[4\],15.66µm
net4872,15.66µm
_09820_,15.655µm
_12647_,15.64µm
_13177_,15.64µm
u_accel.f\[14\],15.64µm
u_accel.wfc\[201\]\[4\],15.64µm
u_accel.wfc\[301\]\[3\],15.64µm
u_csr.len_o\[9\],15.64µm
_07883_,15.62µm
_08286_,15.6µm
_13223_,15.6µm
u_accel.logitm\[1\]\[23\],15.6µm
net4906,15.6µm
_09828_,15.58µm
_10432_,15.58µm
u_accel.actm\[72\]\[2\],15.58µm
u_accel.wfc\[433\]\[4\],15.58µm
u_csr.output_addr_o\[20\],15.57µm
_06898_,15.56µm
_08014_,15.56µm
_13985_,15.56µm
_14153_,15.56µm
u_accel.wfc\[136\]\[4\],15.56µm
u_accel.wfc\[143\]\[4\],15.56µm
u_accel.wfc\[311\]\[2\],15.56µm
u_accel.wfc\[383\]\[7\],15.56µm
_09567_,15.54µm
_13352_,15.54µm
u_accel.c\[26\],15.54µm
u_accel.wfc\[4\]\[4\],15.54µm
_11856_,15.52µm
_13238_,15.52µm
_13314_,15.52µm
u_accel.am_f\[16\],15.52µm
u_accel.bfc\[3\]\[15\],15.52µm
u_accel.wfc\[137\]\[0\],15.52µm
u_accel.wfc\[197\]\[1\],15.52µm
u_accel.wfc\[378\]\[2\],15.52µm
u_accel.wfc\[445\]\[2\],15.52µm
_08158_,15.5µm
_08791_,15.5µm
_10290_,15.5µm
_10726_,15.5µm
_12657_,15.5µm
_13625_,15.5µm
net2590,15.5µm
_11347_,15.485µm
u_accel.wfc\[237\]\[4\],15.48µm
u_accel.wfc\[379\]\[5\],15.48µm
_11107_,15.465µm
u_accel.actm\[30\]\[7\],15.46µm
u_accel.actm\[81\]\[2\],15.46µm
u_accel.imem\[13\]\[2\],15.46µm
u_accel.wconv\[2\]\[6\],15.46µm
u_accel.wfc\[456\]\[3\],15.46µm
_08150_,15.44µm
_13163_,15.44µm
u_accel.actm\[53\]\[5\],15.44µm
u_accel.wfc\[478\]\[3\],15.44µm
net471,15.44µm
net805,15.44µm
u_accel.wfc\[416\]\[0\],15.435µm
_08345_,15.42µm
u_accel.imem\[22\]\[1\],15.42µm
u_accel.wfc\[120\]\[0\],15.42µm
u_accel.wfc\[354\]\[0\],15.42µm
u_accel.wfc\[381\]\[3\],15.42µm
u_accel.wfc\[382\]\[6\],15.42µm
u_accel.wfc\[413\]\[1\],15.42µm
u_accel.wfc\[44\]\[7\],15.42µm
u_accel.wfc\[85\]\[5\],15.42µm
_11899_,15.4µm
_12263_,15.4µm
_13991_,15.4µm
u_accel.actm\[102\]\[1\],15.4µm
u_accel.actm\[116\]\[6\],15.4µm
u_accel.am_f\[3\],15.4µm
u_accel.wfc\[428\]\[4\],15.4µm
u_accel.wfc\[477\]\[6\],15.4µm
u_csr.weight_addr_o\[21\],15.4µm
net2003,15.4µm
_10923_,15.39µm
_10859_,15.38µm
_14178_,15.38µm
u_accel.actm\[124\]\[7\],15.38µm
u_accel.imem\[28\]\[7\],15.38µm
u_accel.wfc\[208\]\[4\],15.38µm
u_accel.wfc\[296\]\[4\],15.38µm
u_accel.wfc\[309\]\[6\],15.38µm
u_accel.wfc\[324\]\[2\],15.38µm
u_accel.wfc\[355\]\[1\],15.38µm
net6096,15.38µm
_09068_,15.365µm
_10719_,15.36µm
_13620_,15.36µm
u_accel.wfc\[236\]\[6\],15.36µm
u_accel.wfc\[488\]\[0\],15.36µm
u_accel.wfc\[84\]\[0\],15.36µm
_08141_,15.34µm
_09450_,15.34µm
u_accel.c\[12\],15.34µm
u_accel.imem\[11\]\[0\],15.34µm
u_accel.wconv\[11\]\[2\],15.34µm
u_accel.wfc\[12\]\[1\],15.34µm
u_accel.wfc\[131\]\[6\],15.34µm
u_accel.wfc\[185\]\[1\],15.34µm
u_accel.wfc\[37\]\[3\],15.34µm
u_accel.wfc\[405\]\[0\],15.34µm
u_accel.wfc\[408\]\[3\],15.34µm
u_accel.wfc\[416\]\[4\],15.34µm
net564,15.34µm
_08658_,15.32µm
u_accel.wfc\[104\]\[4\],15.32µm
u_accel.wfc\[164\]\[6\],15.32µm
u_accel.wfc\[294\]\[2\],15.32µm
u_accel.wfc\[369\]\[0\],15.32µm
u_accel.wfc\[38\]\[5\],15.32µm
u_accel.wfc\[459\]\[3\],15.32µm
u_accel.wfc\[460\]\[7\],15.32µm
u_accel.wfc\[92\]\[2\],15.32µm
_08415_,15.3µm
_13981_,15.3µm
u_accel.f\[22\],15.3µm
u_accel.wfc\[189\]\[0\],15.3µm
u_accel.wfc\[21\]\[6\],15.3µm
u_accel.wfc\[313\]\[5\],15.3µm
u_accel.wfc\[424\]\[6\],15.3µm
_08227_,15.28µm
u_accel.actm\[15\]\[2\],15.28µm
u_accel.am_f\[29\],15.28µm
u_accel.wfc\[198\]\[5\],15.28µm
u_accel.wfc\[206\]\[7\],15.28µm
u_accel.wfc\[30\]\[4\],15.28µm
u_accel.wfc\[368\]\[0\],15.28µm
net3321,15.28µm
_13947_,15.27µm
_07926_,15.26µm
_09734_,15.26µm
u_accel.actm\[24\]\[3\],15.26µm
u_accel.actm\[41\]\[7\],15.26µm
u_accel.f\[12\],15.26µm
u_accel.imem\[35\]\[7\],15.26µm
u_accel.logitm\[3\]\[11\],15.26µm
u_accel.wfc\[173\]\[1\],15.26µm
u_accel.wfc\[218\]\[3\],15.26µm
u_accel.wfc\[247\]\[6\],15.26µm
u_accel.wfc\[475\]\[2\],15.26µm
u_accel.wfc\[49\]\[0\],15.26µm
u_accel.wfc\[83\]\[2\],15.26µm
net3172,15.26µm
net4087,15.26µm
u_accel.actm\[125\]\[1\],15.24µm
u_accel.actm\[23\]\[6\],15.24µm
u_accel.actm\[62\]\[5\],15.24µm
u_accel.imem\[27\]\[4\],15.24µm
u_accel.wfc\[326\]\[2\],15.24µm
u_accel.wfc\[372\]\[0\],15.24µm
u_accel.wfc\[469\]\[6\],15.24µm
_10586_,15.22µm
_12930_,15.22µm
_13292_,15.22µm
_13501_,15.22µm
axi_sram_wdata\[19\],15.22µm
u_accel.actm\[117\]\[7\],15.22µm
u_accel.wfc\[472\]\[4\],15.22µm
_14215_,15.21µm
_08348_,15.2µm
_11922_,15.2µm
_13010_,15.2µm
u_accel.wfc\[152\]\[3\],15.2µm
u_accel.wfc\[188\]\[1\],15.2µm
net2490,15.2µm
net2769,15.2µm
u_accel.wfc\[102\]\[1\],15.18µm
_09485_,15.16µm
_12467_,15.16µm
net5798,15.16µm
_11572_,15.145µm
_09038_,15.14µm
_13025_,15.14µm
axi_acc_wdata\[22\],15.14µm
u_accel.actm\[105\]\[3\],15.14µm
u_accel.actm\[121\]\[7\],15.14µm
u_accel.wfc\[13\]\[2\],15.14µm
u_accel.wfc\[155\]\[6\],15.14µm
u_csr.len_o\[2\],15.14µm
u_accel.wfc\[485\]\[3\],15.13µm
_11178_,15.12µm
u_accel.wfc\[199\]\[0\],15.12µm
u_accel.wfc\[201\]\[6\],15.12µm
u_accel.wfc\[373\]\[7\],15.12µm
u_accel.wfc\[37\]\[6\],15.12µm
_13429_,15.1µm
_14080_,15.1µm
u_accel.wconv\[3\]\[4\],15.1µm
u_accel.wfc\[117\]\[2\],15.1µm
u_accel.wfc\[13\]\[4\],15.1µm
u_accel.wfc\[315\]\[4\],15.1µm
net2395,15.1µm
_08459_,15.08µm
_09262_,15.08µm
u_accel.imem\[30\]\[2\],15.08µm
u_accel.logitm\[3\]\[14\],15.08µm
u_accel.wfc\[68\]\[5\],15.08µm
_07832_,15.06µm
_08766_,15.06µm
_10339_,15.06µm
_11729_,15.06µm
_12385_,15.06µm
_12400_,15.06µm
_12708_,15.06µm
u_accel.actm\[42\]\[4\],15.06µm
u_accel.imem\[56\]\[6\],15.06µm
u_accel.wfc\[289\]\[0\],15.06µm
u_accel.wfc\[289\]\[7\],15.06µm
u_accel.wfc\[313\]\[4\],15.06µm
u_accel.wfc\[441\]\[1\],15.06µm
u_accel.wfc\[53\]\[7\],15.06µm
_09298_,15.04µm
net3918,15.04µm
_12838_,15.03µm
_07824_,15.02µm
u_accel.imem\[0\]\[7\],15.02µm
u_accel.wfc\[229\]\[1\],15.02µm
u_accel.wfc\[384\]\[4\],15.02µm
u_accel.wfc\[476\]\[4\],15.02µm
net3032,15.02µm
u_accel.actm\[49\]\[7\],15.01µm
u_accel.wfc\[369\]\[4\],15.01µm
_06899_,15µm
_10301_,15µm
_12969_,15µm
_13531_,15µm
u_accel.actm\[116\]\[7\],15µm
u_accel.actm\[64\]\[3\],15µm
u_accel.wfc\[116\]\[0\],15µm
u_accel.wfc\[122\]\[6\],15µm
u_accel.wfc\[320\]\[5\],15µm
u_accel.wfc\[480\]\[1\],15µm
u_accel.wfc\[488\]\[3\],15µm
_06900_,14.98µm
_08084_,14.98µm
_08402_,14.98µm
_13041_,14.98µm
_13630_,14.98µm
axi_acc_wdata\[9\],14.98µm
axi_sram_wdata\[12\],14.98µm
u_accel.actm\[18\]\[6\],14.98µm
u_accel.actm\[24\]\[7\],14.98µm
u_accel.wfc\[244\]\[2\],14.98µm
u_accel.wfc\[330\]\[3\],14.98µm
u_accel.wfc\[361\]\[4\],14.98µm
u_accel.wfc\[361\]\[6\],14.98µm
u_accel.wfc\[403\]\[7\],14.98µm
u_accel.wfc\[412\]\[2\],14.98µm
u_accel.wfc\[416\]\[7\],14.98µm
u_accel.wfc\[452\]\[6\],14.98µm
u_accel.wfc\[468\]\[2\],14.98µm
u_accel.wfc\[475\]\[6\],14.98µm
_13252_,14.96µm
axi_acc_wdata\[16\],14.96µm
u_accel.wfc\[122\]\[2\],14.96µm
u_accel.wfc\[29\]\[1\],14.96µm
u_accel.wfc\[409\]\[1\],14.96µm
u_accel.wfc\[501\]\[1\],14.96µm
u_accel.wfc\[502\]\[0\],14.96µm
u_csr.input_addr_o\[27\],14.96µm
net5697,14.96µm
net5876,14.96µm
_06860_,14.94µm
_08693_,14.94µm
_14166_,14.94µm
u_accel.actm\[2\]\[0\],14.94µm
u_accel.actm\[4\]\[6\],14.94µm
u_accel.wfc\[220\]\[6\],14.94µm
u_accel.wfc\[421\]\[1\],14.94µm
u_accel.wfc\[5\]\[0\],14.94µm
u_csr.weight_addr_o\[11\],14.94µm
net3135,14.94µm
_11683_,14.92µm
_12741_,14.92µm
u_accel.actm\[25\]\[6\],14.92µm
u_accel.wfc\[181\]\[2\],14.92µm
u_accel.wfc\[295\]\[0\],14.92µm
u_accel.wfc\[313\]\[0\],14.92µm
u_accel.wfc\[342\]\[2\],14.92µm
u_accel.wfc\[384\]\[6\],14.92µm
u_accel.wfc\[416\]\[1\],14.92µm
u_accel.wfc\[457\]\[1\],14.92µm
net1540,14.92µm
_12162_,14.9µm
_12462_,14.9µm
_13481_,14.9µm
u_accel.actm\[64\]\[4\],14.9µm
u_accel.imem\[3\]\[6\],14.9µm
u_accel.wfc\[116\]\[3\],14.9µm
u_accel.wfc\[136\]\[5\],14.9µm
u_accel.wfc\[411\]\[5\],14.9µm
u_accel.wfc\[451\]\[1\],14.9µm
u_accel.wfc\[468\]\[0\],14.9µm
u_accel.wfc\[48\]\[2\],14.9µm
u_accel.wfc\[77\]\[5\],14.9µm
_09652_,14.88µm
_10907_,14.88µm
_10975_,14.88µm
_11133_,14.88µm
_11607_,14.88µm
_12160_,14.88µm
_12472_,14.88µm
_12868_,14.88µm
_14201_,14.88µm
u_accel.actm\[31\]\[6\],14.88µm
u_accel.c\[5\],14.88µm
u_accel.wconv\[3\]\[3\],14.88µm
u_accel.wfc\[175\]\[7\],14.88µm
u_accel.wfc\[289\]\[5\],14.88µm
u_accel.wfc\[304\]\[1\],14.88µm
net5165,14.88µm
_06830_,14.86µm
_08061_,14.86µm
_12158_,14.86µm
u_accel.wfc\[134\]\[2\],14.86µm
u_accel.wfc\[208\]\[2\],14.86µm
u_accel.wfc\[464\]\[4\],14.86µm
u_accel.wfc\[494\]\[6\],14.86µm
_05977_,14.845µm
_12712_,14.84µm
_12765_,14.84µm
u_accel.actm\[68\]\[4\],14.84µm
u_accel.actm\[91\]\[5\],14.84µm
u_accel.actm\[9\]\[7\],14.84µm
u_accel.imem\[30\]\[3\],14.84µm
u_accel.wfc\[121\]\[0\],14.84µm
u_accel.wfc\[157\]\[3\],14.84µm
u_accel.wfc\[392\]\[3\],14.84µm
u_accel.wfc\[476\]\[5\],14.84µm
u_accel.wfc\[478\]\[7\],14.84µm
u_accel.wfc\[501\]\[4\],14.84µm
u_csr.cfg_q\[16\],14.84µm
net3544,14.84µm
net3886,14.84µm
net4306,14.84µm
net4507,14.84µm
net4707,14.84µm
net5129,14.84µm
net5199,14.84µm
_13577_,14.82µm
u_accel.wfc\[161\]\[7\],14.82µm
u_accel.wfc\[195\]\[5\],14.82µm
u_accel.wfc\[201\]\[1\],14.82µm
u_accel.wfc\[389\]\[2\],14.82µm
u_accel.wfc\[122\]\[4\],14.815µm
_08194_,14.8µm
_08210_,14.8µm
_11411_,14.8µm
_13182_,14.8µm
_13657_,14.8µm
u_accel.wfc\[124\]\[2\],14.8µm
u_accel.wfc\[354\]\[5\],14.8µm
u_accel.wfc\[397\]\[6\],14.8µm
u_accel.wfc\[465\]\[6\],14.8µm
u_csr.cfg_q\[5\],14.8µm
u_csr.len_o\[18\],14.8µm
net5190,14.8µm
_14150_,14.795µm
_13612_,14.78µm
_14151_,14.78µm
u_accel.actm\[83\]\[2\],14.78µm
net1869,14.78µm
_10144_,14.765µm
_07116_,14.76µm
_10398_,14.76µm
_10966_,14.76µm
u_accel.wfc\[271\]\[4\],14.76µm
u_csr.output_addr_o\[30\],14.76µm
_02394_,14.745µm
_11941_,14.74µm
_14010_,14.74µm
u_accel.f\[9\],14.74µm
u_accel.wfc\[156\]\[5\],14.74µm
u_accel.wfc\[343\]\[4\],14.74µm
net6039,14.74µm
_12789_,14.735µm
_13268_,14.72µm
u_accel.am_f\[20\],14.72µm
u_accel.wfc\[35\]\[6\],14.72µm
u_accel.wfc\[362\]\[0\],14.72µm
u_accel.wfc\[393\]\[3\],14.72µm
u_accel.wfc\[489\]\[5\],14.72µm
net3278,14.72µm
net3501,14.7µm
u_accel.actm\[93\]\[5\],14.685µm
_11177_,14.68µm
_13392_,14.68µm
u_accel.imem\[42\]\[3\],14.68µm
u_accel.wfc\[109\]\[6\],14.68µm
u_accel.wfc\[368\]\[6\],14.68µm
_06873_,14.66µm
_12849_,14.66µm
_13081_,14.66µm
u_accel.am_f\[7\],14.66µm
u_accel.logitm\[1\]\[5\],14.66µm
u_accel.wfc\[136\]\[7\],14.66µm
u_accel.wfc\[292\]\[5\],14.66µm
u_accel.wfc\[428\]\[6\],14.66µm
_09512_,14.64µm
_09843_,14.64µm
_10318_,14.64µm
_11798_,14.64µm
u_accel.imem\[43\]\[6\],14.64µm
u_accel.wfc\[357\]\[5\],14.64µm
net5839,14.64µm
_08163_,14.62µm
_09104_,14.62µm
u_accel.ii\[30\],14.62µm
u_accel.imem\[15\]\[1\],14.62µm
u_csr.output_addr_o\[3\],14.62µm
net3769,14.62µm
_10092_,14.6µm
_12443_,14.6µm
u_accel.wconv\[12\]\[2\],14.6µm
u_accel.wfc\[122\]\[5\],14.6µm
u_accel.wfc\[217\]\[5\],14.6µm
u_accel.wfc\[238\]\[1\],14.6µm
u_accel.wfc\[274\]\[5\],14.6µm
net2737,14.6µm
_07983_,14.58µm
_13510_,14.58µm
u_accel.imem\[20\]\[6\],14.58µm
_13049_,14.57µm
sram_din\[5\],14.57µm
_09102_,14.56µm
_09895_,14.56µm
_10816_,14.56µm
u_accel.imem\[12\]\[3\],14.56µm
u_accel.wfc\[124\]\[6\],14.56µm
u_accel.wfc\[157\]\[0\],14.56µm
u_accel.wfc\[221\]\[7\],14.56µm
u_accel.wfc\[364\]\[3\],14.56µm
u_accel.wfc\[449\]\[5\],14.56µm
u_accel.wfc\[94\]\[7\],14.56µm
u_csr.output_addr_o\[23\],14.55µm
_08118_,14.54µm
_09894_,14.54µm
_12405_,14.54µm
u_accel.actm\[8\]\[3\],14.54µm
u_accel.kx\[11\],14.54µm
u_accel.wfc\[13\]\[7\],14.54µm
u_accel.wfc\[299\]\[2\],14.54µm
u_accel.wfc\[441\]\[6\],14.54µm
u_accel.wfc\[448\]\[6\],14.54µm
u_accel.wfc\[508\]\[2\],14.54µm
u_accel.wfc\[5\]\[3\],14.54µm
u_accel.wfc\[94\]\[6\],14.54µm
_03464_,14.525µm
_08356_,14.52µm
_11783_,14.52µm
_12483_,14.52µm
_13191_,14.52µm
u_accel.ii\[16\],14.52µm
u_accel.wfc\[112\]\[0\],14.52µm
u_accel.wfc\[283\]\[5\],14.52µm
u_accel.wfc\[333\]\[5\],14.52µm
u_accel.wfc\[428\]\[1\],14.52µm
u_accel.wfc\[432\]\[4\],14.52µm
u_accel.wfc\[432\]\[7\],14.52µm
u_accel.wfc\[80\]\[4\],14.52µm
u_accel.wfc\[134\]\[0\],14.5µm
u_accel.wfc\[146\]\[6\],14.5µm
u_accel.wfc\[177\]\[6\],14.5µm
u_accel.wfc\[18\]\[1\],14.5µm
u_accel.wfc\[232\]\[1\],14.5µm
u_accel.wfc\[280\]\[5\],14.5µm
u_accel.wfc\[301\]\[4\],14.5µm
u_accel.wfc\[376\]\[4\],14.5µm
u_accel.wfc\[404\]\[0\],14.5µm
u_accel.wfc\[445\]\[5\],14.5µm
net5267,14.5µm
_07931_,14.49µm
_07127_,14.48µm
_11088_,14.48µm
u_accel.actm\[20\]\[5\],14.48µm
u_accel.actm\[37\]\[4\],14.48µm
u_accel.bfc\[3\]\[11\],14.48µm
u_accel.logitm\[1\]\[2\],14.48µm
u_accel.wfc\[12\]\[0\],14.48µm
u_accel.wfc\[153\]\[1\],14.48µm
u_accel.wfc\[263\]\[7\],14.48µm
u_accel.wfc\[473\]\[3\],14.48µm
u_accel.wfc\[72\]\[1\],14.48µm
u_accel.wfc\[84\]\[5\],14.48µm
_07922_,14.46µm
_08243_,14.46µm
_09508_,14.46µm
_10626_,14.46µm
_11194_,14.46µm
u_accel.actm\[116\]\[2\],14.46µm
u_accel.bfc\[2\]\[12\],14.46µm
u_accel.imem\[21\]\[3\],14.46µm
net5499,14.46µm
_12614_,14.44µm
_13671_,14.44µm
u_accel.actm\[44\]\[4\],14.44µm
u_accel.imem\[47\]\[1\],14.44µm
u_accel.wfc\[224\]\[0\],14.44µm
u_accel.wfc\[392\]\[1\],14.44µm
u_accel.actm\[108\]\[4\],14.42µm
u_accel.bfc\[3\]\[31\],14.42µm
u_accel.wfc\[196\]\[4\],14.42µm
u_accel.wfc\[200\]\[2\],14.42µm
u_accel.wfc\[247\]\[7\],14.42µm
u_accel.wfc\[24\]\[0\],14.42µm
u_accel.wfc\[256\]\[6\],14.42µm
u_accel.wfc\[418\]\[7\],14.42µm
u_accel.wfc\[420\]\[5\],14.42µm
u_accel.wfc\[60\]\[0\],14.42µm
_08096_,14.4µm
_11241_,14.4µm
u_accel.imem\[32\]\[3\],14.4µm
u_accel.wfc\[187\]\[0\],14.4µm
u_accel.wfc\[325\]\[2\],14.4µm
_07920_,14.38µm
_08025_,14.38µm
_10763_,14.38µm
_12366_,14.38µm
_12791_,14.38µm
u_accel.ii\[26\],14.38µm
u_accel.imem\[48\]\[2\],14.38µm
u_accel.imem\[5\]\[3\],14.38µm
u_accel.wfc\[121\]\[3\],14.38µm
u_accel.wfc\[353\]\[1\],14.38µm
u_accel.wfc\[453\]\[1\],14.38µm
u_accel.wfc\[61\]\[7\],14.38µm
net3864,14.38µm
net4119,14.38µm
net4439,14.38µm
net4595,14.38µm
net5043,14.38µm
_07844_,14.36µm
u_accel.actm\[108\]\[2\],14.36µm
u_accel.c\[13\],14.36µm
u_accel.wfc\[354\]\[7\],14.36µm
net1344,14.36µm
net3728,14.36µm
_06413_,14.355µm
_07812_,14.34µm
_08810_,14.34µm
_10660_,14.34µm
_13397_,14.34µm
u_accel.actm\[21\]\[7\],14.34µm
u_accel.am_f\[14\],14.34µm
u_accel.wfc\[103\]\[3\],14.34µm
u_accel.wfc\[147\]\[0\],14.34µm
u_accel.wfc\[249\]\[2\],14.34µm
u_accel.wfc\[439\]\[0\],14.34µm
net5777,14.34µm
net6011,14.34µm
d_rdata\[20\],14.32µm
u_accel.actm\[43\]\[5\],14.32µm
u_accel.actm\[50\]\[3\],14.32µm
u_accel.wfc\[153\]\[3\],14.32µm
u_accel.wfc\[224\]\[7\],14.32µm
u_accel.wfc\[53\]\[1\],14.32µm
_09607_,14.3µm
_09898_,14.3µm
_10582_,14.3µm
_11061_,14.3µm
_11490_,14.3µm
_12173_,14.3µm
_13408_,14.3µm
u_accel.wfc\[468\]\[3\],14.3µm
_13669_,14.29µm
_09122_,14.28µm
u_accel.wconv\[13\]\[3\],14.28µm
u_accel.wfc\[157\]\[7\],14.28µm
u_accel.wfc\[478\]\[4\],14.28µm
net3159,14.28µm
net4305,14.28µm
net5836,14.28µm
net6021,14.28µm
_08427_,14.27µm
_08271_,14.26µm
_11749_,14.26µm
_11918_,14.26µm
_13007_,14.26µm
_13271_,14.26µm
_13326_,14.26µm
_13667_,14.26µm
_14118_,14.26µm
u_accel.actm\[127\]\[5\],14.26µm
u_accel.actm\[81\]\[1\],14.26µm
u_accel.actm\[99\]\[2\],14.26µm
u_accel.imem\[26\]\[2\],14.26µm
u_accel.imem\[52\]\[2\],14.26µm
u_accel.imem\[56\]\[3\],14.26µm
u_accel.wfc\[164\]\[1\],14.26µm
u_accel.wfc\[433\]\[6\],14.26µm
u_accel.wfc\[503\]\[4\],14.26µm
net4762,14.26µm
_14194_,14.255µm
_09371_,14.24µm
u_accel.wfc\[253\]\[3\],14.24µm
net1054,14.24µm
net1359,14.24µm
net2503,14.24µm
net2584,14.24µm
net3422,14.24µm
net5001,14.24µm
net5272,14.24µm
_08315_,14.235µm
_12888_,14.23µm
u_accel.wfc\[348\]\[1\],14.23µm
_08308_,14.22µm
_08626_,14.22µm
_09324_,14.22µm
_09821_,14.22µm
_09944_,14.22µm
_10094_,14.22µm
_13567_,14.22µm
u_accel.imem\[22\]\[5\],14.22µm
u_accel.imem\[2\]\[3\],14.22µm
u_accel.imem\[63\]\[1\],14.22µm
u_accel.logitm\[2\]\[31\],14.22µm
u_accel.wfc\[339\]\[5\],14.22µm
u_accel.wfc\[446\]\[3\],14.22µm
_09654_,14.2µm
net824,14.2µm
net3380,14.2µm
_12362_,14.18µm
_12906_,14.18µm
_13103_,14.18µm
ld_acc_addr\[3\],14.18µm
u_accel.actm\[58\]\[3\],14.18µm
u_accel.actm\[99\]\[5\],14.18µm
u_accel.imem\[10\]\[2\],14.18µm
u_accel.wfc\[198\]\[7\],14.18µm
u_accel.wfc\[39\]\[4\],14.18µm
u_accel.wfc\[412\]\[0\],14.18µm
u_accel.wfc\[451\]\[7\],14.18µm
u_accel.wfc\[486\]\[1\],14.18µm
u_accel.wfc\[85\]\[6\],14.18µm
net5733,14.18µm
_11744_,14.16µm
u_accel.actm\[27\]\[3\],14.16µm
u_accel.wfc\[288\]\[0\],14.16µm
_07784_,14.14µm
_10371_,14.14µm
_14177_,14.14µm
u_accel.am_f\[22\],14.14µm
u_accel.imem\[62\]\[4\],14.14µm
u_accel.wconv\[0\]\[3\],14.14µm
u_accel.wfc\[295\]\[7\],14.14µm
u_accel.wfc\[61\]\[5\],14.14µm
u_accel.wfc\[75\]\[4\],14.14µm
u_accel.actm\[53\]\[3\],14.12µm
u_accel.wfc\[51\]\[0\],14.12µm
net4536,14.12µm
net5147,14.12µm
_13560_,14.1µm
u_accel.imem\[20\]\[4\],14.1µm
u_accel.logitm\[2\]\[27\],14.1µm
u_accel.wconv\[2\]\[5\],14.1µm
u_accel.wfc\[109\]\[7\],14.1µm
u_accel.wfc\[209\]\[0\],14.1µm
u_accel.wfc\[283\]\[0\],14.1µm
u_accel.wfc\[45\]\[3\],14.1µm
u_accel.wfc\[509\]\[2\],14.1µm
u_accel.wfc\[89\]\[1\],14.1µm
_08108_,14.08µm
_09486_,14.08µm
_10427_,14.08µm
_12649_,14.08µm
_12913_,14.08µm
u_accel.actm\[55\]\[4\],14.08µm
u_accel.wfc\[173\]\[6\],14.08µm
u_accel.wfc\[68\]\[7\],14.08µm
net4045,14.08µm
net5893,14.08µm
_08446_,14.06µm
u_accel.actm\[85\]\[5\],14.06µm
u_accel.wfc\[124\]\[0\],14.06µm
u_accel.wfc\[164\]\[7\],14.06µm
u_accel.wfc\[494\]\[1\],14.06µm
u_accel.wfc\[53\]\[0\],14.06µm
u_accel.ii\[21\],14.04µm
u_accel.ii\[9\],14.04µm
u_accel.wfc\[25\]\[5\],14.04µm
u_accel.wfc\[334\]\[5\],14.04µm
u_accel.wfc\[477\]\[7\],14.04µm
u_accel.wfc\[500\]\[6\],14.04µm
u_accel.wfc\[74\]\[2\],14.04µm
net600,14.04µm
net5775,14.04µm
_14038_,14.035µm
_11891_,14.03µm
_07815_,14.02µm
_13309_,14.02µm
u_accel.actm\[126\]\[2\],14.02µm
u_accel.logitm\[3\]\[20\],14.02µm
u_accel.wfc\[156\]\[2\],14.02µm
u_accel.wfc\[285\]\[6\],14.02µm
u_accel.wfc\[304\]\[4\],14.02µm
u_accel.wfc\[352\]\[5\],14.02µm
u_accel.wfc\[480\]\[6\],14.02µm
u_csr.ctrl_q\[7\],14.02µm
net3516,14.02µm
_09563_,14µm
_12730_,14µm
axi_acc_wdata\[5\],14µm
u_accel.actm\[102\]\[7\],14µm
u_accel.c\[23\],14µm
u_accel.imem\[20\]\[1\],14µm
u_accel.wconv\[3\]\[7\],14µm
u_accel.wfc\[134\]\[1\],14µm
u_accel.wfc\[200\]\[7\],14µm
u_accel.wfc\[276\]\[4\],14µm
u_accel.wfc\[464\]\[1\],14µm
net5982,14µm
_08249_,13.98µm
u_accel.actm\[57\]\[2\],13.98µm
u_accel.imem\[38\]\[2\],13.98µm
u_accel.wfc\[84\]\[7\],13.98µm
u_accel.imem\[40\]\[4\],13.965µm
_08638_,13.96µm
_08686_,13.96µm
_10387_,13.96µm
_11065_,13.96µm
_12631_,13.96µm
_13971_,13.96µm
c_rdata\[21\],13.96µm
u_accel.f\[3\],13.96µm
u_accel.imem\[45\]\[1\],13.96µm
u_accel.imem\[57\]\[7\],13.96µm
u_accel.wfc\[0\]\[5\],13.96µm
u_accel.wfc\[243\]\[5\],13.96µm
u_accel.wfc\[257\]\[0\],13.96µm
u_accel.wfc\[304\]\[7\],13.96µm
u_accel.wfc\[92\]\[0\],13.96µm
_13065_,13.955µm
_08145_,13.94µm
_11782_,13.94µm
_13887_,13.94µm
_13926_,13.94µm
_14007_,13.94µm
u_accel.bfc\[2\]\[23\],13.94µm
u_accel.ii\[14\],13.94µm
u_accel.oy\[28\],13.94µm
u_accel.wfc\[176\]\[6\],13.94µm
u_accel.wfc\[224\]\[3\],13.94µm
u_accel.wfc\[255\]\[5\],13.94µm
u_accel.wfc\[287\]\[7\],13.94µm
u_accel.wfc\[344\]\[4\],13.94µm
u_accel.wfc\[501\]\[2\],13.94µm
u_accel.wfc\[99\]\[5\],13.94µm
_08334_,13.92µm
_13050_,13.92µm
_13160_,13.92µm
u_accel.actm\[20\]\[0\],13.92µm
u_accel.wfc\[177\]\[5\],13.92µm
u_accel.wfc\[251\]\[1\],13.92µm
u_accel.wfc\[267\]\[6\],13.92µm
u_accel.wfc\[277\]\[3\],13.92µm
u_accel.wfc\[387\]\[1\],13.92µm
u_accel.wfc\[402\]\[3\],13.92µm
u_accel.wfc\[430\]\[0\],13.92µm
u_accel.wfc\[61\]\[6\],13.92µm
net74,13.92µm
net914,13.92µm
net3897,13.92µm
net4684,13.92µm
_06920_,13.9µm
_08222_,13.9µm
_13106_,13.9µm
u_accel.imem\[52\]\[7\],13.9µm
u_accel.logitm\[2\]\[13\],13.9µm
u_accel.wfc\[130\]\[5\],13.9µm
u_accel.wfc\[168\]\[2\],13.9µm
u_accel.wfc\[194\]\[5\],13.9µm
u_accel.wfc\[492\]\[0\],13.9µm
net436,13.9µm
_09251_,13.88µm
_09633_,13.88µm
_10646_,13.88µm
_10817_,13.88µm
_12167_,13.88µm
_12436_,13.88µm
_12737_,13.88µm
_13212_,13.88µm
u_accel.actm\[50\]\[6\],13.88µm
u_accel.imem\[9\]\[0\],13.88µm
u_accel.wfc\[225\]\[1\],13.88µm
u_accel.wfc\[269\]\[7\],13.88µm
u_accel.wfc\[304\]\[6\],13.88µm
u_accel.wfc\[41\]\[6\],13.88µm
u_accel.wfc\[444\]\[6\],13.88µm
_07963_,13.86µm
_10077_,13.86µm
_11294_,13.86µm
_11831_,13.86µm
axi_sram_wdata\[16\],13.86µm
u_accel.actm\[20\]\[7\],13.86µm
u_accel.wfc\[216\]\[2\],13.86µm
u_accel.wfc\[256\]\[5\],13.86µm
net5970,13.86µm
_09091_,13.84µm
_09275_,13.84µm
_10124_,13.84µm
_11221_,13.84µm
_11583_,13.84µm
_12243_,13.84µm
_12453_,13.84µm
_12588_,13.84µm
u_accel.actm\[15\]\[1\],13.84µm
u_accel.actm\[62\]\[2\],13.84µm
u_accel.imem\[55\]\[1\],13.84µm
u_accel.logitm\[1\]\[18\],13.84µm
u_accel.wfc\[184\]\[1\],13.84µm
u_accel.wfc\[444\]\[1\],13.84µm
_12636_,13.82µm
u_accel.bfc\[3\]\[3\],13.82µm
net3806,13.82µm
net4755,13.82µm
net5595,13.82µm
net5726,13.82µm
u_accel.logitm\[0\]\[11\],13.805µm
_07805_,13.8µm
_08226_,13.8µm
_09664_,13.8µm
_11868_,13.8µm
u_accel.actm\[53\]\[2\],13.8µm
u_accel.actm\[99\]\[3\],13.8µm
u_accel.wconv\[10\]\[1\],13.8µm
u_accel.wfc\[421\]\[5\],13.8µm
net3691,13.8µm
net4263,13.8µm
net4534,13.8µm
u_accel.wfc\[334\]\[3\],13.79µm
u_accel.actm\[14\]\[4\],13.78µm
u_accel.wfc\[469\]\[1\],13.78µm
net2218,13.78µm
net2381,13.78µm
net4948,13.78µm
net5225,13.78µm
net5366,13.78µm
net5516,13.78µm
_00020_,13.76µm
_08219_,13.76µm
_09346_,13.76µm
_10854_,13.76µm
_11711_,13.76µm
u_accel.f\[2\],13.76µm
u_accel.imem\[43\]\[7\],13.76µm
u_accel.imem\[56\]\[7\],13.76µm
u_accel.imem\[60\]\[2\],13.76µm
u_accel.wfc\[329\]\[3\],13.76µm
u_accel.wfc\[332\]\[7\],13.76µm
u_accel.wfc\[454\]\[5\],13.76µm
u_accel.wfc\[477\]\[5\],13.76µm
u_accel.wfc\[483\]\[6\],13.76µm
u_accel.imem\[36\]\[3\],13.755µm
_07882_,13.74µm
_10579_,13.74µm
_13513_,13.74µm
u_accel.actm\[15\]\[0\],13.74µm
u_accel.bfc\[0\]\[6\],13.74µm
u_accel.wfc\[130\]\[3\],13.74µm
u_accel.wfc\[240\]\[1\],13.74µm
u_accel.wfc\[382\]\[2\],13.74µm
u_accel.wfc\[439\]\[4\],13.74µm
net992,13.74µm
_09743_,13.72µm
_11320_,13.72µm
_12268_,13.72µm
u_accel.bfc\[1\]\[0\],13.72µm
u_accel.f\[28\],13.72µm
u_accel.wfc\[311\]\[5\],13.72µm
u_accel.wfc\[325\]\[5\],13.72µm
u_accel.wfc\[509\]\[5\],13.72µm
net510,13.72µm
_10821_,13.7µm
u_csr.len_o\[7\],13.7µm
net3025,13.7µm
net3109,13.7µm
net5432,13.7µm
net5816,13.7µm
_08736_,13.68µm
u_accel.imem\[17\]\[2\],13.68µm
u_accel.logitm\[2\]\[22\],13.68µm
u_accel.wfc\[109\]\[3\],13.68µm
u_accel.wfc\[155\]\[7\],13.68µm
u_accel.wfc\[177\]\[4\],13.68µm
u_accel.wfc\[219\]\[5\],13.68µm
u_accel.wfc\[359\]\[0\],13.68µm
u_accel.wfc\[445\]\[1\],13.68µm
u_accel.wfc\[67\]\[0\],13.68µm
u_accel.wfc\[77\]\[6\],13.68µm
u_accel.wfc\[85\]\[1\],13.68µm
u_accel.wfc\[98\]\[1\],13.68µm
net1750,13.68µm
net1752,13.68µm
_07807_,13.66µm
_11213_,13.66µm
_11916_,13.66µm
net2704,13.66µm
_11096_,13.64µm
_11613_,13.64µm
_12664_,13.64µm
_13479_,13.64µm
u_accel.f\[10\],13.64µm
u_accel.wfc\[117\]\[6\],13.64µm
u_accel.wfc\[140\]\[0\],13.64µm
u_accel.wfc\[177\]\[0\],13.64µm
u_accel.wfc\[256\]\[4\],13.64µm
u_accel.wfc\[372\]\[2\],13.64µm
u_accel.wfc\[404\]\[7\],13.64µm
u_accel.wfc\[416\]\[3\],13.64µm
u_accel.wfc\[432\]\[0\],13.64µm
u_accel.wfc\[55\]\[5\],13.64µm
u_accel.wfc\[77\]\[3\],13.64µm
u_accel.wfc\[87\]\[3\],13.64µm
u_csr.cfg_q\[17\],13.64µm
_09378_,13.635µm
_11389_,13.62µm
u_accel.c\[30\],13.62µm
u_accel.wfc\[164\]\[3\],13.62µm
u_accel.wfc\[244\]\[0\],13.62µm
u_accel.wfc\[264\]\[2\],13.62µm
u_accel.wfc\[276\]\[1\],13.62µm
u_accel.wfc\[409\]\[0\],13.62µm
u_accel.wfc\[432\]\[6\],13.62µm
u_accel.wfc\[460\]\[4\],13.62µm
u_accel.wfc\[77\]\[4\],13.62µm
_13407_,13.6µm
_14182_,13.6µm
u_accel.actm\[37\]\[2\],13.6µm
u_accel.wfc\[206\]\[6\],13.6µm
u_accel.wfc\[219\]\[2\],13.6µm
u_accel.wfc\[225\]\[5\],13.6µm
net2432,13.6µm
net2854,13.6µm
_10173_,13.58µm
axi_acc_wdata\[10\],13.58µm
u_accel.actm\[115\]\[5\],13.58µm
u_accel.actm\[15\]\[5\],13.58µm
u_accel.actm\[87\]\[4\],13.58µm
u_accel.wfc\[114\]\[6\],13.58µm
u_accel.wfc\[150\]\[3\],13.58µm
u_accel.wfc\[168\]\[6\],13.58µm
u_accel.wfc\[196\]\[6\],13.58µm
u_accel.wfc\[212\]\[0\],13.58µm
u_accel.wfc\[305\]\[6\],13.58µm
u_accel.wfc\[325\]\[7\],13.58µm
u_accel.wfc\[353\]\[0\],13.58µm
u_accel.wfc\[35\]\[0\],13.58µm
u_accel.wfc\[389\]\[6\],13.58µm
u_accel.wfc\[480\]\[7\],13.58µm
net2549,13.58µm
net4174,13.58µm
u_accel.imem\[12\]\[1\],13.565µm
_09240_,13.56µm
_09614_,13.56µm
_11697_,13.56µm
_12271_,13.56µm
_12777_,13.56µm
_13267_,13.56µm
_13463_,13.56µm
u_accel.actm\[62\]\[3\],13.56µm
u_accel.actm\[98\]\[7\],13.56µm
u_accel.imem\[17\]\[3\],13.56µm
u_accel.wfc\[108\]\[7\],13.56µm
u_accel.wfc\[125\]\[5\],13.56µm
u_accel.wfc\[145\]\[6\],13.56µm
u_accel.wfc\[256\]\[0\],13.56µm
u_accel.wfc\[430\]\[6\],13.56µm
u_accel.wfc\[442\]\[4\],13.56µm
u_accel.wfc\[473\]\[1\],13.56µm
u_accel.wfc\[474\]\[7\],13.56µm
u_accel.wfc\[480\]\[2\],13.56µm
u_accel.wfc\[500\]\[5\],13.56µm
u_accel.wfc\[52\]\[0\],13.56µm
u_accel.wfc\[69\]\[3\],13.56µm
u_csr.cfg_q\[30\],13.56µm
net2386,13.56µm
_08165_,13.55µm
u_accel.wfc\[181\]\[5\],13.55µm
_09592_,13.54µm
_10267_,13.54µm
_13427_,13.54µm
_13983_,13.54µm
axi_acc_wdata\[3\],13.54µm
u_accel.actm\[99\]\[0\],13.54µm
u_accel.wfc\[122\]\[0\],13.54µm
u_accel.wfc\[162\]\[2\],13.54µm
u_accel.wfc\[284\]\[2\],13.54µm
u_accel.wfc\[313\]\[6\],13.54µm
net3924,13.54µm
net5558,13.54µm
net6097,13.54µm
_08110_,13.52µm
_13058_,13.52µm
_13064_,13.52µm
u_accel.actm\[103\]\[4\],13.52µm
u_accel.wfc\[132\]\[1\],13.52µm
u_accel.wfc\[345\]\[5\],13.52µm
u_accel.wfc\[388\]\[0\],13.52µm
u_accel.wfc\[43\]\[3\],13.52µm
u_accel.wfc\[496\]\[3\],13.52µm
_08541_,13.5µm
_09883_,13.5µm
_12292_,13.5µm
_12825_,13.5µm
u_accel.actm\[101\]\[0\],13.5µm
u_accel.actm\[116\]\[3\],13.5µm
u_accel.bfc\[0\]\[0\],13.5µm
u_accel.bfc\[0\]\[20\],13.5µm
u_accel.ii\[28\],13.5µm
u_accel.wfc\[122\]\[7\],13.5µm
u_accel.wfc\[155\]\[1\],13.5µm
u_accel.wfc\[172\]\[5\],13.5µm
u_accel.wfc\[20\]\[7\],13.5µm
u_accel.wfc\[212\]\[1\],13.5µm
u_accel.wfc\[224\]\[5\],13.5µm
u_accel.wfc\[421\]\[6\],13.5µm
u_accel.wfc\[428\]\[7\],13.5µm
u_accel.wfc\[42\]\[1\],13.5µm
u_accel.wfc\[4\]\[2\],13.5µm
u_accel.wfc\[505\]\[3\],13.5µm
u_accel.wfc\[83\]\[3\],13.5µm
net3580,13.5µm
net4687,13.5µm
_09021_,13.48µm
u_accel.actm\[17\]\[1\],13.48µm
u_accel.bfc\[3\]\[19\],13.48µm
u_accel.imem\[0\]\[1\],13.48µm
u_accel.wfc\[162\]\[4\],13.48µm
u_accel.wfc\[268\]\[0\],13.48µm
u_accel.wfc\[408\]\[6\],13.48µm
u_accel.wfc\[485\]\[1\],13.48µm
net3999,13.48µm
net5387,13.48µm
_12706_,13.46µm
u_accel.actm\[120\]\[4\],13.46µm
u_accel.imem\[14\]\[0\],13.46µm
u_accel.wconv\[15\]\[3\],13.46µm
u_accel.wconv\[5\]\[4\],13.46µm
u_accel.wfc\[105\]\[5\],13.46µm
u_accel.wfc\[18\]\[5\],13.46µm
u_accel.wfc\[283\]\[4\],13.46µm
u_accel.wfc\[381\]\[6\],13.46µm
u_accel.wfc\[41\]\[7\],13.46µm
u_accel.wfc\[462\]\[6\],13.46µm
u_accel.wfc\[47\]\[0\],13.46µm
u_accel.wfc\[50\]\[1\],13.46µm
u_accel.wfc\[76\]\[5\],13.46µm
u_accel.wfc\[97\]\[7\],13.46µm
u_accel.wfc\[99\]\[3\],13.46µm
net2352,13.46µm
net2591,13.46µm
net2655,13.46µm
net3016,13.46µm
net3607,13.46µm
_04746_,13.445µm
_09388_,13.44µm
u_accel.wfc\[229\]\[0\],13.44µm
u_accel.wfc\[322\]\[7\],13.44µm
u_accel.wfc\[340\]\[4\],13.44µm
u_accel.wfc\[9\]\[6\],13.44µm
u_accel.logitm\[0\]\[21\],13.43µm
_06483_,13.42µm
_08114_,13.42µm
_09226_,13.42µm
_10276_,13.42µm
_10561_,13.42µm
_11501_,13.42µm
_11795_,13.42µm
_12165_,13.42µm
_12319_,13.42µm
_12634_,13.42µm
axi_acc_wdata\[0\],13.42µm
u_accel.actm\[109\]\[5\],13.42µm
u_accel.actm\[119\]\[2\],13.42µm
u_accel.imem\[13\]\[5\],13.42µm
u_accel.imem\[55\]\[5\],13.42µm
u_accel.imem\[58\]\[7\],13.42µm
u_accel.wfc\[149\]\[7\],13.42µm
u_accel.wfc\[152\]\[1\],13.42µm
u_accel.wfc\[175\]\[0\],13.42µm
u_accel.wfc\[17\]\[7\],13.42µm
u_accel.wfc\[185\]\[4\],13.42µm
u_accel.wfc\[188\]\[3\],13.42µm
u_accel.wfc\[209\]\[3\],13.42µm
u_accel.wfc\[213\]\[7\],13.42µm
u_accel.wfc\[36\]\[1\],13.42µm
u_accel.wfc\[412\]\[6\],13.42µm
u_accel.wfc\[434\]\[1\],13.42µm
net332,13.42µm
net3162,13.42µm
_07841_,13.4µm
_09264_,13.4µm
_10061_,13.4µm
_13995_,13.4µm
u_accel.actm\[90\]\[4\],13.4µm
u_accel.wfc\[0\]\[2\],13.4µm
u_accel.wfc\[128\]\[2\],13.4µm
u_accel.wfc\[147\]\[7\],13.4µm
net5463,13.4µm
net5654,13.4µm
_08971_,13.38µm
_09483_,13.38µm
_11000_,13.38µm
_11893_,13.38µm
_11932_,13.38µm
_12054_,13.38µm
_12990_,13.38µm
_13424_,13.38µm
u_accel.wfc\[142\]\[3\],13.38µm
u_accel.wfc\[281\]\[0\],13.38µm
u_accel.wfc\[332\]\[3\],13.38µm
u_accel.wfc\[369\]\[2\],13.38µm
u_accel.wfc\[409\]\[6\],13.38µm
u_accel.wfc\[444\]\[2\],13.38µm
u_accel.wfc\[52\]\[1\],13.38µm
u_accel.wfc\[56\]\[4\],13.38µm
net2178,13.38µm
net4555,13.38µm
_10245_,13.36µm
_12303_,13.36µm
u_accel.actm\[125\]\[0\],13.36µm
u_accel.actm\[45\]\[6\],13.36µm
u_accel.actm\[9\]\[2\],13.36µm
u_accel.am_f\[9\],13.36µm
u_accel.bfc\[0\]\[18\],13.36µm
u_accel.wfc\[116\]\[7\],13.36µm
u_accel.wfc\[269\]\[2\],13.36µm
u_accel.wfc\[313\]\[2\],13.36µm
u_accel.wfc\[433\]\[3\],13.36µm
net1425,13.36µm
net4588,13.36µm
_09709_,13.34µm
u_accel.imem\[53\]\[2\],13.34µm
u_accel.logitm\[1\]\[0\],13.34µm
u_accel.logitm\[2\]\[25\],13.34µm
u_accel.wfc\[400\]\[0\],13.34µm
u_accel.wfc\[401\]\[6\],13.34µm
net822,13.34µm
net4668,13.34µm
net4960,13.34µm
_14141_,13.32µm
u_accel.actm\[43\]\[3\],13.32µm
u_accel.actm\[76\]\[2\],13.32µm
u_accel.bconv\[1\]\[9\],13.32µm
u_accel.wfc\[401\]\[4\],13.32µm
u_accel.wfc\[466\]\[0\],13.32µm
net4738,13.32µm
net5326,13.32µm
_10802_,13.31µm
_12988_,13.31µm
_06976_,13.3µm
_09608_,13.3µm
_09727_,13.3µm
_12089_,13.3µm
_12345_,13.3µm
_12546_,13.3µm
u_accel.imem\[20\]\[3\],13.3µm
u_accel.imem\[32\]\[1\],13.3µm
u_accel.imem\[39\]\[5\],13.3µm
u_accel.wfc\[13\]\[1\],13.3µm
u_accel.wfc\[225\]\[7\],13.3µm
u_accel.wfc\[344\]\[7\],13.3µm
u_accel.wfc\[373\]\[2\],13.3µm
u_accel.wfc\[449\]\[2\],13.3µm
_09874_,13.28µm
_11051_,13.28µm
_11309_,13.28µm
u_accel.actm\[104\]\[5\],13.28µm
u_accel.imem\[45\]\[6\],13.28µm
u_accel.wfc\[164\]\[0\],13.28µm
u_accel.wfc\[301\]\[0\],13.28µm
u_accel.wfc\[408\]\[1\],13.28µm
u_accel.wfc\[505\]\[7\],13.28µm
_09444_,13.26µm
_10724_,13.26µm
_13152_,13.26µm
_13164_,13.26µm
_13217_,13.26µm
_13454_,13.26µm
axi_sram_wdata\[17\],13.26µm
c_rdata\[23\],13.26µm
u_accel.f\[30\],13.26µm
u_accel.imem\[44\]\[1\],13.26µm
u_accel.wfc\[112\]\[3\],13.26µm
u_accel.wfc\[359\]\[1\],13.26µm
u_accel.wfc\[37\]\[1\],13.26µm
u_accel.wfc\[437\]\[3\],13.26µm
u_accel.wfc\[57\]\[2\],13.26µm
u_accel.wfc\[76\]\[6\],13.26µm
u_accel.wfc\[77\]\[2\],13.26µm
net951,13.26µm
net5636,13.26µm
_11285_,13.24µm
u_accel.imem\[5\]\[1\],13.24µm
u_accel.wfc\[403\]\[0\],13.24µm
net5674,13.24µm
_08179_,13.22µm
_08274_,13.22µm
_09271_,13.22µm
_09387_,13.22µm
_11276_,13.22µm
_11860_,13.22µm
_11987_,13.22µm
u_accel.actm\[75\]\[7\],13.22µm
u_accel.wfc\[167\]\[2\],13.22µm
u_accel.wfc\[169\]\[4\],13.22µm
u_accel.wfc\[347\]\[6\],13.22µm
u_accel.wfc\[395\]\[7\],13.22µm
u_accel.wfc\[441\]\[2\],13.22µm
u_accel.wfc\[461\]\[5\],13.22µm
u_accel.wfc\[49\]\[5\],13.22µm
u_accel.wfc\[81\]\[6\],13.22µm
u_accel.wfc\[95\]\[0\],13.22µm
u_csr.weight_addr_o\[25\],13.22µm
net2829,13.22µm
net5492,13.22µm
net5859,13.22µm
_07115_,13.215µm
_12880_,13.21µm
u_accel.imem\[40\]\[1\],13.21µm
_06824_,13.2µm
_13209_,13.2µm
_14063_,13.2µm
_14211_,13.2µm
u_accel.actm\[118\]\[2\],13.2µm
u_accel.wfc\[156\]\[4\],13.2µm
_10048_,13.18µm
_11165_,13.18µm
_12044_,13.18µm
_12799_,13.18µm
u_accel.wfc\[102\]\[7\],13.18µm
u_accel.wfc\[205\]\[3\],13.18µm
u_accel.wfc\[221\]\[6\],13.18µm
u_accel.wfc\[223\]\[0\],13.18µm
u_accel.wfc\[223\]\[4\],13.18µm
u_accel.wfc\[239\]\[6\],13.18µm
u_accel.wfc\[247\]\[3\],13.18µm
u_accel.wfc\[252\]\[1\],13.18µm
u_accel.wfc\[264\]\[3\],13.18µm
u_accel.wfc\[375\]\[3\],13.18µm
u_accel.wfc\[469\]\[5\],13.18µm
u_accel.wfc\[48\]\[4\],13.18µm
u_accel.wfc\[191\]\[2\],13.17µm
_08010_,13.16µm
_08950_,13.16µm
_13341_,13.16µm
u_accel.actm\[2\]\[6\],13.16µm
u_accel.ii\[12\],13.16µm
u_accel.wfc\[0\]\[7\],13.16µm
u_accel.wfc\[232\]\[4\],13.16µm
u_accel.wfc\[346\]\[0\],13.16µm
u_accel.wfc\[376\]\[7\],13.16µm
u_accel.wfc\[45\]\[6\],13.16µm
u_accel.wfc\[484\]\[0\],13.16µm
u_accel.wfc\[503\]\[2\],13.16µm
u_accel.wfc\[52\]\[2\],13.16µm
u_accel.wfc\[52\]\[7\],13.16µm
net4395,13.16µm
u_csr.input_addr_o\[9\],13.145µm
_08473_,13.14µm
_10916_,13.14µm
_11771_,13.14µm
_13144_,13.14µm
_13383_,13.14µm
u_accel.logitm\[0\]\[9\],13.14µm
u_accel.wfc\[194\]\[2\],13.14µm
u_accel.wfc\[209\]\[6\],13.14µm
u_accel.wfc\[230\]\[4\],13.14µm
u_accel.wfc\[260\]\[3\],13.14µm
u_accel.wfc\[340\]\[5\],13.14µm
u_accel.wfc\[440\]\[2\],13.14µm
u_accel.wfc\[484\]\[3\],13.14µm
net5598,13.14µm
_06850_,13.12µm
_08313_,13.12µm
_09919_,13.12µm
u_accel.logitm\[2\]\[1\],13.12µm
u_accel.wfc\[104\]\[6\],13.12µm
u_accel.wfc\[107\]\[3\],13.12µm
u_accel.wfc\[142\]\[0\],13.12µm
u_accel.wfc\[146\]\[5\],13.12µm
u_accel.wfc\[194\]\[4\],13.12µm
u_accel.wfc\[266\]\[0\],13.12µm
u_accel.wfc\[272\]\[0\],13.12µm
u_accel.wfc\[322\]\[6\],13.12µm
u_accel.wfc\[357\]\[3\],13.12µm
u_accel.wfc\[386\]\[7\],13.12µm
u_accel.wfc\[436\]\[2\],13.12µm
u_accel.wfc\[460\]\[0\],13.12µm
u_accel.wfc\[465\]\[4\],13.12µm
u_accel.wfc\[511\]\[5\],13.12µm
u_accel.wfc\[5\]\[5\],13.12µm
net45,13.12µm
net3114,13.12µm
u_accel.actm\[85\]\[0\],13.105µm
_12371_,13.1µm
_13042_,13.1µm
_13203_,13.1µm
u_accel.actm\[21\]\[5\],13.1µm
u_accel.actm\[42\]\[6\],13.1µm
u_accel.actm\[60\]\[0\],13.1µm
u_accel.bfc\[2\]\[30\],13.1µm
u_accel.wfc\[118\]\[2\],13.1µm
u_accel.wfc\[126\]\[4\],13.1µm
u_accel.wfc\[136\]\[2\],13.1µm
u_accel.wfc\[24\]\[5\],13.1µm
u_accel.wfc\[304\]\[2\],13.1µm
u_accel.wfc\[3\]\[0\],13.1µm
u_accel.wfc\[404\]\[5\],13.1µm
u_accel.wfc\[437\]\[4\],13.1µm
u_accel.wfc\[444\]\[0\],13.1µm
u_accel.wfc\[445\]\[4\],13.1µm
u_accel.wfc\[61\]\[4\],13.1µm
u_accel.wfc\[78\]\[7\],13.1µm
_14208_,13.09µm
_10488_,13.08µm
_13710_,13.08µm
u_accel.actm\[32\]\[1\],13.08µm
u_accel.c\[16\],13.08µm
u_accel.logitm\[3\]\[22\],13.08µm
u_accel.wfc\[139\]\[2\],13.08µm
u_accel.wfc\[184\]\[3\],13.08µm
u_accel.wfc\[242\]\[3\],13.08µm
u_accel.wfc\[343\]\[6\],13.08µm
u_accel.wfc\[369\]\[5\],13.08µm
u_accel.wfc\[372\]\[1\],13.08µm
u_accel.wfc\[446\]\[7\],13.08µm
net5936,13.08µm
_14115_,13.06µm
u_accel.actm\[18\]\[1\],13.06µm
u_accel.actm\[58\]\[0\],13.06µm
u_accel.logitm\[3\]\[18\],13.06µm
u_accel.wfc\[140\]\[6\],13.06µm
u_accel.wfc\[193\]\[5\],13.06µm
u_accel.wfc\[456\]\[2\],13.06µm
u_accel.wfc\[504\]\[3\],13.06µm
_06948_,13.04µm
_09715_,13.04µm
_09984_,13.04µm
_11964_,13.04µm
_13111_,13.04µm
_13230_,13.04µm
u_accel.actm\[108\]\[5\],13.04µm
u_accel.imem\[11\]\[2\],13.04µm
u_accel.logitm\[3\]\[4\],13.04µm
u_accel.wfc\[123\]\[7\],13.04µm
u_accel.wfc\[175\]\[5\],13.04µm
u_accel.wfc\[267\]\[2\],13.04µm
u_accel.wfc\[421\]\[2\],13.04µm
u_accel.wfc\[60\]\[7\],13.04µm
u_csr.len_o\[11\],13.04µm
net4528,13.04µm
net5919,13.04µm
_07911_,13.02µm
u_accel.actm\[27\]\[6\],13.02µm
u_accel.actm\[31\]\[2\],13.02µm
u_accel.f\[25\],13.02µm
u_accel.imem\[14\]\[4\],13.02µm
u_accel.logitm\[0\]\[14\],13.02µm
u_accel.wconv\[0\]\[7\],13.02µm
u_accel.wconv\[1\]\[2\],13.02µm
u_accel.wfc\[126\]\[7\],13.02µm
u_accel.wfc\[142\]\[5\],13.02µm
u_accel.wfc\[156\]\[7\],13.02µm
u_accel.wfc\[266\]\[7\],13.02µm
u_accel.wfc\[2\]\[6\],13.02µm
u_accel.wfc\[323\]\[1\],13.02µm
u_accel.wfc\[366\]\[3\],13.02µm
net2568,13.02µm
_06455_,13µm
u_accel.actm\[82\]\[4\],13µm
u_accel.f\[27\],13µm
u_accel.imem\[37\]\[6\],13µm
u_accel.wconv\[13\]\[4\],13µm
u_accel.wconv\[8\]\[6\],13µm
u_accel.wfc\[163\]\[1\],13µm
u_accel.wfc\[322\]\[0\],13µm
u_accel.wfc\[337\]\[7\],13µm
u_accel.wfc\[483\]\[1\],13µm
net681,13µm
net1471,13µm
net2449,13µm
net3072,13µm
net5316,13µm
net5699,13µm
_13412_,12.99µm
_07839_,12.98µm
_09720_,12.98µm
u_accel.actm\[115\]\[7\],12.98µm
u_accel.actm\[60\]\[6\],12.98µm
u_accel.bfc\[2\]\[3\],12.98µm
u_accel.wfc\[132\]\[3\],12.98µm
u_accel.wfc\[372\]\[5\],12.98µm
u_accel.wfc\[491\]\[7\],12.98µm
_11520_,12.965µm
_06885_,12.96µm
_08579_,12.96µm
_09274_,12.96µm
_09384_,12.96µm
_09385_,12.96µm
_12733_,12.96µm
_12970_,12.96µm
u_accel.actm\[2\]\[3\],12.96µm
u_accel.actm\[52\]\[5\],12.96µm
u_accel.imem\[36\]\[5\],12.96µm
u_accel.wconv\[10\]\[5\],12.96µm
u_accel.wfc\[185\]\[7\],12.96µm
u_accel.wfc\[20\]\[0\],12.96µm
u_accel.wfc\[241\]\[3\],12.96µm
u_accel.wfc\[301\]\[5\],12.96µm
u_accel.wfc\[337\]\[6\],12.96µm
u_accel.wfc\[457\]\[0\],12.96µm
u_accel.wfc\[463\]\[3\],12.96µm
net791,12.96µm
u_accel.wfc\[140\]\[3\],12.94µm
u_accel.wfc\[380\]\[7\],12.94µm
u_accel.wfc\[497\]\[2\],12.94µm
net2338,12.94µm
net3111,12.94µm
net3757,12.94µm
net3775,12.94µm
net5702,12.94µm
_08414_,12.92µm
_08698_,12.92µm
_09921_,12.92µm
_10637_,12.92µm
_12157_,12.92µm
_14009_,12.92µm
axi_acc_wdata\[2\],12.92µm
u_accel.wfc\[237\]\[0\],12.92µm
u_accel.wfc\[333\]\[3\],12.92µm
u_accel.wfc\[383\]\[2\],12.92µm
u_accel.wfc\[403\]\[2\],12.92µm
u_accel.wfc\[60\]\[5\],12.92µm
net1913,12.92µm
net1914,12.92µm
net2148,12.92µm
_08164_,12.915µm
_01728_,12.9µm
_08253_,12.9µm
_08575_,12.9µm
u_accel.actm\[20\]\[1\],12.9µm
u_accel.bfc\[0\]\[30\],12.9µm
u_accel.c\[27\],12.9µm
u_accel.wfc\[252\]\[3\],12.9µm
u_accel.wfc\[385\]\[6\],12.9µm
u_accel.wfc\[436\]\[7\],12.9µm
net3818,12.9µm
net5457,12.9µm
net5486,12.9µm
net5506,12.9µm
net5514,12.9µm
net5568,12.9µm
net5980,12.9µm
_12543_,12.885µm
_07831_,12.88µm
_09492_,12.88µm
_11009_,12.88µm
_12645_,12.88µm
_13547_,12.88µm
u_accel.wfc\[221\]\[1\],12.88µm
u_accel.wfc\[304\]\[3\],12.88µm
u_accel.wfc\[98\]\[4\],12.88µm
net419,12.88µm
net503,12.88µm
net5780,12.88µm
_01791_,12.865µm
_08053_,12.86µm
_12406_,12.86µm
_12734_,12.86µm
_12814_,12.86µm
_14209_,12.86µm
u_accel.wfc\[108\]\[0\],12.86µm
u_accel.wfc\[419\]\[2\],12.86µm
net5554,12.86µm
u_accel.wfc\[104\]\[5\],12.85µm
_05337_,12.845µm
_08220_,12.84µm
c_rdata\[25\],12.84µm
u_accel.wfc\[316\]\[2\],12.84µm
u_accel.wfc\[36\]\[0\],12.84µm
u_accel.wfc\[462\]\[2\],12.84µm
net3266,12.84µm
u_accel.wfc\[353\]\[3\],12.83µm
u_accel.actm\[16\]\[4\],12.82µm
u_accel.actm\[17\]\[0\],12.82µm
u_accel.bconv\[0\]\[13\],12.82µm
u_accel.wfc\[158\]\[5\],12.82µm
u_accel.wfc\[273\]\[3\],12.82µm
u_accel.wfc\[504\]\[6\],12.82µm
u_csr.len_o\[20\],12.82µm
net6080,12.82µm
_08297_,12.815µm
u_accel.wfc\[17\]\[1\],12.81µm
_03195_,12.805µm
_07828_,12.8µm
_08037_,12.8µm
_12624_,12.8µm
u_accel.actm\[44\]\[7\],12.8µm
u_accel.actm\[58\]\[2\],12.8µm
u_accel.bfc\[1\]\[13\],12.8µm
u_accel.c\[14\],12.8µm
u_accel.imem\[15\]\[7\],12.8µm
u_accel.imem\[4\]\[5\],12.8µm
u_accel.wconv\[15\]\[0\],12.8µm
u_accel.wfc\[117\]\[5\],12.8µm
u_accel.wfc\[232\]\[5\],12.8µm
u_accel.wfc\[361\]\[1\],12.8µm
u_accel.wfc\[373\]\[4\],12.8µm
u_accel.wfc\[473\]\[4\],12.8µm
u_csr.cfg_q\[13\],12.8µm
u_csr.input_addr_o\[20\],12.8µm
u_csr.input_addr_o\[2\],12.8µm
net5701,12.8µm
_12719_,12.78µm
_12740_,12.78µm
_13285_,12.78µm
u_accel.wconv\[12\]\[1\],12.78µm
u_accel.wfc\[240\]\[4\],12.78µm
net1862,12.78µm
net3101,12.78µm
net4716,12.78µm
_11853_,12.77µm
_10392_,12.76µm
_13559_,12.76µm
_13601_,12.76µm
u_accel.actm\[65\]\[3\],12.76µm
u_accel.imem\[13\]\[6\],12.76µm
u_accel.imem\[61\]\[1\],12.76µm
u_accel.imem\[62\]\[2\],12.76µm
u_accel.wfc\[103\]\[7\],12.76µm
u_accel.wfc\[145\]\[3\],12.76µm
u_accel.wfc\[158\]\[1\],12.76µm
u_accel.wfc\[197\]\[4\],12.76µm
u_accel.wfc\[209\]\[2\],12.76µm
u_accel.wfc\[235\]\[6\],12.76µm
u_accel.wfc\[247\]\[5\],12.76µm
u_accel.wfc\[374\]\[0\],12.76µm
u_accel.wfc\[401\]\[7\],12.76µm
u_accel.wfc\[433\]\[5\],12.76µm
u_accel.wfc\[443\]\[2\],12.76µm
u_accel.wfc\[488\]\[4\],12.76µm
u_accel.wfc\[89\]\[5\],12.76µm
net2605,12.76µm
_08611_,12.74µm
_10844_,12.74µm
u_accel.actm\[62\]\[6\],12.74µm
u_accel.ii\[20\],12.74µm
u_accel.wconv\[3\]\[0\],12.74µm
u_accel.wfc\[0\]\[4\],12.74µm
u_accel.wfc\[108\]\[1\],12.74µm
u_accel.wfc\[133\]\[0\],12.74µm
u_accel.wfc\[468\]\[4\],12.74µm
net1323,12.74µm
net6108,12.74µm
_05220_,12.72µm
_10690_,12.72µm
_13155_,12.72µm
_14188_,12.72µm
u_accel.actm\[42\]\[3\],12.72µm
u_accel.actm\[63\]\[3\],12.72µm
u_accel.actm\[94\]\[6\],12.72µm
u_accel.am_f\[27\],12.72µm
u_accel.bconv\[0\]\[22\],12.72µm
u_accel.wconv\[9\]\[6\],12.72µm
u_accel.wfc\[140\]\[7\],12.72µm
u_accel.wfc\[331\]\[6\],12.72µm
u_accel.wfc\[344\]\[5\],12.72µm
u_accel.wfc\[365\]\[7\],12.72µm
u_accel.wfc\[488\]\[6\],12.72µm
u_accel.wfc\[499\]\[5\],12.72µm
u_accel.wfc\[60\]\[3\],12.72µm
u_accel.wfc\[72\]\[5\],12.72µm
u_accel.wfc\[84\]\[2\],12.72µm
net356,12.72µm
u_accel.wfc\[494\]\[3\],12.71µm
_00002_,12.7µm
_08364_,12.7µm
_11053_,12.7µm
axi_sram_wdata\[25\],12.7µm
u_accel.actm\[118\]\[1\],12.7µm
u_accel.actm\[98\]\[0\],12.7µm
u_accel.wfc\[168\]\[7\],12.7µm
u_accel.wfc\[181\]\[4\],12.7µm
u_accel.wfc\[262\]\[6\],12.7µm
u_accel.wfc\[320\]\[7\],12.7µm
u_accel.wfc\[356\]\[5\],12.7µm
u_accel.wfc\[360\]\[5\],12.7µm
u_accel.wfc\[404\]\[6\],12.7µm
u_accel.wfc\[462\]\[4\],12.7µm
u_accel.wfc\[468\]\[5\],12.7µm
u_accel.wfc\[495\]\[0\],12.7µm
u_accel.wfc\[92\]\[4\],12.7µm
net1461,12.7µm
net2925,12.7µm
net5173,12.7µm
_07907_,12.68µm
_12545_,12.68µm
_13485_,12.68µm
_13780_,12.68µm
u_accel.actm\[104\]\[3\],12.68µm
u_accel.actm\[106\]\[0\],12.68µm
u_accel.ii\[27\],12.68µm
u_accel.logitm\[1\]\[22\],12.68µm
u_accel.wfc\[131\]\[1\],12.68µm
u_accel.wfc\[199\]\[2\],12.68µm
u_accel.wfc\[277\]\[7\],12.68µm
u_accel.wfc\[311\]\[0\],12.68µm
u_accel.wfc\[346\]\[1\],12.68µm
u_accel.wfc\[396\]\[6\],12.68µm
u_accel.wfc\[92\]\[7\],12.68µm
net461,12.68µm
net1235,12.68µm
net4827,12.68µm
_06638_,12.66µm
_08213_,12.66µm
_08272_,12.66µm
_12297_,12.66µm
u_accel.actm\[6\]\[2\],12.66µm
u_accel.bconv\[0\]\[17\],12.66µm
u_accel.imem\[35\]\[4\],12.66µm
u_accel.imem\[55\]\[0\],12.66µm
u_accel.wfc\[111\]\[4\],12.66µm
u_accel.wfc\[12\]\[5\],12.66µm
u_accel.wfc\[245\]\[2\],12.66µm
u_accel.wfc\[248\]\[6\],12.66µm
u_accel.wfc\[275\]\[4\],12.66µm
u_accel.wfc\[33\]\[4\],12.66µm
u_accel.wfc\[33\]\[5\],12.66µm
u_accel.wfc\[391\]\[4\],12.66µm
u_accel.wfc\[485\]\[4\],12.66µm
u_accel.wfc\[48\]\[3\],12.66µm
u_accel.wfc\[498\]\[0\],12.66µm
u_accel.wfc\[49\]\[6\],12.66µm
u_accel.wfc\[508\]\[6\],12.66µm
u_accel.wfc\[65\]\[2\],12.66µm
u_accel.wfc\[73\]\[6\],12.66µm
u_accel.wfc\[88\]\[4\],12.66µm
net834,12.66µm
net1769,12.66µm
net2715,12.66µm
net5385,12.66µm
net5815,12.66µm
u_accel.imem\[38\]\[1\],12.65µm
_06915_,12.64µm
_07950_,12.64µm
_11620_,12.64µm
_12790_,12.64µm
u_accel.actm\[88\]\[6\],12.64µm
u_accel.actm\[98\]\[2\],12.64µm
u_accel.logitm\[0\]\[20\],12.64µm
u_accel.logitm\[0\]\[3\],12.64µm
u_accel.wconv\[5\]\[2\],12.64µm
u_accel.wfc\[129\]\[1\],12.64µm
u_accel.wfc\[174\]\[3\],12.64µm
u_accel.wfc\[1\]\[2\],12.64µm
u_accel.wfc\[338\]\[4\],12.64µm
u_accel.wfc\[384\]\[2\],12.64µm
u_accel.wfc\[414\]\[6\],12.64µm
u_csr.len_o\[5\],12.64µm
_05865_,12.635µm
_10274_,12.62µm
_10830_,12.62µm
_11751_,12.62µm
_12201_,12.62µm
_12372_,12.62µm
_12569_,12.62µm
_14140_,12.62µm
axi_acc_wdata\[27\],12.62µm
u_accel.actm\[94\]\[4\],12.62µm
u_accel.bfc\[0\]\[15\],12.62µm
u_accel.imem\[59\]\[6\],12.62µm
u_accel.wfc\[101\]\[1\],12.62µm
u_accel.wfc\[12\]\[2\],12.62µm
u_accel.wfc\[140\]\[2\],12.62µm
u_accel.wfc\[165\]\[6\],12.62µm
u_accel.wfc\[172\]\[0\],12.62µm
u_accel.wfc\[250\]\[6\],12.62µm
u_accel.wfc\[271\]\[2\],12.62µm
u_accel.wfc\[328\]\[5\],12.62µm
u_accel.wfc\[396\]\[0\],12.62µm
u_accel.actm\[34\]\[6\],12.61µm
_13660_,12.6µm
u_accel.imem\[21\]\[0\],12.6µm
u_accel.wfc\[107\]\[7\],12.6µm
u_accel.wfc\[206\]\[5\],12.6µm
u_accel.wfc\[227\]\[6\],12.6µm
u_accel.wfc\[268\]\[5\],12.6µm
u_accel.wfc\[304\]\[0\],12.6µm
u_accel.wfc\[372\]\[6\],12.6µm
u_accel.wfc\[44\]\[3\],12.6µm
u_accel.wfc\[472\]\[7\],12.6µm
u_accel.wfc\[52\]\[5\],12.6µm
u_accel.wfc\[71\]\[3\],12.6µm
_14088_,12.595µm
_10198_,12.58µm
_10545_,12.58µm
_11581_,12.58µm
u_accel.actm\[58\]\[1\],12.58µm
u_accel.actm\[8\]\[2\],12.58µm
u_accel.logitm\[1\]\[19\],12.58µm
u_accel.wfc\[13\]\[3\],12.58µm
u_accel.wfc\[180\]\[5\],12.58µm
u_accel.wfc\[24\]\[4\],12.58µm
u_accel.wfc\[250\]\[4\],12.58µm
u_accel.wfc\[317\]\[1\],12.58µm
u_accel.wfc\[397\]\[1\],12.58µm
u_accel.wfc\[463\]\[0\],12.58µm
u_accel.wfc\[472\]\[5\],12.58µm
u_accel.wfc\[56\]\[5\],12.58µm
u_accel.wfc\[59\]\[1\],12.58µm
u_accel.wfc\[59\]\[3\],12.58µm
u_accel.wfc\[7\]\[7\],12.58µm
u_csr.ctrl_q\[4\],12.58µm
net595,12.58µm
net785,12.58µm
net845,12.58µm
net2372,12.58µm
net2892,12.58µm
net3397,12.58µm
net5152,12.58µm
net5651,12.58µm
_07126_,12.56µm
u_accel.actm\[64\]\[6\],12.56µm
u_accel.actm\[74\]\[2\],12.56µm
u_accel.wconv\[1\]\[3\],12.56µm
u_accel.wfc\[170\]\[1\],12.56µm
u_accel.wfc\[194\]\[0\],12.56µm
u_accel.wfc\[228\]\[3\],12.56µm
u_accel.wfc\[23\]\[7\],12.56µm
u_accel.wfc\[250\]\[0\],12.56µm
u_accel.wfc\[415\]\[2\],12.56µm
net910,12.56µm
net3240,12.56µm
net3571,12.56µm
u_accel.wfc\[149\]\[4\],12.55µm
_10725_,12.54µm
_13599_,12.54µm
_14034_,12.54µm
u_accel.actm\[44\]\[2\],12.54µm
u_accel.bfc\[2\]\[29\],12.54µm
u_accel.bfc\[3\]\[16\],12.54µm
u_accel.bfc\[3\]\[1\],12.54µm
u_accel.imem\[26\]\[3\],12.54µm
u_accel.imem\[27\]\[2\],12.54µm
u_accel.wfc\[193\]\[7\],12.54µm
u_accel.wfc\[298\]\[5\],12.54µm
u_accel.wfc\[411\]\[6\],12.54µm
u_accel.wfc\[473\]\[7\],12.54µm
u_accel.wfc\[479\]\[4\],12.54µm
net1643,12.54µm
net2716,12.54µm
net3671,12.54µm
_10818_,12.52µm
_14210_,12.52µm
u_accel.logitm\[1\]\[1\],12.52µm
u_accel.wfc\[228\]\[2\],12.52µm
u_accel.wfc\[264\]\[5\],12.52µm
u_accel.wfc\[304\]\[5\],12.52µm
net5739,12.52µm
_08559_,12.5µm
_10243_,12.5µm
_11701_,12.5µm
_12692_,12.5µm
u_accel.imem\[51\]\[4\],12.5µm
u_accel.wfc\[364\]\[6\],12.5µm
u_accel.wfc\[371\]\[1\],12.5µm
u_accel.wfc\[435\]\[1\],12.5µm
u_accel.wfc\[459\]\[2\],12.5µm
u_accel.wfc\[504\]\[2\],12.5µm
u_csr.output_addr_o\[2\],12.5µm
net4240,12.5µm
net4461,12.5µm
net5994,12.5µm
_08130_,12.48µm
_09931_,12.48µm
_13113_,12.48µm
_13965_,12.48µm
_14025_,12.48µm
u_accel.am_f\[25\],12.48µm
u_accel.bfc\[0\]\[31\],12.48µm
u_accel.logitm\[0\]\[1\],12.48µm
u_accel.logitm\[2\]\[21\],12.48µm
u_accel.wfc\[104\]\[1\],12.48µm
u_accel.wfc\[120\]\[4\],12.48µm
u_accel.wfc\[162\]\[7\],12.48µm
u_accel.wfc\[172\]\[3\],12.48µm
u_accel.wfc\[188\]\[6\],12.48µm
u_accel.wfc\[220\]\[0\],12.48µm
u_accel.wfc\[260\]\[5\],12.48µm
u_accel.wfc\[272\]\[2\],12.48µm
u_accel.wfc\[364\]\[7\],12.48µm
u_accel.wfc\[372\]\[7\],12.48µm
u_accel.wfc\[436\]\[5\],12.48µm
u_accel.wfc\[440\]\[7\],12.48µm
u_accel.wfc\[456\]\[0\],12.48µm
net2836,12.48µm
net4566,12.48µm
net5124,12.48µm
net5480,12.48µm
_08135_,12.46µm
_10992_,12.46µm
_12821_,12.46µm
_13040_,12.46µm
_13224_,12.46µm
_13228_,12.46µm
u_accel.actm\[16\]\[2\],12.46µm
u_accel.actm\[17\]\[7\],12.46µm
u_accel.actm\[61\]\[2\],12.46µm
u_accel.imem\[50\]\[5\],12.46µm
u_accel.imem\[58\]\[6\],12.46µm
u_accel.wconv\[5\]\[6\],12.46µm
u_accel.wfc\[20\]\[5\],12.46µm
u_accel.wfc\[249\]\[5\],12.46µm
u_accel.wfc\[272\]\[4\],12.46µm
u_accel.wfc\[489\]\[6\],12.46µm
net548,12.46µm
net2780,12.46µm
net2824,12.46µm
net3679,12.46µm
net3996,12.46µm
net4582,12.46µm
u_csr.weight_addr_o\[29\],12.445µm
_08262_,12.44µm
_12367_,12.44µm
u_accel.wfc\[296\]\[7\],12.44µm
u_accel.wfc\[458\]\[0\],12.44µm
u_accel.wfc\[65\]\[0\],12.44µm
net563,12.44µm
net2505,12.44µm
net2911,12.44µm
net3795,12.44µm
net4928,12.44µm
net5136,12.44µm
net5617,12.44µm
u_accel.wfc\[454\]\[0\],12.43µm
_06121_,12.425µm
_13261_,12.425µm
_04993_,12.42µm
_08239_,12.42µm
_10649_,12.42µm
_10735_,12.42µm
_11805_,12.42µm
_12355_,12.42µm
u_accel.bconv\[0\]\[27\],12.42µm
u_accel.imem\[38\]\[7\],12.42µm
u_accel.logitm\[1\]\[4\],12.42µm
u_accel.logitm\[2\]\[19\],12.42µm
u_accel.wfc\[22\]\[6\],12.42µm
u_accel.wfc\[351\]\[2\],12.42µm
u_accel.wfc\[363\]\[2\],12.42µm
_13055_,12.4µm
u_accel.actm\[19\]\[2\],12.4µm
u_accel.c\[6\],12.4µm
u_accel.imem\[18\]\[2\],12.4µm
net128,12.4µm
net5086,12.4µm
_12284_,12.39µm
u_accel.wfc\[491\]\[1\],12.39µm
_06430_,12.38µm
_06969_,12.38µm
_08242_,12.38µm
_08287_,12.38µm
_12528_,12.38µm
_12994_,12.38µm
u_accel.actm\[38\]\[5\],12.38µm
u_accel.imem\[36\]\[0\],12.38µm
u_accel.wconv\[3\]\[6\],12.38µm
u_accel.wfc\[196\]\[1\],12.38µm
u_accel.wfc\[213\]\[5\],12.38µm
u_accel.wfc\[240\]\[6\],12.38µm
u_accel.wfc\[248\]\[7\],12.38µm
u_accel.wfc\[28\]\[1\],12.38µm
u_accel.wfc\[346\]\[2\],12.38µm
u_accel.wfc\[404\]\[3\],12.38µm
u_accel.wfc\[65\]\[5\],12.38µm
net5929,12.38µm
u_accel.wfc\[489\]\[1\],12.37µm
_01749_,12.365µm
_09033_,12.36µm
_12412_,12.36µm
_13153_,12.36µm
_13464_,12.36µm
u_accel.wfc\[458\]\[6\],12.36µm
u_accel.wfc\[488\]\[2\],12.36µm
u_accel.wfc\[505\]\[1\],12.36µm
u_accel.wfc\[65\]\[6\],12.36µm
u_csr.ctrl_q\[11\],12.36µm
net1147,12.36µm
net1594,12.36µm
net4506,12.36µm
net5442,12.36µm
_10499_,12.34µm
_11473_,12.34µm
_12956_,12.34µm
u_accel.actm\[119\]\[1\],12.34µm
u_accel.actm\[53\]\[4\],12.34µm
u_accel.actm\[77\]\[2\],12.34µm
u_accel.wfc\[121\]\[2\],12.34µm
u_accel.wfc\[129\]\[2\],12.34µm
u_accel.wfc\[153\]\[4\],12.34µm
u_accel.wfc\[169\]\[0\],12.34µm
u_accel.wfc\[257\]\[3\],12.34µm
u_accel.wfc\[285\]\[2\],12.34µm
u_accel.wfc\[293\]\[1\],12.34µm
u_accel.wfc\[345\]\[2\],12.34µm
u_accel.wfc\[380\]\[4\],12.34µm
u_accel.wfc\[385\]\[4\],12.34µm
u_accel.wfc\[485\]\[0\],12.34µm
u_accel.wfc\[496\]\[4\],12.34µm
u_csr.input_addr_o\[23\],12.34µm
net406,12.34µm
net3104,12.34µm
net3674,12.34µm
net4266,12.34µm
_10657_,12.32µm
_10757_,12.32µm
_12585_,12.32µm
_13548_,12.32µm
u_accel.wfc\[187\]\[1\],12.32µm
u_accel.wfc\[256\]\[1\],12.32µm
net1234,12.32µm
net1488,12.32µm
net1489,12.32µm
net2658,12.32µm
net3227,12.32µm
net5863,12.32µm
u_accel.bfc\[0\]\[5\],12.31µm
_02022_,12.3µm
_04936_,12.3µm
_08214_,12.3µm
_08947_,12.3µm
_10661_,12.3µm
_12607_,12.3µm
_12785_,12.3µm
_13490_,12.3µm
u_accel.actm\[112\]\[0\],12.3µm
u_accel.actm\[60\]\[2\],12.3µm
u_accel.bfc\[1\]\[26\],12.3µm
u_accel.bfc\[1\]\[9\],12.3µm
u_accel.imem\[16\]\[1\],12.3µm
u_accel.imem\[24\]\[4\],12.3µm
u_accel.imem\[3\]\[7\],12.3µm
u_accel.wfc\[129\]\[5\],12.3µm
u_accel.wfc\[175\]\[4\],12.3µm
u_accel.wfc\[205\]\[6\],12.3µm
u_accel.wfc\[315\]\[7\],12.3µm
u_accel.wfc\[321\]\[5\],12.3µm
u_accel.wfc\[337\]\[2\],12.3µm
u_accel.wfc\[337\]\[5\],12.3µm
u_accel.wfc\[351\]\[1\],12.3µm
u_accel.wfc\[369\]\[3\],12.3µm
u_accel.wfc\[373\]\[3\],12.3µm
u_accel.wfc\[427\]\[3\],12.3µm
_08458_,12.28µm
_13199_,12.28µm
u_accel.wfc\[246\]\[6\],12.28µm
u_accel.wfc\[300\]\[0\],12.28µm
u_accel.wfc\[300\]\[3\],12.28µm
u_accel.wfc\[380\]\[3\],12.28µm
u_accel.wfc\[436\]\[3\],12.28µm
u_accel.wfc\[499\]\[0\],12.28µm
net2355,12.28µm
_12924_,12.26µm
_13615_,12.26µm
_13645_,12.26µm
u_accel.actm\[75\]\[4\],12.26µm
u_accel.actm\[79\]\[4\],12.26µm
u_accel.imem\[15\]\[3\],12.26µm
u_accel.wconv\[1\]\[5\],12.26µm
u_accel.wfc\[192\]\[1\],12.26µm
u_accel.wfc\[240\]\[3\],12.26µm
u_accel.wfc\[280\]\[7\],12.26µm
u_accel.wfc\[296\]\[6\],12.26µm
u_accel.wfc\[300\]\[5\],12.26µm
u_accel.wfc\[388\]\[5\],12.26µm
u_accel.wfc\[451\]\[5\],12.26µm
u_accel.wfc\[95\]\[6\],12.26µm
net529,12.26µm
_05417_,12.255µm
_06921_,12.24µm
_08773_,12.24µm
_08821_,12.24µm
_11525_,12.24µm
_13511_,12.24µm
axi_acc_addr\[8\],12.24µm
u_accel.actm\[121\]\[3\],12.24µm
u_accel.logitm\[0\]\[16\],12.24µm
u_accel.logitm\[1\]\[24\],12.24µm
u_accel.wfc\[0\]\[0\],12.24µm
u_accel.wfc\[162\]\[5\],12.24µm
u_accel.wfc\[200\]\[4\],12.24µm
u_accel.wfc\[20\]\[1\],12.24µm
u_accel.wfc\[258\]\[4\],12.24µm
u_accel.wfc\[262\]\[1\],12.24µm
u_accel.wfc\[277\]\[6\],12.24µm
u_accel.wfc\[362\]\[1\],12.24µm
u_accel.wfc\[408\]\[5\],12.24µm
u_accel.wfc\[467\]\[4\],12.24µm
u_accel.wfc\[490\]\[7\],12.24µm
net4382,12.24µm
net5401,12.24µm
net5901,12.24µm
net5963,12.24µm
net6078,12.24µm
_13197_,12.22µm
_13580_,12.22µm
u_accel.actm\[10\]\[1\],12.22µm
u_accel.actm\[44\]\[1\],12.22µm
u_accel.bconv\[1\]\[13\],12.22µm
u_accel.bfc\[1\]\[24\],12.22µm
u_accel.wconv\[0\]\[5\],12.22µm
u_accel.wfc\[105\]\[1\],12.22µm
u_accel.wfc\[113\]\[3\],12.22µm
u_accel.wfc\[191\]\[1\],12.22µm
u_accel.wfc\[240\]\[0\],12.22µm
u_accel.wfc\[256\]\[7\],12.22µm
u_accel.wfc\[260\]\[7\],12.22µm
u_accel.wfc\[262\]\[4\],12.22µm
u_accel.wfc\[279\]\[6\],12.22µm
u_accel.wfc\[387\]\[7\],12.22µm
u_accel.wfc\[391\]\[3\],12.22µm
u_accel.wfc\[401\]\[5\],12.22µm
u_accel.wfc\[443\]\[0\],12.22µm
u_csr.output_addr_o\[1\],12.22µm
net1132,12.22µm
net3149,12.22µm
net3964,12.22µm
net661,12.215µm
_00601_,12.205µm
_09572_,12.2µm
_10450_,12.2µm
_11235_,12.2µm
_12871_,12.2µm
u_accel.actm\[83\]\[1\],12.2µm
u_accel.actm\[84\]\[6\],12.2µm
u_accel.imem\[14\]\[6\],12.2µm
u_accel.wfc\[170\]\[5\],12.2µm
u_accel.wfc\[172\]\[2\],12.2µm
u_accel.wfc\[17\]\[2\],12.2µm
u_accel.wfc\[280\]\[4\],12.2µm
u_accel.wfc\[30\]\[6\],12.2µm
u_accel.wfc\[324\]\[3\],12.2µm
u_accel.wfc\[326\]\[7\],12.2µm
u_accel.wfc\[492\]\[6\],12.2µm
u_accel.wfc\[56\]\[3\],12.2µm
u_accel.wfc\[81\]\[7\],12.2µm
u_accel.wfc\[89\]\[0\],12.2µm
u_csr.len_o\[30\],12.2µm
net1475,12.2µm
net2693,12.2µm
net3298,12.2µm
net5431,12.2µm
net5906,12.2µm
net6114,12.2µm
u_accel.actm\[10\]\[4\],12.18µm
u_accel.actm\[99\]\[7\],12.18µm
u_accel.wfc\[261\]\[5\],12.18µm
u_accel.wfc\[328\]\[1\],12.18µm
u_accel.wfc\[420\]\[2\],12.18µm
u_accel.wfc\[438\]\[7\],12.18µm
u_accel.wfc\[58\]\[6\],12.18µm
u_accel.wfc\[6\]\[6\],12.18µm
_08125_,12.16µm
_08776_,12.16µm
_09694_,12.16µm
_10236_,12.16µm
_11414_,12.16µm
_13138_,12.16µm
_13293_,12.16µm
_14042_,12.16µm
_14147_,12.16µm
u_accel.actm\[111\]\[6\],12.16µm
u_accel.actm\[97\]\[5\],12.16µm
u_accel.bconv\[0\]\[1\],12.16µm
u_accel.bconv\[0\]\[28\],12.16µm
u_accel.ii\[23\],12.16µm
u_accel.imem\[0\]\[5\],12.16µm
u_accel.wfc\[152\]\[7\],12.16µm
u_accel.wfc\[16\]\[2\],12.16µm
u_accel.wfc\[188\]\[7\],12.16µm
u_accel.wfc\[193\]\[4\],12.16µm
u_accel.wfc\[232\]\[2\],12.16µm
u_accel.wfc\[261\]\[3\],12.16µm
u_accel.wfc\[348\]\[7\],12.16µm
u_accel.wfc\[379\]\[1\],12.16µm
u_accel.wfc\[440\]\[4\],12.16µm
net3852,12.16µm
_06846_,12.14µm
_08281_,12.14µm
_11112_,12.14µm
_13029_,12.14µm
_13178_,12.14µm
u_accel.actm\[2\]\[1\],12.14µm
u_accel.imem\[36\]\[2\],12.14µm
u_accel.wfc\[268\]\[6\],12.14µm
u_accel.wfc\[320\]\[1\],12.14µm
u_accel.wfc\[32\]\[6\],12.14µm
u_accel.wfc\[356\]\[3\],12.14µm
u_accel.wfc\[368\]\[5\],12.14µm
u_accel.wfc\[392\]\[7\],12.14µm
u_accel.wfc\[476\]\[2\],12.14µm
u_accel.wfc\[476\]\[7\],12.14µm
u_accel.wfc\[4\]\[0\],12.14µm
u_accel.wfc\[84\]\[3\],12.14µm
_01504_,12.125µm
_09404_,12.12µm
_12475_,12.12µm
_13393_,12.12µm
_13897_,12.12µm
_13907_,12.12µm
c_rdata\[30\],12.12µm
u_accel.bfc\[3\]\[2\],12.12µm
u_accel.ox\[15\],12.12µm
u_accel.wfc\[11\]\[5\],12.12µm
u_accel.wfc\[141\]\[2\],12.12µm
u_accel.wfc\[16\]\[5\],12.12µm
u_accel.wfc\[276\]\[3\],12.12µm
u_accel.wfc\[293\]\[3\],12.12µm
u_accel.wfc\[293\]\[7\],12.12µm
u_accel.wfc\[333\]\[2\],12.12µm
u_accel.wfc\[345\]\[7\],12.12µm
u_accel.wfc\[353\]\[4\],12.12µm
u_accel.wfc\[35\]\[5\],12.12µm
u_accel.wfc\[384\]\[3\],12.12µm
u_accel.wfc\[405\]\[5\],12.12µm
u_accel.wfc\[467\]\[6\],12.12µm
u_accel.wfc\[503\]\[6\],12.12µm
net1996,12.12µm
net2025,12.12µm
net3191,12.12µm
net3238,12.12µm
net3690,12.12µm
net3731,12.12µm
net4561,12.12µm
net4825,12.12µm
net4929,12.12µm
net5870,12.12µm
net5886,12.12µm
_08207_,12.1µm
_08842_,12.1µm
_11926_,12.1µm
u_accel.actm\[43\]\[7\],12.1µm
u_accel.bfc\[1\]\[31\],12.1µm
u_accel.bfc\[2\]\[16\],12.1µm
u_accel.logitm\[3\]\[19\],12.1µm
u_accel.wfc\[127\]\[7\],12.1µm
u_accel.wfc\[140\]\[4\],12.1µm
u_accel.wfc\[320\]\[6\],12.1µm
u_accel.wfc\[334\]\[7\],12.1µm
u_accel.wfc\[418\]\[3\],12.1µm
u_accel.wfc\[424\]\[3\],12.1µm
u_accel.wfc\[429\]\[3\],12.1µm
u_accel.wfc\[505\]\[4\],12.1µm
u_accel.wfc\[59\]\[4\],12.1µm
u_accel.wfc\[72\]\[3\],12.1µm
u_accel.wfc\[8\]\[0\],12.1µm
net46,12.1µm
_12709_,12.09µm
_08915_,12.08µm
_09175_,12.08µm
_09425_,12.08µm
_11911_,12.08µm
_12626_,12.08µm
_14066_,12.08µm
u_accel.bconv\[0\]\[9\],12.08µm
u_accel.imem\[2\]\[5\],12.08µm
u_accel.imem\[56\]\[1\],12.08µm
u_accel.imem\[8\]\[7\],12.08µm
u_accel.wfc\[191\]\[7\],12.08µm
u_accel.wfc\[208\]\[5\],12.08µm
u_accel.wfc\[221\]\[4\],12.08µm
u_accel.wfc\[275\]\[0\],12.08µm
u_accel.wfc\[32\]\[1\],12.08µm
u_accel.wfc\[349\]\[7\],12.08µm
u_accel.wfc\[381\]\[4\],12.08µm
u_accel.wfc\[494\]\[4\],12.08µm
net829,12.08µm
net1316,12.08µm
net1492,12.08µm
net1574,12.08µm
net1632,12.08µm
net2771,12.08µm
net4001,12.08µm
net4617,12.08µm
net6053,12.08µm
_02099_,12.065µm
_08961_,12.06µm
_12723_,12.06µm
_12751_,12.06µm
u_accel.actm\[39\]\[5\],12.06µm
u_accel.actm\[50\]\[1\],12.06µm
u_accel.wfc\[475\]\[4\],12.06µm
u_accel.wfc\[504\]\[5\],12.06µm
net2834,12.06µm
_01923_,12.055µm
_08290_,12.04µm
_08992_,12.04µm
_09308_,12.04µm
_09417_,12.04µm
_10836_,12.04µm
_12323_,12.04µm
_12805_,12.04µm
_13013_,12.04µm
u_accel.actm\[49\]\[0\],12.04µm
u_accel.actm\[57\]\[4\],12.04µm
u_accel.wfc\[156\]\[6\],12.04µm
u_accel.wfc\[237\]\[1\],12.04µm
u_accel.wfc\[272\]\[5\],12.04µm
u_accel.wfc\[4\]\[5\],12.04µm
u_accel.wfc\[63\]\[0\],12.04µm
u_accel.wfc\[9\]\[2\],12.04µm
_04054_,12.025µm
_09320_,12.02µm
_10538_,12.02µm
_11885_,12.02µm
_13045_,12.02µm
u_accel.actm\[94\]\[5\],12.02µm
u_accel.imem\[34\]\[7\],12.02µm
u_accel.wfc\[232\]\[0\],12.02µm
u_accel.wfc\[281\]\[5\],12.02µm
u_accel.wfc\[284\]\[1\],12.02µm
u_accel.wfc\[315\]\[2\],12.02µm
u_accel.wfc\[387\]\[3\],12.02µm
net671,12.02µm
net1460,12.02µm
net1551,12.02µm
net2779,12.02µm
net4918,12.02µm
net5483,12.02µm
net5577,12.02µm
_12813_,12.01µm
axi_bresp_o[1],12.01µm
_10823_,12µm
_13262_,12µm
_13491_,12µm
_13653_,12µm
axi_sram_wdata\[15\],12µm
u_accel.actm\[104\]\[7\],12µm
u_accel.c\[18\],12µm
u_accel.c\[25\],12µm
u_accel.logitm\[2\]\[23\],12µm
u_accel.logitm\[2\]\[28\],12µm
u_accel.wfc\[241\]\[5\],12µm
u_accel.wfc\[24\]\[2\],12µm
u_accel.wfc\[285\]\[3\],12µm
u_accel.wfc\[393\]\[6\],12µm
u_accel.wfc\[432\]\[3\],12µm
u_accel.wfc\[469\]\[0\],12µm
u_accel.wfc\[61\]\[0\],12µm
net404,12µm
net1274,12µm
net1307,12µm
net1386,12µm
net1958,12µm
net2135,12µm
net3258,12µm
net3394,12µm
net5589,12µm
u_accel.logitm\[0\]\[31\],11.995µm
_12295_,11.98µm
_13218_,11.98µm
_14103_,11.98µm
c_rdata\[17\],11.98µm
u_accel.actm\[3\]\[3\],11.98µm
u_accel.actm\[78\]\[4\],11.98µm
u_accel.imem\[52\]\[6\],11.98µm
u_accel.imem\[56\]\[0\],11.98µm
u_accel.wfc\[123\]\[2\],11.98µm
u_accel.wfc\[143\]\[7\],11.98µm
u_accel.wfc\[243\]\[0\],11.98µm
u_accel.wfc\[347\]\[4\],11.98µm
u_accel.wfc\[403\]\[6\],11.98µm
u_accel.wfc\[428\]\[5\],11.98µm
u_accel.wfc\[475\]\[5\],11.98µm
net367,11.98µm
net1570,11.98µm
net2155,11.98µm
net2796,11.98µm
net2833,11.98µm
net2908,11.98µm
net4580,11.98µm
net5096,11.98µm
net5150,11.98µm
net5328,11.98µm
net5795,11.98µm
net5814,11.98µm
net6001,11.98µm
net6118,11.98µm
_07923_,11.96µm
_10069_,11.96µm
_10656_,11.96µm
_13504_,11.96µm
_13951_,11.96µm
u_accel.actm\[44\]\[5\],11.96µm
u_accel.actm\[8\]\[5\],11.96µm
u_accel.am_f\[26\],11.96µm
u_accel.imem\[15\]\[0\],11.96µm
u_accel.wfc\[431\]\[4\],11.96µm
net3569,11.96µm
_00044_,11.94µm
_05178_,11.94µm
_08832_,11.94µm
_12886_,11.94µm
u_accel.imem\[36\]\[1\],11.94µm
u_accel.imem\[5\]\[7\],11.94µm
net1679,11.94µm
net5041,11.94µm
net5127,11.94µm
net5602,11.94µm
net5652,11.94µm
_09402_,11.92µm
_09745_,11.92µm
_10303_,11.92µm
_13088_,11.92µm
u_accel.actm\[31\]\[1\],11.92µm
u_accel.actm\[90\]\[7\],11.92µm
u_accel.f\[23\],11.92µm
u_accel.imem\[33\]\[6\],11.92µm
u_accel.imem\[44\]\[2\],11.92µm
u_accel.wfc\[109\]\[1\],11.92µm
u_accel.wfc\[174\]\[7\],11.92µm
u_accel.wfc\[231\]\[6\],11.92µm
u_accel.wfc\[296\]\[5\],11.92µm
u_accel.wfc\[393\]\[4\],11.92µm
u_accel.wfc\[457\]\[4\],11.92µm
u_accel.wfc\[494\]\[2\],11.92µm
_05767_,11.915µm
_10091_,11.9µm
_11835_,11.9µm
u_accel.actm\[45\]\[0\],11.9µm
u_accel.actm\[98\]\[1\],11.9µm
u_accel.bfc\[2\]\[21\],11.9µm
u_accel.imem\[44\]\[5\],11.9µm
u_accel.wfc\[229\]\[7\],11.9µm
net171,11.9µm
net1209,11.9µm
net2124,11.9µm
net2154,11.9µm
net5426,11.9µm
_13114_,11.895µm
_05705_,11.885µm
_06853_,11.88µm
_09718_,11.88µm
_11781_,11.88µm
_12452_,11.88µm
_13366_,11.88µm
axi_sram_wdata\[10\],11.88µm
u_accel.c\[11\],11.88µm
u_accel.wfc\[245\]\[4\],11.88µm
u_accel.wfc\[295\]\[3\],11.88µm
u_accel.wfc\[305\]\[2\],11.88µm
u_accel.wfc\[388\]\[2\],11.88µm
u_accel.wfc\[413\]\[5\],11.88µm
u_accel.wfc\[60\]\[2\],11.88µm
u_accel.wfc\[64\]\[7\],11.88µm
u_csr.weight_addr_o\[7\],11.88µm
net2044,11.88µm
net2876,11.88µm
net3573,11.88µm
net4749,11.88µm
net5607,11.88µm
_04545_,11.865µm
_01734_,11.86µm
_07785_,11.86µm
_10741_,11.86µm
net2015,11.86µm
net5505,11.86µm
_12775_,11.85µm
u_accel.actm\[76\]\[4\],11.845µm
_09928_,11.84µm
_11185_,11.84µm
_11836_,11.84µm
_12395_,11.84µm
c_rdata\[9\],11.84µm
u_accel.actm\[11\]\[1\],11.84µm
u_accel.actm\[69\]\[3\],11.84µm
u_accel.actm\[98\]\[5\],11.84µm
u_accel.bconv\[0\]\[26\],11.84µm
u_accel.bfc\[1\]\[21\],11.84µm
u_accel.f\[16\],11.84µm
u_accel.imem\[0\]\[0\],11.84µm
u_accel.logitm\[3\]\[3\],11.84µm
u_accel.wfc\[147\]\[1\],11.84µm
u_accel.wfc\[227\]\[4\],11.84µm
u_accel.wfc\[325\]\[4\],11.84µm
u_accel.wfc\[327\]\[6\],11.84µm
u_accel.wfc\[345\]\[0\],11.84µm
u_accel.wfc\[431\]\[3\],11.84µm
u_accel.wfc\[467\]\[7\],11.84µm
net3541,11.84µm
net5503,11.84µm
_04146_,11.825µm
_09838_,11.82µm
_10366_,11.82µm
_11094_,11.82µm
_11225_,11.82µm
u_accel.wfc\[140\]\[5\],11.82µm
u_accel.wfc\[160\]\[1\],11.82µm
u_accel.wfc\[192\]\[0\],11.82µm
u_accel.wfc\[24\]\[3\],11.82µm
u_accel.wfc\[24\]\[7\],11.82µm
u_accel.wfc\[320\]\[4\],11.82µm
u_accel.wfc\[452\]\[4\],11.82µm
u_accel.wfc\[466\]\[2\],11.82µm
u_accel.wfc\[468\]\[1\],11.82µm
u_accel.wfc\[76\]\[0\],11.82µm
net1472,11.82µm
net1965,11.82µm
net4351,11.82µm
net6000,11.82µm
u_accel.wfc\[35\]\[7\],11.81µm
_09267_,11.8µm
_12451_,11.8µm
_12912_,11.8µm
_13670_,11.8µm
u_accel.actm\[111\]\[2\],11.8µm
u_accel.actm\[24\]\[4\],11.8µm
u_accel.actm\[93\]\[6\],11.8µm
u_accel.bfc\[0\]\[16\],11.8µm
u_accel.imem\[17\]\[0\],11.8µm
u_accel.imem\[9\]\[7\],11.8µm
u_accel.logitm\[3\]\[9\],11.8µm
u_accel.wconv\[11\]\[4\],11.8µm
u_accel.wfc\[104\]\[2\],11.8µm
u_accel.wfc\[113\]\[4\],11.8µm
u_accel.wfc\[144\]\[1\],11.8µm
u_accel.wfc\[152\]\[6\],11.8µm
u_accel.wfc\[264\]\[0\],11.8µm
u_accel.wfc\[268\]\[1\],11.8µm
u_accel.wfc\[288\]\[3\],11.8µm
u_accel.wfc\[312\]\[1\],11.8µm
u_accel.wfc\[348\]\[6\],11.8µm
u_accel.wfc\[364\]\[5\],11.8µm
u_accel.wfc\[365\]\[2\],11.8µm
u_accel.wfc\[368\]\[4\],11.8µm
u_accel.wfc\[376\]\[3\],11.8µm
u_accel.wfc\[382\]\[4\],11.8µm
u_accel.wfc\[435\]\[5\],11.8µm
u_accel.wfc\[460\]\[6\],11.8µm
u_accel.wfc\[465\]\[0\],11.8µm
u_accel.wfc\[69\]\[6\],11.8µm
net2202,11.8µm
_08240_,11.78µm
_12223_,11.78µm
_12788_,11.78µm
_14072_,11.78µm
u_accel.bfc\[2\]\[22\],11.78µm
u_accel.imem\[15\]\[4\],11.78µm
u_accel.wconv\[10\]\[6\],11.78µm
u_accel.wconv\[3\]\[2\],11.78µm
u_accel.wfc\[169\]\[2\],11.78µm
u_accel.wfc\[190\]\[1\],11.78µm
u_accel.wfc\[240\]\[5\],11.78µm
u_accel.wfc\[248\]\[5\],11.78µm
u_accel.wfc\[294\]\[4\],11.78µm
u_accel.wfc\[2\]\[5\],11.78µm
u_accel.wfc\[358\]\[1\],11.78µm
u_accel.wfc\[370\]\[3\],11.78µm
u_accel.wfc\[386\]\[0\],11.78µm
u_csr.output_addr_o\[5\],11.78µm
net633,11.78µm
net3323,11.78µm
net4880,11.78µm
_08867_,11.76µm
_11985_,11.76µm
u_accel.actm\[26\]\[3\],11.76µm
u_accel.actm\[27\]\[1\],11.76µm
u_accel.actm\[54\]\[3\],11.76µm
u_accel.actm\[95\]\[7\],11.76µm
u_accel.actm\[96\]\[7\],11.76µm
u_accel.bfc\[3\]\[9\],11.76µm
u_accel.logitm\[3\]\[17\],11.76µm
u_accel.wfc\[100\]\[7\],11.76µm
u_accel.wfc\[132\]\[7\],11.76µm
u_accel.wfc\[141\]\[3\],11.76µm
u_accel.wfc\[216\]\[5\],11.76µm
u_accel.wfc\[244\]\[3\],11.76µm
u_accel.wfc\[271\]\[7\],11.76µm
u_accel.wfc\[277\]\[5\],11.76µm
u_accel.wfc\[292\]\[7\],11.76µm
u_accel.wfc\[355\]\[5\],11.76µm
u_accel.wfc\[403\]\[3\],11.76µm
u_accel.wfc\[455\]\[6\],11.76µm
u_accel.wfc\[493\]\[3\],11.76µm
u_csr.ctrl_q\[27\],11.76µm
u_csr.ctrl_q\[6\],11.76µm
net1213,11.76µm
net3785,11.76µm
u_csr.input_addr_o\[6\],11.745µm
_09477_,11.74µm
_11815_,11.74µm
_12450_,11.74µm
_13149_,11.74µm
u_accel.f\[31\],11.74µm
u_accel.imem\[24\]\[7\],11.74µm
u_accel.imem\[28\]\[3\],11.74µm
u_accel.wconv\[6\]\[5\],11.74µm
u_accel.wfc\[101\]\[2\],11.74µm
u_accel.wfc\[129\]\[0\],11.74µm
u_accel.wfc\[16\]\[0\],11.74µm
u_accel.wfc\[17\]\[3\],11.74µm
u_accel.wfc\[190\]\[5\],11.74µm
u_accel.wfc\[195\]\[4\],11.74µm
u_accel.wfc\[250\]\[2\],11.74µm
u_accel.wfc\[279\]\[0\],11.74µm
u_accel.wfc\[27\]\[0\],11.74µm
u_accel.wfc\[281\]\[3\],11.74µm
u_accel.wfc\[286\]\[0\],11.74µm
u_accel.wfc\[31\]\[2\],11.74µm
u_accel.wfc\[377\]\[0\],11.74µm
u_accel.wfc\[384\]\[0\],11.74µm
u_accel.wfc\[385\]\[7\],11.74µm
u_accel.wfc\[391\]\[6\],11.74µm
u_accel.wfc\[454\]\[7\],11.74µm
u_accel.wfc\[45\]\[0\],11.74µm
u_accel.wfc\[50\]\[5\],11.74µm
u_accel.wfc\[6\]\[4\],11.74µm
net2770,11.74µm
net3923,11.74µm
net4354,11.74µm
net5879,11.74µm
_13972_,11.735µm
_12229_,11.72µm
u_accel.actm\[45\]\[3\],11.72µm
u_accel.actm\[94\]\[3\],11.72µm
u_accel.bfc\[0\]\[12\],11.72µm
u_accel.wfc\[108\]\[5\],11.72µm
u_accel.wfc\[110\]\[3\],11.72µm
u_accel.wfc\[270\]\[3\],11.72µm
u_accel.wfc\[28\]\[0\],11.72µm
u_accel.wfc\[303\]\[1\],11.72µm
u_accel.wfc\[310\]\[7\],11.72µm
u_accel.wfc\[451\]\[0\],11.72µm
_13233_,11.71µm
_08782_,11.7µm
_09901_,11.7µm
_11210_,11.7µm
_12482_,11.7µm
u_accel.actm\[46\]\[4\],11.7µm
u_accel.wfc\[137\]\[6\],11.7µm
u_accel.wfc\[152\]\[2\],11.7µm
u_accel.wfc\[202\]\[4\],11.7µm
u_accel.wfc\[251\]\[5\],11.7µm
u_accel.wfc\[260\]\[6\],11.7µm
u_accel.wfc\[276\]\[6\],11.7µm
u_accel.wfc\[328\]\[3\],11.7µm
u_accel.wfc\[336\]\[0\],11.7µm
u_accel.wfc\[378\]\[7\],11.7µm
u_accel.wfc\[396\]\[4\],11.7µm
u_accel.wfc\[407\]\[5\],11.7µm
u_accel.wfc\[506\]\[4\],11.7µm
u_accel.wfc\[65\]\[1\],11.7µm
net1168,11.7µm
_01285_,11.695µm
_09389_,11.68µm
u_accel.wfc\[199\]\[5\],11.68µm
u_accel.wfc\[87\]\[2\],11.68µm
u_csr.input_addr_o\[14\],11.68µm
_00036_,11.675µm
axi_rresp_o[0],11.67µm
_10624_,11.665µm
_06849_,11.66µm
_07771_,11.66µm
_12508_,11.66µm
_12577_,11.66µm
u_accel.actm\[48\]\[2\],11.66µm
u_accel.bfc\[2\]\[26\],11.66µm
u_accel.imem\[61\]\[3\],11.66µm
u_accel.wfc\[119\]\[4\],11.66µm
u_accel.wfc\[157\]\[2\],11.66µm
u_accel.wfc\[180\]\[7\],11.66µm
u_accel.wfc\[197\]\[2\],11.66µm
u_accel.wfc\[212\]\[6\],11.66µm
u_accel.wfc\[23\]\[2\],11.66µm
u_accel.wfc\[284\]\[7\],11.66µm
u_accel.wfc\[321\]\[7\],11.66µm
u_accel.wfc\[343\]\[7\],11.66µm
u_accel.wfc\[381\]\[7\],11.66µm
u_accel.wfc\[404\]\[2\],11.66µm
u_accel.wfc\[417\]\[1\],11.66µm
u_accel.wfc\[41\]\[0\],11.66µm
u_accel.wfc\[436\]\[0\],11.66µm
u_accel.wfc\[453\]\[7\],11.66µm
u_accel.wfc\[477\]\[0\],11.66µm
u_accel.wfc\[73\]\[0\],11.66µm
u_accel.wfc\[93\]\[7\],11.66µm
u_accel.wfc\[97\]\[4\],11.66µm
u_csr.ctrl_q\[21\],11.66µm
u_csr.weight_addr_o\[26\],11.66µm
net960,11.66µm
net1454,11.66µm
net1739,11.66µm
net2261,11.66µm
net2319,11.66µm
net2419,11.66µm
net2760,11.66µm
net3384,11.66µm
net3460,11.66µm
net3670,11.66µm
net3809,11.66µm
net4184,11.66µm
net4413,11.66µm
net4607,11.66µm
net5011,11.66µm
net5594,11.66µm
net5781,11.66µm
_13353_,11.65µm
_08181_,11.64µm
_08797_,11.64µm
u_accel.wfc\[191\]\[0\],11.64µm
u_accel.wfc\[192\]\[5\],11.64µm
u_accel.wfc\[198\]\[2\],11.64µm
u_accel.wfc\[272\]\[3\],11.64µm
u_accel.wfc\[351\]\[6\],11.64µm
u_accel.wfc\[352\]\[4\],11.64µm
u_accel.wfc\[417\]\[6\],11.64µm
u_accel.wfc\[50\]\[6\],11.64µm
net3876,11.64µm
_00202_,11.625µm
_07975_,11.62µm
_12419_,11.62µm
_12422_,11.62µm
_12582_,11.62µm
u_accel.actm\[106\]\[5\],11.62µm
u_accel.actm\[50\]\[0\],11.62µm
u_accel.actm\[50\]\[7\],11.62µm
u_accel.actm\[60\]\[5\],11.62µm
u_accel.actm\[80\]\[1\],11.62µm
u_accel.bfc\[1\]\[29\],11.62µm
u_accel.imem\[1\]\[1\],11.62µm
u_accel.logitm\[1\]\[10\],11.62µm
u_accel.wfc\[171\]\[3\],11.62µm
u_accel.wfc\[241\]\[2\],11.62µm
u_accel.wfc\[275\]\[2\],11.62µm
u_accel.wfc\[325\]\[1\],11.62µm
u_accel.wfc\[433\]\[0\],11.62µm
u_accel.wfc\[471\]\[0\],11.62µm
u_accel.wfc\[481\]\[3\],11.62µm
u_accel.wfc\[509\]\[6\],11.62µm
_13656_,11.615µm
_10416_,11.61µm
_09994_,11.6µm
_14207_,11.6µm
u_accel.actm\[123\]\[5\],11.6µm
u_accel.actm\[6\]\[6\],11.6µm
u_accel.imem\[18\]\[6\],11.6µm
u_accel.imem\[45\]\[0\],11.6µm
u_accel.logitm\[2\]\[15\],11.6µm
u_accel.wfc\[188\]\[2\],11.6µm
u_accel.wfc\[254\]\[6\],11.6µm
u_accel.wfc\[347\]\[0\],11.6µm
u_accel.wfc\[362\]\[3\],11.6µm
_07928_,11.58µm
_08934_,11.58µm
_09991_,11.58µm
_10951_,11.58µm
_11790_,11.58µm
_13117_,11.58µm
u_accel.actm\[31\]\[4\],11.58µm
u_accel.wfc\[142\]\[1\],11.58µm
u_accel.wfc\[151\]\[1\],11.58µm
u_accel.wfc\[221\]\[3\],11.58µm
u_accel.wfc\[264\]\[7\],11.58µm
u_accel.wfc\[316\]\[3\],11.58µm
u_accel.wfc\[428\]\[3\],11.58µm
u_accel.wfc\[488\]\[1\],11.58µm
u_csr.len_o\[17\],11.58µm
net2384,11.58µm
net4115,11.58µm
net4331,11.58µm
net4433,11.58µm
net4721,11.58µm
net5455,11.58µm
_08999_,11.56µm
_09657_,11.56µm
axi_sram_wdata\[14\],11.56µm
c_rdata\[19\],11.56µm
d_rdata\[1\],11.56µm
u_accel.actm\[111\]\[3\],11.56µm
u_accel.imem\[34\]\[6\],11.56µm
u_accel.wfc\[49\]\[4\],11.56µm
u_accel.wfc\[76\]\[4\],11.56µm
net195,11.56µm
net1419,11.56µm
net1838,11.56µm
net2602,11.56µm
net3368,11.56µm
net3438,11.56µm
net3442,11.56µm
net4565,11.56µm
net5585,11.56µm
net5974,11.56µm
_09703_,11.54µm
_13598_,11.54µm
_14130_,11.54µm
ld_acc_addr\[8\],11.54µm
u_accel.actm\[12\]\[6\],11.54µm
u_accel.actm\[8\]\[4\],11.54µm
u_accel.am_f\[0\],11.54µm
u_accel.c\[10\],11.54µm
u_accel.wfc\[148\]\[2\],11.54µm
u_accel.wfc\[505\]\[5\],11.54µm
u_csr.ctrl_q\[24\],11.54µm
u_csr.output_addr_o\[28\],11.54µm
net1335,11.54µm
net1604,11.54µm
net2018,11.54µm
net3310,11.54µm
net5106,11.54µm
net5379,11.54µm
_02370_,11.525µm
_07068_,11.52µm
_10980_,11.52µm
_13595_,11.52µm
u_accel.actm\[62\]\[1\],11.52µm
u_accel.wfc\[380\]\[5\],11.52µm
u_accel.wfc\[457\]\[7\],11.52µm
u_accel.wfc\[498\]\[3\],11.52µm
u_accel.wfc\[510\]\[6\],11.52µm
u_accel.wfc\[91\]\[7\],11.52µm
net146,11.52µm
net329,11.52µm
net385,11.52µm
net760,11.52µm
net847,11.52µm
net1560,11.52µm
net1732,11.52µm
net2927,11.52µm
net3869,11.52µm
net4024,11.52µm
net4057,11.52µm
net4375,11.52µm
net4487,11.52µm
net4529,11.52µm
net4584,11.52µm
net4693,11.52µm
net4702,11.52µm
net4717,11.52µm
net5641,11.52µm
net5767,11.52µm
_00584_,11.505µm
_00799_,11.505µm
_10238_,11.5µm
_10367_,11.5µm
_10808_,11.5µm
_11038_,11.5µm
_12126_,11.5µm
u_accel.imem\[4\]\[2\],11.5µm
u_accel.imem\[52\]\[3\],11.5µm
u_accel.imem\[6\]\[3\],11.5µm
u_accel.wfc\[231\]\[3\],11.5µm
u_accel.wfc\[370\]\[2\],11.5µm
net5458,11.5µm
_04864_,11.48µm
_08029_,11.48µm
_11786_,11.48µm
_14163_,11.48µm
u_accel.wfc\[276\]\[0\],11.48µm
u_accel.wfc\[290\]\[2\],11.48µm
net3441,11.48µm
net5419,11.48µm
_03107_,11.475µm
u_accel.actm\[28\]\[3\],11.47µm
_11534_,11.46µm
_12429_,11.46µm
_13390_,11.46µm
u_accel.actm\[105\]\[0\],11.46µm
u_accel.actm\[83\]\[7\],11.46µm
u_accel.actm\[94\]\[2\],11.46µm
u_accel.am_f\[12\],11.46µm
u_accel.c\[7\],11.46µm
u_accel.imem\[21\]\[6\],11.46µm
u_accel.imem\[34\]\[0\],11.46µm
u_accel.imem\[39\]\[1\],11.46µm
u_accel.wfc\[102\]\[5\],11.46µm
u_accel.wfc\[143\]\[0\],11.46µm
u_accel.wfc\[216\]\[1\],11.46µm
u_accel.wfc\[217\]\[6\],11.46µm
u_accel.wfc\[326\]\[1\],11.46µm
u_accel.wfc\[405\]\[3\],11.46µm
u_accel.wfc\[457\]\[6\],11.46µm
net3360,11.46µm
u_accel.wfc\[245\]\[6\],11.45µm
_13870_,11.44µm
u_accel.actm\[93\]\[3\],11.44µm
u_accel.wfc\[264\]\[6\],11.44µm
u_accel.wfc\[508\]\[0\],11.44µm
u_accel.wfc\[51\]\[4\],11.44µm
net1610,11.44µm
net2132,11.44µm
net2742,11.44µm
net5116,11.44µm
net5351,11.44µm
u_accel.wfc\[379\]\[7\],11.435µm
u_accel.logitm\[0\]\[4\],11.425µm
_09451_,11.42µm
u_accel.actm\[75\]\[2\],11.42µm
u_accel.actm\[94\]\[1\],11.42µm
u_accel.wfc\[13\]\[5\],11.42µm
u_accel.wfc\[144\]\[2\],11.42µm
u_accel.wfc\[165\]\[3\],11.42µm
u_accel.wfc\[201\]\[2\],11.42µm
u_accel.wfc\[257\]\[1\],11.42µm
u_accel.wfc\[25\]\[6\],11.42µm
u_accel.wfc\[29\]\[7\],11.42µm
u_accel.wfc\[345\]\[1\],11.42µm
u_accel.wfc\[437\]\[6\],11.42µm
u_accel.wfc\[444\]\[4\],11.42µm
u_accel.wfc\[460\]\[3\],11.42µm
u_accel.wfc\[473\]\[5\],11.42µm
u_csr.len_o\[29\],11.42µm
net4478,11.42µm
net4961,11.42µm
_08182_,11.4µm
_10415_,11.4µm
_13098_,11.4µm
u_accel.actm\[35\]\[7\],11.4µm
u_accel.actm\[57\]\[0\],11.4µm
u_accel.wfc\[362\]\[2\],11.4µm
net1249,11.4µm
net2028,11.4µm
net3960,11.4µm
net5033,11.4µm
_11409_,11.39µm
_07094_,11.38µm
_12312_,11.38µm
_12515_,11.38µm
_12773_,11.38µm
_13455_,11.38µm
u_accel.actm\[126\]\[3\],11.38µm
u_accel.imem\[12\]\[0\],11.38µm
u_accel.imem\[16\]\[5\],11.38µm
u_accel.wfc\[101\]\[7\],11.38µm
u_accel.wfc\[215\]\[2\],11.38µm
u_accel.wfc\[241\]\[0\],11.38µm
u_accel.wfc\[273\]\[0\],11.38µm
u_accel.wfc\[323\]\[5\],11.38µm
u_accel.wfc\[398\]\[3\],11.38µm
u_accel.wfc\[399\]\[6\],11.38µm
u_accel.wfc\[449\]\[0\],11.38µm
u_accel.wfc\[497\]\[5\],11.38µm
net921,11.38µm
net4080,11.38µm
net6072,11.38µm
_08928_,11.36µm
_09040_,11.36µm
_09691_,11.36µm
_10461_,11.36µm
_11337_,11.36µm
_11374_,11.36µm
u_accel.wfc\[288\]\[7\],11.36µm
u_accel.wfc\[298\]\[2\],11.36µm
u_accel.wfc\[324\]\[0\],11.36µm
u_accel.wfc\[353\]\[6\],11.36µm
u_accel.wfc\[484\]\[6\],11.36µm
u_csr.weight_addr_o\[15\],11.36µm
_07779_,11.34µm
_08060_,11.34µm
_13446_,11.34µm
u_accel.actm\[23\]\[3\],11.34µm
u_accel.wfc\[124\]\[5\],11.34µm
u_accel.wfc\[136\]\[6\],11.34µm
u_accel.wfc\[150\]\[7\],11.34µm
u_accel.wfc\[196\]\[3\],11.34µm
u_accel.wfc\[201\]\[0\],11.34µm
u_accel.wfc\[227\]\[3\],11.34µm
u_accel.wfc\[260\]\[2\],11.34µm
u_accel.wfc\[417\]\[2\],11.34µm
u_accel.wfc\[48\]\[5\],11.34µm
u_accel.wfc\[60\]\[4\],11.34µm
u_accel.wfc\[69\]\[2\],11.34µm
u_accel.wfc\[75\]\[1\],11.34µm
net643,11.34µm
net1006,11.34µm
_00410_,11.335µm
_01281_,11.335µm
u_accel.imem\[57\]\[2\],11.33µm
u_accel.wfc\[313\]\[1\],11.33µm
_07776_,11.32µm
_08076_,11.32µm
_11710_,11.32µm
_12363_,11.32µm
_13552_,11.32µm
u_accel.actm\[72\]\[7\],11.32µm
u_accel.actm\[89\]\[7\],11.32µm
u_accel.bconv\[1\]\[0\],11.32µm
u_accel.f\[21\],11.32µm
u_accel.wfc\[12\]\[4\],11.32µm
u_accel.wfc\[165\]\[1\],11.32µm
u_accel.wfc\[205\]\[5\],11.32µm
u_accel.wfc\[208\]\[6\],11.32µm
u_accel.wfc\[236\]\[4\],11.32µm
u_accel.wfc\[294\]\[6\],11.32µm
u_accel.wfc\[356\]\[0\],11.32µm
u_accel.wfc\[390\]\[6\],11.32µm
u_accel.wfc\[3\]\[1\],11.32µm
u_accel.wfc\[403\]\[5\],11.32µm
u_accel.wfc\[406\]\[7\],11.32µm
u_accel.wfc\[420\]\[3\],11.32µm
u_accel.wfc\[463\]\[6\],11.32µm
u_accel.wfc\[48\]\[1\],11.32µm
u_accel.wfc\[490\]\[5\],11.32µm
u_accel.wfc\[500\]\[1\],11.32µm
u_accel.wfc\[53\]\[6\],11.32µm
u_accel.wfc\[66\]\[0\],11.32µm
u_accel.wfc\[72\]\[2\],11.32µm
u_csr.weight_addr_o\[18\],11.32µm
net1456,11.32µm
net2972,11.32µm
net3967,11.32µm
net4422,11.32µm
net5210,11.32µm
net5246,11.32µm
_08288_,11.3µm
_09174_,11.3µm
_10125_,11.3µm
_12820_,11.3µm
_14006_,11.3µm
u_accel.actm\[38\]\[3\],11.3µm
u_accel.imem\[49\]\[6\],11.3µm
u_accel.wconv\[12\]\[0\],11.3µm
u_accel.wconv\[8\]\[2\],11.3µm
u_accel.wfc\[108\]\[4\],11.3µm
u_accel.wfc\[133\]\[1\],11.3µm
u_accel.wfc\[148\]\[1\],11.3µm
u_accel.wfc\[160\]\[3\],11.3µm
u_accel.wfc\[176\]\[0\],11.3µm
u_accel.wfc\[17\]\[0\],11.3µm
u_accel.wfc\[181\]\[7\],11.3µm
u_accel.wfc\[184\]\[2\],11.3µm
u_accel.wfc\[236\]\[7\],11.3µm
u_accel.wfc\[255\]\[4\],11.3µm
u_accel.wfc\[352\]\[1\],11.3µm
u_accel.wfc\[352\]\[7\],11.3µm
u_accel.wfc\[360\]\[4\],11.3µm
u_accel.wfc\[364\]\[2\],11.3µm
u_accel.wfc\[374\]\[1\],11.3µm
u_accel.wfc\[385\]\[2\],11.3µm
u_accel.wfc\[386\]\[6\],11.3µm
u_accel.wfc\[388\]\[1\],11.3µm
u_accel.wfc\[389\]\[0\],11.3µm
u_accel.wfc\[424\]\[1\],11.3µm
u_accel.wfc\[437\]\[0\],11.3µm
u_accel.wfc\[446\]\[0\],11.3µm
u_accel.wfc\[492\]\[2\],11.3µm
u_accel.wfc\[65\]\[4\],11.3µm
u_accel.wfc\[94\]\[2\],11.3µm
u_csr.ctrl_q\[20\],11.3µm
_12743_,11.28µm
_13462_,11.28µm
_13557_,11.28µm
u_accel.actm\[101\]\[6\],11.28µm
u_accel.actm\[22\]\[1\],11.28µm
u_accel.actm\[91\]\[7\],11.28µm
u_accel.bconv\[0\]\[21\],11.28µm
u_accel.bfc\[2\]\[8\],11.28µm
u_accel.logitm\[1\]\[9\],11.28µm
u_accel.wconv\[13\]\[5\],11.28µm
u_accel.wconv\[5\]\[7\],11.28µm
u_accel.wfc\[189\]\[7\],11.28µm
u_accel.wfc\[190\]\[6\],11.28µm
u_accel.wfc\[307\]\[1\],11.28µm
u_accel.wfc\[309\]\[2\],11.28µm
u_accel.wfc\[31\]\[1\],11.28µm
u_accel.wfc\[327\]\[3\],11.28µm
u_accel.wfc\[419\]\[0\],11.28µm
u_accel.wfc\[46\]\[3\],11.28µm
u_accel.wfc\[470\]\[3\],11.28µm
u_accel.wfc\[482\]\[1\],11.28µm
u_accel.wfc\[48\]\[0\],11.28µm
u_accel.wfc\[88\]\[2\],11.28µm
net3684,11.28µm
net3717,11.28µm
net3851,11.28µm
net5587,11.28µm
u_accel.wconv\[9\]\[1\],11.27µm
_07829_,11.26µm
_09419_,11.26µm
_11089_,11.26µm
_13346_,11.26µm
u_accel.actm\[104\]\[0\],11.26µm
u_accel.actm\[46\]\[1\],11.26µm
u_accel.bfc\[2\]\[10\],11.26µm
u_accel.imem\[3\]\[1\],11.26µm
u_accel.logitm\[2\]\[16\],11.26µm
u_accel.wfc\[106\]\[1\],11.26µm
u_accel.wfc\[151\]\[6\],11.26µm
u_accel.wfc\[190\]\[4\],11.26µm
u_accel.wfc\[22\]\[2\],11.26µm
u_accel.wfc\[316\]\[6\],11.26µm
u_accel.wfc\[326\]\[3\],11.26µm
u_accel.wfc\[340\]\[0\],11.26µm
u_accel.wfc\[458\]\[1\],11.26µm
net3981,11.26µm
_06185_,11.245µm
_06412_,11.245µm
_07987_,11.24µm
_08433_,11.24µm
_11507_,11.24µm
_13927_,11.24µm
_13996_,11.24µm
_14029_,11.24µm
c_rdata\[27\],11.24µm
u_accel.actm\[117\]\[5\],11.24µm
u_accel.actm\[22\]\[6\],11.24µm
u_accel.actm\[65\]\[7\],11.24µm
u_accel.am_f\[30\],11.24µm
u_accel.imem\[25\]\[4\],11.24µm
u_accel.wfc\[152\]\[5\],11.24µm
u_accel.wfc\[160\]\[5\],11.24µm
u_accel.wfc\[19\]\[1\],11.24µm
u_accel.wfc\[200\]\[3\],11.24µm
u_accel.wfc\[254\]\[3\],11.24µm
u_accel.wfc\[258\]\[1\],11.24µm
u_accel.wfc\[330\]\[7\],11.24µm
u_accel.wfc\[336\]\[4\],11.24µm
net3207,11.24µm
net5101,11.24µm
_00200_,11.225µm
_03318_,11.225µm
_03497_,11.225µm
_04257_,11.225µm
_09975_,11.22µm
_11748_,11.22µm
_13297_,11.22µm
u_accel.actm\[13\]\[5\],11.22µm
u_accel.actm\[64\]\[7\],11.22µm
u_accel.actm\[76\]\[3\],11.22µm
u_accel.actm\[81\]\[4\],11.22µm
u_accel.logitm\[0\]\[15\],11.22µm
net49,11.22µm
_12411_,11.21µm
_04204_,11.205µm
_08083_,11.2µm
_08835_,11.2µm
_10888_,11.2µm
_11181_,11.2µm
_11274_,11.2µm
_11684_,11.2µm
_11766_,11.2µm
_11814_,11.2µm
_11962_,11.2µm
_12113_,11.2µm
_12401_,11.2µm
_13171_,11.2µm
_13349_,11.2µm
_13977_,11.2µm
u_accel.actm\[105\]\[5\],11.2µm
u_accel.bfc\[0\]\[29\],11.2µm
u_accel.logitm\[1\]\[29\],11.2µm
u_accel.wconv\[10\]\[3\],11.2µm
u_accel.wfc\[136\]\[3\],11.2µm
u_accel.wfc\[256\]\[3\],11.2µm
u_accel.wfc\[257\]\[7\],11.2µm
u_accel.wfc\[263\]\[0\],11.2µm
u_accel.wfc\[328\]\[4\],11.2µm
u_accel.wfc\[420\]\[0\],11.2µm
u_accel.wfc\[4\]\[3\],11.2µm
u_accel.wfc\[71\]\[2\],11.2µm
net67,11.2µm
net668,11.2µm
net1361,11.2µm
net1443,11.2µm
net1445,11.2µm
net2070,11.2µm
net2086,11.2µm
net2102,11.2µm
net2239,11.2µm
net2241,11.2µm
net2308,11.2µm
net2480,11.2µm
net2806,11.2µm
net3127,11.2µm
net3685,11.2µm
net5226,11.2µm
net5737,11.2µm
net5855,11.2µm
_08320_,11.18µm
_09640_,11.18µm
_13425_,11.18µm
u_accel.bconv\[0\]\[0\],11.18µm
u_accel.c\[22\],11.18µm
u_accel.imem\[1\]\[2\],11.18µm
u_accel.wfc\[234\]\[2\],11.18µm
u_accel.wfc\[26\]\[1\],11.18µm
u_accel.wfc\[279\]\[2\],11.18µm
u_accel.wfc\[378\]\[3\],11.18µm
u_accel.wfc\[431\]\[5\],11.18µm
u_accel.wfc\[471\]\[3\],11.18µm
u_accel.wfc\[98\]\[6\],11.18µm
net6064,11.18µm
_02125_,11.165µm
_04294_,11.165µm
_05179_,11.16µm
_09683_,11.16µm
_11693_,11.16µm
_12767_,11.16µm
_12902_,11.16µm
_13893_,11.16µm
u_accel.actm\[103\]\[2\],11.16µm
u_accel.actm\[114\]\[2\],11.16µm
u_accel.bfc\[0\]\[14\],11.16µm
u_accel.wfc\[13\]\[0\],11.16µm
u_accel.wfc\[187\]\[2\],11.16µm
u_accel.wfc\[219\]\[1\],11.16µm
u_accel.wfc\[234\]\[1\],11.16µm
u_accel.wfc\[423\]\[4\],11.16µm
u_accel.wfc\[465\]\[3\],11.16µm
u_accel.wfc\[46\]\[7\],11.16µm
u_accel.wfc\[49\]\[3\],11.16µm
u_accel.wfc\[70\]\[5\],11.16µm
u_accel.wfc\[71\]\[7\],11.16µm
u_csr.len_o\[1\],11.16µm
net3815,11.16µm
_08794_,11.14µm
_09359_,11.14µm
_11655_,11.14µm
u_accel.actm\[112\]\[7\],11.14µm
u_accel.actm\[119\]\[5\],11.14µm
u_accel.actm\[96\]\[2\],11.14µm
u_accel.imem\[47\]\[5\],11.14µm
net1938,11.14µm
net3307,11.14µm
net4198,11.14µm
_00494_,11.135µm
_02411_,11.125µm
_08372_,11.12µm
_10053_,11.12µm
_10430_,11.12µm
_10553_,11.12µm
_10958_,11.12µm
_11592_,11.12µm
_12326_,11.12µm
_14114_,11.12µm
u_accel.wfc\[100\]\[4\],11.12µm
u_accel.wfc\[10\]\[4\],11.12µm
u_accel.wfc\[236\]\[1\],11.12µm
u_accel.wfc\[268\]\[2\],11.12µm
u_accel.wfc\[276\]\[5\],11.12µm
u_accel.wfc\[284\]\[6\],11.12µm
u_accel.wfc\[348\]\[2\],11.12µm
u_accel.wfc\[360\]\[7\],11.12µm
u_accel.wfc\[372\]\[3\],11.12µm
u_accel.wfc\[395\]\[0\],11.12µm
u_accel.wfc\[423\]\[5\],11.12µm
u_accel.wfc\[436\]\[4\],11.12µm
u_accel.wfc\[493\]\[5\],11.12µm
u_accel.wfc\[84\]\[6\],11.12µm
u_csr.output_addr_o\[6\],11.12µm
net4777,11.12µm
_13009_,11.11µm
u_accel.actm\[30\]\[0\],11.1µm
u_accel.actm\[57\]\[5\],11.1µm
u_accel.actm\[77\]\[3\],11.1µm
u_accel.imem\[48\]\[6\],11.1µm
u_accel.wfc\[311\]\[1\],11.1µm
u_accel.wfc\[416\]\[6\],11.1µm
u_accel.wfc\[91\]\[3\],11.1µm
net666,11.1µm
net888,11.1µm
net1393,11.1µm
net1949,11.1µm
net2180,11.1µm
net2450,11.1µm
net2733,11.1µm
net2943,11.1µm
net2952,11.1µm
net3157,11.1µm
net3408,11.1µm
net3868,11.1µm
net4262,11.1µm
net5689,11.1µm
net5878,11.1µm
_00592_,11.085µm
_08123_,11.08µm
_08388_,11.08µm
_12302_,11.08µm
_12570_,11.08µm
_13184_,11.08µm
_13189_,11.08µm
_13258_,11.08µm
_13315_,11.08µm
u_accel.actm\[21\]\[3\],11.08µm
u_accel.actm\[47\]\[5\],11.08µm
u_accel.actm\[58\]\[5\],11.08µm
u_accel.actm\[74\]\[1\],11.08µm
u_accel.bconv\[1\]\[24\],11.08µm
u_accel.imem\[7\]\[4\],11.08µm
u_accel.wconv\[5\]\[1\],11.08µm
u_accel.wfc\[191\]\[3\],11.08µm
u_accel.wfc\[232\]\[6\],11.08µm
u_accel.wfc\[352\]\[6\],11.08µm
net334,11.08µm
net390,11.08µm
net415,11.08µm
net453,11.08µm
net640,11.08µm
net922,11.08µm
net1058,11.08µm
net1302,11.08µm
net1478,11.08µm
net1605,11.08µm
net1850,11.08µm
net1860,11.08µm
net4934,11.08µm
net5938,11.08µm
_00122_,11.065µm
_00841_,11.065µm
_02575_,11.065µm
_07039_,11.06µm
_12304_,11.06µm
_12448_,11.06µm
_13242_,11.06µm
u_accel.actm\[65\]\[6\],11.06µm
u_accel.wfc\[201\]\[5\],11.06µm
u_accel.wfc\[273\]\[4\],11.06µm
u_accel.wfc\[425\]\[3\],11.06µm
u_accel.wfc\[452\]\[2\],11.06µm
net196,11.06µm
net336,11.06µm
net1768,11.06µm
net1878,11.06µm
net2004,11.06µm
net3745,11.06µm
net4399,11.06µm
net5144,11.06µm
net5810,11.06µm
_00484_,11.045µm
_00779_,11.045µm
_01195_,11.045µm
u_accel.imem\[25\]\[2\],11.045µm
_08008_,11.04µm
_09399_,11.04µm
_11132_,11.04µm
_12676_,11.04µm
_13542_,11.04µm
_14152_,11.04µm
u_accel.actm\[89\]\[1\],11.04µm
u_accel.bconv\[1\]\[18\],11.04µm
u_accel.wfc\[433\]\[1\],11.04µm
net777,11.04µm
net1010,11.04µm
net1847,11.04µm
net2125,11.04µm
net2447,11.04µm
net3020,11.04µm
_10421_,11.035µm
_10710_,11.02µm
_12195_,11.02µm
net484,11.02µm
net1523,11.02µm
net3198,11.02µm
net4017,11.02µm
net5736,11.02µm
_01426_,11.015µm
_12566_,11.01µm
u_accel.actm\[111\]\[0\],11.005µm
_08248_,11µm
_09446_,11µm
_12299_,11µm
_12455_,11µm
_13396_,11µm
c_rdata\[2\],11µm
u_accel.actm\[101\]\[3\],11µm
u_accel.bfc\[3\]\[25\],11µm
u_accel.ii\[29\],11µm
u_accel.imem\[57\]\[3\],11µm
u_accel.wfc\[200\]\[1\],11µm
u_accel.wfc\[297\]\[0\],11µm
u_accel.wfc\[301\]\[6\],11µm
u_accel.wfc\[416\]\[2\],11µm
u_accel.wfc\[473\]\[0\],11µm
u_accel.wfc\[485\]\[2\],11µm
u_accel.wfc\[5\]\[2\],11µm
net5263,11µm
_00025_,10.995µm
_00554_,10.995µm
_08092_,10.99µm
axi_rresp_o[1],10.99µm
_02845_,10.985µm
_04427_,10.985µm
u_accel.imem\[8\]\[5\],10.985µm
_09999_,10.98µm
_13675_,10.98µm
u_accel.actm\[117\]\[0\],10.98µm
u_accel.actm\[125\]\[5\],10.98µm
u_accel.actm\[35\]\[1\],10.98µm
u_accel.actm\[82\]\[5\],10.98µm
u_accel.wfc\[311\]\[6\],10.98µm
u_accel.wfc\[324\]\[1\],10.98µm
u_accel.wfc\[427\]\[5\],10.98µm
net339,10.98µm
net541,10.98µm
net978,10.98µm
net1424,10.98µm
net1804,10.98µm
net1858,10.98µm
net1948,10.98µm
net2434,10.98µm
net2471,10.98µm
net3473,10.98µm
net3949,10.98µm
net4226,10.98µm
net4429,10.98µm
net4465,10.98µm
net5751,10.98µm
_12749_,10.97µm
_07827_,10.96µm
_08097_,10.96µm
_09922_,10.96µm
_10709_,10.96µm
_12819_,10.96µm
u_accel.actm\[82\]\[1\],10.96µm
u_accel.imem\[4\]\[0\],10.96µm
u_accel.wfc\[149\]\[3\],10.96µm
u_accel.wfc\[161\]\[4\],10.96µm
u_accel.wfc\[165\]\[4\],10.96µm
u_accel.wfc\[205\]\[7\],10.96µm
u_accel.wfc\[21\]\[1\],10.96µm
u_accel.wfc\[233\]\[4\],10.96µm
u_accel.wfc\[324\]\[6\],10.96µm
u_accel.wfc\[357\]\[1\],10.96µm
u_accel.wfc\[421\]\[3\],10.96µm
u_accel.wfc\[459\]\[7\],10.96µm
u_csr.cfg_q\[1\],10.96µm
u_csr.cfg_q\[24\],10.96µm
net319,10.96µm
net786,10.96µm
net3021,10.96µm
net3074,10.96µm
net3472,10.96µm
net3927,10.96µm
net3989,10.96µm
net5843,10.96µm
net6038,10.96µm
_11220_,10.955µm
u_csr.output_addr_o\[21\],10.955µm
_05940_,10.945µm
_06191_,10.94µm
_10466_,10.94µm
_12643_,10.94µm
net1833,10.94µm
net2555,10.94µm
_00548_,10.92µm
_02600_,10.92µm
_04417_,10.92µm
_06690_,10.92µm
_08393_,10.92µm
_09799_,10.92µm
u_accel.actm\[4\]\[0\],10.92µm
u_accel.bfc\[1\]\[18\],10.92µm
u_accel.imem\[31\]\[7\],10.92µm
u_accel.wfc\[103\]\[5\],10.92µm
u_accel.wfc\[161\]\[3\],10.92µm
u_accel.wfc\[179\]\[4\],10.92µm
u_accel.wfc\[183\]\[3\],10.92µm
u_accel.wfc\[199\]\[1\],10.92µm
u_accel.wfc\[213\]\[6\],10.92µm
u_accel.wfc\[291\]\[0\],10.92µm
u_accel.wfc\[293\]\[4\],10.92µm
u_accel.wfc\[349\]\[1\],10.92µm
u_accel.wfc\[353\]\[7\],10.92µm
u_accel.wfc\[355\]\[6\],10.92µm
u_accel.wfc\[509\]\[4\],10.92µm
u_accel.wfc\[59\]\[7\],10.92µm
u_accel.wfc\[97\]\[1\],10.92µm
net1700,10.92µm
net1907,10.92µm
_07991_,10.9µm
_08203_,10.9µm
_09343_,10.9µm
_09568_,10.9µm
_11199_,10.9µm
_13328_,10.9µm
u_accel.actm\[41\]\[3\],10.9µm
u_accel.imem\[0\]\[6\],10.9µm
u_accel.wfc\[120\]\[6\],10.9µm
u_accel.wfc\[160\]\[2\],10.9µm
u_accel.wfc\[296\]\[0\],10.9µm
u_accel.wfc\[308\]\[0\],10.9µm
u_accel.wfc\[344\]\[2\],10.9µm
u_accel.wfc\[356\]\[6\],10.9µm
u_accel.wfc\[440\]\[0\],10.9µm
u_accel.wfc\[49\]\[7\],10.9µm
u_accel.wfc\[55\]\[2\],10.9µm
u_accel.wfc\[56\]\[2\],10.9µm
u_accel.wfc\[96\]\[6\],10.9µm
net4214,10.9µm
net5967,10.9µm
net5973,10.9µm
u_accel.wfc\[254\]\[4\],10.895µm
_07866_,10.88µm
_11222_,10.88µm
_11281_,10.88µm
_13137_,10.88µm
u_accel.actm\[123\]\[7\],10.88µm
u_accel.actm\[53\]\[6\],10.88µm
u_accel.bfc\[3\]\[23\],10.88µm
u_accel.f\[6\],10.88µm
u_accel.wconv\[5\]\[3\],10.88µm
u_accel.wfc\[124\]\[3\],10.88µm
u_accel.wfc\[133\]\[7\],10.88µm
u_accel.wfc\[283\]\[2\],10.88µm
u_accel.wfc\[2\]\[1\],10.88µm
u_accel.wfc\[364\]\[0\],10.88µm
u_accel.wfc\[45\]\[7\],10.88µm
u_accel.wfc\[89\]\[4\],10.88µm
u_accel.wfc\[92\]\[3\],10.88µm
net3454,10.88µm
_11567_,10.87µm
_09426_,10.86µm
_10354_,10.86µm
_12919_,10.86µm
_13358_,10.86µm
axi_sram_wdata\[9\],10.86µm
u_accel.actm\[31\]\[7\],10.86µm
u_accel.bfc\[0\]\[2\],10.86µm
u_accel.wconv\[2\]\[2\],10.86µm
u_accel.wfc\[144\]\[4\],10.86µm
u_accel.wfc\[196\]\[2\],10.86µm
u_accel.wfc\[278\]\[0\],10.86µm
u_accel.wfc\[30\]\[0\],10.86µm
u_accel.wfc\[318\]\[0\],10.86µm
u_accel.wfc\[32\]\[0\],10.86µm
u_accel.wfc\[340\]\[3\],10.86µm
u_accel.wfc\[340\]\[6\],10.86µm
u_accel.wfc\[347\]\[2\],10.86µm
u_accel.wfc\[42\]\[5\],10.86µm
u_accel.wfc\[442\]\[0\],10.86µm
u_accel.wfc\[449\]\[1\],10.86µm
u_accel.wfc\[64\]\[5\],10.86µm
u_accel.wfc\[82\]\[3\],10.86µm
u_accel.wfc\[98\]\[3\],10.86µm
u_csr.output_addr_o\[7\],10.86µm
net2985,10.86µm
net3208,10.86µm
net4731,10.86µm
net4756,10.86µm
net5130,10.86µm
net5376,10.86µm
net5657,10.86µm
net5668,10.86µm
net5975,10.86µm
_02234_,10.845µm
_08330_,10.84µm
_08342_,10.84µm
_09448_,10.84µm
_09465_,10.84µm
_12772_,10.84µm
_13035_,10.84µm
_13186_,10.84µm
u_accel.actm\[34\]\[5\],10.84µm
u_accel.actm\[47\]\[1\],10.84µm
u_accel.actm\[91\]\[0\],10.84µm
u_accel.bfc\[0\]\[1\],10.84µm
u_accel.wfc\[123\]\[0\],10.84µm
u_accel.wfc\[138\]\[7\],10.84µm
u_accel.wfc\[14\]\[3\],10.84µm
u_accel.wfc\[168\]\[5\],10.84µm
u_accel.wfc\[16\]\[7\],10.84µm
u_accel.wfc\[228\]\[1\],10.84µm
u_accel.wfc\[272\]\[6\],10.84µm
u_accel.wfc\[384\]\[1\],10.84µm
u_accel.wfc\[415\]\[0\],10.84µm
u_accel.wfc\[95\]\[2\],10.84µm
u_csr.output_addr_o\[29\],10.84µm
_08011_,10.83µm
_08038_,10.825µm
_12659_,10.825µm
_06561_,10.82µm
_06813_,10.82µm
_09253_,10.82µm
_10559_,10.82µm
_10692_,10.82µm
_11338_,10.82µm
_12854_,10.82µm
_13336_,10.82µm
u_accel.actm\[122\]\[1\],10.82µm
u_accel.actm\[19\]\[6\],10.82µm
u_accel.actm\[65\]\[1\],10.82µm
u_accel.actm\[88\]\[2\],10.82µm
u_accel.f\[8\],10.82µm
u_accel.imem\[41\]\[2\],10.82µm
u_accel.wconv\[14\]\[5\],10.82µm
u_accel.wconv\[16\]\[7\],10.82µm
u_accel.wfc\[132\]\[5\],10.82µm
u_accel.wfc\[139\]\[0\],10.82µm
u_accel.wfc\[151\]\[3\],10.82µm
u_accel.wfc\[20\]\[6\],10.82µm
u_accel.wfc\[232\]\[3\],10.82µm
u_accel.wfc\[24\]\[1\],10.82µm
u_accel.wfc\[252\]\[0\],10.82µm
u_accel.wfc\[261\]\[0\],10.82µm
u_accel.wfc\[295\]\[6\],10.82µm
u_accel.wfc\[356\]\[4\],10.82µm
u_accel.wfc\[381\]\[5\],10.82µm
u_accel.wfc\[387\]\[2\],10.82µm
u_accel.wfc\[486\]\[3\],10.82µm
u_accel.wfc\[54\]\[1\],10.82µm
_13970_,10.815µm
_11959_,10.805µm
_12471_,10.8µm
_14000_,10.8µm
u_accel.actm\[11\]\[3\],10.8µm
u_accel.actm\[96\]\[5\],10.8µm
u_accel.imem\[63\]\[0\],10.8µm
u_accel.logitm\[0\]\[26\],10.8µm
u_accel.wconv\[6\]\[2\],10.8µm
u_accel.wfc\[10\]\[1\],10.8µm
u_accel.wfc\[14\]\[5\],10.8µm
u_accel.wfc\[163\]\[0\],10.8µm
u_accel.wfc\[178\]\[6\],10.8µm
u_accel.wfc\[196\]\[5\],10.8µm
u_accel.wfc\[348\]\[3\],10.8µm
u_accel.wfc\[447\]\[5\],10.8µm
u_accel.wfc\[467\]\[2\],10.8µm
u_accel.wfc\[6\]\[0\],10.8µm
u_accel.wfc\[6\]\[3\],10.8µm
_00105_,10.785µm
_00442_,10.785µm
_00747_,10.785µm
_06919_,10.78µm
_08724_,10.78µm
_10552_,10.78µm
_10701_,10.78µm
_11095_,10.78µm
_11200_,10.78µm
_11214_,10.78µm
_11665_,10.78µm
_11901_,10.78µm
_12329_,10.78µm
u_accel.imem\[62\]\[1\],10.78µm
u_accel.wfc\[15\]\[5\],10.78µm
u_accel.wfc\[182\]\[4\],10.78µm
u_accel.wfc\[183\]\[6\],10.78µm
u_accel.wfc\[184\]\[0\],10.78µm
u_accel.wfc\[220\]\[1\],10.78µm
u_accel.wfc\[224\]\[6\],10.78µm
u_accel.wfc\[243\]\[1\],10.78µm
u_accel.wfc\[248\]\[3\],10.78µm
u_accel.wfc\[260\]\[0\],10.78µm
u_accel.wfc\[264\]\[1\],10.78µm
u_accel.wfc\[276\]\[7\],10.78µm
u_accel.wfc\[292\]\[2\],10.78µm
u_accel.wfc\[306\]\[1\],10.78µm
u_accel.wfc\[317\]\[4\],10.78µm
u_accel.wfc\[32\]\[3\],10.78µm
u_accel.wfc\[339\]\[0\],10.78µm
u_accel.wfc\[342\]\[5\],10.78µm
u_accel.wfc\[420\]\[1\],10.78µm
u_accel.wfc\[440\]\[1\],10.78µm
u_accel.wfc\[484\]\[2\],10.78µm
u_accel.wfc\[80\]\[3\],10.78µm
u_accel.wfc\[88\]\[7\],10.78µm
net65,10.78µm
net350,10.78µm
net996,10.78µm
net4839,10.78µm
net5703,10.78µm
_02825_,10.775µm
_09286_,10.76µm
_12408_,10.76µm
u_accel.actm\[68\]\[6\],10.76µm
u_accel.actm\[78\]\[7\],10.76µm
u_accel.ii\[8\],10.76µm
u_accel.imem\[32\]\[2\],10.76µm
u_accel.wfc\[19\]\[2\],10.76µm
u_accel.wfc\[209\]\[7\],10.76µm
net316,10.76µm
net2217,10.76µm
net2251,10.76µm
net3694,10.76µm
_01491_,10.745µm
_05369_,10.745µm
_07766_,10.74µm
_08187_,10.74µm
_08636_,10.74µm
_10244_,10.74µm
_10338_,10.74µm
_12510_,10.74µm
_12609_,10.74µm
_13123_,10.74µm
ld_acc_wdata\[4\],10.74µm
u_accel.actm\[4\]\[7\],10.74µm
u_accel.actm\[58\]\[4\],10.74µm
u_accel.actm\[67\]\[6\],10.74µm
u_accel.ii\[22\],10.74µm
u_accel.imem\[35\]\[5\],10.74µm
u_accel.wfc\[108\]\[2\],10.74µm
u_accel.wfc\[109\]\[5\],10.74µm
u_accel.wfc\[156\]\[3\],10.74µm
u_accel.wfc\[159\]\[6\],10.74µm
u_accel.wfc\[161\]\[6\],10.74µm
u_accel.wfc\[174\]\[5\],10.74µm
u_accel.wfc\[235\]\[1\],10.74µm
u_accel.wfc\[303\]\[3\],10.74µm
u_accel.wfc\[333\]\[6\],10.74µm
u_accel.wfc\[352\]\[2\],10.74µm
u_accel.wfc\[379\]\[6\],10.74µm
u_accel.wfc\[389\]\[4\],10.74µm
u_accel.wfc\[395\]\[2\],10.74µm
u_accel.wfc\[408\]\[2\],10.74µm
u_accel.wfc\[412\]\[1\],10.74µm
u_accel.wfc\[447\]\[0\],10.74µm
u_accel.wfc\[47\]\[4\],10.74µm
u_accel.wfc\[495\]\[2\],10.74µm
u_accel.wfc\[499\]\[6\],10.74µm
u_accel.wfc\[64\]\[3\],10.74µm
u_accel.wfc\[71\]\[4\],10.74µm
u_accel.wfc\[83\]\[1\],10.74µm
u_accel.wfc\[83\]\[5\],10.74µm
u_accel.wfc\[83\]\[6\],10.74µm
net523,10.74µm
net597,10.74µm
net613,10.74µm
net665,10.74µm
net889,10.74µm
net924,10.74µm
net1052,10.74µm
net1286,10.74µm
net1622,10.74µm
net1904,10.74µm
net2189,10.74µm
net2191,10.74µm
net2271,10.74µm
net2346,10.74µm
net2646,10.74µm
net3224,10.74µm
net3468,10.74µm
net3551,10.74µm
net3625,10.74µm
net3787,10.74µm
net4101,10.74µm
net4117,10.74µm
net4276,10.74µm
net4409,10.74µm
net4544,10.74µm
net5332,10.74µm
net5619,10.74µm
_04920_,10.735µm
_10031_,10.72µm
_13984_,10.72µm
u_accel.actm\[107\]\[5\],10.72µm
u_accel.actm\[29\]\[5\],10.72µm
u_accel.actm\[37\]\[0\],10.72µm
u_accel.wfc\[109\]\[0\],10.72µm
u_accel.wfc\[186\]\[7\],10.72µm
u_accel.wfc\[207\]\[2\],10.72µm
u_accel.wfc\[210\]\[5\],10.72µm
u_accel.wfc\[240\]\[7\],10.72µm
_01069_,10.705µm
_02089_,10.705µm
_05191_,10.7µm
_08282_,10.7µm
_08565_,10.7µm
_08632_,10.7µm
_11286_,10.7µm
_11408_,10.7µm
_12642_,10.7µm
_13154_,10.7µm
_14001_,10.7µm
u_accel.actm\[19\]\[5\],10.7µm
u_accel.actm\[46\]\[6\],10.7µm
u_accel.actm\[61\]\[5\],10.7µm
u_accel.actm\[88\]\[0\],10.7µm
u_accel.imem\[40\]\[3\],10.7µm
u_accel.wfc\[105\]\[2\],10.7µm
u_accel.wfc\[134\]\[4\],10.7µm
u_accel.wfc\[145\]\[0\],10.7µm
u_accel.wfc\[145\]\[7\],10.7µm
u_accel.wfc\[213\]\[1\],10.7µm
u_accel.wfc\[216\]\[3\],10.7µm
u_accel.wfc\[229\]\[6\],10.7µm
u_accel.wfc\[269\]\[4\],10.7µm
u_accel.wfc\[285\]\[0\],10.7µm
u_accel.wfc\[381\]\[2\],10.7µm
u_accel.wfc\[501\]\[0\],10.7µm
u_accel.wfc\[51\]\[3\],10.7µm
net5195,10.7µm
_12526_,10.69µm
_09049_,10.68µm
u_accel.logitm\[0\]\[2\],10.68µm
u_accel.wfc\[252\]\[6\],10.68µm
u_accel.wfc\[328\]\[2\],10.68µm
u_accel.wfc\[40\]\[5\],10.68µm
u_accel.wfc\[460\]\[5\],10.68µm
net3640,10.68µm
net5294,10.68µm
net5729,10.68µm
_01939_,10.665µm
_08198_,10.66µm
_08720_,10.66µm
_09020_,10.66µm
_10463_,10.66µm
_10473_,10.66µm
_10569_,10.66µm
_10732_,10.66µm
_11644_,10.66µm
_11909_,10.66µm
_14076_,10.66µm
axi_acc_wdata\[19\],10.66µm
u_accel.wfc\[217\]\[7\],10.66µm
u_accel.wfc\[428\]\[2\],10.66µm
u_accel.wfc\[65\]\[3\],10.66µm
u_accel.wfc\[77\]\[1\],10.66µm
net1317,10.66µm
net2009,10.66µm
net3130,10.66µm
_03489_,10.655µm
_04092_,10.645µm
_07840_,10.64µm
_08924_,10.64µm
axi_sram_wdata\[11\],10.64µm
c_rdata\[5\],10.64µm
u_accel.actm\[34\]\[3\],10.64µm
u_accel.wconv\[15\]\[1\],10.64µm
net101,10.64µm
net452,10.64µm
net476,10.64µm
net857,10.64µm
net941,10.64µm
net959,10.64µm
net1228,10.64µm
net1358,10.64µm
net2020,10.64µm
net2206,10.64µm
net2474,10.64µm
net3279,10.64µm
net3459,10.64µm
net3930,10.64µm
net4035,10.64µm
net4298,10.64µm
net4614,10.64µm
net4650,10.64µm
net4720,10.64µm
net5067,10.64µm
net5249,10.64µm
net5394,10.64µm
net5428,10.64µm
net5633,10.64µm
net5682,10.64µm
net5782,10.64µm
net5805,10.64µm
net5821,10.64µm
net5950,10.64µm
net6022,10.64µm
net6028,10.64µm
net6067,10.64µm
net6095,10.64µm
_13036_,10.63µm
_07905_,10.62µm
_08047_,10.62µm
_08134_,10.62µm
_08284_,10.62µm
_10300_,10.62µm
_11342_,10.62µm
_11396_,10.62µm
_13038_,10.62µm
_13590_,10.62µm
ld_acc_addr\[7\],10.62µm
u_accel.actm\[108\]\[7\],10.62µm
u_accel.actm\[112\]\[3\],10.62µm
u_accel.actm\[16\]\[7\],10.62µm
u_accel.actm\[20\]\[4\],10.62µm
u_accel.actm\[60\]\[1\],10.62µm
u_accel.actm\[73\]\[5\],10.62µm
u_accel.bfc\[1\]\[17\],10.62µm
u_accel.imem\[28\]\[4\],10.62µm
u_accel.imem\[58\]\[5\],10.62µm
u_accel.imem\[9\]\[3\],10.62µm
u_accel.wfc\[11\]\[3\],10.62µm
u_accel.wfc\[125\]\[6\],10.62µm
u_accel.wfc\[287\]\[1\],10.62µm
u_accel.wfc\[445\]\[0\],10.62µm
u_accel.wfc\[485\]\[5\],10.62µm
u_accel.wfc\[53\]\[3\],10.62µm
u_accel.wfc\[85\]\[7\],10.62µm
u_csr.len_o\[28\],10.62µm
net247,10.62µm
net2882,10.62µm
net3177,10.62µm
net3734,10.62µm
net3780,10.62µm
net4157,10.62µm
_12479_,10.61µm
_04295_,10.605µm
_08432_,10.6µm
_10452_,10.6µm
_10691_,10.6µm
_11087_,10.6µm
_11126_,10.6µm
_12133_,10.6µm
_13024_,10.6µm
u_accel.actm\[69\]\[7\],10.6µm
u_accel.imem\[55\]\[3\],10.6µm
u_accel.logitm\[1\]\[8\],10.6µm
u_accel.wconv\[4\]\[1\],10.6µm
u_accel.wfc\[138\]\[5\],10.6µm
u_accel.wfc\[204\]\[0\],10.6µm
u_accel.wfc\[215\]\[3\],10.6µm
u_accel.wfc\[249\]\[3\],10.6µm
u_accel.wfc\[345\]\[6\],10.6µm
net225,10.6µm
net1124,10.6µm
net2023,10.6µm
net2690,10.6µm
net3262,10.6µm
net4278,10.6µm
net4533,10.6µm
net4780,10.6µm
net5239,10.6µm
net5396,10.6µm
net5409,10.6µm
_01839_,10.585µm
_07995_,10.58µm
_08172_,10.58µm
_10343_,10.58µm
_11578_,10.58µm
_13622_,10.58µm
u_accel.actm\[107\]\[3\],10.58µm
u_accel.actm\[79\]\[3\],10.58µm
u_accel.actm\[7\]\[6\],10.58µm
u_accel.imem\[3\]\[0\],10.58µm
u_accel.logitm\[2\]\[12\],10.58µm
u_accel.wfc\[213\]\[4\],10.58µm
net326,10.58µm
net3828,10.58µm
u_accel.wfc\[139\]\[7\],10.57µm
_06859_,10.56µm
_09428_,10.56µm
u_accel.actm\[111\]\[5\],10.56µm
u_accel.actm\[50\]\[2\],10.56µm
u_accel.imem\[53\]\[0\],10.56µm
net318,10.56µm
net3451,10.56µm
net4972,10.56µm
net5723,10.56µm
_08350_,10.54µm
u_accel.imem\[29\]\[5\],10.54µm
u_accel.wfc\[21\]\[7\],10.54µm
u_accel.wfc\[275\]\[3\],10.54µm
u_accel.wfc\[277\]\[2\],10.54µm
u_accel.wfc\[365\]\[5\],10.54µm
u_accel.wfc\[39\]\[7\],10.54µm
u_accel.wfc\[485\]\[6\],10.54µm
u_accel.wfc\[485\]\[7\],10.54µm
net302,10.54µm
_03839_,10.535µm
_05929_,10.525µm
_09305_,10.52µm
u_accel.actm\[24\]\[5\],10.52µm
u_accel.wfc\[207\]\[5\],10.52µm
u_accel.wfc\[268\]\[4\],10.52µm
u_accel.wfc\[29\]\[3\],10.52µm
u_accel.wfc\[368\]\[3\],10.52µm
u_accel.wfc\[439\]\[1\],10.52µm
net962,10.52µm
net1059,10.52µm
net1353,10.52µm
net1770,10.52µm
net2170,10.52µm
net2994,10.52µm
net4486,10.52µm
net5163,10.52µm
net5573,10.52µm
_04196_,10.505µm
u_accel.actm\[86\]\[0\],10.505µm
_06890_,10.5µm
_06932_,10.5µm
_08082_,10.5µm
_08489_,10.5µm
_09809_,10.5µm
_12715_,10.5µm
axi_sram_addr\[6\],10.5µm
u_accel.am_f\[8\],10.5µm
u_accel.imem\[24\]\[0\],10.5µm
u_accel.imem\[30\]\[1\],10.5µm
u_accel.imem\[37\]\[7\],10.5µm
u_accel.logitm\[0\]\[0\],10.5µm
u_accel.wfc\[113\]\[6\],10.5µm
u_accel.wfc\[171\]\[2\],10.5µm
u_accel.wfc\[205\]\[2\],10.5µm
u_accel.wfc\[234\]\[5\],10.5µm
u_accel.wfc\[262\]\[3\],10.5µm
u_accel.wfc\[279\]\[5\],10.5µm
u_accel.wfc\[281\]\[2\],10.5µm
u_accel.wfc\[502\]\[6\],10.5µm
u_accel.wfc\[93\]\[5\],10.5µm
u_csr.cfg_q\[9\],10.5µm
u_csr.input_addr_o\[1\],10.5µm
net265,10.5µm
net860,10.5µm
net4674,10.5µm
_00489_,10.485µm
_00681_,10.485µm
_03123_,10.485µm
_03277_,10.485µm
_04468_,10.485µm
_04801_,10.485µm
_06417_,10.485µm
u_accel.actm\[118\]\[4\],10.48µm
u_accel.wconv\[13\]\[2\],10.48µm
u_csr.ctrl_q\[16\],10.48µm
net1899,10.48µm
net4712,10.48µm
_10200_,10.46µm
_12445_,10.46µm
_13370_,10.46µm
u_accel.actm\[12\]\[1\],10.46µm
u_accel.actm\[13\]\[7\],10.46µm
u_accel.actm\[30\]\[3\],10.46µm
u_accel.actm\[39\]\[6\],10.46µm
u_accel.actm\[7\]\[1\],10.46µm
u_accel.actm\[7\]\[5\],10.46µm
u_accel.bconv\[0\]\[29\],10.46µm
u_accel.bfc\[3\]\[27\],10.46µm
u_accel.imem\[51\]\[5\],10.46µm
u_accel.wfc\[239\]\[7\],10.46µm
u_accel.wfc\[243\]\[4\],10.46µm
u_accel.wfc\[351\]\[4\],10.46µm
u_accel.wfc\[41\]\[3\],10.46µm
u_accel.wfc\[423\]\[3\],10.46µm
u_accel.wfc\[497\]\[4\],10.46µm
u_accel.wfc\[55\]\[0\],10.46µm
u_csr.output_addr_o\[0\],10.46µm
net2378,10.46µm
net3846,10.46µm
_03301_,10.455µm
_07837_,10.44µm
_10202_,10.44µm
_10695_,10.44µm
_11695_,10.44µm
u_accel.actm\[35\]\[2\],10.44µm
u_accel.imem\[17\]\[6\],10.44µm
u_accel.imem\[33\]\[2\],10.44µm
u_accel.logitm\[1\]\[3\],10.44µm
u_accel.wfc\[100\]\[1\],10.44µm
u_accel.wfc\[124\]\[4\],10.44µm
u_accel.wfc\[168\]\[1\],10.44µm
u_accel.wfc\[184\]\[5\],10.44µm
u_accel.wfc\[208\]\[1\],10.44µm
u_accel.wfc\[236\]\[5\],10.44µm
u_accel.wfc\[252\]\[2\],10.44µm
u_accel.wfc\[296\]\[1\],10.44µm
u_accel.wfc\[308\]\[5\],10.44µm
u_accel.wfc\[336\]\[7\],10.44µm
u_accel.wfc\[400\]\[3\],10.44µm
u_accel.wfc\[432\]\[1\],10.44µm
u_accel.wfc\[452\]\[5\],10.44µm
u_accel.wfc\[476\]\[6\],10.44µm
u_accel.wfc\[64\]\[0\],10.44µm
u_accel.wfc\[80\]\[6\],10.44µm
u_accel.wfc\[80\]\[7\],10.44µm
net3085,10.44µm
net5363,10.44µm
net5742,10.44µm
net5933,10.44µm
_07783_,10.42µm
_10312_,10.42µm
_12672_,10.42µm
_12768_,10.42µm
_13626_,10.42µm
_13673_,10.42µm
u_accel.actm\[102\]\[5\],10.42µm
u_accel.wconv\[12\]\[6\],10.42µm
u_accel.wfc\[156\]\[0\],10.42µm
u_accel.wfc\[308\]\[1\],10.42µm
u_accel.wfc\[336\]\[2\],10.42µm
u_accel.wfc\[336\]\[3\],10.42µm
u_accel.wfc\[365\]\[6\],10.42µm
u_accel.wfc\[489\]\[3\],10.42µm
u_accel.wfc\[5\]\[4\],10.42µm
u_csr.weight_addr_o\[27\],10.42µm
net387,10.42µm
net1516,10.42µm
_00453_,10.415µm
_10938_,10.415µm
_10003_,10.4µm
_10115_,10.4µm
_11784_,10.4µm
_13608_,10.4µm
_14030_,10.4µm
u_accel.actm\[1\]\[2\],10.4µm
u_accel.actm\[26\]\[4\],10.4µm
u_accel.am_f\[21\],10.4µm
u_accel.bfc\[2\]\[14\],10.4µm
u_accel.bfc\[2\]\[5\],10.4µm
u_accel.bfc\[3\]\[22\],10.4µm
u_accel.f\[29\],10.4µm
u_accel.imem\[42\]\[0\],10.4µm
u_accel.imem\[54\]\[1\],10.4µm
u_accel.imem\[61\]\[5\],10.4µm
u_accel.wfc\[102\]\[4\],10.4µm
u_accel.wfc\[144\]\[5\],10.4µm
u_accel.wfc\[148\]\[4\],10.4µm
u_accel.wfc\[214\]\[0\],10.4µm
u_accel.wfc\[245\]\[7\],10.4µm
u_accel.wfc\[274\]\[7\],10.4µm
u_accel.wfc\[291\]\[3\],10.4µm
u_accel.wfc\[298\]\[3\],10.4µm
u_accel.wfc\[314\]\[3\],10.4µm
u_accel.wfc\[34\]\[3\],10.4µm
u_accel.wfc\[388\]\[6\],10.4µm
u_accel.wfc\[408\]\[0\],10.4µm
u_accel.wfc\[414\]\[2\],10.4µm
u_accel.wfc\[440\]\[3\],10.4µm
u_accel.wfc\[450\]\[3\],10.4µm
u_accel.wfc\[452\]\[0\],10.4µm
u_accel.wfc\[466\]\[4\],10.4µm
u_accel.wfc\[480\]\[3\],10.4µm
u_accel.wfc\[492\]\[3\],10.4µm
u_accel.wfc\[501\]\[6\],10.4µm
u_accel.wfc\[66\]\[4\],10.4µm
u_accel.wfc\[68\]\[6\],10.4µm
u_csr.cfg_q\[14\],10.4µm
net221,10.4µm
net2561,10.4µm
net3410,10.4µm
net3619,10.4µm
net3752,10.4µm
net4293,10.4µm
net4806,10.4µm
net4887,10.4µm
_00899_,10.385µm
_01641_,10.385µm
_08273_,10.38µm
_12347_,10.38µm
_12711_,10.38µm
_13281_,10.38µm
_13498_,10.38µm
u_accel.actm\[110\]\[3\],10.38µm
u_accel.actm\[59\]\[3\],10.38µm
u_accel.imem\[21\]\[7\],10.38µm
u_accel.imem\[29\]\[6\],10.38µm
u_accel.wconv\[16\]\[2\],10.38µm
u_accel.wconv\[17\]\[1\],10.38µm
u_accel.wfc\[109\]\[2\],10.38µm
u_accel.wfc\[135\]\[3\],10.38µm
u_accel.wfc\[175\]\[3\],10.38µm
u_accel.wfc\[269\]\[5\],10.38µm
u_accel.wfc\[328\]\[0\],10.38µm
u_accel.wfc\[32\]\[4\],10.38µm
u_accel.wfc\[370\]\[7\],10.38µm
u_accel.wfc\[389\]\[5\],10.38µm
u_accel.wfc\[403\]\[4\],10.38µm
u_accel.wfc\[411\]\[0\],10.38µm
u_accel.wfc\[477\]\[3\],10.38µm
u_accel.wfc\[9\]\[5\],10.38µm
u_csr.cfg_q\[3\],10.38µm
net1751,10.38µm
_06481_,10.36µm
_08762_,10.36µm
_10065_,10.36µm
_10950_,10.36µm
_12005_,10.36µm
_12688_,10.36µm
_12698_,10.36µm
_13519_,10.36µm
u_accel.actm\[40\]\[7\],10.36µm
u_accel.actm\[95\]\[1\],10.36µm
u_accel.bconv\[1\]\[28\],10.36µm
u_accel.bfc\[0\]\[4\],10.36µm
u_accel.bfc\[1\]\[3\],10.36µm
u_accel.imem\[15\]\[2\],10.36µm
u_accel.imem\[28\]\[1\],10.36µm
u_accel.wfc\[127\]\[4\],10.36µm
u_accel.wfc\[158\]\[4\],10.36µm
u_accel.wfc\[218\]\[5\],10.36µm
u_accel.wfc\[22\]\[4\],10.36µm
u_accel.wfc\[274\]\[0\],10.36µm
u_accel.wfc\[2\]\[0\],10.36µm
u_accel.wfc\[321\]\[0\],10.36µm
u_accel.wfc\[39\]\[0\],10.36µm
u_accel.wfc\[413\]\[3\],10.36µm
u_accel.wfc\[434\]\[7\],10.36µm
u_accel.wfc\[43\]\[2\],10.36µm
u_accel.wfc\[486\]\[6\],10.36µm
u_accel.wfc\[55\]\[1\],10.36µm
u_csr.input_addr_o\[25\],10.36µm
net2588,10.36µm
u_accel.logitm\[0\]\[28\],10.345µm
_14028_,10.34µm
u_accel.actm\[127\]\[2\],10.34µm
u_accel.actm\[2\]\[4\],10.34µm
u_accel.wconv\[2\]\[3\],10.34µm
u_accel.wfc\[252\]\[7\],10.34µm
u_accel.wfc\[29\]\[6\],10.34µm
u_accel.wfc\[362\]\[4\],10.34µm
u_accel.wfc\[425\]\[4\],10.34µm
u_accel.wfc\[426\]\[5\],10.34µm
u_accel.wfc\[462\]\[5\],10.34µm
u_accel.wfc\[472\]\[1\],10.34µm
u_accel.wfc\[58\]\[0\],10.34µm
u_accel.wfc\[66\]\[5\],10.34µm
net2691,10.34µm
net2860,10.34µm
net5112,10.34µm
net5832,10.34µm
_03717_,10.335µm
_00512_,10.325µm
_04795_,10.32µm
_07948_,10.32µm
_08989_,10.32µm
_08998_,10.32µm
_09189_,10.32µm
_09379_,10.32µm
_09398_,10.32µm
_09475_,10.32µm
_09717_,10.32µm
_09741_,10.32µm
u_accel.actm\[104\]\[4\],10.32µm
u_accel.actm\[6\]\[5\],10.32µm
u_accel.actm\[80\]\[0\],10.32µm
u_accel.imem\[19\]\[0\],10.32µm
u_accel.logitm\[0\]\[17\],10.32µm
u_accel.wfc\[107\]\[1\],10.32µm
u_accel.wfc\[157\]\[5\],10.32µm
u_accel.wfc\[164\]\[4\],10.32µm
u_accel.wfc\[165\]\[7\],10.32µm
u_accel.wfc\[197\]\[6\],10.32µm
u_accel.wfc\[283\]\[6\],10.32µm
u_accel.wfc\[305\]\[3\],10.32µm
u_accel.wfc\[383\]\[6\],10.32µm
u_accel.wfc\[483\]\[4\],10.32µm
u_accel.wfc\[63\]\[2\],10.32µm
u_accel.wfc\[70\]\[7\],10.32µm
u_accel.wfc\[89\]\[2\],10.32µm
u_accel.wfc\[91\]\[6\],10.32µm
net117,10.32µm
net1464,10.32µm
net1733,10.32µm
net1738,10.32µm
net2460,10.32µm
net2844,10.32µm
net2905,10.32µm
net2962,10.32µm
net3034,10.32µm
net3398,10.32µm
net3662,10.32µm
net5985,10.32µm
u_accel.actm\[43\]\[4\],10.315µm
_00883_,10.305µm
_08879_,10.3µm
_09178_,10.3µm
_10632_,10.3µm
_14024_,10.3µm
u_accel.actm\[19\]\[0\],10.3µm
u_accel.actm\[9\]\[6\],10.3µm
u_accel.wfc\[354\]\[3\],10.3µm
u_accel.wfc\[62\]\[2\],10.3µm
net1573,10.3µm
net1964,10.3µm
_12449_,10.29µm
_00040_,10.285µm
_01177_,10.285µm
_01404_,10.285µm
_01573_,10.285µm
_02130_,10.285µm
_06160_,10.285µm
_09046_,10.285µm
_06933_,10.28µm
_07797_,10.28µm
_09012_,10.28µm
_09731_,10.28µm
_11290_,10.28µm
_11380_,10.28µm
_12458_,10.28µm
_12539_,10.28µm
_12795_,10.28µm
ld_acc_addr\[4\],10.28µm
u_accel.actm\[28\]\[6\],10.28µm
u_accel.actm\[41\]\[4\],10.28µm
u_accel.actm\[45\]\[4\],10.28µm
u_accel.actm\[69\]\[6\],10.28µm
u_accel.actm\[91\]\[4\],10.28µm
u_accel.bfc\[1\]\[8\],10.28µm
u_accel.imem\[23\]\[7\],10.28µm
u_accel.wconv\[4\]\[5\],10.28µm
u_accel.wfc\[0\]\[3\],10.28µm
u_accel.wfc\[127\]\[0\],10.28µm
u_accel.wfc\[139\]\[3\],10.28µm
u_accel.wfc\[141\]\[6\],10.28µm
u_accel.wfc\[159\]\[2\],10.28µm
u_accel.wfc\[185\]\[5\],10.28µm
u_accel.wfc\[204\]\[2\],10.28µm
u_accel.wfc\[207\]\[6\],10.28µm
u_accel.wfc\[229\]\[4\],10.28µm
u_accel.wfc\[231\]\[5\],10.28µm
u_accel.wfc\[235\]\[5\],10.28µm
u_accel.wfc\[263\]\[1\],10.28µm
u_accel.wfc\[28\]\[6\],10.28µm
u_accel.wfc\[359\]\[5\],10.28µm
u_accel.wfc\[36\]\[7\],10.28µm
u_accel.wfc\[387\]\[5\],10.28µm
u_accel.wfc\[409\]\[4\],10.28µm
u_accel.wfc\[453\]\[3\],10.28µm
u_accel.wfc\[91\]\[5\],10.28µm
u_csr.cfg_q\[28\],10.28µm
net262,10.28µm
net359,10.28µm
net804,10.28µm
net952,10.28µm
net1377,10.28µm
net1867,10.28µm
net3858,10.28µm
net4036,10.28µm
net4065,10.28µm
net4072,10.28µm
net4310,10.28µm
net4337,10.28µm
net4558,10.28µm
net5273,10.28µm
net5541,10.28µm
net5671,10.28µm
net5854,10.28µm
net5922,10.28µm
net6057,10.28µm
u_accel.wfc\[88\]\[3\],10.27µm
_12156_,10.265µm
_02163_,10.26µm
_07038_,10.26µm
_08927_,10.26µm
_13343_,10.26µm
u_accel.actm\[68\]\[7\],10.26µm
u_accel.actm\[8\]\[6\],10.26µm
u_accel.bfc\[2\]\[28\],10.26µm
u_accel.imem\[8\]\[6\],10.26µm
u_accel.wconv\[10\]\[4\],10.26µm
u_accel.wfc\[192\]\[3\],10.26µm
u_accel.wfc\[1\]\[1\],10.26µm
u_accel.wfc\[436\]\[1\],10.26µm
u_accel.actm\[56\]\[7\],10.255µm
u_csr.len_o\[0\],10.255µm
_00350_,10.245µm
_06287_,10.245µm
_08013_,10.24µm
_09521_,10.24µm
_09744_,10.24µm
_12224_,10.24µm
_12787_,10.24µm
_12865_,10.24µm
_13909_,10.24µm
_14164_,10.24µm
u_accel.actm\[113\]\[4\],10.24µm
u_accel.actm\[123\]\[1\],10.24µm
u_accel.actm\[37\]\[6\],10.24µm
u_accel.actm\[47\]\[6\],10.24µm
u_accel.actm\[7\]\[0\],10.24µm
u_accel.bconv\[0\]\[12\],10.24µm
u_accel.wfc\[111\]\[5\],10.24µm
u_accel.wfc\[145\]\[5\],10.24µm
u_accel.wfc\[196\]\[0\],10.24µm
u_accel.wfc\[278\]\[2\],10.24µm
u_accel.wfc\[299\]\[7\],10.24µm
u_accel.wfc\[37\]\[0\],10.24µm
u_accel.wfc\[425\]\[2\],10.24µm
u_accel.wfc\[425\]\[6\],10.24µm
u_accel.wfc\[441\]\[0\],10.24µm
u_accel.wfc\[47\]\[6\],10.24µm
u_accel.wfc\[489\]\[2\],10.24µm
_09776_,10.22µm
u_accel.actm\[2\]\[7\],10.22µm
u_accel.actm\[46\]\[3\],10.22µm
u_accel.wfc\[15\]\[7\],10.22µm
net1417,10.22µm
net1438,10.22µm
net1571,10.22µm
net2998,10.22µm
net5443,10.22µm
u_accel.imem\[44\]\[0\],10.215µm
_05353_,10.205µm
_08331_,10.2µm
_08818_,10.2µm
_09374_,10.2µm
_09875_,10.2µm
_10675_,10.2µm
_12230_,10.2µm
_12485_,10.2µm
_12754_,10.2µm
u_accel.imem\[14\]\[2\],10.2µm
u_accel.imem\[49\]\[7\],10.2µm
u_accel.logitm\[1\]\[30\],10.2µm
u_accel.wfc\[103\]\[0\],10.2µm
u_accel.wfc\[105\]\[6\],10.2µm
u_accel.wfc\[141\]\[0\],10.2µm
u_accel.wfc\[162\]\[3\],10.2µm
u_accel.wfc\[281\]\[7\],10.2µm
u_accel.wfc\[346\]\[7\],10.2µm
u_csr.output_addr_o\[4\],10.2µm
net695,10.2µm
net1017,10.2µm
net1944,10.2µm
net2039,10.2µm
net4385,10.2µm
net6102,10.2µm
_10702_,10.18µm
_11591_,10.18µm
u_accel.imem\[52\]\[0\],10.18µm
net210,10.18µm
net285,10.18µm
net394,10.18µm
net603,10.18µm
net750,10.18µm
net854,10.18µm
net983,10.18µm
net1070,10.18µm
net1077,10.18µm
net1237,10.18µm
net1263,10.18µm
net1297,10.18µm
net1303,10.18µm
net1362,10.18µm
net1669,10.18µm
net1670,10.18µm
net1852,10.18µm
net2099,10.18µm
net2598,10.18µm
net3161,10.18µm
net3386,10.18µm
net3596,10.18µm
net3632,10.18µm
net3968,10.18µm
net4329,10.18µm
net4609,10.18µm
net4740,10.18µm
net4757,10.18µm
net4773,10.18µm
net4867,10.18µm
net5007,10.18µm
net5024,10.18µm
net5219,10.18µm
net5256,10.18µm
net5313,10.18µm
net5354,10.18µm
net5357,10.18µm
net5390,10.18µm
net5476,10.18µm
net5575,10.18µm
net5583,10.18µm
net5605,10.18µm
net5610,10.18µm
net5644,10.18µm
net5665,10.18µm
net5690,10.18µm
net5696,10.18µm
net5760,10.18µm
net5887,10.18µm
_00300_,10.165µm
_03832_,10.16µm
_07888_,10.16µm
_08073_,10.16µm
_08328_,10.16µm
_09456_,10.16µm
_09844_,10.16µm
_09903_,10.16µm
_12685_,10.16µm
_13222_,10.16µm
u_accel.actm\[125\]\[4\],10.16µm
u_accel.actm\[82\]\[3\],10.16µm
u_accel.bfc\[1\]\[5\],10.16µm
u_accel.imem\[16\]\[2\],10.16µm
u_accel.imem\[31\]\[5\],10.16µm
u_accel.imem\[58\]\[0\],10.16µm
u_accel.imem\[59\]\[5\],10.16µm
u_accel.wfc\[159\]\[1\],10.16µm
u_accel.wfc\[228\]\[4\],10.16µm
u_accel.wfc\[292\]\[4\],10.16µm
u_accel.wfc\[319\]\[5\],10.16µm
u_accel.wfc\[347\]\[3\],10.16µm
u_accel.wfc\[97\]\[5\],10.16µm
u_accel.wfc\[98\]\[5\],10.16µm
u_csr.weight_addr_o\[31\],10.16µm
net127,10.16µm
net547,10.16µm
net1093,10.16µm
net1962,10.16µm
net2585,10.16µm
net2837,10.16µm
net3235,10.16µm
net3702,10.16µm
net5807,10.16µm
u_accel.actm\[34\]\[7\],10.155µm
_03863_,10.145µm
_04366_,10.145µm
_10729_,10.14µm
_13185_,10.14µm
u_accel.actm\[71\]\[5\],10.14µm
u_accel.imem\[40\]\[2\],10.14µm
u_accel.wconv\[11\]\[7\],10.14µm
net366,10.14µm
net5149,10.14µm
net5262,10.14µm
_02552_,10.135µm
_11826_,10.135µm
_06243_,10.125µm
_09287_,10.12µm
u_accel.imem\[22\]\[4\],10.12µm
u_accel.wconv\[12\]\[7\],10.12µm
u_accel.wfc\[253\]\[4\],10.12µm
u_accel.wfc\[302\]\[2\],10.12µm
u_accel.wfc\[330\]\[0\],10.12µm
u_accel.wfc\[425\]\[0\],10.12µm
u_accel.wfc\[425\]\[5\],10.12µm
net673,10.12µm
net1080,10.12µm
net1181,10.12µm
net1284,10.12µm
net1699,10.12µm
net2030,10.12µm
net4038,10.12µm
net4789,10.12µm
net4791,10.12µm
net4980,10.12µm
net5298,10.12µm
_02239_,10.115µm
_01678_,10.105µm
_05745_,10.105µm
_09772_,10.1µm
_12146_,10.1µm
_12494_,10.1µm
_13500_,10.1µm
u_accel.wfc\[233\]\[6\],10.1µm
net931,10.1µm
net2278,10.1µm
net4778,10.1µm
net5670,10.1µm
net5695,10.1µm
net5960,10.1µm
_03243_,10.095µm
u_csr.output_addr_o\[17\],10.085µm
_07830_,10.08µm
_08107_,10.08µm
_08816_,10.08µm
_11894_,10.08µm
_12361_,10.08µm
_13629_,10.08µm
u_accel.actm\[44\]\[3\],10.08µm
u_accel.bfc\[2\]\[31\],10.08µm
u_accel.imem\[60\]\[4\],10.08µm
u_accel.imem\[8\]\[3\],10.08µm
u_accel.wfc\[180\]\[6\],10.08µm
u_accel.wfc\[297\]\[1\],10.08µm
u_accel.wfc\[301\]\[7\],10.08µm
u_accel.wfc\[450\]\[4\],10.08µm
u_csr.weight_addr_o\[19\],10.08µm
net54,10.08µm
net1659,10.08µm
net1985,10.08µm
net2286,10.08µm
net5128,10.08µm
_01442_,10.075µm
_10613_,10.06µm
_10863_,10.06µm
_13172_,10.06µm
u_accel.actm\[71\]\[2\],10.06µm
u_accel.wfc\[19\]\[0\],10.06µm
u_accel.wfc\[296\]\[3\],10.06µm
u_accel.wfc\[2\]\[3\],10.06µm
u_accel.wfc\[305\]\[0\],10.06µm
u_accel.wfc\[368\]\[7\],10.06µm
u_accel.wfc\[64\]\[2\],10.06µm
u_accel.wfc\[80\]\[0\],10.06µm
net292,10.06µm
net358,10.06µm
net364,10.06µm
net572,10.06µm
net615,10.06µm
net647,10.06µm
net819,10.06µm
net1141,10.06µm
net1441,10.06µm
net1509,10.06µm
net1602,10.06µm
net1631,10.06µm
net1792,10.06µm
net1811,10.06µm
net2767,10.06µm
net2955,10.06µm
net3230,10.06µm
net3627,10.06µm
net3837,10.06µm
net4032,10.06µm
net5976,10.06µm
_04259_,10.045µm
_05553_,10.045µm
_10185_,10.04µm
_11769_,10.04µm
_11897_,10.04µm
_12460_,10.04µm
_12707_,10.04µm
_12776_,10.04µm
_13502_,10.04µm
_13948_,10.04µm
u_accel.actm\[11\]\[2\],10.04µm
u_accel.imem\[0\]\[3\],10.04µm
u_accel.imem\[20\]\[5\],10.04µm
u_accel.imem\[51\]\[1\],10.04µm
u_accel.imem\[51\]\[3\],10.04µm
u_accel.wfc\[114\]\[7\],10.04µm
u_accel.wfc\[121\]\[7\],10.04µm
u_accel.wfc\[125\]\[3\],10.04µm
u_accel.wfc\[127\]\[5\],10.04µm
u_accel.wfc\[133\]\[2\],10.04µm
u_accel.wfc\[176\]\[7\],10.04µm
u_accel.wfc\[183\]\[1\],10.04µm
u_accel.wfc\[19\]\[5\],10.04µm
u_accel.wfc\[263\]\[2\],10.04µm
u_accel.wfc\[31\]\[3\],10.04µm
u_accel.wfc\[330\]\[5\],10.04µm
u_accel.wfc\[401\]\[1\],10.04µm
u_accel.wfc\[413\]\[4\],10.04µm
u_accel.wfc\[441\]\[7\],10.04µm
u_accel.wfc\[465\]\[5\],10.04µm
u_accel.wfc\[89\]\[3\],10.04µm
u_accel.wfc\[9\]\[7\],10.04µm
net408,10.04µm
net4800,10.04µm
u_csr.input_addr_o\[28\],10.035µm
_01469_,10.025µm
_05196_,10.02µm
_05212_,10.02µm
_10309_,10.02µm
u_accel.actm\[26\]\[6\],10.02µm
u_accel.wfc\[335\]\[0\],10.02µm
u_accel.wfc\[426\]\[3\],10.02µm
u_accel.wfc\[511\]\[4\],10.02µm
_11174_,10µm
_12621_,10µm
_12935_,10µm
_13290_,10µm
axi_sram_wdata\[4\],10µm
u_accel.actm\[110\]\[6\],10µm
u_accel.bfc\[1\]\[14\],10µm
u_accel.imem\[16\]\[6\],10µm
u_accel.wfc\[211\]\[3\],10µm
u_accel.wfc\[237\]\[5\],10µm
u_accel.wfc\[248\]\[4\],10µm
u_accel.wfc\[365\]\[4\],10µm
u_accel.wfc\[366\]\[2\],10µm
u_accel.wfc\[489\]\[7\],10µm
u_accel.wfc\[89\]\[6\],10µm
net258,10µm
net305,10µm
net1199,10µm
net2331,10µm
net2773,10µm
net5055,10µm
net5099,10µm
net5497,10µm
_00452_,9.995µm
_03197_,9.995µm
_10825_,9.98µm
_12946_,9.98µm
u_accel.actm\[43\]\[6\],9.98µm
u_accel.am_f\[15\],9.98µm
u_accel.wfc\[200\]\[0\],9.98µm
u_accel.wfc\[282\]\[6\],9.98µm
u_accel.wfc\[364\]\[1\],9.98µm
u_accel.wfc\[422\]\[3\],9.98µm
u_accel.wfc\[437\]\[7\],9.98µm
u_accel.wfc\[451\]\[4\],9.98µm
u_accel.wfc\[452\]\[7\],9.98µm
u_accel.wfc\[80\]\[2\],9.98µm
u_csr.input_addr_o\[4\],9.98µm
u_csr.weight_addr_o\[6\],9.98µm
net2288,9.98µm
net3951,9.98µm
net5451,9.98µm
net5899,9.98µm
net5984,9.98µm
_05739_,9.965µm
_10904_,9.96µm
_11236_,9.96µm
_11266_,9.96µm
_12648_,9.96µm
_13942_,9.96µm
u_accel.actm\[106\]\[3\],9.96µm
u_accel.actm\[51\]\[2\],9.96µm
u_accel.actm\[98\]\[4\],9.96µm
u_accel.bfc\[3\]\[4\],9.96µm
u_accel.logitm\[2\]\[7\],9.96µm
u_accel.wfc\[103\]\[1\],9.96µm
u_accel.wfc\[131\]\[4\],9.96µm
u_accel.wfc\[131\]\[7\],9.96µm
u_accel.wfc\[135\]\[7\],9.96µm
u_accel.wfc\[176\]\[3\],9.96µm
u_accel.wfc\[176\]\[4\],9.96µm
u_accel.wfc\[186\]\[1\],9.96µm
u_accel.wfc\[206\]\[1\],9.96µm
u_accel.wfc\[314\]\[0\],9.96µm
u_accel.wfc\[317\]\[3\],9.96µm
u_accel.wfc\[344\]\[6\],9.96µm
u_accel.wfc\[377\]\[4\],9.96µm
u_accel.wfc\[393\]\[2\],9.96µm
u_accel.wfc\[455\]\[2\],9.96µm
u_accel.wfc\[455\]\[4\],9.96µm
net457,9.96µm
net1473,9.96µm
net1799,9.96µm
net2967,9.96µm
net3312,9.96µm
u_accel.wfc\[200\]\[5\],9.955µm
_13467_,9.95µm
_00400_,9.945µm
_01536_,9.945µm
_04081_,9.945µm
_05809_,9.945µm
_06595_,9.94µm
_08826_,9.94µm
_09034_,9.94µm
_10148_,9.94µm
_10219_,9.94µm
_10705_,9.94µm
_11295_,9.94µm
_11813_,9.94µm
_12810_,9.94µm
_13415_,9.94µm
_14033_,9.94µm
c_rdata\[13\],9.94µm
u_accel.actm\[23\]\[1\],9.94µm
u_accel.actm\[28\]\[0\],9.94µm
u_accel.bconv\[0\]\[31\],9.94µm
u_accel.bfc\[1\]\[27\],9.94µm
u_accel.c\[21\],9.94µm
u_accel.imem\[34\]\[5\],9.94µm
u_accel.wconv\[14\]\[1\],9.94µm
u_accel.wfc\[117\]\[0\],9.94µm
u_accel.wfc\[123\]\[3\],9.94µm
u_accel.wfc\[150\]\[6\],9.94µm
u_accel.wfc\[208\]\[7\],9.94µm
u_accel.wfc\[211\]\[0\],9.94µm
u_accel.wfc\[22\]\[1\],9.94µm
u_accel.wfc\[237\]\[6\],9.94µm
u_accel.wfc\[261\]\[6\],9.94µm
u_accel.wfc\[268\]\[7\],9.94µm
u_accel.wfc\[286\]\[1\],9.94µm
u_accel.wfc\[28\]\[7\],9.94µm
u_accel.wfc\[2\]\[7\],9.94µm
u_accel.wfc\[305\]\[5\],9.94µm
u_accel.wfc\[30\]\[2\],9.94µm
u_accel.wfc\[320\]\[0\],9.94µm
u_accel.wfc\[34\]\[2\],9.94µm
u_accel.wfc\[356\]\[1\],9.94µm
u_accel.wfc\[36\]\[4\],9.94µm
u_accel.wfc\[380\]\[6\],9.94µm
u_accel.wfc\[402\]\[4\],9.94µm
u_accel.wfc\[40\]\[1\],9.94µm
u_accel.wfc\[429\]\[5\],9.94µm
u_accel.wfc\[438\]\[2\],9.94µm
u_accel.wfc\[440\]\[5\],9.94µm
u_accel.wfc\[444\]\[5\],9.94µm
u_accel.wfc\[445\]\[6\],9.94µm
u_accel.wfc\[492\]\[4\],9.94µm
u_accel.wfc\[80\]\[5\],9.94µm
u_accel.wfc\[98\]\[0\],9.94µm
u_accel.wfc\[98\]\[2\],9.94µm
u_csr.weight_addr_o\[2\],9.94µm
net52,9.94µm
net70,9.94µm
net380,9.94µm
net2047,9.94µm
net2108,9.94µm
net3293,9.94µm
net3535,9.94µm
net3939,9.94µm
net4284,9.94µm
net4865,9.94µm
net4955,9.94µm
net6092,9.94µm
_02571_,9.925µm
_06926_,9.92µm
_10779_,9.92µm
_12290_,9.92µm
_12978_,9.92µm
_13330_,9.92µm
u_accel.actm\[127\]\[7\],9.92µm
u_accel.actm\[30\]\[4\],9.92µm
u_accel.imem\[33\]\[7\],9.92µm
u_accel.imem\[45\]\[5\],9.92µm
u_accel.logitm\[1\]\[11\],9.92µm
u_accel.wconv\[1\]\[0\],9.92µm
u_accel.wfc\[144\]\[0\],9.92µm
u_accel.wfc\[154\]\[3\],9.92µm
u_accel.wfc\[187\]\[7\],9.92µm
u_accel.wfc\[196\]\[7\],9.92µm
u_accel.wfc\[202\]\[3\],9.92µm
u_accel.wfc\[207\]\[1\],9.92µm
u_accel.wfc\[27\]\[4\],9.92µm
u_accel.wfc\[350\]\[6\],9.92µm
u_accel.wfc\[398\]\[5\],9.92µm
u_accel.wfc\[43\]\[5\],9.92µm
u_accel.wfc\[446\]\[2\],9.92µm
u_accel.wfc\[75\]\[6\],9.92µm
u_csr.cfg_q\[29\],9.92µm
_02979_,9.905µm
_05105_,9.9µm
_08087_,9.9µm
_10476_,9.9µm
_10718_,9.9µm
_12058_,9.9µm
_13381_,9.9µm
u_accel.actm\[55\]\[7\],9.9µm
u_accel.actm\[69\]\[1\],9.9µm
u_accel.actm\[80\]\[7\],9.9µm
u_accel.wfc\[105\]\[0\],9.9µm
u_accel.wfc\[110\]\[7\],9.9µm
u_accel.wfc\[16\]\[6\],9.9µm
u_accel.wfc\[189\]\[6\],9.9µm
u_accel.wfc\[216\]\[4\],9.9µm
u_accel.wfc\[224\]\[1\],9.9µm
u_accel.wfc\[26\]\[6\],9.9µm
u_accel.wfc\[307\]\[0\],9.9µm
u_accel.wfc\[338\]\[5\],9.9µm
u_accel.wfc\[377\]\[2\],9.9µm
u_accel.wfc\[414\]\[7\],9.9µm
u_accel.wfc\[426\]\[1\],9.9µm
u_accel.wfc\[447\]\[7\],9.9µm
u_accel.wfc\[449\]\[3\],9.9µm
u_accel.wfc\[501\]\[5\],9.9µm
u_accel.wfc\[80\]\[1\],9.9µm
u_accel.wfc\[95\]\[3\],9.9µm
u_accel.wfc\[99\]\[2\],9.9µm
net1255,9.9µm
net1978,9.9µm
_01256_,9.895µm
u_accel.actm\[121\]\[2\],9.895µm
_08416_,9.88µm
_10664_,9.88µm
_11709_,9.88µm
_11846_,9.88µm
_12862_,9.88µm
_13874_,9.88µm
u_accel.actm\[125\]\[6\],9.88µm
u_accel.actm\[22\]\[7\],9.88µm
u_accel.actm\[3\]\[7\],9.88µm
u_accel.actm\[43\]\[0\],9.88µm
u_accel.actm\[57\]\[6\],9.88µm
u_accel.wfc\[202\]\[1\],9.88µm
u_accel.wfc\[215\]\[4\],9.88µm
u_accel.wfc\[217\]\[0\],9.88µm
u_accel.wfc\[271\]\[5\],9.88µm
u_accel.wfc\[503\]\[5\],9.88µm
_01514_,9.875µm
_11651_,9.87µm
_01333_,9.865µm
_01700_,9.865µm
_03172_,9.865µm
_04941_,9.865µm
_05195_,9.86µm
_08169_,9.86µm
_10284_,9.86µm
_11329_,9.86µm
_12084_,9.86µm
_14058_,9.86µm
axi_acc_wdata\[21\],9.86µm
u_accel.wfc\[297\]\[6\],9.86µm
u_accel.wfc\[331\]\[2\],9.86µm
u_accel.wfc\[367\]\[1\],9.86µm
u_accel.wfc\[484\]\[7\],9.86µm
u_accel.wfc\[65\]\[7\],9.86µm
net159,9.86µm
net184,9.86µm
net190,9.86µm
net426,9.86µm
net470,9.86µm
net558,9.86µm
net831,9.86µm
net919,9.86µm
net1091,9.86µm
net1201,9.86µm
net1292,9.86µm
net1346,9.86µm
net1515,9.86µm
net1550,9.86µm
net1564,9.86µm
net1812,9.86µm
net1988,9.86µm
net2089,9.86µm
net2305,9.86µm
net2350,9.86µm
net2515,9.86µm
net2558,9.86µm
net2567,9.86µm
net2617,9.86µm
net2628,9.86µm
net2664,9.86µm
net2811,9.86µm
net2849,9.86µm
net2878,9.86µm
net3498,9.86µm
net4016,9.86µm
net4231,9.86µm
net4908,9.86µm
net5892,9.86µm
net6071,9.86µm
u_accel.wfc\[252\]\[4\],9.855µm
_04887_,9.845µm
_08233_,9.84µm
_09056_,9.84µm
_11659_,9.84µm
u_accel.imem\[36\]\[7\],9.84µm
u_accel.wfc\[10\]\[2\],9.84µm
u_accel.wfc\[150\]\[4\],9.84µm
u_accel.wfc\[287\]\[0\],9.84µm
u_accel.wfc\[303\]\[5\],9.84µm
u_accel.wfc\[322\]\[1\],9.84µm
u_accel.wfc\[362\]\[7\],9.84µm
u_accel.wfc\[379\]\[0\],9.84µm
u_accel.wfc\[379\]\[2\],9.84µm
u_accel.wfc\[396\]\[7\],9.84µm
u_accel.wfc\[44\]\[4\],9.84µm
u_accel.wfc\[87\]\[0\],9.84µm
_13549_,9.83µm
_01071_,9.825µm
_02351_,9.825µm
_02639_,9.825µm
_04415_,9.825µm
_09008_,9.82µm
_09299_,9.82µm
_10807_,9.82µm
_11416_,9.82µm
_11902_,9.82µm
_12721_,9.82µm
_13126_,9.82µm
ld_acc_addr\[2\],9.82µm
u_accel.actm\[102\]\[3\],9.82µm
u_accel.actm\[122\]\[7\],9.82µm
u_accel.actm\[32\]\[3\],9.82µm
u_accel.actm\[81\]\[0\],9.82µm
u_accel.actm\[92\]\[1\],9.82µm
u_accel.imem\[37\]\[5\],9.82µm
u_accel.imem\[54\]\[6\],9.82µm
u_accel.wfc\[121\]\[1\],9.82µm
u_accel.wfc\[129\]\[4\],9.82µm
u_accel.wfc\[129\]\[6\],9.82µm
u_accel.wfc\[157\]\[4\],9.82µm
u_accel.wfc\[167\]\[6\],9.82µm
u_accel.wfc\[171\]\[5\],9.82µm
u_accel.wfc\[193\]\[2\],9.82µm
u_accel.wfc\[19\]\[4\],9.82µm
u_accel.wfc\[203\]\[3\],9.82µm
u_accel.wfc\[215\]\[1\],9.82µm
u_accel.wfc\[219\]\[3\],9.82µm
u_accel.wfc\[237\]\[7\],9.82µm
u_accel.wfc\[244\]\[7\],9.82µm
u_accel.wfc\[280\]\[6\],9.82µm
u_accel.wfc\[284\]\[0\],9.82µm
u_accel.wfc\[290\]\[0\],9.82µm
u_accel.wfc\[317\]\[2\],9.82µm
u_accel.wfc\[323\]\[2\],9.82µm
u_accel.wfc\[333\]\[1\],9.82µm
u_accel.wfc\[353\]\[2\],9.82µm
u_accel.wfc\[361\]\[3\],9.82µm
u_accel.wfc\[397\]\[7\],9.82µm
u_accel.wfc\[3\]\[2\],9.82µm
u_accel.wfc\[479\]\[7\],9.82µm
u_accel.wfc\[495\]\[1\],9.82µm
u_accel.wfc\[499\]\[1\],9.82µm
u_accel.wfc\[507\]\[6\],9.82µm
u_accel.wfc\[57\]\[1\],9.82µm
u_accel.wfc\[72\]\[6\],9.82µm
u_accel.wfc\[72\]\[7\],9.82µm
u_accel.wfc\[75\]\[7\],9.82µm
u_csr.cfg_q\[20\],9.82µm
u_csr.ctrl_q\[3\],9.82µm
u_csr.len_o\[12\],9.82µm
net91,9.82µm
net122,9.82µm
net154,9.82µm
net202,9.82µm
net238,9.82µm
net502,9.82µm
net517,9.82µm
net522,9.82µm
net627,9.82µm
net869,9.82µm
net880,9.82µm
net897,9.82µm
net979,9.82µm
net995,9.82µm
net1089,9.82µm
net1106,9.82µm
net1864,9.82µm
net2001,9.82µm
net2027,9.82µm
net2204,9.82µm
net2244,9.82µm
net2320,9.82µm
net2323,9.82µm
net2351,9.82µm
net2402,9.82µm
net2417,9.82µm
net2502,9.82µm
net2614,9.82µm
net2756,9.82µm
net2920,9.82µm
net2939,9.82µm
net2960,9.82µm
net2982,9.82µm
net3105,9.82µm
net3195,9.82µm
net3242,9.82µm
net3372,9.82µm
net3387,9.82µm
net3423,9.82µm
net3436,9.82µm
net3668,9.82µm
net4437,9.82µm
net4682,9.82µm
_08366_,9.81µm
u_accel.actm\[125\]\[7\],9.8µm
u_accel.actm\[92\]\[3\],9.8µm
u_accel.wfc\[12\]\[3\],9.8µm
u_accel.wfc\[273\]\[2\],9.8µm
u_accel.wfc\[30\]\[7\],9.8µm
u_accel.wfc\[350\]\[2\],9.8µm
u_accel.wfc\[406\]\[2\],9.8µm
u_accel.wfc\[57\]\[3\],9.8µm
u_accel.imem\[8\]\[4\],9.795µm
_03601_,9.78µm
_07858_,9.78µm
_08304_,9.78µm
_10375_,9.78µm
_11657_,9.78µm
_11663_,9.78µm
_12780_,9.78µm
_13505_,9.78µm
_13918_,9.78µm
u_accel.actm\[15\]\[7\],9.78µm
u_accel.actm\[54\]\[0\],9.78µm
u_accel.actm\[55\]\[5\],9.78µm
u_accel.actm\[57\]\[1\],9.78µm
u_accel.actm\[83\]\[4\],9.78µm
u_accel.actm\[84\]\[2\],9.78µm
u_accel.logitm\[3\]\[31\],9.78µm
u_accel.wfc\[189\]\[5\],9.78µm
u_accel.wfc\[291\]\[6\],9.78µm
u_accel.wfc\[329\]\[7\],9.78µm
u_accel.wfc\[394\]\[1\],9.78µm
u_accel.wfc\[423\]\[7\],9.78µm
u_accel.wfc\[461\]\[2\],9.78µm
u_accel.wfc\[81\]\[1\],9.78µm
_10134_,9.76µm
net1452,9.76µm
net2457,9.76µm
net3090,9.76µm
net5542,9.76µm
net5957,9.76µm
_00110_,9.745µm
u_csr.len_o\[19\],9.745µm
_05086_,9.74µm
_11382_,9.74µm
_12487_,9.74µm
_12551_,9.74µm
ld_acc_wdata\[2\],9.74µm
u_accel.actm\[40\]\[3\],9.74µm
u_accel.imem\[30\]\[6\],9.74µm
u_accel.imem\[55\]\[6\],9.74µm
u_accel.wconv\[7\]\[5\],9.74µm
u_accel.wfc\[160\]\[7\],9.74µm
u_accel.wfc\[394\]\[0\],9.74µm
u_accel.wfc\[426\]\[4\],9.74µm
net114,9.74µm
net657,9.74µm
net1813,9.74µm
net1848,9.74µm
net2087,9.74µm
net2260,9.74µm
net2551,9.74µm
net2661,9.74µm
net2731,9.74µm
net3306,9.74µm
net4335,9.74µm
net5349,9.74µm
_00765_,9.735µm
_04369_,9.72µm
_06916_,9.72µm
c_rdata\[31\],9.72µm
u_accel.actm\[3\]\[4\],9.72µm
u_accel.imem\[24\]\[2\],9.72µm
u_accel.imem\[48\]\[7\],9.72µm
u_accel.wfc\[32\]\[2\],9.72µm
net86,9.72µm
net115,9.72µm
net164,9.72µm
net194,9.72µm
net237,9.72µm
net411,9.72µm
net418,9.72µm
net443,9.72µm
net458,9.72µm
net514,9.72µm
net574,9.72µm
net610,9.72µm
net700,9.72µm
net818,9.72µm
net853,9.72µm
net1156,9.72µm
net1295,9.72µm
net1532,9.72µm
net1533,9.72µm
net1539,9.72µm
net1686,9.72µm
net1758,9.72µm
net1773,9.72µm
net1895,9.72µm
net1972,9.72µm
net2051,9.72µm
net2134,9.72µm
net2304,9.72µm
net2574,9.72µm
net3462,9.72µm
net3836,9.72µm
net3954,9.72µm
net4044,9.72µm
net4058,9.72µm
net4788,9.72µm
net4888,9.72µm
net4963,9.72µm
net5260,9.72µm
net5582,9.72µm
net5597,9.72µm
net5623,9.72µm
net5738,9.72µm
net5862,9.72µm
net5888,9.72µm
net6076,9.72µm
_04441_,9.705µm
_06371_,9.705µm
_08197_,9.7µm
_10208_,9.7µm
_10405_,9.7µm
_11168_,9.7µm
_11300_,9.7µm
_12516_,9.7µm
_12578_,9.7µm
_12901_,9.7µm
_13039_,9.7µm
_13579_,9.7µm
u_accel.actm\[117\]\[4\],9.7µm
u_accel.actm\[28\]\[7\],9.7µm
u_accel.bconv\[1\]\[25\],9.7µm
u_accel.imem\[18\]\[7\],9.7µm
u_accel.imem\[62\]\[6\],9.7µm
u_accel.imem\[6\]\[5\],9.7µm
u_accel.wfc\[147\]\[4\],9.7µm
u_accel.wfc\[195\]\[1\],9.7µm
u_accel.wfc\[269\]\[6\],9.7µm
u_accel.wfc\[325\]\[0\],9.7µm
u_accel.wfc\[408\]\[4\],9.7µm
u_accel.wfc\[40\]\[3\],9.7µm
u_accel.wfc\[508\]\[4\],9.7µm
u_accel.wfc\[511\]\[6\],9.7µm
net1651,9.7µm
net2017,9.7µm
net2362,9.7µm
net2429,9.7µm
net4004,9.7µm
net4006,9.7µm
net5161,9.7µm
net5638,9.7µm
net5754,9.7µm
net5924,9.7µm
u_accel.wfc\[308\]\[7\],9.69µm
_01431_,9.685µm
_02322_,9.68µm
_08260_,9.68µm
_09336_,9.68µm
_09454_,9.68µm
_09590_,9.68µm
_10862_,9.68µm
u_accel.actm\[40\]\[5\],9.68µm
u_accel.actm\[50\]\[5\],9.68µm
u_accel.wfc\[143\]\[1\],9.68µm
u_accel.wfc\[158\]\[2\],9.68µm
u_accel.wfc\[194\]\[3\],9.68µm
u_accel.wfc\[218\]\[7\],9.68µm
u_accel.wfc\[337\]\[1\],9.68µm
u_accel.wfc\[473\]\[6\],9.68µm
u_accel.wfc\[71\]\[1\],9.68µm
net729,9.68µm
net1640,9.68µm
net4957,9.68µm
u_accel.actm\[100\]\[2\],9.66µm
u_accel.actm\[16\]\[6\],9.66µm
u_accel.actm\[47\]\[0\],9.66µm
u_accel.imem\[2\]\[2\],9.66µm
u_accel.imem\[52\]\[4\],9.66µm
u_accel.imem\[7\]\[5\],9.66µm
u_accel.wfc\[214\]\[7\],9.66µm
u_accel.wfc\[250\]\[7\],9.66µm
u_accel.wfc\[86\]\[4\],9.66µm
net460,9.66µm
net1229,9.66µm
net1355,9.66µm
net1357,9.66µm
net2864,9.66µm
net3413,9.66µm
net3584,9.66µm
net3834,9.66µm
net4444,9.66µm
net5143,9.66µm
net5289,9.66µm
net5372,9.66µm
net5711,9.66µm
net5823,9.66µm
_01278_,9.655µm
_04943_,9.655µm
_08259_,9.655µm
_10852_,9.65µm
_04008_,9.645µm
_06305_,9.645µm
_09127_,9.64µm
_09407_,9.64µm
_10723_,9.64µm
_13976_,9.64µm
c_rdata\[10\],9.64µm
u_accel.imem\[30\]\[4\],9.64µm
u_accel.wfc\[174\]\[6\],9.64µm
u_accel.wfc\[68\]\[3\],9.64µm
_01034_,9.635µm
u_csr.weight_addr_o\[1\],9.625µm
_08757_,9.62µm
_12476_,9.62µm
_13078_,9.62µm
u_accel.actm\[26\]\[0\],9.62µm
u_accel.wfc\[32\]\[7\],9.62µm
u_accel.wfc\[376\]\[6\],9.62µm
u_accel.wfc\[405\]\[2\],9.62µm
u_accel.wfc\[429\]\[7\],9.62µm
u_accel.wfc\[53\]\[4\],9.62µm
u_csr.input_addr_o\[19\],9.62µm
u_csr.len_o\[21\],9.62µm
net1260,9.62µm
net2580,9.62µm
net3094,9.62µm
net4587,9.62µm
_00320_,9.605µm
_00889_,9.605µm
_02464_,9.605µm
_02775_,9.605µm
_03324_,9.605µm
_05599_,9.605µm
_06057_,9.605µm
_11754_,9.6µm
u_accel.actm\[67\]\[4\],9.6µm
u_accel.wfc\[297\]\[4\],9.6µm
u_accel.wfc\[509\]\[3\],9.6µm
net599,9.6µm
net655,9.6µm
net4343,9.6µm
net4517,9.6µm
net6013,9.6µm
net6111,9.6µm
_02164_,9.585µm
_03710_,9.585µm
_08945_,9.58µm
_10515_,9.58µm
_10687_,9.58µm
_11618_,9.58µm
_12907_,9.58µm
_13120_,9.58µm
u_accel.actm\[39\]\[3\],9.58µm
u_accel.actm\[6\]\[0\],9.58µm
u_accel.actm\[87\]\[1\],9.58µm
u_accel.imem\[28\]\[5\],9.58µm
u_accel.wfc\[101\]\[4\],9.58µm
u_accel.wfc\[141\]\[4\],9.58µm
u_accel.wfc\[214\]\[5\],9.58µm
u_accel.wfc\[291\]\[2\],9.58µm
u_accel.wfc\[309\]\[7\],9.58µm
u_accel.wfc\[341\]\[5\],9.58µm
u_accel.wfc\[449\]\[7\],9.58µm
u_accel.wfc\[481\]\[0\],9.58µm
u_accel.wfc\[79\]\[3\],9.58µm
u_accel.wfc\[97\]\[6\],9.58µm
u_csr.cfg_q\[22\],9.58µm
net1027,9.58µm
_01874_,9.565µm
_05028_,9.56µm
u_accel.actm\[114\]\[3\],9.56µm
u_accel.actm\[14\]\[1\],9.56µm
u_accel.wfc\[14\]\[6\],9.56µm
u_accel.wfc\[18\]\[4\],9.56µm
net5280,9.56µm
_00704_,9.545µm
_09205_,9.54µm
_10249_,9.54µm
_11190_,9.54µm
_11271_,9.54µm
_11905_,9.54µm
_12524_,9.54µm
_12908_,9.54µm
_13086_,9.54µm
_13188_,9.54µm
_14126_,9.54µm
u_accel.actm\[12\]\[3\],9.54µm
u_accel.imem\[4\]\[1\],9.54µm
u_accel.imem\[6\]\[0\],9.54µm
u_accel.imem\[7\]\[0\],9.54µm
u_accel.imem\[7\]\[6\],9.54µm
u_accel.logitm\[2\]\[30\],9.54µm
u_accel.wfc\[111\]\[0\],9.54µm
u_accel.wfc\[133\]\[3\],9.54µm
u_accel.wfc\[227\]\[2\],9.54µm
u_accel.wfc\[359\]\[7\],9.54µm
u_accel.wfc\[435\]\[0\],9.54µm
u_accel.wfc\[449\]\[4\],9.54µm
u_accel.wfc\[451\]\[2\],9.54µm
u_accel.wfc\[483\]\[2\],9.54µm
u_accel.wfc\[95\]\[7\],9.54µm
net6117,9.54µm
_02426_,9.525µm
_04018_,9.525µm
_06414_,9.525µm
_08645_,9.52µm
_10340_,9.52µm
_11496_,9.52µm
_11728_,9.52µm
_11889_,9.52µm
axi_acc_wdata\[30\],9.52µm
u_accel.am_f\[6\],9.52µm
u_accel.c\[15\],9.52µm
u_accel.f\[26\],9.52µm
u_accel.imem\[13\]\[1\],9.52µm
u_accel.imem\[18\]\[1\],9.52µm
u_accel.wconv\[9\]\[2\],9.52µm
u_accel.wfc\[132\]\[4\],9.52µm
u_accel.wfc\[162\]\[1\],9.52µm
u_accel.wfc\[284\]\[5\],9.52µm
u_accel.wfc\[389\]\[1\],9.52µm
u_accel.wfc\[38\]\[7\],9.52µm
u_accel.wfc\[394\]\[7\],9.52µm
u_accel.wfc\[412\]\[4\],9.52µm
u_accel.wfc\[412\]\[5\],9.52µm
u_accel.wfc\[57\]\[5\],9.52µm
u_accel.wfc\[72\]\[4\],9.52µm
clk_i_regs,9.52µm
net2022,9.52µm
net2601,9.52µm
net2922,9.52µm
net2929,9.52µm
net3027,9.52µm
net3308,9.52µm
net3820,9.52µm
net4190,9.52µm
net4818,9.52µm
net4949,9.52µm
net5378,9.52µm
net5747,9.52µm
net5819,9.52µm
net5865,9.52µm
net6009,9.52µm
_02198_,9.505µm
_02635_,9.505µm
_06624_,9.5µm
_08617_,9.5µm
_10809_,9.5µm
_12383_,9.5µm
_13331_,9.5µm
u_accel.actm\[108\]\[3\],9.5µm
u_accel.actm\[114\]\[1\],9.5µm
u_accel.actm\[30\]\[1\],9.5µm
u_accel.actm\[97\]\[7\],9.5µm
u_accel.imem\[22\]\[0\],9.5µm
u_accel.wfc\[0\]\[6\],9.5µm
u_accel.wfc\[116\]\[1\],9.5µm
u_accel.wfc\[267\]\[4\],9.5µm
u_accel.wfc\[292\]\[0\],9.5µm
u_accel.wfc\[319\]\[6\],9.5µm
u_accel.wfc\[367\]\[3\],9.5µm
u_accel.wfc\[380\]\[1\],9.5µm
u_accel.wfc\[392\]\[6\],9.5µm
u_accel.wfc\[40\]\[4\],9.5µm
u_accel.wfc\[413\]\[2\],9.5µm
u_accel.wfc\[44\]\[0\],9.5µm
u_accel.wfc\[453\]\[2\],9.5µm
u_accel.wfc\[457\]\[5\],9.5µm
u_accel.wfc\[52\]\[3\],9.5µm
u_csr.cfg_q\[25\],9.5µm
net401,9.5µm
net1076,9.5µm
net3079,9.5µm
_00029_,9.495µm
_11875_,9.495µm
u_accel.actm\[13\]\[0\],9.49µm
_00447_,9.485µm
_02410_,9.485µm
_04012_,9.485µm
_04013_,9.485µm
_04658_,9.485µm
_08050_,9.48µm
_10250_,9.48µm
_11870_,9.48µm
_12846_,9.48µm
_13484_,9.48µm
_13611_,9.48µm
_14041_,9.48µm
u_accel.actm\[100\]\[7\],9.48µm
u_accel.actm\[109\]\[2\],9.48µm
u_accel.actm\[122\]\[2\],9.48µm
u_accel.actm\[17\]\[5\],9.48µm
u_accel.actm\[19\]\[7\],9.48µm
u_accel.actm\[78\]\[3\],9.48µm
u_accel.actm\[97\]\[2\],9.48µm
u_accel.actm\[9\]\[4\],9.48µm
u_accel.bconv\[0\]\[16\],9.48µm
u_accel.bconv\[0\]\[23\],9.48µm
u_accel.ii\[18\],9.48µm
u_accel.imem\[7\]\[3\],9.48µm
u_accel.wconv\[11\]\[6\],9.48µm
u_accel.wfc\[120\]\[1\],9.48µm
u_accel.wfc\[130\]\[4\],9.48µm
u_accel.wfc\[14\]\[7\],9.48µm
u_accel.wfc\[199\]\[6\],9.48µm
u_accel.wfc\[214\]\[1\],9.48µm
u_accel.wfc\[222\]\[5\],9.48µm
u_accel.wfc\[224\]\[2\],9.48µm
u_accel.wfc\[230\]\[6\],9.48µm
u_accel.wfc\[236\]\[2\],9.48µm
u_accel.wfc\[338\]\[3\],9.48µm
u_accel.wfc\[358\]\[0\],9.48µm
u_accel.wfc\[360\]\[0\],9.48µm
u_accel.wfc\[371\]\[3\],9.48µm
u_accel.wfc\[384\]\[7\],9.48µm
u_accel.wfc\[386\]\[5\],9.48µm
u_accel.wfc\[392\]\[0\],9.48µm
u_accel.wfc\[397\]\[2\],9.48µm
u_accel.wfc\[414\]\[5\],9.48µm
u_accel.wfc\[418\]\[0\],9.48µm
u_accel.wfc\[418\]\[1\],9.48µm
u_accel.wfc\[426\]\[0\],9.48µm
u_accel.wfc\[464\]\[0\],9.48µm
u_accel.wfc\[500\]\[2\],9.48µm
u_accel.wfc\[506\]\[7\],9.48µm
u_accel.wfc\[78\]\[4\],9.48µm
u_accel.wfc\[88\]\[0\],9.48µm
u_accel.wfc\[96\]\[0\],9.48µm
u_accel.wfc\[96\]\[3\],9.48µm
u_csr.input_addr_o\[29\],9.48µm
net1620,9.48µm
net2562,9.48µm
net3107,9.48µm
net3467,9.48µm
net6113,9.48µm
u_accel.actm\[120\]\[1\],9.475µm
_04695_,9.46µm
_08230_,9.46µm
_09862_,9.46µm
_09872_,9.46µm
_10190_,9.46µm
_10843_,9.46µm
_12903_,9.46µm
_12931_,9.46µm
_13440_,9.46µm
u_accel.actm\[54\]\[6\],9.46µm
u_accel.actm\[90\]\[3\],9.46µm
u_accel.bfc\[0\]\[7\],9.46µm
u_accel.imem\[3\]\[3\],9.46µm
u_accel.logitm\[3\]\[28\],9.46µm
u_accel.wfc\[181\]\[3\],9.46µm
u_accel.wfc\[206\]\[2\],9.46µm
u_accel.wfc\[235\]\[0\],9.46µm
u_accel.wfc\[27\]\[3\],9.46µm
u_accel.wfc\[353\]\[5\],9.46µm
u_accel.wfc\[360\]\[6\],9.46µm
u_accel.wfc\[377\]\[3\],9.46µm
u_accel.wfc\[385\]\[3\],9.46µm
u_accel.wfc\[407\]\[7\],9.46µm
u_accel.wfc\[427\]\[2\],9.46µm
u_accel.wfc\[459\]\[4\],9.46µm
u_accel.wfc\[478\]\[5\],9.46µm
u_accel.wfc\[483\]\[0\],9.46µm
u_accel.wfc\[491\]\[3\],9.46µm
u_accel.wfc\[500\]\[0\],9.46µm
_05390_,9.445µm
_05694_,9.445µm
_06347_,9.445µm
_09580_,9.44µm
_10388_,9.44µm
_13167_,9.44µm
_13385_,9.44µm
_13616_,9.44µm
_13943_,9.44µm
axi_sram_wdata\[3\],9.44µm
u_accel.actm\[113\]\[6\],9.44µm
u_accel.actm\[126\]\[1\],9.44µm
u_accel.actm\[78\]\[6\],9.44µm
u_accel.bconv\[0\]\[7\],9.44µm
u_accel.wconv\[11\]\[5\],9.44µm
u_accel.wconv\[15\]\[5\],9.44µm
u_accel.wfc\[154\]\[6\],9.44µm
u_accel.wfc\[179\]\[2\],9.44µm
u_accel.wfc\[229\]\[5\],9.44µm
u_accel.wfc\[231\]\[1\],9.44µm
u_accel.wfc\[338\]\[1\],9.44µm
u_accel.wfc\[338\]\[7\],9.44µm
u_accel.wfc\[361\]\[0\],9.44µm
u_accel.wfc\[361\]\[5\],9.44µm
u_accel.wfc\[366\]\[6\],9.44µm
u_accel.wfc\[391\]\[0\],9.44µm
u_accel.wfc\[498\]\[7\],9.44µm
_11258_,9.425µm
_09625_,9.42µm
_11864_,9.42µm
_13682_,9.42µm
_14160_,9.42µm
u_accel.actm\[90\]\[6\],9.42µm
u_accel.logitm\[1\]\[20\],9.42µm
u_accel.logitm\[3\]\[25\],9.42µm
u_accel.wfc\[306\]\[7\],9.42µm
u_accel.wfc\[410\]\[4\],9.42µm
u_accel.wfc\[474\]\[4\],9.42µm
_06326_,9.415µm
_03406_,9.405µm
_03600_,9.405µm
_04322_,9.405µm
_05401_,9.405µm
_06073_,9.405µm
_04062_,9.4µm
_05146_,9.4µm
_08370_,9.4µm
_08639_,9.4µm
_08827_,9.4µm
_09523_,9.4µm
_09826_,9.4µm
_10920_,9.4µm
_11283_,9.4µm
_11666_,9.4µm
_12178_,9.4µm
_12944_,9.4µm
_13147_,9.4µm
axi_acc_addr\[1\],9.4µm
u_accel.actm\[8\]\[0\],9.4µm
u_accel.bfc\[3\]\[5\],9.4µm
u_accel.imem\[16\]\[0\],9.4µm
u_accel.wfc\[119\]\[7\],9.4µm
u_accel.wfc\[138\]\[3\],9.4µm
u_accel.wfc\[151\]\[4\],9.4µm
u_accel.wfc\[160\]\[4\],9.4µm
u_accel.wfc\[256\]\[2\],9.4µm
u_accel.wfc\[28\]\[5\],9.4µm
u_accel.wfc\[355\]\[3\],9.4µm
u_accel.wfc\[360\]\[1\],9.4µm
u_accel.wfc\[363\]\[5\],9.4µm
u_accel.wfc\[412\]\[3\],9.4µm
net34,9.4µm
net207,9.4µm
net209,9.4µm
net341,9.4µm
net346,9.4µm
net353,9.4µm
net378,9.4µm
net439,9.4µm
net800,9.4µm
net852,9.4µm
net856,9.4µm
net1247,9.4µm
net1254,9.4µm
net1289,9.4µm
net1375,9.4µm
net1376,9.4µm
net1778,9.4µm
net1779,9.4µm
net1839,9.4µm
net1927,9.4µm
net1979,9.4µm
net2115,9.4µm
net2118,9.4µm
net2147,9.4µm
net2281,9.4µm
net2292,9.4µm
net2306,9.4µm
net2425,9.4µm
net2472,9.4µm
net2483,9.4µm
net2504,9.4µm
net2512,9.4µm
net2527,9.4µm
net2637,9.4µm
net3030,9.4µm
net3031,9.4µm
net3166,9.4µm
net3340,9.4µm
net3477,9.4µm
net3654,9.4µm
net3667,9.4µm
net3755,9.4µm
net4131,9.4µm
net4968,9.4µm
net5154,9.4µm
net5214,9.4µm
net5473,9.4µm
net5487,9.4µm
net5584,9.4µm
net5981,9.4µm
_04216_,9.385µm
_04940_,9.385µm
_05992_,9.385µm
_11921_,9.38µm
u_accel.actm\[94\]\[0\],9.38µm
u_accel.bfc\[3\]\[24\],9.38µm
u_accel.imem\[9\]\[5\],9.38µm
u_accel.wfc\[383\]\[4\],9.38µm
u_accel.wfc\[454\]\[3\],9.38µm
net3733,9.38µm
_00039_,9.365µm
_00065_,9.365µm
_00589_,9.365µm
_00807_,9.365µm
_00994_,9.365µm
_01441_,9.365µm
_01610_,9.365µm
_02246_,9.365µm
_02665_,9.365µm
_03463_,9.365µm
_03521_,9.365µm
_04444_,9.365µm
_05022_,9.36µm
_08425_,9.36µm
_09822_,9.36µm
_10850_,9.36µm
_10906_,9.36µm
_11669_,9.36µm
_12502_,9.36µm
_13367_,9.36µm
_13569_,9.36µm
ld_acc_wdata\[3\],9.36µm
ld_acc_wdata\[6\],9.36µm
u_accel.actm\[22\]\[5\],9.36µm
u_accel.actm\[36\]\[5\],9.36µm
u_accel.actm\[42\]\[1\],9.36µm
u_accel.actm\[69\]\[2\],9.36µm
u_accel.bfc\[0\]\[27\],9.36µm
u_accel.bfc\[3\]\[28\],9.36µm
u_accel.imem\[14\]\[5\],9.36µm
u_accel.imem\[39\]\[2\],9.36µm
u_accel.imem\[45\]\[3\],9.36µm
u_accel.wfc\[106\]\[2\],9.36µm
u_accel.wfc\[113\]\[5\],9.36µm
u_accel.wfc\[121\]\[6\],9.36µm
u_accel.wfc\[131\]\[2\],9.36µm
u_accel.wfc\[16\]\[4\],9.36µm
u_accel.wfc\[189\]\[2\],9.36µm
u_accel.wfc\[195\]\[2\],9.36µm
u_accel.wfc\[247\]\[4\],9.36µm
u_accel.wfc\[267\]\[7\],9.36µm
u_accel.wfc\[273\]\[5\],9.36µm
u_accel.wfc\[309\]\[1\],9.36µm
u_accel.wfc\[335\]\[3\],9.36µm
u_accel.wfc\[341\]\[7\],9.36µm
u_accel.wfc\[342\]\[1\],9.36µm
u_accel.wfc\[355\]\[2\],9.36µm
u_accel.wfc\[3\]\[7\],9.36µm
u_accel.wfc\[402\]\[1\],9.36µm
u_accel.wfc\[409\]\[5\],9.36µm
u_accel.wfc\[40\]\[6\],9.36µm
u_accel.wfc\[443\]\[6\],9.36µm
u_accel.wfc\[467\]\[1\],9.36µm
u_accel.wfc\[471\]\[7\],9.36µm
u_accel.wfc\[59\]\[2\],9.36µm
u_accel.wfc\[69\]\[7\],9.36µm
u_csr.ctrl_q\[5\],9.36µm
u_csr.input_addr_o\[10\],9.36µm
u_csr.input_addr_o\[13\],9.36µm
u_csr.input_addr_o\[24\],9.36µm
u_csr.output_addr_o\[13\],9.36µm
u_csr.output_addr_o\[19\],9.36µm
net216,9.36µm
net437,9.36µm
net1261,9.36µm
net1283,9.36µm
net1462,9.36µm
net1578,9.36µm
net1759,9.36µm
net1982,9.36µm
net2356,9.36µm
net2593,9.36µm
net2665,9.36µm
net2861,9.36µm
net3388,9.36µm
net3572,9.36µm
net3925,9.36µm
net4002,9.36µm
net4096,9.36µm
net4608,9.36µm
net5004,9.36µm
net5311,9.36µm
net5495,9.36µm
net5629,9.36µm
net5812,9.36µm
_04569_,9.355µm
_05657_,9.345µm
_10505_,9.345µm
_02905_,9.34µm
_12501_,9.34µm
_12975_,9.34µm
axi_sram_wdata\[5\],9.34µm
u_accel.actm\[107\]\[7\],9.34µm
u_accel.bfc\[2\]\[20\],9.34µm
u_accel.imem\[13\]\[0\],9.34µm
u_accel.imem\[47\]\[3\],9.34µm
u_accel.wfc\[243\]\[7\],9.34µm
u_accel.wfc\[2\]\[4\],9.34µm
u_accel.wfc\[310\]\[3\],9.34µm
u_accel.wfc\[47\]\[1\],9.34µm
u_accel.wfc\[490\]\[6\],9.34µm
_02573_,9.325µm
_06623_,9.32µm
_06823_,9.32µm
_08051_,9.32µm
_08199_,9.32µm
_09735_,9.32µm
_09798_,9.32µm
_10175_,9.32µm
_12260_,9.32µm
_12352_,9.32µm
_12748_,9.32µm
_12752_,9.32µm
_13102_,9.32µm
_14037_,9.32µm
u_accel.actm\[31\]\[0\],9.32µm
u_accel.actm\[88\]\[5\],9.32µm
u_accel.imem\[46\]\[4\],9.32µm
u_accel.imem\[51\]\[0\],9.32µm
u_accel.imem\[51\]\[7\],9.32µm
u_accel.wfc\[129\]\[3\],9.32µm
u_accel.wfc\[135\]\[6\],9.32µm
u_accel.wfc\[145\]\[1\],9.32µm
u_accel.wfc\[271\]\[1\],9.32µm
u_accel.wfc\[415\]\[4\],9.32µm
u_accel.wfc\[415\]\[6\],9.32µm
u_accel.wfc\[419\]\[4\],9.32µm
u_accel.wfc\[461\]\[0\],9.32µm
u_accel.wfc\[487\]\[5\],9.32µm
u_accel.wfc\[493\]\[1\],9.32µm
_03884_,9.3µm
_09161_,9.3µm
net89,9.3µm
net143,9.3µm
net733,9.3µm
net1677,9.3µm
net1828,9.3µm
net3011,9.3µm
net3512,9.3µm
net4358,9.3µm
net4886,9.3µm
net5898,9.3µm
_13159_,9.29µm
_01875_,9.285µm
_03544_,9.285µm
_04182_,9.285µm
_04949_,9.28µm
_08931_,9.28µm
_09304_,9.28µm
_09739_,9.28µm
_10885_,9.28µm
_11691_,9.28µm
_12818_,9.28µm
_12909_,9.28µm
_13373_,9.28µm
c_rdata\[20\],9.28µm
u_accel.actm\[115\]\[4\],9.28µm
u_accel.actm\[63\]\[7\],9.28µm
u_accel.bfc\[3\]\[21\],9.28µm
u_accel.f\[15\],9.28µm
u_accel.ii\[31\],9.28µm
u_accel.imem\[31\]\[1\],9.28µm
u_accel.wfc\[244\]\[6\],9.28µm
u_accel.wfc\[315\]\[1\],9.28µm
u_accel.wfc\[410\]\[0\],9.28µm
u_accel.wfc\[479\]\[3\],9.28µm
net348,9.28µm
net447,9.28µm
net449,9.28µm
net512,9.28µm
net961,9.28µm
net1413,9.28µm
net1548,9.28µm
net2269,9.28µm
net2573,9.28µm
net2887,9.28µm
net4046,9.28µm
_08049_,9.26µm
_08106_,9.26µm
_08363_,9.26µm
_08420_,9.26µm
_09842_,9.26µm
_11284_,9.26µm
_11767_,9.26µm
_12025_,9.26µm
axi_acc_wdata\[7\],9.26µm
u_accel.wfc\[11\]\[6\],9.26µm
u_accel.wfc\[237\]\[3\],9.26µm
u_accel.wfc\[329\]\[2\],9.26µm
u_accel.wfc\[376\]\[2\],9.26µm
u_accel.wfc\[431\]\[0\],9.26µm
u_accel.wfc\[91\]\[0\],9.26µm
u_csr.ctrl_q\[29\],9.26µm
net100,9.26µm
net249,9.26µm
net585,9.26µm
net2258,9.26µm
net2325,9.26µm
net2624,9.26µm
net2894,9.26µm
net2921,9.26µm
net2981,9.26µm
net3282,9.26µm
net3417,9.26µm
net3518,9.26µm
net3546,9.26µm
net3594,9.26µm
net3777,9.26µm
net3945,9.26µm
net4005,9.26µm
net4014,9.26µm
net4147,9.26µm
net4182,9.26µm
net4341,9.26µm
net4613,9.26µm
net4864,9.26µm
net5348,9.26µm
net5350,9.26µm
net5411,9.26µm
net5509,9.26µm
net5530,9.26µm
net5551,9.26µm
net5580,9.26µm
net5847,9.26µm
net5956,9.26µm
net5968,9.26µm
net6005,9.26µm
u_accel.wfc\[492\]\[5\],9.255µm
_03192_,9.245µm
_03297_,9.245µm
_03706_,9.245µm
_04587_,9.245µm
_05287_,9.245µm
_08098_,9.24µm
_08159_,9.24µm
_08296_,9.24µm
_09260_,9.24µm
_09405_,9.24µm
_09719_,9.24µm
_12583_,9.24µm
_12739_,9.24µm
axi_acc_addr\[0\],9.24µm
u_accel.actm\[108\]\[6\],9.24µm
u_accel.actm\[38\]\[0\],9.24µm
u_accel.bconv\[1\]\[26\],9.24µm
u_accel.imem\[16\]\[3\],9.24µm
u_accel.imem\[47\]\[7\],9.24µm
u_accel.wfc\[112\]\[1\],9.24µm
u_accel.wfc\[23\]\[1\],9.24µm
u_accel.wfc\[349\]\[6\],9.24µm
u_accel.wfc\[473\]\[2\],9.24µm
u_accel.wfc\[99\]\[0\],9.24µm
u_accel.wfc\[9\]\[4\],9.24µm
u_csr.cfg_q\[31\],9.24µm
u_csr.ctrl_q\[26\],9.24µm
u_csr.len_o\[23\],9.24µm
net638,9.24µm
u_accel.actm\[85\]\[6\],9.235µm
_00803_,9.225µm
_02496_,9.225µm
_02658_,9.225µm
_04291_,9.225µm
_04982_,9.225µm
_01421_,9.22µm
_03133_,9.22µm
_08711_,9.22µm
_09317_,9.22µm
_12881_,9.22µm
_13384_,9.22µm
u_accel.bfc\[1\]\[30\],9.22µm
u_accel.imem\[16\]\[4\],9.22µm
u_accel.imem\[61\]\[6\],9.22µm
u_accel.logitm\[3\]\[15\],9.22µm
u_accel.wconv\[16\]\[5\],9.22µm
u_accel.wfc\[105\]\[3\],9.22µm
u_accel.wfc\[387\]\[4\],9.22µm
u_accel.wfc\[447\]\[1\],9.22µm
u_accel.wfc\[51\]\[2\],9.22µm
u_accel.wfc\[86\]\[3\],9.22µm
net2373,9.22µm
net2754,9.22µm
net3019,9.22µm
net5236,9.22µm
net5841,9.22µm
_09775_,9.2µm
_10419_,9.2µm
_11010_,9.2µm
_11141_,9.2µm
u_accel.logitm\[1\]\[21\],9.2µm
net1661,9.2µm
net4688,9.2µm
u_accel.wfc\[469\]\[3\],9.19µm
_03893_,9.185µm
_08397_,9.18µm
_08994_,9.18µm
_10500_,9.18µm
_12490_,9.18µm
net363,9.18µm
net724,9.18µm
net1220,9.18µm
net1680,9.18µm
net2329,9.18µm
net3222,9.18µm
net5749,9.18µm
_08368_,9.16µm
_10316_,9.16µm
_11654_,9.16µm
_13043_,9.16µm
u_accel.actm\[60\]\[7\],9.16µm
u_accel.imem\[9\]\[2\],9.16µm
u_accel.wconv\[7\]\[4\],9.16µm
u_accel.wfc\[257\]\[2\],9.16µm
u_accel.wfc\[385\]\[1\],9.16µm
u_accel.wfc\[388\]\[4\],9.16µm
u_accel.wfc\[40\]\[0\],9.16µm
u_accel.wfc\[43\]\[7\],9.16µm
u_accel.wfc\[505\]\[6\],9.16µm
u_accel.wfc\[57\]\[4\],9.16µm
u_accel.wfc\[72\]\[0\],9.16µm
u_accel.wfc\[96\]\[7\],9.16µm
net1728,9.16µm
net1816,9.16µm
net2081,9.16µm
net2093,9.16µm
net2315,9.16µm
net3040,9.16µm
net3201,9.16µm
net4022,9.16µm
net5125,9.16µm
net5627,9.16µm
net5683,9.16µm
_01917_,9.145µm
_02324_,9.145µm
_02591_,9.145µm
_02735_,9.145µm
_03238_,9.145µm
_04489_,9.145µm
_04868_,9.145µm
_08398_,9.14µm
_10870_,9.14µm
_12872_,9.14µm
u_accel.actm\[109\]\[6\],9.14µm
u_accel.actm\[1\]\[4\],9.14µm
u_accel.actm\[52\]\[3\],9.14µm
u_accel.actm\[87\]\[0\],9.14µm
u_accel.wconv\[8\]\[3\],9.14µm
u_accel.wfc\[147\]\[3\],9.14µm
u_accel.wfc\[185\]\[2\],9.14µm
u_accel.wfc\[412\]\[7\],9.14µm
u_accel.wfc\[90\]\[4\],9.14µm
u_csr.len_o\[15\],9.14µm
net109,9.14µm
net168,9.14µm
net246,9.14µm
net693,9.14µm
net1339,9.14µm
net2397,9.14µm
net2815,9.14µm
_09831_,9.13µm
_04442_,9.125µm
_04482_,9.125µm
_04522_,9.125µm
_06826_,9.12µm
_06866_,9.12µm
_07906_,9.12µm
_08200_,9.12µm
_09272_,9.12µm
_09899_,9.12µm
u_accel.actm\[101\]\[2\],9.12µm
u_accel.actm\[26\]\[5\],9.12µm
u_accel.actm\[33\]\[7\],9.12µm
u_accel.actm\[93\]\[1\],9.12µm
u_accel.bconv\[0\]\[4\],9.12µm
u_accel.bfc\[1\]\[25\],9.12µm
u_accel.imem\[28\]\[0\],9.12µm
u_accel.imem\[45\]\[7\],9.12µm
u_accel.imem\[59\]\[4\],9.12µm
u_accel.wconv\[3\]\[5\],9.12µm
u_accel.wfc\[101\]\[5\],9.12µm
u_accel.wfc\[167\]\[4\],9.12µm
u_accel.wfc\[211\]\[4\],9.12µm
u_accel.wfc\[225\]\[4\],9.12µm
u_accel.wfc\[261\]\[4\],9.12µm
u_accel.wfc\[272\]\[1\],9.12µm
u_accel.wfc\[293\]\[5\],9.12µm
u_accel.wfc\[29\]\[4\],9.12µm
u_accel.wfc\[319\]\[3\],9.12µm
u_accel.wfc\[365\]\[1\],9.12µm
u_accel.wfc\[401\]\[3\],9.12µm
u_accel.wfc\[431\]\[6\],9.12µm
u_accel.wfc\[493\]\[6\],9.12µm
u_accel.wfc\[505\]\[0\],9.12µm
net4513,9.12µm
_05160_,9.1µm
_08857_,9.1µm
_09376_,9.1µm
u_accel.actm\[37\]\[3\],9.1µm
u_accel.actm\[72\]\[3\],9.1µm
u_accel.wfc\[223\]\[6\],9.1µm
u_accel.wfc\[225\]\[2\],9.1µm
u_accel.wfc\[375\]\[5\],9.1µm
u_accel.wfc\[426\]\[6\],9.1µm
_06862_,9.08µm
_06870_,9.08µm
_11803_,9.08µm
_12520_,9.08µm
_13306_,9.08µm
u_accel.actm\[113\]\[3\],9.08µm
u_accel.actm\[71\]\[6\],9.08µm
u_accel.imem\[23\]\[0\],9.08µm
u_accel.imem\[56\]\[2\],9.08µm
u_accel.logitm\[0\]\[27\],9.08µm
u_accel.logitm\[2\]\[17\],9.08µm
u_accel.logitm\[3\]\[13\],9.08µm
u_accel.wfc\[145\]\[2\],9.08µm
u_accel.wfc\[63\]\[6\],9.08µm
net51,9.08µm
net5961,9.08µm
_02848_,9.075µm
_06408_,9.075µm
_05801_,9.065µm
_08795_,9.06µm
_09171_,9.06µm
_10393_,9.06µm
_12307_,9.06µm
u_accel.actm\[59\]\[7\],9.06µm
u_accel.wfc\[104\]\[7\],9.06µm
u_accel.wfc\[116\]\[5\],9.06µm
u_accel.wfc\[200\]\[6\],9.06µm
u_accel.wfc\[220\]\[7\],9.06µm
u_accel.wfc\[432\]\[5\],9.06µm
u_accel.wfc\[454\]\[4\],9.06µm
u_accel.wfc\[462\]\[0\],9.06µm
u_accel.wfc\[496\]\[1\],9.06µm
net62,9.06µm
net2382,9.06µm
net2714,9.06µm
net2934,9.06µm
net3013,9.06µm
net3205,9.06µm
net3478,9.06µm
net3915,9.06µm
net3944,9.06µm
net3965,9.06µm
net4019,9.06µm
net4097,9.06µm
net4181,9.06µm
net4401,9.06µm
net4736,9.06µm
net4920,9.06µm
net5039,9.06µm
net5066,9.06µm
net5087,9.06µm
net5142,9.06µm
net5155,9.06µm
net5467,9.06µm
net5544,9.06µm
net5609,9.06µm
net5825,9.06µm
net6107,9.06µm
_00201_,9.045µm
_01100_,9.045µm
_02296_,9.045µm
_11785_,9.04µm
_12839_,9.04µm
u_accel.actm\[83\]\[0\],9.04µm
u_accel.actm\[96\]\[3\],9.04µm
u_accel.imem\[55\]\[4\],9.04µm
u_accel.imem\[5\]\[5\],9.04µm
u_accel.wconv\[4\]\[7\],9.04µm
u_accel.wconv\[9\]\[4\],9.04µm
u_accel.wfc\[104\]\[3\],9.04µm
u_accel.wfc\[143\]\[3\],9.04µm
u_accel.wfc\[207\]\[7\],9.04µm
u_accel.wfc\[208\]\[3\],9.04µm
u_accel.wfc\[266\]\[4\],9.04µm
u_accel.wfc\[275\]\[6\],9.04µm
u_accel.wfc\[308\]\[2\],9.04µm
u_accel.wfc\[340\]\[7\],9.04µm
u_accel.wfc\[341\]\[3\],9.04µm
u_accel.wfc\[369\]\[1\],9.04µm
u_accel.wfc\[404\]\[1\],9.04µm
u_accel.wfc\[476\]\[0\],9.04µm
u_accel.wfc\[483\]\[5\],9.04µm
u_accel.wfc\[83\]\[0\],9.04µm
_05873_,9.025µm
_01168_,9.02µm
_06622_,9.02µm
_08649_,9.02µm
_09285_,9.02µm
_10915_,9.02µm
_11917_,9.02µm
_12038_,9.02µm
_12416_,9.02µm
_12786_,9.02µm
_13295_,9.02µm
_13423_,9.02µm
u_accel.bconv\[1\]\[29\],9.02µm
u_accel.bconv\[1\]\[8\],9.02µm
u_accel.bfc\[0\]\[24\],9.02µm
u_accel.bfc\[1\]\[22\],9.02µm
u_accel.imem\[33\]\[1\],9.02µm
u_accel.imem\[57\]\[1\],9.02µm
u_accel.imem\[57\]\[4\],9.02µm
u_accel.imem\[62\]\[5\],9.02µm
u_accel.wconv\[0\]\[0\],9.02µm
u_accel.wfc\[106\]\[0\],9.02µm
u_accel.wfc\[146\]\[0\],9.02µm
u_accel.wfc\[166\]\[2\],9.02µm
u_accel.wfc\[168\]\[3\],9.02µm
u_accel.wfc\[16\]\[3\],9.02µm
u_accel.wfc\[170\]\[0\],9.02µm
u_accel.wfc\[202\]\[6\],9.02µm
u_accel.wfc\[228\]\[0\],9.02µm
u_accel.wfc\[254\]\[7\],9.02µm
u_accel.wfc\[262\]\[5\],9.02µm
u_accel.wfc\[278\]\[5\],9.02µm
u_accel.wfc\[282\]\[3\],9.02µm
u_accel.wfc\[295\]\[4\],9.02µm
u_accel.wfc\[298\]\[0\],9.02µm
u_accel.wfc\[327\]\[4\],9.02µm
u_accel.wfc\[32\]\[5\],9.02µm
u_accel.wfc\[330\]\[4\],9.02µm
u_accel.wfc\[378\]\[0\],9.02µm
u_accel.wfc\[38\]\[0\],9.02µm
u_accel.wfc\[390\]\[1\],9.02µm
u_accel.wfc\[394\]\[5\],9.02µm
u_accel.wfc\[422\]\[1\],9.02µm
u_accel.wfc\[424\]\[2\],9.02µm
u_accel.wfc\[464\]\[6\],9.02µm
u_accel.wfc\[471\]\[5\],9.02µm
u_accel.wfc\[486\]\[4\],9.02µm
u_accel.wfc\[490\]\[2\],9.02µm
u_accel.wfc\[494\]\[7\],9.02µm
u_accel.wfc\[49\]\[2\],9.02µm
u_accel.wfc\[502\]\[5\],9.02µm
u_accel.wfc\[510\]\[1\],9.02µm
u_accel.wfc\[70\]\[0\],9.02µm
u_accel.wfc\[70\]\[1\],9.02µm
u_accel.wfc\[78\]\[6\],9.02µm
u_accel.wfc\[82\]\[2\],9.02µm
u_accel.wfc\[96\]\[2\],9.02µm
u_csr.ctrl_q\[23\],9.02µm
u_csr.weight_addr_o\[13\],9.02µm
net83,9.02µm
net991,9.02µm
net1189,9.02µm
net2066,9.02µm
net2498,9.02µm
net2790,9.02µm
net3696,9.02µm
net3843,9.02µm
net3952,9.02µm
net3978,9.02µm
net4107,9.02µm
net4125,9.02µm
net4711,9.02µm
net4728,9.02µm
net4933,9.02µm
net4939,9.02µm
net5056,9.02µm
net5305,9.02µm
net5393,9.02µm
net5681,9.02µm
net5868,9.02µm
_09911_,9.01µm
_06888_,9µm
_08160_,9µm
_08938_,9µm
_11237_,9µm
_11946_,9µm
_12591_,9µm
_13474_,9µm
_14162_,9µm
u_accel.actm\[114\]\[4\],9µm
u_accel.actm\[52\]\[0\],9µm
u_accel.bfc\[3\]\[6\],9µm
u_accel.imem\[12\]\[7\],9µm
u_accel.imem\[2\]\[6\],9µm
u_accel.wfc\[113\]\[1\],9µm
u_accel.wfc\[115\]\[3\],9µm
u_accel.wfc\[148\]\[6\],9µm
u_accel.wfc\[149\]\[1\],9µm
u_accel.wfc\[15\]\[0\],9µm
u_accel.wfc\[207\]\[4\],9µm
u_accel.wfc\[244\]\[1\],9µm
u_accel.wfc\[263\]\[5\],9µm
u_accel.wfc\[275\]\[7\],9µm
u_accel.wfc\[28\]\[2\],9µm
u_accel.wfc\[363\]\[7\],9µm
u_accel.wfc\[400\]\[2\],9µm
u_accel.wfc\[424\]\[4\],9µm
u_accel.wfc\[463\]\[7\],9µm
u_accel.wfc\[7\]\[2\],9µm
_10492_,8.995µm
_14057_,8.99µm
_08012_,8.98µm
_08119_,8.98µm
_09497_,8.98µm
_09933_,8.98µm
_10199_,8.98µm
_11370_,8.98µm
_11566_,8.98µm
_12695_,8.98µm
u_accel.actm\[112\]\[4\],8.98µm
u_accel.actm\[73\]\[3\],8.98µm
u_accel.actm\[86\]\[2\],8.98µm
u_accel.bfc\[1\]\[1\],8.98µm
u_accel.imem\[10\]\[7\],8.98µm
u_accel.imem\[49\]\[5\],8.98µm
u_accel.wfc\[202\]\[2\],8.98µm
u_accel.wfc\[280\]\[0\],8.98µm
u_accel.wfc\[306\]\[3\],8.98µm
u_accel.wfc\[366\]\[5\],8.98µm
u_accel.wfc\[374\]\[3\],8.98µm
u_accel.wfc\[390\]\[7\],8.98µm
u_accel.wfc\[49\]\[1\],8.98µm
u_accel.wfc\[82\]\[4\],8.98µm
u_accel.wfc\[94\]\[4\],8.98µm
_14067_,8.975µm
u_accel.wfc\[236\]\[0\],8.97µm
_09250_,8.96µm
_11547_,8.96µm
_12181_,8.96µm
_14053_,8.96µm
_00141_,8.945µm
_02882_,8.945µm
_04582_,8.945µm
_04672_,8.945µm
_06031_,8.945µm
_06308_,8.945µm
_01621_,8.94µm
_08294_,8.94µm
_09547_,8.94µm
_09817_,8.94µm
_10314_,8.94µm
_10865_,8.94µm
_10889_,8.94µm
_11002_,8.94µm
_11023_,8.94µm
_13216_,8.94µm
_14019_,8.94µm
_14045_,8.94µm
u_accel.actm\[25\]\[7\],8.94µm
u_accel.actm\[51\]\[5\],8.94µm
u_accel.actm\[82\]\[7\],8.94µm
u_accel.logitm\[3\]\[10\],8.94µm
u_accel.wfc\[116\]\[6\],8.94µm
u_accel.wfc\[168\]\[0\],8.94µm
u_accel.wfc\[192\]\[2\],8.94µm
u_accel.wfc\[246\]\[7\],8.94µm
u_accel.wfc\[283\]\[1\],8.94µm
u_accel.wfc\[307\]\[3\],8.94µm
u_accel.wfc\[324\]\[7\],8.94µm
u_accel.wfc\[35\]\[2\],8.94µm
u_accel.wfc\[38\]\[1\],8.94µm
u_accel.wfc\[402\]\[2\],8.94µm
u_accel.wfc\[455\]\[3\],8.94µm
u_accel.wfc\[459\]\[0\],8.94µm
u_accel.wfc\[470\]\[7\],8.94µm
u_accel.wfc\[472\]\[0\],8.94µm
net47,8.94µm
net116,8.94µm
net166,8.94µm
net183,8.94µm
net204,8.94µm
net241,8.94µm
net277,8.94µm
net345,8.94µm
net410,8.94µm
net543,8.94µm
net584,8.94µm
net702,8.94µm
net756,8.94µm
net790,8.94µm
net837,8.94µm
net907,8.94µm
net926,8.94µm
net945,8.94µm
net1179,8.94µm
net1205,8.94µm
net1221,8.94µm
net1223,8.94µm
net1248,8.94µm
net1304,8.94µm
net1360,8.94µm
net1398,8.94µm
net1507,8.94µm
net1531,8.94µm
net1600,8.94µm
net1667,8.94µm
net1693,8.94µm
net1748,8.94µm
net1876,8.94µm
net1946,8.94µm
net2002,8.94µm
net2052,8.94µm
net2139,8.94µm
net2163,8.94µm
net2179,8.94µm
net2181,8.94µm
net2210,8.94µm
net2222,8.94µm
net2254,8.94µm
net2263,8.94µm
net2266,8.94µm
net2291,8.94µm
net2296,8.94µm
net2445,8.94µm
net2732,8.94µm
net2870,8.94µm
net2875,8.94µm
net3049,8.94µm
net3067,8.94µm
net3153,8.94µm
net3158,8.94µm
net3199,8.94µm
net3228,8.94µm
net3229,8.94µm
net3305,8.94µm
net3315,8.94µm
net3411,8.94µm
net3520,8.94µm
net3706,8.94µm
net3862,8.94µm
net3887,8.94µm
net3899,8.94µm
net3933,8.94µm
net4027,8.94µm
net4041,8.94µm
net4052,8.94µm
net4056,8.94µm
net4197,8.94µm
net4238,8.94µm
net4406,8.94µm
net4482,8.94µm
net4645,8.94µm
net4722,8.94µm
net4801,8.94µm
net5019,8.94µm
net5097,8.94µm
net5107,8.94µm
net5502,8.94µm
net5783,8.94µm
net5864,8.94µm
_00388_,8.925µm
_02790_,8.925µm
_04186_,8.925µm
_07843_,8.92µm
_08101_,8.92µm
_13194_,8.92µm
_13912_,8.92µm
u_accel.actm\[80\]\[6\],8.92µm
u_accel.wfc\[248\]\[0\],8.92µm
u_accel.wfc\[340\]\[1\],8.92µm
u_accel.wfc\[386\]\[1\],8.92µm
u_accel.wfc\[395\]\[4\],8.92µm
u_accel.wfc\[482\]\[4\],8.92µm
u_accel.wfc\[483\]\[7\],8.92µm
u_accel.wfc\[86\]\[5\],8.92µm
u_accel.wfc\[90\]\[2\],8.92µm
_00112_,8.905µm
_00449_,8.905µm
_01160_,8.905µm
_01682_,8.905µm
_01794_,8.905µm
_03248_,8.905µm
_03430_,8.905µm
_03459_,8.905µm
_04016_,8.905µm
_04095_,8.905µm
_04479_,8.905µm
_04581_,8.905µm
_04948_,8.905µm
_07890_,8.9µm
_07968_,8.9µm
_08221_,8.9µm
_08229_,8.9µm
_08648_,8.9µm
_09783_,8.9µm
_10087_,8.9µm
_10174_,8.9µm
_10458_,8.9µm
_11399_,8.9µm
_11925_,8.9µm
_12189_,8.9µm
_12809_,8.9µm
_12894_,8.9µm
_13613_,8.9µm
_14084_,8.9µm
ld_acc_addr\[5\],8.9µm
u_accel.actm\[116\]\[1\],8.9µm
u_accel.actm\[1\]\[3\],8.9µm
u_accel.actm\[40\]\[1\],8.9µm
u_accel.actm\[48\]\[5\],8.9µm
u_accel.actm\[62\]\[4\],8.9µm
u_accel.actm\[76\]\[5\],8.9µm
u_accel.bfc\[3\]\[26\],8.9µm
u_accel.imem\[15\]\[6\],8.9µm
u_accel.imem\[22\]\[6\],8.9µm
u_accel.imem\[26\]\[7\],8.9µm
u_accel.imem\[54\]\[2\],8.9µm
u_accel.imem\[61\]\[0\],8.9µm
u_accel.imem\[63\]\[3\],8.9µm
u_accel.logitm\[1\]\[14\],8.9µm
u_accel.wfc\[118\]\[5\],8.9µm
u_accel.wfc\[119\]\[0\],8.9µm
u_accel.wfc\[127\]\[6\],8.9µm
u_accel.wfc\[136\]\[0\],8.9µm
u_accel.wfc\[138\]\[4\],8.9µm
u_accel.wfc\[149\]\[0\],8.9µm
u_accel.wfc\[171\]\[6\],8.9µm
u_accel.wfc\[194\]\[6\],8.9µm
u_accel.wfc\[195\]\[7\],8.9µm
u_accel.wfc\[213\]\[3\],8.9µm
u_accel.wfc\[21\]\[2\],8.9µm
u_accel.wfc\[231\]\[2\],8.9µm
u_accel.wfc\[233\]\[2\],8.9µm
u_accel.wfc\[233\]\[7\],8.9µm
u_accel.wfc\[255\]\[6\],8.9µm
u_accel.wfc\[278\]\[3\],8.9µm
u_accel.wfc\[292\]\[3\],8.9µm
u_accel.wfc\[319\]\[4\],8.9µm
u_accel.wfc\[335\]\[6\],8.9µm
u_accel.wfc\[336\]\[1\],8.9µm
u_accel.wfc\[354\]\[1\],8.9µm
u_accel.wfc\[35\]\[3\],8.9µm
u_accel.wfc\[409\]\[7\],8.9µm
u_accel.wfc\[451\]\[3\],8.9µm
u_accel.wfc\[457\]\[2\],8.9µm
u_accel.wfc\[466\]\[3\],8.9µm
u_accel.wfc\[470\]\[5\],8.9µm
u_csr.ctrl_q\[18\],8.9µm
u_csr.ctrl_q\[19\],8.9µm
u_csr.ctrl_q\[22\],8.9µm
net397,8.9µm
net539,8.9µm
net631,8.9µm
net753,8.9µm
net1111,8.9µm
net1208,8.9µm
net1253,8.9µm
net1351,8.9µm
net1356,8.9µm
net1727,8.9µm
net1753,8.9µm
net2045,8.9µm
net2274,8.9µm
net2974,8.9µm
net3680,8.9µm
net4515,8.9µm
net5062,8.9µm
net5469,8.9µm
net5620,8.9µm
net5700,8.9µm
net5934,8.9µm
net5946,8.9µm
_13417_,8.88µm
_14144_,8.88µm
u_accel.actm\[25\]\[5\],8.88µm
u_accel.actm\[32\]\[2\],8.88µm
u_accel.actm\[62\]\[0\],8.88µm
u_accel.imem\[3\]\[5\],8.88µm
u_accel.logitm\[3\]\[12\],8.88µm
u_accel.wfc\[334\]\[6\],8.88µm
u_accel.wfc\[48\]\[7\],8.87µm
_02485_,8.865µm
_02996_,8.865µm
_06203_,8.865µm
_06911_,8.86µm
_07990_,8.86µm
_08377_,8.86µm
_10192_,8.86µm
_12111_,8.86µm
_12182_,8.86µm
_12703_,8.86µm
_13536_,8.86µm
_13582_,8.86µm
_13585_,8.86µm
_14200_,8.86µm
u_accel.actm\[121\]\[0\],8.86µm
u_accel.actm\[127\]\[6\],8.86µm
u_accel.actm\[25\]\[3\],8.86µm
u_accel.actm\[96\]\[1\],8.86µm
u_accel.wconv\[6\]\[4\],8.86µm
u_accel.wfc\[225\]\[3\],8.86µm
u_accel.wfc\[233\]\[5\],8.86µm
u_accel.wfc\[259\]\[4\],8.86µm
u_accel.wfc\[299\]\[5\],8.86µm
u_accel.wfc\[363\]\[6\],8.86µm
u_accel.wfc\[377\]\[7\],8.86µm
u_accel.wfc\[411\]\[4\],8.86µm
u_accel.wfc\[413\]\[0\],8.86µm
u_accel.wfc\[481\]\[7\],8.86µm
u_accel.wfc\[507\]\[5\],8.86µm
u_accel.wfc\[67\]\[3\],8.86µm
_00862_,8.855µm
_01525_,8.855µm
_02605_,8.855µm
_03110_,8.855µm
_06295_,8.855µm
_01436_,8.84µm
_04654_,8.84µm
_07970_,8.84µm
ld_acc_addr\[0\],8.84µm
u_accel.actm\[103\]\[0\],8.84µm
u_accel.wfc\[383\]\[1\],8.84µm
u_csr.input_addr_o\[8\],8.84µm
net236,8.84µm
net371,8.84µm
net384,8.84µm
net662,8.84µm
net810,8.84µm
net998,8.84µm
net1007,8.84µm
net1019,8.84µm
net1049,8.84µm
net1138,8.84µm
net1167,8.84µm
net1325,8.84µm
net1476,8.84µm
net1495,8.84µm
net1601,8.84µm
net1612,8.84µm
net1716,8.84µm
net1764,8.84µm
net1821,8.84µm
net1834,8.84µm
net2168,8.84µm
net2546,8.84µm
net2725,8.84µm
net2846,8.84µm
net2940,8.84µm
net3037,8.84µm
net3118,8.84µm
net3461,8.84µm
net3721,8.84µm
net4169,8.84µm
net4245,8.84µm
net4322,8.84µm
net5203,8.84µm
net5211,8.84µm
net5230,8.84µm
net5302,8.84µm
_03923_,8.825µm
_07871_,8.82µm
_08113_,8.82µm
_09830_,8.82µm
_11299_,8.82µm
_11686_,8.82µm
_12360_,8.82µm
_14138_,8.82µm
u_accel.actm\[89\]\[0\],8.82µm
u_accel.imem\[2\]\[4\],8.82µm
u_accel.wfc\[136\]\[1\],8.82µm
u_accel.wfc\[171\]\[1\],8.82µm
u_accel.wfc\[22\]\[7\],8.82µm
u_accel.wfc\[27\]\[1\],8.82µm
u_accel.wfc\[343\]\[1\],8.82µm
u_accel.wfc\[395\]\[3\],8.82µm
u_accel.wfc\[402\]\[0\],8.82µm
u_accel.wfc\[70\]\[2\],8.82µm
net349,8.82µm
net446,8.82µm
net719,8.82µm
net814,8.82µm
net2238,8.82µm
net2660,8.82µm
net2792,8.82µm
net2823,8.82µm
net2910,8.82µm
net3084,8.82µm
net3763,8.82µm
net5466,8.82µm
net5563,8.82µm
net5811,8.82µm
_03999_,8.8µm
_05962_,8.8µm
_09138_,8.8µm
axi_sram_wdata\[2\],8.8µm
u_accel.actm\[18\]\[7\],8.8µm
u_accel.actm\[72\]\[5\],8.8µm
u_accel.actm\[84\]\[7\],8.8µm
u_accel.wconv\[2\]\[7\],8.8µm
u_accel.wfc\[252\]\[5\],8.8µm
u_accel.wfc\[275\]\[1\],8.8µm
u_accel.wfc\[278\]\[1\],8.8µm
u_accel.wfc\[338\]\[6\],8.8µm
u_accel.wfc\[43\]\[4\],8.8µm
net81,8.8µm
net82,8.8µm
net142,8.8µm
net152,8.8µm
net153,8.8µm
net158,8.8µm
net233,8.8µm
net370,8.8µm
net392,8.8µm
net417,8.8µm
net570,8.8µm
net580,8.8µm
net598,8.8µm
net1109,8.8µm
net1117,8.8µm
net1130,8.8µm
net1350,8.8µm
net1496,8.8µm
net1510,8.8µm
net1842,8.8µm
net1928,8.8µm
net2182,8.8µm
net2468,8.8µm
net2539,8.8µm
net2817,8.8µm
net2886,8.8µm
net3186,8.8µm
net3567,8.8µm
net3894,8.8µm
net4940,8.8µm
net4959,8.8µm
net5307,8.8µm
net6062,8.8µm
net6121,8.8µm
_04132_,8.795µm
u_csr.input_addr_o\[22\],8.79µm
_00031_,8.785µm
_00466_,8.785µm
_00496_,8.785µm
_00497_,8.785µm
_00499_,8.785µm
_00749_,8.785µm
_01358_,8.785µm
_01418_,8.785µm
_01581_,8.785µm
_01614_,8.785µm
_03382_,8.785µm
_03461_,8.785µm
_04001_,8.785µm
_04472_,8.785µm
_04875_,8.785µm
_04938_,8.785µm
_01855_,8.78µm
_07921_,8.78µm
_08184_,8.78µm
_08702_,8.78µm
_10713_,8.78µm
_11006_,8.78µm
_11472_,8.78µm
_12341_,8.78µm
_12433_,8.78µm
_13226_,8.78µm
_13561_,8.78µm
_13659_,8.78µm
u_accel.actm\[3\]\[0\],8.78µm
u_accel.actm\[41\]\[6\],8.78µm
u_accel.actm\[67\]\[1\],8.78µm
u_accel.bconv\[1\]\[23\],8.78µm
u_accel.imem\[10\]\[3\],8.78µm
u_accel.imem\[9\]\[4\],8.78µm
u_accel.wconv\[16\]\[0\],8.78µm
u_accel.wconv\[4\]\[6\],8.78µm
u_accel.wfc\[112\]\[2\],8.78µm
u_accel.wfc\[183\]\[0\],8.78µm
u_accel.wfc\[204\]\[5\],8.78µm
u_accel.wfc\[211\]\[7\],8.78µm
u_accel.wfc\[31\]\[0\],8.78µm
u_accel.wfc\[420\]\[4\],8.78µm
u_accel.wfc\[439\]\[2\],8.78µm
u_accel.wfc\[455\]\[1\],8.78µm
u_accel.wfc\[457\]\[3\],8.78µm
net3482,8.78µm
net3552,8.78µm
net4015,8.78µm
_00793_,8.765µm
_06227_,8.765µm
_02461_,8.76µm
_03576_,8.76µm
_09807_,8.76µm
_09955_,8.76µm
_10052_,8.76µm
u_accel.actm\[54\]\[5\],8.76µm
u_accel.actm\[71\]\[7\],8.76µm
u_accel.imem\[31\]\[4\],8.76µm
u_accel.imem\[33\]\[5\],8.76µm
u_accel.wfc\[115\]\[1\],8.76µm
u_accel.wfc\[241\]\[6\],8.76µm
u_accel.wfc\[244\]\[5\],8.76µm
u_accel.wfc\[361\]\[2\],8.76µm
u_accel.wfc\[58\]\[7\],8.76µm
net1187,8.76µm
net1330,8.76µm
net1666,8.76µm
net4098,8.76µm
_12376_,8.755µm
_11321_,8.74µm
_11562_,8.74µm
_12193_,8.74µm
_13305_,8.74µm
_13410_,8.74µm
_14085_,8.74µm
u_accel.actm\[126\]\[4\],8.74µm
u_accel.actm\[97\]\[6\],8.74µm
u_accel.bconv\[1\]\[20\],8.74µm
u_accel.bconv\[1\]\[5\],8.74µm
u_accel.imem\[46\]\[2\],8.74µm
u_accel.wfc\[222\]\[7\],8.74µm
u_accel.wfc\[333\]\[4\],8.74µm
net1774,8.74µm
net3243,8.74µm
net4170,8.74µm
net4277,8.74µm
net4324,8.74µm
net5846,8.74µm
_06331_,8.735µm
u_accel.wfc\[48\]\[6\],8.73µm
_03520_,8.725µm
_03627_,8.725µm
_04500_,8.725µm
_05411_,8.725µm
_06302_,8.725µm
_05024_,8.72µm
net192,8.72µm
net215,8.72µm
net244,8.72µm
net283,8.72µm
net621,8.72µm
net634,8.72µm
net987,8.72µm
net1047,8.72µm
net1269,8.72µm
net1491,8.72µm
net1616,8.72µm
net1757,8.72µm
net1872,8.72µm
net2428,8.72µm
net3237,8.72µm
net3328,8.72µm
net3504,8.72µm
net3723,8.72µm
net4256,8.72µm
net4795,8.72µm
net5185,8.72µm
net5355,8.72µm
net5735,8.72µm
_02067_,8.7µm
_02210_,8.7µm
_12627_,8.7µm
u_accel.actm\[21\]\[4\],8.7µm
u_accel.actm\[56\]\[4\],8.7µm
u_accel.actm\[67\]\[0\],8.7µm
u_accel.imem\[60\]\[7\],8.7µm
u_accel.wfc\[124\]\[7\],8.7µm
u_accel.wfc\[144\]\[3\],8.7µm
u_accel.wfc\[144\]\[6\],8.7µm
u_accel.wfc\[175\]\[6\],8.7µm
u_accel.wfc\[188\]\[5\],8.7µm
u_accel.wfc\[280\]\[3\],8.7µm
u_accel.wfc\[332\]\[0\],8.7µm
u_accel.wfc\[393\]\[0\],8.7µm
u_accel.wfc\[394\]\[2\],8.7µm
u_accel.wfc\[83\]\[7\],8.7µm
net2312,8.7µm
net2976,8.7µm
net5676,8.7µm
_02118_,8.685µm
_02466_,8.685µm
_02483_,8.685µm
_02546_,8.685µm
_02762_,8.685µm
_02916_,8.685µm
_03017_,8.685µm
_03060_,8.685µm
_03118_,8.685µm
_04457_,8.685µm
u_csr.weight_addr_o\[5\],8.685µm
_06787_,8.68µm
_07992_,8.68µm
u_accel.actm\[115\]\[2\],8.68µm
u_accel.actm\[35\]\[3\],8.68µm
u_accel.logitm\[3\]\[1\],8.68µm
u_accel.wfc\[134\]\[5\],8.68µm
u_accel.wfc\[209\]\[1\],8.68µm
u_accel.wfc\[225\]\[0\],8.68µm
u_accel.wfc\[227\]\[1\],8.68µm
u_accel.wfc\[259\]\[7\],8.68µm
u_accel.wfc\[266\]\[3\],8.68µm
u_accel.wfc\[287\]\[5\],8.68µm
u_accel.wfc\[34\]\[4\],8.68µm
u_accel.wfc\[35\]\[1\],8.68µm
u_accel.wfc\[8\]\[5\],8.68µm
net2473,8.68µm
net3122,8.68µm
net4893,8.68µm
_01097_,8.665µm
_02016_,8.665µm
_04767_,8.665µm
_10828_,8.66µm
_12615_,8.66µm
_12963_,8.66µm
_13190_,8.66µm
u_accel.actm\[125\]\[2\],8.66µm
u_accel.actm\[24\]\[1\],8.66µm
u_accel.actm\[92\]\[0\],8.66µm
u_accel.imem\[46\]\[0\],8.66µm
u_accel.imem\[47\]\[6\],8.66µm
u_accel.wfc\[114\]\[3\],8.66µm
u_accel.wfc\[127\]\[1\],8.66µm
u_accel.wfc\[129\]\[7\],8.66µm
u_accel.wfc\[135\]\[5\],8.66µm
u_accel.wfc\[169\]\[7\],8.66µm
u_accel.wfc\[18\]\[6\],8.66µm
u_accel.wfc\[210\]\[0\],8.66µm
u_accel.wfc\[21\]\[4\],8.66µm
u_accel.wfc\[329\]\[6\],8.66µm
u_accel.wfc\[345\]\[3\],8.66µm
u_accel.wfc\[405\]\[6\],8.66µm
u_accel.wfc\[411\]\[7\],8.66µm
u_accel.wfc\[447\]\[2\],8.66µm
u_accel.wfc\[499\]\[3\],8.66µm
u_accel.wfc\[79\]\[2\],8.66µm
net718,8.66µm
_06148_,8.655µm
u_csr.len_o\[24\],8.655µm
_12713_,8.64µm
_12714_,8.64µm
u_accel.actm\[27\]\[4\],8.64µm
u_accel.wfc\[223\]\[7\],8.64µm
u_accel.wfc\[70\]\[3\],8.64µm
net2215,8.64µm
_04497_,8.625µm
u_accel.imem\[8\]\[0\],8.625µm
_07947_,8.62µm
_08616_,8.62µm
_11639_,8.62µm
_11676_,8.62µm
_12109_,8.62µm
_12550_,8.62µm
_12700_,8.62µm
u_accel.imem\[50\]\[2\],8.62µm
u_accel.wfc\[295\]\[1\],8.62µm
u_accel.wfc\[439\]\[6\],8.62µm
u_accel.wfc\[87\]\[1\],8.62µm
net4698,8.62µm
_00522_,8.615µm
_00920_,8.615µm
_03176_,8.615µm
u_accel.wfc\[405\]\[7\],8.61µm
_06129_,8.605µm
_06176_,8.605µm
_09712_,8.6µm
_10201_,8.6µm
_11140_,8.6µm
_11327_,8.6µm
_12100_,8.6µm
_13221_,8.6µm
u_accel.actm\[105\]\[4\],8.6µm
u_accel.wfc\[126\]\[5\],8.6µm
u_accel.wfc\[186\]\[5\],8.6µm
u_accel.wfc\[282\]\[2\],8.6µm
u_accel.wfc\[314\]\[1\],8.6µm
u_accel.wfc\[314\]\[2\],8.6µm
u_accel.wfc\[388\]\[7\],8.6µm
u_accel.wfc\[436\]\[6\],8.6µm
u_accel.wfc\[492\]\[7\],8.6µm
u_accel.wfc\[508\]\[7\],8.6µm
net1614,8.6µm
net1879,8.6µm
net1976,8.6µm
net2143,8.6µm
net2166,8.6µm
net2422,8.6µm
net2496,8.6µm
net2596,8.6µm
net2666,8.6µm
net3200,8.6µm
net3256,8.6µm
net3494,8.6µm
net3522,8.6µm
net3665,8.6µm
net3682,8.6µm
net3922,8.6µm
net4030,8.6µm
net4122,8.6µm
net4347,8.6µm
net4845,8.6µm
net4851,8.6µm
net5240,8.6µm
net5254,8.6µm
net5314,8.6µm
net5398,8.6µm
net5400,8.6µm
net5436,8.6µm
net5488,8.6µm
net5517,8.6µm
net5532,8.6µm
net5718,8.6µm
net5971,8.6µm
net6106,8.6µm
_12989_,8.59µm
_01570_,8.585µm
_07093_,8.58µm
_11292_,8.58µm
_11854_,8.58µm
_12998_,8.58µm
_13032_,8.58µm
_13459_,8.58µm
u_accel.actm\[24\]\[0\],8.58µm
u_accel.imem\[7\]\[2\],8.58µm
u_accel.wfc\[172\]\[4\],8.58µm
u_accel.wfc\[187\]\[5\],8.58µm
u_accel.wfc\[187\]\[6\],8.58µm
u_accel.wfc\[193\]\[6\],8.58µm
u_accel.wfc\[266\]\[2\],8.58µm
u_accel.wfc\[267\]\[1\],8.58µm
u_accel.wfc\[269\]\[0\],8.58µm
u_accel.wfc\[300\]\[7\],8.58µm
u_accel.wfc\[331\]\[1\],8.58µm
u_accel.wfc\[334\]\[4\],8.58µm
u_accel.wfc\[389\]\[3\],8.58µm
u_accel.wfc\[392\]\[2\],8.58µm
u_accel.wfc\[452\]\[3\],8.58µm
u_accel.wfc\[459\]\[6\],8.58µm
u_accel.wfc\[463\]\[1\],8.58µm
u_accel.wfc\[477\]\[2\],8.58µm
net276,8.58µm
net752,8.58µm
net1954,8.58µm
net3909,8.58µm
net4516,8.58µm
_04549_,8.575µm
_00127_,8.565µm
_01522_,8.565µm
_02196_,8.565µm
_05155_,8.56µm
_08749_,8.56µm
_08784_,8.56µm
_08939_,8.56µm
_09634_,8.56µm
_10414_,8.56µm
_11369_,8.56µm
_12782_,8.56µm
u_accel.actm\[36\]\[2\],8.56µm
u_accel.actm\[87\]\[7\],8.56µm
u_accel.actm\[91\]\[6\],8.56µm
u_accel.bconv\[1\]\[3\],8.56µm
u_accel.bfc\[0\]\[28\],8.56µm
u_accel.bfc\[3\]\[18\],8.56µm
u_accel.imem\[19\]\[4\],8.56µm
u_accel.imem\[39\]\[3\],8.56µm
u_accel.imem\[47\]\[4\],8.56µm
u_accel.imem\[53\]\[5\],8.56µm
u_accel.imem\[58\]\[1\],8.56µm
u_accel.imem\[5\]\[6\],8.56µm
u_accel.imem\[60\]\[0\],8.56µm
u_accel.wconv\[0\]\[4\],8.56µm
u_accel.wconv\[16\]\[4\],8.56µm
u_accel.wfc\[100\]\[3\],8.56µm
u_accel.wfc\[14\]\[0\],8.56µm
u_accel.wfc\[171\]\[0\],8.56µm
u_accel.wfc\[18\]\[2\],8.56µm
u_accel.wfc\[210\]\[7\],8.56µm
u_accel.wfc\[217\]\[3\],8.56µm
u_accel.wfc\[286\]\[7\],8.56µm
u_accel.wfc\[30\]\[5\],8.56µm
u_accel.wfc\[314\]\[6\],8.56µm
u_accel.wfc\[325\]\[6\],8.56µm
u_accel.wfc\[326\]\[6\],8.56µm
u_accel.wfc\[348\]\[5\],8.56µm
u_accel.wfc\[34\]\[7\],8.56µm
u_accel.wfc\[37\]\[7\],8.56µm
u_accel.wfc\[438\]\[4\],8.56µm
u_accel.wfc\[442\]\[2\],8.56µm
u_accel.wfc\[447\]\[3\],8.56µm
u_accel.wfc\[454\]\[1\],8.56µm
u_accel.wfc\[458\]\[2\],8.56µm
u_accel.wfc\[463\]\[5\],8.56µm
u_accel.wfc\[480\]\[4\],8.56µm
u_accel.wfc\[481\]\[6\],8.56µm
u_accel.wfc\[502\]\[4\],8.56µm
u_accel.wfc\[50\]\[7\],8.56µm
u_accel.wfc\[54\]\[6\],8.56µm
u_accel.wfc\[55\]\[4\],8.56µm
u_accel.wfc\[58\]\[2\],8.56µm
u_accel.wfc\[66\]\[3\],8.56µm
u_accel.wfc\[6\]\[1\],8.56µm
u_accel.wfc\[78\]\[5\],8.56µm
u_accel.wfc\[86\]\[2\],8.56µm
u_accel.wfc\[87\]\[6\],8.56µm
u_accel.wfc\[96\]\[1\],8.56µm
net1925,8.56µm
net2818,8.56µm
net3626,8.56µm
net3761,8.56µm
net4053,8.56µm
net4281,8.56µm
net4677,8.56µm
net4772,8.56µm
net5826,8.56µm
_00262_,8.545µm
_00443_,8.545µm
_12937_,8.54µm
_13911_,8.54µm
u_accel.actm\[124\]\[5\],8.54µm
u_accel.actm\[14\]\[2\],8.54µm
u_accel.actm\[47\]\[4\],8.54µm
u_accel.actm\[6\]\[1\],8.54µm
u_accel.actm\[92\]\[2\],8.54µm
u_accel.actm\[96\]\[0\],8.54µm
u_accel.imem\[39\]\[6\],8.54µm
u_accel.imem\[42\]\[6\],8.54µm
u_accel.imem\[52\]\[1\],8.54µm
u_accel.wconv\[17\]\[6\],8.54µm
u_accel.wconv\[9\]\[5\],8.54µm
u_accel.wfc\[107\]\[0\],8.54µm
u_accel.wfc\[107\]\[5\],8.54µm
u_accel.wfc\[119\]\[3\],8.54µm
u_accel.wfc\[148\]\[0\],8.54µm
u_accel.wfc\[169\]\[6\],8.54µm
u_accel.wfc\[238\]\[3\],8.54µm
u_accel.wfc\[254\]\[5\],8.54µm
u_accel.wfc\[279\]\[7\],8.54µm
u_accel.wfc\[290\]\[4\],8.54µm
u_accel.wfc\[293\]\[6\],8.54µm
u_accel.wfc\[429\]\[2\],8.54µm
u_accel.wfc\[75\]\[0\],8.54µm
u_accel.wfc\[94\]\[0\],8.54µm
_00265_,8.525µm
_00451_,8.525µm
_04323_,8.525µm
_05509_,8.525µm
_05540_,8.525µm
_05645_,8.525µm
_06193_,8.525µm
_06255_,8.525µm
_05142_,8.52µm
_05158_,8.52µm
_06835_,8.52µm
_08828_,8.52µm
_10141_,8.52µm
_10155_,8.52µm
_10184_,8.52µm
_10470_,8.52µm
_10576_,8.52µm
_10764_,8.52µm
_11153_,8.52µm
_13140_,8.52µm
_13257_,8.52µm
u_accel.actm\[73\]\[0\],8.52µm
u_accel.bfc\[1\]\[20\],8.52µm
u_accel.imem\[8\]\[2\],8.52µm
u_accel.wfc\[110\]\[4\],8.52µm
u_accel.wfc\[182\]\[1\],8.52µm
u_accel.wfc\[261\]\[2\],8.52µm
u_accel.wfc\[263\]\[4\],8.52µm
u_accel.wfc\[273\]\[6\],8.52µm
u_accel.wfc\[278\]\[4\],8.52µm
u_accel.wfc\[300\]\[1\],8.52µm
u_accel.wfc\[318\]\[3\],8.52µm
u_accel.wfc\[338\]\[0\],8.52µm
u_accel.wfc\[358\]\[2\],8.52µm
u_accel.wfc\[390\]\[3\],8.52µm
u_accel.wfc\[39\]\[5\],8.52µm
u_accel.wfc\[462\]\[7\],8.52µm
u_accel.wfc\[511\]\[7\],8.52µm
u_accel.wfc\[62\]\[3\],8.52µm
u_accel.wfc\[74\]\[3\],8.52µm
net771,8.52µm
net4817,8.52µm
net5896,8.52µm
u_accel.wfc\[36\]\[2\],8.51µm
_12332_,8.5µm
_14050_,8.5µm
_14091_,8.5µm
_14092_,8.5µm
_14172_,8.5µm
u_accel.actm\[56\]\[2\],8.5µm
_00387_,8.485µm
_02403_,8.485µm
_03351_,8.485µm
_03460_,8.485µm
_04023_,8.485µm
_04057_,8.485µm
_06410_,8.48µm
_09032_,8.48µm
_10368_,8.48µm
_11498_,8.48µm
_11935_,8.48µm
_13487_,8.48µm
_13987_,8.48µm
_14071_,8.48µm
c_rdata\[26\],8.48µm
u_accel.bfc\[0\]\[8\],8.48µm
u_accel.bfc\[3\]\[14\],8.48µm
u_accel.c\[20\],8.48µm
u_accel.imem\[57\]\[5\],8.48µm
u_accel.wconv\[11\]\[0\],8.48µm
u_accel.wconv\[12\]\[4\],8.48µm
u_accel.wfc\[163\]\[4\],8.48µm
u_accel.wfc\[172\]\[6\],8.48µm
u_accel.wfc\[212\]\[4\],8.48µm
u_accel.wfc\[279\]\[1\],8.48µm
u_accel.wfc\[282\]\[1\],8.48µm
u_accel.wfc\[285\]\[4\],8.48µm
u_accel.wfc\[319\]\[0\],8.48µm
u_accel.wfc\[339\]\[6\],8.48µm
u_accel.wfc\[359\]\[3\],8.48µm
u_accel.wfc\[372\]\[4\],8.48µm
u_accel.wfc\[380\]\[2\],8.48µm
u_accel.wfc\[431\]\[1\],8.48µm
u_accel.wfc\[479\]\[2\],8.48µm
u_accel.wfc\[63\]\[4\],8.48µm
u_accel.wfc\[9\]\[3\],8.48µm
net137,8.48µm
net170,8.48µm
net243,8.48µm
net433,8.48µm
net545,8.48µm
net594,8.48µm
net740,8.48µm
net755,8.48µm
net967,8.48µm
net1094,8.48µm
net1104,8.48µm
net1152,8.48µm
net1281,8.48µm
net1369,8.48µm
net1429,8.48µm
net1597,8.48µm
net1830,8.48µm
net1863,8.48µm
net2072,8.48µm
net2426,8.48µm
net2534,8.48µm
net2625,8.48µm
net2634,8.48µm
net2702,8.48µm
net2747,8.48µm
net2791,8.48µm
net2847,8.48µm
net2963,8.48µm
net2987,8.48µm
net3024,8.48µm
net3055,8.48µm
net3128,8.48µm
net3176,8.48µm
net3204,8.48µm
net3271,8.48µm
net3295,8.48µm
net3309,8.48µm
net3317,8.48µm
net3493,8.48µm
net3496,8.48µm
net3568,8.48µm
net3697,8.48µm
net3773,8.48µm
net3830,8.48µm
net3841,8.48µm
net3842,8.48µm
net4018,8.48µm
net4300,8.48µm
net4323,8.48µm
net4370,8.48µm
net4448,8.48µm
net4481,8.48µm
net4553,8.48µm
net4675,8.48µm
net4725,8.48µm
net4754,8.48µm
net4799,8.48µm
net4985,8.48µm
net5069,8.48µm
net5180,8.48µm
net5237,8.48µm
net5284,8.48µm
net5370,8.48µm
net5421,8.48µm
net5565,8.48µm
net5666,8.48µm
net5755,8.48µm
net5801,8.48µm
net5818,8.48µm
net5877,8.48µm
net5912,8.48µm
net5930,8.48µm
net6086,8.48µm
_04088_,8.475µm
_09816_,8.47µm
_11796_,8.465µm
_08176_,8.46µm
_08261_,8.46µm
_10616_,8.46µm
_12843_,8.46µm
_13241_,8.46µm
u_accel.actm\[32\]\[6\],8.46µm
u_accel.am_f\[19\],8.46µm
u_accel.imem\[53\]\[3\],8.46µm
u_accel.wfc\[103\]\[4\],8.46µm
u_accel.wfc\[191\]\[5\],8.46µm
u_accel.wfc\[446\]\[5\],8.46µm
u_accel.wfc\[466\]\[1\],8.46µm
u_accel.wfc\[90\]\[5\],8.46µm
_00183_,8.445µm
_00381_,8.445µm
_01542_,8.445µm
_02620_,8.445µm
_02715_,8.445µm
_03643_,8.445µm
_03692_,8.445µm
_03943_,8.445µm
_04334_,8.445µm
_04410_,8.445µm
_04525_,8.445µm
_04605_,8.445µm
_04663_,8.445µm
_04846_,8.445µm
_10049_,8.445µm
_06600_,8.44µm
_08246_,8.44µm
_08314_,8.44µm
_08536_,8.44µm
_08788_,8.44µm
_08813_,8.44µm
_09203_,8.44µm
_09280_,8.44µm
_09531_,8.44µm
_10322_,8.44µm
_10897_,8.44µm
_11208_,8.44µm
_11919_,8.44µm
_12203_,8.44µm
_12407_,8.44µm
_12720_,8.44µm
_12842_,8.44µm
_13096_,8.44µm
_13272_,8.44µm
_13275_,8.44µm
axi_acc_wdata\[1\],8.44µm
u_accel.actm\[103\]\[6\],8.44µm
u_accel.actm\[112\]\[1\],8.44µm
u_accel.actm\[17\]\[3\],8.44µm
u_accel.actm\[26\]\[7\],8.44µm
u_accel.actm\[2\]\[5\],8.44µm
u_accel.actm\[34\]\[0\],8.44µm
u_accel.actm\[3\]\[5\],8.44µm
u_accel.bfc\[1\]\[15\],8.44µm
u_accel.bfc\[1\]\[7\],8.44µm
u_accel.bfc\[2\]\[13\],8.44µm
u_accel.imem\[11\]\[3\],8.44µm
u_accel.imem\[25\]\[1\],8.44µm
u_accel.wconv\[5\]\[0\],8.44µm
u_accel.wconv\[7\]\[7\],8.44µm
u_accel.wfc\[113\]\[0\],8.44µm
u_accel.wfc\[118\]\[0\],8.44µm
u_accel.wfc\[150\]\[2\],8.44µm
u_accel.wfc\[191\]\[4\],8.44µm
u_accel.wfc\[223\]\[1\],8.44µm
u_accel.wfc\[239\]\[3\],8.44µm
u_accel.wfc\[247\]\[1\],8.44µm
u_accel.wfc\[249\]\[0\],8.44µm
u_accel.wfc\[341\]\[1\],8.44µm
u_accel.wfc\[341\]\[2\],8.44µm
u_accel.wfc\[400\]\[4\],8.44µm
u_accel.wfc\[406\]\[0\],8.44µm
u_accel.wfc\[498\]\[1\],8.44µm
u_accel.wfc\[53\]\[5\],8.44µm
u_accel.wfc\[61\]\[3\],8.44µm
u_accel.wfc\[67\]\[1\],8.44µm
u_accel.wfc\[67\]\[2\],8.44µm
u_accel.wfc\[69\]\[4\],8.44µm
u_accel.wfc\[81\]\[0\],8.44µm
u_csr.ctrl_q\[15\],8.44µm
net784,8.44µm
net835,8.44µm
net1048,8.44µm
net1504,8.44µm
net1702,8.44µm
net1782,8.44µm
net1892,8.44µm
net2413,8.44µm
net3686,8.44µm
net4060,8.44µm
net4193,8.44µm
net4586,8.44µm
net5202,8.44µm
net5995,8.44µm
_08291_,8.42µm
_09394_,8.42µm
_12234_,8.42µm
_13355_,8.42µm
_13617_,8.42µm
_13884_,8.42µm
_14173_,8.42µm
u_accel.actm\[106\]\[7\],8.42µm
u_accel.actm\[123\]\[0\],8.42µm
u_accel.actm\[124\]\[6\],8.42µm
u_accel.actm\[46\]\[5\],8.42µm
u_accel.imem\[29\]\[3\],8.42µm
u_accel.logitm\[1\]\[13\],8.42µm
u_accel.logitm\[2\]\[10\],8.42µm
u_accel.wfc\[112\]\[7\],8.42µm
u_accel.wfc\[158\]\[0\],8.42µm
u_accel.wfc\[427\]\[0\],8.42µm
u_accel.wfc\[8\]\[4\],8.42µm
_00818_,8.405µm
_05228_,8.405µm
_06283_,8.405µm
_08457_,8.4µm
_09181_,8.4µm
_12097_,8.4µm
_12134_,8.4µm
_12428_,8.4µm
u_accel.actm\[11\]\[7\],8.4µm
u_accel.actm\[20\]\[2\],8.4µm
u_accel.actm\[58\]\[7\],8.4µm
u_accel.actm\[59\]\[2\],8.4µm
u_accel.actm\[93\]\[7\],8.4µm
u_accel.wfc\[205\]\[1\],8.4µm
u_accel.wfc\[219\]\[4\],8.4µm
u_accel.wfc\[313\]\[3\],8.4µm
u_accel.wfc\[371\]\[2\],8.4µm
u_accel.wfc\[399\]\[3\],8.4µm
u_accel.wfc\[423\]\[6\],8.4µm
u_accel.wfc\[55\]\[6\],8.4µm
u_accel.wfc\[87\]\[4\],8.4µm
_01435_,8.395µm
_04657_,8.395µm
_05444_,8.385µm
_01382_,8.38µm
_05317_,8.38µm
_09412_,8.38µm
_10869_,8.38µm
u_accel.actm\[82\]\[2\],8.38µm
u_accel.actm\[85\]\[2\],8.38µm
u_accel.logitm\[0\]\[25\],8.38µm
u_accel.wfc\[387\]\[0\],8.38µm
net87,8.38µm
net102,8.38µm
net136,8.38µm
net303,8.38µm
net361,8.38µm
net396,8.38µm
net466,8.38µm
net587,8.38µm
net630,8.38µm
net747,8.38µm
net884,8.38µm
net928,8.38µm
net936,8.38µm
net1003,8.38µm
net1014,8.38µm
net1164,8.38µm
net1262,8.38µm
net1352,8.38µm
net1367,8.38µm
net1385,8.38µm
net1450,8.38µm
net1455,8.38µm
net1457,8.38µm
net1553,8.38µm
net1577,8.38µm
net1684,8.38µm
net1708,8.38µm
net1765,8.38µm
net1993,8.38µm
net2055,8.38µm
net2077,8.38µm
net2098,8.38µm
net2299,8.38µm
net2514,8.38µm
net2529,8.38µm
net2594,8.38µm
net2642,8.38µm
net2766,8.38µm
net3052,8.38µm
net3081,8.38µm
net3119,8.38µm
net3304,8.38µm
net3351,8.38µm
net3419,8.38µm
net3435,8.38µm
net3469,8.38µm
net3480,8.38µm
net3707,8.38µm
net3929,8.38µm
net4076,8.38µm
net4303,8.38µm
net4484,8.38µm
net4590,8.38µm
net4847,8.38µm
net4883,8.38µm
net4907,8.38µm
net5006,8.38µm
net5078,8.38µm
net5158,8.38µm
net5264,8.38µm
net5645,8.38µm
net5653,8.38µm
_02716_,8.365µm
_07817_,8.36µm
_08597_,8.36µm
_09098_,8.36µm
_10679_,8.36µm
_11192_,8.36µm
_12346_,8.36µm
u_accel.actm\[107\]\[2\],8.36µm
u_accel.am_f\[11\],8.36µm
u_accel.imem\[16\]\[7\],8.36µm
u_accel.imem\[2\]\[1\],8.36µm
u_accel.imem\[54\]\[5\],8.36µm
u_accel.wfc\[131\]\[0\],8.36µm
u_accel.wfc\[131\]\[5\],8.36µm
u_accel.wfc\[147\]\[5\],8.36µm
u_accel.wfc\[170\]\[7\],8.36µm
u_accel.wfc\[186\]\[0\],8.36µm
u_accel.wfc\[254\]\[2\],8.36µm
u_accel.wfc\[294\]\[7\],8.36µm
u_accel.wfc\[300\]\[4\],8.36µm
u_accel.wfc\[430\]\[4\],8.36µm
u_accel.wfc\[495\]\[6\],8.36µm
u_accel.wfc\[93\]\[3\],8.36µm
u_accel.wfc\[96\]\[4\],8.36µm
u_csr.weight_addr_o\[23\],8.36µm
net239,8.36µm
net483,8.36µm
net817,8.36µm
net1463,8.36µm
net2493,8.36µm
net2675,8.36µm
net2924,8.36µm
net2945,8.36µm
net2984,8.36µm
net3148,8.36µm
net3714,8.36µm
net3980,8.36µm
net4112,8.36µm
net4667,8.36µm
net5222,8.36µm
_02261_,8.345µm
_06539_,8.34µm
_13122_,8.34µm
_14131_,8.34µm
u_accel.actm\[113\]\[7\],8.34µm
u_accel.actm\[50\]\[4\],8.34µm
u_accel.actm\[51\]\[1\],8.34µm
u_accel.wconv\[9\]\[0\],8.34µm
u_accel.wfc\[146\]\[1\],8.34µm
u_accel.wfc\[151\]\[0\],8.34µm
u_accel.wfc\[18\]\[3\],8.34µm
u_accel.wfc\[208\]\[0\],8.34µm
u_accel.wfc\[431\]\[7\],8.34µm
u_accel.wfc\[472\]\[6\],8.34µm
u_accel.wfc\[480\]\[0\],8.34µm
u_accel.wfc\[67\]\[4\],8.34µm
net904,8.34µm
net975,8.34µm
net1009,8.34µm
net1210,8.34µm
net1363,8.34µm
net1794,8.34µm
net2043,8.34µm
net2283,8.34µm
net2533,8.34µm
net2899,8.34µm
net3015,8.34µm
net3144,8.34µm
net3169,8.34µm
net3257,8.34µm
net3589,8.34µm
net3732,8.34µm
net3737,8.34µm
net3896,8.34µm
net3959,8.34µm
net4085,8.34µm
net4110,8.34µm
net4154,8.34µm
net4207,8.34µm
net4376,8.34µm
net4578,8.34µm
net4633,8.34µm
net4874,8.34µm
net4879,8.34µm
net4935,8.34µm
net5028,8.34µm
net5141,8.34µm
net5193,8.34µm
net5196,8.34µm
net5381,8.34µm
net5511,8.34µm
net5858,8.34µm
u_accel.wfc\[450\]\[7\],8.33µm
_00998_,8.325µm
_01308_,8.325µm
_05913_,8.325µm
_06325_,8.32µm
_08216_,8.32µm
_08225_,8.32µm
_08452_,8.32µm
_08625_,8.32µm
_09303_,8.32µm
_09499_,8.32µm
_12947_,8.32µm
_13051_,8.32µm
_13284_,8.32µm
_13476_,8.32µm
u_accel.actm\[127\]\[1\],8.32µm
u_accel.actm\[33\]\[3\],8.32µm
u_accel.actm\[48\]\[4\],8.32µm
u_accel.actm\[87\]\[3\],8.32µm
u_accel.bfc\[0\]\[19\],8.32µm
u_accel.imem\[2\]\[7\],8.32µm
u_accel.imem\[34\]\[3\],8.32µm
u_accel.imem\[7\]\[1\],8.32µm
u_accel.wconv\[17\]\[2\],8.32µm
u_accel.wfc\[198\]\[0\],8.32µm
u_accel.wfc\[223\]\[5\],8.32µm
u_accel.wfc\[297\]\[7\],8.32µm
u_accel.wfc\[31\]\[4\],8.32µm
u_accel.wfc\[450\]\[2\],8.32µm
u_accel.wfc\[479\]\[5\],8.32µm
u_accel.wfc\[487\]\[2\],8.32µm
u_accel.wfc\[503\]\[1\],8.32µm
_05985_,8.305µm
_06788_,8.305µm
_01027_,8.3µm
_01228_,8.3µm
_01568_,8.3µm
_02696_,8.3µm
_02712_,8.3µm
_03332_,8.3µm
_03343_,8.3µm
_04102_,8.3µm
_05275_,8.3µm
_09301_,8.3µm
_10829_,8.3µm
_11052_,8.3µm
_11682_,8.3µm
u_accel.actm\[44\]\[6\],8.3µm
u_accel.actm\[49\]\[4\],8.3µm
u_accel.wfc\[218\]\[0\],8.3µm
u_accel.wfc\[313\]\[7\],8.3µm
u_accel.wfc\[498\]\[5\],8.3µm
net1407,8.3µm
net4598,8.3µm
net5312,8.3µm
net5504,8.3µm
net5884,8.3µm
_03822_,8.285µm
_04811_,8.285µm
_06648_,8.285µm
u_accel.logitm\[0\]\[10\],8.285µm
_09246_,8.28µm
_09395_,8.28µm
_09916_,8.28µm
_10669_,8.28µm
_13404_,8.28µm
u_accel.bconv\[1\]\[11\],8.28µm
u_accel.imem\[58\]\[4\],8.28µm
u_accel.imem\[63\]\[2\],8.28µm
u_accel.wfc\[214\]\[6\],8.28µm
u_csr.cfg_q\[2\],8.28µm
u_csr.output_addr_o\[27\],8.28µm
net1121,8.28µm
net1692,8.28µm
net2342,8.28µm
net3132,8.28µm
net5955,8.28µm
_00102_,8.265µm
_00980_,8.265µm
_01687_,8.265µm
_02302_,8.265µm
_03456_,8.265µm
u_accel.wfc\[68\]\[2\],8.26µm
u_csr.input_addr_o\[3\],8.26µm
net104,8.26µm
net108,8.26µm
net149,8.26µm
net161,8.26µm
net223,8.26µm
net347,8.26µm
net2481,8.26µm
net4426,8.26µm
net4466,8.26µm
net4618,8.26µm
net5174,8.26µm
net5914,8.26µm
_03147_,8.245µm
_01619_,8.24µm
_05110_,8.24µm
_06821_,8.24µm
_06864_,8.24µm
_08170_,8.24µm
_11345_,8.24µm
_11381_,8.24µm
_12374_,8.24µm
_12792_,8.24µm
_12942_,8.24µm
_13254_,8.24µm
_13438_,8.24µm
_13655_,8.24µm
_13690_,8.24µm
u_accel.actm\[11\]\[5\],8.24µm
u_accel.actm\[40\]\[0\],8.24µm
u_accel.bfc\[0\]\[13\],8.24µm
u_accel.c\[8\],8.24µm
u_accel.imem\[50\]\[3\],8.24µm
u_accel.wfc\[132\]\[2\],8.24µm
u_accel.wfc\[282\]\[4\],8.24µm
u_accel.wfc\[424\]\[5\],8.24µm
u_accel.wfc\[73\]\[7\],8.24µm
u_csr.weight_addr_o\[0\],8.24µm
net308,8.24µm
net970,8.24µm
net2959,8.24µm
_05849_,8.235µm
u_csr.cfg_q\[7\],8.235µm
_01149_,8.225µm
_02917_,8.225µm
_02950_,8.225µm
_03019_,8.225µm
_03649_,8.225µm
_03676_,8.225µm
_04499_,8.225µm
_04541_,8.225µm
_05188_,8.22µm
_08964_,8.22µm
_13711_,8.22µm
u_accel.actm\[29\]\[1\],8.22µm
u_accel.actm\[73\]\[6\],8.22µm
u_accel.bfc\[0\]\[11\],8.22µm
u_accel.bfc\[0\]\[3\],8.22µm
u_accel.wfc\[167\]\[0\],8.22µm
u_accel.wfc\[417\]\[4\],8.22µm
u_accel.wfc\[478\]\[6\],8.22µm
u_accel.wfc\[510\]\[3\],8.22µm
net813,8.22µm
net2563,8.22µm
net4632,8.22µm
net5229,8.22µm
net5377,8.22µm
u_accel.wfc\[452\]\[1\],8.215µm
_07778_,8.2µm
_09924_,8.2µm
_12331_,8.2µm
_12573_,8.2µm
_13236_,8.2µm
u_accel.actm\[114\]\[6\],8.2µm
u_accel.actm\[121\]\[6\],8.2µm
u_accel.actm\[45\]\[2\],8.2µm
u_accel.actm\[48\]\[7\],8.2µm
u_accel.actm\[8\]\[7\],8.2µm
u_accel.bfc\[3\]\[13\],8.2µm
u_accel.imem\[18\]\[3\],8.2µm
u_accel.imem\[38\]\[3\],8.2µm
u_accel.wconv\[4\]\[4\],8.2µm
u_accel.wfc\[205\]\[0\],8.2µm
u_accel.wfc\[219\]\[0\],8.2µm
u_accel.wfc\[273\]\[1\],8.2µm
u_accel.wfc\[345\]\[4\],8.2µm
u_accel.wfc\[411\]\[2\],8.2µm
_00481_,8.195µm
_05323_,8.185µm
_06183_,8.185µm
axi_sram_wdata\[6\],8.18µm
u_accel.actm\[108\]\[0\],8.18µm
u_accel.wfc\[259\]\[3\],8.18µm
u_accel.wfc\[429\]\[6\],8.18µm
_08798_,8.17µm
_02401_,8.165µm
_04021_,8.165µm
_05189_,8.165µm
_05340_,8.165µm
u_accel.actm\[100\]\[1\],8.165µm
_09350_,8.16µm
_11137_,8.16µm
_11392_,8.16µm
_11723_,8.16µm
_14093_,8.16µm
u_accel.wfc\[259\]\[1\],8.16µm
net3095,8.16µm
_00720_,8.155µm
_00939_,8.155µm
_01263_,8.155µm
_02621_,8.155µm
_03818_,8.155µm
_04371_,8.155µm
_06406_,8.155µm
u_accel.wfc\[399\]\[0\],8.15µm
_04358_,8.145µm
_06041_,8.145µm
_06587_,8.14µm
_08021_,8.14µm
_08057_,8.14µm
_09279_,8.14µm
_11068_,8.14µm
_11304_,8.14µm
_11600_,8.14µm
_11690_,8.14µm
_11707_,8.14µm
_11950_,8.14µm
_11978_,8.14µm
_13649_,8.14µm
u_accel.actm\[29\]\[2\],8.14µm
u_accel.am_f\[2\],8.14µm
u_accel.wfc\[112\]\[6\],8.14µm
u_accel.wfc\[126\]\[3\],8.14µm
u_accel.wfc\[186\]\[6\],8.14µm
u_accel.wfc\[204\]\[7\],8.14µm
u_accel.wfc\[228\]\[5\],8.14µm
u_accel.wfc\[285\]\[1\],8.14µm
u_accel.wfc\[306\]\[2\],8.14µm
u_accel.wfc\[324\]\[5\],8.14µm
u_accel.wfc\[356\]\[2\],8.14µm
u_accel.wfc\[82\]\[6\],8.14µm
u_accel.wfc\[8\]\[7\],8.14µm
u_csr.cfg_q\[27\],8.14µm
u_csr.ctrl_q\[9\],8.14µm
net64,8.14µm
net1522,8.14µm
net1572,8.14µm
net2183,8.14µm
net2300,8.14µm
net2357,8.14µm
net2482,8.14µm
net2978,8.14µm
net3180,8.14µm
net3189,8.14µm
net3225,8.14µm
net3263,8.14µm
net3274,8.14µm
net3427,8.14µm
net3508,8.14µm
net3660,8.14µm
net3928,8.14µm
net4111,8.14µm
net4113,8.14µm
net4116,8.14µm
net4153,8.14µm
net4291,8.14µm
net4321,8.14µm
net4340,8.14µm
net4545,8.14µm
net4678,8.14µm
net4706,8.14µm
net4750,8.14µm
net4764,8.14µm
net4794,8.14µm
net4869,8.14µm
net5070,8.14µm
net5164,8.14µm
net5416,8.14µm
net5491,8.14µm
net5494,8.14µm
net5600,8.14µm
net5714,8.14µm
net5745,8.14µm
net5988,8.14µm
net6030,8.14µm
net6074,8.14µm
_05551_,8.125µm
_08062_,8.12µm
_08725_,8.12µm
_09296_,8.12µm
_10226_,8.12µm
_10412_,8.12µm
_13551_,8.12µm
u_accel.actm\[68\]\[2\],8.12µm
u_accel.actm\[83\]\[5\],8.12µm
u_accel.actm\[98\]\[6\],8.12µm
u_accel.bfc\[0\]\[17\],8.12µm
u_accel.wfc\[23\]\[4\],8.12µm
u_accel.wfc\[243\]\[6\],8.12µm
u_accel.wfc\[290\]\[3\],8.12µm
u_accel.wfc\[350\]\[3\],8.12µm
u_accel.wfc\[427\]\[7\],8.12µm
u_accel.wfc\[439\]\[7\],8.12µm
u_accel.wfc\[455\]\[7\],8.12µm
u_accel.wfc\[476\]\[1\],8.12µm
u_accel.wfc\[58\]\[3\],8.12µm
net224,8.12µm
_04227_,8.115µm
_00895_,8.105µm
_01508_,8.105µm
_03491_,8.105µm
_06518_,8.1µm
_06520_,8.1µm
_06687_,8.1µm
_06815_,8.1µm
_07809_,8.1µm
_08045_,8.1µm
_09881_,8.1µm
_09989_,8.1µm
_10662_,8.1µm
_11039_,8.1µm
_11362_,8.1µm
_11394_,8.1µm
_11636_,8.1µm
_12555_,8.1µm
_13607_,8.1µm
u_accel.actm\[102\]\[0\],8.1µm
u_accel.actm\[1\]\[5\],8.1µm
u_accel.actm\[30\]\[5\],8.1µm
u_accel.actm\[78\]\[0\],8.1µm
u_accel.bconv\[1\]\[17\],8.1µm
u_accel.bconv\[1\]\[2\],8.1µm
u_accel.imem\[11\]\[5\],8.1µm
u_accel.imem\[29\]\[2\],8.1µm
u_accel.imem\[35\]\[0\],8.1µm
u_accel.imem\[3\]\[4\],8.1µm
u_accel.imem\[41\]\[0\],8.1µm
u_accel.imem\[41\]\[3\],8.1µm
u_accel.imem\[50\]\[1\],8.1µm
u_accel.imem\[53\]\[6\],8.1µm
u_accel.imem\[54\]\[0\],8.1µm
u_accel.wconv\[6\]\[6\],8.1µm
u_accel.wconv\[7\]\[2\],8.1µm
u_accel.wfc\[10\]\[7\],8.1µm
u_accel.wfc\[130\]\[2\],8.1µm
u_accel.wfc\[163\]\[5\],8.1µm
u_accel.wfc\[170\]\[2\],8.1µm
u_accel.wfc\[179\]\[5\],8.1µm
u_accel.wfc\[190\]\[3\],8.1µm
u_accel.wfc\[21\]\[3\],8.1µm
u_accel.wfc\[229\]\[3\],8.1µm
u_accel.wfc\[251\]\[7\],8.1µm
u_accel.wfc\[262\]\[2\],8.1µm
u_accel.wfc\[280\]\[1\],8.1µm
u_accel.wfc\[281\]\[6\],8.1µm
u_accel.wfc\[294\]\[1\],8.1µm
u_accel.wfc\[299\]\[3\],8.1µm
u_accel.wfc\[317\]\[5\],8.1µm
u_accel.wfc\[338\]\[2\],8.1µm
u_accel.wfc\[34\]\[0\],8.1µm
u_accel.wfc\[34\]\[1\],8.1µm
u_accel.wfc\[375\]\[1\],8.1µm
u_accel.wfc\[379\]\[3\],8.1µm
u_accel.wfc\[391\]\[1\],8.1µm
u_accel.wfc\[398\]\[0\],8.1µm
u_accel.wfc\[414\]\[1\],8.1µm
u_accel.wfc\[42\]\[2\],8.1µm
u_accel.wfc\[438\]\[0\],8.1µm
u_accel.wfc\[451\]\[6\],8.1µm
u_accel.wfc\[481\]\[2\],8.1µm
u_accel.wfc\[499\]\[2\],8.1µm
u_accel.wfc\[502\]\[3\],8.1µm
u_accel.wfc\[50\]\[0\],8.1µm
u_accel.wfc\[5\]\[1\],8.1µm
u_accel.wfc\[81\]\[2\],8.1µm
u_csr.input_addr_o\[16\],8.1µm
net39,8.1µm
net3650,8.1µm
net3827,8.1µm
net4297,8.1µm
net4619,8.1µm
net4812,8.1µm
_13556_,8.09µm
_01940_,8.085µm
_12640_,8.08µm
u_accel.actm\[29\]\[7\],8.08µm
u_accel.actm\[3\]\[1\],8.08µm
u_accel.bconv\[1\]\[1\],8.08µm
u_accel.wconv\[11\]\[3\],8.08µm
u_accel.wconv\[13\]\[1\],8.08µm
u_accel.wfc\[139\]\[6\],8.08µm
u_accel.wfc\[154\]\[4\],8.08µm
u_accel.wfc\[222\]\[2\],8.08µm
u_accel.wfc\[290\]\[5\],8.08µm
u_accel.wfc\[335\]\[4\],8.08µm
u_accel.wfc\[349\]\[3\],8.08µm
u_accel.wfc\[390\]\[0\],8.08µm
u_accel.wfc\[425\]\[7\],8.08µm
u_accel.wfc\[429\]\[1\],8.08µm
u_accel.wfc\[490\]\[0\],8.08µm
u_accel.wfc\[491\]\[6\],8.08µm
u_accel.wfc\[55\]\[7\],8.08µm
u_accel.wfc\[69\]\[5\],8.08µm
u_accel.wfc\[79\]\[6\],8.08µm
_00046_,8.065µm
_00521_,8.065µm
_00773_,8.065µm
_01440_,8.065µm
_01871_,8.065µm
_03466_,8.065µm
_03494_,8.065µm
_03553_,8.065µm
_03570_,8.065µm
_04046_,8.065µm
_04246_,8.065µm
_04265_,8.065µm
_04326_,8.065µm
_06284_,8.065µm
_06334_,8.065µm
_06353_,8.065µm
_06504_,8.06µm
_10700_,8.06µm
_11668_,8.06µm
_12402_,8.06µm
_13121_,8.06µm
_13169_,8.06µm
u_accel.actm\[18\]\[3\],8.06µm
u_accel.actm\[38\]\[4\],8.06µm
u_accel.imem\[46\]\[7\],8.06µm
u_accel.imem\[48\]\[1\],8.06µm
u_accel.imem\[56\]\[4\],8.06µm
u_accel.imem\[59\]\[0\],8.06µm
u_accel.wfc\[151\]\[2\],8.06µm
u_accel.wfc\[167\]\[5\],8.06µm
u_accel.wfc\[214\]\[2\],8.06µm
u_accel.wfc\[293\]\[0\],8.06µm
u_accel.wfc\[361\]\[7\],8.06µm
u_accel.wfc\[54\]\[5\],8.06µm
u_accel.wfc\[71\]\[6\],8.06µm
net4602,8.06µm
net6101,8.06µm
_07951_,8.04µm
_10302_,8.04µm
_11702_,8.04µm
_13706_,8.04µm
u_accel.imem\[40\]\[5\],8.04µm
u_accel.wfc\[191\]\[6\],8.04µm
u_accel.wfc\[386\]\[3\],8.04µm
net850,8.04µm
_02182_,8.035µm
u_accel.imem\[45\]\[2\],8.035µm
_00130_,8.025µm
_00192_,8.025µm
_00625_,8.025µm
_00936_,8.025µm
_01643_,8.025µm
_02020_,8.025µm
_02168_,8.025µm
_02192_,8.025µm
_02791_,8.025µm
_03751_,8.025µm
_05361_,8.025µm
_05460_,8.025µm
_05674_,8.025µm
_05880_,8.025µm
_05969_,8.025µm
_06201_,8.025µm
_06419_,8.02µm
_08456_,8.02µm
_08708_,8.02µm
_09373_,8.02µm
_09433_,8.02µm
_09855_,8.02µm
_10633_,8.02µm
_11032_,8.02µm
_11176_,8.02µm
_11731_,8.02µm
_11887_,8.02µm
axi_acc_wdata\[8\],8.02µm
ld_acc_wdata\[5\],8.02µm
u_accel.actm\[5\]\[5\],8.02µm
u_accel.bfc\[3\]\[29\],8.02µm
u_accel.imem\[20\]\[7\],8.02µm
u_accel.imem\[49\]\[3\],8.02µm
u_accel.wconv\[8\]\[1\],8.02µm
u_accel.wfc\[11\]\[2\],8.02µm
u_accel.wfc\[134\]\[6\],8.02µm
u_accel.wfc\[188\]\[0\],8.02µm
u_accel.wfc\[193\]\[3\],8.02µm
u_accel.wfc\[19\]\[3\],8.02µm
u_accel.wfc\[240\]\[2\],8.02µm
u_accel.wfc\[255\]\[2\],8.02µm
u_accel.wfc\[325\]\[3\],8.02µm
u_accel.wfc\[326\]\[5\],8.02µm
u_accel.wfc\[339\]\[3\],8.02µm
u_accel.wfc\[359\]\[4\],8.02µm
u_accel.wfc\[364\]\[4\],8.02µm
u_accel.wfc\[377\]\[6\],8.02µm
u_accel.wfc\[392\]\[5\],8.02µm
u_accel.wfc\[437\]\[2\],8.02µm
u_accel.wfc\[448\]\[7\],8.02µm
u_accel.wfc\[456\]\[7\],8.02µm
u_accel.wfc\[495\]\[3\],8.02µm
u_accel.wfc\[495\]\[7\],8.02µm
u_accel.wfc\[504\]\[0\],8.02µm
u_accel.wfc\[91\]\[2\],8.02µm
u_accel.wfc\[99\]\[1\],8.02µm
u_csr.input_addr_o\[0\],8.02µm
u_csr.len_o\[22\],8.02µm
u_csr.output_addr_o\[24\],8.02µm
u_csr.output_addr_o\[8\],8.02µm
net43,8.02µm
net162,8.02µm
net178,8.02µm
net217,8.02µm
net219,8.02µm
net263,8.02µm
net301,8.02µm
net337,8.02µm
net477,8.02µm
net648,8.02µm
net704,8.02µm
net727,8.02µm
net734,8.02µm
net746,8.02µm
net815,8.02µm
net894,8.02µm
net908,8.02µm
net911,8.02µm
net917,8.02µm
net927,8.02µm
net1016,8.02µm
net1206,8.02µm
net1420,8.02µm
net1470,8.02µm
net1484,8.02µm
net1705,8.02µm
net1746,8.02µm
net1777,8.02µm
net1911,8.02µm
net2064,8.02µm
net2091,8.02µm
net2188,8.02µm
net2328,8.02µm
net2500,8.02µm
net2531,8.02µm
net2540,8.02µm
net2552,8.02µm
net2650,8.02µm
net2776,8.02µm
net2862,8.02µm
net3010,8.02µm
net3146,8.02µm
net3206,8.02µm
net3276,8.02µm
net3377,8.02µm
net3404,8.02µm
net3553,8.02µm
net3604,8.02µm
net3637,8.02µm
net3705,8.02µm
net3808,8.02µm
net4392,8.02µm
net4483,8.02µm
net4521,8.02µm
net4570,8.02µm
net4692,8.02µm
net4971,8.02µm
net5479,8.02µm
net5632,8.02µm
net5710,8.02µm
_06737_,8µm
_08099_,8µm
_13006_,8µm
u_accel.actm\[46\]\[0\],8µm
u_accel.actm\[59\]\[0\],8µm
u_accel.actm\[7\]\[2\],8µm
u_accel.wconv\[14\]\[3\],8µm
u_accel.wfc\[205\]\[4\],8µm
u_accel.wfc\[251\]\[0\],8µm
u_accel.wfc\[289\]\[1\],8µm
u_accel.wfc\[294\]\[5\],8µm
u_accel.wfc\[342\]\[3\],8µm
u_accel.wfc\[358\]\[3\],8µm
u_accel.wfc\[374\]\[4\],8µm
u_accel.wfc\[82\]\[5\],8µm
u_accel.wfc\[94\]\[5\],8µm
_02817_,7.995µm
_01272_,7.985µm
_01402_,7.985µm
_02424_,7.985µm
_02481_,7.985µm
_02697_,7.985µm
_03154_,7.985µm
_03425_,7.985µm
_04015_,7.985µm
_04184_,7.985µm
_04209_,7.985µm
_04408_,7.985µm
_04473_,7.985µm
_07788_,7.98µm
_07821_,7.98µm
_08002_,7.98µm
_08019_,7.98µm
_08191_,7.98µm
_08450_,7.98µm
_08582_,7.98µm
_08679_,7.98µm
_08878_,7.98µm
_09906_,7.98µm
_09965_,7.98µm
_10332_,7.98µm
_10439_,7.98µm
_10617_,7.98µm
_12536_,7.98µm
_12853_,7.98µm
_13291_,7.98µm
_13663_,7.98µm
_13936_,7.98µm
u_accel.actm\[27\]\[5\],7.98µm
u_accel.actm\[45\]\[1\],7.98µm
u_accel.actm\[92\]\[5\],7.98µm
u_accel.bconv\[0\]\[19\],7.98µm
u_accel.bconv\[0\]\[8\],7.98µm
u_accel.imem\[30\]\[0\],7.98µm
u_accel.imem\[32\]\[6\],7.98µm
u_accel.imem\[33\]\[0\],7.98µm
u_accel.imem\[41\]\[6\],7.98µm
u_accel.imem\[46\]\[5\],7.98µm
u_accel.imem\[48\]\[4\],7.98µm
u_accel.imem\[62\]\[7\],7.98µm
u_accel.wfc\[103\]\[2\],7.98µm
u_accel.wfc\[151\]\[7\],7.98µm
u_accel.wfc\[159\]\[0\],7.98µm
u_accel.wfc\[163\]\[6\],7.98µm
u_accel.wfc\[167\]\[3\],7.98µm
u_accel.wfc\[197\]\[7\],7.98µm
u_accel.wfc\[198\]\[6\],7.98µm
u_accel.wfc\[207\]\[0\],7.98µm
u_accel.wfc\[265\]\[5\],7.98µm
u_accel.wfc\[271\]\[0\],7.98µm
u_accel.wfc\[286\]\[5\],7.98µm
u_accel.wfc\[31\]\[6\],7.98µm
u_accel.wfc\[321\]\[2\],7.98µm
u_accel.wfc\[33\]\[7\],7.98µm
u_accel.wfc\[349\]\[4\],7.98µm
u_accel.wfc\[355\]\[4\],7.98µm
u_accel.wfc\[381\]\[1\],7.98µm
u_accel.wfc\[39\]\[3\],7.98µm
u_accel.wfc\[407\]\[6\],7.98µm
u_accel.wfc\[420\]\[6\],7.98µm
u_accel.wfc\[43\]\[1\],7.98µm
u_accel.wfc\[47\]\[2\],7.98µm
u_accel.wfc\[487\]\[1\],7.98µm
u_accel.wfc\[497\]\[6\],7.98µm
u_accel.wfc\[57\]\[6\],7.98µm
u_accel.wfc\[76\]\[3\],7.98µm
u_accel.wfc\[8\]\[3\],7.98µm
u_accel.wfc\[94\]\[3\],7.98µm
u_csr.ctrl_q\[30\],7.98µm
u_csr.input_addr_o\[17\],7.98µm
net266,7.98µm
net891,7.98µm
net1042,7.98µm
net1139,7.98µm
net1145,7.98µm
net1426,7.98µm
net1431,7.98µm
net1627,7.98µm
net2336,7.98µm
net3291,7.98µm
net4457,7.98µm
_04538_,7.975µm
_06017_,7.975µm
_12066_,7.975µm
_00562_,7.965µm
_02849_,7.965µm
_03100_,7.96µm
_08706_,7.96µm
_10426_,7.96µm
_13992_,7.96µm
u_accel.actm\[110\]\[1\],7.96µm
u_accel.wfc\[166\]\[3\],7.96µm
u_accel.wfc\[178\]\[2\],7.96µm
u_accel.wfc\[242\]\[7\],7.96µm
u_accel.wfc\[257\]\[4\],7.96µm
u_accel.wfc\[286\]\[4\],7.96µm
u_accel.wfc\[354\]\[4\],7.96µm
u_accel.wfc\[502\]\[1\],7.96µm
_07792_,7.955µm
_00357_,7.945µm
_00880_,7.945µm
_03939_,7.945µm
_04604_,7.945µm
_05696_,7.945µm
_06386_,7.945µm
_08753_,7.94µm
_08839_,7.94µm
_09316_,7.94µm
_10111_,7.94µm
_10797_,7.94µm
_12073_,7.94µm
_12258_,7.94µm
_12952_,7.94µm
_14065_,7.94µm
_14083_,7.94µm
u_accel.actm\[116\]\[5\],7.94µm
_00378_,7.935µm
_00743_,7.935µm
_04536_,7.935µm
_05448_,7.935µm
_11162_,7.93µm
_02063_,7.92µm
_09467_,7.92µm
net80,7.92µm
net103,7.92µm
net111,7.92µm
net156,7.92µm
net157,7.92µm
net176,7.92µm
net179,7.92µm
net211,7.92µm
net213,7.92µm
net255,7.92µm
net260,7.92µm
net290,7.92µm
net304,7.92µm
net312,7.92µm
net429,7.92µm
net451,7.92µm
net462,7.92µm
net495,7.92µm
net601,7.92µm
net641,7.92µm
net644,7.92µm
net645,7.92µm
net684,7.92µm
net708,7.92µm
net715,7.92µm
net920,7.92µm
net929,7.92µm
net943,7.92µm
net1035,7.92µm
net1073,7.92µm
net1100,7.92µm
net1136,7.92µm
net1153,7.92µm
net1158,7.92µm
net1183,7.92µm
net1238,7.92µm
net1278,7.92µm
net1366,7.92µm
net1379,7.92µm
net1559,7.92µm
net1566,7.92µm
net1568,7.92µm
net1683,7.92µm
net1706,7.92µm
net1974,7.92µm
net1992,7.92µm
net2104,7.92µm
net2159,7.92µm
net2192,7.92µm
net2247,7.92µm
net2335,7.92µm
net2485,7.92µm
net2491,7.92µm
net2610,7.92µm
net2613,7.92µm
net2649,7.92µm
net2669,7.92µm
net2935,7.92µm
net2973,7.92µm
net3054,7.92µm
net3160,7.92µm
net3322,7.92µm
net3437,7.92µm
net3443,7.92µm
net3448,7.92µm
net3456,7.92µm
net3514,7.92µm
net3548,7.92µm
net3977,7.92µm
net4042,7.92µm
net4187,7.92µm
net4246,7.92µm
net4248,7.92µm
net4251,7.92µm
net4252,7.92µm
net4294,7.92µm
net4299,7.92µm
net4379,7.92µm
net4438,7.92µm
net4477,7.92µm
net4496,7.92µm
net4593,7.92µm
net4622,7.92µm
net4648,7.92µm
net4649,7.92µm
net4652,7.92µm
net4921,7.92µm
net5053,7.92µm
net5243,7.92µm
net5255,7.92µm
net5375,7.92µm
net5472,7.92µm
net5485,7.92µm
net5528,7.92µm
net5549,7.92µm
net5570,7.92µm
net5593,7.92µm
net6014,7.92µm
net6052,7.92µm
net6081,7.92µm
_01403_,7.905µm
_04719_,7.905µm
_04877_,7.905µm
_05561_,7.905µm
u_csr.len_o\[13\],7.905µm
u_csr.len_o\[3\],7.905µm
_11759_,7.9µm
_12470_,7.9µm
_13316_,7.9µm
_13321_,7.9µm
_14122_,7.9µm
_14137_,7.9µm
u_accel.actm\[72\]\[4\],7.9µm
u_accel.actm\[88\]\[7\],7.9µm
u_accel.c\[24\],7.9µm
u_accel.wfc\[247\]\[2\],7.9µm
u_accel.wfc\[323\]\[6\],7.9µm
u_accel.wfc\[379\]\[4\],7.9µm
u_accel.wfc\[463\]\[4\],7.9µm
u_accel.wfc\[499\]\[4\],7.9µm
u_accel.wfc\[91\]\[4\],7.9µm
u_csr.ctrl_q\[25\],7.9µm
u_csr.input_addr_o\[18\],7.9µm
net121,7.9µm
net289,7.9µm
net748,7.9µm
net1421,7.9µm
net1735,7.9µm
net2380,7.9µm
net2554,7.9µm
net2607,7.9µm
net3264,7.9µm
net3353,7.9µm
net4012,7.9µm
net4658,7.9µm
net5271,7.9µm
net5454,7.9µm
_02056_,7.88µm
_02085_,7.88µm
_06056_,7.88µm
_07960_,7.88µm
_09013_,7.88µm
_12976_,7.88µm
_13933_,7.88µm
axi_acc_wdata\[11\],7.88µm
axi_sram_wdata\[1\],7.88µm
u_accel.wfc\[128\]\[3\],7.88µm
u_accel.wfc\[19\]\[6\],7.88µm
u_accel.wfc\[300\]\[2\],7.88µm
u_accel.wfc\[337\]\[4\],7.88µm
net193,7.88µm
net256,7.88µm
net269,7.88µm
net405,7.88µm
net577,7.88µm
net629,7.88µm
net807,7.88µm
net1071,7.88µm
net1453,7.88µm
net2755,7.88µm
net2761,7.88µm
net3056,7.88µm
net3313,7.88µm
net3429,7.88µm
net3503,7.88µm
net3537,7.88µm
net3871,7.88µm
net4025,7.88µm
net4752,7.88µm
net4954,7.88µm
net5833,7.88µm
net5903,7.88µm
u_accel.imem\[58\]\[2\],7.87µm
_05393_,7.865µm
_09259_,7.86µm
_10271_,7.86µm
_10376_,7.86µm
_10794_,7.86µm
_11361_,7.86µm
_11397_,7.86µm
_11692_,7.86µm
_11812_,7.86µm
_12589_,7.86µm
_12668_,7.86µm
_12856_,7.86µm
_13131_,7.86µm
_13573_,7.86µm
_13906_,7.86µm
_13937_,7.86µm
u_accel.actm\[114\]\[5\],7.86µm
u_accel.actm\[115\]\[3\],7.86µm
u_accel.actm\[117\]\[3\],7.86µm
u_accel.actm\[12\]\[2\],7.86µm
u_accel.actm\[19\]\[1\],7.86µm
u_accel.actm\[56\]\[3\],7.86µm
u_accel.actm\[61\]\[4\],7.86µm
u_accel.bconv\[0\]\[11\],7.86µm
u_accel.bfc\[0\]\[9\],7.86µm
u_accel.bfc\[3\]\[20\],7.86µm
u_accel.imem\[26\]\[1\],7.86µm
u_accel.imem\[29\]\[0\],7.86µm
u_accel.imem\[39\]\[7\],7.86µm
u_accel.imem\[6\]\[1\],7.86µm
u_accel.imem\[6\]\[2\],7.86µm
u_accel.imem\[9\]\[6\],7.86µm
u_accel.wfc\[203\]\[7\],7.86µm
u_accel.wfc\[267\]\[0\],7.86µm
u_accel.wfc\[357\]\[4\],7.86µm
u_accel.wfc\[434\]\[4\],7.86µm
u_accel.wfc\[464\]\[2\],7.86µm
u_accel.wfc\[483\]\[3\],7.86µm
u_accel.wfc\[75\]\[3\],7.86µm
net1714,7.86µm
net2797,7.86µm
net2863,7.86µm
_02826_,7.855µm
_09836_,7.855µm
_00024_,7.845µm
_00345_,7.845µm
_01838_,7.845µm
_04171_,7.845µm
_05289_,7.845µm
_09123_,7.84µm
_09544_,7.84µm
u_accel.actm\[36\]\[4\],7.84µm
u_accel.wfc\[216\]\[7\],7.84µm
u_accel.wfc\[398\]\[6\],7.84µm
u_accel.wfc\[95\]\[1\],7.84µm
net625,7.84µm
net1265,7.84µm
net1500,7.84µm
net4402,7.84µm
net4464,7.84µm
net4525,7.84µm
_01961_,7.825µm
_04727_,7.825µm
_09887_,7.82µm
_12059_,7.82µm
_12187_,7.82µm
net373,7.82µm
net658,7.82µm
net738,7.82µm
net1191,7.82µm
net1479,7.82µm
net2317,7.82µm
net4326,7.82µm
net4796,7.82µm
net6032,7.82µm
_01389_,7.815µm
_01539_,7.815µm
_03002_,7.815µm
_03588_,7.815µm
_06348_,7.815µm
_00093_,7.805µm
_02456_,7.805µm
_03551_,7.805µm
_06680_,7.805µm
_00286_,7.8µm
_08072_,7.8µm
_09711_,7.8µm
_10335_,7.8µm
net323,7.8µm
net1287,7.8µm
net1581,7.8µm
net1966,7.8µm
net2103,7.8µm
net2730,7.8µm
net3778,7.8µm
net4062,7.8µm
net4068,7.8µm
net4511,7.8µm
net4837,7.8µm
net4844,7.8µm
net4938,7.8µm
_00142_,7.785µm
u_csr.input_addr_o\[15\],7.785µm
_08539_,7.78µm
_13201_,7.78µm
_13565_,7.78µm
u_accel.actm\[117\]\[2\],7.78µm
u_accel.actm\[70\]\[5\],7.78µm
u_accel.actm\[81\]\[6\],7.78µm
u_accel.imem\[38\]\[4\],7.78µm
u_accel.wfc\[142\]\[7\],7.78µm
u_accel.wfc\[230\]\[5\],7.78µm
u_accel.wfc\[25\]\[3\],7.78µm
u_accel.wfc\[374\]\[2\],7.78µm
u_accel.wfc\[385\]\[0\],7.78µm
u_csr.cfg_q\[12\],7.78µm
net2205,7.78µm
net4557,7.78µm
net5192,7.78µm
net5772,7.78µm
_02237_,7.775µm
_00280_,7.765µm
_00392_,7.765µm
_00491_,7.765µm
_00672_,7.765µm
_01072_,7.765µm
_01101_,7.765µm
_01361_,7.765µm
_01405_,7.765µm
_01432_,7.765µm
_01665_,7.765µm
_01730_,7.765µm
_01760_,7.765µm
_01926_,7.765µm
_02435_,7.765µm
_02450_,7.765µm
_02711_,7.765µm
_02843_,7.765µm
_03245_,7.765µm
_03399_,7.765µm
_03479_,7.765µm
_03610_,7.765µm
_03678_,7.765µm
_04193_,7.765µm
_04714_,7.765µm
_04784_,7.765µm
_04787_,7.765µm
_04800_,7.765µm
_04866_,7.765µm
_04924_,7.765µm
_05720_,7.765µm
_05819_,7.765µm
_05839_,7.765µm
_06351_,7.765µm
_05170_,7.76µm
_08337_,7.76µm
_08354_,7.76µm
_10436_,7.76µm
_10798_,7.76µm
_13162_,7.76µm
u_accel.actm\[103\]\[7\],7.76µm
u_accel.actm\[110\]\[4\],7.76µm
u_accel.actm\[114\]\[7\],7.76µm
u_accel.actm\[120\]\[2\],7.76µm
u_accel.actm\[93\]\[4\],7.76µm
u_accel.wfc\[209\]\[4\],7.76µm
u_accel.wfc\[26\]\[5\],7.76µm
u_accel.wfc\[490\]\[1\],7.76µm
u_csr.len_o\[10\],7.76µm
u_csr.output_addr_o\[26\],7.76µm
net528,7.76µm
net1832,7.76µm
net2858,7.76µm
net3259,7.76µm
net5176,7.76µm
_10855_,7.75µm
_03128_,7.745µm
_08142_,7.74µm
_12580_,7.74µm
_13323_,7.74µm
u_accel.actm\[39\]\[4\],7.74µm
u_accel.bfc\[1\]\[4\],7.74µm
u_accel.imem\[21\]\[1\],7.74µm
u_accel.imem\[55\]\[7\],7.74µm
u_accel.wfc\[127\]\[2\],7.74µm
u_accel.wfc\[137\]\[3\],7.74µm
u_accel.wfc\[139\]\[1\],7.74µm
u_accel.wfc\[199\]\[3\],7.74µm
u_accel.wfc\[211\]\[1\],7.74µm
u_accel.wfc\[212\]\[2\],7.74µm
u_accel.wfc\[253\]\[6\],7.74µm
u_accel.wfc\[259\]\[5\],7.74µm
u_accel.wfc\[263\]\[6\],7.74µm
u_accel.wfc\[289\]\[4\],7.74µm
u_accel.wfc\[291\]\[1\],7.74µm
u_accel.wfc\[293\]\[2\],7.74µm
u_accel.wfc\[302\]\[7\],7.74µm
u_accel.wfc\[333\]\[7\],7.74µm
u_accel.wfc\[365\]\[3\],7.74µm
u_accel.wfc\[375\]\[7\],7.74µm
u_accel.wfc\[381\]\[0\],7.74µm
u_accel.wfc\[391\]\[5\],7.74µm
u_accel.wfc\[405\]\[1\],7.74µm
u_accel.wfc\[66\]\[2\],7.74µm
u_accel.wfc\[85\]\[4\],7.74µm
u_accel.wfc\[97\]\[2\],7.74µm
u_accel.wfc\[9\]\[1\],7.74µm
net1642,7.74µm
net5626,7.74µm
_00144_,7.725µm
_00535_,7.725µm
_06506_,7.72µm
_06551_,7.72µm
_11900_,7.72µm
u_accel.wfc\[495\]\[5\],7.72µm
_08946_,7.7µm
_11188_,7.7µm
_13399_,7.7µm
net280,7.7µm
net2509,7.7µm
net3123,7.7µm
_02760_,7.685µm
_03977_,7.685µm
_04241_,7.685µm
_04988_,7.68µm
_05201_,7.68µm
_08475_,7.68µm
_09490_,7.68µm
_09953_,7.68µm
_10707_,7.68µm
_10959_,7.68µm
_12050_,7.68µm
_13666_,7.68µm
u_accel.bconv\[1\]\[30\],7.68µm
u_accel.f\[19\],7.68µm
u_accel.ii\[17\],7.68µm
u_accel.wfc\[102\]\[0\],7.68µm
u_accel.wfc\[10\]\[5\],7.68µm
u_accel.wfc\[120\]\[3\],7.68µm
u_accel.wfc\[220\]\[4\],7.68µm
u_accel.wfc\[22\]\[5\],7.68µm
u_accel.wfc\[266\]\[1\],7.68µm
u_accel.wfc\[317\]\[0\],7.68µm
u_accel.wfc\[318\]\[6\],7.68µm
u_accel.wfc\[344\]\[3\],7.68µm
u_accel.wfc\[394\]\[3\],7.68µm
u_accel.wfc\[50\]\[4\],7.68µm
u_accel.wfc\[58\]\[1\],7.68µm
u_accel.wfc\[73\]\[3\],7.68µm
net37,7.68µm
net50,7.68µm
net205,7.68µm
net1337,7.68µm
net2073,7.68µm
net2344,7.68µm
net2377,7.68µm
net2992,7.68µm
net3046,7.68µm
net3618,7.68µm
net3898,7.68µm
net3942,7.68µm
net4063,7.68µm
net4185,7.68µm
net4361,7.68µm
net4479,7.68µm
net4520,7.68µm
net4597,7.68µm
net4751,7.68µm
net4820,7.68µm
net4937,7.68µm
net5089,7.68µm
net5281,7.68µm
net5900,7.68µm
net5926,7.68µm
net5989,7.68µm
_09868_,7.66µm
_12628_,7.66µm
_13283_,7.66µm
_13377_,7.66µm
u_accel.imem\[48\]\[0\],7.66µm
u_accel.wfc\[107\]\[2\],7.66µm
u_accel.wfc\[168\]\[4\],7.66µm
u_accel.wfc\[170\]\[6\],7.66µm
u_accel.wfc\[181\]\[0\],7.66µm
u_accel.wfc\[241\]\[7\],7.66µm
u_accel.wfc\[302\]\[3\],7.66µm
u_accel.wfc\[327\]\[5\],7.66µm
u_accel.wfc\[344\]\[0\],7.66µm
u_accel.wfc\[368\]\[1\],7.66µm
u_accel.wfc\[378\]\[4\],7.66µm
u_accel.wfc\[3\]\[3\],7.66µm
u_accel.wfc\[43\]\[0\],7.66µm
u_accel.wfc\[458\]\[5\],7.66µm
u_accel.wfc\[74\]\[1\],7.66µm
u_accel.wfc\[99\]\[4\],7.66µm
u_accel.wfc\[99\]\[6\],7.66µm
u_accel.wfc\[99\]\[7\],7.66µm
net3621,7.66µm
_05506_,7.655µm
_02926_,7.645µm
_03358_,7.645µm
_03508_,7.64µm
_05192_,7.64µm
_06792_,7.64µm
_07952_,7.64µm
_08006_,7.64µm
_08332_,7.64µm
_09294_,7.64µm
_09560_,7.64µm
_09725_,7.64µm
_10523_,7.64µm
_10805_,7.64µm
_10815_,7.64µm
_11886_,7.64µm
_12423_,7.64µm
_12554_,7.64µm
_12857_,7.64µm
_12983_,7.64µm
_14078_,7.64µm
u_accel.actm\[106\]\[6\],7.64µm
u_accel.actm\[12\]\[5\],7.64µm
u_accel.actm\[15\]\[3\],7.64µm
u_accel.actm\[45\]\[5\],7.64µm
u_accel.actm\[51\]\[0\],7.64µm
u_accel.actm\[65\]\[4\],7.64µm
u_accel.actm\[66\]\[2\],7.64µm
u_accel.actm\[79\]\[1\],7.64µm
u_accel.bconv\[0\]\[15\],7.64µm
u_accel.bfc\[1\]\[12\],7.64µm
u_accel.bfc\[2\]\[18\],7.64µm
u_accel.imem\[19\]\[1\],7.64µm
u_accel.imem\[33\]\[3\],7.64µm
u_accel.imem\[41\]\[1\],7.64µm
u_accel.imem\[6\]\[4\],7.64µm
u_accel.wconv\[16\]\[1\],7.64µm
u_accel.wconv\[17\]\[5\],7.64µm
u_accel.wconv\[6\]\[7\],7.64µm
u_accel.wconv\[9\]\[7\],7.64µm
u_accel.wfc\[111\]\[1\],7.64µm
u_accel.wfc\[111\]\[2\],7.64µm
u_accel.wfc\[122\]\[3\],7.64µm
u_accel.wfc\[157\]\[1\],7.64µm
u_accel.wfc\[158\]\[7\],7.64µm
u_accel.wfc\[163\]\[2\],7.64µm
u_accel.wfc\[206\]\[4\],7.64µm
u_accel.wfc\[207\]\[3\],7.64µm
u_accel.wfc\[224\]\[4\],7.64µm
u_accel.wfc\[246\]\[2\],7.64µm
u_accel.wfc\[246\]\[3\],7.64µm
u_accel.wfc\[246\]\[5\],7.64µm
u_accel.wfc\[274\]\[1\],7.64µm
u_accel.wfc\[286\]\[2\],7.64µm
u_accel.wfc\[311\]\[7\],7.64µm
u_accel.wfc\[314\]\[7\],7.64µm
u_accel.wfc\[346\]\[6\],7.64µm
u_accel.wfc\[350\]\[1\],7.64µm
u_accel.wfc\[398\]\[7\],7.64µm
u_accel.wfc\[443\]\[3\],7.64µm
u_accel.wfc\[490\]\[3\],7.64µm
u_accel.wfc\[507\]\[1\],7.64µm
u_accel.wfc\[73\]\[1\],7.64µm
u_accel.wfc\[84\]\[4\],7.64µm
u_accel.wfc\[88\]\[6\],7.64µm
u_csr.output_addr_o\[16\],7.64µm
net2332,7.64µm
net3350,7.64µm
net4391,7.64µm
net4492,7.64µm
net4522,7.64µm
net4944,7.64µm
_00531_,7.625µm
_00786_,7.625µm
_02094_,7.625µm
_05951_,7.625µm
u_accel.actm\[100\]\[5\],7.62µm
u_accel.actm\[105\]\[6\],7.62µm
u_accel.actm\[42\]\[5\],7.62µm
u_accel.actm\[55\]\[2\],7.62µm
u_accel.actm\[75\]\[3\],7.62µm
u_accel.imem\[19\]\[7\],7.62µm
u_accel.imem\[39\]\[4\],7.62µm
u_accel.logitm\[2\]\[5\],7.62µm
u_accel.wfc\[100\]\[0\],7.62µm
u_accel.wfc\[103\]\[6\],7.62µm
u_accel.wfc\[186\]\[3\],7.62µm
u_accel.wfc\[307\]\[6\],7.62µm
u_accel.wfc\[33\]\[3\],7.62µm
u_accel.wfc\[442\]\[5\],7.62µm
u_accel.wfc\[501\]\[7\],7.62µm
u_accel.wfc\[50\]\[2\],7.62µm
u_accel.wfc\[57\]\[0\],7.62µm
u_accel.wfc\[69\]\[1\],7.62µm
_00380_,7.615µm
_04083_,7.615µm
_00318_,7.605µm
_00483_,7.605µm
_00705_,7.605µm
_01104_,7.605µm
_01224_,7.605µm
_02069_,7.605µm
_02460_,7.605µm
_02532_,7.605µm
_02921_,7.605µm
_03342_,7.605µm
_03571_,7.605µm
_03602_,7.605µm
_04268_,7.605µm
_04328_,7.605µm
_04576_,7.605µm
_08500_,7.6µm
_08699_,7.6µm
_08805_,7.6µm
_10231_,7.6µm
_11004_,7.6µm
_11193_,7.6µm
_11227_,7.6µm
u_accel.wfc\[139\]\[5\],7.6µm
u_accel.wfc\[179\]\[6\],7.6µm
u_accel.wfc\[1\]\[6\],7.6µm
u_accel.wfc\[335\]\[1\],7.6µm
u_accel.wfc\[438\]\[3\],7.6µm
net2100,7.6µm
_01520_,7.595µm
_10112_,7.58µm
u_accel.wfc\[51\]\[6\],7.58µm
_00828_,7.565µm
_01363_,7.565µm
_01448_,7.565µm
_01477_,7.565µm
_02406_,7.565µm
_02499_,7.565µm
_02530_,7.565µm
_02613_,7.565µm
_03422_,7.565µm
_03677_,7.565µm
_04676_,7.565µm
_05425_,7.565µm
_05468_,7.565µm
_05605_,7.565µm
_06345_,7.565µm
_05154_,7.56µm
_06861_,7.56µm
_07973_,7.56µm
_08180_,7.56µm
_08605_,7.56µm
_08641_,7.56µm
_08967_,7.56µm
_08988_,7.56µm
_09430_,7.56µm
_09473_,7.56µm
_11680_,7.56µm
_12390_,7.56µm
_13076_,7.56µm
_13097_,7.56µm
_13571_,7.56µm
u_accel.actm\[122\]\[3\],7.56µm
u_accel.bfc\[0\]\[23\],7.56µm
u_accel.imem\[26\]\[4\],7.56µm
u_accel.imem\[41\]\[7\],7.56µm
u_accel.wconv\[11\]\[1\],7.56µm
u_accel.wfc\[113\]\[7\],7.56µm
u_accel.wfc\[123\]\[1\],7.56µm
u_accel.wfc\[171\]\[7\],7.56µm
u_accel.wfc\[174\]\[2\],7.56µm
u_accel.wfc\[183\]\[7\],7.56µm
u_accel.wfc\[202\]\[0\],7.56µm
u_accel.wfc\[220\]\[2\],7.56µm
u_accel.wfc\[268\]\[3\],7.56µm
u_accel.wfc\[27\]\[5\],7.56µm
u_accel.wfc\[301\]\[1\],7.56µm
u_accel.wfc\[323\]\[0\],7.56µm
u_accel.wfc\[339\]\[2\],7.56µm
u_accel.wfc\[355\]\[0\],7.56µm
u_accel.wfc\[363\]\[1\],7.56µm
u_accel.wfc\[367\]\[0\],7.56µm
u_accel.wfc\[3\]\[6\],7.56µm
u_accel.wfc\[400\]\[7\],7.56µm
u_accel.wfc\[42\]\[3\],7.56µm
u_accel.wfc\[445\]\[7\],7.56µm
u_accel.wfc\[500\]\[4\],7.56µm
u_accel.wfc\[504\]\[1\],7.56µm
u_accel.wfc\[50\]\[3\],7.56µm
u_accel.wfc\[67\]\[7\],7.56µm
net113,7.56µm
net172,7.56µm
net186,7.56µm
net189,7.56µm
net197,7.56µm
net248,7.56µm
net288,7.56µm
net295,7.56µm
net314,7.56µm
net435,7.56µm
net515,7.56µm
net796,7.56µm
net1041,7.56µm
net1126,7.56µm
net1129,7.56µm
net1161,7.56µm
net1401,7.56µm
net1409,7.56µm
net1474,7.56µm
net1565,7.56µm
net1761,7.56µm
net1781,7.56µm
net1796,7.56µm
net1971,7.56µm
net1975,7.56µm
net2053,7.56µm
net2212,7.56µm
net2213,7.56µm
net2267,7.56µm
net2405,7.56µm
net2443,7.56µm
net2673,7.56µm
net2674,7.56µm
net2741,7.56µm
net2820,7.56µm
net2851,7.56µm
net2909,7.56µm
net2966,7.56µm
net3566,7.56µm
net3676,7.56µm
net3766,7.56µm
net3786,7.56µm
net4007,7.56µm
net4213,7.56µm
net4233,7.56µm
net4289,7.56µm
net4400,7.56µm
net4715,7.56µm
net4991,7.56µm
net5017,7.56µm
net5221,7.56µm
net5317,7.56µm
net5794,7.56µm
net5845,7.56µm
_01965_,7.545µm
_03205_,7.54µm
_04116_,7.54µm
_09252_,7.54µm
_12896_,7.54µm
_13287_,7.54µm
u_accel.imem\[2\]\[0\],7.54µm
u_accel.wfc\[298\]\[1\],7.54µm
u_accel.wfc\[322\]\[4\],7.54µm
u_accel.wfc\[418\]\[6\],7.54µm
u_accel.wfc\[478\]\[2\],7.54µm
_01134_,7.525µm
_01752_,7.525µm
_03153_,7.525µm
_03499_,7.525µm
_03933_,7.525µm
_06799_,7.52µm
_07823_,7.52µm
_07927_,7.52µm
_09447_,7.52µm
_10331_,7.52µm
_12474_,7.52µm
_12529_,7.52µm
_13119_,7.52µm
_13304_,7.52µm
_13621_,7.52µm
u_accel.actm\[127\]\[3\],7.52µm
u_accel.actm\[22\]\[3\],7.52µm
u_accel.actm\[90\]\[0\],7.52µm
u_accel.logitm\[3\]\[5\],7.52µm
u_accel.wconv\[16\]\[6\],7.52µm
u_accel.wconv\[8\]\[0\],7.52µm
u_accel.wfc\[115\]\[0\],7.52µm
u_accel.wfc\[118\]\[6\],7.52µm
u_accel.wfc\[125\]\[7\],7.52µm
u_accel.wfc\[155\]\[4\],7.52µm
u_accel.wfc\[215\]\[5\],7.52µm
u_accel.wfc\[215\]\[6\],7.52µm
u_accel.wfc\[228\]\[7\],7.52µm
u_accel.wfc\[23\]\[5\],7.52µm
u_accel.wfc\[27\]\[7\],7.52µm
u_accel.wfc\[319\]\[2\],7.52µm
u_accel.wfc\[321\]\[1\],7.52µm
u_accel.wfc\[342\]\[6\],7.52µm
u_accel.wfc\[429\]\[0\],7.52µm
u_accel.wfc\[461\]\[1\],7.52µm
u_accel.wfc\[61\]\[1\],7.52µm
u_accel.wfc\[7\]\[6\],7.52µm
u_csr.cfg_q\[21\],7.52µm
u_csr.output_addr_o\[15\],7.52µm
net707,7.52µm
net1068,7.52µm
net1227,7.52µm
net1314,7.52µm
net1836,7.52µm
net2467,7.52µm
net2840,7.52µm
net3511,7.52µm
net3536,7.52µm
net3643,7.52µm
net4083,7.52µm
net4447,7.52µm
net4733,7.52µm
net5564,7.52µm
net5931,7.52µm
_05396_,7.515µm
_04947_,7.505µm
_11302_,7.5µm
_11563_,7.5µm
u_accel.actm\[124\]\[0\],7.5µm
u_accel.imem\[26\]\[6\],7.5µm
u_accel.wfc\[271\]\[6\],7.5µm
u_accel.wfc\[446\]\[6\],7.5µm
u_accel.wfc\[51\]\[7\],7.5µm
_01589_,7.485µm
_02062_,7.485µm
_02835_,7.485µm
_03157_,7.485µm
_03754_,7.485µm
_04353_,7.485µm
_04876_,7.485µm
_05365_,7.485µm
_05952_,7.485µm
_06342_,7.485µm
_08128_,7.48µm
_09347_,7.48µm
_09747_,7.48µm
_11677_,7.48µm
_12231_,7.48µm
_13014_,7.48µm
u_accel.imem\[63\]\[4\],7.48µm
_00688_,7.475µm
_01055_,7.465µm
_06009_,7.465µm
_06202_,7.465µm
_00272_,7.46µm
_00742_,7.46µm
_02742_,7.46µm
_02833_,7.46µm
_05284_,7.46µm
_05732_,7.46µm
_10221_,7.46µm
_13529_,7.46µm
c_rdata\[6\],7.46µm
u_accel.actm\[52\]\[7\],7.46µm
u_accel.wfc\[230\]\[7\],7.46µm
net199,7.46µm
net245,7.46µm
net388,7.46µm
net479,7.46µm
net492,7.46µm
net532,7.46µm
net579,7.46µm
net709,7.46µm
net720,7.46µm
net782,7.46µm
net825,7.46µm
net1029,7.46µm
net1134,7.46µm
net1192,7.46µm
net1279,7.46µm
net1308,7.46µm
net1368,7.46µm
net1411,7.46µm
net1506,7.46µm
net1517,7.46µm
net1537,7.46µm
net1554,7.46µm
net1575,7.46µm
net1596,7.46µm
net1785,7.46µm
net2076,7.46µm
net2095,7.46µm
net2116,7.46µm
net2126,7.46µm
net2223,7.46µm
net2237,7.46µm
net2255,7.46µm
net2275,7.46µm
net2394,7.46µm
net2566,7.46µm
net2627,7.46µm
net2683,7.46µm
net2720,7.46µm
net2838,7.46µm
net2857,7.46µm
net2958,7.46µm
net3007,7.46µm
net3077,7.46µm
net3170,7.46µm
net3233,7.46µm
net3281,7.46µm
net3342,7.46µm
net3515,7.46µm
net3528,7.46µm
net3540,7.46µm
net3555,7.46µm
net3615,7.46µm
net3657,7.46µm
net3750,7.46µm
net3764,7.46µm
net3771,7.46µm
net3810,7.46µm
net3855,7.46µm
net3975,7.46µm
net3976,7.46µm
net3983,7.46µm
net4247,7.46µm
net4348,7.46µm
net4349,7.46µm
net4364,7.46µm
net4415,7.46µm
net4432,7.46µm
net4446,7.46µm
net4549,7.46µm
net4663,7.46µm
net4673,7.46µm
net4686,7.46µm
net4708,7.46µm
net4732,7.46µm
net4776,7.46µm
net4840,7.46µm
net4905,7.46µm
net4924,7.46µm
net5117,7.46µm
net5216,7.46µm
net5217,7.46µm
net5231,7.46µm
net5279,7.46µm
net5341,7.46µm
net5417,7.46µm
net5450,7.46µm
net5462,7.46µm
net5471,7.46µm
net5490,7.46µm
net5557,7.46µm
net5559,7.46µm
net5672,7.46µm
net5752,7.46µm
net5834,7.46µm
net6023,7.46µm
_00115_,7.445µm
_00867_,7.445µm
_04942_,7.445µm
_05768_,7.445µm
u_csr.input_addr_o\[31\],7.445µm
u_csr.weight_addr_o\[4\],7.445µm
_06775_,7.44µm
_06931_,7.44µm
_08258_,7.44µm
_09256_,7.44µm
_09429_,7.44µm
_11907_,7.44µm
_12102_,7.44µm
_12916_,7.44µm
_13084_,7.44µm
_13183_,7.44µm
_13320_,7.44µm
_13398_,7.44µm
_13473_,7.44µm
u_accel.actm\[120\]\[6\],7.44µm
u_accel.bconv\[1\]\[15\],7.44µm
u_accel.imem\[24\]\[5\],7.44µm
u_accel.imem\[50\]\[7\],7.44µm
u_accel.wfc\[274\]\[2\],7.44µm
u_accel.wfc\[343\]\[3\],7.44µm
u_accel.wfc\[347\]\[1\],7.44µm
u_accel.wfc\[427\]\[4\],7.44µm
u_accel.wfc\[430\]\[3\],7.44µm
u_accel.wfc\[430\]\[5\],7.44µm
u_accel.wfc\[448\]\[4\],7.44µm
u_accel.wfc\[467\]\[3\],7.44µm
u_accel.wfc\[484\]\[5\],7.44µm
u_accel.wfc\[493\]\[0\],7.44µm
u_accel.wfc\[63\]\[5\],7.44µm
u_accel.wfc\[6\]\[2\],7.44µm
net444,7.44µm
net622,7.44µm
net878,7.44µm
net1055,7.44µm
net1373,7.44µm
net2619,7.44µm
net3254,7.44µm
net4629,7.44µm
net5430,7.44µm
_02176_,7.42µm
_11307_,7.42µm
d_rdata\[2\],7.42µm
u_accel.actm\[31\]\[5\],7.42µm
u_accel.wfc\[113\]\[2\],7.42µm
u_accel.wfc\[11\]\[0\],7.42µm
u_accel.wfc\[132\]\[0\],7.42µm
u_accel.wfc\[15\]\[3\],7.42µm
u_accel.wfc\[216\]\[6\],7.42µm
u_accel.wfc\[442\]\[1\],7.42µm
u_accel.wfc\[447\]\[4\],7.42µm
u_accel.wfc\[493\]\[7\],7.42µm
u_accel.wfc\[4\]\[1\],7.42µm
net448,7.42µm
net525,7.42µm
net1447,7.42µm
net1623,7.42µm
net1717,7.42µm
net1912,7.42µm
net1932,7.42µm
net2128,7.42µm
net2303,7.42µm
net2365,7.42µm
net2835,7.42µm
net3098,7.42µm
net3117,7.42µm
net3171,7.42µm
net3261,7.42µm
net3285,7.42µm
net4589,7.42µm
net4718,7.42µm
net5253,7.42µm
net5848,7.42µm
_10845_,7.405µm
u_accel.actm\[121\]\[5\],7.405µm
_06614_,7.4µm
_07811_,7.4µm
_08663_,7.4µm
_11251_,7.4µm
_11920_,7.4µm
_12382_,7.4µm
_12557_,7.4µm
_12605_,7.4µm
_12899_,7.4µm
_13624_,7.4µm
u_accel.actm\[103\]\[3\],7.4µm
u_accel.actm\[123\]\[4\],7.4µm
u_accel.actm\[13\]\[3\],7.4µm
u_accel.actm\[59\]\[4\],7.4µm
u_accel.actm\[9\]\[0\],7.4µm
u_accel.wfc\[189\]\[4\],7.4µm
u_accel.wfc\[203\]\[6\],7.4µm
u_accel.wfc\[21\]\[0\],7.4µm
u_accel.wfc\[282\]\[0\],7.4µm
u_accel.wfc\[283\]\[7\],7.4µm
u_accel.wfc\[445\]\[3\],7.4µm
u_accel.wfc\[75\]\[2\],7.4µm
u_accel.wfc\[86\]\[7\],7.4µm
net1422,7.4µm
net2364,7.4µm
net2879,7.4µm
_01562_,7.385µm
_01579_,7.385µm
_01758_,7.385µm
_02307_,7.385µm
_02311_,7.385µm
_02842_,7.385µm
_05016_,7.385µm
_05854_,7.385µm
_09632_,7.38µm
_10544_,7.38µm
_10625_,7.38µm
_10671_,7.38µm
_11936_,7.38µm
u_accel.bconv\[0\]\[3\],7.38µm
net2784,7.38µm
net6070,7.38µm
_04041_,7.365µm
_07042_,7.36µm
_10721_,7.36µm
_11689_,7.36µm
net126,7.36µm
net400,7.36µm
net403,7.36µm
net1143,7.36µm
net1301,7.36µm
net1606,7.36µm
net1775,7.36µm
net1827,7.36µm
net1941,7.36µm
net2040,7.36µm
net2107,7.36µm
net2390,7.36µm
net2764,7.36µm
net3762,7.36µm
net4408,7.36µm
net5296,7.36µm
net5662,7.36µm
_01221_,7.345µm
_01257_,7.345µm
_02329_,7.345µm
_03393_,7.345µm
_03462_,7.345µm
_03695_,7.345µm
_04242_,7.345µm
_04527_,7.345µm
_05473_,7.345µm
_06296_,7.345µm
_04798_,7.34µm
_04979_,7.34µm
_05169_,7.34µm
_06519_,7.34µm
_08968_,7.34µm
u_accel.bfc\[0\]\[25\],7.34µm
u_csr.len_o\[14\],7.34µm
net320,7.34µm
net632,7.34µm
net842,7.34µm
net1114,7.34µm
net1116,7.34µm
net1487,7.34µm
net2762,7.34µm
net3167,7.34µm
net5356,7.34µm
_06044_,7.32µm
_06776_,7.32µm
_07976_,7.32µm
_08024_,7.32µm
_08298_,7.32µm
_08329_,7.32µm
_13443_,7.32µm
u_accel.actm\[76\]\[6\],7.32µm
u_accel.actm\[81\]\[5\],7.32µm
u_accel.ii\[11\],7.32µm
u_accel.imem\[5\]\[0\],7.32µm
u_accel.logitm\[2\]\[2\],7.32µm
u_accel.wconv\[13\]\[7\],7.32µm
u_accel.wfc\[120\]\[2\],7.32µm
u_accel.wfc\[267\]\[3\],7.32µm
u_accel.wfc\[278\]\[7\],7.32µm
u_accel.wfc\[322\]\[3\],7.32µm
u_accel.wfc\[33\]\[1\],7.32µm
u_accel.wfc\[415\]\[7\],7.32µm
net3506,7.32µm
net4309,7.32µm
net4459,7.32µm
_04595_,7.315µm
_00167_,7.305µm
_00319_,7.305µm
_00422_,7.305µm
_00501_,7.305µm
_01075_,7.305µm
_01136_,7.305µm
_01688_,7.305µm
_01763_,7.305µm
_02474_,7.305µm
_02608_,7.305µm
_04011_,7.305µm
_04165_,7.305µm
_04399_,7.305µm
_04580_,7.305µm
_04682_,7.305µm
_04726_,7.305µm
_04790_,7.305µm
_04911_,7.305µm
_04945_,7.305µm
_05145_,7.3µm
_05197_,7.3µm
_05231_,7.3µm
_09082_,7.3µm
_09594_,7.3µm
u_accel.actm\[20\]\[6\],7.3µm
u_accel.actm\[22\]\[4\],7.3µm
u_accel.actm\[30\]\[6\],7.3µm
u_accel.actm\[71\]\[3\],7.3µm
u_accel.imem\[37\]\[3\],7.3µm
u_accel.wfc\[154\]\[1\],7.3µm
u_accel.wfc\[162\]\[6\],7.3µm
u_accel.wfc\[396\]\[3\],7.3µm
u_accel.wfc\[501\]\[3\],7.3µm
u_accel.wfc\[9\]\[0\],7.3µm
_00360_,7.285µm
_02644_,7.285µm
_02947_,7.285µm
_03012_,7.285µm
_03109_,7.285µm
_03715_,7.285µm
_04592_,7.285µm
_05760_,7.285µm
_08646_,7.28µm
_10443_,7.28µm
_11476_,7.28µm
u_accel.actm\[105\]\[1\],7.28µm
u_accel.actm\[10\]\[2\],7.28µm
u_accel.actm\[43\]\[2\],7.28µm
u_accel.imem\[12\]\[2\],7.28µm
u_accel.imem\[38\]\[0\],7.28µm
u_accel.imem\[38\]\[5\],7.28µm
u_accel.logitm\[0\]\[12\],7.28µm
u_accel.wfc\[137\]\[4\],7.28µm
u_accel.wfc\[19\]\[7\],7.28µm
u_accel.wfc\[223\]\[3\],7.28µm
u_accel.wfc\[287\]\[2\],7.28µm
u_accel.wfc\[299\]\[4\],7.28µm
u_accel.wfc\[307\]\[4\],7.28µm
u_accel.wfc\[327\]\[1\],7.28µm
u_accel.wfc\[339\]\[7\],7.28µm
u_accel.wfc\[341\]\[0\],7.28µm
u_accel.wfc\[371\]\[4\],7.28µm
u_accel.wfc\[407\]\[3\],7.28µm
u_accel.wfc\[417\]\[3\],7.28µm
u_accel.wfc\[419\]\[5\],7.28µm
u_accel.wfc\[419\]\[7\],7.28µm
u_accel.wfc\[435\]\[7\],7.28µm
u_accel.wfc\[443\]\[1\],7.28µm
u_accel.wfc\[81\]\[4\],7.28µm
net1038,7.28µm
net3722,7.28µm
_02167_,7.275µm
_13072_,7.275µm
_04422_,7.265µm
_05533_,7.265µm
_06484_,7.26µm
_06607_,7.26µm
_06670_,7.26µm
_12046_,7.26µm
u_accel.wfc\[57\]\[7\],7.26µm
_01181_,7.245µm
_03145_,7.245µm
_03855_,7.245µm
_04281_,7.245µm
_13949_,7.24µm
net2193,7.24µm
net2946,7.24µm
net3260,7.24µm
net6004,7.24µm
net6065,7.24µm
_00583_,7.225µm
_02740_,7.225µm
_03930_,7.225µm
_04780_,7.225µm
_11500_,7.225µm
_05005_,7.22µm
_06563_,7.22µm
_06711_,7.22µm
_08017_,7.22µm
_08149_,7.22µm
_09509_,7.22µm
_11202_,7.22µm
_13026_,7.22µm
_13031_,7.22µm
u_accel.actm\[21\]\[6\],7.22µm
u_accel.actm\[79\]\[6\],7.22µm
u_accel.actm\[88\]\[1\],7.22µm
u_accel.c\[19\],7.22µm
u_accel.f\[11\],7.22µm
u_accel.f\[5\],7.22µm
u_accel.logitm\[2\]\[3\],7.22µm
u_accel.wfc\[130\]\[6\],7.22µm
u_accel.wfc\[17\]\[6\],7.22µm
u_accel.wfc\[198\]\[1\],7.22µm
u_accel.wfc\[201\]\[7\],7.22µm
u_accel.wfc\[262\]\[7\],7.22µm
u_accel.wfc\[292\]\[1\],7.22µm
u_accel.wfc\[312\]\[2\],7.22µm
u_accel.wfc\[34\]\[6\],7.22µm
u_accel.wfc\[352\]\[0\],7.22µm
u_accel.wfc\[402\]\[5\],7.22µm
u_accel.wfc\[421\]\[7\],7.22µm
u_accel.wfc\[449\]\[6\],7.22µm
u_accel.wfc\[484\]\[4\],7.22µm
u_accel.wfc\[500\]\[3\],7.22µm
u_accel.wfc\[54\]\[3\],7.22µm
u_csr.ctrl_q\[17\],7.22µm
net1404,7.22µm
net1870,7.22µm
net2038,7.22µm
net2611,7.22µm
net2676,7.22µm
net3044,7.22µm
net3073,7.22µm
net3253,7.22µm
net3270,7.22µm
net3331,7.22µm
net3639,7.22µm
net3701,7.22µm
net3746,7.22µm
net3781,7.22µm
net3998,7.22µm
net4049,7.22µm
net4108,7.22µm
net4120,7.22µm
net4136,7.22µm
net4180,7.22µm
net4242,7.22µm
net4562,7.22µm
net4567,7.22µm
net4640,7.22µm
net4832,7.22µm
net5021,7.22µm
net5076,7.22µm
net5162,7.22µm
net5171,7.22µm
net5306,7.22µm
net5534,7.22µm
net5550,7.22µm
net5614,7.22µm
net5628,7.22µm
net5643,7.22µm
net5669,7.22µm
net5770,7.22µm
net5800,7.22µm
net5948,7.22µm
net5954,7.22µm
net6058,7.22µm
net6116,7.22µm
net6120,7.22µm
_08127_,7.205µm
_10699_,7.2µm
_11797_,7.2µm
_12722_,7.2µm
_12986_,7.2µm
_13313_,7.2µm
u_accel.actm\[28\]\[5\],7.2µm
u_accel.bfc\[2\]\[1\],7.2µm
u_accel.logitm\[0\]\[8\],7.2µm
u_accel.wfc\[114\]\[1\],7.2µm
u_accel.wfc\[192\]\[7\],7.2µm
u_accel.wfc\[213\]\[0\],7.2µm
u_accel.wfc\[231\]\[0\],7.2µm
u_accel.wfc\[303\]\[6\],7.2µm
u_accel.wfc\[363\]\[0\],7.2µm
u_accel.wfc\[400\]\[6\],7.2µm
u_accel.wfc\[401\]\[2\],7.2µm
u_accel.wfc\[479\]\[0\],7.2µm
u_accel.wfc\[59\]\[5\],7.2µm
net3182,7.2µm
_00533_,7.185µm
_05224_,7.18µm
_06802_,7.18µm
_07820_,7.18µm
_07846_,7.18µm
_07953_,7.18µm
_08295_,7.18µm
_09288_,7.18µm
_09470_,7.18µm
_09723_,7.18µm
_09773_,7.18µm
_09819_,7.18µm
_10740_,7.18µm
_10800_,7.18µm
_11164_,7.18µm
_12115_,7.18µm
_12464_,7.18µm
_12662_,7.18µm
_13214_,7.18µm
_14136_,7.18µm
_14203_,7.18µm
u_accel.actm\[0\]\[2\],7.18µm
u_accel.actm\[113\]\[0\],7.18µm
u_accel.actm\[23\]\[7\],7.18µm
u_accel.actm\[35\]\[0\],7.18µm
u_accel.actm\[74\]\[7\],7.18µm
u_accel.actm\[87\]\[5\],7.18µm
u_accel.bfc\[2\]\[11\],7.18µm
u_accel.imem\[14\]\[3\],7.18µm
u_accel.imem\[1\]\[4\],7.18µm
u_accel.imem\[22\]\[3\],7.18µm
u_accel.imem\[54\]\[3\],7.18µm
u_accel.imem\[56\]\[5\],7.18µm
u_accel.wconv\[10\]\[7\],7.18µm
u_accel.wconv\[13\]\[0\],7.18µm
u_accel.wconv\[17\]\[3\],7.18µm
u_accel.wconv\[17\]\[7\],7.18µm
u_accel.wfc\[102\]\[6\],7.18µm
u_accel.wfc\[118\]\[3\],7.18µm
u_accel.wfc\[15\]\[4\],7.18µm
u_accel.wfc\[173\]\[3\],7.18µm
u_accel.wfc\[182\]\[5\],7.18µm
u_accel.wfc\[210\]\[6\],7.18µm
u_accel.wfc\[230\]\[1\],7.18µm
u_accel.wfc\[238\]\[2\],7.18µm
u_accel.wfc\[243\]\[3\],7.18µm
u_accel.wfc\[265\]\[6\],7.18µm
u_accel.wfc\[277\]\[0\],7.18µm
u_accel.wfc\[278\]\[6\],7.18µm
u_accel.wfc\[286\]\[3\],7.18µm
u_accel.wfc\[306\]\[4\],7.18µm
u_accel.wfc\[318\]\[4\],7.18µm
u_accel.wfc\[334\]\[1\],7.18µm
u_accel.wfc\[368\]\[2\],7.18µm
u_accel.wfc\[415\]\[5\],7.18µm
u_accel.wfc\[471\]\[2\],7.18µm
u_accel.wfc\[482\]\[7\],7.18µm
u_accel.wfc\[498\]\[2\],7.18µm
u_accel.wfc\[507\]\[7\],7.18µm
u_accel.wfc\[508\]\[3\],7.18µm
u_accel.wfc\[63\]\[7\],7.18µm
u_accel.wfc\[74\]\[6\],7.18µm
u_accel.wfc\[79\]\[4\],7.18µm
u_accel.wfc\[7\]\[4\],7.18µm
net3669,7.18µm
net4082,7.18µm
net4519,7.18µm
net4627,7.18µm
net5470,7.18µm
net5548,7.18µm
net5829,7.18µm
net5837,7.18µm
net6018,7.18µm
u_accel.imem\[12\]\[5\],7.175µm
_00479_,7.165µm
_00627_,7.165µm
_08196_,7.16µm
_09209_,7.16µm
_12384_,7.16µm
_13409_,7.16µm
u_accel.actm\[102\]\[2\],7.16µm
u_accel.actm\[120\]\[3\],7.16µm
u_accel.actm\[84\]\[1\],7.16µm
u_accel.actm\[97\]\[3\],7.16µm
u_accel.imem\[11\]\[1\],7.16µm
u_accel.imem\[37\]\[1\],7.16µm
u_accel.imem\[52\]\[5\],7.16µm
u_accel.wfc\[154\]\[7\],7.16µm
u_accel.wfc\[183\]\[5\],7.16µm
u_accel.wfc\[212\]\[5\],7.16µm
u_accel.wfc\[221\]\[0\],7.16µm
u_accel.wfc\[302\]\[4\],7.16µm
u_accel.wfc\[349\]\[2\],7.16µm
u_accel.wfc\[39\]\[1\],7.16µm
u_accel.wfc\[450\]\[1\],7.16µm
u_accel.wfc\[450\]\[6\],7.16µm
u_accel.wfc\[466\]\[6\],7.16µm
u_accel.wfc\[494\]\[5\],7.16µm
u_accel.wfc\[510\]\[0\],7.16µm
u_accel.wfc\[56\]\[0\],7.16µm
u_accel.wfc\[7\]\[3\],7.16µm
_00782_,7.145µm
_02244_,7.145µm
_02316_,7.145µm
_02352_,7.145µm
_02637_,7.145µm
_03059_,7.145µm
_03233_,7.145µm
_04028_,7.145µm
_04030_,7.145µm
_04141_,7.145µm
_04574_,7.145µm
_04734_,7.145µm
_04753_,7.145µm
_05522_,7.145µm
_05572_,7.145µm
_05736_,7.145µm
_06112_,7.145µm
_06159_,7.145µm
_06397_,7.145µm
_08560_,7.14µm
_08884_,7.14µm
_09403_,7.14µm
_10225_,7.14µm
_10235_,7.14µm
_11598_,7.14µm
_12274_,7.14µm
_12437_,7.14µm
net6093,7.14µm
_07770_,7.13µm
_08684_,7.12µm
u_accel.wfc\[158\]\[3\],7.12µm
u_accel.wfc\[86\]\[0\],7.12µm
net1268,7.12µm
_00612_,7.105µm
_01131_,7.105µm
_01178_,7.105µm
_01322_,7.105µm
_01914_,7.105µm
_02505_,7.105µm
_02604_,7.105µm
_02632_,7.105µm
_02706_,7.105µm
_02850_,7.105µm
_02932_,7.105µm
_03395_,7.105µm
_03416_,7.105µm
_03545_,7.105µm
_04120_,7.105µm
_04561_,7.105µm
_05311_,7.105µm
_05451_,7.105µm
_05681_,7.105µm
_05851_,7.105µm
_06265_,7.105µm
_06685_,7.1µm
_07902_,7.1µm
_07909_,7.1µm
_09261_,7.1µm
_09856_,7.1µm
_10042_,7.1µm
_10133_,7.1µm
_10890_,7.1µm
_11913_,7.1µm
_12410_,7.1µm
_14134_,7.1µm
axi_acc_addr\[2\],7.1µm
u_accel.actm\[126\]\[6\],7.1µm
u_accel.actm\[19\]\[4\],7.1µm
u_accel.actm\[1\]\[6\],7.1µm
u_accel.actm\[49\]\[2\],7.1µm
u_accel.actm\[52\]\[2\],7.1µm
u_accel.bfc\[0\]\[10\],7.1µm
u_accel.c\[29\],7.1µm
u_accel.imem\[17\]\[4\],7.1µm
u_accel.imem\[30\]\[7\],7.1µm
u_accel.wfc\[119\]\[2\],7.1µm
u_accel.wfc\[147\]\[2\],7.1µm
u_accel.wfc\[147\]\[6\],7.1µm
u_accel.wfc\[231\]\[4\],7.1µm
u_accel.wfc\[263\]\[3\],7.1µm
u_accel.wfc\[26\]\[7\],7.1µm
u_accel.wfc\[305\]\[4\],7.1µm
u_accel.wfc\[323\]\[7\],7.1µm
u_accel.wfc\[355\]\[7\],7.1µm
u_accel.wfc\[395\]\[6\],7.1µm
u_accel.wfc\[402\]\[6\],7.1µm
u_accel.wfc\[410\]\[3\],7.1µm
u_accel.wfc\[419\]\[3\],7.1µm
u_accel.wfc\[447\]\[6\],7.1µm
u_accel.wfc\[476\]\[3\],7.1µm
u_accel.wfc\[64\]\[4\],7.1µm
u_accel.wfc\[79\]\[7\],7.1µm
u_accel.wfc\[90\]\[0\],7.1µm
u_csr.input_addr_o\[30\],7.1µm
u_csr.len_o\[25\],7.1µm
u_csr.weight_addr_o\[28\],7.1µm
net106,7.1µm
net145,7.1µm
net147,7.1µm
net150,7.1µm
net175,7.1µm
net200,7.1µm
net201,7.1µm
net212,7.1µm
net234,7.1µm
net254,7.1µm
net257,7.1µm
net268,7.1µm
net310,7.1µm
net317,7.1µm
net325,7.1µm
net379,7.1µm
net381,7.1µm
net386,7.1µm
net398,7.1µm
net399,7.1µm
net402,7.1µm
net432,7.1µm
net493,7.1µm
net494,7.1µm
net508,7.1µm
net513,7.1µm
net628,7.1µm
net659,7.1µm
net717,7.1µm
net721,7.1µm
net763,7.1µm
net892,7.1µm
net1119,7.1µm
net1128,7.1µm
net1290,7.1µm
net1434,7.1µm
net1498,7.1µm
net1598,7.1µm
net1660,7.1µm
net1730,7.1µm
net1780,7.1µm
net1823,7.1µm
net1874,7.1µm
net1888,7.1µm
net1923,7.1µm
net1926,7.1µm
net1931,7.1µm
net1960,7.1µm
net2071,7.1µm
net2080,7.1µm
net2119,7.1µm
net2230,7.1µm
net2302,7.1µm
net2431,7.1µm
net2564,7.1µm
net2570,7.1µm
net2810,7.1µm
net2865,7.1µm
net2871,7.1µm
net2913,7.1µm
net2970,7.1µm
net3246,7.1µm
net3301,7.1µm
net3302,7.1µm
net3358,7.1µm
net3389,7.1µm
net3431,7.1µm
net3677,7.1µm
net3753,7.1µm
net3789,7.1µm
net4202,7.1µm
net4333,7.1µm
net4485,7.1µm
net4556,7.1µm
net4746,7.1µm
net4899,7.1µm
net5515,7.1µm
_00063_,7.085µm
_01455_,7.085µm
_02503_,7.085µm
_04452_,7.085µm
_05832_,7.085µm
_01407_,7.08µm
_13265_,7.08µm
u_accel.actm\[67\]\[5\],7.08µm
u_accel.wfc\[194\]\[1\],7.08µm
u_accel.wfc\[226\]\[1\],7.08µm
u_accel.wfc\[230\]\[0\],7.08µm
u_accel.wfc\[230\]\[3\],7.08µm
u_accel.wfc\[370\]\[0\],7.08µm
u_accel.wfc\[375\]\[0\],7.08µm
u_accel.wfc\[434\]\[3\],7.08µm
u_accel.wfc\[438\]\[1\],7.08µm
u_accel.wfc\[462\]\[1\],7.08µm
u_accel.wfc\[82\]\[1\],7.08µm
u_accel.wfc\[95\]\[5\],7.08µm
_04799_,7.075µm
_09325_,7.06µm
_09724_,7.06µm
_10188_,7.06µm
_10682_,7.06µm
_10833_,7.06µm
_11343_,7.06µm
_11423_,7.06µm
_11438_,7.06µm
_11586_,7.06µm
_11662_,7.06µm
_12997_,7.06µm
_13266_,7.06µm
_13419_,7.06µm
_13533_,7.06µm
_13915_,7.06µm
_13974_,7.06µm
u_accel.actm\[104\]\[2\],7.06µm
u_accel.actm\[17\]\[4\],7.06µm
u_accel.actm\[3\]\[6\],7.06µm
u_accel.actm\[66\]\[4\],7.06µm
u_accel.actm\[74\]\[3\],7.06µm
u_accel.bfc\[1\]\[19\],7.06µm
u_accel.imem\[27\]\[0\],7.06µm
u_accel.imem\[34\]\[2\],7.06µm
u_accel.imem\[35\]\[2\],7.06µm
u_accel.imem\[41\]\[5\],7.06µm
u_accel.imem\[47\]\[2\],7.06µm
u_accel.logitm\[1\]\[27\],7.06µm
u_accel.logitm\[3\]\[30\],7.06µm
u_accel.wconv\[0\]\[1\],7.06µm
u_accel.wconv\[2\]\[0\],7.06µm
u_accel.wconv\[6\]\[0\],7.06µm
u_accel.wfc\[110\]\[2\],7.06µm
u_accel.wfc\[155\]\[0\],7.06µm
u_accel.wfc\[203\]\[0\],7.06µm
u_accel.wfc\[212\]\[7\],7.06µm
u_accel.wfc\[218\]\[4\],7.06µm
u_accel.wfc\[241\]\[4\],7.06µm
u_accel.wfc\[25\]\[7\],7.06µm
u_accel.wfc\[289\]\[2\],7.06µm
u_accel.wfc\[327\]\[0\],7.06µm
u_accel.wfc\[399\]\[4\],7.06µm
u_accel.wfc\[406\]\[3\],7.06µm
u_accel.wfc\[413\]\[7\],7.06µm
u_accel.wfc\[497\]\[0\],7.06µm
u_accel.wfc\[507\]\[3\],7.06µm
u_accel.wfc\[508\]\[1\],7.06µm
u_accel.wfc\[7\]\[5\],7.06µm
u_accel.wfc\[87\]\[7\],7.06µm
u_accel.wfc\[89\]\[7\],7.06µm
net549,7.06µm
net968,7.06µm
net2647,7.06µm
net5740,7.06µm
net6055,7.06µm
_04718_,7.055µm
_04878_,7.055µm
u_accel.actm\[3\]\[2\],7.04µm
net58,7.04µm
u_accel.imem\[36\]\[6\],7.035µm
_00397_,7.025µm
_01856_,7.025µm
_02042_,7.025µm
_03407_,7.025µm
_03942_,7.025µm
_04079_,7.025µm
_04690_,7.025µm
_04793_,7.025µm
_06314_,7.025µm
_06349_,7.025µm
_08270_,7.02µm
_00097_,7.015µm
_02500_,7.015µm
_02769_,7.015µm
_06526_,7.005µm
_00486_,7µm
_00637_,7µm
_01929_,7µm
_04438_,7µm
_09710_,7µm
_09864_,7µm
_10022_,7µm
_11419_,7µm
_12977_,7µm
net167,7µm
net188,7µm
net275,7µm
net355,7µm
net368,7µm
net450,7µm
net459,7µm
net723,7µm
net759,7µm
net792,7µm
net808,7µm
net812,7µm
net843,7µm
net918,7µm
net946,7µm
net1101,7µm
net1299,7µm
net1403,7µm
net1408,7µm
net1415,7µm
net1481,7µm
net1514,7µm
net1526,7µm
net1720,7µm
net1776,7µm
net1790,7µm
net1814,7µm
net1846,7µm
net1959,7µm
net1984,7µm
net1986,7µm
net1999,7µm
net2049,7µm
net2097,7µm
net2172,7µm
net2176,7µm
net2190,7µm
net2265,7µm
net2290,7µm
net2349,7µm
net2469,7µm
net2511,7µm
net2523,7µm
net2592,7µm
net2615,7µm
net2640,7µm
net2652,7µm
net2663,7µm
net2687,7µm
net2735,7µm
net2977,7µm
net2993,7µm
net3014,7µm
net3057,7µm
net3070,7µm
net3234,7µm
net3329,7µm
net3445,7µm
net3585,7µm
net3735,7µm
net3867,7µm
net3962,7µm
net3987,7µm
net4000,7µm
net4011,7µm
net4021,7µm
net4206,7µm
net4268,7µm
net4339,7µm
net4365,7µm
net4388,7µm
net4394,7µm
net4421,7µm
net4427,7µm
net4691,7µm
net4701,7µm
net4739,7µm
net4742,7µm
net4747,7µm
net4748,7µm
net4857,7µm
net4946,7µm
net4997,7µm
net5114,7µm
net5153,7µm
net5212,7µm
net5259,7µm
net5282,7µm
net5290,7µm
net5352,7µm
net5364,7µm
net5369,7µm
net5465,7µm
net5520,7µm
net5526,7µm
net5539,7µm
net5553,7µm
net5663,7µm
net5725,7µm
net5744,7µm
_01348_,6.985µm
_02395_,6.985µm
_02576_,6.985µm
_03322_,6.985µm
_04523_,6.985µm
_05163_,6.98µm
_07936_,6.98µm
_08244_,6.98µm
_09449_,6.98µm
_10362_,6.98µm
_10840_,6.98µm
_11741_,6.98µm
_12561_,6.98µm
_13946_,6.98µm
u_accel.bconv\[1\]\[31\],6.98µm
u_accel.logitm\[1\]\[26\],6.98µm
u_accel.wfc\[242\]\[0\],6.98µm
u_accel.wfc\[274\]\[4\],6.98µm
u_accel.wfc\[332\]\[6\],6.98µm
u_accel.wfc\[455\]\[0\],6.98µm
u_csr.cfg_q\[11\],6.98µm
u_csr.len_o\[31\],6.98µm
u_csr.output_addr_o\[22\],6.98µm
u_csr.output_addr_o\[31\],6.98µm
u_csr.weight_addr_o\[24\],6.98µm
net438,6.98µm
net1432,6.98µm
net1589,6.98µm
net2781,6.98µm
net3058,6.98µm
net3801,6.98µm
net4344,6.98µm
net4834,6.98µm
net5842,6.98µm
_06137_,6.975µm
_03000_,6.965µm
_03353_,6.965µm
_00145_,6.96µm
_00571_,6.96µm
_00586_,6.96µm
_01037_,6.96µm
_04426_,6.96µm
_05308_,6.96µm
_08542_,6.96µm
_09071_,6.96µm
_09478_,6.96µm
_10715_,6.96µm
_11422_,6.96µm
_12288_,6.96µm
_12633_,6.96µm
_13539_,6.96µm
u_accel.actm\[105\]\[7\],6.96µm
u_accel.actm\[4\]\[1\],6.96µm
u_accel.actm\[98\]\[3\],6.96µm
u_accel.wfc\[115\]\[2\],6.96µm
u_accel.wfc\[127\]\[3\],6.96µm
u_accel.wfc\[159\]\[7\],6.96µm
u_accel.wfc\[212\]\[3\],6.96µm
u_accel.wfc\[222\]\[1\],6.96µm
u_accel.wfc\[238\]\[7\],6.96µm
u_accel.wfc\[367\]\[6\],6.96µm
u_accel.wfc\[382\]\[3\],6.96µm
u_accel.wfc\[3\]\[4\],6.96µm
u_accel.wfc\[415\]\[1\],6.96µm
u_accel.wfc\[482\]\[2\],6.96µm
u_accel.wfc\[56\]\[6\],6.96µm
u_accel.wfc\[82\]\[0\],6.96µm
net124,6.96µm
net1122,6.96µm
net1634,6.96µm
net1715,6.96µm
net1734,6.96µm
net1835,6.96µm
net2082,6.96µm
net2488,6.96µm
net2645,6.96µm
net4318,6.96µm
net4412,6.96µm
net4579,6.96µm
net4878,6.96µm
net5360,6.96µm
_08808_,6.95µm
_05825_,6.945µm
_03079_,6.94µm
_06796_,6.94µm
_06827_,6.94µm
_07833_,6.94µm
_09112_,6.94µm
_10381_,6.94µm
_11018_,6.94µm
_12519_,6.94µm
_12918_,6.94µm
_13288_,6.94µm
_13530_,6.94µm
_13604_,6.94µm
_14086_,6.94µm
u_accel.actm\[0\]\[1\],6.94µm
u_accel.actm\[122\]\[0\],6.94µm
u_accel.actm\[61\]\[7\],6.94µm
u_accel.actm\[70\]\[6\],6.94µm
u_accel.imem\[19\]\[3\],6.94µm
u_accel.imem\[42\]\[2\],6.94µm
u_accel.imem\[61\]\[2\],6.94µm
u_accel.wfc\[219\]\[7\],6.94µm
u_accel.wfc\[259\]\[6\],6.94µm
u_accel.wfc\[264\]\[4\],6.94µm
u_accel.wfc\[299\]\[6\],6.94µm
u_accel.wfc\[307\]\[5\],6.94µm
u_accel.wfc\[326\]\[0\],6.94µm
u_accel.wfc\[383\]\[5\],6.94µm
u_accel.wfc\[43\]\[6\],6.94µm
u_accel.wfc\[511\]\[1\],6.94µm
net781,6.94µm
net1903,6.94µm
net2686,6.94µm
_03745_,6.935µm
u_accel.imem\[40\]\[0\],6.935µm
_00027_,6.925µm
_00429_,6.925µm
_00977_,6.925µm
_01757_,6.925µm
_02119_,6.925µm
_03070_,6.925µm
_03291_,6.925µm
_03568_,6.925µm
_03920_,6.925µm
_04310_,6.925µm
_04550_,6.925µm
_05517_,6.925µm
_05665_,6.925µm
_05689_,6.925µm
_06082_,6.925µm
_06247_,6.925µm
_05238_,6.92µm
_09282_,6.92µm
_11026_,6.92µm
u_accel.actm\[9\]\[3\],6.92µm
u_accel.wfc\[254\]\[0\],6.92µm
u_accel.wfc\[448\]\[5\],6.92µm
net2951,6.92µm
net5336,6.92µm
_11822_,6.915µm
u_accel.actm\[39\]\[7\],6.91µm
_00852_,6.905µm
_06411_,6.905µm
_08643_,6.9µm
_08781_,6.9µm
_11115_,6.9µm
_12488_,6.9µm
u_accel.logitm\[0\]\[19\],6.9µm
net57,6.9µm
net155,6.9µm
net206,6.9µm
net311,6.9µm
net463,6.9µm
net555,6.9µm
net743,6.9µm
net802,6.9µm
net1079,6.9µm
net1144,6.9µm
net1486,6.9µm
net1557,6.9µm
net1569,6.9µm
net1580,6.9µm
net1788,6.9µm
net1831,6.9µm
net2259,6.9µm
net2571,6.9µm
net2995,6.9µm
net3203,6.9µm
net3231,6.9µm
net3316,6.9µm
net3825,6.9µm
net4173,6.9µm
net4342,6.9µm
net4445,6.9µm
net4504,6.9µm
net4651,6.9µm
net4727,6.9µm
net4770,6.9µm
net4975,6.9µm
net5310,6.9µm
net5345,6.9µm
net5392,6.9µm
net5519,6.9µm
net5866,6.9µm
_00294_,6.885µm
_01179_,6.885µm
_01292_,6.885µm
_02445_,6.885µm
_02477_,6.885µm
_02952_,6.885µm
_03528_,6.885µm
_04075_,6.885µm
_04418_,6.885µm
_04618_,6.885µm
_04873_,6.885µm
_05320_,6.885µm
_05391_,6.885µm
_06105_,6.885µm
_06219_,6.885µm
_00558_,6.88µm
_02645_,6.88µm
_06492_,6.88µm
_07893_,6.88µm
_08534_,6.88µm
_09458_,6.88µm
_09721_,6.88µm
_12753_,6.88µm
u_accel.wfc\[292\]\[6\],6.88µm
net79,6.88µm
net125,6.88µm
net286,6.88µm
net1231,6.88µm
net1915,6.88µm
net1957,6.88µm
net2032,6.88µm
net2437,6.88µm
net3082,6.88µm
net3624,6.88µm
net4103,6.88µm
net4512,6.88µm
net4594,6.88µm
net5009,6.88µm
net5104,6.88µm
net5209,6.88µm
net5759,6.88µm
_00642_,6.865µm
_07842_,6.86µm
_08030_,6.86µm
_10329_,6.86µm
_11955_,6.86µm
_12067_,6.86µm
_13335_,6.86µm
u_accel.actm\[12\]\[7\],6.86µm
u_accel.actm\[18\]\[5\],6.86µm
u_accel.actm\[40\]\[2\],6.86µm
u_accel.actm\[5\]\[2\],6.86µm
u_accel.actm\[80\]\[5\],6.86µm
u_accel.bconv\[0\]\[6\],6.86µm
u_accel.imem\[0\]\[2\],6.86µm
u_accel.imem\[30\]\[5\],6.86µm
u_accel.imem\[59\]\[7\],6.86µm
u_accel.wconv\[14\]\[0\],6.86µm
u_accel.wfc\[150\]\[5\],6.86µm
u_accel.wfc\[230\]\[2\],6.86µm
u_accel.wfc\[285\]\[5\],6.86µm
u_accel.wfc\[311\]\[3\],6.86µm
u_accel.wfc\[344\]\[1\],6.86µm
net764,6.86µm
net3359,6.86µm
net3470,6.86µm
_00974_,6.845µm
_01376_,6.845µm
_01774_,6.845µm
_02595_,6.845µm
_03334_,6.845µm
_03417_,6.845µm
_03536_,6.845µm
_04724_,6.845µm
_04907_,6.845µm
_03619_,6.84µm
_04986_,6.84µm
_06418_,6.84µm
_06522_,6.84µm
_06707_,6.84µm
_08241_,6.84µm
_08929_,6.84µm
_11195_,6.84µm
u_accel.actm\[124\]\[3\],6.84µm
u_accel.actm\[70\]\[1\],6.84µm
u_accel.actm\[84\]\[5\],6.84µm
u_accel.wfc\[101\]\[6\],6.84µm
u_accel.wfc\[150\]\[1\],6.84µm
u_accel.wfc\[183\]\[4\],6.84µm
u_accel.wfc\[233\]\[0\],6.84µm
u_accel.wfc\[319\]\[7\],6.84µm
u_accel.wfc\[461\]\[6\],6.84µm
u_csr.output_addr_o\[12\],6.84µm
net3116,6.84µm
_00600_,6.825µm
_00661_,6.825µm
_02073_,6.825µm
_02298_,6.825µm
_02482_,6.825µm
_03202_,6.825µm
_03431_,6.825µm
_03495_,6.825µm
_04108_,6.825µm
_04109_,6.825µm
_05631_,6.825µm
_05963_,6.825µm
_06285_,6.825µm
_11182_,6.82µm
_11400_,6.82µm
_11716_,6.82µm
_12499_,6.82µm
_12999_,6.82µm
_13173_,6.82µm
_13525_,6.82µm
u_accel.actm\[13\]\[6\],6.82µm
u_accel.actm\[30\]\[2\],6.82µm
u_accel.actm\[71\]\[4\],6.82µm
u_accel.actm\[72\]\[0\],6.82µm
u_accel.bconv\[0\]\[2\],6.82µm
u_accel.bfc\[1\]\[28\],6.82µm
u_accel.imem\[11\]\[7\],6.82µm
u_accel.imem\[60\]\[5\],6.82µm
u_accel.wfc\[167\]\[7\],6.82µm
u_accel.wfc\[169\]\[1\],6.82µm
u_accel.wfc\[237\]\[2\],6.82µm
u_accel.wfc\[255\]\[0\],6.82µm
u_accel.wfc\[327\]\[2\],6.82µm
u_accel.wfc\[367\]\[2\],6.82µm
u_accel.wfc\[399\]\[2\],6.82µm
u_accel.wfc\[7\]\[0\],6.82µm
u_accel.wfc\[85\]\[2\],6.82µm
net6083,6.82µm
_01624_,6.815µm
_03776_,6.805µm
_03827_,6.805µm
_06027_,6.805µm
_05175_,6.8µm
_07838_,6.8µm
_13033_,6.79µm
_05944_,6.785µm
_12514_,6.78µm
_12859_,6.78µm
net131,6.78µm
net507,6.78µm
net2964,6.78µm
net3893,6.78µm
net5996,6.78µm
net6035,6.78µm
_00329_,6.765µm
_01006_,6.765µm
_01323_,6.765µm
_01915_,6.765µm
_02212_,6.765µm
_02726_,6.765µm
_03077_,6.765µm
u_csr.weight_addr_o\[10\],6.765µm
_05097_,6.76µm
_05221_,6.76µm
_09263_,6.76µm
_09311_,6.76µm
_09400_,6.76µm
_11489_,6.76µm
_11859_,6.76µm
_12186_,6.76µm
_12967_,6.76µm
_13351_,6.76µm
_13395_,6.76µm
_13575_,6.76µm
_13636_,6.76µm
u_accel.actm\[34\]\[4\],6.76µm
u_accel.actm\[68\]\[5\],6.76µm
u_accel.actm\[89\]\[2\],6.76µm
u_accel.bconv\[1\]\[4\],6.76µm
u_accel.bfc\[2\]\[27\],6.76µm
u_accel.bfc\[2\]\[4\],6.76µm
u_accel.bfc\[2\]\[7\],6.76µm
u_accel.imem\[17\]\[7\],6.76µm
u_accel.imem\[18\]\[5\],6.76µm
u_accel.imem\[43\]\[1\],6.76µm
u_accel.logitm\[1\]\[25\],6.76µm
u_accel.wfc\[10\]\[3\],6.76µm
u_accel.wfc\[126\]\[2\],6.76µm
u_accel.wfc\[130\]\[7\],6.76µm
u_accel.wfc\[137\]\[5\],6.76µm
u_accel.wfc\[146\]\[7\],6.76µm
u_accel.wfc\[190\]\[2\],6.76µm
u_accel.wfc\[222\]\[0\],6.76µm
u_accel.wfc\[226\]\[6\],6.76µm
u_accel.wfc\[298\]\[7\],6.76µm
u_accel.wfc\[310\]\[1\],6.76µm
u_accel.wfc\[342\]\[7\],6.76µm
u_accel.wfc\[378\]\[6\],6.76µm
u_accel.wfc\[390\]\[4\],6.76µm
u_accel.wfc\[405\]\[4\],6.76µm
u_accel.wfc\[414\]\[0\],6.76µm
u_accel.wfc\[426\]\[7\],6.76µm
u_accel.wfc\[461\]\[7\],6.76µm
u_accel.wfc\[46\]\[0\],6.76µm
u_accel.wfc\[46\]\[4\],6.76µm
u_accel.wfc\[470\]\[2\],6.76µm
u_accel.wfc\[53\]\[2\],6.76µm
u_accel.wfc\[66\]\[7\],6.76µm
u_accel.wfc\[77\]\[7\],6.76µm
u_accel.wfc\[82\]\[7\],6.76µm
u_csr.ctrl_q\[28\],6.76µm
net823,6.76µm
net1994,6.76µm
net2268,6.76µm
net2298,6.76µm
net2408,6.76µm
net2788,6.76µm
net3059,6.76µm
net3076,6.76µm
net3605,6.76µm
net3829,6.76µm
net3875,6.76µm
net3953,6.76µm
net4150,6.76µm
net4243,6.76µm
net4253,6.76µm
net4319,6.76µm
net4380,6.76µm
net4497,6.76µm
net4704,6.76µm
net4890,6.76µm
net4898,6.76µm
net4941,6.76µm
net4992,6.76µm
net5036,6.76µm
net5049,6.76µm
net5058,6.76µm
net5178,6.76µm
net5365,6.76µm
net5402,6.76µm
net5482,6.76µm
net5704,6.76µm
net5730,6.76µm
net5918,6.76µm
net5964,6.76µm
net6024,6.76µm
net6050,6.76µm
net6115,6.76µm
u_accel.bfc\[0\]\[21\],6.755µm
_02687_,6.745µm
_05596_,6.745µm
_08424_,6.74µm
_12979_,6.74µm
_13537_,6.74µm
u_accel.imem\[42\]\[7\],6.74µm
u_accel.imem\[48\]\[3\],6.74µm
u_accel.imem\[53\]\[7\],6.74µm
u_accel.wconv\[12\]\[5\],6.74µm
u_accel.wfc\[265\]\[3\],6.74µm
u_accel.wfc\[303\]\[0\],6.74µm
u_accel.wfc\[315\]\[0\],6.74µm
u_accel.wfc\[503\]\[0\],6.74µm
u_accel.wfc\[93\]\[2\],6.74µm
u_csr.len_o\[8\],6.74µm
_01991_,6.725µm
_05186_,6.72µm
_07914_,6.72µm
_08080_,6.72µm
_08327_,6.72µm
_08472_,6.72µm
_08812_,6.72µm
_09133_,6.72µm
_09164_,6.72µm
_09930_,6.72µm
_09982_,6.72µm
_10317_,6.72µm
_10643_,6.72µm
_10803_,6.72µm
_11146_,6.72µm
_12183_,6.72µm
_13386_,6.72µm
_13420_,6.72µm
_14106_,6.72µm
u_accel.actm\[123\]\[2\],6.72µm
u_accel.actm\[15\]\[6\],6.72µm
u_accel.actm\[18\]\[2\],6.72µm
u_accel.actm\[34\]\[2\],6.72µm
u_accel.actm\[35\]\[5\],6.72µm
u_accel.actm\[41\]\[2\],6.72µm
u_accel.actm\[58\]\[6\],6.72µm
u_accel.actm\[67\]\[7\],6.72µm
u_accel.actm\[8\]\[1\],6.72µm
u_accel.imem\[10\]\[6\],6.72µm
u_accel.imem\[37\]\[4\],6.72µm
u_accel.imem\[51\]\[2\],6.72µm
u_accel.wconv\[4\]\[0\],6.72µm
u_accel.wfc\[106\]\[7\],6.72µm
u_accel.wfc\[110\]\[6\],6.72µm
u_accel.wfc\[159\]\[4\],6.72µm
u_accel.wfc\[159\]\[5\],6.72µm
u_accel.wfc\[162\]\[0\],6.72µm
u_accel.wfc\[173\]\[0\],6.72µm
u_accel.wfc\[178\]\[7\],6.72µm
u_accel.wfc\[179\]\[0\],6.72µm
u_accel.wfc\[203\]\[4\],6.72µm
u_accel.wfc\[255\]\[7\],6.72µm
u_accel.wfc\[26\]\[4\],6.72µm
u_accel.wfc\[277\]\[1\],6.72µm
u_accel.wfc\[320\]\[3\],6.72µm
u_accel.wfc\[326\]\[4\],6.72µm
u_accel.wfc\[33\]\[2\],6.72µm
u_accel.wfc\[346\]\[3\],6.72µm
u_accel.wfc\[390\]\[5\],6.72µm
u_accel.wfc\[434\]\[5\],6.72µm
u_accel.wfc\[464\]\[7\],6.72µm
u_accel.wfc\[466\]\[5\],6.72µm
u_accel.wfc\[46\]\[1\],6.72µm
u_accel.wfc\[470\]\[4\],6.72µm
u_accel.wfc\[474\]\[3\],6.72µm
u_accel.wfc\[492\]\[1\],6.72µm
u_accel.wfc\[62\]\[7\],6.72µm
u_accel.wfc\[6\]\[5\],6.72µm
u_csr.cfg_q\[8\],6.72µm
u_csr.weight_addr_o\[16\],6.72µm
net2696,6.72µm
net3440,6.72µm
net4314,6.72µm
net4387,6.72µm
net4626,6.72µm
net4838,6.72µm
net4903,6.72µm
net5291,6.72µm
net5717,6.72µm
_13017_,6.7µm
u_accel.actm\[123\]\[6\],6.7µm
u_accel.wfc\[169\]\[3\],6.7µm
u_accel.wfc\[202\]\[7\],6.7µm
u_accel.wfc\[238\]\[4\],6.7µm
u_accel.wfc\[370\]\[1\],6.7µm
u_accel.wfc\[370\]\[6\],6.7µm
u_accel.wfc\[40\]\[7\],6.7µm
u_accel.wfc\[54\]\[2\],6.7µm
_01159_,6.695µm
_01897_,6.695µm
_04692_,6.695µm
_04807_,6.695µm
_00043_,6.685µm
_00352_,6.685µm
_00503_,6.685µm
_00553_,6.685µm
_00617_,6.685µm
_00979_,6.685µm
_01066_,6.685µm
_01423_,6.685µm
_01489_,6.685µm
_01646_,6.685µm
_01647_,6.685µm
_01686_,6.685µm
_01903_,6.685µm
_02820_,6.685µm
_02879_,6.685µm
_03557_,6.685µm
_03661_,6.685µm
_03757_,6.685µm
_03926_,6.685µm
_04082_,6.685µm
_04231_,6.685µm
_04507_,6.685µm
_04643_,6.685µm
_05167_,6.685µm
_05603_,6.685µm
_06049_,6.685µm
_06132_,6.685µm
_06188_,6.685µm
_06399_,6.685µm
_00629_,6.675µm
_11314_,6.67µm
_07974_,6.66µm
_09289_,6.66µm
_09554_,6.66µm
_10149_,6.66µm
_10156_,6.66µm
u_accel.actm\[101\]\[5\],6.66µm
u_accel.actm\[18\]\[0\],6.66µm
u_accel.wfc\[190\]\[7\],6.66µm
u_accel.wfc\[322\]\[2\],6.66µm
net690,6.66µm
net1763,6.66µm
net2075,6.66µm
_00069_,6.645µm
_00187_,6.645µm
_00532_,6.645µm
_00677_,6.645µm
_01276_,6.645µm
_01417_,6.645µm
_01486_,6.645µm
_01556_,6.645µm
_03080_,6.645µm
_03321_,6.645µm
_03368_,6.645µm
_03764_,6.645µm
_03836_,6.645µm
_04531_,6.645µm
_05328_,6.645µm
_05499_,6.645µm
_05782_,6.645µm
_05923_,6.645µm
_05991_,6.645µm
_06011_,6.645µm
_06140_,6.645µm
u_accel.logitm\[3\]\[8\],6.645µm
_07996_,6.64µm
_08166_,6.64µm
_08217_,6.64µm
_08759_,6.64µm
_09849_,6.64µm
_10097_,6.64µm
_10177_,6.64µm
_10351_,6.64µm
_10895_,6.64µm
_11403_,6.64µm
_11823_,6.64µm
_11830_,6.64µm
_12176_,6.64µm
_13251_,6.64µm
_13554_,6.64µm
_13646_,6.64µm
_13988_,6.64µm
ld_acc_wdata\[7\],6.64µm
u_accel.actm\[101\]\[1\],6.64µm
u_accel.actm\[114\]\[0\],6.64µm
u_accel.actm\[118\]\[3\],6.64µm
u_accel.actm\[17\]\[2\],6.64µm
u_accel.imem\[23\]\[4\],6.64µm
u_accel.logitm\[3\]\[26\],6.64µm
u_accel.wconv\[8\]\[4\],6.64µm
u_accel.wfc\[123\]\[4\],6.64µm
u_accel.wfc\[128\]\[1\],6.64µm
u_accel.wfc\[128\]\[5\],6.64µm
u_accel.wfc\[144\]\[7\],6.64µm
u_accel.wfc\[170\]\[4\],6.64µm
u_accel.wfc\[190\]\[0\],6.64µm
u_accel.wfc\[243\]\[2\],6.64µm
u_accel.wfc\[245\]\[1\],6.64µm
u_accel.wfc\[273\]\[7\],6.64µm
u_accel.wfc\[303\]\[7\],6.64µm
u_accel.wfc\[309\]\[3\],6.64µm
u_accel.wfc\[315\]\[5\],6.64µm
u_accel.wfc\[318\]\[5\],6.64µm
u_accel.wfc\[323\]\[4\],6.64µm
u_accel.wfc\[351\]\[7\],6.64µm
u_accel.wfc\[35\]\[4\],6.64µm
u_accel.wfc\[371\]\[7\],6.64µm
u_accel.wfc\[383\]\[3\],6.64µm
u_accel.wfc\[401\]\[0\],6.64µm
u_accel.wfc\[407\]\[2\],6.64µm
u_accel.wfc\[407\]\[4\],6.64µm
u_accel.wfc\[42\]\[6\],6.64µm
u_accel.wfc\[442\]\[7\],6.64µm
u_accel.wfc\[448\]\[0\],6.64µm
u_accel.wfc\[487\]\[7\],6.64µm
u_accel.wfc\[493\]\[2\],6.64µm
u_accel.wfc\[507\]\[0\],6.64µm
u_accel.wfc\[511\]\[3\],6.64µm
u_csr.input_addr_o\[5\],6.64µm
u_csr.weight_addr_o\[14\],6.64µm
net134,6.64µm
net191,6.64µm
net553,6.64µm
net744,6.64µm
net769,6.64µm
net1028,6.64µm
net1155,6.64µm
net1467,6.64µm
net1494,6.64µm
net1513,6.64µm
net1585,6.64µm
net1630,6.64µm
net1725,6.64µm
net1825,6.64µm
net1865,6.64µm
net1998,6.64µm
net2129,6.64µm
net2253,6.64µm
net2435,6.64µm
net2521,6.64µm
net2643,6.64µm
net2710,6.64µm
net2928,6.64µm
net2936,6.64µm
net3035,6.64µm
net3325,6.64µm
net3578,6.64µm
net3598,6.64µm
net3612,6.64µm
net3630,6.64µm
net4026,6.64µm
net4167,6.64µm
net4224,6.64µm
net4287,6.64µm
net4467,6.64µm
net4548,6.64µm
net4600,6.64µm
net4624,6.64µm
net4634,6.64µm
net4984,6.64µm
net5040,6.64µm
net5110,6.64µm
net5322,6.64µm
net5481,6.64µm
net5635,6.64µm
net5706,6.64µm
net5873,6.64µm
net5910,6.64µm
_09907_,6.635µm
_01125_,6.625µm
_01244_,6.625µm
_03929_,6.62µm
_04064_,6.62µm
_07816_,6.62µm
_12010_,6.62µm
u_accel.actm\[122\]\[5\],6.62µm
u_accel.bfc\[2\]\[0\],6.62µm
u_accel.bfc\[2\]\[19\],6.62µm
u_accel.imem\[12\]\[6\],6.62µm
u_accel.imem\[46\]\[6\],6.62µm
u_accel.imem\[58\]\[3\],6.62µm
u_accel.wfc\[114\]\[0\],6.62µm
u_accel.wfc\[123\]\[6\],6.62µm
u_accel.wfc\[179\]\[1\],6.62µm
u_accel.wfc\[234\]\[4\],6.62µm
u_accel.wfc\[250\]\[3\],6.62µm
u_accel.wfc\[250\]\[5\],6.62µm
u_accel.wfc\[26\]\[2\],6.62µm
u_accel.wfc\[34\]\[5\],6.62µm
u_accel.wfc\[350\]\[7\],6.62µm
u_accel.wfc\[374\]\[5\],6.62µm
net4745,6.62µm
net5459,6.62µm
_01709_,6.615µm
_01817_,6.615µm
_08380_,6.61µm
u_accel.logitm\[2\]\[6\],6.61µm
u_accel.actm\[34\]\[1\],6.605µm
_06081_,6.6µm
_06432_,6.6µm
_06542_,6.6µm
_07780_,6.6µm
_08041_,6.6µm
_08463_,6.6µm
_09140_,6.6µm
_11060_,6.6µm
_11505_,6.6µm
_11866_,6.6µm
_12358_,6.6µm
_12506_,6.6µm
_12758_,6.6µm
_12866_,6.6µm
_12968_,6.6µm
_13930_,6.6µm
u_accel.actm\[26\]\[2\],6.6µm
u_accel.actm\[41\]\[0\],6.6µm
u_accel.actm\[75\]\[6\],6.6µm
u_accel.actm\[84\]\[4\],6.6µm
u_accel.bconv\[0\]\[5\],6.6µm
u_accel.bconv\[1\]\[21\],6.6µm
u_accel.imem\[10\]\[1\],6.6µm
u_accel.imem\[19\]\[6\],6.6µm
u_accel.wconv\[14\]\[6\],6.6µm
u_accel.wconv\[8\]\[7\],6.6µm
u_accel.wfc\[17\]\[5\],6.6µm
u_accel.wfc\[1\]\[3\],6.6µm
u_accel.wfc\[203\]\[2\],6.6µm
u_accel.wfc\[211\]\[2\],6.6µm
u_accel.wfc\[211\]\[5\],6.6µm
u_accel.wfc\[218\]\[6\],6.6µm
u_accel.wfc\[225\]\[6\],6.6µm
u_accel.wfc\[233\]\[3\],6.6µm
u_accel.wfc\[241\]\[1\],6.6µm
u_accel.wfc\[266\]\[5\],6.6µm
u_accel.wfc\[271\]\[3\],6.6µm
u_accel.wfc\[303\]\[4\],6.6µm
u_accel.wfc\[311\]\[4\],6.6µm
u_accel.wfc\[331\]\[0\],6.6µm
u_accel.wfc\[343\]\[0\],6.6µm
u_accel.wfc\[411\]\[1\],6.6µm
u_accel.wfc\[425\]\[1\],6.6µm
u_accel.wfc\[438\]\[5\],6.6µm
u_accel.wfc\[443\]\[5\],6.6µm
u_accel.wfc\[481\]\[5\],6.6µm
u_accel.wfc\[489\]\[0\],6.6µm
u_accel.wfc\[73\]\[5\],6.6µm
u_accel.wfc\[81\]\[5\],6.6µm
u_csr.ctrl_q\[14\],6.6µm
net828,6.6µm
net896,6.6µm
net1142,6.6µm
net1173,6.6µm
net1745,6.6µm
net2294,6.6µm
net2310,6.6µm
net3326,6.6µm
net3955,6.6µm
net4345,6.6µm
net4681,6.6µm
net4897,6.6µm
_00766_,6.595µm
_12925_,6.58µm
_13515_,6.58µm
_13973_,6.58µm
u_accel.actm\[57\]\[3\],6.58µm
_01583_,6.565µm
_02504_,6.565µm
_03250_,6.565µm
_03981_,6.565µm
_04434_,6.565µm
_04797_,6.565µm
_04860_,6.565µm
_06288_,6.565µm
_06332_,6.565µm
_06407_,6.565µm
_06701_,6.565µm
_06709_,6.565µm
_06793_,6.565µm
_01367_,6.56µm
_01909_,6.56µm
_03611_,6.56µm
_04572_,6.56µm
_13030_,6.55µm
_06327_,6.545µm
_00041_,6.54µm
_00104_,6.54µm
_04883_,6.54µm
_06970_,6.54µm
_10002_,6.54µm
_12190_,6.54µm
u_accel.actm\[118\]\[7\],6.54µm
net250,6.54µm
net261,6.54µm
net315,6.54µm
net524,6.54µm
net596,6.54µm
net656,6.54µm
net689,6.54µm
net692,6.54µm
net722,6.54µm
net728,6.54µm
net735,6.54µm
net838,6.54µm
net866,6.54µm
net902,6.54µm
net947,6.54µm
net973,6.54µm
net986,6.54µm
net1022,6.54µm
net1056,6.54µm
net1074,6.54µm
net1082,6.54µm
net1097,6.54µm
net1242,6.54µm
net1482,6.54µm
net1521,6.54µm
net1545,6.54µm
net1656,6.54µm
net1662,6.54µm
net1676,6.54µm
net1771,6.54µm
net1856,6.54µm
net1981,6.54µm
net2142,6.54µm
net2150,6.54µm
net2224,6.54µm
net2246,6.54µm
net2433,6.54µm
net2513,6.54µm
net2530,6.54µm
net2545,6.54µm
net2595,6.54µm
net2629,6.54µm
net2651,6.54µm
net2681,6.54µm
net2869,6.54µm
net2881,6.54µm
net2900,6.54µm
net2937,6.54µm
net2983,6.54µm
net3029,6.54µm
net3092,6.54µm
net3140,6.54µm
net3209,6.54µm
net3250,6.54µm
net3273,6.54µm
net3341,6.54µm
net3418,6.54µm
net3641,6.54µm
net3647,6.54µm
net3695,6.54µm
net3782,6.54µm
net3811,6.54µm
net3863,6.54µm
net3958,6.54µm
net3997,6.54µm
net4010,6.54µm
net4028,6.54µm
net4050,6.54µm
net4077,6.54µm
net4315,6.54µm
net4428,6.54µm
net4488,6.54µm
net4551,6.54µm
net4585,6.54µm
net4724,6.54µm
net4833,6.54µm
net4853,6.54µm
net4868,6.54µm
net4885,6.54µm
net4912,6.54µm
net4931,6.54µm
net4953,6.54µm
net5077,6.54µm
net5146,6.54µm
net5189,6.54µm
net5318,6.54µm
net5512,6.54µm
net5524,6.54µm
net5576,6.54µm
net5586,6.54µm
net5588,6.54µm
net5606,6.54µm
net5647,6.54µm
net5991,6.54µm
net6020,6.54µm
net6051,6.54µm
_13506_,6.53µm
_00060_,6.525µm
_01128_,6.525µm
_01690_,6.525µm
_02292_,6.525µm
_02714_,6.525µm
_03357_,6.525µm
_03505_,6.525µm
_03964_,6.525µm
_04262_,6.525µm
_06794_,6.52µm
_07869_,6.52µm
_09132_,6.52µm
_09269_,6.52µm
_10697_,6.52µm
_11319_,6.52µm
_11395_,6.52µm
_11609_,6.52µm
_12417_,6.52µm
_13631_,6.52µm
_13643_,6.52µm
_13890_,6.52µm
_13928_,6.52µm
u_accel.actm\[100\]\[6\],6.52µm
u_accel.actm\[69\]\[5\],6.52µm
u_accel.imem\[19\]\[2\],6.52µm
u_accel.imem\[23\]\[2\],6.52µm
u_accel.imem\[50\]\[6\],6.52µm
u_accel.wfc\[37\]\[5\],6.52µm
u_accel.wfc\[479\]\[6\],6.52µm
u_accel.wfc\[98\]\[7\],6.52µm
u_csr.cfg_q\[19\],6.52µm
u_csr.ctrl_q\[31\],6.52µm
u_csr.ctrl_q\[8\],6.52µm
net836,6.52µm
net1160,6.52µm
net2400,6.52µm
net3919,6.52µm
net3931,6.52µm
net5026,6.52µm
net5525,6.52µm
_02090_,6.505µm
_00237_,6.5µm
_04288_,6.5µm
_04430_,6.5µm
_09293_,6.5µm
_09479_,6.5µm
_14135_,6.5µm
u_accel.actm\[32\]\[7\],6.5µm
u_accel.bfc\[0\]\[22\],6.5µm
u_accel.ii\[25\],6.5µm
u_accel.wfc\[270\]\[5\],6.5µm
u_accel.wfc\[509\]\[1\],6.5µm
net706,6.5µm
net870,6.5µm
net949,6.5µm
net2367,6.5µm
net2427,6.5µm
net2597,6.5µm
net2931,6.5µm
net3053,6.5µm
net3292,6.5µm
net3345,6.5µm
net3742,6.5µm
net3756,6.5µm
net3765,6.5µm
net3817,6.5µm
net4434,6.5µm
net5207,6.5µm
net6105,6.5µm
_04345_,6.495µm
u_accel.actm\[49\]\[1\],6.495µm
_10358_,6.49µm
_06574_,6.48µm
_07919_,6.48µm
_08136_,6.48µm
_08154_,6.48µm
_08171_,6.48µm
_08254_,6.48µm
_08635_,6.48µm
_09007_,6.48µm
_09107_,6.48µm
_09393_,6.48µm
_09672_,6.48µm
_11787_,6.48µm
_12202_,6.48µm
_12527_,6.48µm
_12761_,6.48µm
_13231_,6.48µm
_13482_,6.48µm
u_accel.actm\[120\]\[7\],6.48µm
u_accel.actm\[23\]\[2\],6.48µm
u_accel.actm\[33\]\[2\],6.48µm
u_accel.imem\[18\]\[0\],6.48µm
u_accel.imem\[29\]\[4\],6.48µm
u_accel.imem\[62\]\[0\],6.48µm
u_accel.wfc\[11\]\[7\],6.48µm
u_accel.wfc\[166\]\[0\],6.48µm
u_accel.wfc\[231\]\[7\],6.48µm
u_accel.wfc\[31\]\[5\],6.48µm
u_accel.wfc\[349\]\[0\],6.48µm
u_accel.wfc\[391\]\[7\],6.48µm
u_accel.wfc\[472\]\[2\],6.48µm
u_accel.wfc\[47\]\[3\],6.48µm
u_accel.wfc\[90\]\[7\],6.48µm
net4070,6.48µm
net5175,6.48µm
_04278_,6.475µm
_04773_,6.475µm
_00194_,6.465µm
_00796_,6.465µm
_02258_,6.465µm
_02323_,6.465µm
_02828_,6.465µm
_04176_,6.465µm
_04307_,6.465µm
_05266_,6.465µm
_05868_,6.465µm
_06388_,6.465µm
_08669_,6.46µm
_10361_,6.46µm
_11752_,6.46µm
net2214,6.46µm
_02582_,6.445µm
_06828_,6.44µm
_09042_,6.44µm
_09077_,6.44µm
_09268_,6.44µm
_09329_,6.44µm
_10348_,6.44µm
_11704_,6.44µm
net307,6.44µm
net409,6.44µm
net542,6.44µm
net602,6.44µm
net688,6.44µm
net768,6.44µm
net848,6.44µm
net1012,6.44µm
net1086,6.44µm
net1243,6.44µm
net1244,6.44µm
net1250,6.44µm
net1469,6.44µm
net1493,6.44µm
net1844,6.44µm
net1930,6.44µm
net1937,6.44µm
net2024,6.44µm
net2074,6.44µm
net2112,6.44µm
net2144,6.44µm
net2257,6.44µm
net2442,6.44µm
net2478,6.44µm
net2507,6.44µm
net2524,6.44µm
net2548,6.44µm
net2569,6.44µm
net2667,6.44µm
net2789,6.44µm
net2885,6.44µm
net2950,6.44µm
net3060,6.44µm
net3124,6.44µm
net3248,6.44µm
net3299,6.44µm
net3490,6.44µm
net3740,6.44µm
net3906,6.44µm
net3982,6.44µm
net3994,6.44µm
net4013,6.44µm
net4490,6.44µm
net4495,6.44µm
net4540,6.44µm
net4601,6.44µm
net4726,6.44µm
net4932,6.44µm
net4964,6.44µm
net4989,6.44µm
net5113,6.44µm
net5132,6.44µm
net5182,6.44µm
net6048,6.44µm
net6125,6.44µm
_00174_,6.425µm
_00266_,6.425µm
_00463_,6.425µm
_00520_,6.425µm
_00659_,6.425µm
_00824_,6.425µm
_00831_,6.425µm
_01306_,6.425µm
_01336_,6.425µm
_01657_,6.425µm
_01819_,6.425µm
_01862_,6.425µm
_01957_,6.425µm
_01973_,6.425µm
_02310_,6.425µm
_02977_,6.425µm
_03020_,6.425µm
_03591_,6.425µm
_03653_,6.425µm
_04173_,6.425µm
_04260_,6.425µm
_04299_,6.425µm
_04302_,6.425µm
_04389_,6.425µm
_05593_,6.425µm
_00390_,6.42µm
_01425_,6.42µm
_01823_,6.42µm
_04968_,6.42µm
_05019_,6.42µm
_05223_,6.42µm
_06962_,6.42µm
_09307_,6.42µm
_09411_,6.42µm
u_accel.wfc\[112\]\[4\],6.42µm
u_accel.wfc\[280\]\[2\],6.42µm
u_accel.wfc\[312\]\[4\],6.42µm
net538,6.42µm
net565,6.42µm
net711,6.42µm
net716,6.42µm
net858,6.42µm
net912,6.42µm
net1719,6.42µm
net1967,6.42µm
net2146,6.42µm
net2187,6.42µm
net2270,6.42µm
net2327,6.42µm
net2802,6.42µm
net2874,6.42µm
net2884,6.42µm
net5050,6.42µm
net5054,6.42µm
_11656_,6.41µm
_04044_,6.405µm
_06493_,6.4µm
_06615_,6.4µm
_06807_,6.4µm
_08263_,6.4µm
_13269_,6.4µm
_13460_,6.4µm
u_accel.actm\[127\]\[4\],6.4µm
u_accel.actm\[31\]\[3\],6.4µm
u_accel.actm\[51\]\[7\],6.4µm
u_accel.actm\[5\]\[6\],6.4µm
u_accel.actm\[70\]\[0\],6.4µm
u_accel.actm\[86\]\[5\],6.4µm
u_accel.imem\[48\]\[5\],6.4µm
u_accel.wconv\[14\]\[7\],6.4µm
u_accel.wfc\[101\]\[3\],6.4µm
u_accel.wfc\[1\]\[4\],6.4µm
u_accel.wfc\[251\]\[4\],6.4µm
u_accel.wfc\[283\]\[3\],6.4µm
u_accel.wfc\[285\]\[7\],6.4µm
u_accel.wfc\[305\]\[1\],6.4µm
u_accel.wfc\[354\]\[2\],6.4µm
u_accel.wfc\[37\]\[4\],6.4µm
u_accel.wfc\[399\]\[7\],6.4µm
u_accel.wfc\[461\]\[3\],6.4µm
u_accel.wfc\[51\]\[5\],6.4µm
net4235,6.4µm
_01286_,6.395µm
_02276_,6.395µm
_02871_,6.395µm
_05100_,6.38µm
_06791_,6.38µm
_09223_,6.38µm
u_accel.actm\[76\]\[7\],6.38µm
u_accel.actm\[86\]\[6\],6.38µm
u_accel.wfc\[125\]\[0\],6.38µm
u_accel.wfc\[142\]\[2\],6.38µm
u_accel.wfc\[226\]\[5\],6.38µm
u_accel.wfc\[318\]\[1\],6.38µm
u_accel.wfc\[395\]\[5\],6.38µm
u_accel.wfc\[486\]\[0\],6.38µm
u_csr.cfg_q\[18\],6.38µm
net4769,6.38µm
_01704_,6.365µm
_02956_,6.365µm
_03320_,6.365µm
_12500_,6.36µm
_12641_,6.36µm
_12877_,6.36µm
_13104_,6.36µm
_13148_,6.36µm
u_accel.actm\[95\]\[6\],6.36µm
u_accel.logitm\[3\]\[29\],6.36µm
u_accel.wconv\[17\]\[4\],6.36µm
u_accel.wfc\[222\]\[3\],6.36µm
u_accel.wfc\[227\]\[0\],6.36µm
u_accel.wfc\[227\]\[7\],6.36µm
u_accel.wfc\[23\]\[0\],6.36µm
u_accel.wfc\[245\]\[3\],6.36µm
u_accel.wfc\[307\]\[2\],6.36µm
u_accel.wfc\[331\]\[3\],6.36µm
u_accel.wfc\[335\]\[2\],6.36µm
u_accel.wfc\[33\]\[0\],6.36µm
u_accel.wfc\[359\]\[2\],6.36µm
u_accel.wfc\[467\]\[0\],6.36µm
u_accel.wfc\[471\]\[4\],6.36µm
u_accel.wfc\[78\]\[1\],6.36µm
u_accel.wfc\[79\]\[0\],6.36µm
u_accel.wfc\[79\]\[5\],6.36µm
u_accel.wfc\[87\]\[5\],6.36µm
u_accel.wfc\[91\]\[1\],6.36µm
_00490_,6.355µm
_02484_,6.355µm
_04893_,6.355µm
_00100_,6.345µm
_01887_,6.345µm
_02194_,6.345µm
_03548_,6.345µm
_04929_,6.345µm
_05456_,6.345µm
_01023_,6.325µm
_02980_,6.325µm
_07958_,6.32µm
_08707_,6.32µm
_09414_,6.32µm
_09461_,6.32µm
_11892_,6.32µm
_12623_,6.32µm
u_accel.actm\[68\]\[0\],6.32µm
net59,6.32µm
net76,6.32µm
net369,6.32µm
net414,6.32µm
net491,6.32µm
net841,6.32µm
net846,6.32µm
net1608,6.32µm
net2011,6.32µm
net2105,6.32µm
net2277,6.32µm
net2547,6.32µm
net4449,6.32µm
net4612,6.32µm
net5045,6.32µm
net5684,6.32µm
net6008,6.32µm
net6015,6.32µm
net6042,6.32µm
_01266_,6.305µm
_01385_,6.305µm
_01761_,6.305µm
_01827_,6.305µm
_03101_,6.305µm
_03185_,6.305µm
_03199_,6.305µm
_03932_,6.305µm
_04346_,6.305µm
_05286_,6.305µm
_04994_,6.3µm
_05000_,6.3µm
_05023_,6.3µm
_08335_,6.3µm
_08562_,6.3µm
_08567_,6.3µm
_08667_,6.3µm
_09621_,6.3µm
_10708_,6.3µm
_11627_,6.3µm
_12175_,6.3µm
_13516_,6.3µm
_13597_,6.3µm
u_accel.actm\[120\]\[5\],6.3µm
u_accel.actm\[122\]\[6\],6.3µm
u_accel.bfc\[2\]\[24\],6.3µm
u_accel.bfc\[2\]\[6\],6.3µm
u_accel.bfc\[2\]\[9\],6.3µm
u_accel.imem\[27\]\[1\],6.3µm
u_accel.logitm\[2\]\[4\],6.3µm
u_accel.wfc\[106\]\[3\],6.3µm
u_accel.wfc\[114\]\[2\],6.3µm
u_accel.wfc\[120\]\[5\],6.3µm
u_accel.wfc\[122\]\[1\],6.3µm
u_accel.wfc\[128\]\[6\],6.3µm
u_accel.wfc\[166\]\[4\],6.3µm
u_accel.wfc\[172\]\[1\],6.3µm
u_accel.wfc\[218\]\[2\],6.3µm
u_accel.wfc\[238\]\[6\],6.3µm
u_accel.wfc\[25\]\[1\],6.3µm
u_accel.wfc\[274\]\[3\],6.3µm
u_accel.wfc\[342\]\[4\],6.3µm
u_accel.wfc\[346\]\[4\],6.3µm
u_accel.wfc\[390\]\[2\],6.3µm
u_accel.wfc\[394\]\[4\],6.3µm
u_accel.wfc\[400\]\[5\],6.3µm
u_accel.wfc\[406\]\[1\],6.3µm
u_accel.wfc\[410\]\[2\],6.3µm
u_accel.wfc\[426\]\[2\],6.3µm
u_accel.wfc\[446\]\[4\],6.3µm
u_accel.wfc\[494\]\[0\],6.3µm
u_accel.wfc\[502\]\[2\],6.3µm
u_accel.wfc\[502\]\[7\],6.3µm
u_accel.wfc\[58\]\[5\],6.3µm
u_accel.wfc\[62\]\[4\],6.3µm
u_accel.wfc\[62\]\[5\],6.3µm
u_accel.wfc\[90\]\[1\],6.3µm
u_csr.cfg_q\[15\],6.3µm
u_csr.len_o\[6\],6.3µm
u_csr.output_addr_o\[10\],6.3µm
u_csr.weight_addr_o\[12\],6.3µm
u_csr.weight_addr_o\[22\],6.3µm
net1458,6.3µm
net2123,6.3µm
net2200,6.3µm
net2334,6.3µm
net2444,6.3µm
net2475,6.3µm
net2586,6.3µm
net2639,6.3µm
net2670,6.3µm
net2743,6.3µm
net2750,6.3µm
net2873,6.3µm
net2949,6.3µm
net3088,6.3µm
net3121,6.3µm
net3190,6.3µm
net3192,6.3µm
net3330,6.3µm
net3361,6.3µm
net3381,6.3µm
net3401,6.3µm
net3416,6.3µm
net3425,6.3µm
net3466,6.3µm
net3492,6.3µm
net3509,6.3µm
net3510,6.3µm
net3523,6.3µm
net3531,6.3µm
net3603,6.3µm
net3715,6.3µm
net3719,6.3µm
net3739,6.3µm
net3831,6.3µm
net3892,6.3µm
net3908,6.3µm
net3935,6.3µm
net3993,6.3µm
net4037,6.3µm
net4172,6.3µm
net4313,6.3µm
net4386,6.3µm
net4471,6.3µm
net4480,6.3µm
net4500,6.3µm
net4591,6.3µm
net4816,6.3µm
net4962,6.3µm
net4981,6.3µm
net5002,6.3µm
net5079,6.3µm
net5213,6.3µm
net5286,6.3µm
net5300,6.3µm
net5334,6.3µm
net5438,6.3µm
net5501,6.3µm
net5537,6.3µm
net5571,6.3µm
net5649,6.3µm
net5658,6.3µm
net5852,6.3µm
net5867,6.3µm
net5921,6.3µm
net5977,6.3µm
net6068,6.3µm
_09060_,6.295µm
u_accel.wfc\[504\]\[4\],6.295µm
_02486_,6.285µm
_04284_,6.285µm
_04219_,6.28µm
_07032_,6.28µm
_07804_,6.28µm
_08234_,6.28µm
_11250_,6.28µm
_12826_,6.28µm
_12887_,6.28µm
_13342_,6.28µm
_13586_,6.28µm
_13596_,6.28µm
_14015_,6.28µm
u_accel.actm\[107\]\[0\],6.28µm
u_accel.actm\[29\]\[6\],6.28µm
u_accel.actm\[46\]\[2\],6.28µm
u_accel.actm\[49\]\[6\],6.28µm
u_accel.actm\[97\]\[4\],6.28µm
u_accel.actm\[99\]\[4\],6.28µm
u_accel.logitm\[2\]\[26\],6.28µm
u_accel.wfc\[115\]\[6\],6.28µm
u_accel.wfc\[15\]\[6\],6.28µm
u_accel.wfc\[163\]\[7\],6.28µm
u_accel.wfc\[169\]\[5\],6.28µm
u_accel.wfc\[195\]\[0\],6.28µm
u_accel.wfc\[203\]\[1\],6.28µm
u_accel.wfc\[255\]\[1\],6.28µm
u_accel.wfc\[281\]\[1\],6.28µm
u_accel.wfc\[287\]\[3\],6.28µm
u_accel.wfc\[471\]\[6\],6.28µm
u_accel.wfc\[487\]\[3\],6.28µm
u_accel.wfc\[503\]\[3\],6.28µm
_00402_,6.275µm
_00594_,6.275µm
_01107_,6.275µm
_00498_,6.265µm
_02746_,6.265µm
_02907_,6.265µm
_04791_,6.265µm
_05041_,6.26µm
_06433_,6.26µm
_06463_,6.26µm
_06465_,6.26µm
_06906_,6.26µm
_08218_,6.26µm
_08644_,6.26µm
_09266_,6.26µm
_09313_,6.26µm
_10205_,6.26µm
_10211_,6.26µm
_10584_,6.26µm
_10935_,6.26µm
_11001_,6.26µm
_11272_,6.26µm
_11363_,6.26µm
_11452_,6.26µm
_11898_,6.26µm
_12321_,6.26µm
_12344_,6.26µm
_12783_,6.26µm
_13057_,6.26µm
_13277_,6.26µm
_14013_,6.26µm
_14170_,6.26µm
u_accel.actm\[14\]\[3\],6.26µm
u_accel.actm\[33\]\[0\],6.26µm
u_accel.actm\[38\]\[6\],6.26µm
u_accel.actm\[41\]\[1\],6.26µm
u_accel.actm\[55\]\[0\],6.26µm
u_accel.actm\[70\]\[2\],6.26µm
u_accel.actm\[80\]\[3\],6.26µm
u_accel.bconv\[0\]\[20\],6.26µm
u_accel.imem\[11\]\[4\],6.26µm
u_accel.imem\[32\]\[0\],6.26µm
u_accel.imem\[42\]\[5\],6.26µm
u_accel.imem\[59\]\[2\],6.26µm
u_accel.imem\[6\]\[6\],6.26µm
u_accel.wfc\[134\]\[3\],6.26µm
u_accel.wfc\[166\]\[7\],6.26µm
u_accel.wfc\[178\]\[0\],6.26µm
u_accel.wfc\[215\]\[0\],6.26µm
u_accel.wfc\[221\]\[5\],6.26µm
u_accel.wfc\[226\]\[3\],6.26µm
u_accel.wfc\[246\]\[0\],6.26µm
u_accel.wfc\[258\]\[5\],6.26µm
u_accel.wfc\[265\]\[2\],6.26µm
u_accel.wfc\[282\]\[7\],6.26µm
u_accel.wfc\[290\]\[7\],6.26µm
u_accel.wfc\[315\]\[3\],6.26µm
u_accel.wfc\[350\]\[5\],6.26µm
u_accel.wfc\[358\]\[4\],6.26µm
u_accel.wfc\[358\]\[7\],6.26µm
u_accel.wfc\[366\]\[4\],6.26µm
u_accel.wfc\[374\]\[7\],6.26µm
u_accel.wfc\[387\]\[6\],6.26µm
u_accel.wfc\[398\]\[2\],6.26µm
u_accel.wfc\[406\]\[5\],6.26µm
u_accel.wfc\[414\]\[4\],6.26µm
u_accel.wfc\[427\]\[6\],6.26µm
u_accel.wfc\[442\]\[3\],6.26µm
u_accel.wfc\[463\]\[2\],6.26µm
u_accel.wfc\[46\]\[2\],6.26µm
u_accel.wfc\[470\]\[1\],6.26µm
u_accel.wfc\[475\]\[7\],6.26µm
u_accel.wfc\[491\]\[4\],6.26µm
u_accel.wfc\[497\]\[1\],6.26µm
u_accel.wfc\[499\]\[7\],6.26µm
u_accel.wfc\[506\]\[1\],6.26µm
u_accel.wfc\[506\]\[2\],6.26µm
u_accel.wfc\[510\]\[7\],6.26µm
u_accel.wfc\[511\]\[0\],6.26µm
u_accel.wfc\[61\]\[2\],6.26µm
u_accel.wfc\[70\]\[6\],6.26µm
u_accel.wfc\[71\]\[0\],6.26µm
u_accel.wfc\[79\]\[1\],6.26µm
u_accel.wfc\[90\]\[6\],6.26µm
net2010,6.26µm
net3833,6.26µm
net4317,6.26µm
net4811,6.26µm
net5102,6.26µm
net5687,6.26µm
net5741,6.26µm
net6104,6.26µm
u_accel.actm\[4\]\[3\],6.255µm
u_accel.actm\[55\]\[3\],6.24µm
u_accel.actm\[83\]\[3\],6.24µm
u_accel.actm\[9\]\[1\],6.24µm
u_accel.wfc\[258\]\[3\],6.24µm
u_accel.wfc\[267\]\[5\],6.24µm
_01894_,6.235µm
_02348_,6.235µm
_03626_,6.235µm
_04416_,6.235µm
_00135_,6.225µm
_00273_,6.225µm
_00777_,6.225µm
_00808_,6.225µm
_01218_,6.225µm
_01394_,6.225µm
_01608_,6.225µm
_01645_,6.225µm
_01722_,6.225µm
_01809_,6.225µm
_01818_,6.225µm
_01907_,6.225µm
_02139_,6.225µm
_02153_,6.225µm
_02289_,6.225µm
_02472_,6.225µm
_02501_,6.225µm
_02554_,6.225µm
_03005_,6.225µm
_03472_,6.225µm
_03546_,6.225µm
_03752_,6.225µm
_03794_,6.225µm
_03954_,6.225µm
_03983_,6.225µm
_04252_,6.225µm
_04588_,6.225µm
_04845_,6.225µm
_05443_,6.225µm
_05804_,6.225µm
_06155_,6.225µm
_06350_,6.225µm
_07982_,6.2µm
_09028_,6.2µm
_09352_,6.2µm
_11807_,6.2µm
_12006_,6.2µm
_13707_,6.2µm
_14079_,6.2µm
u_accel.wfc\[134\]\[7\],6.2µm
net1110,6.2µm
net1653,6.2µm
net5270,6.2µm
_00124_,6.185µm
_00131_,6.185µm
_00217_,6.185µm
_00226_,6.185µm
_00310_,6.185µm
_00461_,6.185µm
_00607_,6.185µm
_00961_,6.185µm
_00975_,6.185µm
_01388_,6.185µm
_01420_,6.185µm
_01622_,6.185µm
_01716_,6.185µm
_01740_,6.185µm
_02014_,6.185µm
_02640_,6.185µm
_02906_,6.185µm
_02914_,6.185µm
_03487_,6.185µm
_04157_,6.185µm
_04190_,6.185µm
_04810_,6.185µm
_05374_,6.185µm
_05860_,6.185µm
_05881_,6.185µm
_05886_,6.185µm
_05938_,6.185µm
_05993_,6.185µm
_06222_,6.185µm
_11041_,6.185µm
_06421_,6.18µm
_06438_,6.18µm
_06633_,6.18µm
_07790_,6.18µm
_07924_,6.18µm
_08095_,6.18µm
_08104_,6.18µm
_08237_,6.18µm
_08379_,6.18µm
_08875_,6.18µm
_09134_,6.18µm
_09142_,6.18µm
_09693_,6.18µm
_09781_,6.18µm
_10336_,6.18µm
_10446_,6.18µm
_10677_,6.18µm
_10747_,6.18µm
_11410_,6.18µm
_11569_,6.18µm
_11604_,6.18µm
_12957_,6.18µm
_13457_,6.18µm
_13572_,6.18µm
_13605_,6.18µm
_14180_,6.18µm
u_accel.actm\[105\]\[2\],6.18µm
u_accel.actm\[112\]\[2\],6.18µm
u_accel.actm\[119\]\[3\],6.18µm
u_accel.actm\[119\]\[7\],6.18µm
u_accel.actm\[11\]\[4\],6.18µm
u_accel.actm\[124\]\[1\],6.18µm
u_accel.actm\[21\]\[2\],6.18µm
u_accel.actm\[33\]\[4\],6.18µm
u_accel.actm\[39\]\[1\],6.18µm
u_accel.actm\[66\]\[1\],6.18µm
u_accel.actm\[6\]\[4\],6.18µm
u_accel.actm\[73\]\[7\],6.18µm
u_accel.actm\[76\]\[0\],6.18µm
u_accel.actm\[90\]\[2\],6.18µm
u_accel.bfc\[1\]\[6\],6.18µm
u_accel.imem\[41\]\[4\],6.18µm
u_accel.imem\[44\]\[7\],6.18µm
u_accel.imem\[4\]\[4\],6.18µm
u_accel.imem\[63\]\[6\],6.18µm
u_accel.logitm\[1\]\[31\],6.18µm
u_accel.logitm\[3\]\[0\],6.18µm
u_accel.wconv\[7\]\[6\],6.18µm
u_accel.wfc\[101\]\[0\],6.18µm
u_accel.wfc\[10\]\[6\],6.18µm
u_accel.wfc\[119\]\[5\],6.18µm
u_accel.wfc\[119\]\[6\],6.18µm
u_accel.wfc\[123\]\[5\],6.18µm
u_accel.wfc\[195\]\[6\],6.18µm
u_accel.wfc\[1\]\[0\],6.18µm
u_accel.wfc\[227\]\[5\],6.18µm
u_accel.wfc\[235\]\[4\],6.18µm
u_accel.wfc\[239\]\[1\],6.18µm
u_accel.wfc\[274\]\[6\],6.18µm
u_accel.wfc\[287\]\[6\],6.18µm
u_accel.wfc\[295\]\[2\],6.18µm
u_accel.wfc\[29\]\[2\],6.18µm
u_accel.wfc\[321\]\[4\],6.18µm
u_accel.wfc\[335\]\[5\],6.18µm
u_accel.wfc\[380\]\[0\],6.18µm
u_accel.wfc\[391\]\[2\],6.18µm
u_accel.wfc\[409\]\[2\],6.18µm
u_accel.wfc\[435\]\[3\],6.18µm
u_accel.wfc\[45\]\[4\],6.18µm
u_accel.wfc\[464\]\[3\],6.18µm
u_accel.wfc\[47\]\[7\],6.18µm
u_accel.wfc\[487\]\[0\],6.18µm
u_accel.wfc\[51\]\[1\],6.18µm
u_accel.wfc\[73\]\[2\],6.18µm
u_csr.output_addr_o\[18\],6.18µm
net85,6.18µm
net173,6.18µm
net222,6.18µm
net287,6.18µm
net391,6.18µm
net413,6.18µm
net489,6.18µm
net887,6.18µm
net906,6.18µm
net1008,6.18µm
net1044,6.18µm
net1083,6.18µm
net1088,6.18µm
net1364,6.18µm
net1755,6.18µm
net2409,6.18µm
net2891,6.18µm
net2942,6.18µm
net3026,6.18µm
net3453,6.18µm
net3620,6.18µm
net3991,6.18µm
net4166,6.18µm
net4274,6.18µm
_00309_,6.165µm
_00428_,6.165µm
_00475_,6.165µm
_00662_,6.165µm
_00887_,6.165µm
_02570_,6.165µm
_02666_,6.165µm
_04009_,6.165µm
_04436_,6.165µm
_04509_,6.165µm
_05556_,6.165µm
_00005_,6.16µm
_00794_,6.16µm
_02544_,6.16µm
_02730_,6.16µm
_06947_,6.16µm
_12386_,6.16µm
_13215_,6.16µm
u_accel.actm\[16\]\[0\],6.16µm
u_accel.actm\[75\]\[1\],6.16µm
u_accel.bconv\[1\]\[19\],6.16µm
u_accel.imem\[20\]\[2\],6.16µm
u_accel.imem\[43\]\[2\],6.16µm
u_accel.imem\[43\]\[5\],6.16µm
u_accel.wfc\[158\]\[6\],6.16µm
u_accel.wfc\[210\]\[1\],6.16µm
u_accel.wfc\[258\]\[2\],6.16µm
u_accel.wfc\[306\]\[6\],6.16µm
u_accel.wfc\[359\]\[6\],6.16µm
u_accel.wfc\[66\]\[6\],6.16µm
u_accel.wfc\[67\]\[5\],6.16µm
_06650_,6.145µm
_05174_,6.14µm
_07819_,6.14µm
_08007_,6.14µm
_08064_,6.14µm
_08498_,6.14µm
_08856_,6.14µm
_09661_,6.14µm
_09939_,6.14µm
_10330_,6.14µm
_10411_,6.14µm
_10694_,6.14µm
_10868_,6.14µm
_11359_,6.14µm
_11386_,6.14µm
_11457_,6.14µm
_11780_,6.14µm
_12282_,6.14µm
_12342_,6.14µm
_12497_,6.14µm
_12604_,6.14µm
_12870_,6.14µm
_13059_,6.14µm
_13061_,6.14µm
_13124_,6.14µm
_13375_,6.14µm
_13888_,6.14µm
ld_acc_wdata\[0\],6.14µm
u_accel.actm\[118\]\[0\],6.14µm
u_accel.actm\[56\]\[6\],6.14µm
u_accel.actm\[67\]\[2\],6.14µm
u_accel.actm\[69\]\[0\],6.14µm
u_accel.actm\[92\]\[7\],6.14µm
u_accel.imem\[31\]\[3\],6.14µm
u_accel.wfc\[114\]\[4\],6.14µm
u_accel.wfc\[142\]\[6\],6.14µm
u_accel.wfc\[321\]\[3\],6.14µm
u_accel.wfc\[377\]\[1\],6.14µm
u_accel.wfc\[410\]\[6\],6.14µm
net505,6.14µm
net521,6.14µm
net1021,6.14µm
net1102,6.14µm
net1197,6.14µm
net1327,6.14µm
net1657,6.14µm
net2151,6.14µm
net2326,6.14µm
net2393,6.14µm
net2454,6.14µm
net2906,6.14µm
net2971,6.14µm
net3112,6.14µm
net3178,6.14µm
net3821,6.14µm
net4260,6.14µm
net5456,6.14µm
net5545,6.14µm
_01076_,6.135µm
_01820_,6.135µm
_03057_,6.135µm
_03338_,6.135µm
_04297_,6.125µm
_08042_,6.12µm
u_accel.actm\[96\]\[4\],6.12µm
_00079_,6.105µm
_00881_,6.105µm
_00935_,6.105µm
_01927_,6.105µm
_01984_,6.105µm
_02189_,6.105µm
_02359_,6.105µm
_02423_,6.105µm
_03004_,6.105µm
_03249_,6.105µm
_03335_,6.105µm
_03906_,6.105µm
_05637_,6.105µm
_05644_,6.105µm
_06077_,6.105µm
_03473_,6.1µm
_00298_,6.085µm
_01096_,6.085µm
_02158_,6.085µm
_03352_,6.085µm
_03511_,6.085µm
_05368_,6.085µm
_01109_,6.08µm
_01111_,6.08µm
_01295_,6.08µm
_01706_,6.08µm
_02752_,6.08µm
_03509_,6.08µm
_04115_,6.08µm
_10215_,6.08µm
_11852_,6.08µm
_14139_,6.08µm
net141,6.08µm
net180,6.08µm
net588,6.08µm
net604,6.08µm
net624,6.08µm
net667,6.08µm
net741,6.08µm
net761,6.08µm
net780,6.08µm
net799,6.08µm
net809,6.08µm
net826,6.08µm
net839,6.08µm
net875,6.08µm
net964,6.08µm
net969,6.08µm
net993,6.08µm
net1037,6.08µm
net1069,6.08µm
net1081,6.08µm
net1120,6.08µm
net1174,6.08µm
net1212,6.08µm
net1226,6.08µm
net1230,6.08µm
net1239,6.08µm
net1264,6.08µm
net1288,6.08µm
net1466,6.08µm
net1477,6.08µm
net1505,6.08µm
net1519,6.08µm
net1524,6.08µm
net1534,6.08µm
net1563,6.08µm
net1611,6.08µm
net1615,6.08µm
net1617,6.08µm
net1636,6.08µm
net1641,6.08µm
net1689,6.08µm
net1721,6.08µm
net1783,6.08µm
net1787,6.08µm
net1800,6.08µm
net1801,6.08µm
net1826,6.08µm
net1880,6.08µm
net1881,6.08µm
net1909,6.08µm
net1951,6.08µm
net1970,6.08µm
net2021,6.08µm
net2160,6.08µm
net2169,6.08µm
net2245,6.08µm
net2256,6.08µm
net2309,6.08µm
net2333,6.08µm
net2348,6.08µm
net2398,6.08µm
net2399,6.08µm
net2418,6.08µm
net2476,6.08µm
net2526,6.08µm
net2578,6.08µm
net2618,6.08µm
net2630,6.08µm
net2638,6.08µm
net2654,6.08µm
net2668,6.08µm
net2677,6.08µm
net2708,6.08µm
net2745,6.08µm
net2783,6.08µm
net2850,6.08µm
net2898,6.08µm
net2932,6.08µm
net3012,6.08µm
net3065,6.08µm
net3154,6.08µm
net3196,6.08µm
net3269,6.08µm
net3367,6.08µm
net3373,6.08µm
net3407,6.08µm
net3434,6.08µm
net3450,6.08µm
net3575,6.08µm
net3628,6.08µm
net3652,6.08µm
net3747,6.08µm
net3848,6.08µm
net3850,6.08µm
net3865,6.08µm
net3910,6.08µm
net3920,6.08µm
net4067,6.08µm
net4130,6.08µm
net4134,6.08µm
net4176,6.08µm
net4222,6.08µm
net4234,6.08µm
net4280,6.08µm
net4368,6.08µm
net4404,6.08µm
net4537,6.08µm
net4564,6.08µm
net4836,6.08µm
net4854,6.08µm
net4990,6.08µm
net5025,6.08µm
net5037,6.08µm
net5059,6.08µm
net5118,6.08µm
net5121,6.08µm
net5135,6.08µm
net5247,6.08µm
net5248,6.08µm
net5395,6.08µm
net5477,6.08µm
net5521,6.08µm
net5533,6.08µm
net5540,6.08µm
net5592,6.08µm
net5613,6.08µm
net5624,6.08µm
net5656,6.08µm
net5680,6.08µm
net5773,6.08µm
net5792,6.08µm
net5891,6.08µm
net5939,6.08µm
net5983,6.08µm
net6100,6.08µm
net6122,6.08µm
_00082_,6.065µm
_01395_,6.065µm
_01636_,6.065µm
_01767_,6.065µm
_01796_,6.065µm
_01921_,6.065µm
_02074_,6.065µm
_02514_,6.065µm
_02587_,6.065µm
_02787_,6.065µm
_02809_,6.065µm
_03359_,6.065µm
_03372_,6.065µm
_03625_,6.065µm
_03797_,6.065µm
_03961_,6.065µm
_04220_,6.065µm
_04393_,6.065µm
_04610_,6.065µm
_04769_,6.065µm
_05398_,6.065µm
_05626_,6.065µm
_05688_,6.065µm
_05864_,6.065µm
_05931_,6.065µm
_05099_,6.06µm
_07156_,6.06µm
_08055_,6.06µm
_09328_,6.06µm
_09361_,6.06µm
_09738_,6.06µm
_09986_,6.06µm
_10457_,6.06µm
u_accel.actm\[101\]\[7\],6.06µm
u_accel.actm\[107\]\[1\],6.06µm
u_accel.actm\[33\]\[5\],6.06µm
u_accel.actm\[45\]\[7\],6.06µm
u_accel.actm\[74\]\[6\],6.06µm
u_accel.actm\[75\]\[5\],6.06µm
u_accel.actm\[78\]\[1\],6.06µm
u_accel.bconv\[1\]\[16\],6.06µm
u_accel.imem\[24\]\[6\],6.06µm
u_accel.imem\[32\]\[4\],6.06µm
u_accel.imem\[39\]\[0\],6.06µm
u_accel.imem\[59\]\[1\],6.06µm
u_accel.imem\[60\]\[3\],6.06µm
u_accel.imem\[61\]\[4\],6.06µm
u_accel.wfc\[319\]\[1\],6.06µm
u_accel.wfc\[352\]\[3\],6.06µm
u_accel.wfc\[419\]\[6\],6.06µm
u_accel.wfc\[455\]\[5\],6.06µm
u_accel.wfc\[96\]\[5\],6.06µm
u_csr.ctrl_q\[10\],6.06µm
net281,6.06µm
net441,6.06µm
net576,6.06µm
net1829,6.06µm
net2016,6.06µm
net2821,6.06µm
net2839,6.06µm
net2907,6.06µm
net3402,6.06µm
net5869,6.06µm
_05945_,6.055µm
_00111_,6.04µm
_00148_,6.04µm
_00515_,6.04µm
_00740_,6.04µm
_01480_,6.04µm
_01487_,6.04µm
_01886_,6.04µm
_02363_,6.04µm
_02957_,6.04µm
_03050_,6.04µm
_03539_,6.04µm
_03660_,6.04µm
_04454_,6.04µm
_04923_,6.04µm
_05917_,6.04µm
_06125_,6.04µm
_09003_,6.04µm
_09935_,6.04µm
_10118_,6.04µm
u_accel.wconv\[1\]\[7\],6.04µm
u_accel.wfc\[159\]\[3\],6.04µm
u_accel.wfc\[178\]\[3\],6.04µm
u_accel.wfc\[185\]\[0\],6.04µm
u_accel.wfc\[259\]\[0\],6.04µm
u_accel.wfc\[279\]\[3\],6.04µm
u_accel.wfc\[507\]\[4\],6.04µm
net481,6.04µm
net675,6.04µm
net794,6.04µm
net1442,6.04µm
net1672,6.04µm
net3487,6.04µm
net3577,6.04µm
net4338,6.04µm
net4450,6.04µm
net4574,6.04µm
net4694,6.04µm
net4703,6.04µm
net5003,6.04µm
net5382,6.04µm
net5447,6.04µm
net5608,6.04µm
_04969_,6.02µm
_07799_,6.02µm
_09062_,6.02µm
_09435_,6.02µm
_10389_,6.02µm
_10638_,6.02µm
_10652_,6.02µm
_10806_,6.02µm
_12420_,6.02µm
_12678_,6.02µm
_12716_,6.02µm
u_accel.actm\[113\]\[1\],6.02µm
u_accel.actm\[29\]\[4\],6.02µm
u_accel.bfc\[2\]\[15\],6.02µm
u_accel.imem\[20\]\[0\],6.02µm
u_accel.logitm\[0\]\[24\],6.02µm
u_accel.logitm\[1\]\[16\],6.02µm
net5000,6.02µm
_13022_,6.015µm
u_accel.logitm\[0\]\[29\],6.015µm
u_accel.logitm\[2\]\[24\],6.015µm
_01012_,6.005µm
_03438_,6.005µm
_03689_,6.005µm
_03779_,6.005µm
_04112_,6.005µm
_04411_,6.005µm
_04537_,6.005µm
_04543_,6.005µm
_04717_,6.005µm
_04786_,6.005µm
_06339_,6.005µm
_06394_,6.005µm
_06461_,6.005µm
_12940_,5.99µm
_00119_,5.985µm
_00347_,5.985µm
_09273_,5.98µm
_09852_,5.98µm
_10043_,5.98µm
_10232_,5.98µm
_10730_,5.98µm
_11938_,5.98µm
_13448_,5.98µm
_14167_,5.98µm
net94,5.98µm
net107,5.98µm
net118,5.98µm
net120,5.98µm
net130,5.98µm
net185,5.98µm
net187,5.98µm
net218,5.98µm
net227,5.98µm
net251,5.98µm
net253,5.98µm
net264,5.98µm
net278,5.98µm
net294,5.98µm
net313,5.98µm
net331,5.98µm
net340,5.98µm
net377,5.98µm
net422,5.98µm
net445,5.98µm
net474,5.98µm
net478,5.98µm
net500,5.98µm
net504,5.98µm
net511,5.98µm
net519,5.98µm
net520,5.98µm
net533,5.98µm
net550,5.98µm
net552,5.98µm
net554,5.98µm
net578,5.98µm
net581,5.98µm
net609,5.98µm
net614,5.98µm
net617,5.98µm
net676,5.98µm
net680,5.98µm
net685,5.98µm
net697,5.98µm
net710,5.98µm
net712,5.98µm
net737,5.98µm
net821,5.98µm
net827,5.98µm
net844,5.98µm
net867,5.98µm
net868,5.98µm
net873,5.98µm
net877,5.98µm
net881,5.98µm
net882,5.98µm
net890,5.98µm
net905,5.98µm
net940,5.98µm
net989,5.98µm
net1033,5.98µm
net1045,5.98µm
net1051,5.98µm
net1061,5.98µm
net1066,5.98µm
net1084,5.98µm
net1108,5.98µm
net1135,5.98µm
net1137,5.98µm
net1146,5.98µm
net1157,5.98µm
net1163,5.98µm
net1169,5.98µm
net1176,5.98µm
net1241,5.98µm
net1280,5.98µm
net1313,5.98µm
net1320,5.98µm
net1321,5.98µm
net1336,5.98µm
net1349,5.98µm
net1365,5.98µm
net1378,5.98µm
net1384,5.98µm
net1394,5.98µm
net1405,5.98µm
net1444,5.98µm
net1468,5.98µm
net1497,5.98µm
net1503,5.98µm
net1511,5.98µm
net1542,5.98µm
net1544,5.98µm
net1603,5.98µm
net1609,5.98µm
net1628,5.98µm
net1629,5.98µm
net1637,5.98µm
net1647,5.98µm
net1658,5.98µm
net1663,5.98µm
net1688,5.98µm
net1703,5.98µm
net1704,5.98µm
net1711,5.98µm
net1726,5.98µm
net1742,5.98µm
net1756,5.98µm
net1760,5.98µm
net1784,5.98µm
net1808,5.98µm
net1845,5.98µm
net1871,5.98µm
net1873,5.98µm
net1877,5.98µm
net1887,5.98µm
net1893,5.98µm
net1910,5.98µm
net1945,5.98µm
net1961,5.98µm
net1977,5.98µm
net1983,5.98µm
net2050,5.98µm
net2060,5.98µm
net2065,5.98µm
net2110,5.98µm
net2130,5.98µm
net2140,5.98µm
net2195,5.98µm
net2201,5.98µm
net2208,5.98µm
net2226,5.98µm
net2231,5.98µm
net2234,5.98µm
net2235,5.98µm
net2289,5.98µm
net2293,5.98µm
net2318,5.98µm
net2324,5.98µm
net2376,5.98µm
net2415,5.98µm
net2416,5.98µm
net2436,5.98µm
net2455,5.98µm
net2456,5.98µm
net2484,5.98µm
net2497,5.98µm
net2506,5.98µm
net2541,5.98µm
net2543,5.98µm
net2565,5.98µm
net2582,5.98µm
net2599,5.98µm
net2621,5.98µm
net2641,5.98µm
net2656,5.98µm
net2685,5.98µm
net2695,5.98µm
net2698,5.98µm
net2717,5.98µm
net2718,5.98µm
net2739,5.98µm
net2746,5.98µm
net2763,5.98µm
net2765,5.98µm
net2785,5.98µm
net2786,5.98µm
net2807,5.98µm
net2841,5.98µm
net2855,5.98µm
net2965,5.98µm
net2968,5.98µm
net2996,5.98µm
net3045,5.98µm
net3086,5.98µm
net3093,5.98µm
net3143,5.98µm
net3175,5.98µm
net3183,5.98µm
net3185,5.98µm
net3216,5.98µm
net3217,5.98µm
net3251,5.98µm
net3289,5.98µm
net3320,5.98µm
net3391,5.98µm
net3406,5.98µm
net3439,5.98µm
net3526,5.98µm
net3550,5.98µm
net3570,5.98µm
net3587,5.98µm
net3736,5.98µm
net3790,5.98µm
net3860,5.98µm
net3938,5.98µm
net3961,5.98µm
net3979,5.98µm
net4099,5.98µm
net4102,5.98µm
net4133,5.98µm
net4140,5.98µm
net4142,5.98µm
net4205,5.98µm
net4215,5.98µm
net4225,5.98µm
net4283,5.98µm
net4296,5.98µm
net4359,5.98µm
net4403,5.98µm
net4454,5.98µm
net4518,5.98µm
net4571,5.98µm
net4604,5.98µm
net4616,5.98µm
net4644,5.98µm
net4666,5.98µm
net4730,5.98µm
net4759,5.98µm
net4842,5.98µm
net4914,5.98µm
net4930,5.98µm
net5071,5.98µm
net5075,5.98µm
net5091,5.98µm
net5100,5.98µm
net5108,5.98µm
net5123,5.98µm
net5274,5.98µm
net5277,5.98µm
net5292,5.98µm
net5412,5.98µm
net5418,5.98µm
net5433,5.98µm
net5445,5.98µm
net5453,5.98µm
net5691,5.98µm
net5748,5.98µm
net5788,5.98µm
net5822,5.98µm
net5881,5.98µm
net5911,5.98µm
net5942,5.98µm
net5953,5.98µm
net5986,5.98µm
net6016,5.98µm
_00163_,5.965µm
_00673_,5.965µm
_00696_,5.965µm
_00937_,5.965µm
_01240_,5.965µm
_01248_,5.965µm
_01396_,5.965µm
_01870_,5.965µm
_02341_,5.965µm
_02551_,5.965µm
_03331_,5.965µm
_03426_,5.965µm
_03457_,5.965µm
_04321_,5.965µm
_04554_,5.965µm
_04647_,5.965µm
_05869_,5.965µm
_06169_,5.965µm
_00316_,5.96µm
_02955_,5.96µm
_03370_,5.96µm
_05038_,5.96µm
_08974_,5.96µm
net235,5.96µm
net694,5.96µm
net2926,5.96µm
net3038,5.96µm
net3097,5.96µm
net3287,5.96µm
net3797,5.96µm
net4144,5.96µm
net5022,5.96µm
net5082,5.96µm
net5768,5.96µm
net5890,5.96µm
net6025,5.96µm
_11747_,5.955µm
_01451_,5.945µm
_03585_,5.945µm
u_accel.actm\[85\]\[3\],5.945µm
u_csr.cfg_q\[0\],5.945µm
_00914_,5.94µm
_10673_,5.94µm
_12415_,5.94µm
_12619_,5.94µm
_12891_,5.94µm
_13633_,5.94µm
_13878_,5.94µm
u_accel.actm\[0\]\[3\],5.94µm
u_accel.actm\[123\]\[3\],5.94µm
u_accel.bconv\[0\]\[25\],5.94µm
u_accel.imem\[27\]\[5\],5.94µm
u_accel.imem\[49\]\[1\],5.94µm
u_accel.logitm\[1\]\[15\],5.94µm
u_accel.wconv\[12\]\[3\],5.94µm
u_accel.wfc\[117\]\[4\],5.94µm
u_accel.wfc\[135\]\[1\],5.94µm
u_accel.wfc\[135\]\[2\],5.94µm
u_accel.wfc\[135\]\[4\],5.94µm
u_accel.wfc\[143\]\[2\],5.94µm
u_accel.wfc\[143\]\[6\],5.94µm
u_accel.wfc\[154\]\[2\],5.94µm
u_accel.wfc\[25\]\[4\],5.94µm
u_accel.wfc\[27\]\[2\],5.94µm
u_accel.wfc\[487\]\[4\],5.94µm
u_accel.wfc\[487\]\[6\],5.94µm
u_accel.wfc\[81\]\[3\],5.94µm
net883,5.94µm
_03120_,5.935µm
_08640_,5.92µm
_08948_,5.92µm
_09241_,5.92µm
_10263_,5.92µm
_11705_,5.92µm
_12744_,5.92µm
u_accel.actm\[37\]\[5\],5.92µm
u_accel.wfc\[117\]\[3\],5.92µm
u_accel.wfc\[125\]\[4\],5.92µm
u_accel.wfc\[234\]\[7\],5.92µm
u_accel.wfc\[347\]\[7\],5.92µm
u_accel.wfc\[465\]\[2\],5.92µm
u_accel.wfc\[479\]\[1\],5.92µm
net1096,5.92µm
net3219,5.92µm
net4508,5.92µm
_01074_,5.905µm
_01282_,5.905µm
_03880_,5.905µm
_04506_,5.905µm
_13391_,5.9µm
_13526_,5.9µm
u_accel.wfc\[217\]\[2\],5.9µm
u_accel.wfc\[23\]\[3\],5.9µm
u_accel.wfc\[307\]\[7\],5.9µm
u_accel.wfc\[47\]\[5\],5.9µm
net5461,5.9µm
_00037_,5.895µm
_00527_,5.895µm
_00754_,5.895µm
_01743_,5.895µm
_01755_,5.895µm
_02810_,5.895µm
_03598_,5.895µm
_03799_,5.895µm
_03808_,5.895µm
_04145_,5.895µm
_04147_,5.895µm
_04837_,5.895µm
_04917_,5.895µm
_05690_,5.895µm
_05728_,5.895µm
_05754_,5.895µm
_05891_,5.895µm
_06059_,5.895µm
_06079_,5.895µm
_06123_,5.895µm
_06338_,5.895µm
_06356_,5.895µm
_00938_,5.885µm
_01268_,5.885µm
_01302_,5.885µm
_01518_,5.885µm
_02015_,5.885µm
_02400_,5.885µm
_02580_,5.885µm
_04930_,5.885µm
_05555_,5.885µm
_06097_,5.885µm
_06678_,5.885µm
_00113_,5.865µm
_00120_,5.865µm
_01049_,5.865µm
_02036_,5.865µm
_03087_,5.865µm
_05729_,5.865µm
_09342_,5.86µm
_10409_,5.86µm
_11147_,5.86µm
net41,5.86µm
net44,5.86µm
net53,5.86µm
net55,5.86µm
net78,5.86µm
net90,5.86µm
net119,5.86µm
net230,5.86µm
net231,5.86µm
net324,5.86µm
net333,5.86µm
net389,5.86µm
net566,5.86µm
net612,5.86µm
net651,5.86µm
net874,5.86µm
net930,5.86µm
net1064,5.86µm
net1252,5.86µm
net1392,5.86µm
net1396,5.86µm
net1465,5.86µm
net1508,5.86µm
net1547,5.86µm
net1668,5.86µm
net1707,5.86µm
net1810,5.86µm
net1947,5.86µm
net2157,5.86µm
net2273,5.86µm
net2438,5.86µm
net2517,5.86µm
net2544,5.86µm
net2930,5.86µm
net2941,5.86µm
net2979,5.86µm
net3376,5.86µm
net3974,5.86µm
net4095,5.86µm
net4771,5.86µm
net5051,5.86µm
net5137,5.86µm
net5758,5.86µm
net5850,5.86µm
net5990,5.86µm
net6026,5.86µm
_00283_,5.845µm
_01377_,5.845µm
_02992_,5.845µm
_04387_,5.845µm
_12065_,5.845µm
_04980_,5.84µm
_04998_,5.84µm
_05087_,5.84µm
_05092_,5.84µm
_06713_,5.84µm
_06944_,5.84µm
_08523_,5.84µm
_09277_,5.84µm
_09658_,5.84µm
_10535_,5.84µm
_10668_,5.84µm
_11183_,5.84µm
_11336_,5.84µm
_11354_,5.84µm
_11401_,5.84µm
_12512_,5.84µm
_12579_,5.84µm
_13432_,5.84µm
_13694_,5.84µm
u_accel.actm\[10\]\[7\],5.84µm
u_accel.actm\[52\]\[4\],5.84µm
u_accel.actm\[91\]\[2\],5.84µm
u_accel.bconv\[1\]\[14\],5.84µm
u_accel.imem\[24\]\[3\],5.84µm
u_accel.imem\[43\]\[0\],5.84µm
u_accel.imem\[43\]\[3\],5.84µm
u_accel.imem\[5\]\[2\],5.84µm
u_accel.wfc\[106\]\[5\],5.84µm
u_accel.wfc\[114\]\[5\],5.84µm
u_accel.wfc\[193\]\[1\],5.84µm
u_accel.wfc\[194\]\[7\],5.84µm
u_accel.wfc\[210\]\[4\],5.84µm
u_accel.wfc\[216\]\[0\],5.84µm
u_accel.wfc\[21\]\[5\],5.84µm
u_accel.wfc\[226\]\[2\],5.84µm
u_accel.wfc\[226\]\[4\],5.84µm
u_accel.wfc\[226\]\[7\],5.84µm
u_accel.wfc\[242\]\[4\],5.84µm
u_accel.wfc\[262\]\[0\],5.84µm
u_accel.wfc\[266\]\[6\],5.84µm
u_accel.wfc\[294\]\[0\],5.84µm
u_accel.wfc\[298\]\[4\],5.84µm
u_accel.wfc\[2\]\[2\],5.84µm
u_accel.wfc\[358\]\[5\],5.84µm
u_accel.wfc\[386\]\[2\],5.84µm
u_accel.wfc\[400\]\[1\],5.84µm
u_accel.wfc\[402\]\[7\],5.84µm
u_accel.wfc\[450\]\[0\],5.84µm
u_accel.wfc\[450\]\[5\],5.84µm
u_accel.wfc\[458\]\[7\],5.84µm
u_accel.wfc\[482\]\[0\],5.84µm
u_accel.wfc\[482\]\[3\],5.84µm
u_accel.wfc\[482\]\[6\],5.84µm
u_accel.wfc\[88\]\[5\],5.84µm
u_csr.len_o\[27\],5.84µm
u_csr.len_o\[4\],5.84µm
net72,5.84µm
net2117,5.84µm
net3022,5.84µm
net3255,5.84µm
net3371,5.84µm
net3385,5.84µm
net3393,5.84µm
net3832,5.84µm
net3957,5.84µm
net4550,5.84µm
net4605,5.84µm
net4647,5.84µm
net5340,5.84µm
net5529,5.84µm
net5799,5.84µm
net6082,5.84µm
_10166_,5.82µm
_12718_,5.82µm
_12793_,5.82µm
_13286_,5.82µm
_14054_,5.82µm
u_accel.actm\[121\]\[4\],5.82µm
u_accel.actm\[74\]\[4\],5.82µm
u_accel.actm\[77\]\[1\],5.82µm
u_accel.actm\[77\]\[5\],5.82µm
u_accel.bconv\[0\]\[14\],5.82µm
u_accel.logitm\[3\]\[21\],5.82µm
u_accel.wfc\[166\]\[5\],5.82µm
u_accel.wfc\[320\]\[2\],5.82µm
u_accel.wfc\[422\]\[7\],5.82µm
_02823_,5.815µm
_03805_,5.815µm
_04463_,5.815µm
u_accel.actm\[65\]\[2\],5.815µm
_00671_,5.805µm
_01413_,5.805µm
_02685_,5.805µm
_02978_,5.805µm
_03584_,5.805µm
_11113_,5.805µm
_11154_,5.805µm
_06488_,5.8µm
_06749_,5.8µm
_06829_,5.8µm
_08594_,5.8µm
_08687_,5.8µm
_09278_,5.8µm
_09762_,5.8µm
_10187_,5.8µm
_10543_,5.8µm
_10666_,5.8µm
_10685_,5.8µm
_11171_,5.8µm
_11313_,5.8µm
_11675_,5.8µm
_12015_,5.8µm
_12440_,5.8µm
_13198_,5.8µm
_13274_,5.8µm
_13882_,5.8µm
u_accel.actm\[101\]\[4\],5.8µm
u_accel.actm\[117\]\[6\],5.8µm
u_accel.actm\[61\]\[0\],5.8µm
u_accel.actm\[70\]\[4\],5.8µm
u_accel.imem\[10\]\[0\],5.8µm
u_accel.imem\[19\]\[5\],5.8µm
u_accel.imem\[49\]\[4\],5.8µm
u_accel.wconv\[13\]\[6\],5.8µm
u_accel.wfc\[110\]\[0\],5.8µm
u_accel.wfc\[141\]\[1\],5.8µm
u_accel.wfc\[155\]\[5\],5.8µm
u_accel.wfc\[189\]\[1\],5.8µm
u_accel.wfc\[255\]\[3\],5.8µm
u_accel.wfc\[270\]\[7\],5.8µm
u_accel.wfc\[299\]\[0\],5.8µm
u_accel.wfc\[343\]\[2\],5.8µm
u_accel.wfc\[370\]\[4\],5.8µm
u_accel.wfc\[374\]\[6\],5.8µm
u_accel.wfc\[406\]\[6\],5.8µm
u_accel.wfc\[410\]\[5\],5.8µm
u_accel.wfc\[422\]\[4\],5.8µm
u_accel.wfc\[46\]\[6\],5.8µm
u_accel.wfc\[510\]\[5\],5.8µm
u_accel.wfc\[62\]\[0\],5.8µm
net3047,5.8µm
net3102,5.8µm
net3349,5.8µm
net3543,5.8µm
net3729,5.8µm
net4094,5.8µm
net4126,5.8µm
net4221,5.8µm
net4620,5.8µm
net4638,5.8µm
net4744,5.8µm
net4766,5.8µm
net5092,5.8µm
net5148,5.8µm
net5500,5.8µm
net5621,5.8µm
net6060,5.8µm
_02655_,5.795µm
_00045_,5.785µm
_08455_,5.78µm
_11800_,5.78µm
_13641_,5.78µm
_13895_,5.78µm
_00459_,5.775µm
_02858_,5.775µm
_04420_,5.775µm
u_accel.logitm\[2\]\[18\],5.775µm
_00261_,5.765µm
_00279_,5.765µm
_00398_,5.765µm
_00798_,5.765µm
_00822_,5.765µm
_01070_,5.765µm
_01349_,5.765µm
_01393_,5.765µm
_01416_,5.765µm
_01569_,5.765µm
_01613_,5.765µm
_01888_,5.765µm
_02236_,5.765µm
_02372_,5.765µm
_02585_,5.765µm
_02766_,5.765µm
_03158_,5.765µm
_03657_,5.765µm
_03716_,5.765µm
_03868_,5.765µm
_03980_,5.765µm
_04153_,5.765µm
_04354_,5.765µm
_04701_,5.765µm
_04733_,5.765µm
_04741_,5.765µm
_04792_,5.765µm
_04894_,5.765µm
_05269_,5.765µm
_05464_,5.765µm
_05566_,5.765µm
_05634_,5.765µm
_05723_,5.765µm
_06298_,5.765µm
_06360_,5.765µm
_00651_,5.76µm
_12746_,5.75µm
u_accel.actm\[38\]\[2\],5.745µm
_08059_,5.74µm
_10739_,5.74µm
_11847_,5.74µm
_13488_,5.74µm
u_accel.wfc\[314\]\[4\],5.74µm
u_accel.wfc\[38\]\[4\],5.74µm
u_accel.wfc\[414\]\[3\],5.74µm
net42,5.74µm
net66,5.74µm
net69,5.74µm
net2451,5.74µm
net3913,5.74µm
net5622,5.74µm
net5789,5.74µm
_11912_,5.73µm
_00033_,5.725µm
_00035_,5.725µm
_00304_,5.725µm
_00513_,5.725µm
_00568_,5.725µm
_00656_,5.725µm
_00830_,5.725µm
_00837_,5.725µm
_00847_,5.725µm
_00865_,5.725µm
_00953_,5.725µm
_01476_,5.725µm
_01667_,5.725µm
_01765_,5.725µm
_01933_,5.725µm
_02013_,5.725µm
_02018_,5.725µm
_02305_,5.725µm
_02308_,5.725µm
_02340_,5.725µm
_02447_,5.725µm
_02449_,5.725µm
_02724_,5.725µm
_02987_,5.725µm
_03003_,5.725µm
_03135_,5.725µm
_03379_,5.725µm
_03405_,5.725µm
_03439_,5.725µm
_04336_,5.725µm
_04367_,5.725µm
_04450_,5.725µm
_04836_,5.725µm
_04885_,5.725µm
_05532_,5.725µm
_06158_,5.725µm
_05075_,5.72µm
_05149_,5.72µm
_05210_,5.72µm
_06503_,5.72µm
_07964_,5.72µm
_08277_,5.72µm
_08503_,5.72µm
_09832_,5.72µm
_10105_,5.72µm
_10882_,5.72µm
_11073_,5.72µm
_11324_,5.72µm
_11330_,5.72µm
_11540_,5.72µm
_12104_,5.72µm
_12119_,5.72µm
_12351_,5.72µm
_12574_,5.72µm
_12757_,5.72µm
u_accel.actm\[106\]\[1\],5.72µm
u_accel.actm\[112\]\[5\],5.72µm
u_accel.actm\[112\]\[6\],5.72µm
u_accel.actm\[122\]\[4\],5.72µm
u_accel.actm\[18\]\[4\],5.72µm
u_accel.actm\[21\]\[0\],5.72µm
u_accel.actm\[26\]\[1\],5.72µm
u_accel.actm\[28\]\[1\],5.72µm
u_accel.actm\[28\]\[2\],5.72µm
u_accel.actm\[43\]\[1\],5.72µm
u_accel.actm\[6\]\[3\],5.72µm
u_accel.actm\[70\]\[7\],5.72µm
u_accel.actm\[88\]\[3\],5.72µm
u_accel.actm\[91\]\[3\],5.72µm
u_accel.bfc\[3\]\[30\],5.72µm
u_accel.imem\[23\]\[3\],5.72µm
u_accel.imem\[51\]\[6\],5.72µm
u_accel.wfc\[115\]\[4\],5.72µm
u_accel.wfc\[119\]\[1\],5.72µm
u_accel.wfc\[120\]\[7\],5.72µm
u_accel.wfc\[139\]\[4\],5.72µm
u_accel.wfc\[211\]\[6\],5.72µm
u_accel.wfc\[251\]\[3\],5.72µm
u_accel.wfc\[265\]\[7\],5.72µm
u_accel.wfc\[275\]\[5\],5.72µm
u_accel.wfc\[286\]\[6\],5.72µm
u_accel.wfc\[291\]\[5\],5.72µm
u_accel.wfc\[331\]\[5\],5.72µm
u_accel.wfc\[332\]\[5\],5.72µm
u_accel.wfc\[357\]\[2\],5.72µm
u_accel.wfc\[371\]\[6\],5.72µm
u_accel.wfc\[439\]\[3\],5.72µm
u_accel.wfc\[71\]\[5\],5.72µm
u_accel.wfc\[7\]\[1\],5.72µm
u_accel.wfc\[85\]\[0\],5.72µm
u_accel.wfc\[8\]\[1\],5.72µm
u_accel.wfc\[95\]\[4\],5.72µm
net725,5.72µm
net776,5.72µm
net816,5.72µm
net1188,5.72µm
net1218,5.72µm
net1400,5.72µm
net2007,5.72µm
net2113,5.72µm
net2158,5.72µm
net2916,5.72µm
net2919,5.72µm
net3713,5.72µm
net4069,5.72µm
_04712_,5.7µm
_05691_,5.7µm
_06804_,5.7µm
u_accel.actm\[29\]\[3\],5.7µm
u_accel.actm\[65\]\[5\],5.7µm
u_accel.imem\[34\]\[4\],5.7µm
u_accel.imem\[47\]\[0\],5.7µm
u_accel.wfc\[270\]\[2\],5.7µm
u_accel.wfc\[363\]\[3\],5.7µm
u_accel.wfc\[367\]\[4\],5.7µm
u_accel.wfc\[500\]\[7\],5.7µm
net5771,5.7µm
_03054_,5.695µm
_07774_,5.68µm
_08700_,5.68µm
_09148_,5.68µm
_09386_,5.68µm
_09474_,5.68µm
_09551_,5.68µm
_09680_,5.68µm
_09786_,5.68µm
_09966_,5.68µm
_10417_,5.68µm
_11117_,5.68µm
_12062_,5.68µm
_12424_,5.68µm
_12559_,5.68µm
_12885_,5.68µm
_12953_,5.68µm
_13158_,5.68µm
_13923_,5.68µm
u_accel.actm\[103\]\[1\],5.68µm
u_accel.actm\[11\]\[6\],5.68µm
u_accel.actm\[5\]\[7\],5.68µm
u_accel.actm\[63\]\[2\],5.68µm
u_accel.actm\[7\]\[4\],5.68µm
u_accel.bfc\[1\]\[16\],5.68µm
u_accel.imem\[23\]\[5\],5.68µm
u_accel.imem\[35\]\[1\],5.68µm
u_accel.imem\[4\]\[6\],5.68µm
u_accel.wfc\[154\]\[5\],5.68µm
u_accel.wfc\[167\]\[1\],5.68µm
u_accel.wfc\[173\]\[7\],5.68µm
u_accel.wfc\[175\]\[1\],5.68µm
u_accel.wfc\[223\]\[2\],5.68µm
u_accel.wfc\[239\]\[4\],5.68µm
u_accel.wfc\[259\]\[2\],5.68µm
u_accel.wfc\[366\]\[7\],5.68µm
u_accel.wfc\[371\]\[0\],5.68µm
u_accel.wfc\[371\]\[5\],5.68µm
u_accel.wfc\[423\]\[2\],5.68µm
u_accel.wfc\[459\]\[5\],5.68µm
u_accel.wfc\[475\]\[1\],5.68µm
u_accel.wfc\[497\]\[7\],5.68µm
u_accel.wfc\[63\]\[3\],5.68µm
net557,5.68µm
net1619,5.68µm
net1952,5.68µm
net2243,5.68µm
net3033,5.68µm
net5103,5.68µm
net5232,5.68µm
_00255_,5.675µm
_00530_,5.675µm
_01050_,5.675µm
_04661_,5.675µm
_10562_,5.675µm
_00178_,5.645µm
_00370_,5.645µm
_00504_,5.645µm
_00545_,5.645µm
_00585_,5.645µm
_01696_,5.645µm
_01966_,5.645µm
_02058_,5.645µm
_03286_,5.645µm
_03840_,5.645µm
_03901_,5.645µm
_04586_,5.645µm
_04732_,5.645µm
_04858_,5.645µm
_06197_,5.645µm
_06341_,5.645µm
u_accel.actm\[27\]\[0\],5.64µm
_01801_,5.625µm
_04303_,5.625µm
_00717_,5.62µm
_00918_,5.62µm
_01106_,5.62µm
_01299_,5.62µm
_03298_,5.62µm
_04215_,5.62µm
_04292_,5.62µm
_06249_,5.62µm
_08608_,5.62µm
_10704_,5.62µm
_10727_,5.62µm
_10731_,5.62µm
_10962_,5.62µm
_11128_,5.62µm
_11708_,5.62µm
u_accel.actm\[83\]\[6\],5.62µm
net376,5.62µm
net546,5.62µm
net551,5.62µm
net636,5.62µm
net686,5.62µm
net730,5.62µm
net731,5.62µm
net762,5.62µm
net859,5.62µm
net864,5.62µm
net939,5.62µm
net1175,5.62µm
net1184,5.62µm
net1310,5.62µm
net1587,5.62µm
net1625,5.62µm
net1793,5.62µm
net1797,5.62µm
net1824,5.62µm
net1854,5.62µm
net1894,5.62µm
net1901,5.62µm
net1936,5.62µm
net1990,5.62µm
net2008,5.62µm
net2439,5.62µm
net2486,5.62µm
net2501,5.62µm
net2537,5.62µm
net2542,5.62µm
net2581,5.62µm
net2671,5.62µm
net2684,5.62µm
net2719,5.62µm
net2724,5.62µm
net2768,5.62µm
net2782,5.62µm
net2794,5.62µm
net2853,5.62µm
net2944,5.62µm
net3106,5.62µm
net3139,5.62µm
net3145,5.62µm
net3151,5.62µm
net3164,5.62µm
net3173,5.62µm
net3184,5.62µm
net3464,5.62µm
net3560,5.62µm
net3564,5.62µm
net3601,5.62µm
net3645,5.62µm
net3759,5.62µm
net3813,5.62µm
net3822,5.62µm
net3885,5.62µm
net3902,5.62µm
net3926,5.62µm
net4109,5.62µm
net4138,5.62µm
net4201,5.62µm
net4220,5.62µm
net4236,5.62µm
net4264,5.62µm
net4302,5.62µm
net4320,5.62µm
net4407,5.62µm
net4472,5.62µm
net4473,5.62µm
net4501,5.62µm
net4526,5.62µm
net4636,5.62µm
net4643,5.62µm
net4735,5.62µm
net4786,5.62µm
net4849,5.62µm
net4855,5.62µm
net4856,5.62µm
net4895,5.62µm
net4922,5.62µm
net4976,5.62µm
net4978,5.62µm
net5027,5.62µm
net5068,5.62µm
net5197,5.62µm
net5205,5.62µm
net5252,5.62µm
net5288,5.62µm
net5415,5.62µm
net5475,5.62µm
net5599,5.62µm
net5655,5.62µm
net5790,5.62µm
net5835,5.62µm
net5875,5.62µm
net5894,5.62µm
_00132_,5.605µm
_00140_,5.605µm
_00781_,5.605µm
_01169_,5.605µm
_01373_,5.605µm
_01547_,5.605µm
_01764_,5.605µm
_01778_,5.605µm
_02389_,5.605µm
_02698_,5.605µm
_02700_,5.605µm
_02763_,5.605µm
_03408_,5.605µm
_03659_,5.605µm
_03796_,5.605µm
_03962_,5.605µm
_04084_,5.605µm
_04159_,5.605µm
_04564_,5.605µm
_04626_,5.605µm
_04909_,5.605µm
_05371_,5.605µm
_08888_,5.605µm
u_csr.cfg_q\[23\],5.605µm
_02088_,5.6µm
_05252_,5.6µm
_07818_,5.6µm
_08202_,5.6µm
_10311_,5.6µm
_10344_,5.6µm
_10386_,5.6µm
_13434_,5.6µm
u_accel.actm\[22\]\[0\],5.6µm
u_accel.actm\[32\]\[4\],5.6µm
u_accel.actm\[56\]\[1\],5.6µm
u_accel.bconv\[1\]\[27\],5.6µm
u_accel.imem\[23\]\[1\],5.6µm
u_accel.imem\[43\]\[4\],5.6µm
u_accel.wconv\[16\]\[3\],5.6µm
u_accel.wfc\[148\]\[7\],5.6µm
u_accel.wfc\[228\]\[6\],5.6µm
u_accel.wfc\[27\]\[6\],5.6µm
u_accel.wfc\[294\]\[3\],5.6µm
u_accel.wfc\[328\]\[7\],5.6µm
u_accel.wfc\[330\]\[2\],5.6µm
u_accel.wfc\[464\]\[5\],5.6µm
u_accel.wfc\[475\]\[3\],5.6µm
u_accel.wfc\[55\]\[3\],5.6µm
u_csr.input_addr_o\[26\],5.6µm
net2297,5.6µm
net3692,5.6µm
net3950,5.6µm
_14075_,5.595µm
_00098_,5.58µm
_00710_,5.58µm
_01121_,5.58µm
_01430_,5.58µm
_02895_,5.58µm
_02995_,5.58µm
_03143_,5.58µm
_03356_,5.58µm
_03938_,5.58µm
_04000_,5.58µm
_04867_,5.58µm
_05567_,5.58µm
_05834_,5.58µm
_06234_,5.58µm
_06402_,5.58µm
_08956_,5.58µm
_09488_,5.58µm
_09726_,5.58µm
_11077_,5.58µm
_13406_,5.58µm
u_accel.actm\[24\]\[2\],5.58µm
u_accel.actm\[27\]\[2\],5.58µm
u_accel.wfc\[370\]\[5\],5.58µm
u_accel.wfc\[427\]\[1\],5.58µm
net123,5.58µm
net573,5.58µm
net575,5.58µm
net582,5.58µm
net916,5.58µm
net1115,5.58µm
net1216,5.58µm
net1251,5.58µm
net1690,5.58µm
net1807,5.58µm
net1987,5.58µm
net2392,5.58µm
net2626,5.58µm
net2723,5.58µm
net3000,5.58µm
net3499,5.58µm
net3720,5.58µm
net4088,5.58µm
net4146,5.58µm
net4353,5.58µm
net4741,5.58µm
net5384,5.58µm
net5630,5.58µm
_10020_,5.575µm
u_accel.imem\[55\]\[2\],5.575µm
_06486_,5.56µm
_06664_,5.56µm
_08033_,5.56µm
_09714_,5.56µm
_11166_,5.56µm
_11833_,5.56µm
_11914_,5.56µm
_12504_,5.56µm
_12525_,5.56µm
_12595_,5.56µm
_13480_,5.56µm
_13609_,5.56µm
_13935_,5.56µm
_14116_,5.56µm
u_accel.actm\[102\]\[4\],5.56µm
u_accel.actm\[74\]\[5\],5.56µm
net1440,5.56µm
net4947,5.56µm
_01345_,5.555µm
_01437_,5.555µm
_01577_,5.555µm
_01662_,5.555µm
_02041_,5.555µm
_04445_,5.555µm
_04862_,5.555µm
_05571_,5.555µm
_06040_,5.555µm
_00375_,5.545µm
_00566_,5.545µm
_01110_,5.545µm
_01832_,5.545µm
_02274_,5.545µm
_02361_,5.545µm
_02473_,5.545µm
_02579_,5.545µm
_02981_,5.545µm
_03697_,5.545µm
_03756_,5.545µm
_03803_,5.545µm
_03816_,5.545µm
_03902_,5.545µm
_03922_,5.545µm
_03941_,5.545µm
_04237_,5.545µm
_04286_,5.545µm
_04578_,5.545µm
_05312_,5.545µm
_05537_,5.545µm
_06390_,5.545µm
u_accel.wfc\[486\]\[5\],5.53µm
_00179_,5.525µm
_01331_,5.525µm
_01378_,5.525µm
_01848_,5.525µm
_02900_,5.525µm
_04347_,5.525µm
_06064_,5.525µm
_06980_,5.52µm
_08891_,5.52µm
_09169_,5.52µm
_09295_,5.52µm
_09310_,5.52µm
_09936_,5.52µm
_10098_,5.52µm
_10990_,5.52µm
_11212_,5.52µm
_11585_,5.52µm
_11896_,5.52µm
net32,5.52µm
net88,5.52µm
net92,5.52µm
net93,5.52µm
net99,5.52µm
net105,5.52µm
net110,5.52µm
net112,5.52µm
net132,5.52µm
net133,5.52µm
net138,5.52µm
net139,5.52µm
net140,5.52µm
net148,5.52µm
net160,5.52µm
net165,5.52µm
net174,5.52µm
net177,5.52µm
net181,5.52µm
net182,5.52µm
net198,5.52µm
net203,5.52µm
net208,5.52µm
net214,5.52µm
net220,5.52µm
net228,5.52µm
net229,5.52µm
net232,5.52µm
net240,5.52µm
net242,5.52µm
net252,5.52µm
net259,5.52µm
net267,5.52µm
net270,5.52µm
net271,5.52µm
net272,5.52µm
net273,5.52µm
net279,5.52µm
net282,5.52µm
net291,5.52µm
net293,5.52µm
net296,5.52µm
net297,5.52µm
net298,5.52µm
net299,5.52µm
net300,5.52µm
net309,5.52µm
net322,5.52µm
net327,5.52µm
net328,5.52µm
net330,5.52µm
net335,5.52µm
net338,5.52µm
net344,5.52µm
net352,5.52µm
net354,5.52µm
net357,5.52µm
net360,5.52µm
net362,5.52µm
net365,5.52µm
net375,5.52µm
net382,5.52µm
net393,5.52µm
net395,5.52µm
net407,5.52µm
net412,5.52µm
net420,5.52µm
net421,5.52µm
net423,5.52µm
net424,5.52µm
net427,5.52µm
net430,5.52µm
net434,5.52µm
net442,5.52µm
net456,5.52µm
net465,5.52µm
net467,5.52µm
net468,5.52µm
net469,5.52µm
net472,5.52µm
net473,5.52µm
net475,5.52µm
net480,5.52µm
net482,5.52µm
net485,5.52µm
net486,5.52µm
net487,5.52µm
net488,5.52µm
net490,5.52µm
net496,5.52µm
net509,5.52µm
net516,5.52µm
net518,5.52µm
net526,5.52µm
net531,5.52µm
net534,5.52µm
net535,5.52µm
net537,5.52µm
net540,5.52µm
net544,5.52µm
net556,5.52µm
net559,5.52µm
net560,5.52µm
net561,5.52µm
net562,5.52µm
net567,5.52µm
net569,5.52µm
net583,5.52µm
net590,5.52µm
net592,5.52µm
net605,5.52µm
net606,5.52µm
net607,5.52µm
net608,5.52µm
net616,5.52µm
net618,5.52µm
net619,5.52µm
net635,5.52µm
net637,5.52µm
net642,5.52µm
net649,5.52µm
net650,5.52µm
net652,5.52µm
net663,5.52µm
net670,5.52µm
net674,5.52µm
net677,5.52µm
net678,5.52µm
net679,5.52µm
net683,5.52µm
net687,5.52µm
net698,5.52µm
net699,5.52µm
net701,5.52µm
net705,5.52µm
net714,5.52µm
net726,5.52µm
net736,5.52µm
net739,5.52µm
net742,5.52µm
net749,5.52µm
net751,5.52µm
net754,5.52µm
net757,5.52µm
net758,5.52µm
net766,5.52µm
net767,5.52µm
net770,5.52µm
net773,5.52µm
net775,5.52µm
net778,5.52µm
net788,5.52µm
net789,5.52µm
net795,5.52µm
net797,5.52µm
net806,5.52µm
net820,5.52µm
net830,5.52µm
net832,5.52µm
net833,5.52µm
net861,5.52µm
net862,5.52µm
net863,5.52µm
net865,5.52µm
net871,5.52µm
net876,5.52µm
net879,5.52µm
net885,5.52µm
net886,5.52µm
net893,5.52µm
net898,5.52µm
net899,5.52µm
net901,5.52µm
net903,5.52µm
net915,5.52µm
net923,5.52µm
net925,5.52µm
net932,5.52µm
net933,5.52µm
net934,5.52µm
net935,5.52µm
net937,5.52µm
net938,5.52µm
net944,5.52µm
net954,5.52µm
net955,5.52µm
net956,5.52µm
net957,5.52µm
net958,5.52µm
net963,5.52µm
net965,5.52µm
net966,5.52µm
net974,5.52µm
net977,5.52µm
net980,5.52µm
net981,5.52µm
net982,5.52µm
net984,5.52µm
net985,5.52µm
net988,5.52µm
net990,5.52µm
net999,5.52µm
net1002,5.52µm
net1005,5.52µm
net1013,5.52µm
net1015,5.52µm
net1018,5.52µm
net1020,5.52µm
net1023,5.52µm
net1025,5.52µm
net1030,5.52µm
net1031,5.52µm
net1032,5.52µm
net1034,5.52µm
net1039,5.52µm
net1040,5.52µm
net1043,5.52µm
net1046,5.52µm
net1050,5.52µm
net1053,5.52µm
net1057,5.52µm
net1062,5.52µm
net1063,5.52µm
net1067,5.52µm
net1072,5.52µm
net1075,5.52µm
net1085,5.52µm
net1087,5.52µm
net1090,5.52µm
net1092,5.52µm
net1095,5.52µm
net1098,5.52µm
net1107,5.52µm
net1112,5.52µm
net1113,5.52µm
net1118,5.52µm
net1123,5.52µm
net1127,5.52µm
net1131,5.52µm
net1140,5.52µm
net1148,5.52µm
net1151,5.52µm
net1154,5.52µm
net1162,5.52µm
net1165,5.52µm
net1170,5.52µm
net1171,5.52µm
net1172,5.52µm
net1177,5.52µm
net1180,5.52µm
net1182,5.52µm
net1185,5.52µm
net1186,5.52µm
net1190,5.52µm
net1194,5.52µm
net1195,5.52µm
net1196,5.52µm
net1198,5.52µm
net1202,5.52µm
net1204,5.52µm
net1207,5.52µm
net1211,5.52µm
net1214,5.52µm
net1215,5.52µm
net1219,5.52µm
net1222,5.52µm
net1232,5.52µm
net1233,5.52µm
net1236,5.52µm
net1240,5.52µm
net1258,5.52µm
net1266,5.52µm
net1267,5.52µm
net1270,5.52µm
net1271,5.52µm
net1273,5.52µm
net1275,5.52µm
net1276,5.52µm
net1277,5.52µm
net1282,5.52µm
net1285,5.52µm
net1291,5.52µm
net1293,5.52µm
net1296,5.52µm
net1300,5.52µm
net1305,5.52µm
net1306,5.52µm
net1309,5.52µm
net1311,5.52µm
net1312,5.52µm
net1315,5.52µm
net1318,5.52µm
net1319,5.52µm
net1322,5.52µm
net1324,5.52µm
net1328,5.52µm
net1329,5.52µm
net1332,5.52µm
net1342,5.52µm
net1343,5.52µm
net1345,5.52µm
net1348,5.52µm
net1354,5.52µm
net1372,5.52µm
net1374,5.52µm
net1380,5.52µm
net1388,5.52µm
net1390,5.52µm
net1391,5.52µm
net1397,5.52µm
net1406,5.52µm
net1410,5.52µm
net1412,5.52µm
net1414,5.52µm
net1416,5.52µm
net1418,5.52µm
net1427,5.52µm
net1430,5.52µm
net1433,5.52µm
net1436,5.52µm
net1446,5.52µm
net1451,5.52µm
net1459,5.52µm
net1490,5.52µm
net1499,5.52µm
net1501,5.52µm
net1520,5.52µm
net1525,5.52µm
net1527,5.52µm
net1528,5.52µm
net1529,5.52µm
net1535,5.52µm
net1536,5.52µm
net1538,5.52µm
net1543,5.52µm
net1546,5.52µm
net1555,5.52µm
net1556,5.52µm
net1558,5.52µm
net1561,5.52µm
net1579,5.52µm
net1582,5.52µm
net1583,5.52µm
net1584,5.52µm
net1592,5.52µm
net1593,5.52µm
net1599,5.52µm
net1613,5.52µm
net1618,5.52µm
net1621,5.52µm
net1624,5.52µm
net1633,5.52µm
net1635,5.52µm
net1638,5.52µm
net1645,5.52µm
net1650,5.52µm
net1652,5.52µm
net1654,5.52µm
net1655,5.52µm
net1665,5.52µm
net1673,5.52µm
net1674,5.52µm
net1675,5.52µm
net1678,5.52µm
net1681,5.52µm
net1682,5.52µm
net1691,5.52µm
net1694,5.52µm
net1695,5.52µm
net1696,5.52µm
net1697,5.52µm
net1698,5.52µm
net1701,5.52µm
net1713,5.52µm
net1718,5.52µm
net1724,5.52µm
net1729,5.52µm
net1731,5.52µm
net1736,5.52µm
net1740,5.52µm
net1743,5.52µm
net1744,5.52µm
net1747,5.52µm
net1749,5.52µm
net1754,5.52µm
net1766,5.52µm
net1786,5.52µm
net1791,5.52µm
net1795,5.52µm
net1798,5.52µm
net1802,5.52µm
net1803,5.52µm
net1806,5.52µm
net1815,5.52µm
net1818,5.52µm
net1819,5.52µm
net1822,5.52µm
net1840,5.52µm
net1841,5.52µm
net1843,5.52µm
net1849,5.52µm
net1851,5.52µm
net1855,5.52µm
net1857,5.52µm
net1859,5.52µm
net1868,5.52µm
net1882,5.52µm
net1883,5.52µm
net1884,5.52µm
net1885,5.52µm
net1889,5.52µm
net1890,5.52µm
net1891,5.52µm
net1897,5.52µm
net1898,5.52µm
net1905,5.52µm
net1908,5.52µm
net1919,5.52µm
net1920,5.52µm
net1922,5.52µm
net1924,5.52µm
net1935,5.52µm
net1939,5.52µm
net1940,5.52µm
net1942,5.52µm
net1950,5.52µm
net1953,5.52µm
net1955,5.52µm
net1963,5.52µm
net1973,5.52µm
net1980,5.52µm
net1989,5.52µm
net1991,5.52µm
net1995,5.52µm
net2000,5.52µm
net2006,5.52µm
net2013,5.52µm
net2014,5.52µm
net2031,5.52µm
net2034,5.52µm
net2035,5.52µm
net2041,5.52µm
net2042,5.52µm
net2048,5.52µm
net2054,5.52µm
net2056,5.52µm
net2058,5.52µm
net2062,5.52µm
net2068,5.52µm
net2079,5.52µm
net2083,5.52µm
net2084,5.52µm
net2085,5.52µm
net2090,5.52µm
net2092,5.52µm
net2094,5.52µm
net2106,5.52µm
net2109,5.52µm
net2111,5.52µm
net2122,5.52µm
net2138,5.52µm
net2149,5.52µm
net2153,5.52µm
net2161,5.52µm
net2162,5.52µm
net2164,5.52µm
net2165,5.52µm
net2167,5.52µm
net2171,5.52µm
net2173,5.52µm
net2174,5.52µm
net2177,5.52µm
net2184,5.52µm
net2185,5.52µm
net2186,5.52µm
net2194,5.52µm
net2196,5.52µm
net2197,5.52µm
net2198,5.52µm
net2199,5.52µm
net2207,5.52µm
net2209,5.52µm
net2211,5.52µm
net2216,5.52µm
net2219,5.52µm
net2221,5.52µm
net2227,5.52µm
net2228,5.52µm
net2233,5.52µm
net2236,5.52µm
net2242,5.52µm
net2249,5.52µm
net2250,5.52µm
net2252,5.52µm
net2262,5.52µm
net2264,5.52µm
net2279,5.52µm
net2282,5.52µm
net2284,5.52µm
net2287,5.52µm
net2295,5.52µm
net2307,5.52µm
net2311,5.52µm
net2313,5.52µm
net2314,5.52µm
net2322,5.52µm
net2330,5.52µm
net2337,5.52µm
net2340,5.52µm
net2345,5.52µm
net2347,5.52µm
net2354,5.52µm
net2360,5.52µm
net2361,5.52µm
net2370,5.52µm
net2371,5.52µm
net2375,5.52µm
net2383,5.52µm
net2385,5.52µm
net2403,5.52µm
net2406,5.52µm
net2412,5.52µm
net2414,5.52µm
net2423,5.52µm
net2424,5.52µm
net2430,5.52µm
net2441,5.52µm
net2446,5.52µm
net2452,5.52µm
net2453,5.52µm
net2459,5.52µm
net2463,5.52µm
net2465,5.52µm
net2466,5.52µm
net2477,5.52µm
net2487,5.52µm
net2489,5.52µm
net2494,5.52µm
net2499,5.52µm
net2510,5.52µm
net2516,5.52µm
net2518,5.52µm
net2522,5.52µm
net2528,5.52µm
net2532,5.52µm
net2536,5.52µm
net2553,5.52µm
net2556,5.52µm
net2557,5.52µm
net2560,5.52µm
net2576,5.52µm
net2579,5.52µm
net2583,5.52µm
net2589,5.52µm
net2600,5.52µm
net2604,5.52µm
net2609,5.52µm
net2612,5.52µm
net2616,5.52µm
net2622,5.52µm
net2631,5.52µm
net2633,5.52µm
net2635,5.52µm
net2636,5.52µm
net2644,5.52µm
net2657,5.52µm
net2659,5.52µm
net2662,5.52µm
net2672,5.52µm
net2680,5.52µm
net2682,5.52µm
net2688,5.52µm
net2694,5.52µm
net2699,5.52µm
net2703,5.52µm
net2705,5.52µm
net2706,5.52µm
net2707,5.52µm
net2709,5.52µm
net2711,5.52µm
net2713,5.52µm
net2722,5.52µm
net2726,5.52µm
net2728,5.52µm
net2740,5.52µm
net2744,5.52µm
net2752,5.52µm
net2757,5.52µm
net2759,5.52µm
net2772,5.52µm
net2774,5.52µm
net2778,5.52µm
net2793,5.52µm
net2799,5.52µm
net2801,5.52µm
net2803,5.52µm
net2804,5.52µm
net2805,5.52µm
net2808,5.52µm
net2813,5.52µm
net2816,5.52µm
net2819,5.52µm
net2825,5.52µm
net2827,5.52µm
net2830,5.52µm
net2832,5.52µm
net2842,5.52µm
net2852,5.52µm
net2859,5.52µm
net2867,5.52µm
net2896,5.52µm
net2902,5.52µm
net2917,5.52µm
net2918,5.52µm
net2933,5.52µm
net2947,5.52µm
net2948,5.52µm
net2961,5.52µm
net2969,5.52µm
net3009,5.52µm
net3023,5.52µm
net3028,5.52µm
net3041,5.52µm
net3043,5.52µm
net3066,5.52µm
net3069,5.52µm
net3075,5.52µm
net3080,5.52µm
net3083,5.52µm
net3087,5.52µm
net3125,5.52µm
net3126,5.52µm
net3129,5.52µm
net3133,5.52µm
net3141,5.52µm
net3152,5.52µm
net3155,5.52µm
net3174,5.52µm
net3210,5.52µm
net3211,5.52µm
net3212,5.52µm
net3213,5.52µm
net3221,5.52µm
net3236,5.52µm
net3244,5.52µm
net3245,5.52µm
net3280,5.52µm
net3296,5.52µm
net3327,5.52µm
net3332,5.52µm
net3333,5.52µm
net3334,5.52µm
net3336,5.52µm
net3344,5.52µm
net3348,5.52µm
net3357,5.52µm
net3363,5.52µm
net3365,5.52µm
net3374,5.52µm
net3375,5.52µm
net3378,5.52µm
net3379,5.52µm
net3396,5.52µm
net3399,5.52µm
net3403,5.52µm
net3405,5.52µm
net3414,5.52µm
net3421,5.52µm
net3432,5.52µm
net3447,5.52µm
net3455,5.52µm
net3465,5.52µm
net3491,5.52µm
net3525,5.52µm
net3530,5.52µm
net3545,5.52µm
net3565,5.52µm
net3588,5.52µm
net3591,5.52µm
net3602,5.52µm
net3609,5.52µm
net3610,5.52µm
net3616,5.52µm
net3623,5.52µm
net3629,5.52µm
net3631,5.52µm
net3648,5.52µm
net3664,5.52µm
net3678,5.52µm
net3683,5.52µm
net3689,5.52µm
net3708,5.52µm
net3709,5.52µm
net3716,5.52µm
net3718,5.52µm
net3770,5.52µm
net3776,5.52µm
net3807,5.52µm
net3816,5.52µm
net3819,5.52µm
net3835,5.52µm
net3840,5.52µm
net3873,5.52µm
net3879,5.52µm
net3905,5.52µm
net3912,5.52µm
net3914,5.52µm
net3916,5.52µm
net3936,5.52µm
net3940,5.52µm
net3963,5.52µm
net3972,5.52µm
net3985,5.52µm
net3986,5.52µm
net4033,5.52µm
net4051,5.52µm
net4079,5.52µm
net4092,5.52µm
net4128,5.52µm
net4148,5.52µm
net4158,5.52µm
net4163,5.52µm
net4179,5.52µm
net4189,5.52µm
net4191,5.52µm
net4192,5.52µm
net4203,5.52µm
net4218,5.52µm
net4219,5.52µm
net4227,5.52µm
net4228,5.52µm
net4270,5.52µm
net4288,5.52µm
net4328,5.52µm
net4346,5.52µm
net4357,5.52µm
net4363,5.52µm
net4367,5.52µm
net4397,5.52µm
net4416,5.52µm
net4440,5.52µm
net4451,5.52µm
net4460,5.52µm
net4470,5.52µm
net4491,5.52µm
net4502,5.52µm
net4505,5.52µm
net4523,5.52µm
net4524,5.52µm
net4527,5.52µm
net4539,5.52µm
net4546,5.52µm
net4568,5.52µm
net4575,5.52µm
net4581,5.52µm
net4611,5.52µm
net4625,5.52µm
net4628,5.52µm
net4631,5.52µm
net4637,5.52µm
net4669,5.52µm
net4670,5.52µm
net4683,5.52µm
net4685,5.52µm
net4697,5.52µm
net4699,5.52µm
net4710,5.52µm
net4713,5.52µm
net4714,5.52µm
net4723,5.52µm
net4737,5.52µm
net4743,5.52µm
net4758,5.52µm
net4774,5.52µm
net4781,5.52µm
net4793,5.52µm
net4798,5.52µm
net4804,5.52µm
net4822,5.52µm
net4871,5.52µm
net4900,5.52µm
net4902,5.52µm
net4911,5.52µm
net4917,5.52µm
net4942,5.52µm
net4977,5.52µm
net4979,5.52µm
net4993,5.52µm
net4994,5.52µm
net5013,5.52µm
net5014,5.52µm
net5020,5.52µm
net5048,5.52µm
net5052,5.52µm
net5111,5.52µm
net5151,5.52µm
net5157,5.52µm
net5159,5.52µm
net5167,5.52µm
net5168,5.52µm
net5169,5.52µm
net5172,5.52µm
net5186,5.52µm
net5191,5.52µm
net5208,5.52µm
net5218,5.52µm
net5224,5.52µm
net5238,5.52µm
net5261,5.52µm
net5287,5.52µm
net5308,5.52µm
net5335,5.52µm
net5338,5.52µm
net5343,5.52µm
net5388,5.52µm
net5406,5.52µm
net5414,5.52µm
net5439,5.52µm
net5441,5.52µm
net5552,5.52µm
net5604,5.52µm
net5637,5.52µm
net5642,5.52µm
net5693,5.52µm
net5698,5.52µm
net5712,5.52µm
net5724,5.52µm
net5734,5.52µm
net5766,5.52µm
net5786,5.52µm
net5793,5.52µm
net5809,5.52µm
net5830,5.52µm
net5853,5.52µm
net5880,5.52µm
net5904,5.52µm
net5909,5.52µm
net5915,5.52µm
net5917,5.52µm
net5928,5.52µm
net5935,5.52µm
net5945,5.52µm
net5947,5.52µm
net5965,5.52µm
net5979,5.52µm
net6010,5.52µm
net6077,5.52µm
net6090,5.52µm
net6091,5.52µm
net6124,5.52µm
_11344_,5.51µm
_00061_,5.505µm
_00116_,5.505µm
_00474_,5.505µm
_00547_,5.505µm
_01024_,5.505µm
_01103_,5.505µm
_01145_,5.505µm
_01205_,5.505µm
_01330_,5.505µm
_01478_,5.505µm
_01882_,5.505µm
_02054_,5.505µm
_02065_,5.505µm
_02097_,5.505µm
_02438_,5.505µm
_02846_,5.505µm
_02989_,5.505µm
_03597_,5.505µm
_03606_,5.505µm
_04049_,5.505µm
_04332_,5.505µm
_04403_,5.505µm
_04446_,5.505µm
_04514_,5.505µm
_04535_,5.505µm
_04599_,5.505µm
_04818_,5.505µm
_04944_,5.505µm
_05377_,5.505µm
_05409_,5.505µm
_05773_,5.505µm
_05845_,5.505µm
_06012_,5.505µm
_06367_,5.505µm
_03959_,5.5µm
_04779_,5.5µm
_04997_,5.5µm
_05007_,5.5µm
_05040_,5.5µm
_05136_,5.5µm
_05156_,5.5µm
_05181_,5.5µm
_06540_,5.5µm
_06568_,5.5µm
_06639_,5.5µm
_06719_,5.5µm
_06783_,5.5µm
_06797_,5.5µm
_08622_,5.5µm
_10034_,5.5µm
_12779_,5.5µm
_13451_,5.5µm
net783,5.5µm
net1272,5.5µm
net1671,5.5µm
net3050,5.5µm
net5569,5.5µm
net5685,5.5µm
_12679_,5.49µm
u_accel.logitm\[2\]\[8\],5.485µm
_04953_,5.48µm
_05177_,5.48µm
_07826_,5.48µm
_07865_,5.48µm
_08374_,5.48µm
_09006_,5.48µm
_12324_,5.48µm
_12755_,5.48µm
_13368_,5.48µm
_13453_,5.48µm
_13562_,5.48µm
_13600_,5.48µm
u_accel.actm\[111\]\[1\],5.48µm
u_accel.actm\[36\]\[0\],5.48µm
u_accel.actm\[38\]\[7\],5.48µm
u_accel.actm\[42\]\[7\],5.48µm
u_accel.actm\[78\]\[5\],5.48µm
u_accel.bconv\[1\]\[10\],5.48µm
u_accel.imem\[0\]\[4\],5.48µm
u_accel.imem\[1\]\[0\],5.48µm
u_accel.imem\[44\]\[6\],5.48µm
u_accel.imem\[4\]\[3\],5.48µm
u_accel.logitm\[2\]\[9\],5.48µm
u_accel.wconv\[7\]\[3\],5.48µm
u_accel.wfc\[100\]\[5\],5.48µm
u_accel.wfc\[15\]\[2\],5.48µm
u_accel.wfc\[246\]\[1\],5.48µm
u_accel.wfc\[251\]\[6\],5.48µm
u_accel.wfc\[309\]\[4\],5.48µm
net4265,5.48µm
_00437_,5.475µm
_00698_,5.475µm
_01679_,5.475µm
_01781_,5.475µm
_03121_,5.475µm
_03312_,5.475µm
_03801_,5.475µm
_05273_,5.475µm
_05112_,5.46µm
_06674_,5.46µm
_06681_,5.46µm
_06735_,5.46µm
_08844_,5.46µm
_09604_,5.46µm
_13520_,5.46µm
u_accel.actm\[10\]\[0\],5.46µm
u_accel.actm\[115\]\[0\],5.46µm
u_accel.actm\[61\]\[3\],5.46µm
u_accel.actm\[86\]\[3\],5.46µm
u_accel.wfc\[121\]\[4\],5.46µm
u_accel.wfc\[327\]\[7\],5.46µm
u_accel.wfc\[62\]\[6\],5.46µm
net1933,5.46µm
net2133,5.46µm
net4819,5.46µm
_00256_,5.445µm
_00462_,5.445µm
_01956_,5.445µm
_02572_,5.445µm
_04934_,5.445µm
_06228_,5.445µm
_11843_,5.44µm
_12673_,5.44µm
u_accel.imem\[44\]\[4\],5.44µm
_00218_,5.435µm
_00708_,5.435µm
_00854_,5.435µm
_01271_,5.435µm
_01357_,5.435µm
_01374_,5.435µm
_01449_,5.435µm
_01515_,5.435µm
_01942_,5.435µm
_01943_,5.435µm
_02060_,5.435µm
_02171_,5.435µm
_02293_,5.435µm
_02519_,5.435µm
_02857_,5.435µm
_02984_,5.435µm
_03085_,5.435µm
_03155_,5.435µm
_03163_,5.435µm
_03537_,5.435µm
_03615_,5.435µm
_03744_,5.435µm
_03878_,5.435µm
_04458_,5.435µm
_04462_,5.435µm
_04510_,5.435µm
_04649_,5.435µm
_04832_,5.435µm
_04844_,5.435µm
_05302_,5.435µm
_06262_,5.435µm
u_accel.imem\[25\]\[0\],5.43µm
_00090_,5.425µm
_00118_,5.425µm
_00986_,5.425µm
_01236_,5.425µm
_01386_,5.425µm
_01444_,5.425µm
_03529_,5.425µm
_04589_,5.425µm
_05753_,5.425µm
_05921_,5.425µm
_06109_,5.425µm
_09757_,5.415µm
_01935_,5.405µm
_02541_,5.405µm
_06340_,5.405µm
_12264_,5.4µm
_12393_,5.4µm
u_accel.actm\[63\]\[4\],5.4µm
net31,5.4µm
net33,5.4µm
net38,5.4µm
net48,5.4µm
net60,5.4µm
net71,5.4µm
net75,5.4µm
net77,5.4µm
net2888,5.4µm
net2895,5.4µm
net3495,5.4µm
net3649,5.4µm
net3779,5.4µm
net3853,5.4µm
net4261,5.4µm
net4398,5.4µm
net4443,5.4µm
net4509,5.4µm
net4664,5.4µm
net4848,5.4µm
net4860,5.4µm
net4891,5.4µm
net4894,5.4µm
net5093,5.4µm
net5194,5.4µm
net5329,5.4µm
net5397,5.4µm
net5449,5.4µm
net5581,5.4µm
net5675,5.4µm
_02441_,5.385µm
_02648_,5.385µm
_03371_,5.385µm
_00017_,5.38µm
_04987_,5.38µm
_04995_,5.38µm
_04996_,5.38µm
_05001_,5.38µm
_05003_,5.38µm
_05088_,5.38µm
_05260_,5.38µm
_06496_,5.38µm
_06527_,5.38µm
_06790_,5.38µm
_06872_,5.38µm
_08307_,5.38µm
_08321_,5.38µm
_08573_,5.38µm
_09061_,5.38µm
_09281_,5.38µm
_09737_,5.38µm
_09913_,5.38µm
_10172_,5.38µm
_10678_,5.38µm
_10849_,5.38µm
_11173_,5.38µm
_11198_,5.38µm
_11229_,5.38µm
_11624_,5.38µm
_11720_,5.38µm
_11960_,5.38µm
_12198_,5.38µm
_12858_,5.38µm
_12926_,5.38µm
_13090_,5.38µm
_13546_,5.38µm
_13610_,5.38µm
_13661_,5.38µm
u_accel.actm\[109\]\[4\],5.38µm
u_accel.actm\[126\]\[5\],5.38µm
u_accel.actm\[16\]\[1\],5.38µm
u_accel.actm\[41\]\[5\],5.38µm
u_accel.actm\[63\]\[1\],5.38µm
u_accel.actm\[64\]\[5\],5.38µm
u_accel.actm\[66\]\[7\],5.38µm
u_accel.bfc\[2\]\[17\],5.38µm
u_accel.bfc\[2\]\[2\],5.38µm
u_accel.imem\[1\]\[5\],5.38µm
u_accel.imem\[50\]\[0\],5.38µm
u_accel.wconv\[15\]\[7\],5.38µm
u_accel.wfc\[121\]\[5\],5.38µm
u_accel.wfc\[146\]\[3\],5.38µm
u_accel.wfc\[189\]\[3\],5.38µm
u_accel.wfc\[18\]\[7\],5.38µm
u_accel.wfc\[306\]\[5\],5.38µm
u_accel.wfc\[310\]\[5\],5.38µm
u_accel.wfc\[314\]\[5\],5.38µm
u_accel.wfc\[430\]\[2\],5.38µm
u_accel.wfc\[430\]\[7\],5.38µm
u_accel.wfc\[481\]\[4\],5.38µm
u_csr.weight_addr_o\[17\],5.38µm
net2353,5.38µm
net2957,5.38µm
net3089,5.38µm
net3096,5.38µm
net3265,5.38µm
net3362,5.38µm
net3481,5.38µm
net3687,5.38µm
net4100,5.38µm
net4137,5.38µm
net4405,5.38µm
net4476,5.38µm
net4858,5.38µm
net4982,5.38µm
net5084,5.38µm
net5297,5.38µm
net5346,5.38µm
net5408,5.38µm
net5756,5.38µm
net5803,5.38µm
net5949,5.38µm
net5992,5.38µm
net6046,5.38µm
_08058_,5.36µm
_09859_,5.36µm
_10080_,5.36µm
u_accel.actm\[1\]\[0\],5.36µm
u_accel.actm\[5\]\[1\],5.36µm
u_accel.imem\[21\]\[5\],5.36µm
u_accel.wfc\[115\]\[5\],5.36µm
u_accel.wfc\[1\]\[5\],5.36µm
u_accel.wfc\[265\]\[0\],5.36µm
u_accel.wfc\[470\]\[0\],5.36µm
u_accel.wfc\[56\]\[7\],5.36µm
u_accel.wfc\[74\]\[7\],5.36µm
_02930_,5.355µm
_03448_,5.355µm
_04870_,5.355µm
_00640_,5.345µm
_00849_,5.345µm
_01466_,5.345µm
_03055_,5.345µm
_03380_,5.345µm
_03608_,5.345µm
_04210_,5.345µm
_04298_,5.345µm
_06440_,5.34µm
_08015_,5.34µm
_08086_,5.34µm
_08178_,5.34µm
_09258_,5.34µm
_09900_,5.34µm
_09909_,5.34µm
_09983_,5.34µm
_10082_,5.34µm
_10698_,5.34µm
_11184_,5.34µm
_12174_,5.34µm
_12584_,5.34µm
_12652_,5.34µm
_12687_,5.34µm
_12961_,5.34µm
_13063_,5.34µm
_13583_,5.34µm
_13593_,5.34µm
_13628_,5.34µm
_13650_,5.34µm
u_accel.actm\[1\]\[1\],5.34µm
u_accel.actm\[1\]\[7\],5.34µm
u_accel.actm\[32\]\[5\],5.34µm
u_accel.actm\[66\]\[3\],5.34µm
u_accel.actm\[85\]\[1\],5.34µm
u_accel.imem\[17\]\[1\],5.34µm
u_accel.imem\[17\]\[5\],5.34µm
u_accel.imem\[50\]\[4\],5.34µm
u_accel.wfc\[102\]\[2\],5.34µm
u_accel.wfc\[110\]\[1\],5.34µm
u_accel.wfc\[111\]\[6\],5.34µm
u_accel.wfc\[138\]\[6\],5.34µm
u_accel.wfc\[173\]\[5\],5.34µm
u_accel.wfc\[178\]\[4\],5.34µm
u_accel.wfc\[186\]\[4\],5.34µm
u_accel.wfc\[199\]\[7\],5.34µm
u_accel.wfc\[265\]\[1\],5.34µm
u_accel.wfc\[265\]\[4\],5.34µm
u_accel.wfc\[334\]\[2\],5.34µm
u_accel.wfc\[423\]\[1\],5.34µm
u_accel.wfc\[429\]\[4\],5.34µm
u_accel.wfc\[433\]\[2\],5.34µm
u_accel.wfc\[474\]\[1\],5.34µm
u_accel.wfc\[54\]\[4\],5.34µm
net343,5.34µm
net1648,5.34µm
net2141,5.34µm
net2225,5.34µm
net2550,5.34µm
net2883,5.34µm
net2923,5.34µm
net3352,5.34µm
net3519,5.34µm
net3703,5.34µm
net3941,5.34µm
net4009,5.34µm
net4155,5.34µm
net4195,5.34µm
net4230,5.34µm
net4269,5.34µm
net4282,5.34µm
net4469,5.34µm
net4489,5.34µm
net4866,5.34µm
net5072,5.34µm
net5133,5.34µm
net5223,5.34µm
net5257,5.34µm
net5543,5.34µm
net5646,5.34µm
net5722,5.34µm
net5997,5.34µm
net6007,5.34µm
net6040,5.34µm
_01670_,5.335µm
_00143_,5.325µm
_01372_,5.325µm
_02138_,5.325µm
_03397_,5.325µm
_06114_,5.325µm
_03867_,5.32µm
_02517_,5.315µm
_02606_,5.315µm
_02617_,5.315µm
_03675_,5.315µm
_00251_,5.305µm
_00674_,5.305µm
_00752_,5.305µm
_01262_,5.305µm
_01408_,5.305µm
_01495_,5.305µm
_01551_,5.305µm
_01609_,5.305µm
_01925_,5.305µm
_02102_,5.305µm
_02141_,5.305µm
_02202_,5.305µm
_02427_,5.305µm
_02577_,5.305µm
_02663_,5.305µm
_02758_,5.305µm
_02811_,5.305µm
_02840_,5.305µm
_02877_,5.305µm
_02923_,5.305µm
_02997_,5.305µm
_03304_,5.305µm
_03305_,5.305µm
_03345_,5.305µm
_03503_,5.305µm
_03718_,5.305µm
_03763_,5.305µm
_03866_,5.305µm
_03894_,5.305µm
_03991_,5.305µm
_04117_,5.305µm
_04214_,5.305µm
_04243_,5.305µm
_04494_,5.305µm
_04539_,5.305µm
_04709_,5.305µm
_04783_,5.305µm
_04789_,5.305µm
_05426_,5.305µm
_05454_,5.305µm
_05477_,5.305µm
_05503_,5.305µm
_05578_,5.305µm
_05663_,5.305µm
_05671_,5.305µm
_05807_,5.305µm
_05919_,5.305µm
_06036_,5.305µm
_06355_,5.305µm
_14095_,5.295µm
_13079_,5.29µm
_09667_,5.285µm
_07860_,5.28µm
_07912_,5.28µm
_08738_,5.28µm
_08804_,5.28µm
_09740_,5.28µm
_13338_,5.28µm
u_accel.actm\[48\]\[6\],5.28µm
u_accel.actm\[75\]\[0\],5.28µm
u_accel.actm\[93\]\[0\],5.28µm
_00028_,5.265µm
_00071_,5.265µm
_00109_,5.265µm
_00198_,5.265µm
_00268_,5.265µm
_00303_,5.265µm
_00506_,5.265µm
_00590_,5.265µm
_00606_,5.265µm
_00608_,5.265µm
_00725_,5.265µm
_00767_,5.265µm
_01203_,5.265µm
_01506_,5.265µm
_01664_,5.265µm
_01733_,5.265µm
_01773_,5.265µm
_01847_,5.265µm
_02651_,5.265µm
_02806_,5.265µm
_02903_,5.265µm
_03401_,5.265µm
_03434_,5.265µm
_04076_,5.265µm
_04137_,5.265µm
_04229_,5.265µm
_04363_,5.265µm
_04478_,5.265µm
_04583_,5.265µm
_04830_,5.265µm
_04963_,5.265µm
_05330_,5.265µm
_05331_,5.265µm
_05332_,5.265µm
_05659_,5.265µm
_05738_,5.265µm
_05791_,5.265µm
_05904_,5.265µm
_05920_,5.265µm
_05997_,5.265µm
_06025_,5.265µm
_06164_,5.265µm
_06168_,5.265µm
_06677_,5.26µm
_07856_,5.26µm
_07988_,5.26µm
_08609_,5.26µm
_09111_,5.26µm
_09128_,5.26µm
_09143_,5.26µm
_09392_,5.26µm
_10216_,5.26µm
_10218_,5.26µm
_10268_,5.26µm
_10778_,5.26µm
_11120_,5.26µm
_11263_,5.26µm
_11429_,5.26µm
_11460_,5.26µm
_11528_,5.26µm
_12082_,5.26µm
_12774_,5.26µm
_12778_,5.26µm
_12900_,5.26µm
_13005_,5.26µm
_13348_,5.26µm
_13426_,5.26µm
_13898_,5.26µm
_13968_,5.26µm
_14003_,5.26µm
u_accel.actm\[100\]\[3\],5.26µm
u_accel.actm\[106\]\[2\],5.26µm
u_accel.actm\[107\]\[4\],5.26µm
u_accel.actm\[86\]\[4\],5.26µm
u_accel.actm\[92\]\[4\],5.26µm
u_accel.bfc\[3\]\[0\],5.26µm
u_accel.bfc\[3\]\[12\],5.26µm
u_accel.imem\[21\]\[2\],5.26µm
u_accel.logitm\[1\]\[12\],5.26µm
u_accel.logitm\[1\]\[28\],5.26µm
u_accel.logitm\[2\]\[29\],5.26µm
u_accel.wconv\[4\]\[3\],5.26µm
u_accel.wfc\[107\]\[4\],5.26µm
u_accel.wfc\[111\]\[3\],5.26µm
u_accel.wfc\[115\]\[7\],5.26µm
u_accel.wfc\[117\]\[7\],5.26µm
u_accel.wfc\[179\]\[3\],5.26µm
u_accel.wfc\[229\]\[2\],5.26µm
u_accel.wfc\[287\]\[4\],5.26µm
u_accel.wfc\[299\]\[1\],5.26µm
u_accel.wfc\[31\]\[7\],5.26µm
u_accel.wfc\[367\]\[5\],5.26µm
u_accel.wfc\[367\]\[7\],5.26µm
u_accel.wfc\[443\]\[4\],5.26µm
u_accel.wfc\[459\]\[1\],5.26µm
u_accel.wfc\[475\]\[0\],5.26µm
u_accel.wfc\[67\]\[6\],5.26µm
net144,5.26µm
net455,5.26µm
net745,5.26µm
net851,5.26µm
net1334,5.26µm
net1741,5.26µm
net1805,5.26µm
net1956,5.26µm
net2036,5.26µm
net2387,5.26µm
net2411,5.26µm
net3592,5.26µm
net4164,5.26µm
net4396,5.26µm
_03328_,5.24µm
_04014_,5.24µm
_04526_,5.24µm
_04730_,5.24µm
_06608_,5.24µm
_12435_,5.24µm
_13364_,5.24µm
u_accel.actm\[59\]\[6\],5.24µm
u_accel.wfc\[270\]\[4\],5.24µm
u_accel.wfc\[302\]\[5\],5.24µm
u_accel.wfc\[422\]\[0\],5.24µm
u_accel.wfc\[422\]\[2\],5.24µm
u_accel.wfc\[506\]\[3\],5.24µm
u_accel.wfc\[74\]\[0\],5.24µm
_03306_,5.235µm
_07810_,5.22µm
_09628_,5.22µm
_09670_,5.22µm
_09879_,5.22µm
_10369_,5.22µm
_10929_,5.22µm
_11634_,5.22µm
_11793_,5.22µm
_11969_,5.22µm
_12414_,5.22µm
_12841_,5.22µm
_12850_,5.22µm
_12971_,5.22µm
u_accel.actm\[111\]\[7\],5.22µm
u_accel.actm\[33\]\[6\],5.22µm
u_accel.actm\[46\]\[7\],5.22µm
u_accel.actm\[63\]\[6\],5.22µm
u_accel.actm\[79\]\[5\],5.22µm
u_accel.actm\[97\]\[1\],5.22µm
u_accel.wconv\[14\]\[4\],5.22µm
u_accel.wfc\[315\]\[6\],5.22µm
u_accel.wfc\[363\]\[4\],5.22µm
u_csr.ctrl_q\[2\],5.22µm
net1853,5.22µm
net3193,5.22µm
_00760_,5.215µm
_01762_,5.215µm
_03437_,5.215µm
_03605_,5.215µm
_05489_,5.215µm
_12910_,5.21µm
_01000_,5.185µm
_02008_,5.185µm
_02443_,5.185µm
_02446_,5.185µm
_02478_,5.185µm
_02531_,5.185µm
_02643_,5.185µm
_02674_,5.185µm
_03590_,5.185µm
_03891_,5.185µm
_04154_,5.185µm
_04169_,5.185µm
_04394_,5.185µm
_04602_,5.185µm
_05303_,5.185µm
_06060_,5.185µm
_06478_,5.185µm
_06370_,5.165µm
_00173_,5.16µm
_00505_,5.16µm
_00631_,5.16µm
_00907_,5.16µm
_01347_,5.16µm
_01549_,5.16µm
_02221_,5.16µm
_02982_,5.16µm
_03471_,5.16µm
_04005_,5.16µm
_04051_,5.16µm
_05321_,5.16µm
_05397_,5.16µm
_06245_,5.16µm
_06333_,5.16µm
_07971_,5.16µm
_09300_,5.16µm
_09530_,5.16µm
_10227_,5.16µm
net96,5.16µm
net425,5.16µm
net499,5.16µm
net669,5.16µm
net672,5.16µm
net779,5.16µm
net1193,5.16µm
net1224,5.16µm
net1257,5.16µm
net1439,5.16µm
net1518,5.16µm
net1541,5.16µm
net1552,5.16µm
net1607,5.16µm
net1626,5.16µm
net1809,5.16µm
net1820,5.16µm
net1900,5.16µm
net2019,5.16µm
net2059,5.16µm
net2363,5.16µm
net2751,5.16µm
net2880,5.16µm
net2956,5.16µm
net2989,5.16µm
net3008,5.16µm
net3039,5.16µm
net3042,5.16µm
net3099,5.16µm
net3268,5.16µm
net3392,5.16µm
net3426,5.16µm
net3529,5.16µm
net3593,5.16µm
net3597,5.16µm
net3613,5.16µm
net3767,5.16µm
net3803,5.16µm
net3838,5.16µm
net3917,5.16µm
net3946,5.16µm
net4143,5.16µm
net4178,5.16µm
net4194,5.16µm
net4210,5.16µm
net4304,5.16µm
net4630,5.16µm
net4676,5.16µm
net4783,5.16µm
net4826,5.16µm
net4828,5.16µm
net4870,5.16µm
net4896,5.16µm
net4988,5.16µm
net5016,5.16µm
net5035,5.16µm
net5160,5.16µm
net5234,5.16µm
net5244,5.16µm
net5425,5.16µm
net5434,5.16µm
net5708,5.16µm
net5838,5.16µm
net6033,5.16µm
net6112,5.16µm
_13193_,5.15µm
_00477_,5.145µm
_04981_,5.14µm
_09382_,5.14µm
_09897_,5.14µm
_10918_,5.14µm
_11426_,5.14µm
_11825_,5.14µm
_12669_,5.14µm
_12837_,5.14µm
_13387_,5.14µm
_13578_,5.14µm
u_accel.actm\[0\]\[6\],5.14µm
u_accel.actm\[49\]\[5\],5.14µm
u_accel.actm\[97\]\[0\],5.14µm
u_accel.actm\[99\]\[6\],5.14µm
u_accel.imem\[42\]\[4\],5.14µm
u_accel.imem\[6\]\[7\],5.14µm
u_accel.wfc\[254\]\[1\],5.14µm
u_accel.wfc\[376\]\[1\],5.14µm
u_accel.wfc\[448\]\[1\],5.14µm
u_accel.wfc\[64\]\[1\],5.14µm
net696,5.14µm
_00550_,5.135µm
_02143_,5.135µm
_02145_,5.135µm
_06107_,5.135µm
_08689_,5.12µm
_09860_,5.12µm
_10228_,5.12µm
_10459_,5.12µm
_11947_,5.12µm
_12860_,5.12µm
_13317_,5.12µm
u_accel.wfc\[258\]\[6\],5.12µm
u_accel.wfc\[413\]\[6\],5.12µm
net84,5.12µm
net98,5.12µm
net626,5.12µm
net664,5.12µm
net713,5.12µm
net801,5.12µm
net994,5.12µm
net1149,5.12µm
net1178,5.12µm
net1259,5.12µm
net1381,5.12µm
net1399,5.12µm
net1591,5.12µm
net1737,5.12µm
net1762,5.12µm
net1866,5.12µm
net2026,5.12µm
net2037,5.12µm
net2088,5.12µm
net2389,5.12µm
net2701,5.12µm
net3137,5.12µm
net3286,5.12µm
net3500,5.12µm
net3538,5.12µm
net3547,5.12µm
net3574,5.12µm
net3725,5.12µm
net3751,5.12µm
net4008,5.12µm
net4059,5.12µm
net4186,5.12µm
net4223,5.12µm
net4330,5.12µm
net4377,5.12µm
net4424,5.12µm
net4455,5.12µm
net4542,5.12µm
net5120,5.12µm
net5399,5.12µm
net5440,5.12µm
net5591,5.12µm
net5664,5.12µm
net5856,5.12µm
net5993,5.12µm
_03013_,5.115µm
_04901_,5.115µm
_08146_,5.1µm
_12430_,5.1µm
_12535_,5.1µm
_12637_,5.1µm
_13192_,5.1µm
_13644_,5.1µm
_13654_,5.1µm
u_accel.actm\[12\]\[0\],5.1µm
u_accel.actm\[84\]\[3\],5.1µm
net660,5.1µm
_00121_,5.095µm
_00195_,5.095µm
_00228_,5.095µm
_00564_,5.095µm
_00731_,5.095µm
_01334_,5.095µm
_01456_,5.095µm
_01588_,5.095µm
_01663_,5.095µm
_02075_,5.095µm
_02414_,5.095µm
_02518_,5.095µm
_02733_,5.095µm
_02909_,5.095µm
_03200_,5.095µm
_03260_,5.095µm
_03270_,5.095µm
_03569_,5.095µm
_03735_,5.095µm
_03905_,5.095µm
_04352_,5.095µm
_04413_,5.095µm
_04613_,5.095µm
_06136_,5.095µm
_06276_,5.095µm
_00101_,5.085µm
_00114_,5.085µm
_00250_,5.085µm
_00424_,5.085µm
_00763_,5.085µm
_00951_,5.085µm
_00969_,5.085µm
_01060_,5.085µm
_01143_,5.085µm
_01264_,5.085µm
_01869_,5.085µm
_01958_,5.085µm
_02355_,5.085µm
_02933_,5.085µm
_03124_,5.085µm
_03230_,5.085µm
_03517_,5.085µm
_03578_,5.085µm
_03819_,5.085µm
_03871_,5.085µm
_04172_,5.085µm
_04373_,5.085µm
_04689_,5.085µm
_04749_,5.085µm
_05282_,5.085µm
_05314_,5.085µm
_05343_,5.085µm
_05442_,5.085µm
_05478_,5.085µm
_05608_,5.085µm
_05638_,5.085µm
_05777_,5.085µm
_05821_,5.085µm
_01745_,5.065µm
_01944_,5.065µm
_02290_,5.065µm
_02832_,5.065µm
_03114_,5.065µm
_03184_,5.065µm
_05686_,5.065µm
_05841_,5.065µm
_05971_,5.065µm
_06357_,5.065µm
_06912_,5.06µm
_09834_,5.06µm
_09962_,5.06µm
_10193_,5.06µm
_10242_,5.06µm
_10286_,5.06µm
_10349_,5.06µm
_10482_,5.06µm
_14102_,5.06µm
_14119_,5.06µm
net35,5.06µm
net36,5.06µm
net40,5.06µm
net56,5.06µm
net506,5.06µm
net639,5.06µm
net840,5.06µm
net1125,5.06µm
net1217,5.06µm
net1246,5.06µm
net1326,5.06µm
net1382,5.06µm
net1448,5.06µm
net1549,5.06µm
net1646,5.06µm
net1664,5.06µm
net1723,5.06µm
net1772,5.06µm
net1837,5.06µm
net1886,5.06µm
net1896,5.06µm
net1916,5.06µm
net1968,5.06µm
net1969,5.06µm
net2005,5.06µm
net2033,5.06µm
net2061,5.06µm
net2078,5.06µm
net2101,5.06µm
net2120,5.06µm
net2131,5.06µm
net2136,5.06µm
net2175,5.06µm
net2220,5.06µm
net2229,5.06µm
net2240,5.06µm
net2248,5.06µm
net2272,5.06µm
net2276,5.06µm
net2341,5.06µm
net2343,5.06µm
net2359,5.06µm
net2368,5.06µm
net2391,5.06µm
net2396,5.06µm
net2407,5.06µm
net2440,5.06µm
net2479,5.06µm
net2525,5.06µm
net2535,5.06µm
net2572,5.06µm
net2608,5.06µm
net2620,5.06µm
net2653,5.06µm
net2678,5.06µm
net2679,5.06µm
net2692,5.06µm
net2712,5.06µm
net2736,5.06µm
net2775,5.06µm
net2822,5.06µm
net2828,5.06µm
net2856,5.06µm
net2866,5.06µm
net2868,5.06µm
net2872,5.06µm
net2893,5.06µm
net2901,5.06µm
net2953,5.06µm
net2954,5.06µm
net2975,5.06µm
net2990,5.06µm
net2991,5.06µm
net2997,5.06µm
net2999,5.06µm
net3001,5.06µm
net3002,5.06µm
net3003,5.06µm
net3004,5.06µm
net3017,5.06µm
net3036,5.06µm
net3051,5.06µm
net3071,5.06µm
net3091,5.06µm
net3100,5.06µm
net3113,5.06µm
net3120,5.06µm
net3134,5.06µm
net3136,5.06µm
net3138,5.06µm
net3142,5.06µm
net3147,5.06µm
net3150,5.06µm
net3156,5.06µm
net3168,5.06µm
net3179,5.06µm
net3181,5.06µm
net3188,5.06µm
net3194,5.06µm
net3220,5.06µm
net3223,5.06µm
net3226,5.06µm
net3239,5.06µm
net3249,5.06µm
net3267,5.06µm
net3272,5.06µm
net3275,5.06µm
net3277,5.06µm
net3290,5.06µm
net3294,5.06µm
net3303,5.06µm
net3319,5.06µm
net3337,5.06µm
net3339,5.06µm
net3343,5.06µm
net3356,5.06µm
net3364,5.06µm
net3366,5.06µm
net3382,5.06µm
net3390,5.06µm
net3395,5.06µm
net3409,5.06µm
net3412,5.06µm
net3415,5.06µm
net3424,5.06µm
net3428,5.06µm
net3433,5.06µm
net3446,5.06µm
net3449,5.06µm
net3457,5.06µm
net3463,5.06µm
net3471,5.06µm
net3474,5.06µm
net3476,5.06µm
net3484,5.06µm
net3485,5.06µm
net3488,5.06µm
net3507,5.06µm
net3513,5.06µm
net3521,5.06µm
net3533,5.06µm
net3534,5.06µm
net3549,5.06µm
net3557,5.06µm
net3558,5.06µm
net3561,5.06µm
net3562,5.06µm
net3563,5.06µm
net3576,5.06µm
net3579,5.06µm
net3581,5.06µm
net3586,5.06µm
net3600,5.06µm
net3606,5.06µm
net3608,5.06µm
net3614,5.06µm
net3617,5.06µm
net3622,5.06µm
net3633,5.06µm
net3634,5.06µm
net3636,5.06µm
net3638,5.06µm
net3642,5.06µm
net3644,5.06µm
net3651,5.06µm
net3659,5.06µm
net3661,5.06µm
net3666,5.06µm
net3672,5.06µm
net3675,5.06µm
net3681,5.06µm
net3698,5.06µm
net3710,5.06µm
net3726,5.06µm
net3727,5.06µm
net3741,5.06µm
net3743,5.06µm
net3744,5.06µm
net3768,5.06µm
net3774,5.06µm
net3784,5.06µm
net3792,5.06µm
net3793,5.06µm
net3796,5.06µm
net3798,5.06µm
net3799,5.06µm
net3800,5.06µm
net3802,5.06µm
net3804,5.06µm
net3805,5.06µm
net3812,5.06µm
net3814,5.06µm
net3823,5.06µm
net3824,5.06µm
net3839,5.06µm
net3844,5.06µm
net3854,5.06µm
net3856,5.06µm
net3859,5.06µm
net3866,5.06µm
net3870,5.06µm
net3872,5.06µm
net3874,5.06µm
net3877,5.06µm
net3878,5.06µm
net3880,5.06µm
net3881,5.06µm
net3884,5.06µm
net3890,5.06µm
net3900,5.06µm
net3901,5.06µm
net3904,5.06µm
net3921,5.06µm
net3932,5.06µm
net3934,5.06µm
net3937,5.06µm
net3947,5.06µm
net3948,5.06µm
net3956,5.06µm
net3970,5.06µm
net3971,5.06µm
net3973,5.06µm
net3984,5.06µm
net3988,5.06µm
net3995,5.06µm
net4020,5.06µm
net4029,5.06µm
net4031,5.06µm
net4034,5.06µm
net4047,5.06µm
net4061,5.06µm
net4064,5.06µm
net4074,5.06µm
net4081,5.06µm
net4084,5.06µm
net4090,5.06µm
net4091,5.06µm
net4106,5.06µm
net4114,5.06µm
net4118,5.06µm
net4121,5.06µm
net4135,5.06µm
net4139,5.06µm
net4141,5.06µm
net4145,5.06µm
net4149,5.06µm
net4152,5.06µm
net4156,5.06µm
net4160,5.06µm
net4161,5.06µm
net4162,5.06µm
net4165,5.06µm
net4168,5.06µm
net4171,5.06µm
net4175,5.06µm
net4183,5.06µm
net4188,5.06µm
net4200,5.06µm
net4204,5.06µm
net4208,5.06µm
net4212,5.06µm
net4216,5.06µm
net4217,5.06µm
net4232,5.06µm
net4241,5.06µm
net4244,5.06µm
net4250,5.06µm
net4255,5.06µm
net4257,5.06µm
net4258,5.06µm
net4259,5.06µm
net4271,5.06µm
net4275,5.06µm
net4279,5.06µm
net4285,5.06µm
net4290,5.06µm
net4292,5.06µm
net4295,5.06µm
net4307,5.06µm
net4308,5.06µm
net4311,5.06µm
net4327,5.06µm
net4332,5.06µm
net4336,5.06µm
net4350,5.06µm
net4352,5.06µm
net4355,5.06µm
net4356,5.06µm
net4360,5.06µm
net4366,5.06µm
net4371,5.06µm
net4372,5.06µm
net4373,5.06µm
net4378,5.06µm
net4381,5.06µm
net4383,5.06µm
net4389,5.06µm
net4393,5.06µm
net4410,5.06µm
net4411,5.06µm
net4417,5.06µm
net4418,5.06µm
net4431,5.06µm
net4435,5.06µm
net4442,5.06µm
net4452,5.06µm
net4453,5.06µm
net4456,5.06µm
net4458,5.06µm
net4462,5.06µm
net4463,5.06µm
net4474,5.06µm
net4493,5.06µm
net4494,5.06µm
net4498,5.06µm
net4499,5.06µm
net4503,5.06µm
net4510,5.06µm
net4514,5.06µm
net4530,5.06µm
net4531,5.06µm
net4535,5.06µm
net4541,5.06µm
net4543,5.06µm
net4547,5.06µm
net4559,5.06µm
net4560,5.06µm
net4563,5.06µm
net4576,5.06µm
net4577,5.06µm
net4596,5.06µm
net4599,5.06µm
net4603,5.06µm
net4615,5.06µm
net4639,5.06µm
net4642,5.06µm
net4654,5.06µm
net4656,5.06µm
net4657,5.06µm
net4659,5.06µm
net4661,5.06µm
net4665,5.06µm
net4672,5.06µm
net4689,5.06µm
net4690,5.06µm
net4695,5.06µm
net4696,5.06µm
net4700,5.06µm
net4705,5.06µm
net4709,5.06µm
net4719,5.06µm
net4753,5.06µm
net4760,5.06µm
net4761,5.06µm
net4763,5.06µm
net4765,5.06µm
net4779,5.06µm
net4785,5.06µm
net4797,5.06µm
net4802,5.06µm
net4807,5.06µm
net4809,5.06µm
net4813,5.06µm
net4815,5.06µm
net4821,5.06µm
net4824,5.06µm
net4829,5.06µm
net4831,5.06µm
net4835,5.06µm
net4841,5.06µm
net4843,5.06µm
net4846,5.06µm
net4850,5.06µm
net4861,5.06µm
net4863,5.06µm
net4875,5.06µm
net4876,5.06µm
net4877,5.06µm
net4881,5.06µm
net4884,5.06µm
net4892,5.06µm
net4901,5.06µm
net4904,5.06µm
net4910,5.06µm
net4916,5.06µm
net4923,5.06µm
net4926,5.06µm
net4927,5.06µm
net4950,5.06µm
net4956,5.06µm
net4965,5.06µm
net4966,5.06µm
net4969,5.06µm
net4973,5.06µm
net4974,5.06µm
net4983,5.06µm
net4986,5.06µm
net4987,5.06µm
net4998,5.06µm
net5008,5.06µm
net5010,5.06µm
net5012,5.06µm
net5015,5.06µm
net5018,5.06µm
net5031,5.06µm
net5032,5.06µm
net5038,5.06µm
net5042,5.06µm
net5044,5.06µm
net5046,5.06µm
net5047,5.06µm
net5060,5.06µm
net5065,5.06µm
net5073,5.06µm
net5074,5.06µm
net5080,5.06µm
net5081,5.06µm
net5088,5.06µm
net5105,5.06µm
net5109,5.06µm
net5115,5.06µm
net5122,5.06µm
net5126,5.06µm
net5131,5.06µm
net5138,5.06µm
net5139,5.06µm
net5140,5.06µm
net5145,5.06µm
net5166,5.06µm
net5177,5.06µm
net5181,5.06µm
net5184,5.06µm
net5187,5.06µm
net5198,5.06µm
net5204,5.06µm
net5206,5.06µm
net5215,5.06µm
net5220,5.06µm
net5228,5.06µm
net5233,5.06µm
net5241,5.06µm
net5242,5.06µm
net5245,5.06µm
net5250,5.06µm
net5258,5.06µm
net5265,5.06µm
net5266,5.06µm
net5275,5.06µm
net5278,5.06µm
net5283,5.06µm
net5285,5.06µm
net5295,5.06µm
net5304,5.06µm
net5309,5.06µm
net5315,5.06µm
net5319,5.06µm
net5320,5.06µm
net5323,5.06µm
net5330,5.06µm
net5331,5.06µm
net5337,5.06µm
net5342,5.06µm
net5347,5.06µm
net5358,5.06µm
net5371,5.06µm
net5374,5.06µm
net5380,5.06µm
net5383,5.06µm
net5386,5.06µm
net5405,5.06µm
net5410,5.06µm
net5413,5.06µm
net5422,5.06µm
net5424,5.06µm
net5427,5.06µm
net5429,5.06µm
net5435,5.06µm
net5444,5.06µm
net5446,5.06µm
net5448,5.06µm
net5464,5.06µm
net5468,5.06µm
net5489,5.06µm
net5493,5.06µm
net5498,5.06µm
net5507,5.06µm
net5510,5.06µm
net5518,5.06µm
net5522,5.06µm
net5523,5.06µm
net5527,5.06µm
net5546,5.06µm
net5555,5.06µm
net5560,5.06µm
net5562,5.06µm
net5566,5.06µm
net5567,5.06µm
net5574,5.06µm
net5578,5.06µm
net5579,5.06µm
net5590,5.06µm
net5596,5.06µm
net5601,5.06µm
net5603,5.06µm
net5611,5.06µm
net5612,5.06µm
net5615,5.06µm
net5616,5.06µm
net5631,5.06µm
net5639,5.06µm
net5650,5.06µm
net5660,5.06µm
net5667,5.06µm
net5673,5.06µm
net5678,5.06µm
net5679,5.06µm
net5686,5.06µm
net5688,5.06µm
net5692,5.06µm
net5705,5.06µm
net5707,5.06µm
net5709,5.06µm
net5713,5.06µm
net5715,5.06µm
net5716,5.06µm
net5727,5.06µm
net5728,5.06µm
net5732,5.06µm
net5743,5.06µm
net5750,5.06µm
net5753,5.06µm
net5757,5.06µm
net5761,5.06µm
net5762,5.06µm
net5763,5.06µm
net5764,5.06µm
net5765,5.06µm
net5769,5.06µm
net5774,5.06µm
net5776,5.06µm
net5778,5.06µm
net5779,5.06µm
net5784,5.06µm
net5785,5.06µm
net5791,5.06µm
net5797,5.06µm
net5806,5.06µm
net5808,5.06µm
net5820,5.06µm
net5872,5.06µm
net5885,5.06µm
net5889,5.06µm
net5895,5.06µm
net5905,5.06µm
net5913,5.06µm
net5925,5.06µm
net5927,5.06µm
net5941,5.06µm
net5951,5.06µm
net5958,5.06µm
net5966,5.06µm
net5969,5.06µm
net5972,5.06µm
net5987,5.06µm
net5998,5.06µm
net5999,5.06µm
net6002,5.06µm
net6003,5.06µm
net6006,5.06µm
net6017,5.06µm
net6029,5.06µm
net6037,5.06µm
net6056,5.06µm
net6059,5.06µm
net6061,5.06µm
net6069,5.06µm
net6079,5.06µm
net6123,5.06µm
net6126,5.06µm
_06603_,5.055µm
_00091_,5.045µm
_00125_,5.045µm
_00150_,5.045µm
_00246_,5.045µm
_00376_,5.045µm
_00596_,5.045µm
_00599_,5.045µm
_00622_,5.045µm
_00644_,5.045µm
_00719_,5.045µm
_00751_,5.045µm
_00855_,5.045µm
_00890_,5.045µm
_00901_,5.045µm
_01045_,5.045µm
_01132_,5.045µm
_01175_,5.045µm
_01187_,5.045µm
_01241_,5.045µm
_01298_,5.045µm
_01359_,5.045µm
_01498_,5.045µm
_01501_,5.045µm
_01513_,5.045µm
_01523_,5.045µm
_01578_,5.045µm
_01658_,5.045µm
_01697_,5.045µm
_01751_,5.045µm
_01766_,5.045µm
_01783_,5.045µm
_01830_,5.045µm
_01911_,5.045µm
_01913_,5.045µm
_01919_,5.045µm
_02023_,5.045µm
_02026_,5.045µm
_02082_,5.045µm
_02162_,5.045µm
_02175_,5.045µm
_02183_,5.045µm
_02283_,5.045µm
_02304_,5.045µm
_02309_,5.045µm
_02337_,5.045µm
_02408_,5.045µm
_02421_,5.045µm
_02457_,5.045µm
_02487_,5.045µm
_02545_,5.045µm
_02618_,5.045µm
_02679_,5.045µm
_02773_,5.045µm
_02805_,5.045µm
_02818_,5.045µm
_02830_,5.045µm
_02844_,5.045µm
_02878_,5.045µm
_02961_,5.045µm
_03065_,5.045µm
_03067_,5.045µm
_03156_,5.045µm
_03210_,5.045µm
_03234_,5.045µm
_03330_,5.045µm
_03373_,5.045µm
_03402_,5.045µm
_03432_,5.045µm
_03506_,5.045µm
_03541_,5.045µm
_03556_,5.045µm
_03561_,5.045µm
_03729_,5.045µm
_03834_,5.045µm
_04043_,5.045µm
_04130_,5.045µm
_04236_,5.045µm
_04351_,5.045µm
_04607_,5.045µm
_04609_,5.045µm
_04641_,5.045µm
_04758_,5.045µm
_04777_,5.045µm
_05428_,5.045µm
_05544_,5.045µm
_05635_,5.045µm
_05649_,5.045µm
_05765_,5.045µm
_05822_,5.045µm
_06042_,5.045µm
_06113_,5.045µm
_06323_,5.045µm
_01673_,5.04µm
_04370_,5.04µm
_04989_,5.04µm
_05031_,5.04µm
_05080_,5.04µm
_05256_,5.04µm
_05262_,5.04µm
_06431_,5.04µm
_06585_,5.04µm
_06593_,5.04µm
_06691_,5.04µm
_08034_,5.04µm
_11209_,5.04µm
_11310_,5.04µm
_11387_,5.04µm
_13445_,5.04µm
net1371,5.04µm
net1530,5.04µm
net2897,5.04µm
net4635,5.04µm
net5094,5.04µm
u_accel.actm\[95\]\[0\],5.025µm
_01043_,5.02µm
_05246_,5.02µm
_06812_,5.02µm
_07835_,5.02µm
_08188_,5.02µm
_10168_,5.02µm
_10396_,5.02µm
_10720_,5.02µm
_10738_,5.02µm
_11048_,5.02µm
_12255_,5.02µm
_13176_,5.02µm
_13382_,5.02µm
_13509_,5.02µm
u_accel.actm\[40\]\[6\],5.02µm
u_accel.actm\[47\]\[2\],5.02µm
u_accel.actm\[49\]\[3\],5.02µm
u_accel.actm\[4\]\[5\],5.02µm
u_accel.actm\[54\]\[7\],5.02µm
u_accel.actm\[72\]\[6\],5.02µm
u_accel.actm\[73\]\[1\],5.02µm
u_accel.actm\[7\]\[3\],5.02µm
u_accel.actm\[85\]\[4\],5.02µm
u_accel.actm\[90\]\[5\],5.02µm
u_accel.bfc\[1\]\[2\],5.02µm
u_accel.bfc\[3\]\[8\],5.02µm
u_accel.imem\[1\]\[6\],5.02µm
u_accel.imem\[27\]\[7\],5.02µm
u_accel.wconv\[9\]\[3\],5.02µm
u_accel.wfc\[161\]\[1\],5.02µm
u_accel.wfc\[175\]\[2\],5.02µm
u_accel.wfc\[182\]\[2\],5.02µm
u_accel.wfc\[29\]\[0\],5.02µm
u_accel.wfc\[39\]\[6\],5.02µm
u_accel.wfc\[407\]\[0\],5.02µm
u_accel.wfc\[78\]\[3\],5.02µm
net2358,5.02µm
_06261_,5.015µm
_10357_,5.015µm
_06806_,5µm
_09195_,5µm
_09457_,5µm
_11811_,5µm
_12275_,5µm
u_accel.actm\[102\]\[6\],5µm
u_accel.wfc\[39\]\[2\],5µm
net3163,5µm
net4075,5µm
net4790,5µm
_00415_,4.985µm
_00604_,4.985µm
_01656_,4.985µm
_05979_,4.985µm
_00328_,4.975µm
_00689_,4.975µm
_01040_,4.975µm
_01154_,4.975µm
_01303_,4.975µm
_03500_,4.975µm
_03638_,4.975µm
_03658_,4.975µm
_03853_,4.975µm
_04320_,4.975µm
_04337_,4.975µm
_04756_,4.975µm
_06023_,4.975µm
_00327_,4.965µm
_00660_,4.965µm
_00802_,4.965µm
_01057_,4.965µm
_02558_,4.965µm
_06019_,4.965µm
_00147_,4.955µm
_01472_,4.945µm
_02750_,4.945µm
_02946_,4.945µm
_03347_,4.945µm
_05416_,4.945µm
_05481_,4.945µm
_07943_,4.94µm
_08991_,4.94µm
_10360_,4.94µm
_10424_,4.94µm
_11259_,4.94µm
_11305_,4.94µm
_12620_,4.94µm
_13969_,4.94µm
u_accel.actm\[63\]\[0\],4.94µm
_00401_,4.925µm
u_csr.len_o\[16\],4.925µm
_00007_,4.92µm
_00016_,4.92µm
_04985_,4.92µm
_04990_,4.92µm
_05006_,4.92µm
_05131_,4.92µm
_05147_,4.92µm
_05185_,4.92µm
_05187_,4.92µm
_05211_,4.92µm
_05213_,4.92µm
_05215_,4.92µm
_06475_,4.92µm
_06529_,4.92µm
_06553_,4.92µm
_06710_,4.92µm
_06744_,4.92µm
_06779_,4.92µm
_06789_,4.92µm
_08112_,4.92µm
_09570_,4.92µm
_09925_,4.92µm
_10056_,4.92µm
_10180_,4.92µm
_10239_,4.92µm
_10334_,4.92µm
_10670_,4.92µm
_11993_,4.92µm
_12180_,4.92µm
_12191_,4.92µm
_12192_,4.92µm
_12207_,4.92µm
_13637_,4.92µm
u_accel.actm\[52\]\[6\],4.92µm
u_accel.actm\[72\]\[1\],4.92µm
u_accel.actm\[77\]\[6\],4.92µm
u_accel.actm\[96\]\[6\],4.92µm
u_accel.imem\[11\]\[6\],4.92µm
u_accel.imem\[13\]\[3\],4.92µm
u_accel.imem\[1\]\[3\],4.92µm
u_accel.imem\[21\]\[4\],4.92µm
u_accel.imem\[29\]\[7\],4.92µm
u_accel.imem\[31\]\[0\],4.92µm
u_accel.imem\[32\]\[5\],4.92µm
u_accel.imem\[5\]\[4\],4.92µm
u_accel.imem\[61\]\[7\],4.92µm
u_accel.wconv\[8\]\[5\],4.92µm
u_accel.wfc\[130\]\[1\],4.92µm
u_accel.wfc\[166\]\[1\],4.92µm
u_accel.wfc\[206\]\[3\],4.92µm
u_accel.wfc\[214\]\[3\],4.92µm
u_accel.wfc\[242\]\[6\],4.92µm
u_accel.wfc\[298\]\[6\],4.92µm
u_accel.wfc\[302\]\[0\],4.92µm
u_accel.wfc\[302\]\[6\],4.92µm
u_accel.wfc\[310\]\[6\],4.92µm
u_accel.wfc\[382\]\[7\],4.92µm
u_accel.wfc\[406\]\[4\],4.92µm
u_accel.wfc\[42\]\[4\],4.92µm
u_accel.wfc\[434\]\[2\],4.92µm
u_accel.wfc\[446\]\[1\],4.92µm
u_accel.wfc\[470\]\[6\],4.92µm
u_accel.wfc\[474\]\[0\],4.92µm
net1004,4.92µm
net2152,4.92µm
net2520,4.92µm
net2632,4.92µm
net2848,4.92µm
net3300,4.92µm
net3458,4.92µm
net3497,4.92µm
net3663,4.92µm
net3907,4.92µm
net4538,4.92µm
net4569,4.92µm
net4859,4.92µm
net5098,4.92µm
net5183,4.92µm
net5321,4.92µm
net5391,4.92µm
net5407,4.92µm
net5720,4.92µm
net5828,4.92µm
net5978,4.92µm
net6019,4.92µm
net6089,4.92µm
_06495_,4.905µm
_09520_,4.9µm
_12769_,4.9µm
_12884_,4.9µm
_12936_,4.9µm
u_accel.actm\[118\]\[5\],4.9µm
u_accel.actm\[11\]\[0\],4.9µm
u_accel.actm\[39\]\[0\],4.9µm
u_accel.actm\[51\]\[3\],4.9µm
u_accel.actm\[80\]\[2\],4.9µm
u_accel.actm\[89\]\[5\],4.9µm
u_accel.wfc\[148\]\[5\],4.9µm
u_accel.wfc\[155\]\[3\],4.9µm
u_accel.wfc\[219\]\[6\],4.9µm
u_accel.wfc\[291\]\[7\],4.9µm
u_accel.wfc\[375\]\[6\],4.9µm
u_accel.wfc\[38\]\[2\],4.9µm
u_accel.wfc\[41\]\[1\],4.9µm
u_accel.wfc\[434\]\[0\],4.9µm
u_accel.wfc\[435\]\[6\],4.9µm
u_accel.wfc\[465\]\[1\],4.9µm
u_accel.wfc\[466\]\[7\],4.9µm
u_accel.wfc\[495\]\[4\],4.9µm
_00691_,4.895µm
_01011_,4.895µm
_01064_,4.895µm
_01352_,4.895µm
_03512_,4.895µm
_04035_,4.895µm
_05702_,4.895µm
_06764_,4.895µm
_00243_,4.885µm
_00362_,4.885µm
_00525_,4.885µm
_01158_,4.885µm
_01535_,4.885µm
_02128_,4.885µm
_02713_,4.885µm
_02915_,4.885µm
_03125_,4.885µm
_03547_,4.885µm
_04850_,4.885µm
_05587_,4.885µm
_10997_,4.885µm
_06618_,4.88µm
_06955_,4.88µm
_08718_,4.88µm
_09074_,4.88µm
_09156_,4.88µm
_10407_,4.88µm
_10501_,4.88µm
_10663_,4.88µm
_10734_,4.88µm
_10913_,4.88µm
_10917_,4.88µm
_11151_,4.88µm
_11172_,4.88µm
_11196_,4.88µm
_11635_,4.88µm
_11687_,4.88µm
_12616_,4.88µm
_12656_,4.88µm
_13054_,4.88µm
_13503_,4.88µm
_14018_,4.88µm
u_accel.actm\[10\]\[3\],4.88µm
u_accel.actm\[10\]\[6\],4.88µm
u_accel.actm\[38\]\[1\],4.88µm
u_accel.actm\[53\]\[0\],4.88µm
u_accel.actm\[5\]\[0\],4.88µm
u_accel.actm\[95\]\[2\],4.88µm
u_accel.imem\[10\]\[4\],4.88µm
u_accel.wfc\[217\]\[1\],4.88µm
u_accel.wfc\[247\]\[0\],4.88µm
u_accel.wfc\[362\]\[6\],4.88µm
u_accel.wfc\[462\]\[3\],4.88µm
u_accel.wfc\[63\]\[1\],4.88µm
net321,4.88µm
net2843,4.88µm
net3062,4.88µm
net3749,4.88µm
net4023,4.88µm
net4196,4.88µm
net4729,4.88µm
net4782,4.88µm
net4805,4.88µm
net5083,4.88µm
net5268,4.88µm
_06145_,4.875µm
_00470_,4.865µm
_01370_,4.865µm
_01805_,4.865µm
_03183_,4.865µm
_04487_,4.865µm
_00764_,4.855µm
_13388_,4.85µm
_00220_,4.845µm
_00227_,4.845µm
_00313_,4.845µm
_00386_,4.845µm
_00444_,4.845µm
_00551_,4.845µm
_00556_,4.845µm
_00636_,4.845µm
_00697_,4.845µm
_00730_,4.845µm
_00776_,4.845µm
_00789_,4.845µm
_00885_,4.845µm
_00894_,4.845µm
_00906_,4.845µm
_00915_,4.845µm
_00983_,4.845µm
_01042_,4.845µm
_01077_,4.845µm
_01182_,4.845µm
_01457_,4.845µm
_01482_,4.845µm
_01500_,4.845µm
_01503_,4.845µm
_01550_,4.845µm
_01735_,4.845µm
_01754_,4.845µm
_01828_,4.845µm
_01885_,4.845µm
_01931_,4.845µm
_01938_,4.845µm
_02039_,4.845µm
_02126_,4.845µm
_02155_,4.845µm
_02282_,4.845µm
_02303_,4.845µm
_02332_,4.845µm
_02475_,4.845µm
_02510_,4.845µm
_02796_,4.845µm
_02802_,4.845µm
_02886_,4.845µm
_02970_,4.845µm
_03011_,4.845µm
_03144_,4.845µm
_03162_,4.845µm
_03263_,4.845µm
_03272_,4.845µm
_03326_,4.845µm
_03329_,4.845µm
_03344_,4.845µm
_03346_,4.845µm
_03363_,4.845µm
_03656_,4.845µm
_03727_,4.845µm
_03759_,4.845µm
_03769_,4.845µm
_03897_,4.845µm
_03955_,4.845µm
_04002_,4.845µm
_04139_,4.845µm
_04144_,4.845µm
_04164_,4.845µm
_04203_,4.845µm
_04213_,4.845µm
_04261_,4.845µm
_04263_,4.845µm
_04340_,4.845µm
_04372_,4.845µm
_04623_,4.845µm
_04625_,4.845µm
_04628_,4.845µm
_04720_,4.845µm
_04770_,4.845µm
_04871_,4.845µm
_05322_,4.845µm
_05375_,4.845µm
_05383_,4.845µm
_05389_,4.845µm
_05458_,4.845µm
_05707_,4.845µm
_05799_,4.845µm
_05806_,4.845µm
_05811_,4.845µm
_05937_,4.845µm
_06034_,4.845µm
_06106_,4.845µm
_06144_,4.845µm
_06212_,4.845µm
_06236_,4.845µm
_06259_,4.845µm
_06294_,4.845µm
_10131_,4.82µm
_10440_,4.82µm
_11017_,4.82µm
_14008_,4.82µm
u_accel.actm\[37\]\[7\],4.82µm
_11954_,4.81µm
_00159_,4.805µm
_00323_,4.805µm
_00946_,4.805µm
_00995_,4.805µm
_01126_,4.805µm
_01151_,4.805µm
_01226_,4.805µm
_01937_,4.805µm
_02513_,4.805µm
_02778_,4.805µm
_02937_,4.805µm
_03040_,4.805µm
_03112_,4.805µm
_03171_,4.805µm
_03409_,4.805µm
_03667_,4.805µm
_04025_,4.805µm
_04952_,4.805µm
_04955_,4.805µm
_05436_,4.805µm
_06046_,4.805µm
_05030_,4.8µm
_06611_,4.8µm
_06715_,4.8µm
_07945_,4.8µm
_08305_,4.8µm
_08333_,4.8µm
_08581_,4.8µm
_08789_,4.8µm
_08906_,4.8µm
_08986_,4.8µm
_09584_,4.8µm
_09730_,4.8µm
_10000_,4.8µm
_10610_,4.8µm
_10824_,4.8µm
_10848_,4.8µm
_11130_,4.8µm
_11368_,4.8µm
_11406_,4.8µm
_11557_,4.8µm
_11850_,4.8µm
_12091_,4.8µm
_12163_,4.8µm
_12204_,4.8µm
_12489_,4.8µm
_12507_,4.8µm
_12590_,4.8µm
_13356_,4.8µm
_13361_,4.8µm
_13442_,4.8µm
_14142_,4.8µm
u_accel.actm\[118\]\[6\],4.8µm
u_accel.actm\[124\]\[2\],4.8µm
u_accel.actm\[22\]\[2\],4.8µm
u_accel.actm\[47\]\[7\],4.8µm
u_accel.actm\[48\]\[1\],4.8µm
u_accel.actm\[4\]\[4\],4.8µm
u_accel.actm\[94\]\[7\],4.8µm
u_accel.imem\[10\]\[5\],4.8µm
u_accel.imem\[37\]\[0\],4.8µm
u_accel.logitm\[1\]\[7\],4.8µm
u_accel.wfc\[184\]\[4\],4.8µm
u_accel.wfc\[246\]\[4\],4.8µm
u_accel.wfc\[332\]\[4\],4.8µm
u_accel.wfc\[40\]\[2\],4.8µm
u_accel.wfc\[438\]\[6\],4.8µm
u_accel.wfc\[448\]\[2\],4.8µm
net97,4.8µm
net129,4.8µm
net163,4.8µm
net342,4.8µm
net454,4.8µm
net527,4.8µm
net571,4.8µm
net589,4.8µm
net803,4.8µm
net913,4.8µm
net1298,4.8µm
net1929,4.8µm
net2046,4.8µm
net2121,4.8µm
net2339,4.8µm
net2826,4.8µm
net3700,4.8µm
net3911,4.8µm
net4823,4.8µm
net4958,4.8µm
net5531,4.8µm
net5804,4.8µm
net5817,4.8µm
net5959,4.8µm
net5962,4.8µm
_03443_,4.795µm
_06320_,4.795µm
u_accel.actm\[110\]\[2\],4.795µm
u_accel.actm\[119\]\[4\],4.78µm
u_accel.actm\[23\]\[0\],4.78µm
u_accel.actm\[52\]\[1\],4.78µm
u_accel.actm\[67\]\[3\],4.78µm
u_accel.actm\[77\]\[0\],4.78µm
u_accel.actm\[89\]\[3\],4.78µm
u_accel.wfc\[186\]\[2\],4.78µm
u_accel.wfc\[270\]\[0\],4.78µm
u_accel.wfc\[290\]\[6\],4.78µm
u_accel.wfc\[418\]\[4\],4.78µm
_04032_,4.775µm
_06683_,4.765µm
_07104_,4.76µm
_07864_,4.76µm
_07979_,4.76µm
_08186_,4.76µm
_08190_,4.76µm
_09095_,4.76µm
_10887_,4.76µm
_10963_,4.76µm
_11348_,4.76µm
_11699_,4.76µm
_13099_,4.76µm
_13264_,4.76µm
u_accel.actm\[63\]\[5\],4.76µm
u_accel.logitm\[2\]\[20\],4.76µm
u_accel.logitm\[3\]\[6\],4.76µm
u_accel.wfc\[105\]\[7\],4.76µm
u_accel.wfc\[137\]\[1\],4.76µm
u_accel.wfc\[33\]\[6\],4.76µm
net383,4.76µm
net1060,4.76µm
net1133,4.76µm
net1203,4.76µm
net1338,4.76µm
net1712,4.76µm
net2410,4.76µm
net2758,4.76µm
_00924_,4.755µm
_02641_,4.755µm
_02807_,4.755µm
_04686_,4.755µm
_06221_,4.755µm
_13574_,4.73µm
_00092_,4.725µm
_00117_,4.725µm
_00950_,4.725µm
_01026_,4.725µm
_01046_,4.725µm
_01802_,4.725µm
_01804_,4.725µm
_01967_,4.725µm
_02448_,4.725µm
_02543_,4.725µm
_02549_,4.725µm
_02829_,4.725µm
_02839_,4.725µm
_02936_,4.725µm
_03355_,4.725µm
_03418_,4.725µm
_03467_,4.725µm
_03510_,4.725µm
_04134_,4.725µm
_04208_,4.725µm
_04311_,4.725µm
_04558_,4.725µm
_04622_,4.725µm
_04754_,4.725µm
_05394_,4.725µm
_05613_,4.725µm
_05641_,4.725µm
_05647_,4.725µm
_05662_,4.725µm
_05899_,4.725µm
_06248_,4.725µm
_02539_,4.705µm
_05661_,4.705µm
_05840_,4.705µm
_00175_,4.7µm
_00211_,4.7µm
_00336_,4.7µm
_00361_,4.7µm
_01176_,4.7µm
_01253_,4.7µm
_01617_,4.7µm
_01720_,4.7µm
_01908_,4.7µm
_01930_,4.7µm
_02252_,4.7µm
_02667_,4.7µm
_03056_,4.7µm
_03314_,4.7µm
_03646_,4.7µm
_03820_,4.7µm
_04040_,4.7µm
_04078_,4.7µm
_06075_,4.7µm
_08745_,4.7µm
_10224_,4.7µm
_11322_,4.7µm
_11412_,4.7µm
_11873_,4.7µm
_13002_,4.7µm
net620,4.7µm
net772,4.7µm
net1000,4.7µm
net1294,4.7µm
net1340,4.7µm
net1383,4.7µm
net1423,4.7µm
net1435,4.7µm
net1817,4.7µm
net2748,4.7µm
net2915,4.7µm
net3006,4.7µm
net3197,4.7µm
net3284,4.7µm
net3712,4.7µm
net3791,4.7µm
net3845,4.7µm
net3990,4.7µm
net4055,4.7µm
net4093,4.7µm
net4123,4.7µm
net4209,4.7µm
net4286,4.7µm
net4301,4.7µm
net4653,4.7µm
net4787,4.7µm
net4862,4.7µm
net4943,4.7µm
net4951,4.7µm
net5403,4.7µm
net5404,4.7µm
net5556,4.7µm
net5618,4.7µm
net5659,4.7µm
net5874,4.7µm
_10356_,4.685µm
_05020_,4.68µm
_05063_,4.68µm
_05072_,4.68µm
_05182_,4.68µm
_06456_,4.68µm
_07777_,4.68µm
_08251_,4.68µm
_08864_,4.68µm
_09823_,4.68µm
_12131_,4.68µm
_13470_,4.68µm
_13499_,4.68µm
_13672_,4.68µm
_13880_,4.68µm
u_accel.actm\[16\]\[5\],4.68µm
u_accel.actm\[47\]\[3\],4.68µm
u_accel.bconv\[1\]\[22\],4.68µm
u_accel.wfc\[270\]\[1\],4.68µm
u_accel.wfc\[458\]\[4\],4.68µm
net374,4.68µm
net976,4.68µm
_00791_,4.675µm
_02392_,4.675µm
_02741_,4.675µm
_07999_,4.66µm
_09600_,4.66µm
_09876_,4.66µm
_10207_,4.66µm
_10728_,4.66µm
_11201_,4.66µm
_11495_,4.66µm
_11672_,4.66µm
_12696_,4.66µm
_13647_,4.66µm
u_accel.actm\[14\]\[6\],4.66µm
u_accel.imem\[35\]\[3\],4.66µm
u_accel.wfc\[170\]\[3\],4.66µm
u_accel.wfc\[20\]\[4\],4.66µm
u_accel.wfc\[347\]\[5\],4.66µm
u_accel.wfc\[506\]\[6\],4.66µm
u_accel.wfc\[86\]\[6\],4.66µm
net653,4.66µm
net849,4.66µm
net1437,4.66µm
net1483,4.66µm
net2145,4.66µm
net2316,4.66µm
net2321,4.66µm
net2606,4.66µm
net2986,4.66µm
net3346,4.66µm
net3517,4.66µm
net3532,4.66µm
net3635,4.66µm
net3655,4.66µm
net3849,4.66µm
net4124,4.66µm
net4249,4.66µm
net4369,4.66µm
net4532,4.66µm
net4680,4.66µm
net4784,4.66µm
net4792,4.66µm
net4999,4.66µm
net5005,4.66µm
net5057,4.66µm
net5269,4.66µm
net5373,4.66µm
net5535,4.66µm
net5634,4.66µm
net5813,4.66µm
net5831,4.66µm
_01574_,4.655µm
_01545_,4.635µm
_01941_,4.635µm
_02976_,4.635µm
_05975_,4.635µm
_00042_,4.625µm
_00326_,4.625µm
_00383_,4.625µm
_00678_,4.625µm
_00739_,4.625µm
_00940_,4.625µm
_00991_,4.625µm
_01185_,4.625µm
_01305_,4.625µm
_01310_,4.625µm
_01325_,4.625µm
_01327_,4.625µm
_01414_,4.625µm
_01419_,4.625µm
_01438_,4.625µm
_01529_,4.625µm
_01834_,4.625µm
_01864_,4.625µm
_02040_,4.625µm
_02064_,4.625µm
_02150_,4.625µm
_02220_,4.625µm
_02245_,4.625µm
_02268_,4.625µm
_02336_,4.625µm
_02431_,4.625µm
_02468_,4.625µm
_03021_,4.625µm
_03227_,4.625µm
_03433_,4.625µm
_03514_,4.625µm
_03778_,4.625µm
_03780_,4.625µm
_03789_,4.625µm
_03841_,4.625µm
_03882_,4.625µm
_03892_,4.625µm
_03960_,4.625µm
_03988_,4.625µm
_04020_,4.625µm
_04103_,4.625µm
_04211_,4.625µm
_04279_,4.625µm
_04283_,4.625µm
_04357_,4.625µm
_04652_,4.625µm
_04817_,4.625µm
_05496_,4.625µm
_05529_,4.625µm
_05574_,4.625µm
_05683_,4.625µm
_05684_,4.625µm
_05762_,4.625µm
_05948_,4.625µm
_06233_,4.625µm
_06311_,4.625µm
_00180_,4.605µm
_00409_,4.605µm
_03001_,4.605µm
_03097_,4.605µm
_03354_,4.605µm
_03362_,4.605µm
_04355_,4.605µm
_05693_,4.605µm
_05697_,4.605µm
_06005_,4.605µm
_06024_,4.605µm
_06625_,4.6µm
_06642_,4.6µm
_06884_,4.6µm
_08882_,4.6µm
_09053_,4.6µm
_10104_,4.6µm
_12267_,4.6µm
_13344_,4.6µm
_13941_,4.6µm
_00067_,4.585µm
_00095_,4.585µm
_00164_,4.585µm
_00166_,4.585µm
_00206_,4.585µm
_00223_,4.585µm
_00271_,4.585µm
_00438_,4.585µm
_00517_,4.585µm
_00570_,4.585µm
_00628_,4.585µm
_00690_,4.585µm
_00693_,4.585µm
_00707_,4.585µm
_00839_,4.585µm
_00952_,4.585µm
_01138_,4.585µm
_01167_,4.585µm
_01194_,4.585µm
_01447_,4.585µm
_01509_,4.585µm
_01580_,4.585µm
_01582_,4.585µm
_01693_,4.585µm
_01698_,4.585µm
_01846_,4.585µm
_02053_,4.585µm
_02077_,4.585µm
_02101_,4.585µm
_02179_,4.585µm
_02226_,4.585µm
_02306_,4.585µm
_02338_,4.585µm
_02440_,4.585µm
_02495_,4.585µm
_02584_,4.585µm
_02701_,4.585µm
_02786_,4.585µm
_02912_,4.585µm
_02939_,4.585µm
_03196_,4.585µm
_03364_,4.585µm
_03387_,4.585µm
_03403_,4.585µm
_03468_,4.585µm
_03533_,4.585µm
_03565_,4.585µm
_03573_,4.585µm
_03650_,4.585µm
_03721_,4.585µm
_03940_,4.585µm
_03963_,4.585µm
_03974_,4.585µm
_04017_,4.585µm
_04104_,4.585µm
_04107_,4.585µm
_04359_,4.585µm
_04388_,4.585µm
_04608_,4.585µm
_04766_,4.585µm
_04954_,4.585µm
_04965_,4.585µm
_05405_,4.585µm
_05433_,4.585µm
_05461_,4.585µm
_05557_,4.585µm
_05835_,4.585µm
_05968_,4.585µm
_06095_,4.585µm
_06104_,4.585µm
_06182_,4.585µm
_06290_,4.585µm
_01910_,4.58µm
_05159_,4.58µm
_05165_,4.58µm
_05335_,4.58µm
_06466_,4.58µm
_06521_,4.58µm
_06566_,4.58µm
_06604_,4.58µm
_06688_,4.58µm
_06718_,4.58µm
_06785_,4.58µm
_06786_,4.58µm
_06800_,4.58µm
_06811_,4.58µm
_08694_,4.58µm
_10408_,4.58µm
_12949_,4.58µm
u_accel.imem\[24\]\[1\],4.58µm
u_accel.imem\[45\]\[4\],4.58µm
net1331,4.58µm
u_accel.actm\[13\]\[2\],4.565µm
_00006_,4.56µm
_06750_,4.56µm
_08224_,4.56µm
_08926_,4.56µm
_10281_,4.56µm
_13093_,4.56µm
_13139_,4.56µm
_13332_,4.56µm
_13522_,4.56µm
_13619_,4.56µm
_13900_,4.56µm
u_accel.actm\[42\]\[2\],4.56µm
u_accel.actm\[73\]\[4\],4.56µm
u_accel.actm\[76\]\[1\],4.56µm
u_accel.imem\[7\]\[7\],4.56µm
u_accel.logitm\[1\]\[17\],4.56µm
u_accel.wfc\[131\]\[3\],4.56µm
u_accel.wfc\[145\]\[4\],4.56µm
u_accel.wfc\[183\]\[2\],4.56µm
u_accel.wfc\[1\]\[7\],4.56µm
u_accel.wfc\[251\]\[2\],4.56µm
u_accel.wfc\[279\]\[4\],4.56µm
u_accel.wfc\[343\]\[5\],4.56µm
u_accel.wfc\[375\]\[2\],4.56µm
u_accel.wfc\[377\]\[5\],4.56µm
u_accel.wfc\[411\]\[3\],4.56µm
_06420_,4.54µm
_06501_,4.54µm
_06665_,4.54µm
_10213_,4.54µm
_12177_,4.54µm
_12215_,4.54µm
_12655_,4.54µm
u_accel.wfc\[351\]\[0\],4.54µm
net1347,4.54µm
net2689,4.54µm
net5648,4.54µm
_04505_,4.535µm
_00446_,4.525µm
_00507_,4.525µm
_02030_,4.525µm
_03303_,4.525µm
_03378_,4.525µm
_03712_,4.525µm
_04037_,4.525µm
_04502_,4.525µm
_04903_,4.525µm
u_accel.actm\[13\]\[1\],4.52µm
_00190_,4.505µm
_00314_,4.505µm
_00511_,4.505µm
_01479_,4.505µm
_01660_,4.505µm
_01951_,4.505µm
_02114_,4.505µm
_02256_,4.505µm
_02264_,4.505µm
_02281_,4.505µm
_02880_,4.505µm
_03220_,4.505µm
_03580_,4.505µm
_03616_,4.505µm
_03640_,4.505µm
_03662_,4.505µm
_03691_,4.505µm
_03978_,4.505µm
_04804_,4.505µm
_05512_,4.505µm
_06653_,4.505µm
_12817_,4.49µm
_00668_,4.485µm
_02263_,4.485µm
_06229_,4.485µm
_09546_,4.48µm
_10107_,4.48µm
_10212_,4.48µm
_10674_,4.48µm
_11234_,4.48µm
_12666_,4.48µm
_13091_,4.48µm
u_accel.actm\[95\]\[3\],4.48µm
u_accel.actm\[95\]\[5\],4.48µm
u_accel.imem\[14\]\[7\],4.48µm
net6109,4.48µm
_00010_,4.465µm
_00075_,4.465µm
u_csr.input_addr_o\[12\],4.465µm
_04976_,4.46µm
_05073_,4.46µm
_05141_,4.46µm
_05184_,4.46µm
_05205_,4.46µm
_06427_,4.46µm
_06449_,4.46µm
_06516_,4.46µm
_06534_,4.46µm
_06702_,4.46µm
_06705_,4.46µm
_06720_,4.46µm
_06723_,4.46µm
_06731_,4.46µm
_08140_,4.46µm
_08449_,4.46µm
_08529_,4.46µm
_08984_,4.46µm
_09276_,4.46µm
_09603_,4.46µm
_09687_,4.46µm
_09806_,4.46µm
_10223_,4.46µm
_10247_,4.46µm
_10347_,4.46µm
_10684_,4.46µm
_10736_,4.46µm
_10899_,4.46µm
_11205_,4.46µm
_11417_,4.46µm
_11492_,4.46µm
_11615_,4.46µm
_11706_,4.46µm
_11999_,4.46µm
_12049_,4.46µm
_12196_,4.46µm
_12285_,4.46µm
_12586_,4.46µm
_12618_,4.46µm
_12747_,4.46µm
_13354_,4.46µm
_13475_,4.46µm
_13939_,4.46µm
u_accel.am_f\[18\],4.46µm
u_accel.bconv\[0\]\[24\],4.46µm
u_accel.imem\[38\]\[6\],4.46µm
u_accel.wfc\[126\]\[1\],4.46µm
u_accel.wfc\[142\]\[4\],4.46µm
u_accel.wfc\[14\]\[4\],4.46µm
u_accel.wfc\[154\]\[0\],4.46µm
u_accel.wfc\[178\]\[1\],4.46µm
u_accel.wfc\[210\]\[2\],4.46µm
u_accel.wfc\[214\]\[4\],4.46µm
u_accel.wfc\[222\]\[4\],4.46µm
u_accel.wfc\[226\]\[0\],4.46µm
u_accel.wfc\[26\]\[0\],4.46µm
u_accel.wfc\[26\]\[3\],4.46µm
u_accel.wfc\[310\]\[0\],4.46µm
u_accel.wfc\[366\]\[0\],4.46µm
u_accel.wfc\[38\]\[3\],4.46µm
u_accel.wfc\[398\]\[1\],4.46µm
u_accel.wfc\[410\]\[1\],4.46µm
u_accel.wfc\[424\]\[0\],4.46µm
u_accel.wfc\[46\]\[5\],4.46µm
u_accel.wfc\[506\]\[5\],4.46µm
u_accel.wfc\[74\]\[4\],4.46µm
u_csr.weight_addr_o\[8\],4.46µm
net2063,4.46µm
net2700,4.46µm
net3108,4.46µm
net3232,4.46µm
net3370,4.46µm
net3475,4.46µm
net3483,4.46µm
net3758,4.46µm
net3772,4.46µm
net4089,4.46µm
net4552,4.46µm
net4970,4.46µm
net5179,4.46µm
net5871,4.46µm
net6045,4.46µm
net6073,4.46µm
u_accel.logitm\[0\]\[22\],4.445µm
_06531_,4.44µm
_07862_,4.44µm
_08129_,4.44µm
_09713_,4.44µm
_10179_,4.44µm
_13466_,4.44µm
u_accel.actm\[100\]\[4\],4.44µm
u_accel.actm\[116\]\[0\],4.44µm
u_accel.actm\[119\]\[6\],4.44µm
u_accel.actm\[48\]\[3\],4.44µm
u_accel.actm\[55\]\[1\],4.44µm
u_accel.actm\[69\]\[4\],4.44µm
u_accel.actm\[73\]\[2\],4.44µm
u_accel.actm\[78\]\[2\],4.44µm
u_accel.actm\[91\]\[1\],4.44µm
u_accel.bfc\[0\]\[26\],4.44µm
u_accel.wconv\[5\]\[5\],4.44µm
u_accel.wconv\[6\]\[1\],4.44µm
u_accel.wfc\[141\]\[5\],4.44µm
u_accel.wfc\[22\]\[0\],4.44µm
u_accel.wfc\[242\]\[1\],4.44µm
u_accel.wfc\[335\]\[7\],4.44µm
u_accel.wfc\[378\]\[5\],4.44µm
u_accel.wfc\[399\]\[5\],4.44µm
_00540_,4.435µm
_00702_,4.435µm
_04289_,4.435µm
_04341_,4.435µm
_04812_,4.435µm
_05386_,4.435µm
_06146_,4.435µm
_06204_,4.435µm
_00315_,4.425µm
_00385_,4.425µm
_00482_,4.425µm
_00632_,4.425µm
_00666_,4.425µm
_00748_,4.425µm
_00879_,4.425µm
_01398_,4.425µm
_02628_,4.425µm
_02681_,4.425µm
_02683_,4.425µm
_03058_,4.425µm
_03134_,4.425µm
_03275_,4.425µm
_03788_,4.425µm
_04053_,4.425µm
_04480_,4.425µm
_04708_,4.425µm
_05687_,4.425µm
_05049_,4.42µm
_06446_,4.42µm
_06646_,4.42µm
_06754_,4.42µm
_06760_,4.42µm
_07967_,4.42µm
_08381_,4.42µm
_09510_,4.42µm
_09926_,4.42µm
_10170_,4.42µm
_10733_,4.42µm
_11016_,4.42µm
_11529_,4.42µm
_12861_,4.42µm
_12875_,4.42µm
_13066_,4.42µm
_13435_,4.42µm
_13606_,4.42µm
u_accel.wfc\[182\]\[0\],4.42µm
u_accel.wfc\[477\]\[4\],4.42µm
net3738,4.42µm
net3783,4.42µm
net3992,4.42µm
net5333,4.42µm
_05586_,4.415µm
_09468_,4.415µm
_00282_,4.405µm
_01546_,4.405µm
_03294_,4.405µm
_03325_,4.405µm
_06022_,4.405µm
u_accel.logitm\[0\]\[30\],4.4µm
_00089_,4.385µm
_00253_,4.385µm
_00284_,4.385µm
_00306_,4.385µm
_00307_,4.385µm
_00311_,4.385µm
_00338_,4.385µm
_00379_,4.385µm
_00389_,4.385µm
_00403_,4.385µm
_00404_,4.385µm
_00420_,4.385µm
_00500_,4.385µm
_00665_,4.385µm
_00750_,4.385µm
_00804_,4.385µm
_00868_,4.385µm
_00878_,4.385µm
_00926_,4.385µm
_01056_,4.385µm
_01095_,4.385µm
_01123_,4.385µm
_01217_,4.385µm
_01231_,4.385µm
_01267_,4.385µm
_01270_,4.385µm
_01289_,4.385µm
_01371_,4.385µm
_01380_,4.385µm
_01390_,4.385µm
_01422_,4.385µm
_01434_,4.385µm
_01439_,4.385µm
_01502_,4.385µm
_01699_,4.385µm
_01702_,4.385µm
_01912_,4.385µm
_01974_,4.385µm
_02012_,4.385µm
_02080_,4.385µm
_02110_,4.385µm
_02140_,4.385µm
_02215_,4.385µm
_02224_,4.385µm
_02364_,4.385µm
_02375_,4.385µm
_02376_,4.385µm
_02493_,4.385µm
_02574_,4.385µm
_02597_,4.385µm
_02599_,4.385µm
_02627_,4.385µm
_02657_,4.385µm
_02699_,4.385µm
_02722_,4.385µm
_02784_,4.385µm
_02801_,4.385µm
_03091_,4.385µm
_03229_,4.385µm
_03246_,4.385µm
_03299_,4.385µm
_03349_,4.385µm
_03365_,4.385µm
_03377_,4.385µm
_03507_,4.385µm
_03540_,4.385µm
_03624_,4.385µm
_03633_,4.385µm
_03655_,4.385µm
_03771_,4.385µm
_03835_,4.385µm
_03910_,4.385µm
_03924_,4.385µm
_03976_,4.385µm
_04138_,4.385µm
_04150_,4.385µm
_04192_,4.385µm
_04325_,4.385µm
_04392_,4.385µm
_04449_,4.385µm
_04485_,4.385µm
_04524_,4.385µm
_04547_,4.385µm
_04611_,4.385µm
_04617_,4.385µm
_04697_,4.385µm
_04710_,4.385µm
_04752_,4.385µm
_04828_,4.385µm
_04840_,4.385µm
_04932_,4.385µm
_05277_,4.385µm
_05297_,4.385µm
_05446_,4.385µm
_05474_,4.385µm
_05500_,4.385µm
_05530_,4.385µm
_05547_,4.385µm
_05817_,4.385µm
_05853_,4.385µm
_05928_,4.385µm
_05967_,4.385µm
_06051_,4.385µm
_06065_,4.385µm
_06103_,4.385µm
_06194_,4.385µm
_06196_,4.385µm
_06264_,4.385µm
_06393_,4.385µm
_11861_,4.365µm
_04788_,4.36µm
_08406_,4.36µm
_08447_,4.36µm
_08454_,4.36µm
_09455_,4.36µm
_09514_,4.36µm
_11468_,4.36µm
_11688_,4.36µm
_12974_,4.36µm
_07978_,4.345µm
_05143_,4.34µm
_05264_,4.34µm
_06423_,4.34µm
_08122_,4.34µm
_08137_,4.34µm
_08300_,4.34µm
_09515_,4.34µm
_10037_,4.34µm
_10378_,4.34µm
_10418_,4.34µm
_10510_,4.34µm
_10513_,4.34µm
_10892_,4.34µm
_11022_,4.34µm
_11163_,4.34µm
_11186_,4.34µm
_11536_,4.34µm
_11976_,4.34µm
_12024_,4.34µm
_12194_,4.34µm
_12222_,4.34µm
_12280_,4.34µm
_12680_,4.34µm
_12834_,4.34µm
_13130_,4.34µm
_13247_,4.34µm
u_accel.actm\[126\]\[0\],4.34µm
u_accel.actm\[19\]\[3\],4.34µm
u_accel.actm\[23\]\[5\],4.34µm
u_accel.actm\[42\]\[0\],4.34µm
u_accel.actm\[57\]\[7\],4.34µm
u_accel.actm\[64\]\[0\],4.34µm
u_accel.actm\[77\]\[7\],4.34µm
u_accel.actm\[88\]\[4\],4.34µm
u_accel.bconv\[1\]\[12\],4.34µm
u_accel.imem\[31\]\[2\],4.34µm
u_accel.imem\[42\]\[1\],4.34µm
u_accel.imem\[44\]\[3\],4.34µm
u_accel.imem\[46\]\[1\],4.34µm
u_accel.imem\[9\]\[1\],4.34µm
u_accel.logitm\[0\]\[18\],4.34µm
u_accel.logitm\[0\]\[6\],4.34µm
u_accel.wconv\[17\]\[0\],4.34µm
u_accel.wfc\[137\]\[7\],4.34µm
u_accel.wfc\[143\]\[5\],4.34µm
u_accel.wfc\[312\]\[3\],4.34µm
u_accel.wfc\[336\]\[5\],4.34µm
net95,4.34µm
net372,4.34µm
net1789,4.34µm
net2285,4.34µm
net2495,4.34µm
net2519,4.34µm
net2577,4.34µm
net3583,4.34µm
net3590,4.34µm
net4267,4.34µm
net4312,4.34µm
net4775,4.34µm
net4945,4.34µm
net5029,4.34µm
net5324,4.34µm
net5572,4.34µm
net5840,4.34µm
_01424_,4.335µm
u_accel.actm\[48\]\[0\],4.32µm
u_accel.actm\[70\]\[3\],4.32µm
u_accel.actm\[79\]\[0\],4.32µm
u_accel.wfc\[106\]\[4\],4.32µm
u_accel.wfc\[258\]\[7\],4.32µm
u_accel.wfc\[270\]\[6\],4.32µm
u_accel.wfc\[422\]\[6\],4.32µm
u_accel.wfc\[6\]\[7\],4.32µm
_00509_,4.315µm
_02059_,4.315µm
_04984_,4.305µm
_06801_,4.305µm
_00260_,4.295µm
_01146_,4.295µm
_01148_,4.295µm
_01216_,4.295µm
_01365_,4.295µm
_01475_,4.295µm
_02702_,4.295µm
_03117_,4.295µm
_03617_,4.295µm
_03654_,4.295µm
_03704_,4.295µm
_03830_,4.295µm
_04764_,4.295µm
_00882_,4.285µm
_13219_,4.27µm
_00407_,4.265µm
_00423_,4.265µm
_00436_,4.265µm
_00908_,4.265µm
_01328_,4.265µm
_01555_,4.265µm
_02105_,4.265µm
_02124_,4.265µm
_02230_,4.265µm
_02765_,4.265µm
_03477_,4.265µm
_03527_,4.265µm
_03899_,4.265µm
_04135_,4.265µm
_04251_,4.265µm
_04650_,4.265µm
_04781_,4.265µm
_04900_,4.265µm
_05327_,4.265µm
_05334_,4.265µm
_05346_,4.265µm
_05591_,4.265µm
_05615_,4.265µm
_05698_,4.265µm
_05926_,4.265µm
_06375_,4.265µm
_06403_,4.265µm
_06621_,4.265µm
_01147_,4.245µm
_01866_,4.245µm
_04555_,4.245µm
_04571_,4.245µm
_05515_,4.245µm
_00077_,4.24µm
_00108_,4.24µm
_00196_,4.24µm
_00903_,4.24µm
_00973_,4.24µm
_00984_,4.24µm
_01001_,4.24µm
_01067_,4.24µm
_01344_,4.24µm
_01473_,4.24µm
_01759_,4.24µm
_02081_,4.24µm
_02578_,4.24µm
_03337_,4.24µm
_03589_,4.24µm
_03696_,4.24µm
_03896_,4.24µm
_04474_,4.24µm
_04546_,4.24µm
_04548_,4.24µm
_04552_,4.24µm
_04705_,4.24µm
_04778_,4.24µm
_04898_,4.24µm
_05310_,4.24µm
_05534_,4.24µm
_05667_,4.24µm
_05685_,4.24µm
_06110_,4.24µm
_09088_,4.24µm
_09587_,4.24µm
_09650_,4.24µm
_10078_,4.24µm
_10573_,4.24µm
_10696_,4.24µm
_11179_,4.24µm
_13489_,4.24µm
net440,4.24µm
net948,4.24µm
net1026,4.24µm
net1036,4.24µm
net1065,4.24µm
net1225,4.24µm
net1256,4.24µm
net1333,4.24µm
net1370,4.24µm
net1387,4.24µm
net1389,4.24µm
net1395,4.24µm
net1586,4.24µm
net1588,4.24µm
net1767,4.24µm
net1861,4.24µm
net1921,4.24µm
net2029,4.24µm
net2379,4.24µm
net2538,4.24µm
net3311,4.24µm
net3505,4.24µm
net3582,4.24µm
net3653,4.24µm
net3673,4.24µm
net3688,4.24µm
net3724,4.24µm
net4071,4.24µm
net4159,4.24µm
net4273,4.24µm
net4334,4.24µm
net4423,4.24µm
net4436,4.24µm
net4468,4.24µm
net4646,4.24µm
net4996,4.24µm
net5023,4.24µm
net5474,4.24µm
u_accel.actm\[111\]\[4\],4.225µm
u_accel.logitm\[2\]\[0\],4.225µm
_06473_,4.22µm
_06571_,4.22µm
_06586_,4.22µm
_08802_,4.22µm
_09702_,4.22µm
_11206_,4.22µm
_13115_,4.22µm
u_accel.actm\[10\]\[5\],4.22µm
u_accel.actm\[120\]\[0\],4.22µm
u_accel.actm\[15\]\[4\],4.22µm
u_accel.actm\[44\]\[0\],4.22µm
u_accel.imem\[46\]\[3\],4.22µm
u_accel.wconv\[10\]\[0\],4.22µm
u_accel.wfc\[106\]\[6\],4.22µm
net169,4.22µm
net942,4.22µm
_03595_,4.215µm
_06127_,4.215µm
_09840_,4.21µm
_04842_,4.2µm
_08730_,4.2µm
_09424_,4.2µm
_10214_,4.2µm
_11180_,4.2µm
_11379_,4.2µm
u_accel.actm\[92\]\[6\],4.2µm
net691,4.2µm
net732,4.2µm
net2369,4.2µm
net2809,4.2µm
net3241,4.2µm
net3383,4.2µm
net3882,4.2µm
net4039,4.2µm
net4199,4.2µm
net4254,4.2µm
net4316,4.2µm
net4606,4.2µm
_12905_,4.17µm
_00030_,4.165µm
_00083_,4.165µm
_00335_,4.165µm
_00471_,4.165µm
_00495_,4.165µm
_00552_,4.165µm
_00630_,4.165µm
_00686_,4.165µm
_00737_,4.165µm
_00958_,4.165µm
_01140_,4.165µm
_01172_,4.165µm
_01227_,4.165µm
_01524_,4.165µm
_01598_,4.165µm
_01605_,4.165µm
_01635_,4.165µm
_01637_,4.165µm
_01683_,4.165µm
_01793_,4.165µm
_01854_,4.165µm
_01922_,4.165µm
_02116_,4.165µm
_02151_,4.165µm
_02254_,4.165µm
_02404_,4.165µm
_02559_,4.165µm
_02567_,4.165µm
_02607_,4.165µm
_02755_,4.165µm
_02834_,4.165µm
_02889_,4.165µm
_02908_,4.165µm
_03296_,4.165µm
_03429_,4.165µm
_03513_,4.165µm
_03525_,4.165µm
_03577_,4.165µm
_03647_,4.165µm
_03713_,4.165µm
_03753_,4.165µm
_03847_,4.165µm
_03889_,4.165µm
_03950_,4.165µm
_03992_,4.165µm
_04003_,4.165µm
_04022_,4.165µm
_04121_,4.165µm
_04188_,4.165µm
_04234_,4.165µm
_04435_,4.165µm
_04655_,4.165µm
_04849_,4.165µm
_04925_,4.165µm
_04950_,4.165µm
_05484_,4.165µm
_05569_,4.165µm
_05653_,4.165µm
_05682_,4.165µm
_05759_,4.165µm
_05816_,4.165µm
_05838_,4.165µm
_05874_,4.165µm
_05877_,4.165µm
_05892_,4.165µm
_05994_,4.165µm
_06161_,4.165µm
_06172_,4.165µm
_06215_,4.165µm
_06312_,4.165µm
_06313_,4.165µm
_06344_,4.165µm
_00151_,4.145µm
_00239_,4.145µm
_00945_,4.145µm
_02386_,4.145µm
_03636_,4.145µm
_03984_,4.145µm
_04431_,4.145µm
_04597_,4.145µm
_04859_,4.145µm
_05392_,4.145µm
_05491_,4.145µm
_05125_,4.14µm
_08846_,4.14µm
_08940_,4.14µm
_09254_,4.14µm
_09270_,4.14µm
_09777_,4.14µm
_10204_,4.14µm
_10206_,4.14µm
_10210_,4.14µm
_10689_,4.14µm
_12667_,4.14µm
_14127_,4.14µm
_00050_,4.125µm
_00129_,4.125µm
_00514_,4.125µm
_00699_,4.125µm
_00869_,4.125µm
_00929_,4.125µm
_00957_,4.125µm
_01375_,4.125µm
_02132_,4.125µm
_03651_,4.125µm
_04614_,4.125µm
_04621_,4.125µm
_04838_,4.125µm
_05434_,4.125µm
_05520_,4.125µm
_01701_,4.12µm
_05004_,4.12µm
_05017_,4.12µm
_05026_,4.12µm
_05151_,4.12µm
_05157_,4.12µm
_05199_,4.12µm
_06068_,4.12µm
_06094_,4.12µm
_06434_,4.12µm
_06447_,4.12µm
_06652_,4.12µm
_06712_,4.12µm
_06777_,4.12µm
_06782_,4.12µm
_06810_,4.12µm
_06814_,4.12µm
_08519_,4.12µm
_08673_,4.12µm
_11715_,4.12µm
_13073_,4.12µm
u_accel.wconv\[2\]\[4\],4.12µm
u_accel.wfc\[288\]\[4\],4.12µm
net895,4.12µm
net1502,4.12µm
net3502,4.12µm
net5661,4.12µm
_05148_,4.1µm
_06436_,4.1µm
_06439_,4.1µm
_06499_,4.1µm
_08183_,4.1µm
_08250_,4.1µm
_08392_,4.1µm
_08886_,4.1µm
_11407_,4.1µm
_13545_,4.1µm
_13639_,4.1µm
_13910_,4.1µm
u_accel.actm\[106\]\[4\],4.1µm
u_accel.actm\[113\]\[5\],4.1µm
u_accel.actm\[116\]\[4\],4.1µm
u_accel.actm\[25\]\[4\],4.1µm
u_accel.actm\[81\]\[7\],4.1µm
u_accel.actm\[84\]\[0\],4.1µm
u_accel.imem\[40\]\[7\],4.1µm
u_accel.imem\[49\]\[0\],4.1µm
u_accel.imem\[4\]\[7\],4.1µm
u_accel.wfc\[133\]\[4\],4.1µm
u_accel.wfc\[15\]\[1\],4.1µm
u_accel.wfc\[187\]\[3\],4.1µm
u_accel.wfc\[233\]\[1\],4.1µm
u_accel.wfc\[235\]\[2\],4.1µm
u_accel.wfc\[331\]\[4\],4.1µm
u_accel.wfc\[385\]\[5\],4.1µm
u_accel.wfc\[393\]\[7\],4.1µm
u_accel.wfc\[399\]\[1\],4.1µm
u_accel.wfc\[511\]\[2\],4.1µm
net2067,4.1µm
_01041_,4.095µm
_01225_,4.095µm
_02253_,4.095µm
_00015_,4.08µm
_05126_,4.08µm
_06570_,4.08µm
_06605_,4.08µm
_06645_,4.08µm
_06803_,4.08µm
_11774_,4.08µm
_12256_,4.08µm
net5721,4.08µm
_00541_,4.065µm
_00721_,4.065µm
_03252_,4.065µm
_03828_,4.065µm
_00543_,4.045µm
_00580_,4.045µm
_00646_,4.045µm
_01213_,4.045µm
_01726_,4.045µm
_02084_,4.045µm
_02969_,4.045µm
_03414_,4.045µm
_03795_,4.045µm
_03798_,4.045µm
_03952_,4.045µm
_03967_,4.045µm
_04902_,4.045µm
_05524_,4.045µm
_06001_,4.045µm
_06018_,4.045µm
_06416_,4.045µm
u_accel.wfc\[86\]\[1\],4.03µm
_03188_,4.025µm
_04087_,4.025µm
_05299_,4.025µm
_05611_,4.025µm
_05650_,4.025µm
_06206_,4.02µm
_06609_,4.02µm
_06878_,4.02µm
_08748_,4.02µm
_09381_,4.02µm
_10575_,4.02µm
_10683_,4.02µm
_10896_,4.02µm
_10952_,4.02µm
_11441_,4.02µm
_11674_,4.02µm
_12185_,4.02µm
_12330_,4.02µm
_12534_,4.02µm
_12684_,4.02µm
_12928_,4.02µm
_13894_,4.02µm
_14120_,4.02µm
_04970_,4µm
_05018_,4µm
_05035_,4µm
_05046_,4µm
_05057_,4µm
_05090_,4µm
_05091_,4µm
_05101_,4µm
_05119_,4µm
_05153_,4µm
_05166_,4µm
_06443_,4µm
_06448_,4µm
_06480_,4µm
_06487_,4µm
_06497_,4µm
_06656_,4µm
_06708_,4µm
_06770_,4µm
_08324_,4µm
_08728_,4µm
_08913_,4µm
_09154_,4µm
_09410_,4µm
_09647_,4µm
_09850_,4µm
_10209_,4µm
_10353_,4µm
_11013_,4µm
_11189_,4µm
_11629_,4µm
_11819_,4µm
_12188_,4µm
_12200_,4µm
_12337_,4µm
_12434_,4µm
_13082_,4µm
_13337_,4µm
_13371_,4µm
_13568_,4µm
_14040_,4µm
u_accel.actm\[71\]\[1\],4µm
u_accel.actm\[87\]\[6\],4µm
u_accel.bconv\[1\]\[7\],4µm
u_accel.logitm\[3\]\[16\],4µm
u_accel.wfc\[14\]\[2\],4µm
u_accel.wfc\[198\]\[3\],4µm
u_accel.wfc\[198\]\[4\],4µm
u_accel.wfc\[234\]\[6\],4µm
u_accel.wfc\[258\]\[0\],4µm
u_accel.wfc\[290\]\[1\],4µm
u_accel.wfc\[386\]\[4\],4µm
u_accel.wfc\[398\]\[4\],4µm
u_accel.wfc\[417\]\[7\],4µm
u_accel.wfc\[418\]\[2\],4µm
u_accel.wfc\[434\]\[6\],4µm
u_accel.wfc\[474\]\[6\],4µm
u_accel.wfc\[478\]\[0\],4µm
u_accel.wfc\[478\]\[1\],4µm
u_accel.wfc\[54\]\[7\],4µm
u_accel.wfc\[74\]\[5\],4µm
u_accel.wfc\[88\]\[1\],4µm
net431,4µm
net2492,4µm
net3131,4µm
net3165,4µm
net3283,4µm
net3297,4µm
net3826,4µm
net3857,4µm
net4040,4µm
net4384,4µm
net4610,4µm
net4808,4µm
net5420,4µm
net5496,4µm
net5787,4µm
net5802,4µm
net5944,4µm
net6043,4µm
net6054,4µm
_04518_,3.99µm
_05329_,3.985µm
_04992_,3.98µm
_09416_,3.98µm
_12639_,3.98µm
_13456_,3.98µm
_14011_,3.98µm
u_accel.actm\[113\]\[2\],3.98µm
u_accel.actm\[121\]\[1\],3.98µm
u_accel.actm\[35\]\[6\],3.98µm
u_accel.actm\[51\]\[6\],3.98µm
u_accel.actm\[56\]\[0\],3.98µm
u_accel.imem\[23\]\[6\],3.98µm
u_accel.wfc\[474\]\[2\],3.98µm
u_accel.wfc\[480\]\[5\],3.98µm
u_accel.wfc\[507\]\[2\],3.98µm
_00982_,3.975µm
_01223_,3.975µm
_01259_,3.975µm
_01710_,3.975µm
_02301_,3.975µm
_03288_,3.975µm
_03711_,3.975µm
_03811_,3.975µm
_03925_,3.975µm
_04221_,3.975µm
_04691_,3.975µm
_05559_,3.975µm
_05978_,3.975µm
_06359_,3.975µm
_00123_,3.965µm
_00544_,3.965µm
_00801_,3.965µm
_01078_,3.965µm
_01129_,3.965µm
_01133_,3.965µm
_01200_,3.965µm
_01463_,3.965µm
_01484_,3.965µm
_01649_,3.965µm
_01803_,3.965µm
_02107_,3.965µm
_02247_,3.965µm
_02988_,3.965µm
_03024_,3.965µm
_04151_,3.965µm
_04406_,3.965µm
_04534_,3.965µm
_04553_,3.965µm
_05546_,3.965µm
_05625_,3.965µm
_05758_,3.965µm
_05856_,3.965µm
_06089_,3.965µm
_06153_,3.965µm
_06321_,3.965µm
_02422_,3.955µm
_02897_,3.955µm
_01680_,3.945µm
_02433_,3.945µm
_02566_,3.945µm
_03187_,3.945µm
_04377_,3.945µm
_06026_,3.945µm
_00136_,3.925µm
_00162_,3.925µm
_00289_,3.925µm
_00308_,3.925µm
_00324_,3.925µm
_00325_,3.925µm
_00433_,3.925µm
_00510_,3.925µm
_00593_,3.925µm
_00595_,3.925µm
_00733_,3.925µm
_00758_,3.925µm
_00834_,3.925µm
_00900_,3.925µm
_00985_,3.925µm
_01003_,3.925µm
_01029_,3.925µm
_01254_,3.925µm
_01273_,3.925µm
_01311_,3.925µm
_01340_,3.925µm
_01718_,3.925µm
_01721_,3.925µm
_01799_,3.925µm
_01812_,3.925µm
_01829_,3.925µm
_01831_,3.925µm
_01840_,3.925µm
_01844_,3.925µm
_01889_,3.925µm
_01895_,3.925µm
_01979_,3.925µm
_02003_,3.925µm
_02061_,3.925µm
_02378_,3.925µm
_02388_,3.925µm
_02413_,3.925µm
_02463_,3.925µm
_02555_,3.925µm
_02616_,3.925µm
_02660_,3.925µm
_02812_,3.925µm
_02836_,3.925µm
_02837_,3.925µm
_02945_,3.925µm
_03062_,3.925µm
_03068_,3.925µm
_03098_,3.925µm
_03102_,3.925µm
_03106_,3.925µm
_03216_,3.925µm
_03235_,3.925µm
_03266_,3.925µm
_03341_,3.925µm
_03366_,3.925µm
_03428_,3.925µm
_03446_,3.925µm
_03476_,3.925µm
_03480_,3.925µm
_03493_,3.925µm
_03668_,3.925µm
_03670_,3.925µm
_03700_,3.925µm
_03738_,3.925µm
_03758_,3.925µm
_03786_,3.925µm
_03792_,3.925µm
_03862_,3.925µm
_03879_,3.925µm
_03898_,3.925µm
_03990_,3.925µm
_03996_,3.925µm
_04170_,3.925µm
_04183_,3.925µm
_04275_,3.925µm
_04301_,3.925µm
_04315_,3.925µm
_04331_,3.925µm
_04383_,3.925µm
_04483_,3.925µm
_04568_,3.925µm
_04579_,3.925µm
_04685_,3.925µm
_04731_,3.925µm
_04736_,3.925µm
_04762_,3.925µm
_04805_,3.925µm
_04960_,3.925µm
_05291_,3.925µm
_05339_,3.925µm
_05348_,3.925µm
_05419_,3.925µm
_05440_,3.925µm
_05472_,3.925µm
_05482_,3.925µm
_05528_,3.925µm
_05539_,3.925µm
_05617_,3.925µm
_05660_,3.925µm
_05670_,3.925µm
_05716_,3.925µm
_05769_,3.925µm
_05770_,3.925µm
_05847_,3.925µm
_05882_,3.925µm
_05888_,3.925µm
_06078_,3.925µm
_06138_,3.925µm
_06151_,3.925µm
_06163_,3.925µm
_06208_,3.925µm
_06213_,3.925µm
_06240_,3.925µm
_06272_,3.925µm
_06282_,3.925µm
_08933_,3.905µm
_01454_,3.9µm
_03225_,3.9µm
_04282_,3.9µm
_07946_,3.9µm
_08466_,3.9µm
_09540_,3.9µm
_10820_,3.9µm
_10973_,3.9µm
_11207_,3.9µm
_13279_,3.9µm
_13327_,3.9µm
_13651_,3.9µm
_13885_,3.9µm
_13921_,3.9µm
_10526_,3.885µm
_06676_,3.88µm
_08774_,3.88µm
_08819_,3.88µm
_08990_,3.88µm
_09129_,3.88µm
_09453_,3.88µm
_09606_,3.88µm
_09685_,3.88µm
_10326_,3.88µm
_11469_,3.88µm
_11555_,3.88µm
_11664_,3.88µm
_12240_,3.88µm
_12447_,3.88µm
_12766_,3.88µm
_12815_,3.88µm
_13980_,3.88µm
_14132_,3.88µm
u_accel.actm\[103\]\[5\],3.88µm
u_accel.actm\[104\]\[1\],3.88µm
u_accel.actm\[110\]\[0\],3.88µm
u_accel.actm\[65\]\[0\],3.88µm
u_accel.actm\[66\]\[6\],3.88µm
u_accel.actm\[82\]\[6\],3.88µm
u_accel.actm\[86\]\[7\],3.88µm
u_accel.actm\[93\]\[2\],3.88µm
u_accel.bconv\[0\]\[10\],3.88µm
u_accel.imem\[26\]\[0\],3.88µm
u_accel.wfc\[111\]\[7\],3.88µm
u_accel.wfc\[112\]\[5\],3.88µm
u_accel.wfc\[118\]\[1\],3.88µm
u_accel.wfc\[160\]\[0\],3.88µm
u_accel.wfc\[174\]\[4\],3.88µm
u_accel.wfc\[202\]\[5\],3.88µm
u_accel.wfc\[38\]\[6\],3.88µm
u_accel.wfc\[422\]\[5\],3.88µm
u_accel.wfc\[486\]\[7\],3.88µm
net416,3.88µm
net591,3.88µm
net682,3.88µm
net787,3.88µm
net811,3.88µm
net1687,3.88µm
net1709,3.88µm
net2388,3.88µm
net2401,3.88µm
net2508,3.88µm
net2798,3.88µm
net3883,3.88µm
net3966,3.88µm
net4132,3.88µm
net4623,3.88µm
net4655,3.88µm
net4679,3.88µm
_03531_,3.875µm
_06668_,3.86µm
_06773_,3.86µm
u_accel.imem\[8\]\[1\],3.855µm
_04972_,3.845µm
_05168_,3.845µm
_05183_,3.845µm
_00340_,3.805µm
_00414_,3.805µm
_00537_,3.805µm
_00722_,3.805µm
_01197_,3.805µm
_01202_,3.805µm
_01269_,3.805µm
_01341_,3.805µm
_01343_,3.805µm
_01640_,3.805µm
_01936_,3.805µm
_02035_,3.805µm
_02135_,3.805µm
_02299_,3.805µm
_02313_,3.805µm
_02754_,3.805µm
_03201_,3.805µm
_03255_,3.805µm
_03280_,3.805µm
_03435_,3.805µm
_03519_,3.805µm
_03746_,3.805µm
_03785_,3.805µm
_03912_,3.805µm
_04042_,3.805µm
_04335_,3.805µm
_04424_,3.805µm
_04491_,3.805µm
_04639_,3.805µm
_04659_,3.805µm
_04679_,3.805µm
_04899_,3.805µm
_04910_,3.805µm
_04931_,3.805µm
_04935_,3.805µm
_05486_,3.805µm
_05564_,3.805µm
_06207_,3.805µm
_09236_,3.805µm
_10012_,3.805µm
_00051_,3.78µm
_00371_,3.78µm
_00413_,3.78µm
_00448_,3.78µm
_00457_,3.78µm
_00816_,3.78µm
_01190_,3.78µm
_01346_,3.78µm
_01584_,3.78µm
_01737_,3.78µm
_01982_,3.78µm
_02095_,3.78µm
_02149_,3.78µm
_02229_,3.78µm
_02277_,3.78µm
_02366_,3.78µm
_02656_,3.78µm
_02691_,3.78µm
_02782_,3.78µm
_02864_,3.78µm
_02929_,3.78µm
_03099_,3.78µm
_03268_,3.78µm
_03339_,3.78µm
_03483_,3.78µm
_03680_,3.78µm
_03958_,3.78µm
_04143_,3.78µm
_04181_,3.78µm
_04386_,3.78µm
_04484_,3.78µm
_04585_,3.78µm
_04600_,3.78µm
_04630_,3.78µm
_04631_,3.78µm
_04874_,3.78µm
_05441_,3.78µm
_05521_,3.78µm
_05668_,3.78µm
_06006_,3.78µm
_06087_,3.78µm
_06271_,3.78µm
_06409_,3.78µm
_08870_,3.78µm
_09611_,3.78µm
_09729_,3.78µm
_09873_,3.78µm
_10217_,3.78µm
_10590_,3.78µm
_11079_,3.78µm
u_accel.imem\[49\]\[2\],3.78µm
net497,3.78µm
net498,3.78µm
net703,3.78µm
net793,3.78µm
net1078,3.78µm
net1150,3.78µm
net1428,3.78µm
net1449,3.78µm
net1590,3.78µm
net1685,3.78µm
net1902,3.78µm
net2069,3.78µm
net2096,3.78µm
net2301,3.78µm
net2366,3.78µm
net2421,3.78µm
net2464,3.78µm
net2470,3.78µm
net2648,3.78µm
net2795,3.78µm
net2814,3.78µm
net2845,3.78µm
net2912,3.78µm
net2938,3.78µm
net3048,3.78µm
net3202,3.78µm
net3215,3.78µm
net3252,3.78µm
net3338,3.78µm
net3347,3.78µm
net3479,3.78µm
net3539,3.78µm
net3658,3.78µm
net3730,3.78µm
net3748,3.78µm
net3903,3.78µm
net4129,3.78µm
net4362,3.78µm
net4852,3.78µm
net4913,3.78µm
net5731,3.78µm
net5827,3.78µm
net5851,3.78µm
net5860,3.78µm
u_accel.actm\[79\]\[7\],3.765µm
_05070_,3.76µm
_05127_,3.76µm
_05129_,3.76µm
_06429_,3.76µm
_06510_,3.76µm
_06576_,3.76µm
_06669_,3.76µm
_06673_,3.76µm
_06696_,3.76µm
_06834_,3.76µm
_06927_,3.76µm
_08155_,3.76µm
_09423_,3.76µm
_09959_,3.76µm
_11908_,3.76µm
_12567_,3.76µm
_13259_,3.76µm
_13413_,3.76µm
_13431_,3.76µm
u_accel.actm\[107\]\[6\],3.76µm
u_accel.actm\[53\]\[7\],3.76µm
u_accel.imem\[1\]\[7\],3.76µm
u_accel.imem\[22\]\[7\],3.76µm
u_accel.imem\[54\]\[4\],3.76µm
u_accel.wfc\[306\]\[0\],3.76µm
net2137,3.76µm
net2232,3.76µm
net5943,3.76µm
_01274_,3.755µm
_03180_,3.755µm
_07998_,3.74µm
_08995_,3.74µm
_09283_,3.74µm
_10858_,3.74µm
_11685_,3.74µm
_13207_,3.74µm
net284,3.74µm
net530,3.74µm
net1567,3.74µm
net2156,3.74µm
net3187,3.74µm
net3218,3.74µm
net3699,3.74µm
net3794,3.74µm
net3861,3.74µm
net4066,3.74µm
net4414,3.74µm
_03265_,3.735µm
_07861_,3.735µm
_11855_,3.72µm
_00032_,3.705µm
_00128_,3.705µm
_00184_,3.705µm
_00330_,3.705µm
_00349_,3.705µm
_00354_,3.705µm
_00367_,3.705µm
_00405_,3.705µm
_00417_,3.705µm
_00469_,3.705µm
_00536_,3.705µm
_00563_,3.705µm
_00578_,3.705µm
_00657_,3.705µm
_00694_,3.705µm
_00810_,3.705µm
_00821_,3.705µm
_00866_,3.705µm
_00962_,3.705µm
_00990_,3.705µm
_00993_,3.705µm
_01014_,3.705µm
_01015_,3.705µm
_01171_,3.705µm
_01186_,3.705µm
_01245_,3.705µm
_01355_,3.705µm
_01450_,3.705µm
_01468_,3.705µm
_01471_,3.705µm
_01540_,3.705µm
_01607_,3.705µm
_01689_,3.705µm
_01789_,3.705µm
_02006_,3.705µm
_02057_,3.705µm
_02091_,3.705µm
_02113_,3.705µm
_02243_,3.705µm
_02272_,3.705µm
_02349_,3.705µm
_02385_,3.705µm
_02622_,3.705µm
_02737_,3.705µm
_02759_,3.705µm
_02870_,3.705µm
_02924_,3.705µm
_02934_,3.705µm
_03009_,3.705µm
_03018_,3.705µm
_03063_,3.705µm
_03111_,3.705µm
_03186_,3.705µm
_03190_,3.705µm
_03247_,3.705µm
_03258_,3.705µm
_03420_,3.705µm
_03424_,3.705µm
_03442_,3.705µm
_03453_,3.705µm
_03478_,3.705µm
_03485_,3.705µm
_03623_,3.705µm
_03642_,3.705µm
_03685_,3.705µm
_03703_,3.705µm
_03723_,3.705µm
_03915_,3.705µm
_03975_,3.705µm
_04039_,3.705µm
_04058_,3.705µm
_04197_,3.705µm
_04222_,3.705µm
_04276_,3.705µm
_04277_,3.705µm
_04319_,3.705µm
_04396_,3.705µm
_04428_,3.705µm
_04464_,3.705µm
_04486_,3.705µm
_04584_,3.705µm
_04656_,3.705µm
_04803_,3.705µm
_04814_,3.705µm
_04819_,3.705µm
_04853_,3.705µm
_04856_,3.705µm
_04904_,3.705µm
_05267_,3.705µm
_05281_,3.705µm
_05429_,3.705µm
_05516_,3.705µm
_05580_,3.705µm
_05583_,3.705µm
_05609_,3.705µm
_05646_,3.705µm
_05664_,3.705µm
_05692_,3.705µm
_05737_,3.705µm
_05812_,3.705µm
_05934_,3.705µm
_06096_,3.705µm
_06128_,3.705µm
_06189_,3.705µm
_06195_,3.705µm
_06198_,3.705µm
_06209_,3.705µm
_06335_,3.705µm
_06365_,3.705µm
_06378_,3.705µm
_06384_,3.705µm
_12469_,3.69µm
_00891_,3.685µm
_00932_,3.685µm
_00968_,3.685µm
_01841_,3.685µm
_02120_,3.685µm
_02213_,3.685µm
_02279_,3.685µm
_02649_,3.685µm
_02899_,3.685µm
_02902_,3.685µm
_03075_,3.685µm
_03182_,3.685µm
_03281_,3.685µm
_03313_,3.685µm
_03486_,3.685µm
_03888_,3.685µm
_04432_,3.685µm
_04562_,3.685µm
_04721_,3.685µm
_05717_,3.685µm
_06063_,3.685µm
_06076_,3.685µm
_07789_,3.68µm
_08464_,3.68µm
_08868_,3.68µm
_08905_,3.68µm
_09114_,3.68µm
_09190_,3.68µm
_10531_,3.68µm
_10595_,3.68µm
_10921_,3.68µm
_11029_,3.68µm
_11694_,3.68µm
_11745_,3.68µm
_12120_,3.68µm
_12272_,3.68µm
_12845_,3.68µm
_13004_,3.68µm
_13070_,3.68µm
_14032_,3.68µm
_00013_,3.66µm
_04983_,3.66µm
_05021_,3.66µm
_05081_,3.66µm
_05113_,3.66µm
_05204_,3.66µm
_05222_,3.66µm
_05241_,3.66µm
_05245_,3.66µm
_05253_,3.66µm
_05254_,3.66µm
_05265_,3.66µm
_06525_,3.66µm
_06545_,3.66µm
_06629_,3.66µm
_06634_,3.66µm
_06686_,3.66µm
_06704_,3.66µm
_06716_,3.66µm
_06721_,3.66µm
_06742_,3.66µm
_06798_,3.66µm
_06805_,3.66µm
_06809_,3.66µm
_07981_,3.66µm
_10835_,3.66µm
_11670_,3.66µm
u_accel.actm\[59\]\[5\],3.66µm
net274,3.66µm
net3889,3.66µm
_10434_,3.65µm
_06558_,3.64µm
_11755_,3.64µm
_12357_,3.64µm
_12608_,3.64µm
_13523_,3.64µm
u_accel.actm\[56\]\[5\],3.64µm
u_accel.actm\[79\]\[2\],3.64µm
u_accel.actm\[80\]\[4\],3.64µm
u_accel.actm\[90\]\[1\],3.64µm
u_accel.bconv\[0\]\[18\],3.64µm
u_accel.bfc\[1\]\[11\],3.64µm
u_accel.imem\[22\]\[2\],3.64µm
u_accel.logitm\[1\]\[6\],3.64µm
u_accel.wfc\[155\]\[2\],3.64µm
u_accel.wfc\[178\]\[5\],3.64µm
u_accel.wfc\[261\]\[1\],3.64µm
u_accel.wfc\[419\]\[1\],3.64µm
_00080_,3.635µm
_00670_,3.635µm
_00683_,3.635µm
_01857_,3.635µm
_02887_,3.635µm
_03800_,3.635µm
_04916_,3.635µm
_10902_,3.635µm
_01025_,3.605µm
_01152_,3.605µm
_05893_,3.605µm
_00203_,3.585µm
_00295_,3.585µm
_01196_,3.585µm
_01242_,3.585µm
_01684_,3.585µm
_01863_,3.585µm
_01878_,3.585µm
_01893_,3.585µm
_01948_,3.585µm
_02165_,3.585µm
_02240_,3.585µm
_02954_,3.585µm
_03082_,3.585µm
_03113_,3.585µm
_03532_,3.585µm
_03699_,3.585µm
_03749_,3.585µm
_03755_,3.585µm
_03760_,3.585µm
_03790_,3.585µm
_03856_,3.585µm
_03993_,3.585µm
_04106_,3.585µm
_04217_,3.585µm
_05350_,3.585µm
_05701_,3.585µm
_05828_,3.585µm
_05965_,3.585µm
_05251_,3.575µm
_00254_,3.565µm
_04498_,3.565µm
_06133_,3.565µm
_06874_,3.56µm
_07825_,3.56µm
_08756_,3.56µm
_10229_,3.56µm
_10320_,3.56µm
_10325_,3.56µm
_10932_,3.56µm
_11170_,3.56µm
_11175_,3.56µm
_11333_,3.56µm
_11548_,3.56µm
_11906_,3.56µm
_12245_,3.56µm
_12674_,3.56µm
_14069_,3.56µm
_14128_,3.56µm
net4078,3.56µm
_04974_,3.54µm
_04978_,3.54µm
_05029_,3.54µm
_05084_,3.54µm
_05096_,3.54µm
_05116_,3.54µm
_05176_,3.54µm
_05180_,3.54µm
_05218_,3.54µm
_05249_,3.54µm
_05259_,3.54µm
_06442_,3.54µm
_06451_,3.54µm
_06464_,3.54µm
_06507_,3.54µm
_06512_,3.54µm
_06514_,3.54µm
_06537_,3.54µm
_06544_,3.54µm
_06547_,3.54µm
_06548_,3.54µm
_06575_,3.54µm
_06578_,3.54µm
_06590_,3.54µm
_06606_,3.54µm
_06641_,3.54µm
_06717_,3.54µm
_06722_,3.54µm
_06727_,3.54µm
_06745_,3.54µm
_06746_,3.54µm
_06748_,3.54µm
_08540_,3.54µm
_08577_,3.54µm
_08855_,3.54µm
_09290_,3.54µm
_09525_,3.54µm
_09742_,3.54µm
_09814_,3.54µm
_10046_,3.54µm
_10063_,3.54µm
_10096_,3.54µm
_10234_,3.54µm
_11273_,3.54µm
_11312_,3.54µm
_11446_,3.54µm
_11944_,3.54µm
_11953_,3.54µm
_12149_,3.54µm
_12710_,3.54µm
_13000_,3.54µm
_13891_,3.54µm
u_accel.actm\[104\]\[6\],3.54µm
u_accel.actm\[117\]\[1\],3.54µm
u_accel.actm\[124\]\[4\],3.54µm
u_accel.actm\[32\]\[0\],3.54µm
u_accel.actm\[61\]\[6\],3.54µm
u_accel.wfc\[10\]\[0\],3.54µm
u_accel.wfc\[182\]\[3\],3.54µm
u_accel.wfc\[210\]\[3\],3.54µm
u_accel.wfc\[238\]\[0\],3.54µm
u_accel.wfc\[242\]\[5\],3.54µm
u_accel.wfc\[250\]\[1\],3.54µm
u_accel.wfc\[282\]\[5\],3.54µm
u_accel.wfc\[297\]\[2\],3.54µm
u_accel.wfc\[30\]\[1\],3.54µm
u_accel.wfc\[30\]\[3\],3.54µm
u_accel.wfc\[318\]\[7\],3.54µm
u_accel.wfc\[322\]\[5\],3.54µm
u_accel.wfc\[358\]\[6\],3.54µm
u_accel.wfc\[410\]\[7\],3.54µm
u_accel.wfc\[418\]\[5\],3.54µm
u_accel.wfc\[474\]\[5\],3.54µm
u_accel.wfc\[78\]\[0\],3.54µm
u_accel.wfc\[94\]\[1\],3.54µm
net73,3.54µm
net3895,3.54µm
net4882,3.54µm
net4995,3.54µm
net5119,3.54µm
net5293,3.54µm
net5325,3.54µm
net5824,3.54µm
net6066,3.54µm
_10580_,3.52µm
_12211_,3.52µm
_14020_,3.52µm
_02072_,3.515µm
_02429_,3.515µm
_02603_,3.515µm
_03034_,3.515µm
_04306_,3.515µm
_04414_,3.515µm
_05956_,3.515µm
_05984_,3.515µm
_00230_,3.505µm
_00933_,3.505µm
_01214_,3.505µm
_01467_,3.505µm
_01633_,3.505µm
_01906_,3.505µm
_02365_,3.505µm
_02689_,3.505µm
_03045_,3.505µm
_03191_,3.505µm
_03488_,3.505µm
_03501_,3.505µm
_03831_,3.505µm
_03971_,3.505µm
_04056_,3.505µm
_04896_,3.505µm
_05290_,3.505µm
_05347_,3.505µm
_06111_,3.505µm
_06237_,3.505µm
_06405_,3.505µm
_00931_,3.485µm
_01604_,3.485µm
_04212_,3.485µm
_12934_,3.47µm
_00056_,3.465µm
_00154_,3.465µm
_00170_,3.465µm
_00186_,3.465µm
_00188_,3.465µm
_00189_,3.465µm
_00199_,3.465µm
_00302_,3.465µm
_00356_,3.465µm
_00561_,3.465µm
_00603_,3.465µm
_00652_,3.465µm
_00703_,3.465µm
_00712_,3.465µm
_00713_,3.465µm
_00785_,3.465µm
_00827_,3.465µm
_00843_,3.465µm
_00853_,3.465µm
_00898_,3.465µm
_00913_,3.465µm
_00923_,3.465µm
_00941_,3.465µm
_00992_,3.465µm
_01017_,3.465µm
_01022_,3.465µm
_01038_,3.465µm
_01089_,3.465µm
_01150_,3.465µm
_01166_,3.465µm
_01201_,3.465µm
_01207_,3.465µm
_01415_,3.465µm
_01507_,3.465µm
_01548_,3.465µm
_01669_,3.465µm
_01879_,3.465µm
_01892_,3.465µm
_01900_,3.465µm
_01901_,3.465µm
_01945_,3.465µm
_01954_,3.465µm
_01995_,3.465µm
_01996_,3.465µm
_02027_,3.465µm
_02043_,3.465µm
_02108_,3.465µm
_02122_,3.465µm
_02129_,3.465µm
_02148_,3.465µm
_02172_,3.465µm
_02228_,3.465µm
_02257_,3.465µm
_02278_,3.465µm
_02315_,3.465µm
_02334_,3.465µm
_02383_,3.465µm
_02458_,3.465µm
_02528_,3.465µm
_02540_,3.465µm
_02583_,3.465µm
_02623_,3.465µm
_02670_,3.465µm
_02671_,3.465µm
_02717_,3.465µm
_02727_,3.465µm
_02804_,3.465µm
_02874_,3.465µm
_02958_,3.465µm
_02960_,3.465µm
_02966_,3.465µm
_02991_,3.465µm
_02993_,3.465µm
_03046_,3.465µm
_03061_,3.465µm
_03072_,3.465µm
_03130_,3.465µm
_03152_,3.465µm
_03166_,3.465µm
_03198_,3.465µm
_03209_,3.465µm
_03251_,3.465µm
_03302_,3.465µm
_03482_,3.465µm
_03484_,3.465µm
_03490_,3.465µm
_03492_,3.465µm
_03549_,3.465µm
_03596_,3.465µm
_03639_,3.465µm
_03702_,3.465µm
_03722_,3.465µm
_03741_,3.465µm
_03743_,3.465µm
_04110_,3.465µm
_04126_,3.465µm
_04133_,3.465µm
_04175_,3.465µm
_04300_,3.465µm
_04339_,3.465µm
_04375_,3.465µm
_04439_,3.465µm
_04451_,3.465µm
_04459_,3.465µm
_04481_,3.465µm
_04503_,3.465µm
_04517_,3.465µm
_04713_,3.465µm
_04750_,3.465µm
_04785_,3.465µm
_04825_,3.465µm
_04861_,3.465µm
_04881_,3.465µm
_04939_,3.465µm
_05356_,3.465µm
_05357_,3.465µm
_05479_,3.465µm
_05507_,3.465µm
_05560_,3.465µm
_05598_,3.465µm
_05642_,3.465µm
_05680_,3.465µm
_05814_,3.465µm
_05818_,3.465µm
_05826_,3.465µm
_05837_,3.465µm
_05900_,3.465µm
_05922_,3.465µm
_05932_,3.465µm
_05958_,3.465µm
_05961_,3.465µm
_05980_,3.465µm
_05988_,3.465µm
_06032_,3.465µm
_06048_,3.465µm
_06053_,3.465µm
_06055_,3.465µm
_06085_,3.465µm
_06090_,3.465µm
_06101_,3.465µm
_06156_,3.465µm
_06210_,3.465µm
_06277_,3.465µm
_06291_,3.465µm
_06391_,3.465µm
_00377_,3.44µm
_00492_,3.44µm
_00809_,3.44µm
_01144_,3.44µm
_01173_,3.44µm
_01275_,3.44µm
_01409_,3.44µm
_01625_,3.44µm
_01994_,3.44µm
_02270_,3.44µm
_02884_,3.44µm
_03911_,3.44µm
_04629_,3.44µm
_05764_,3.44µm
_06241_,3.44µm
_06260_,3.44µm
_08426_,3.44µm
_09954_,3.44µm
_09973_,3.44µm
_12179_,3.44µm
_12239_,3.44µm
_12745_,3.44µm
_13308_,3.44µm
_00008_,3.42µm
_05076_,3.42µm
_06612_,3.42µm
_06620_,3.42µm
_06831_,3.42µm
_08093_,3.42µm
_08162_,3.42µm
_09097_,3.42µm
_09212_,3.42µm
_09460_,3.42µm
_09574_,3.42µm
_09706_,3.42µm
_09871_,3.42µm
_10018_,3.42µm
_10119_,3.42µm
_10462_,3.42µm
_10924_,3.42µm
_10946_,3.42µm
_10970_,3.42µm
_11477_,3.42µm
_11990_,3.42µm
_12206_,3.42µm
_12308_,3.42µm
_12334_,3.42µm
_12763_,3.42µm
_13303_,3.42µm
_13311_,3.42µm
_13494_,3.42µm
_13871_,3.42µm
_14062_,3.42µm
u_accel.actm\[115\]\[6\],3.42µm
u_accel.actm\[127\]\[0\],3.42µm
u_accel.actm\[23\]\[4\],3.42µm
u_accel.actm\[54\]\[2\],3.42µm
u_accel.actm\[55\]\[6\],3.42µm
u_accel.actm\[77\]\[4\],3.42µm
u_accel.actm\[89\]\[6\],3.42µm
net306,3.42µm
net623,3.42µm
net909,3.42µm
net972,3.42µm
net1011,3.42µm
net1166,3.42µm
net1341,3.42µm
net1562,3.42µm
net1917,3.42µm
net1934,3.42µm
net1943,3.42µm
net2458,3.42µm
net3061,3.42µm
net3078,3.42µm
net3355,3.42µm
net4151,3.42µm
net4325,3.42µm
net4662,3.42µm
net4830,3.42µm
net4909,3.42µm
net4919,3.42µm
net4967,3.42µm
net5937,3.42µm
_00160_,3.415µm
_01717_,3.415µm
_03137_,3.415µm
_04267_,3.415µm
_04615_,3.415µm
_06373_,3.415µm
_12599_,3.4µm
_06457_,3.385µm
_06700_,3.385µm
_00059_,3.345µm
_00258_,3.345µm
_00339_,3.345µm
_00346_,3.345µm
_00393_,3.345µm
_00508_,3.345µm
_00614_,3.345µm
_00633_,3.345µm
_00680_,3.345µm
_00684_,3.345µm
_00726_,3.345µm
_00729_,3.345µm
_00768_,3.345µm
_00787_,3.345µm
_00833_,3.345µm
_00842_,3.345µm
_00892_,3.345µm
_00896_,3.345µm
_00919_,3.345µm
_01035_,3.345µm
_01191_,3.345µm
_01210_,3.345µm
_01319_,3.345µm
_01368_,3.345µm
_01534_,3.345µm
_01692_,3.345µm
_01780_,3.345µm
_01904_,3.345µm
_01960_,3.345µm
_02031_,3.345µm
_02045_,3.345µm
_02173_,3.345µm
_02191_,3.345µm
_02217_,3.345µm
_02250_,3.345µm
_02320_,3.345µm
_02367_,3.345µm
_02492_,3.345µm
_02523_,3.345µm
_02553_,3.345µm
_02662_,3.345µm
_02720_,3.345µm
_02798_,3.345µm
_02893_,3.345µm
_02894_,3.345µm
_02913_,3.345µm
_02919_,3.345µm
_03104_,3.345µm
_03108_,3.345µm
_03168_,3.345µm
_03178_,3.345µm
_03207_,3.345µm
_03215_,3.345µm
_03396_,3.345µm
_03474_,3.345µm
_03523_,3.345µm
_03558_,3.345µm
_03564_,3.345µm
_03620_,3.345µm
_03737_,3.345µm
_03742_,3.345µm
_03874_,3.345µm
_03877_,3.345µm
_04061_,3.345µm
_04072_,3.345µm
_04113_,3.345µm
_04557_,3.345µm
_04594_,3.345µm
_04653_,3.345µm
_04820_,3.345µm
_05295_,3.345µm
_05342_,3.345µm
_05387_,3.345µm
_05422_,3.345µm
_05424_,3.345µm
_05449_,3.345µm
_05495_,3.345µm
_05568_,3.345µm
_05584_,3.345µm
_05595_,3.345µm
_05703_,3.345µm
_05719_,3.345µm
_05741_,3.345µm
_05783_,3.345µm
_05786_,3.345µm
_05909_,3.345µm
_06000_,3.345µm
_06016_,3.345µm
_06043_,3.345µm
_06070_,3.345µm
_06092_,3.345µm
_06170_,3.345µm
_06246_,3.345µm
_06293_,3.345µm
_06303_,3.345µm
_06383_,3.345µm
_00074_,3.32µm
_00076_,3.32µm
_00149_,3.32µm
_00158_,3.32µm
_00353_,3.32µm
_00363_,3.32µm
_00365_,3.32µm
_00487_,3.32µm
_00602_,3.32µm
_00715_,3.32µm
_00744_,3.32µm
_00795_,3.32µm
_00836_,3.32µm
_00840_,3.32µm
_00858_,3.32µm
_01004_,3.32µm
_01112_,3.32µm
_01174_,3.32µm
_01260_,3.32µm
_01353_,3.32µm
_01427_,3.32µm
_01461_,3.32µm
_01464_,3.32µm
_01512_,3.32µm
_01517_,3.32µm
_01528_,3.32µm
_01651_,3.32µm
_01661_,3.32µm
_01806_,3.32µm
_01836_,3.32µm
_01873_,3.32µm
_01975_,3.32µm
_02066_,3.32µm
_02193_,3.32µm
_02285_,3.32µm
_02287_,3.32µm
_02321_,3.32µm
_02418_,3.32µm
_02512_,3.32µm
_02664_,3.32µm
_02707_,3.32µm
_02719_,3.32µm
_02729_,3.32µm
_02792_,3.32µm
_02911_,3.32µm
_02983_,3.32µm
_03023_,3.32µm
_03228_,3.32µm
_03284_,3.32µm
_03475_,3.32µm
_03635_,3.32µm
_03663_,3.32µm
_03688_,3.32µm
_03782_,3.32µm
_03850_,3.32µm
_03861_,3.32µm
_03881_,3.32µm
_03921_,3.32µm
_04073_,3.32µm
_04080_,3.32µm
_04086_,3.32µm
_04093_,3.32µm
_04207_,3.32µm
_04266_,3.32µm
_04348_,3.32µm
_04356_,3.32µm
_04376_,3.32µm
_04400_,3.32µm
_04440_,3.32µm
_04612_,3.32µm
_04700_,3.32µm
_04759_,3.32µm
_05270_,3.32µm
_05293_,3.32µm
_05301_,3.32µm
_05341_,3.32µm
_05381_,3.32µm
_05406_,3.32µm
_05407_,3.32µm
_05412_,3.32µm
_05445_,3.32µm
_05492_,3.32µm
_05579_,3.32µm
_05594_,3.32µm
_05652_,3.32µm
_05787_,3.32µm
_05857_,3.32µm
_05883_,3.32µm
_05946_,3.32µm
_06165_,3.32µm
_06216_,3.32µm
_06252_,3.32µm
_06258_,3.32µm
_06363_,3.32µm
_09000_,3.32µm
_10601_,3.32µm
_10861_,3.32µm
_11346_,3.32µm
_11681_,3.32µm
_11923_,3.32µm
_12205_,3.32µm
_13069_,3.32µm
net428,3.32µm
net900,3.32µm
net1710,3.32µm
net2057,3.32µm
net2729,3.32µm
net2753,3.32µm
net3288,3.32µm
net3314,3.32µm
net3324,3.32µm
net3420,3.32µm
net3430,3.32µm
net3704,3.32µm
net4889,3.32µm
net4952,3.32µm
net5156,3.32µm
net5344,3.32µm
net5362,3.32µm
net5694,3.32µm
net6044,3.32µm
_04971_,3.3µm
_05122_,3.3µm
_05230_,3.3µm
_06598_,3.3µm
_06699_,3.3µm
_07081_,3.3µm
_12327_,3.3µm
_12781_,3.3µm
_12828_,3.3µm
_12941_,3.3µm
_12960_,3.3µm
_13141_,3.3µm
u_accel.actm\[62\]\[7\],3.3µm
u_accel.actm\[74\]\[0\],3.3µm
u_accel.logitm\[2\]\[11\],3.3µm
u_accel.wfc\[238\]\[5\],3.3µm
net226,3.3µm
net953,3.3µm
net1875,3.3µm
_00034_,3.245µm
_00066_,3.245µm
_00068_,3.245µm
_00078_,3.245µm
_00172_,3.245µm
_00191_,3.245µm
_00205_,3.245µm
_00207_,3.245µm
_00221_,3.245µm
_00242_,3.245µm
_00299_,3.245µm
_00439_,3.245µm
_00464_,3.245µm
_00519_,3.245µm
_00560_,3.245µm
_00587_,3.245µm
_00616_,3.245µm
_00667_,3.245µm
_00709_,3.245µm
_00755_,3.245µm
_00835_,3.245µm
_00905_,3.245µm
_00928_,3.245µm
_00987_,3.245µm
_01059_,3.245µm
_01088_,3.245µm
_01135_,3.245µm
_01180_,3.245µm
_01188_,3.245µm
_01238_,3.245µm
_01279_,3.245µm
_01293_,3.245µm
_01339_,3.245µm
_01392_,3.245µm
_01399_,3.245µm
_01481_,3.245µm
_01537_,3.245µm
_01552_,3.245µm
_01558_,3.245µm
_01560_,3.245µm
_01648_,3.245µm
_01676_,3.245µm
_01694_,3.245µm
_01785_,3.245µm
_01814_,3.245µm
_01815_,3.245µm
_01891_,3.245µm
_01899_,3.245µm
_01946_,3.245µm
_01950_,3.245µm
_02029_,3.245µm
_02032_,3.245µm
_02096_,3.245µm
_02159_,3.245µm
_02184_,3.245µm
_02195_,3.245µm
_02208_,3.245µm
_02235_,3.245µm
_02248_,3.245µm
_02284_,3.245µm
_02339_,3.245µm
_02343_,3.245µm
_02384_,3.245µm
_02415_,3.245µm
_02488_,3.245µm
_02538_,3.245µm
_02708_,3.245µm
_02718_,3.245µm
_02747_,3.245µm
_02819_,3.245µm
_02831_,3.245µm
_02861_,3.245µm
_02883_,3.245µm
_02942_,3.245µm
_02948_,3.245µm
_02965_,3.245µm
_03008_,3.245µm
_03028_,3.245µm
_03051_,3.245µm
_03092_,3.245µm
_03131_,3.245µm
_03140_,3.245µm
_03194_,3.245µm
_03271_,3.245µm
_03311_,3.245µm
_03367_,3.245µm
_03383_,3.245µm
_03504_,3.245µm
_03587_,3.245µm
_03603_,3.245µm
_03694_,3.245µm
_03705_,3.245µm
_03726_,3.245µm
_03733_,3.245µm
_03804_,3.245µm
_03826_,3.245µm
_03845_,3.245µm
_03848_,3.245µm
_03987_,3.245µm
_04060_,3.245µm
_04069_,3.245µm
_04128_,3.245µm
_04142_,3.245µm
_04238_,3.245µm
_04304_,3.245µm
_04318_,3.245µm
_04342_,3.245µm
_04638_,3.245µm
_04646_,3.245µm
_04678_,3.245µm
_04723_,3.245µm
_04765_,3.245µm
_04816_,3.245µm
_05319_,3.245µm
_05355_,3.245µm
_05382_,3.245µm
_05402_,3.245µm
_05505_,3.245µm
_05592_,3.245µm
_05627_,3.245µm
_05656_,3.245µm
_05710_,3.245µm
_05772_,3.245µm
_05785_,3.245µm
_05852_,3.245µm
_05858_,3.245µm
_05895_,3.245µm
_05898_,3.245µm
_05901_,3.245µm
_05902_,3.245µm
_05912_,3.245µm
_05954_,3.245µm
_05976_,3.245µm
_05989_,3.245µm
_06015_,3.245µm
_06035_,3.245µm
_06050_,3.245µm
_06177_,3.245µm
_06205_,3.245µm
_06214_,3.245µm
_06238_,3.245µm
_06374_,3.245µm
_00182_,3.225µm
_00244_,3.225µm
_00790_,3.225µm
_00819_,3.225µm
_01018_,3.225µm
_01163_,3.225µm
_01252_,3.225µm
_01527_,3.225µm
_01822_,3.225µm
_01916_,3.225µm
_01953_,3.225µm
_02347_,3.225µm
_02436_,3.225µm
_02497_,3.225µm
_02866_,3.225µm
_03276_,3.225µm
_03307_,3.225µm
_03526_,3.225µm
_03629_,3.225µm
_03913_,3.225µm
_03973_,3.225µm
_04010_,3.225µm
_04368_,3.225µm
_04397_,3.225µm
_04933_,3.225µm
_06162_,3.225µm
_06319_,3.225µm
_08654_,3.22µm
_09358_,3.22µm
_10703_,3.22µm
_11044_,3.22µm
_14068_,3.22µm
net4177,3.22µm
net5188,3.22µm
net5276,3.22µm
net5389,3.22µm
_05897_,3.21µm
_01433_,3.2µm
_05008_,3.2µm
_05025_,3.2µm
_05069_,3.2µm
_05082_,3.2µm
_05130_,3.2µm
_05139_,3.2µm
_05200_,3.2µm
_05232_,3.2µm
_05244_,3.2µm
_06452_,3.2µm
_06460_,3.2µm
_06471_,3.2µm
_06491_,3.2µm
_06500_,3.2µm
_06523_,3.2µm
_06530_,3.2µm
_06535_,3.2µm
_06560_,3.2µm
_06572_,3.2µm
_06583_,3.2µm
_06601_,3.2µm
_06660_,3.2µm
_06663_,3.2µm
_06706_,3.2µm
_06729_,3.2µm
_06747_,3.2µm
_06762_,3.2µm
_06781_,3.2µm
_08953_,3.2µm
_09406_,3.2µm
_10819_,3.2µm
_10898_,3.2µm
_11383_,3.2µm
_11865_,3.2µm
_12045_,3.2µm
_12184_,3.2µm
_12220_,3.2µm
_12701_,3.2µm
net2404,3.2µm
_05242_,3.18µm
_05255_,3.18µm
_06697_,3.18µm
_09815_,3.18µm
_10385_,3.18µm
net4073,3.18µm
_00259_,3.175µm
_00278_,3.175µm
_00296_,3.175µm
_00322_,3.175µm
_00384_,3.175µm
_00445_,3.175µm
_00473_,3.175µm
_00582_,3.175µm
_00609_,3.175µm
_00643_,3.175µm
_00716_,3.175µm
_00746_,3.175µm
_00759_,3.175µm
_00784_,3.175µm
_00788_,3.175µm
_00930_,3.175µm
_00972_,3.175µm
_01081_,3.175µm
_01312_,3.175µm
_01318_,3.175µm
_01571_,3.175µm
_01634_,3.175µm
_01753_,3.175µm
_01772_,3.175µm
_01792_,3.175µm
_01845_,3.175µm
_01880_,3.175µm
_01934_,3.175µm
_02047_,3.175µm
_02079_,3.175µm
_02177_,3.175µm
_02180_,3.175µm
_02312_,3.175µm
_02515_,3.175µm
_02526_,3.175µm
_02634_,3.175µm
_02650_,3.175µm
_02653_,3.175µm
_02710_,3.175µm
_02725_,3.175µm
_02756_,3.175µm
_02888_,3.175µm
_03048_,3.175µm
_03138_,3.175µm
_03160_,3.175µm
_03283_,3.175µm
_03413_,3.175µm
_03560_,3.175µm
_03609_,3.175µm
_03708_,3.175µm
_03767_,3.175µm
_03772_,3.175µm
_03969_,3.175µm
_04045_,3.175µm
_04097_,3.175µm
_04101_,3.175µm
_04118_,3.175µm
_04148_,3.175µm
_04195_,3.175µm
_04200_,3.175µm
_04308_,3.175µm
_04409_,3.175µm
_04488_,3.175µm
_04512_,3.175µm
_04519_,3.175µm
_04563_,3.175µm
_04667_,3.175µm
_04716_,3.175µm
_04722_,3.175µm
_04742_,3.175µm
_04772_,3.175µm
_04852_,3.175µm
_04957_,3.175µm
_05313_,3.175µm
_05352_,3.175µm
_05363_,3.175µm
_05527_,3.175µm
_05550_,3.175µm
_05604_,3.175µm
_05624_,3.175µm
_05726_,3.175µm
_05755_,3.175µm
_05797_,3.175µm
_05830_,3.175µm
_05870_,3.175µm
_05879_,3.175µm
_05943_,3.175µm
_06157_,3.175µm
_06180_,3.175µm
_06307_,3.175µm
_06315_,3.175µm
_06328_,3.175µm
_06330_,3.175µm
_11433_,3.175µm
_11931_,3.175µm
_00252_,3.145µm
_00718_,3.145µm
_00845_,3.145µm
_00859_,3.145µm
_00897_,3.145µm
_01553_,3.145µm
_02728_,3.145µm
_02736_,3.145µm
_02904_,3.145µm
_03436_,3.145µm
_03613_,3.145µm
_04124_,3.145µm
_04125_,3.145µm
_04255_,3.145µm
_04477_,3.145µm
_04511_,3.145µm
_04637_,3.145µm
_04848_,3.145µm
_05427_,3.145µm
_05942_,3.145µm
_05966_,3.145µm
_00559_,3.125µm
_00844_,3.125µm
_00875_,3.125µm
_01010_,3.125µm
_01016_,3.125µm
_01113_,3.125µm
_01189_,3.125µm
_01639_,3.125µm
_01736_,3.125µm
_02071_,3.125µm
_02327_,3.125µm
_02444_,3.125µm
_02536_,3.125µm
_02561_,3.125µm
_02938_,3.125µm
_03038_,3.125µm
_03404_,3.125µm
_03724_,3.125µm
_04036_,3.125µm
_04465_,3.125µm
_04591_,3.125µm
_00876_,3.105µm
_05243_,3.1µm
_07822_,3.1µm
_08894_,3.1µm
_09885_,3.1µm
_10979_,3.1µm
_11621_,3.1µm
_12904_,3.1µm
_13919_,3.1µm
_04977_,3.08µm
_04999_,3.08µm
_05002_,3.08µm
_05014_,3.08µm
_05027_,3.08µm
_05051_,3.08µm
_05074_,3.08µm
_05118_,3.08µm
_05161_,3.08µm
_05164_,3.08µm
_05173_,3.08µm
_05194_,3.08µm
_05209_,3.08µm
_05235_,3.08µm
_05239_,3.08µm
_05258_,3.08µm
_06425_,3.08µm
_06450_,3.08µm
_06479_,3.08µm
_06546_,3.08µm
_06564_,3.08µm
_06567_,3.08µm
_06580_,3.08µm
_06582_,3.08µm
_06592_,3.08µm
_06637_,3.08µm
_06649_,3.08µm
_06662_,3.08µm
_06675_,3.08µm
_06736_,3.08µm
_06755_,3.08µm
_06765_,3.08µm
_07863_,3.08µm
_08264_,3.08µm
_08769_,3.08µm
_08954_,3.08µm
_08969_,3.08µm
_09079_,3.08µm
_09351_,3.08µm
_09766_,3.08µm
_10176_,3.08µm
_10222_,3.08µm
_10497_,3.08µm
_10654_,3.08µm
_10877_,3.08µm
_10912_,3.08µm
_11105_,3.08µm
_11125_,3.08µm
_11352_,3.08µm
_11559_,3.08µm
_11595_,3.08µm
_11643_,3.08µm
_11858_,3.08µm
_12000_,3.08µm
_13075_,3.08µm
_13322_,3.08µm
u_accel.actm\[126\]\[7\],3.08µm
u_accel.actm\[5\]\[3\],3.08µm
u_accel.wfc\[328\]\[6\],3.08µm
u_accel.wfc\[346\]\[5\],3.08µm
net61,3.08µm
net63,3.08µm
net1722,3.08µm
net2623,3.08µm
net3068,3.08µm
net3110,3.08µm
net3335,3.08µm
net3369,3.08µm
net3486,3.08µm
net3542,3.08µm
net3891,3.08µm
net4086,3.08µm
net4104,3.08µm
net4374,3.08µm
net4572,3.08µm
net5034,3.08µm
net5063,3.08µm
net5561,3.08µm
net5677,3.08µm
net5907,3.08µm
net5932,3.08µm
net6088,3.08µm
_11513_,3.075µm
_11483_,3.07µm
_06474_,3.06µm
_12513_,3.06µm
net1649,3.06µm
_00797_,3.055µm
_01499_,3.055µm
_02768_,3.055µm
_04239_,3.055µm
_04577_,3.055µm
_05947_,3.055µm
_06278_,3.055µm
_00094_,3.045µm
_00133_,3.045µm
_00269_,3.045µm
_00348_,3.045µm
_00639_,3.045µm
_00877_,3.045µm
_00966_,3.045µm
_01062_,3.045µm
_01251_,3.045µm
_01364_,3.045µm
_01559_,3.045µm
_01596_,3.045µm
_01599_,3.045µm
_01756_,3.045µm
_01883_,3.045µm
_01999_,3.045µm
_02009_,3.045µm
_02267_,3.045µm
_02288_,3.045µm
_02330_,3.045µm
_02369_,3.045µm
_02412_,3.045µm
_02709_,3.045µm
_02797_,3.045µm
_03084_,3.045µm
_03323_,3.045µm
_03350_,3.045µm
_03390_,3.045µm
_03781_,3.045µm
_03937_,3.045µm
_03968_,3.045µm
_04205_,3.045µm
_04280_,3.045µm
_04504_,3.045µm
_04633_,3.045µm
_04775_,3.045µm
_05300_,3.045µm
_05607_,3.045µm
_05669_,3.045µm
_05718_,3.045µm
_05766_,3.045µm
_05790_,3.045µm
_06184_,3.045µm
_06299_,3.045µm
_06400_,3.045µm
_00139_,3.005µm
_00146_,3.005µm
_00155_,3.005µm
_00156_,3.005µm
_00157_,3.005µm
_00185_,3.005µm
_00197_,3.005µm
_00208_,3.005µm
_00238_,3.005µm
_00257_,3.005µm
_00287_,3.005µm
_00305_,3.005µm
_00312_,3.005µm
_00396_,3.005µm
_00408_,3.005µm
_00431_,3.005µm
_00456_,3.005µm
_00485_,3.005µm
_00528_,3.005µm
_00591_,3.005µm
_00598_,3.005µm
_00618_,3.005µm
_00620_,3.005µm
_00649_,3.005µm
_00723_,3.005µm
_00728_,3.005µm
_00736_,3.005µm
_00738_,3.005µm
_00772_,3.005µm
_00778_,3.005µm
_00792_,3.005µm
_00800_,3.005µm
_00825_,3.005µm
_00850_,3.005µm
_00917_,3.005µm
_00927_,3.005µm
_01005_,3.005µm
_01033_,3.005µm
_01058_,3.005µm
_01073_,3.005µm
_01080_,3.005µm
_01083_,3.005µm
_01086_,3.005µm
_01093_,3.005µm
_01157_,3.005µm
_01183_,3.005µm
_01265_,3.005µm
_01296_,3.005µm
_01300_,3.005µm
_01304_,3.005µm
_01320_,3.005µm
_01350_,3.005µm
_01400_,3.005µm
_01485_,3.005µm
_01526_,3.005µm
_01532_,3.005µm
_01538_,3.005µm
_01593_,3.005µm
_01600_,3.005µm
_01659_,3.005µm
_01671_,3.005µm
_01727_,3.005µm
_01788_,3.005µm
_01843_,3.005µm
_01859_,3.005µm
_01877_,3.005µm
_01918_,3.005µm
_01924_,3.005µm
_01932_,3.005µm
_01959_,3.005µm
_01968_,3.005µm
_01985_,3.005µm
_02002_,3.005µm
_02034_,3.005µm
_02046_,3.005µm
_02112_,3.005µm
_02134_,3.005µm
_02136_,3.005µm
_02154_,3.005µm
_02161_,3.005µm
_02169_,3.005µm
_02188_,3.005µm
_02209_,3.005µm
_02242_,3.005µm
_02271_,3.005µm
_02326_,3.005µm
_02356_,3.005µm
_02471_,3.005µm
_02479_,3.005µm
_02524_,3.005µm
_02534_,3.005µm
_02581_,3.005µm
_02610_,3.005µm
_02631_,3.005µm
_02673_,3.005µm
_02721_,3.005µm
_02723_,3.005µm
_02739_,3.005µm
_02789_,3.005µm
_02847_,3.005µm
_02876_,3.005µm
_02885_,3.005µm
_02922_,3.005µm
_02927_,3.005µm
_02944_,3.005µm
_02971_,3.005µm
_03006_,3.005µm
_03026_,3.005µm
_03032_,3.005µm
_03037_,3.005µm
_03043_,3.005µm
_03073_,3.005µm
_03148_,3.005µm
_03165_,3.005µm
_03204_,3.005µm
_03206_,3.005µm
_03211_,3.005µm
_03212_,3.005µm
_03213_,3.005µm
_03214_,3.005µm
_03221_,3.005µm
_03223_,3.005µm
_03224_,3.005µm
_03232_,3.005µm
_03236_,3.005µm
_03273_,3.005µm
_03278_,3.005µm
_03308_,3.005µm
_03310_,3.005µm
_03333_,3.005µm
_03348_,3.005µm
_03374_,3.005µm
_03398_,3.005µm
_03469_,3.005µm
_03524_,3.005µm
_03534_,3.005µm
_03554_,3.005µm
_03604_,3.005µm
_03607_,3.005µm
_03632_,3.005µm
_03634_,3.005µm
_03671_,3.005µm
_03714_,3.005µm
_03750_,3.005µm
_03774_,3.005µm
_03777_,3.005µm
_03821_,3.005µm
_03865_,3.005µm
_03887_,3.005µm
_03900_,3.005µm
_03907_,3.005µm
_03914_,3.005µm
_03957_,3.005µm
_03970_,3.005µm
_03985_,3.005µm
_04074_,3.005µm
_04090_,3.005µm
_04122_,3.005µm
_04127_,3.005µm
_04136_,3.005µm
_04140_,3.005µm
_04249_,3.005µm
_04269_,3.005µm
_04344_,3.005µm
_04398_,3.005µm
_04401_,3.005µm
_04405_,3.005µm
_04423_,3.005µm
_04448_,3.005µm
_04456_,3.005µm
_04560_,3.005µm
_04648_,3.005µm
_04671_,3.005µm
_04673_,3.005µm
_04696_,3.005µm
_04699_,3.005µm
_04728_,3.005µm
_04745_,3.005µm
_04782_,3.005µm
_04802_,3.005µm
_04831_,3.005µm
_04879_,3.005µm
_04886_,3.005µm
_04897_,3.005µm
_04906_,3.005µm
_04914_,3.005µm
_04915_,3.005µm
_05306_,3.005µm
_05309_,3.005µm
_05395_,3.005µm
_05432_,3.005µm
_05435_,3.005µm
_05439_,3.005µm
_05453_,3.005µm
_05459_,3.005µm
_05485_,3.005µm
_05504_,3.005µm
_05508_,3.005µm
_05531_,3.005µm
_05548_,3.005µm
_05554_,3.005µm
_05620_,3.005µm
_05640_,3.005µm
_05677_,3.005µm
_05679_,3.005µm
_05700_,3.005µm
_05706_,3.005µm
_05709_,3.005µm
_05743_,3.005µm
_05746_,3.005µm
_05774_,3.005µm
_05778_,3.005µm
_05789_,3.005µm
_05800_,3.005µm
_05815_,3.005µm
_05866_,3.005µm
_05949_,3.005µm
_05957_,3.005µm
_05973_,3.005µm
_06066_,3.005µm
_06084_,3.005µm
_06088_,3.005µm
_06098_,3.005µm
_06102_,3.005µm
_06108_,3.005µm
_06130_,3.005µm
_06174_,3.005µm
_06175_,3.005µm
_06192_,3.005µm
_06217_,3.005µm
_06251_,3.005µm
_06256_,3.005µm
_06300_,3.005µm
_06336_,3.005µm
_06346_,3.005µm
_06392_,3.005µm
_06415_,3.005µm
_00073_,2.98µm
_00780_,2.98µm
_00912_,2.98µm
_01247_,2.98µm
_01290_,2.98µm
_01920_,2.98µm
_03259_,2.98µm
_04199_,2.98µm
_04551_,2.98µm
_05756_,2.98µm
_05871_,2.98µm
_06934_,2.98µm
_07954_,2.98µm
_09117_,2.98µm
_09221_,2.98µm
_09701_,2.98µm
_10568_,2.98µm
_10604_,2.98µm
_10605_,2.98µm
_10641_,2.98µm
_10994_,2.98µm
_11437_,2.98µm
_11553_,2.98µm
_11841_,2.98µm
_12697_,2.98µm
_13240_,2.98µm
_14156_,2.98µm
_06984_,2.96µm
_08177_,2.96µm
_08408_,2.96µm
_08451_,2.96µm
_08468_,2.96µm
_08752_,2.96µm
_09048_,2.96µm
_09120_,2.96µm
_09306_,2.96µm
_09635_,2.96µm
_09733_,2.96µm
_10365_,2.96µm
_10397_,2.96µm
_10442_,2.96µm
_10483_,2.96µm
_10512_,2.96µm
_10635_,2.96µm
_10665_,2.96µm
_10930_,2.96µm
_10956_,2.96µm
_10989_,2.96µm
_11046_,2.96µm
_11111_,2.96µm
_11877_,2.96µm
_12007_,2.96µm
_12079_,2.96µm
_12244_,2.96µm
_12732_,2.96µm
_12735_,2.96µm
_13094_,2.96µm
_13524_,2.96µm
_13623_,2.96µm
_13640_,2.96µm
_13691_,2.96µm
_13904_,2.96µm
_14123_,2.96µm
u_accel.actm\[109\]\[3\],2.96µm
u_accel.actm\[12\]\[4\],2.96µm
u_accel.actm\[25\]\[1\],2.96µm
u_accel.actm\[33\]\[1\],2.96µm
u_accel.actm\[35\]\[4\],2.96µm
u_accel.actm\[61\]\[1\],2.96µm
u_accel.imem\[31\]\[6\],2.96µm
u_accel.wfc\[423\]\[0\],2.96µm
u_accel.wfc\[59\]\[6\],2.96µm
net586,2.96µm
net1024,2.96µm
net1485,2.96µm
net1512,2.96µm
net2280,2.96µm
net2374,2.96µm
net2697,2.96µm
net2914,2.96µm
net3554,2.96µm
net4127,2.96µm
net4237,2.96µm
_00245_,2.955µm
_00351_,2.955µm
_02166_,2.955µm
_02451_,2.955µm
_02455_,2.955µm
_03415_,2.955µm
_04048_,2.955µm
_04223_,2.955µm
_04528_,2.955µm
_04922_,2.955µm
_05366_,2.955µm
_06226_,2.955µm
_10542_,2.955µm
_05305_,2.945µm
_05999_,2.94µm
_04235_,2.935µm
_05085_,2.925µm
_06469_,2.925µm
_06472_,2.925µm
_12164_,2.89µm
_00084_,2.885µm
_00107_,2.885µm
_00234_,2.885µm
_00364_,2.885µm
_00516_,2.885µm
_00611_,2.885µm
_00619_,2.885µm
_00826_,2.885µm
_00838_,2.885µm
_00873_,2.885µm
_01044_,2.885µm
_01141_,2.885µm
_01326_,2.885µm
_01329_,2.885µm
_01379_,2.885µm
_01592_,2.885µm
_01632_,2.885µm
_01852_,2.885µm
_01952_,2.885µm
_02144_,2.885µm
_02368_,2.885µm
_02494_,2.885µm
_02738_,2.885µm
_02865_,2.885µm
_02968_,2.885µm
_03173_,2.885µm
_03257_,2.885µm
_03316_,2.885µm
_03360_,2.885µm
_03440_,2.885µm
_03454_,2.885µm
_03458_,2.885µm
_03672_,2.885µm
_03813_,2.885µm
_03998_,2.885µm
_04031_,2.885µm
_04096_,2.885µm
_04338_,2.885µm
_04349_,2.885µm
_04475_,2.885µm
_04565_,2.885µm
_04616_,2.885µm
_05280_,2.885µm
_05447_,2.885µm
_05494_,2.885µm
_05590_,2.885µm
_05936_,2.885µm
_05964_,2.885µm
_06052_,2.885µm
_06091_,2.885µm
_06239_,2.885µm
_06376_,2.885µm
_00236_,2.86µm
_00700_,2.86µm
_00769_,2.86µm
_00832_,2.86µm
_01007_,2.86µm
_01090_,2.86µm
_01127_,2.86µm
_01142_,2.86µm
_01162_,2.86µm
_01198_,2.86µm
_01277_,2.86µm
_01317_,2.86µm
_01626_,2.86µm
_01821_,2.86µm
_01824_,2.86µm
_01990_,2.86µm
_02133_,2.86µm
_02273_,2.86µm
_02328_,2.86µm
_02537_,2.86µm
_02556_,2.86µm
_02611_,2.86µm
_02629_,2.86µm
_02682_,2.86µm
_02925_,2.86µm
_03315_,2.86µm
_03593_,2.86µm
_03599_,2.86µm
_03641_,2.86µm
_03682_,2.86µm
_03825_,2.86µm
_03876_,2.86µm
_03994_,2.86µm
_04004_,2.86µm
_04114_,2.86µm
_04270_,2.86µm
_04665_,2.86µm
_04771_,2.86µm
_05367_,2.86µm
_05384_,2.86µm
_05558_,2.86µm
_05597_,2.86µm
_05630_,2.86µm
_05780_,2.86µm
_05813_,2.86µm
_05827_,2.86µm
_06002_,2.86µm
_06054_,2.86µm
_06135_,2.86µm
_06150_,2.86µm
_06218_,2.86µm
_06253_,2.86µm
_06316_,2.86µm
_06387_,2.86µm
_06404_,2.86µm
_09010_,2.86µm
_09200_,2.86µm
_10246_,2.86µm
_11325_,2.86µm
_11671_,2.86µm
_12130_,2.86µm
_12140_,2.86µm
_13914_,2.86µm
net1159,2.86µm
net2012,2.86µm
net2114,2.86µm
net2727,2.86µm
net2889,2.86µm
net2904,2.86µm
net3400,2.86µm
net3599,2.86µm
net4419,2.86µm
net4441,2.86µm
net4573,2.86µm
net4873,2.86µm
net5327,2.86µm
net5437,2.86µm
net5640,2.86µm
net5746,2.86µm
net5940,2.86µm
net6027,2.86µm
_05037_,2.84µm
_05061_,2.84µm
_05071_,2.84µm
_09011_,2.84µm
_09242_,2.84µm
_11413_,2.84µm
_11544_,2.84µm
_11924_,2.84µm
_13433_,2.84µm
_13544_,2.84µm
_13570_,2.84µm
net855,2.84µm
_00450_,2.835µm
_00581_,2.835µm
_00615_,2.835µm
_00626_,2.835µm
_00762_,2.835µm
_00871_,2.835µm
_01079_,2.835µm
_01114_,2.835µm
_01117_,2.835µm
_01222_,2.835µm
_01351_,2.835µm
_01544_,2.835µm
_01681_,2.835µm
_01707_,2.835µm
_01711_,2.835µm
_01713_,2.835µm
_01800_,2.835µm
_02382_,2.835µm
_02564_,2.835µm
_02568_,2.835µm
_02601_,2.835µm
_02751_,2.835µm
_02856_,2.835µm
_03886_,2.835µm
_03947_,2.835µm
_04063_,2.835µm
_04187_,2.835µm
_04233_,2.835µm
_04421_,2.835µm
_04433_,2.835µm
_04520_,2.835µm
_05283_,2.835µm
_05658_,2.835µm
_05907_,2.835µm
_06038_,2.835µm
_06119_,2.835µm
_06223_,2.835µm
_06269_,2.835µm
_06389_,2.835µm
_00214_,2.785µm
_00225_,2.785µm
_00248_,2.785µm
_00249_,2.785µm
_00416_,2.785µm
_00418_,2.785µm
_00425_,2.785µm
_00468_,2.785µm
_00476_,2.785µm
_00555_,2.785µm
_00557_,2.785µm
_00573_,2.785µm
_00579_,2.785µm
_00648_,2.785µm
_00701_,2.785µm
_00806_,2.785µm
_00857_,2.785µm
_00872_,2.785µm
_00934_,2.785µm
_00942_,2.785µm
_00943_,2.785µm
_00956_,2.785µm
_00978_,2.785µm
_01051_,2.785µm
_01102_,2.785µm
_01122_,2.785µm
_01156_,2.785µm
_01192_,2.785µm
_01383_,2.785µm
_01483_,2.785µm
_01492_,2.785µm
_01496_,2.785µm
_01521_,2.785µm
_01554_,2.785µm
_01595_,2.785µm
_01602_,2.785µm
_01603_,2.785µm
_01628_,2.785µm
_01708_,2.785µm
_01738_,2.785µm
_01742_,2.785µm
_01746_,2.785µm
_01750_,2.785µm
_01770_,2.785µm
_01807_,2.785µm
_01816_,2.785µm
_01865_,2.785µm
_01890_,2.785µm
_01969_,2.785µm
_01992_,2.785µm
_01993_,2.785µm
_02000_,2.785µm
_02044_,2.785µm
_02068_,2.785µm
_02076_,2.785µm
_02092_,2.785µm
_02115_,2.785µm
_02137_,2.785µm
_02170_,2.785µm
_02178_,2.785µm
_02265_,2.785µm
_02266_,2.785µm
_02300_,2.785µm
_02396_,2.785µm
_02402_,2.785µm
_02452_,2.785µm
_02476_,2.785µm
_02529_,2.785µm
_02565_,2.785µm
_02596_,2.785µm
_02602_,2.785µm
_02654_,2.785µm
_02703_,2.785µm
_02855_,2.785µm
_02890_,2.785µm
_02896_,2.785µm
_02962_,2.785µm
_03022_,2.785µm
_03030_,2.785µm
_03071_,2.785µm
_03083_,2.785µm
_03093_,2.785µm
_03096_,2.785µm
_03105_,2.785µm
_03115_,2.785µm
_03119_,2.785µm
_03122_,2.785µm
_03139_,2.785µm
_03226_,2.785µm
_03256_,2.785µm
_03267_,2.785µm
_03292_,2.785µm
_03309_,2.785µm
_03327_,2.785µm
_03389_,2.785µm
_03445_,2.785µm
_03455_,2.785µm
_03470_,2.785µm
_03550_,2.785µm
_03559_,2.785µm
_03579_,2.785µm
_03669_,2.785µm
_03673_,2.785µm
_03725_,2.785µm
_03747_,2.785µm
_03775_,2.785µm
_03833_,2.785µm
_03842_,2.785µm
_03846_,2.785µm
_03875_,2.785µm
_03934_,2.785µm
_03946_,2.785µm
_03965_,2.785µm
_04038_,2.785µm
_04050_,2.785µm
_04052_,2.785µm
_04071_,2.785µm
_04155_,2.785µm
_04160_,2.785µm
_04180_,2.785µm
_04230_,2.785µm
_04245_,2.785µm
_04264_,2.785µm
_04361_,2.785µm
_04374_,2.785µm
_04382_,2.785µm
_04447_,2.785µm
_04455_,2.785µm
_04471_,2.785µm
_04521_,2.785µm
_04544_,2.785µm
_04566_,2.785µm
_04590_,2.785µm
_04666_,2.785µm
_04693_,2.785µm
_04694_,2.785µm
_04711_,2.785µm
_04725_,2.785µm
_04813_,2.785µm
_04815_,2.785µm
_04821_,2.785µm
_04833_,2.785µm
_04882_,2.785µm
_04884_,2.785µm
_04890_,2.785µm
_04913_,2.785µm
_04921_,2.785µm
_04926_,2.785µm
_04951_,2.785µm
_04956_,2.785µm
_04958_,2.785µm
_04959_,2.785µm
_04967_,2.785µm
_05274_,2.785µm
_05288_,2.785µm
_05324_,2.785µm
_05362_,2.785µm
_05378_,2.785µm
_05413_,2.785µm
_05415_,2.785µm
_05465_,2.785µm
_05466_,2.785µm
_05467_,2.785µm
_05513_,2.785µm
_05514_,2.785µm
_05518_,2.785µm
_05519_,2.785µm
_05552_,2.785µm
_05570_,2.785µm
_05582_,2.785µm
_05633_,2.785µm
_05715_,2.785µm
_05735_,2.785µm
_05744_,2.785µm
_05761_,2.785µm
_05771_,2.785µm
_05855_,2.785µm
_05875_,2.785µm
_05896_,2.785µm
_05905_,2.785µm
_05924_,2.785µm
_05930_,2.785µm
_05955_,2.785µm
_05972_,2.785µm
_06030_,2.785µm
_06072_,2.785µm
_06117_,2.785µm
_06134_,2.785µm
_06211_,2.785µm
_06225_,2.785µm
_06244_,2.785µm
_06267_,2.785µm
_06281_,2.785µm
_06343_,2.785µm
_06366_,2.785µm
_06381_,2.785µm
_06470_,2.785µm
_01771_,2.765µm
_02405_,2.765µm
_02437_,2.765µm
_04735_,2.765µm
_05987_,2.765µm
_05032_,2.76µm
_05045_,2.76µm
_05048_,2.76µm
_05053_,2.76µm
_05077_,2.76µm
_05102_,2.76µm
_05104_,2.76µm
_05111_,2.76µm
_05115_,2.76µm
_05216_,2.76µm
_05225_,2.76µm
_08132_,2.76µm
_09284_,2.76µm
_09302_,2.76µm
_09716_,2.76µm
_10370_,2.76µm
_10600_,2.76µm
_10680_,2.76µm
_11714_,2.76µm
_12137_,2.76µm
_12594_,2.76µm
_12939_,2.76µm
_13047_,2.76µm
_13901_,2.76µm
_14161_,2.76µm
net1918,2.76µm
net2461,2.76µm
net3754,2.76µm
net3969,2.76µm
net4390,2.76µm
net5460,2.76µm
net5908,2.76µm
_05010_,2.74µm
_05083_,2.74µm
_05132_,2.74µm
_05134_,2.74µm
_05138_,2.74µm
_05144_,2.74µm
_05152_,2.74µm
_05190_,2.74µm
_05193_,2.74µm
_05207_,2.74µm
_05219_,2.74µm
_05226_,2.74µm
_06435_,2.74µm
_06444_,2.74µm
_06445_,2.74µm
_06459_,2.74µm
_06476_,2.74µm
_06494_,2.74µm
_06533_,2.74µm
_06541_,2.74µm
_06579_,2.74µm
_06581_,2.74µm
_06610_,2.74µm
_06626_,2.74µm
_06661_,2.74µm
_06703_,2.74µm
_06724_,2.74µm
_06795_,2.74µm
_08970_,2.74µm
_10116_,2.74µm
_10856_,2.74µm
_10945_,2.74µm
_12980_,2.74µm
_13208_,2.74µm
_14117_,2.74µm
u_accel.actm\[66\]\[5\],2.74µm
u_accel.imem\[57\]\[0\],2.74µm
u_accel.wfc\[132\]\[6\],2.74µm
net2980,2.74µm
net3693,2.74µm
net5235,2.74µm
net6099,2.74µm
_05009_,2.72µm
_08371_,2.72µm
_10072_,2.72µm
_11603_,2.72µm
_13638_,2.72µm
_13902_,2.72µm
_13908_,2.72µm
net774,2.72µm
_00058_,2.715µm
_00153_,2.715µm
_00176_,2.715µm
_00209_,2.715µm
_00224_,2.715µm
_00235_,2.715µm
_00291_,2.715µm
_00331_,2.715µm
_00332_,2.715µm
_00334_,2.715µm
_00411_,2.715µm
_00455_,2.715µm
_00472_,2.715µm
_00480_,2.715µm
_00524_,2.715µm
_00575_,2.715µm
_00624_,2.715µm
_00663_,2.715µm
_00664_,2.715µm
_00706_,2.715µm
_00756_,2.715µm
_00959_,2.715µm
_00997_,2.715µm
_01047_,2.715µm
_01068_,2.715µm
_01085_,2.715µm
_01219_,2.715µm
_01230_,2.715µm
_01335_,2.715µm
_01462_,2.715µm
_01465_,2.715µm
_01510_,2.715µm
_01519_,2.715µm
_01531_,2.715µm
_01543_,2.715µm
_01594_,2.715µm
_01654_,2.715µm
_01703_,2.715µm
_01731_,2.715µm
_01782_,2.715µm
_01977_,2.715µm
_02197_,2.715µm
_02223_,2.715µm
_02255_,2.715µm
_02345_,2.715µm
_02346_,2.715µm
_02350_,2.715µm
_02390_,2.715µm
_02419_,2.715µm
_02677_,2.715µm
_02753_,2.715µm
_02777_,2.715µm
_02781_,2.715µm
_02859_,2.715µm
_02901_,2.715µm
_02953_,2.715µm
_02963_,2.715µm
_02999_,2.715µm
_03007_,2.715µm
_03025_,2.715µm
_03039_,2.715µm
_03150_,2.715µm
_03240_,2.715µm
_03340_,2.715µm
_03369_,2.715µm
_03392_,2.715µm
_03450_,2.715µm
_03516_,2.715µm
_03690_,2.715µm
_03693_,2.715µm
_03768_,2.715µm
_03784_,2.715µm
_03904_,2.715µm
_03936_,2.715µm
_04033_,2.715µm
_04067_,2.715µm
_04105_,2.715µm
_04123_,2.715µm
_04152_,2.715µm
_04156_,2.715µm
_04163_,2.715µm
_04201_,2.715µm
_04273_,2.715µm
_04305_,2.715µm
_04309_,2.715µm
_04329_,2.715µm
_04404_,2.715µm
_04453_,2.715µm
_04501_,2.715µm
_04603_,2.715µm
_04703_,2.715µm
_04706_,2.715µm
_04774_,2.715µm
_04839_,2.715µm
_04962_,2.715µm
_04966_,2.715µm
_05279_,2.715µm
_05298_,2.715µm
_05316_,2.715µm
_05349_,2.715µm
_05372_,2.715µm
_05483_,2.715µm
_05581_,2.715µm
_05727_,2.715µm
_05829_,2.715µm
_05876_,2.715µm
_05953_,2.715µm
_05998_,2.715µm
_06008_,2.715µm
_06028_,2.715µm
_06368_,2.715µm
_06401_,2.715µm
_11821_,2.675µm
_01747_,2.665µm
_02017_,2.665µm
_02280_,2.665µm
_04218_,2.665µm
_04516_,2.665µm
_05107_,2.665µm
_05338_,2.665µm
_05602_,2.665µm
_05059_,2.64µm
_06617_,2.64µm
_07867_,2.64µm
_07994_,2.64µm
_09265_,2.64µm
_09596_,2.64µm
_10831_,2.64µm
_10925_,2.64µm
_12335_,2.64µm
_12762_,2.64µm
net464,2.64µm
_04975_,2.62µm
_05011_,2.62µm
_05012_,2.62µm
_05015_,2.62µm
_05033_,2.62µm
_05050_,2.62µm
_05052_,2.62µm
_05067_,2.62µm
_05089_,2.62µm
_05106_,2.62µm
_05137_,2.62µm
_05237_,2.62µm
_06441_,2.62µm
_06454_,2.62µm
_06543_,2.62µm
_06556_,2.62µm
_06577_,2.62µm
_06597_,2.62µm
_06684_,2.62µm
_06730_,2.62µm
_06734_,2.62µm
_06738_,2.62µm
_06769_,2.62µm
_07878_,2.62µm
_08394_,2.62µm
_08439_,2.62µm
_08474_,2.62µm
_08549_,2.62µm
_08586_,2.62µm
_09452_,2.62µm
_09722_,2.62µm
_09732_,2.62µm
_09877_,2.62µm
_09896_,2.62µm
_10194_,2.62µm
_10196_,2.62µm
_10529_,2.62µm
_10711_,2.62µm
_10774_,2.62µm
_11187_,2.62µm
_11390_,2.62µm
_11678_,2.62µm
_11700_,2.62µm
_11827_,2.62µm
_11842_,2.62µm
_12521_,2.62µm
_12929_,2.62µm
_13235_,2.62µm
u_accel.actm\[66\]\[0\],2.62µm
u_accel.wconv\[2\]\[1\],2.62µm
u_accel.wfc\[14\]\[1\],2.62µm
u_accel.wfc\[182\]\[6\],2.62µm
u_accel.wfc\[22\]\[3\],2.62µm
u_accel.wfc\[54\]\[0\],2.62µm
u_accel.wfc\[78\]\[2\],2.62µm
u_csr.output_addr_o\[11\],2.62µm
net2559,2.62µm
net2787,2.62µm
net2800,2.62µm
net2812,2.62µm
net2903,2.62µm
net3760,2.62µm
net3943,2.62µm
net4554,2.62µm
net4660,2.62µm
net4915,2.62µm
net5061,2.62µm
net5200,2.62µm
net5251,2.62µm
net5368,2.62µm
net5478,2.62µm
net5484,2.62µm
net5508,2.62µm
net5883,2.62µm
net6103,2.62µm
_00276_,2.595µm
_00549_,2.595µm
_00605_,2.595µm
_00911_,2.595µm
_00964_,2.595µm
_01008_,2.595µm
_01013_,2.595µm
_01087_,2.595µm
_01429_,2.595µm
_01685_,2.595µm
_01769_,2.595µm
_01825_,2.595µm
_02021_,2.595µm
_02024_,2.595µm
_02147_,2.595µm
_02398_,2.595µm
_03066_,2.595µm
_03582_,2.595µm
_04006_,2.595µm
_04313_,2.595µm
_04493_,2.595µm
_04513_,2.595µm
_04624_,2.595µm
_04651_,2.595µm
_04683_,2.595µm
_04729_,2.595µm
_05457_,2.595µm
_05493_,2.595µm
_05796_,2.595µm
_05878_,2.595µm
_00231_,2.585µm
_00373_,2.585µm
_00434_,2.585µm
_00529_,2.585µm
_00572_,2.585µm
_00761_,2.585µm
_00812_,2.585µm
_00814_,2.585µm
_00922_,2.585µm
_01020_,2.585µm
_01161_,2.585µm
_01287_,2.585µm
_01497_,2.585µm
_01585_,2.585µm
_01587_,2.585µm
_01989_,2.585µm
_02052_,2.585µm
_02232_,2.585µm
_02233_,2.585µm
_02362_,2.585µm
_02387_,2.585µm
_02434_,2.585µm
_02542_,2.585µm
_02563_,2.585µm
_02619_,2.585µm
_02668_,2.585µm
_02918_,2.585µm
_02959_,2.585µm
_03016_,2.585µm
_03167_,2.585µm
_03295_,2.585µm
_03427_,2.585µm
_03496_,2.585µm
_03844_,2.585µm
_03917_,2.585µm
_04202_,2.585µm
_04364_,2.585µm
_04379_,2.585µm
_04508_,2.585µm
_04687_,2.585µm
_04704_,2.585µm
_05272_,2.585µm
_05304_,2.585µm
_05315_,2.585µm
_05538_,2.585µm
_05606_,2.585µm
_05654_,2.585µm
_05836_,2.585µm
_05859_,2.585µm
_05861_,2.585µm
_06029_,2.585µm
_06071_,2.585µm
_06139_,2.585µm
_06200_,2.585µm
_06266_,2.585µm
_13108_,2.55µm
_00026_,2.545µm
_00052_,2.545µm
_00137_,2.545µm
_00210_,2.545µm
_00216_,2.545µm
_00233_,2.545µm
_00241_,2.545µm
_00267_,2.545µm
_00275_,2.545µm
_00341_,2.545µm
_00369_,2.545µm
_00372_,2.545µm
_00412_,2.545µm
_00523_,2.545µm
_00654_,2.545µm
_00658_,2.545µm
_00669_,2.545µm
_00711_,2.545µm
_00735_,2.545µm
_00823_,2.545µm
_00860_,2.545µm
_00884_,2.545µm
_00886_,2.545µm
_00888_,2.545µm
_00904_,2.545µm
_00916_,2.545µm
_00925_,2.545µm
_00988_,2.545µm
_00999_,2.545µm
_01019_,2.545µm
_01021_,2.545µm
_01032_,2.545µm
_01036_,2.545µm
_01039_,2.545µm
_01061_,2.545µm
_01092_,2.545µm
_01118_,2.545µm
_01124_,2.545µm
_01137_,2.545µm
_01155_,2.545µm
_01165_,2.545µm
_01206_,2.545µm
_01211_,2.545µm
_01233_,2.545µm
_01239_,2.545µm
_01284_,2.545µm
_01309_,2.545µm
_01313_,2.545µm
_01316_,2.545µm
_01360_,2.545µm
_01369_,2.545µm
_01381_,2.545µm
_01406_,2.545µm
_01412_,2.545µm
_01458_,2.545µm
_01488_,2.545µm
_01561_,2.545µm
_01586_,2.545µm
_01590_,2.545µm
_01612_,2.545µm
_01618_,2.545µm
_01653_,2.545µm
_01723_,2.545µm
_01741_,2.545µm
_01784_,2.545µm
_01833_,2.545µm
_01850_,2.545µm
_01861_,2.545µm
_01876_,2.545µm
_01881_,2.545µm
_01947_,2.545µm
_01949_,2.545µm
_01963_,2.545µm
_02001_,2.545µm
_02004_,2.545µm
_02019_,2.545µm
_02028_,2.545µm
_02037_,2.545µm
_02038_,2.545µm
_02109_,2.545µm
_02117_,2.545µm
_02156_,2.545µm
_02181_,2.545µm
_02186_,2.545µm
_02187_,2.545µm
_02199_,2.545µm
_02207_,2.545µm
_02231_,2.545µm
_02262_,2.545µm
_02342_,2.545µm
_02353_,2.545µm
_02358_,2.545µm
_02612_,2.545µm
_02626_,2.545µm
_02642_,2.545µm
_02659_,2.545µm
_02690_,2.545µm
_02694_,2.545µm
_02764_,2.545µm
_02785_,2.545µm
_02795_,2.545µm
_02803_,2.545µm
_02862_,2.545µm
_02869_,2.545µm
_02872_,2.545µm
_03031_,2.545µm
_03033_,2.545µm
_03041_,2.545µm
_03090_,2.545µm
_03146_,2.545µm
_03174_,2.545µm
_03179_,2.545µm
_03189_,2.545µm
_03219_,2.545µm
_03231_,2.545µm
_03237_,2.545µm
_03244_,2.545µm
_03336_,2.545µm
_03375_,2.545µm
_03385_,2.545µm
_03388_,2.545µm
_03421_,2.545µm
_03441_,2.545µm
_03452_,2.545µm
_03530_,2.545µm
_03538_,2.545µm
_03543_,2.545µm
_03572_,2.545µm
_03583_,2.545µm
_03618_,2.545µm
_03622_,2.545µm
_03645_,2.545µm
_03648_,2.545µm
_03664_,2.545µm
_03679_,2.545µm
_03683_,2.545µm
_03687_,2.545µm
_03734_,2.545µm
_03761_,2.545µm
_03787_,2.545µm
_03807_,2.545µm
_03829_,2.545µm
_03837_,2.545µm
_03849_,2.545µm
_03873_,2.545µm
_03895_,2.545µm
_03935_,2.545µm
_03949_,2.545µm
_03979_,2.545µm
_03989_,2.545µm
_04065_,2.545µm
_04068_,2.545µm
_04119_,2.545µm
_04131_,2.545µm
_04178_,2.545µm
_04179_,2.545µm
_04198_,2.545µm
_04228_,2.545µm
_04240_,2.545µm
_04244_,2.545µm
_04247_,2.545µm
_04254_,2.545µm
_04293_,2.545µm
_04314_,2.545µm
_04324_,2.545µm
_04350_,2.545µm
_04360_,2.545µm
_04362_,2.545µm
_04384_,2.545µm
_04385_,2.545µm
_04412_,2.545µm
_04467_,2.545µm
_04469_,2.545µm
_04470_,2.545µm
_04530_,2.545µm
_04570_,2.545µm
_04636_,2.545µm
_04645_,2.545µm
_04707_,2.545µm
_04737_,2.545µm
_04744_,2.545µm
_04757_,2.545µm
_04794_,2.545µm
_04796_,2.545µm
_04857_,2.545µm
_04863_,2.545µm
_04895_,2.545µm
_04912_,2.545µm
_04928_,2.545µm
_05276_,2.545µm
_05410_,2.545µm
_05420_,2.545µm
_05462_,2.545µm
_05476_,2.545µm
_05487_,2.545µm
_05510_,2.545µm
_05525_,2.545µm
_05526_,2.545µm
_05563_,2.545µm
_05610_,2.545µm
_05616_,2.545µm
_05623_,2.545µm
_05648_,2.545µm
_05655_,2.545µm
_05721_,2.545µm
_05750_,2.545µm
_05779_,2.545µm
_05781_,2.545µm
_05808_,2.545µm
_05823_,2.545µm
_05824_,2.545µm
_05844_,2.545µm
_05867_,2.545µm
_05887_,2.545µm
_05911_,2.545µm
_05935_,2.545µm
_05981_,2.545µm
_05990_,2.545µm
_06039_,2.545µm
_06080_,2.545µm
_06099_,2.545µm
_06120_,2.545µm
_06142_,2.545µm
_06230_,2.545µm
_06257_,2.545µm
_06263_,2.545µm
_06337_,2.545µm
_06361_,2.545µm
_06377_,2.545µm
_06380_,2.545µm
_06966_,2.53µm
_00430_,2.52µm
_01397_,2.52µm
_02425_,2.52µm
_02547_,2.52µm
_02985_,2.52µm
_03890_,2.52µm
_03927_,2.52µm
_03997_,2.52µm
_04185_,2.52µm
_06297_,2.52µm
_08383_,2.52µm
_09837_,2.52µm
_12278_,2.52µm
_13003_,2.52µm
_14192_,2.52µm
net68,2.52µm
_11851_,2.505µm
_12794_,2.505µm
_00009_,2.5µm
_05206_,2.5µm
_06468_,2.5µm
_06693_,2.5µm
_07868_,2.5µm
_07972_,2.5µm
_08009_,2.5µm
_08031_,2.5µm
_08858_,2.5µm
_08996_,2.5µm
_09087_,2.5µm
_09100_,2.5µm
_09151_,2.5µm
_09230_,2.5µm
_09649_,2.5µm
_09728_,2.5µm
_09846_,2.5µm
_09920_,2.5µm
_10005_,2.5µm
_10517_,2.5µm
_10676_,2.5µm
_10837_,2.5µm
_10872_,2.5µm
_11328_,2.5µm
_11449_,2.5µm
_11464_,2.5µm
_11515_,2.5µm
_11874_,2.5µm
_12023_,2.5µm
_12056_,2.5µm
_12070_,2.5µm
_12269_,2.5µm
_12309_,2.5µm
_12603_,2.5µm
_12959_,2.5µm
_12964_,2.5µm
_13112_,2.5µm
_13966_,2.5µm
_14158_,2.5µm
net593,2.5µm
net611,2.5µm
net1576,2.5µm
net1644,2.5µm
net2749,2.5µm
net3064,2.5µm
net3595,2.5µm
net4229,2.5µm
net4592,2.5µm
_00215_,2.495µm
_01280_,2.495µm
_01638_,2.495µm
_01712_,2.495µm
_02269_,2.495µm
_02295_,2.495µm
_04847_,2.495µm
_05612_,2.495µm
_05712_,2.495µm
_05927_,2.495µm
_06003_,2.495µm
_06364_,2.495µm
_13339_,2.43µm
_08900_,2.4µm
_09853_,2.4µm
_10014_,2.4µm
_10233_,2.4µm
_10706_,2.4µm
_13363_,2.4µm
net135,2.4µm
net765,2.4µm
net872,2.4µm
net1103,2.4µm
net2203,2.4µm
net2738,2.4µm
net2831,2.4µm
net3214,2.4µm
net3559,2.4µm
net3847,2.4µm
net4430,2.4µm
net4475,2.4µm
net4734,2.4µm
net5030,2.4µm
net5090,2.4µm
net5095,2.4µm
net5170,2.4µm
net5303,2.4µm
net5452,2.4µm
net5625,2.4µm
net6034,2.4µm
net6098,2.4µm
_04826_,2.38µm
_06515_,2.38µm
_06555_,2.38µm
_06655_,2.38µm
_09917_,2.38µm
_12533_,2.38µm
_00064_,2.375µm
_00088_,2.375µm
_00297_,2.375µm
_00427_,2.375µm
_00458_,2.375µm
_00460_,2.375µm
_00546_,2.375µm
_00577_,2.375µm
_00641_,2.375µm
_00645_,2.375µm
_00734_,2.375µm
_00817_,2.375µm
_00921_,2.375µm
_00963_,2.375µm
_01098_,2.375µm
_01115_,2.375µm
_01116_,2.375µm
_01119_,2.375µm
_01307_,2.375µm
_01342_,2.375µm
_01629_,2.375µm
_01674_,2.375µm
_01724_,2.375µm
_01729_,2.375µm
_01744_,2.375µm
_01898_,2.375µm
_01905_,2.375µm
_01928_,2.375µm
_01981_,2.375µm
_02200_,2.375µm
_02227_,2.375µm
_02294_,2.375µm
_02314_,2.375µm
_02318_,2.375µm
_02393_,2.375µm
_02453_,2.375µm
_02465_,2.375µm
_02491_,2.375µm
_02598_,2.375µm
_02638_,2.375µm
_02652_,2.375µm
_02672_,2.375µm
_02678_,2.375µm
_02813_,2.375µm
_02881_,2.375µm
_02891_,2.375µm
_02931_,2.375µm
_03049_,2.375µm
_03094_,2.375µm
_03141_,2.375µm
_03149_,2.375µm
_03181_,2.375µm
_03193_,2.375µm
_03217_,2.375µm
_03241_,2.375µm
_03264_,2.375µm
_03300_,2.375µm
_03319_,2.375µm
_03592_,2.375µm
_03612_,2.375µm
_03686_,2.375µm
_03731_,2.375µm
_03732_,2.375µm
_03791_,2.375µm
_03817_,2.375µm
_03858_,2.375µm
_03859_,2.375µm
_03919_,2.375µm
_04100_,2.375µm
_04168_,2.375µm
_04206_,2.375µm
_04272_,2.375µm
_04533_,2.375µm
_04675_,2.375µm
_04865_,2.375µm
_04888_,2.375µm
_05296_,2.375µm
_05336_,2.375µm
_05379_,2.375µm
_05388_,2.375µm
_05430_,2.375µm
_05437_,2.375µm
_05471_,2.375µm
_05480_,2.375µm
_05511_,2.375µm
_05713_,2.375µm
_05734_,2.375µm
_05843_,2.375µm
_05890_,2.375µm
_05894_,2.375µm
_05916_,2.375µm
_06083_,2.375µm
_06149_,2.375µm
_06171_,2.375µm
_06242_,2.375µm
_06268_,2.375µm
_06270_,2.375µm
_06362_,2.375µm
_06895_,2.345µm
_00057_,2.325µm
_00062_,2.325µm
_00096_,2.325µm
_00099_,2.325µm
_00126_,2.325µm
_00134_,2.325µm
_00161_,2.325µm
_00171_,2.325µm
_00193_,2.325µm
_00204_,2.325µm
_00212_,2.325µm
_00232_,2.325µm
_00263_,2.325µm
_00270_,2.325µm
_00281_,2.325µm
_00285_,2.325µm
_00288_,2.325µm
_00290_,2.325µm
_00333_,2.325µm
_00337_,2.325µm
_00342_,2.325µm
_00358_,2.325µm
_00366_,2.325µm
_00368_,2.325µm
_00374_,2.325µm
_00399_,2.325µm
_00406_,2.325µm
_00432_,2.325µm
_00441_,2.325µm
_00465_,2.325µm
_00467_,2.325µm
_00478_,2.325µm
_00488_,2.325µm
_00502_,2.325µm
_00526_,2.325µm
_00538_,2.325µm
_00542_,2.325µm
_00613_,2.325µm
_00623_,2.325µm
_00634_,2.325µm
_00647_,2.325µm
_00650_,2.325µm
_00655_,2.325µm
_00675_,2.325µm
_00676_,2.325µm
_00679_,2.325µm
_00692_,2.325µm
_00695_,2.325µm
_00741_,2.325µm
_00813_,2.325µm
_00846_,2.325µm
_00848_,2.325µm
_00851_,2.325µm
_00856_,2.325µm
_00861_,2.325µm
_00863_,2.325µm
_00864_,2.325µm
_00874_,2.325µm
_00893_,2.325µm
_00902_,2.325µm
_00960_,2.325µm
_00996_,2.325µm
_01028_,2.325µm
_01048_,2.325µm
_01105_,2.325µm
_01108_,2.325µm
_01164_,2.325µm
_01184_,2.325µm
_01209_,2.325µm
_01229_,2.325µm
_01232_,2.325µm
_01249_,2.325µm
_01250_,2.325µm
_01258_,2.325µm
_01288_,2.325µm
_01301_,2.325µm
_01315_,2.325µm
_01332_,2.325µm
_01366_,2.325µm
_01384_,2.325µm
_01387_,2.325µm
_01494_,2.325µm
_01516_,2.325µm
_01533_,2.325µm
_01557_,2.325µm
_01591_,2.325µm
_01597_,2.325µm
_01611_,2.325µm
_01623_,2.325µm
_01627_,2.325µm
_01630_,2.325µm
_01668_,2.325µm
_01672_,2.325µm
_01691_,2.325µm
_01695_,2.325µm
_01705_,2.325µm
_01714_,2.325µm
_01739_,2.325µm
_01810_,2.325µm
_01837_,2.325µm
_01867_,2.325µm
_01884_,2.325µm
_01896_,2.325µm
_01971_,2.325µm
_01972_,2.325µm
_01980_,2.325µm
_01983_,2.325µm
_01986_,2.325µm
_01997_,2.325µm
_01998_,2.325µm
_02005_,2.325µm
_02007_,2.325µm
_02033_,2.325µm
_02070_,2.325µm
_02083_,2.325µm
_02086_,2.325µm
_02093_,2.325µm
_02104_,2.325µm
_02106_,2.325µm
_02142_,2.325µm
_02190_,2.325µm
_02211_,2.325µm
_02219_,2.325µm
_02238_,2.325µm
_02241_,2.325µm
_02249_,2.325µm
_02319_,2.325µm
_02344_,2.325µm
_02379_,2.325µm
_02380_,2.325µm
_02391_,2.325µm
_02399_,2.325µm
_02409_,2.325µm
_02442_,2.325µm
_02454_,2.325µm
_02459_,2.325µm
_02462_,2.325µm
_02467_,2.325µm
_02470_,2.325µm
_02480_,2.325µm
_02516_,2.325µm
_02522_,2.325µm
_02527_,2.325µm
_02533_,2.325µm
_02548_,2.325µm
_02560_,2.325µm
_02586_,2.325µm
_02593_,2.325µm
_02594_,2.325µm
_02625_,2.325µm
_02633_,2.325µm
_02636_,2.325µm
_02646_,2.325µm
_02675_,2.325µm
_02676_,2.325µm
_02731_,2.325µm
_02732_,2.325µm
_02744_,2.325µm
_02749_,2.325µm
_02757_,2.325µm
_02767_,2.325µm
_02771_,2.325µm
_02779_,2.325µm
_02783_,2.325µm
_02794_,2.325µm
_02815_,2.325µm
_02838_,2.325µm
_02851_,2.325µm
_02852_,2.325µm
_02853_,2.325µm
_02854_,2.325µm
_02860_,2.325µm
_02873_,2.325µm
_02875_,2.325µm
_02928_,2.325µm
_02949_,2.325µm
_02964_,2.325µm
_02972_,2.325µm
_02973_,2.325µm
_03014_,2.325µm
_03027_,2.325µm
_03029_,2.325µm
_03035_,2.325µm
_03053_,2.325µm
_03064_,2.325µm
_03081_,2.325µm
_03089_,2.325µm
_03103_,2.325µm
_03129_,2.325µm
_03132_,2.325µm
_03151_,2.325µm
_03159_,2.325µm
_03203_,2.325µm
_03239_,2.325µm
_03242_,2.325µm
_03253_,2.325µm
_03261_,2.325µm
_03274_,2.325µm
_03293_,2.325µm
_03386_,2.325µm
_03391_,2.325µm
_03394_,2.325µm
_03410_,2.325µm
_03419_,2.325µm
_03451_,2.325µm
_03515_,2.325µm
_03522_,2.325µm
_03542_,2.325µm
_03555_,2.325µm
_03562_,2.325µm
_03567_,2.325µm
_03574_,2.325µm
_03575_,2.325µm
_03586_,2.325µm
_03594_,2.325µm
_03665_,2.325µm
_03698_,2.325µm
_03701_,2.325µm
_03709_,2.325µm
_03740_,2.325µm
_03748_,2.325µm
_03766_,2.325µm
_03773_,2.325µm
_03793_,2.325µm
_03802_,2.325µm
_03809_,2.325µm
_03810_,2.325µm
_03812_,2.325µm
_03823_,2.325µm
_03843_,2.325µm
_03851_,2.325µm
_03852_,2.325µm
_03857_,2.325µm
_03864_,2.325µm
_03885_,2.325µm
_03903_,2.325µm
_03909_,2.325µm
_03945_,2.325µm
_03948_,2.325µm
_03951_,2.325µm
_03956_,2.325µm
_04026_,2.325µm
_04029_,2.325µm
_04047_,2.325µm
_04055_,2.325µm
_04059_,2.325µm
_04089_,2.325µm
_04094_,2.325µm
_04111_,2.325µm
_04158_,2.325µm
_04174_,2.325µm
_04224_,2.325µm
_04225_,2.325µm
_04232_,2.325µm
_04253_,2.325µm
_04274_,2.325µm
_04327_,2.325µm
_04330_,2.325µm
_04333_,2.325µm
_04381_,2.325µm
_04395_,2.325µm
_04402_,2.325µm
_04407_,2.325µm
_04419_,2.325µm
_04425_,2.325µm
_04443_,2.325µm
_04492_,2.325µm
_04540_,2.325µm
_04567_,2.325µm
_04575_,2.325µm
_04596_,2.325µm
_04619_,2.325µm
_04632_,2.325µm
_04635_,2.325µm
_04640_,2.325µm
_04669_,2.325µm
_04670_,2.325µm
_04674_,2.325µm
_04677_,2.325µm
_04755_,2.325µm
_04761_,2.325µm
_04768_,2.325µm
_04776_,2.325µm
_04806_,2.325µm
_04808_,2.325µm
_04809_,2.325µm
_04841_,2.325µm
_04843_,2.325µm
_04851_,2.325µm
_04854_,2.325µm
_04855_,2.325µm
_04869_,2.325µm
_04872_,2.325µm
_04892_,2.325µm
_04918_,2.325µm
_04919_,2.325µm
_04927_,2.325µm
_04961_,2.325µm
_05278_,2.325µm
_05292_,2.325µm
_05307_,2.325µm
_05326_,2.325µm
_05344_,2.325µm
_05358_,2.325µm
_05364_,2.325µm
_05370_,2.325µm
_05400_,2.325µm
_05414_,2.325µm
_05469_,2.325µm
_05470_,2.325µm
_05490_,2.325µm
_05497_,2.325µm
_05498_,2.325µm
_05501_,2.325µm
_05502_,2.325µm
_05535_,2.325µm
_05536_,2.325µm
_05543_,2.325µm
_05545_,2.325µm
_05562_,2.325µm
_05573_,2.325µm
_05588_,2.325µm
_05618_,2.325µm
_05619_,2.325µm
_05628_,2.325µm
_05629_,2.325µm
_05643_,2.325µm
_05672_,2.325µm
_05711_,2.325µm
_05714_,2.325µm
_05725_,2.325µm
_05740_,2.325µm
_05742_,2.325µm
_05748_,2.325µm
_05775_,2.325µm
_05792_,2.325µm
_05802_,2.325µm
_05810_,2.325µm
_05820_,2.325µm
_05831_,2.325µm
_05862_,2.325µm
_05863_,2.325µm
_05872_,2.325µm
_05885_,2.325µm
_05903_,2.325µm
_05908_,2.325µm
_05933_,2.325µm
_05941_,2.325µm
_05960_,2.325µm
_05974_,2.325µm
_05982_,2.325µm
_05983_,2.325µm
_05986_,2.325µm
_06004_,2.325µm
_06007_,2.325µm
_06010_,2.325µm
_06014_,2.325µm
_06021_,2.325µm
_06037_,2.325µm
_06069_,2.325µm
_06086_,2.325µm
_06093_,2.325µm
_06100_,2.325µm
_06116_,2.325µm
_06118_,2.325µm
_06122_,2.325µm
_06147_,2.325µm
_06166_,2.325µm
_06178_,2.325µm
_06186_,2.325µm
_06190_,2.325µm
_06199_,2.325µm
_06224_,2.325µm
_06232_,2.325µm
_06235_,2.325µm
_06254_,2.325µm
_06275_,2.325µm
_06289_,2.325µm
_06304_,2.325µm
_06309_,2.325µm
_06317_,2.325µm
_06318_,2.325µm
_06329_,2.325µm
_06379_,2.325µm
_06385_,2.325µm
_06398_,2.325µm
_06671_,2.305µm
_00001_,2.3µm
_00004_,2.3µm
_05013_,2.3µm
_05039_,2.3µm
_05056_,2.3µm
_05098_,2.3µm
_05108_,2.3µm
_06619_,2.3µm
_06630_,2.3µm
_06689_,2.3µm
_07773_,2.3µm
_08411_,2.3µm
_08467_,2.3µm
_08522_,2.3µm
_09297_,2.3µm
_09865_,2.3µm
_10241_,2.3µm
_10333_,2.3µm
_10712_,2.3µm
_10714_,2.3µm
_10751_,2.3µm
_10839_,2.3µm
_11069_,2.3µm
_11197_,2.3µm
_11703_,2.3µm
_11979_,2.3µm
_13469_,2.3µm
_13652_,2.3µm
net501,2.3µm
net997,2.3µm
net2575,2.3µm
net3005,2.3µm
_05034_,2.28µm
_05036_,2.28µm
_05066_,2.28µm
_05068_,2.28µm
_05109_,2.28µm
_05114_,2.28µm
_05128_,2.28µm
_05140_,2.28µm
_05162_,2.28µm
_05208_,2.28µm
_06422_,2.28µm
_06462_,2.28µm
_06467_,2.28µm
_06482_,2.28µm
_06509_,2.28µm
_06550_,2.28µm
_06584_,2.28µm
_06589_,2.28µm
_06616_,2.28µm
_06635_,2.28µm
_06659_,2.28µm
_06714_,2.28µm
_06732_,2.28µm
_06741_,2.28µm
_08168_,2.28µm
_08735_,2.28µm
_10514_,2.28µm
_10881_,2.28µm
_12139_,2.28µm
u_accel.imem\[60\]\[1\],2.28µm
_00085_,2.255µm
_00086_,2.255µm
_00087_,2.255µm
_00621_,2.255µm
_00635_,2.255µm
_00638_,2.255µm
_00682_,2.255µm
_00685_,2.255µm
_00687_,2.255µm
_00815_,2.255µm
_00965_,2.255µm
_01030_,2.255µm
_01084_,2.255µm
_01511_,2.255µm
_01563_,2.255µm
_02146_,2.255µm
_02259_,2.255µm
_02734_,2.255µm
_02816_,2.255µm
_02841_,2.255µm
_03126_,2.255µm
_03169_,2.255µm
_03208_,2.255µm
_03282_,2.255µm
_03290_,2.255µm
_03449_,2.255µm
_03465_,2.255µm
_03630_,2.255µm
_03644_,2.255µm
_03730_,2.255µm
_03762_,2.255µm
_03838_,2.255µm
_04066_,2.255µm
_04343_,2.255µm
_04378_,2.255µm
_04460_,2.255µm
_04490_,2.255µm
_04495_,2.255µm
_04601_,2.255µm
_04644_,2.255µm
_04698_,2.255µm
_04946_,2.255µm
_04964_,2.255µm
_05463_,2.255µm
_05757_,2.255µm
_14168_,2.215µm
_01868_,2.205µm
_05257_,2.205µm
_06757_,2.195µm
_06640_,2.185µm
_05043_,2.18µm
_07808_,2.18µm
_12922_,2.18µm
_12144_,2.165µm
_00012_,2.16µm
_04973_,2.16µm
_05047_,2.16µm
_05064_,2.16µm
_05065_,2.16µm
_05094_,2.16µm
_05095_,2.16µm
_05117_,2.16µm
_05121_,2.16µm
_05172_,2.16µm
_05233_,2.16µm
_05236_,2.16µm
_05240_,2.16µm
_05248_,2.16µm
_05261_,2.16µm
_05263_,2.16µm
_06424_,2.16µm
_06485_,2.16µm
_06489_,2.16µm
_06498_,2.16µm
_06511_,2.16µm
_06517_,2.16µm
_06549_,2.16µm
_06552_,2.16µm
_06554_,2.16µm
_06557_,2.16µm
_06559_,2.16µm
_06594_,2.16µm
_06596_,2.16µm
_06636_,2.16µm
_06643_,2.16µm
_06672_,2.16µm
_06679_,2.16µm
_06726_,2.16µm
_06740_,2.16µm
_06751_,2.16µm
_06752_,2.16µm
_06761_,2.16µm
_06763_,2.16µm
_06767_,2.16µm
_06780_,2.16µm
_07793_,2.16µm
_07942_,2.16µm
_08000_,2.16µm
_08065_,2.16µm
_08301_,2.16µm
_08556_,2.16µm
_08792_,2.16µm
_08965_,2.16µm
_08972_,2.16µm
_08976_,2.16µm
_09292_,2.16µm
_09736_,2.16µm
_10319_,2.16µm
_10686_,2.16µm
_10693_,2.16µm
_10968_,2.16µm
_11524_,2.16µm
_11535_,2.16µm
_12166_,2.16µm
_12199_,2.16µm
_12596_,2.16µm
_12892_,2.16µm
_13021_,2.16µm
_13027_,2.16µm
_13170_,2.16µm
_13534_,2.16µm
axi_acc_we,2.16µm
net2462,2.16µm
net3018,2.16µm
net3063,2.16µm
net4054,2.16µm
net4105,2.16µm
net4420,2.16µm
net5361,2.16µm
net5882,2.16µm
_05345_,2.145µm
_00169_,2.125µm
_00301_,2.125µm
_00382_,2.125µm
_00454_,2.125µm
_00588_,2.125µm
_00653_,2.125µm
_00745_,2.125µm
_00753_,2.125µm
_00774_,2.125µm
_00870_,2.125µm
_00971_,2.125µm
_00976_,2.125µm
_01054_,2.125µm
_01120_,2.125µm
_01130_,2.125µm
_01193_,2.125µm
_01199_,2.125µm
_01208_,2.125µm
_01243_,2.125µm
_01283_,2.125µm
_01459_,2.125µm
_01470_,2.125µm
_01565_,2.125µm
_01566_,2.125µm
_01567_,2.125µm
_01601_,2.125µm
_01644_,2.125µm
_01719_,2.125µm
_01798_,2.125µm
_01811_,2.125µm
_01826_,2.125µm
_01853_,2.125µm
_01987_,2.125µm
_02251_,2.125µm
_02317_,2.125µm
_02407_,2.125µm
_02439_,2.125µm
_02507_,2.125µm
_02508_,2.125µm
_02569_,2.125µm
_02588_,2.125µm
_02614_,2.125µm
_02669_,2.125µm
_02684_,2.125µm
_02776_,2.125µm
_02868_,2.125µm
_02943_,2.125µm
_02998_,2.125µm
_03074_,2.125µm
_03086_,2.125µm
_03127_,2.125µm
_03164_,2.125µm
_03218_,2.125µm
_03254_,2.125µm
_03481_,2.125µm
_03621_,2.125µm
_03637_,2.125µm
_03684_,2.125µm
_03720_,2.125µm
_03870_,2.125µm
_03916_,2.125µm
_03972_,2.125µm
_04085_,2.125µm
_04129_,2.125µm
_04189_,2.125µm
_04627_,2.125µm
_04660_,2.125µm
_04680_,2.125µm
_04739_,2.125µm
_04905_,2.125µm
_05285_,2.125µm
_05318_,2.125µm
_05359_,2.125µm
_05403_,2.125µm
_05404_,2.125µm
_05408_,2.125µm
_05421_,2.125µm
_05455_,2.125µm
_05523_,2.125µm
_05585_,2.125µm
_05589_,2.125µm
_05632_,2.125µm
_05678_,2.125µm
_05695_,2.125µm
_05749_,2.125µm
_05763_,2.125µm
_05798_,2.125µm
_05833_,2.125µm
_05906_,2.125µm
_06013_,2.125µm
_06045_,2.125µm
_06152_,2.125µm
_06154_,2.125µm
_06187_,2.125µm
_06250_,2.125µm
_06274_,2.125µm
_06352_,2.125µm
_06358_,2.125µm
_08341_,2.11µm
_00047_,2.085µm
_00048_,2.085µm
_00053_,2.085µm
_00054_,2.085µm
_00055_,2.085µm
_00177_,2.085µm
_00344_,2.085µm
_00421_,2.085µm
_00574_,2.085µm
_00724_,2.085µm
_00757_,2.085µm
_00811_,2.085µm
_00820_,2.085µm
_00829_,2.085µm
_00909_,2.085µm
_01031_,2.085µm
_01052_,2.085µm
_01053_,2.085µm
_01063_,2.085µm
_01094_,2.085µm
_01215_,2.085µm
_01234_,2.085µm
_01246_,2.085µm
_01338_,2.085µm
_01401_,2.085µm
_01530_,2.085µm
_01642_,2.085µm
_01666_,2.085µm
_01677_,2.085µm
_01775_,2.085µm
_01813_,2.085µm
_01858_,2.085µm
_01902_,2.085µm
_01955_,2.085µm
_01962_,2.085µm
_01970_,2.085µm
_01976_,2.085µm
_02048_,2.085µm
_02049_,2.085µm
_02050_,2.085µm
_02205_,2.085µm
_02206_,2.085µm
_02354_,2.085µm
_02374_,2.085µm
_02420_,2.085µm
_02428_,2.085µm
_02430_,2.085µm
_02489_,2.085µm
_02502_,2.085µm
_02520_,2.085µm
_02630_,2.085µm
_02688_,2.085µm
_02692_,2.085µm
_02745_,2.085µm
_02761_,2.085µm
_02793_,2.085µm
_02799_,2.085µm
_02800_,2.085µm
_02808_,2.085µm
_02935_,2.085µm
_02975_,2.085µm
_03044_,2.085µm
_03069_,2.085µm
_03078_,2.085µm
_03161_,2.085µm
_03269_,2.085µm
_03498_,2.085µm
_03719_,2.085µm
_03770_,2.085µm
_04077_,2.085µm
_04099_,2.085µm
_04177_,2.085µm
_04258_,2.085µm
_04316_,2.085µm
_04317_,2.085µm
_04429_,2.085µm
_04461_,2.085µm
_04532_,2.085µm
_04593_,2.085µm
_04620_,2.085µm
_04688_,2.085µm
_04702_,2.085µm
_04743_,2.085µm
_04751_,2.085µm
_04835_,2.085µm
_05354_,2.085µm
_05423_,2.085µm
_05450_,2.085µm
_05600_,2.085µm
_05730_,2.085µm
_05747_,2.085µm
_05788_,2.085µm
_05794_,2.085µm
_05850_,2.085µm
_06047_,2.085µm
_06131_,2.085µm
_06141_,2.085µm
_06167_,2.085µm
_06231_,2.085µm
_06279_,2.085µm
_06396_,2.085µm
_12325_,2.06µm
_12368_,2.06µm
_05060_,2.04µm
_06658_,2.04µm
_07787_,2.04µm
_08306_,2.04µm
_08387_,2.04µm
_09086_,2.04µm
_09383_,2.04µm
_09420_,2.04µm
_09541_,2.04µm
_09867_,2.04µm
_09995_,2.04µm
_10341_,2.04µm
_10390_,2.04µm
_10536_,2.04µm
_10647_,2.04µm
_10658_,2.04µm
_10832_,2.04µm
_11365_,2.04µm
_11903_,2.04µm
_11963_,2.04µm
_12336_,2.04µm
_12370_,2.04µm
_12394_,2.04µm
_12704_,2.04µm
_12796_,2.04µm
net971,2.04µm
net1480,2.04µm
net1639,2.04µm
net1906,2.04µm
net2777,2.04µm
_00967_,2.035µm
_00981_,2.035µm
_05385_,2.035µm
_06322_,2.035µm
_06784_,2.005µm
_08836_,1.94µm
_08959_,1.94µm
_09974_,1.94µm
_12020_,1.94µm
net351,1.94µm
net568,1.94µm
net798,1.94µm
net950,1.94µm
net1099,1.94µm
net1105,1.94µm
net1245,1.94µm
net1402,1.94µm
net1997,1.94µm
net2448,1.94µm
net2603,1.94µm
net2721,1.94µm
net2890,1.94µm
net2988,1.94µm
net3115,1.94µm
net3247,1.94µm
net3354,1.94µm
net3444,1.94µm
net3452,1.94µm
net3524,1.94µm
net3611,1.94µm
net4043,1.94µm
net4425,1.94µm
net4583,1.94µm
net4768,1.94µm
net5301,1.94µm
net5367,1.94µm
net5423,1.94µm
net5538,1.94µm
net5857,1.94µm
net5902,1.94µm
net6047,1.94µm
net6049,1.94µm
_00440_,1.915µm
_01099_,1.915µm
_01452_,1.915µm
_01777_,1.915µm
_02152_,1.915µm
_02214_,1.915µm
_02371_,1.915µm
_02416_,1.915µm
_02490_,1.915µm
_02772_,1.915µm
_03518_,1.915µm
_04271_,1.915µm
_04891_,1.915µm
_05542_,1.915µm
_06324_,1.915µm
_00049_,1.865µm
_00081_,1.865µm
_00103_,1.865µm
_00152_,1.865µm
_00165_,1.865µm
_00168_,1.865µm
_00219_,1.865µm
_00222_,1.865µm
_00229_,1.865µm
_00240_,1.865µm
_00264_,1.865µm
_00277_,1.865µm
_00293_,1.865µm
_00317_,1.865µm
_00321_,1.865µm
_00343_,1.865µm
_00355_,1.865µm
_00359_,1.865µm
_00391_,1.865µm
_00394_,1.865µm
_00419_,1.865µm
_00426_,1.865µm
_00435_,1.865µm
_00493_,1.865µm
_00534_,1.865µm
_00539_,1.865µm
_00565_,1.865µm
_00567_,1.865µm
_00569_,1.865µm
_00576_,1.865µm
_00597_,1.865µm
_00610_,1.865µm
_00714_,1.865µm
_00727_,1.865µm
_00732_,1.865µm
_00770_,1.865µm
_00771_,1.865µm
_00775_,1.865µm
_00805_,1.865µm
_00944_,1.865µm
_00947_,1.865µm
_00948_,1.865µm
_00949_,1.865µm
_00954_,1.865µm
_00955_,1.865µm
_00970_,1.865µm
_00989_,1.865µm
_01002_,1.865µm
_01009_,1.865µm
_01065_,1.865µm
_01082_,1.865µm
_01091_,1.865µm
_01139_,1.865µm
_01153_,1.865µm
_01170_,1.865µm
_01235_,1.865µm
_01237_,1.865µm
_01261_,1.865µm
_01291_,1.865µm
_01294_,1.865µm
_01297_,1.865µm
_01314_,1.865µm
_01324_,1.865µm
_01356_,1.865µm
_01362_,1.865µm
_01391_,1.865µm
_01410_,1.865µm
_01411_,1.865µm
_01446_,1.865µm
_01453_,1.865µm
_01460_,1.865µm
_01474_,1.865µm
_01490_,1.865µm
_01493_,1.865µm
_01505_,1.865µm
_01564_,1.865µm
_01572_,1.865µm
_01575_,1.865µm
_01606_,1.865µm
_01615_,1.865µm
_01616_,1.865µm
_01620_,1.865µm
_01631_,1.865µm
_01652_,1.865µm
_01655_,1.865µm
_01675_,1.865µm
_01725_,1.865µm
_01732_,1.865µm
_01748_,1.865µm
_01776_,1.865µm
_01779_,1.865µm
_01786_,1.865µm
_01787_,1.865µm
_01795_,1.865µm
_01797_,1.865µm
_01808_,1.865µm
_01842_,1.865µm
_01851_,1.865µm
_01964_,1.865µm
_01978_,1.865µm
_01988_,1.865µm
_02010_,1.865µm
_02011_,1.865µm
_02051_,1.865µm
_02055_,1.865µm
_02078_,1.865µm
_02098_,1.865µm
_02100_,1.865µm
_02103_,1.865µm
_02111_,1.865µm
_02121_,1.865µm
_02123_,1.865µm
_02127_,1.865µm
_02131_,1.865µm
_02157_,1.865µm
_02160_,1.865µm
_02185_,1.865µm
_02216_,1.865µm
_02218_,1.865µm
_02222_,1.865µm
_02225_,1.865µm
_02260_,1.865µm
_02275_,1.865µm
_02291_,1.865µm
_02333_,1.865µm
_02335_,1.865µm
_02357_,1.865µm
_02360_,1.865µm
_02377_,1.865µm
_02381_,1.865µm
_02397_,1.865µm
_02498_,1.865µm
_02509_,1.865µm
_02511_,1.865µm
_02521_,1.865µm
_02525_,1.865µm
_02535_,1.865µm
_02550_,1.865µm
_02589_,1.865µm
_02590_,1.865µm
_02615_,1.865µm
_02624_,1.865µm
_02647_,1.865µm
_02686_,1.865µm
_02695_,1.865µm
_02704_,1.865µm
_02705_,1.865µm
_02743_,1.865µm
_02748_,1.865µm
_02770_,1.865µm
_02774_,1.865µm
_02821_,1.865µm
_02822_,1.865µm
_02824_,1.865µm
_02827_,1.865µm
_02863_,1.865µm
_02892_,1.865µm
_02898_,1.865µm
_02920_,1.865µm
_02940_,1.865µm
_02941_,1.865µm
_02967_,1.865µm
_02986_,1.865µm
_02990_,1.865µm
_03036_,1.865µm
_03042_,1.865µm
_03052_,1.865µm
_03076_,1.865µm
_03088_,1.865µm
_03095_,1.865µm
_03116_,1.865µm
_03136_,1.865µm
_03170_,1.865µm
_03175_,1.865µm
_03177_,1.865µm
_03222_,1.865µm
_03262_,1.865µm
_03289_,1.865µm
_03376_,1.865µm
_03384_,1.865µm
_03400_,1.865µm
_03411_,1.865µm
_03412_,1.865µm
_03423_,1.865µm
_03447_,1.865µm
_03535_,1.865µm
_03563_,1.865µm
_03566_,1.865µm
_03581_,1.865µm
_03614_,1.865µm
_03628_,1.865µm
_03652_,1.865µm
_03674_,1.865µm
_03728_,1.865µm
_03739_,1.865µm
_03783_,1.865µm
_03814_,1.865µm
_03815_,1.865µm
_03824_,1.865µm
_03854_,1.865µm
_03872_,1.865µm
_03883_,1.865µm
_03918_,1.865µm
_03931_,1.865µm
_03944_,1.865µm
_03953_,1.865µm
_03966_,1.865µm
_03982_,1.865µm
_03986_,1.865µm
_03995_,1.865µm
_04007_,1.865µm
_04019_,1.865µm
_04024_,1.865µm
_04027_,1.865µm
_04034_,1.865µm
_04070_,1.865µm
_04149_,1.865µm
_04166_,1.865µm
_04167_,1.865µm
_04226_,1.865µm
_04285_,1.865µm
_04290_,1.865µm
_04296_,1.865µm
_04380_,1.865µm
_04466_,1.865µm
_04515_,1.865µm
_04529_,1.865µm
_04542_,1.865µm
_04559_,1.865µm
_04573_,1.865µm
_04598_,1.865µm
_04662_,1.865µm
_04668_,1.865µm
_04681_,1.865µm
_04684_,1.865µm
_04738_,1.865µm
_04740_,1.865µm
_04748_,1.865µm
_04763_,1.865µm
_04822_,1.865µm
_04823_,1.865µm
_04824_,1.865µm
_04827_,1.865µm
_04829_,1.865µm
_04880_,1.865µm
_04889_,1.865µm
_04937_,1.865µm
_05294_,1.865µm
_05325_,1.865µm
_05333_,1.865µm
_05351_,1.865µm
_05373_,1.865µm
_05376_,1.865µm
_05380_,1.865µm
_05399_,1.865µm
_05418_,1.865µm
_05431_,1.865µm
_05438_,1.865µm
_05452_,1.865µm
_05475_,1.865µm
_05488_,1.865µm
_05549_,1.865µm
_05565_,1.865µm
_05601_,1.865µm
_05621_,1.865µm
_05622_,1.865µm
_05636_,1.865µm
_05651_,1.865µm
_05666_,1.865µm
_05676_,1.865µm
_05704_,1.865µm
_05722_,1.865µm
_05724_,1.865µm
_05731_,1.865µm
_05751_,1.865µm
_05752_,1.865µm
_05776_,1.865µm
_05784_,1.865µm
_05793_,1.865µm
_05795_,1.865µm
_05803_,1.865µm
_05805_,1.865µm
_05842_,1.865µm
_05846_,1.865µm
_05848_,1.865µm
_05884_,1.865µm
_05889_,1.865µm
_05914_,1.865µm
_05918_,1.865µm
_05925_,1.865µm
_05939_,1.865µm
_05950_,1.865µm
_05970_,1.865µm
_05996_,1.865µm
_06020_,1.865µm
_06033_,1.865µm
_06061_,1.865µm
_06062_,1.865µm
_06067_,1.865µm
_06074_,1.865µm
_06115_,1.865µm
_06124_,1.865µm
_06126_,1.865µm
_06143_,1.865µm
_06173_,1.865µm
_06179_,1.865µm
_06220_,1.865µm
_06280_,1.865µm
_06286_,1.865µm
_06292_,1.865µm
_06301_,1.865µm
_06310_,1.865µm
_06354_,1.865µm
_06382_,1.865µm
_06395_,1.865µm
_06778_,1.845µm
_06632_,1.84µm
_08157_,1.84µm
_08979_,1.84µm
_09748_,1.84µm
_10230_,1.84µm
_11840_,1.84µm
_12197_,1.84µm
_12333_,1.84µm
_12343_,1.84µm
_12863_,1.84µm
_05044_,1.82µm
_05054_,1.82µm
_05055_,1.82µm
_05058_,1.82µm
_05062_,1.82µm
_05078_,1.82µm
_05093_,1.82µm
_05103_,1.82µm
_05120_,1.82µm
_05133_,1.82µm
_05198_,1.82µm
_05202_,1.82µm
_05214_,1.82µm
_05217_,1.82µm
_05227_,1.82µm
_05229_,1.82µm
_05234_,1.82µm
_05250_,1.82µm
_06477_,1.82µm
_06490_,1.82µm
_06502_,1.82µm
_06505_,1.82µm
_06508_,1.82µm
_06528_,1.82µm
_06536_,1.82µm
_06538_,1.82µm
_06565_,1.82µm
_06588_,1.82µm
_06591_,1.82µm
_06599_,1.82µm
_06602_,1.82µm
_06613_,1.82µm
_06627_,1.82µm
_06631_,1.82µm
_06644_,1.82µm
_06651_,1.82µm
_06694_,1.82µm
_06725_,1.82µm
_06739_,1.82µm
_06759_,1.82µm
_06772_,1.82µm
_06774_,1.82µm
_06808_,1.82µm
_08067_,1.82µm
_10158_,1.82µm
_11334_,1.82µm
_11884_,1.82µm
_12660_,1.82µm
net4239,1.82µm
_06982_,1.8µm
_01212_,1.745µm
_01541_,1.745µm
_06847_,1.72µm
_10062_,1.72µm
_11758_,1.72µm
_13053_,1.72µm
_13697_,1.72µm
_00014_,1.7µm
_04991_,1.7µm
_05042_,1.7µm
_05123_,1.7µm
_05124_,1.7µm
_05171_,1.7µm
_05203_,1.7µm
_05247_,1.7µm
_06428_,1.7µm
_06569_,1.7µm
_06573_,1.7µm
_06666_,1.7µm
_06667_,1.7µm
_06695_,1.7µm
_06733_,1.7µm
_06753_,1.7µm
_06756_,1.7µm
_06771_,1.7µm
_06851_,1.7µm
_06963_,1.7µm
_07917_,1.7µm
_09494_,1.7µm
_09575_,1.7µm
_09803_,1.7µm
_10237_,1.7µm
_10667_,1.7µm
_10716_,1.7µm
_10717_,1.7µm
_10878_,1.7µm
_11391_,1.7µm
_12540_,1.7µm
_12587_,1.7µm
_13048_,1.7µm
_13477_,1.7µm
_13496_,1.7µm
_13618_,1.7µm
net3556,1.7µm
net4621,1.7µm
net5085,1.7µm
_00070_,1.575µm
_00106_,1.575µm
_00213_,1.575µm
_00292_,1.575µm
_00395_,1.575µm
_00518_,1.575µm
_00783_,1.575µm
_01204_,1.575µm
_01428_,1.575µm
_01443_,1.575µm
_02025_,1.575µm
_02087_,1.575µm
_02174_,1.575µm
_02201_,1.575µm
_02325_,1.575µm
_02373_,1.575µm
_02417_,1.575µm
_02469_,1.575µm
_02557_,1.575µm
_02609_,1.575µm
_02788_,1.575µm
_02814_,1.575µm
_02910_,1.575µm
_03047_,1.575µm
_03142_,1.575µm
_03287_,1.575µm
_03317_,1.575µm
_03502_,1.575µm
_03631_,1.575µm
_03666_,1.575µm
_03765_,1.575µm
_03869_,1.575µm
_04256_,1.575µm
_04287_,1.575µm
_04391_,1.575µm
_04437_,1.575µm
_04496_,1.575µm
_04556_,1.575µm
_04642_,1.575µm
_04715_,1.575µm
_04834_,1.575µm
_05576_,1.575µm
_05699_,1.575µm
_05915_,1.575µm
_05995_,1.575µm
_06058_,1.575µm
_06181_,1.575µm
_06369_,1.575µm
_05079_,1.545µm
_08912_,1.48µm
_09291_,1.48µm
_09861_,1.48µm
_10183_,1.48µm
_10220_,1.48µm
_10283_,1.48µm
_10485_,1.48µm
_10672_,1.48µm
_11712_,1.48µm
_11869_,1.48µm
_11940_,1.48µm
net646,1.48µm
net1595,1.48µm
net2127,1.48µm
net2877,1.48µm
net3103,1.48µm
net3646,1.48µm
net3788,1.48µm
net3888,1.48µm
net4003,1.48µm
net4048,1.48µm
net4211,1.48µm
net4272,1.48µm
net4767,1.48µm
net4803,1.48µm
net4814,1.48µm
net5064,1.48µm
net5134,1.48µm
net5299,1.48µm
net5353,1.48µm
net5359,1.48µm
net5536,1.48µm
net5547,1.48µm
net5719,1.48µm
net6036,1.48µm
net6084,1.48µm
net6085,1.48µm
net6094,1.48µm
_00038_,1.405µm
_00072_,1.405µm
_00138_,1.405µm
_00181_,1.405µm
_00247_,1.405µm
_00274_,1.405µm
_00910_,1.405µm
_01220_,1.405µm
_01255_,1.405µm
_01321_,1.405µm
_01337_,1.405µm
_01354_,1.405µm
_01445_,1.405µm
_01576_,1.405µm
_01650_,1.405µm
_01715_,1.405µm
_01768_,1.405µm
_01790_,1.405µm
_01835_,1.405µm
_01849_,1.405µm
_01860_,1.405µm
_01872_,1.405µm
_02203_,1.405µm
_02204_,1.405µm
_02286_,1.405µm
_02297_,1.405µm
_02331_,1.405µm
_02432_,1.405µm
_02506_,1.405µm
_02562_,1.405µm
_02592_,1.405µm
_02661_,1.405µm
_02680_,1.405µm
_02693_,1.405µm
_02780_,1.405µm
_02867_,1.405µm
_02951_,1.405µm
_02974_,1.405µm
_02994_,1.405µm
_03010_,1.405µm
_03015_,1.405µm
_03279_,1.405µm
_03285_,1.405µm
_03361_,1.405µm
_03381_,1.405µm
_03444_,1.405µm
_03552_,1.405µm
_03681_,1.405µm
_03707_,1.405µm
_03736_,1.405µm
_03806_,1.405µm
_03860_,1.405µm
_03908_,1.405µm
_03928_,1.405µm
_04091_,1.405µm
_04098_,1.405µm
_04161_,1.405µm
_04162_,1.405µm
_04191_,1.405µm
_04194_,1.405µm
_04248_,1.405µm
_04250_,1.405µm
_04312_,1.405µm
_04365_,1.405µm
_04390_,1.405µm
_04476_,1.405µm
_04606_,1.405µm
_04634_,1.405µm
_04664_,1.405µm
_04747_,1.405µm
_04760_,1.405µm
_04908_,1.405µm
_05268_,1.405µm
_05271_,1.405µm
_05360_,1.405µm
_05541_,1.405µm
_05575_,1.405µm
_05577_,1.405µm
_05614_,1.405µm
_05639_,1.405µm
_05675_,1.405µm
_05708_,1.405µm
_05733_,1.405µm
_05910_,1.405µm
_05959_,1.405µm
_06273_,1.405µm
_06306_,1.405µm
_06372_,1.405µm
_08710_,1.38µm
_08865_,1.38µm
_09681_,1.38µm
_09947_,1.38µm
_10055_,1.38µm
_10479_,1.38µm
_10555_,1.38µm
_11042_,1.38µm
_11084_,1.38µm
_12035_,1.38µm
_12080_,1.38µm
_12985_,1.38µm
_13008_,1.38µm
_13428_,1.38µm
_13603_,1.38µm
_05135_,1.36µm
_05150_,1.36µm
_06426_,1.36µm
_06437_,1.36µm
_06453_,1.36µm
_06458_,1.36µm
_06513_,1.36µm
_06532_,1.36µm
_06562_,1.36µm
_06628_,1.36µm
_06647_,1.36µm
_06654_,1.36µm
_06657_,1.36µm
_06682_,1.36µm
_06692_,1.36µm
_06698_,1.36µm
_06728_,1.36µm
_06743_,1.36µm
_06758_,1.36µm
_06766_,1.36µm
_06768_,1.36µm
_07791_,1.36µm
_09031_,1.36µm
_10294_,1.36µm
_11834_,1.36µm
_10853_,1.265µm
_06843_,1.26µm
_13925_,1.26µm
_06524_,1.085µm
_09372_,1.02µm
_09516_,1.02µm
_12075_,1.02µm
_12217_,1.02µm
net654,1.02µm
net1001,1.02µm
net1200,1.02µm
net2420,1.02µm
net2734,1.02µm
net3318,1.02µm
net4641,1.02µm
net4810,1.02µm
net5201,1.02µm
net5339,1.02µm
_08722_,0.92µm
_08873_,0.92µm
_08920_,0.92µm
_09431_,0.92µm
_09442_,0.92µm
_09890_,0.92µm
_10033_,0.92µm
_10471_,0.92µm
_10591_,0.92µm
_10681_,0.92µm
_11078_,0.92µm
_11366_,0.92µm
_11462_,0.92µm
_12459_,0.92µm
net3711,0.92µm
net5923,0.92µm
_07836_,0.46µm
_09390_,0.46µm
_10406_,0.46µm
net5849,0.46µm
net5861,0.46µm
net5897,0.46µm
net5920,0.46µm
net6012,0.46µm
net6031,0.46µm
