
===========================================================================
report_checks -path_delay max (Setup)
============================================================================
======================= min_ss_100C_1v60 Corner ===================================

Startpoint: u_sram (falling edge-triggered flip-flop clocked by clk_i)
Endpoint: axi_rdata_o[18] (output port clocked by clk_i)
Path Group: clk_i
Path Type: max

Fanout         Cap        Slew       Delay        Time   Description
---------------------------------------------------------------------------------------------
                                 10.000000   10.000000   clock clk_i (fall edge)
                                  0.000000   10.000000   clock source latency
     2    0.071922    0.000000    0.000000   10.000000 v clk_i (in)
                                                         clk_i (net)
                      0.008305    0.004152   10.004152 v clkbuf_0_clk_i/A (sky130_fd_sc_hd__clkbuf_16)
     2    0.036779    0.073748    0.248130   10.252282 v clkbuf_0_clk_i/X (sky130_fd_sc_hd__clkbuf_16)
                                                         clknet_0_clk_i (net)
                      0.073766    0.001132   10.253413 v clkbuf_1_0__f_clk_i/A (sky130_fd_sc_hd__clkbuf_16)
     1    0.060543    0.093474    0.295804   10.549218 v clkbuf_1_0__f_clk_i/X (sky130_fd_sc_hd__clkbuf_16)
                                                         clknet_1_0__leaf_clk_i (net)
                      0.129325    0.013999   10.563217 v u_sram/clk0 (sky130_sram_1kbyte_1rw1r_32x256_8)
     1    0.009656    0.006472    0.383520   10.946737 ^ u_sram/dout0[18] (sky130_sram_1kbyte_1rw1r_32x256_8)
                                                         axi_rdata_o[18] (net)
                      0.004854    0.000091   10.946828 ^ axi_rdata_o[18] (out)
                                             10.946828   data arrival time

                                 20.000000   20.000000   clock clk_i (rise edge)
                                  0.000000   20.000000   clock network delay (propagated)
                                 -0.250000   19.750002   clock uncertainty
                                  0.000000   19.750002   clock reconvergence pessimism
                                 -2.000000   17.750002   output external delay
                                             17.750002   data required time
---------------------------------------------------------------------------------------------
                                             17.750002   data required time
                                            -10.946828   data arrival time
---------------------------------------------------------------------------------------------
                                              6.803174   slack (MET)


Startpoint: u_sram (falling edge-triggered flip-flop clocked by clk_i)
Endpoint: axi_rdata_o[20] (output port clocked by clk_i)
Path Group: clk_i
Path Type: max

Fanout         Cap        Slew       Delay        Time   Description
---------------------------------------------------------------------------------------------
                                 10.000000   10.000000   clock clk_i (fall edge)
                                  0.000000   10.000000   clock source latency
     2    0.071922    0.000000    0.000000   10.000000 v clk_i (in)
                                                         clk_i (net)
                      0.008305    0.004152   10.004152 v clkbuf_0_clk_i/A (sky130_fd_sc_hd__clkbuf_16)
     2    0.036779    0.073748    0.248130   10.252282 v clkbuf_0_clk_i/X (sky130_fd_sc_hd__clkbuf_16)
                                                         clknet_0_clk_i (net)
                      0.073766    0.001132   10.253413 v clkbuf_1_0__f_clk_i/A (sky130_fd_sc_hd__clkbuf_16)
     1    0.060543    0.093474    0.295804   10.549218 v clkbuf_1_0__f_clk_i/X (sky130_fd_sc_hd__clkbuf_16)
                                                         clknet_1_0__leaf_clk_i (net)
                      0.129325    0.013999   10.563217 v u_sram/clk0 (sky130_sram_1kbyte_1rw1r_32x256_8)
     1    0.009158    0.006207    0.380726   10.943943 ^ u_sram/dout0[20] (sky130_sram_1kbyte_1rw1r_32x256_8)
                                                         axi_rdata_o[20] (net)
                      0.004655    0.000085   10.944028 ^ axi_rdata_o[20] (out)
                                             10.944028   data arrival time

                                 20.000000   20.000000   clock clk_i (rise edge)
                                  0.000000   20.000000   clock network delay (propagated)
                                 -0.250000   19.750002   clock uncertainty
                                  0.000000   19.750002   clock reconvergence pessimism
                                 -2.000000   17.750002   output external delay
                                             17.750002   data required time
---------------------------------------------------------------------------------------------
                                             17.750002   data required time
                                            -10.944028   data arrival time
---------------------------------------------------------------------------------------------
                                              6.805973   slack (MET)


Startpoint: u_sram (falling edge-triggered flip-flop clocked by clk_i)
Endpoint: axi_rdata_o[10] (output port clocked by clk_i)
Path Group: clk_i
Path Type: max

Fanout         Cap        Slew       Delay        Time   Description
---------------------------------------------------------------------------------------------
                                 10.000000   10.000000   clock clk_i (fall edge)
                                  0.000000   10.000000   clock source latency
     2    0.071922    0.000000    0.000000   10.000000 v clk_i (in)
                                                         clk_i (net)
                      0.008305    0.004152   10.004152 v clkbuf_0_clk_i/A (sky130_fd_sc_hd__clkbuf_16)
     2    0.036779    0.073748    0.248130   10.252282 v clkbuf_0_clk_i/X (sky130_fd_sc_hd__clkbuf_16)
                                                         clknet_0_clk_i (net)
                      0.073766    0.001132   10.253413 v clkbuf_1_0__f_clk_i/A (sky130_fd_sc_hd__clkbuf_16)
     1    0.060543    0.093474    0.295804   10.549218 v clkbuf_1_0__f_clk_i/X (sky130_fd_sc_hd__clkbuf_16)
                                                         clknet_1_0__leaf_clk_i (net)
                      0.129325    0.013999   10.563217 v u_sram/clk0 (sky130_sram_1kbyte_1rw1r_32x256_8)
     1    0.009009    0.006128    0.379891   10.943108 ^ u_sram/dout0[10] (sky130_sram_1kbyte_1rw1r_32x256_8)
                                                         axi_rdata_o[10] (net)
                      0.004596    0.000083   10.943191 ^ axi_rdata_o[10] (out)
                                             10.943191   data arrival time

                                 20.000000   20.000000   clock clk_i (rise edge)
                                  0.000000   20.000000   clock network delay (propagated)
                                 -0.250000   19.750002   clock uncertainty
                                  0.000000   19.750002   clock reconvergence pessimism
                                 -2.000000   17.750002   output external delay
                                             17.750002   data required time
---------------------------------------------------------------------------------------------
                                             17.750002   data required time
                                            -10.943191   data arrival time
---------------------------------------------------------------------------------------------
                                              6.806810   slack (MET)


Startpoint: u_sram (falling edge-triggered flip-flop clocked by clk_i)
Endpoint: axi_rdata_o[3] (output port clocked by clk_i)
Path Group: clk_i
Path Type: max

Fanout         Cap        Slew       Delay        Time   Description
---------------------------------------------------------------------------------------------
                                 10.000000   10.000000   clock clk_i (fall edge)
                                  0.000000   10.000000   clock source latency
     2    0.071922    0.000000    0.000000   10.000000 v clk_i (in)
                                                         clk_i (net)
                      0.008305    0.004152   10.004152 v clkbuf_0_clk_i/A (sky130_fd_sc_hd__clkbuf_16)
     2    0.036779    0.073748    0.248130   10.252282 v clkbuf_0_clk_i/X (sky130_fd_sc_hd__clkbuf_16)
                                                         clknet_0_clk_i (net)
                      0.073766    0.001132   10.253413 v clkbuf_1_0__f_clk_i/A (sky130_fd_sc_hd__clkbuf_16)
     1    0.060543    0.093474    0.295804   10.549218 v clkbuf_1_0__f_clk_i/X (sky130_fd_sc_hd__clkbuf_16)
                                                         clknet_1_0__leaf_clk_i (net)
                      0.129325    0.013999   10.563217 v u_sram/clk0 (sky130_sram_1kbyte_1rw1r_32x256_8)
     1    0.008572    0.005895    0.377440   10.940658 ^ u_sram/dout0[3] (sky130_sram_1kbyte_1rw1r_32x256_8)
                                                         axi_rdata_o[3] (net)
                      0.004421    0.000078   10.940736 ^ axi_rdata_o[3] (out)
                                             10.940736   data arrival time

                                 20.000000   20.000000   clock clk_i (rise edge)
                                  0.000000   20.000000   clock network delay (propagated)
                                 -0.250000   19.750002   clock uncertainty
                                  0.000000   19.750002   clock reconvergence pessimism
                                 -2.000000   17.750002   output external delay
                                             17.750002   data required time
---------------------------------------------------------------------------------------------
                                             17.750002   data required time
                                            -10.940736   data arrival time
---------------------------------------------------------------------------------------------
                                              6.809265   slack (MET)


Startpoint: u_sram (falling edge-triggered flip-flop clocked by clk_i)
Endpoint: axi_rdata_o[4] (output port clocked by clk_i)
Path Group: clk_i
Path Type: max

Fanout         Cap        Slew       Delay        Time   Description
---------------------------------------------------------------------------------------------
                                 10.000000   10.000000   clock clk_i (fall edge)
                                  0.000000   10.000000   clock source latency
     2    0.071922    0.000000    0.000000   10.000000 v clk_i (in)
                                                         clk_i (net)
                      0.008305    0.004152   10.004152 v clkbuf_0_clk_i/A (sky130_fd_sc_hd__clkbuf_16)
     2    0.036779    0.073748    0.248130   10.252282 v clkbuf_0_clk_i/X (sky130_fd_sc_hd__clkbuf_16)
                                                         clknet_0_clk_i (net)
                      0.073766    0.001132   10.253413 v clkbuf_1_0__f_clk_i/A (sky130_fd_sc_hd__clkbuf_16)
     1    0.060543    0.093474    0.295804   10.549218 v clkbuf_1_0__f_clk_i/X (sky130_fd_sc_hd__clkbuf_16)
                                                         clknet_1_0__leaf_clk_i (net)
                      0.129325    0.013999   10.563217 v u_sram/clk0 (sky130_sram_1kbyte_1rw1r_32x256_8)
     1    0.008529    0.005872    0.377198   10.940415 ^ u_sram/dout0[4] (sky130_sram_1kbyte_1rw1r_32x256_8)
                                                         axi_rdata_o[4] (net)
                      0.004404    0.000077   10.940493 ^ axi_rdata_o[4] (out)
                                             10.940493   data arrival time

                                 20.000000   20.000000   clock clk_i (rise edge)
                                  0.000000   20.000000   clock network delay (propagated)
                                 -0.250000   19.750002   clock uncertainty
                                  0.000000   19.750002   clock reconvergence pessimism
                                 -2.000000   17.750002   output external delay
                                             17.750002   data required time
---------------------------------------------------------------------------------------------
                                             17.750002   data required time
                                            -10.940493   data arrival time
---------------------------------------------------------------------------------------------
                                              6.809509   slack (MET)


Startpoint: u_sram (falling edge-triggered flip-flop clocked by clk_i)
Endpoint: axi_rdata_o[6] (output port clocked by clk_i)
Path Group: clk_i
Path Type: max

Fanout         Cap        Slew       Delay        Time   Description
---------------------------------------------------------------------------------------------
                                 10.000000   10.000000   clock clk_i (fall edge)
                                  0.000000   10.000000   clock source latency
     2    0.071922    0.000000    0.000000   10.000000 v clk_i (in)
                                                         clk_i (net)
                      0.008305    0.004152   10.004152 v clkbuf_0_clk_i/A (sky130_fd_sc_hd__clkbuf_16)
     2    0.036779    0.073748    0.248130   10.252282 v clkbuf_0_clk_i/X (sky130_fd_sc_hd__clkbuf_16)
                                                         clknet_0_clk_i (net)
                      0.073766    0.001132   10.253413 v clkbuf_1_0__f_clk_i/A (sky130_fd_sc_hd__clkbuf_16)
     1    0.060543    0.093474    0.295804   10.549218 v clkbuf_1_0__f_clk_i/X (sky130_fd_sc_hd__clkbuf_16)
                                                         clknet_1_0__leaf_clk_i (net)
                      0.129325    0.013999   10.563217 v u_sram/clk0 (sky130_sram_1kbyte_1rw1r_32x256_8)
     1    0.008529    0.005872    0.377201   10.940418 ^ u_sram/dout0[6] (sky130_sram_1kbyte_1rw1r_32x256_8)
                                                         axi_rdata_o[6] (net)
                      0.004404    0.000077   10.940495 ^ axi_rdata_o[6] (out)
                                             10.940495   data arrival time

                                 20.000000   20.000000   clock clk_i (rise edge)
                                  0.000000   20.000000   clock network delay (propagated)
                                 -0.250000   19.750002   clock uncertainty
                                  0.000000   19.750002   clock reconvergence pessimism
                                 -2.000000   17.750002   output external delay
                                             17.750002   data required time
---------------------------------------------------------------------------------------------
                                             17.750002   data required time
                                            -10.940495   data arrival time
---------------------------------------------------------------------------------------------
                                              6.809506   slack (MET)


Startpoint: u_sram (falling edge-triggered flip-flop clocked by clk_i)
Endpoint: axi_rdata_o[8] (output port clocked by clk_i)
Path Group: clk_i
Path Type: max

Fanout         Cap        Slew       Delay        Time   Description
---------------------------------------------------------------------------------------------
                                 10.000000   10.000000   clock clk_i (fall edge)
                                  0.000000   10.000000   clock source latency
     2    0.071922    0.000000    0.000000   10.000000 v clk_i (in)
                                                         clk_i (net)
                      0.008305    0.004152   10.004152 v clkbuf_0_clk_i/A (sky130_fd_sc_hd__clkbuf_16)
     2    0.036779    0.073748    0.248130   10.252282 v clkbuf_0_clk_i/X (sky130_fd_sc_hd__clkbuf_16)
                                                         clknet_0_clk_i (net)
                      0.073766    0.001132   10.253413 v clkbuf_1_0__f_clk_i/A (sky130_fd_sc_hd__clkbuf_16)
     1    0.060543    0.093474    0.295804   10.549218 v clkbuf_1_0__f_clk_i/X (sky130_fd_sc_hd__clkbuf_16)
                                                         clknet_1_0__leaf_clk_i (net)
                      0.129325    0.013999   10.563217 v u_sram/clk0 (sky130_sram_1kbyte_1rw1r_32x256_8)
     1    0.008527    0.005871    0.377189   10.940406 ^ u_sram/dout0[8] (sky130_sram_1kbyte_1rw1r_32x256_8)
                                                         axi_rdata_o[8] (net)
                      0.004404    0.000077   10.940483 ^ axi_rdata_o[8] (out)
                                             10.940483   data arrival time

                                 20.000000   20.000000   clock clk_i (rise edge)
                                  0.000000   20.000000   clock network delay (propagated)
                                 -0.250000   19.750002   clock uncertainty
                                  0.000000   19.750002   clock reconvergence pessimism
                                 -2.000000   17.750002   output external delay
                                             17.750002   data required time
---------------------------------------------------------------------------------------------
                                             17.750002   data required time
                                            -10.940483   data arrival time
---------------------------------------------------------------------------------------------
                                              6.809517   slack (MET)


Startpoint: u_sram (falling edge-triggered flip-flop clocked by clk_i)
Endpoint: axi_rdata_o[5] (output port clocked by clk_i)
Path Group: clk_i
Path Type: max

Fanout         Cap        Slew       Delay        Time   Description
---------------------------------------------------------------------------------------------
                                 10.000000   10.000000   clock clk_i (fall edge)
                                  0.000000   10.000000   clock source latency
     2    0.071922    0.000000    0.000000   10.000000 v clk_i (in)
                                                         clk_i (net)
                      0.008305    0.004152   10.004152 v clkbuf_0_clk_i/A (sky130_fd_sc_hd__clkbuf_16)
     2    0.036779    0.073748    0.248130   10.252282 v clkbuf_0_clk_i/X (sky130_fd_sc_hd__clkbuf_16)
                                                         clknet_0_clk_i (net)
                      0.073766    0.001132   10.253413 v clkbuf_1_0__f_clk_i/A (sky130_fd_sc_hd__clkbuf_16)
     1    0.060543    0.093474    0.295804   10.549218 v clkbuf_1_0__f_clk_i/X (sky130_fd_sc_hd__clkbuf_16)
                                                         clknet_1_0__leaf_clk_i (net)
                      0.129325    0.013999   10.563217 v u_sram/clk0 (sky130_sram_1kbyte_1rw1r_32x256_8)
     1    0.008510    0.005862    0.377089   10.940307 ^ u_sram/dout0[5] (sky130_sram_1kbyte_1rw1r_32x256_8)
                                                         axi_rdata_o[5] (net)
                      0.004396    0.000075   10.940382 ^ axi_rdata_o[5] (out)
                                             10.940382   data arrival time

                                 20.000000   20.000000   clock clk_i (rise edge)
                                  0.000000   20.000000   clock network delay (propagated)
                                 -0.250000   19.750002   clock uncertainty
                                  0.000000   19.750002   clock reconvergence pessimism
                                 -2.000000   17.750002   output external delay
                                             17.750002   data required time
---------------------------------------------------------------------------------------------
                                             17.750002   data required time
                                            -10.940382   data arrival time
---------------------------------------------------------------------------------------------
                                              6.809619   slack (MET)


Startpoint: u_sram (falling edge-triggered flip-flop clocked by clk_i)
Endpoint: axi_rdata_o[7] (output port clocked by clk_i)
Path Group: clk_i
Path Type: max

Fanout         Cap        Slew       Delay        Time   Description
---------------------------------------------------------------------------------------------
                                 10.000000   10.000000   clock clk_i (fall edge)
                                  0.000000   10.000000   clock source latency
     2    0.071922    0.000000    0.000000   10.000000 v clk_i (in)
                                                         clk_i (net)
                      0.008305    0.004152   10.004152 v clkbuf_0_clk_i/A (sky130_fd_sc_hd__clkbuf_16)
     2    0.036779    0.073748    0.248130   10.252282 v clkbuf_0_clk_i/X (sky130_fd_sc_hd__clkbuf_16)
                                                         clknet_0_clk_i (net)
                      0.073766    0.001132   10.253413 v clkbuf_1_0__f_clk_i/A (sky130_fd_sc_hd__clkbuf_16)
     1    0.060543    0.093474    0.295804   10.549218 v clkbuf_1_0__f_clk_i/X (sky130_fd_sc_hd__clkbuf_16)
                                                         clknet_1_0__leaf_clk_i (net)
                      0.129325    0.013999   10.563217 v u_sram/clk0 (sky130_sram_1kbyte_1rw1r_32x256_8)
     1    0.008455    0.005833    0.376784   10.940001 ^ u_sram/dout0[7] (sky130_sram_1kbyte_1rw1r_32x256_8)
                                                         axi_rdata_o[7] (net)
                      0.004375    0.000076   10.940078 ^ axi_rdata_o[7] (out)
                                             10.940078   data arrival time

                                 20.000000   20.000000   clock clk_i (rise edge)
                                  0.000000   20.000000   clock network delay (propagated)
                                 -0.250000   19.750002   clock uncertainty
                                  0.000000   19.750002   clock reconvergence pessimism
                                 -2.000000   17.750002   output external delay
                                             17.750002   data required time
---------------------------------------------------------------------------------------------
                                             17.750002   data required time
                                            -10.940078   data arrival time
---------------------------------------------------------------------------------------------
                                              6.809924   slack (MET)


Startpoint: u_sram (falling edge-triggered flip-flop clocked by clk_i)
Endpoint: axi_rdata_o[17] (output port clocked by clk_i)
Path Group: clk_i
Path Type: max

Fanout         Cap        Slew       Delay        Time   Description
---------------------------------------------------------------------------------------------
                                 10.000000   10.000000   clock clk_i (fall edge)
                                  0.000000   10.000000   clock source latency
     2    0.071922    0.000000    0.000000   10.000000 v clk_i (in)
                                                         clk_i (net)
                      0.008305    0.004152   10.004152 v clkbuf_0_clk_i/A (sky130_fd_sc_hd__clkbuf_16)
     2    0.036779    0.073748    0.248130   10.252282 v clkbuf_0_clk_i/X (sky130_fd_sc_hd__clkbuf_16)
                                                         clknet_0_clk_i (net)
                      0.073766    0.001132   10.253413 v clkbuf_1_0__f_clk_i/A (sky130_fd_sc_hd__clkbuf_16)
     1    0.060543    0.093474    0.295804   10.549218 v clkbuf_1_0__f_clk_i/X (sky130_fd_sc_hd__clkbuf_16)
                                                         clknet_1_0__leaf_clk_i (net)
                      0.129325    0.013999   10.563217 v u_sram/clk0 (sky130_sram_1kbyte_1rw1r_32x256_8)
     1    0.008379    0.005792    0.376355   10.939572 ^ u_sram/dout0[17] (sky130_sram_1kbyte_1rw1r_32x256_8)
                                                         axi_rdata_o[17] (net)
                      0.004344    0.000064   10.939636 ^ axi_rdata_o[17] (out)
                                             10.939636   data arrival time

                                 20.000000   20.000000   clock clk_i (rise edge)
                                  0.000000   20.000000   clock network delay (propagated)
                                 -0.250000   19.750002   clock uncertainty
                                  0.000000   19.750002   clock reconvergence pessimism
                                 -2.000000   17.750002   output external delay
                                             17.750002   data required time
---------------------------------------------------------------------------------------------
                                             17.750002   data required time
                                            -10.939636   data arrival time
---------------------------------------------------------------------------------------------
                                              6.810365   slack (MET)


Startpoint: u_sram (falling edge-triggered flip-flop clocked by clk_i)
Endpoint: axi_rdata_o[24] (output port clocked by clk_i)
Path Group: clk_i
Path Type: max

Fanout         Cap        Slew       Delay        Time   Description
---------------------------------------------------------------------------------------------
                                 10.000000   10.000000   clock clk_i (fall edge)
                                  0.000000   10.000000   clock source latency
     2    0.071922    0.000000    0.000000   10.000000 v clk_i (in)
                                                         clk_i (net)
                      0.008305    0.004152   10.004152 v clkbuf_0_clk_i/A (sky130_fd_sc_hd__clkbuf_16)
     2    0.036779    0.073748    0.248130   10.252282 v clkbuf_0_clk_i/X (sky130_fd_sc_hd__clkbuf_16)
                                                         clknet_0_clk_i (net)
                      0.073766    0.001132   10.253413 v clkbuf_1_0__f_clk_i/A (sky130_fd_sc_hd__clkbuf_16)
     1    0.060543    0.093474    0.295804   10.549218 v clkbuf_1_0__f_clk_i/X (sky130_fd_sc_hd__clkbuf_16)
                                                         clknet_1_0__leaf_clk_i (net)
                      0.129325    0.013999   10.563217 v u_sram/clk0 (sky130_sram_1kbyte_1rw1r_32x256_8)
     1    0.008331    0.005767    0.376089   10.939305 ^ u_sram/dout0[24] (sky130_sram_1kbyte_1rw1r_32x256_8)
                                                         axi_rdata_o[24] (net)
                      0.004325    0.000082   10.939387 ^ axi_rdata_o[24] (out)
                                             10.939387   data arrival time

                                 20.000000   20.000000   clock clk_i (rise edge)
                                  0.000000   20.000000   clock network delay (propagated)
                                 -0.250000   19.750002   clock uncertainty
                                  0.000000   19.750002   clock reconvergence pessimism
                                 -2.000000   17.750002   output external delay
                                             17.750002   data required time
---------------------------------------------------------------------------------------------
                                             17.750002   data required time
                                            -10.939387   data arrival time
---------------------------------------------------------------------------------------------
                                              6.810614   slack (MET)


Startpoint: u_sram (falling edge-triggered flip-flop clocked by clk_i)
Endpoint: axi_rdata_o[0] (output port clocked by clk_i)
Path Group: clk_i
Path Type: max

Fanout         Cap        Slew       Delay        Time   Description
---------------------------------------------------------------------------------------------
                                 10.000000   10.000000   clock clk_i (fall edge)
                                  0.000000   10.000000   clock source latency
     2    0.071922    0.000000    0.000000   10.000000 v clk_i (in)
                                                         clk_i (net)
                      0.008305    0.004152   10.004152 v clkbuf_0_clk_i/A (sky130_fd_sc_hd__clkbuf_16)
     2    0.036779    0.073748    0.248130   10.252282 v clkbuf_0_clk_i/X (sky130_fd_sc_hd__clkbuf_16)
                                                         clknet_0_clk_i (net)
                      0.073766    0.001132   10.253413 v clkbuf_1_0__f_clk_i/A (sky130_fd_sc_hd__clkbuf_16)
     1    0.060543    0.093474    0.295804   10.549218 v clkbuf_1_0__f_clk_i/X (sky130_fd_sc_hd__clkbuf_16)
                                                         clknet_1_0__leaf_clk_i (net)
                      0.129325    0.013999   10.563217 v u_sram/clk0 (sky130_sram_1kbyte_1rw1r_32x256_8)
     1    0.008262    0.005730    0.375697   10.938914 ^ u_sram/dout0[0] (sky130_sram_1kbyte_1rw1r_32x256_8)
                                                         axi_rdata_o[0] (net)
                      0.004297    0.000073   10.938987 ^ axi_rdata_o[0] (out)
                                             10.938987   data arrival time

                                 20.000000   20.000000   clock clk_i (rise edge)
                                  0.000000   20.000000   clock network delay (propagated)
                                 -0.250000   19.750002   clock uncertainty
                                  0.000000   19.750002   clock reconvergence pessimism
                                 -2.000000   17.750002   output external delay
                                             17.750002   data required time
---------------------------------------------------------------------------------------------
                                             17.750002   data required time
                                            -10.938987   data arrival time
---------------------------------------------------------------------------------------------
                                              6.811014   slack (MET)


Startpoint: u_sram (falling edge-triggered flip-flop clocked by clk_i)
Endpoint: axi_rdata_o[14] (output port clocked by clk_i)
Path Group: clk_i
Path Type: max

Fanout         Cap        Slew       Delay        Time   Description
---------------------------------------------------------------------------------------------
                                 10.000000   10.000000   clock clk_i (fall edge)
                                  0.000000   10.000000   clock source latency
     2    0.071922    0.000000    0.000000   10.000000 v clk_i (in)
                                                         clk_i (net)
                      0.008305    0.004152   10.004152 v clkbuf_0_clk_i/A (sky130_fd_sc_hd__clkbuf_16)
     2    0.036779    0.073748    0.248130   10.252282 v clkbuf_0_clk_i/X (sky130_fd_sc_hd__clkbuf_16)
                                                         clknet_0_clk_i (net)
                      0.073766    0.001132   10.253413 v clkbuf_1_0__f_clk_i/A (sky130_fd_sc_hd__clkbuf_16)
     1    0.060543    0.093474    0.295804   10.549218 v clkbuf_1_0__f_clk_i/X (sky130_fd_sc_hd__clkbuf_16)
                                                         clknet_1_0__leaf_clk_i (net)
                      0.129325    0.013999   10.563217 v u_sram/clk0 (sky130_sram_1kbyte_1rw1r_32x256_8)
     1    0.008255    0.005726    0.375660   10.938877 ^ u_sram/dout0[14] (sky130_sram_1kbyte_1rw1r_32x256_8)
                                                         axi_rdata_o[14] (net)
                      0.004295    0.000073   10.938950 ^ axi_rdata_o[14] (out)
                                             10.938950   data arrival time

                                 20.000000   20.000000   clock clk_i (rise edge)
                                  0.000000   20.000000   clock network delay (propagated)
                                 -0.250000   19.750002   clock uncertainty
                                  0.000000   19.750002   clock reconvergence pessimism
                                 -2.000000   17.750002   output external delay
                                             17.750002   data required time
---------------------------------------------------------------------------------------------
                                             17.750002   data required time
                                            -10.938950   data arrival time
---------------------------------------------------------------------------------------------
                                              6.811051   slack (MET)


Startpoint: u_sram (falling edge-triggered flip-flop clocked by clk_i)
Endpoint: axi_rdata_o[2] (output port clocked by clk_i)
Path Group: clk_i
Path Type: max

Fanout         Cap        Slew       Delay        Time   Description
---------------------------------------------------------------------------------------------
                                 10.000000   10.000000   clock clk_i (fall edge)
                                  0.000000   10.000000   clock source latency
     2    0.071922    0.000000    0.000000   10.000000 v clk_i (in)
                                                         clk_i (net)
                      0.008305    0.004152   10.004152 v clkbuf_0_clk_i/A (sky130_fd_sc_hd__clkbuf_16)
     2    0.036779    0.073748    0.248130   10.252282 v clkbuf_0_clk_i/X (sky130_fd_sc_hd__clkbuf_16)
                                                         clknet_0_clk_i (net)
                      0.073766    0.001132   10.253413 v clkbuf_1_0__f_clk_i/A (sky130_fd_sc_hd__clkbuf_16)
     1    0.060543    0.093474    0.295804   10.549218 v clkbuf_1_0__f_clk_i/X (sky130_fd_sc_hd__clkbuf_16)
                                                         clknet_1_0__leaf_clk_i (net)
                      0.129325    0.013999   10.563217 v u_sram/clk0 (sky130_sram_1kbyte_1rw1r_32x256_8)
     1    0.008238    0.005717    0.375565   10.938783 ^ u_sram/dout0[2] (sky130_sram_1kbyte_1rw1r_32x256_8)
                                                         axi_rdata_o[2] (net)
                      0.004288    0.000072   10.938854 ^ axi_rdata_o[2] (out)
                                             10.938854   data arrival time

                                 20.000000   20.000000   clock clk_i (rise edge)
                                  0.000000   20.000000   clock network delay (propagated)
                                 -0.250000   19.750002   clock uncertainty
                                  0.000000   19.750002   clock reconvergence pessimism
                                 -2.000000   17.750002   output external delay
                                             17.750002   data required time
---------------------------------------------------------------------------------------------
                                             17.750002   data required time
                                            -10.938854   data arrival time
---------------------------------------------------------------------------------------------
                                              6.811147   slack (MET)


Startpoint: u_sram (falling edge-triggered flip-flop clocked by clk_i)
Endpoint: axi_rdata_o[1] (output port clocked by clk_i)
Path Group: clk_i
Path Type: max

Fanout         Cap        Slew       Delay        Time   Description
---------------------------------------------------------------------------------------------
                                 10.000000   10.000000   clock clk_i (fall edge)
                                  0.000000   10.000000   clock source latency
     2    0.071922    0.000000    0.000000   10.000000 v clk_i (in)
                                                         clk_i (net)
                      0.008305    0.004152   10.004152 v clkbuf_0_clk_i/A (sky130_fd_sc_hd__clkbuf_16)
     2    0.036779    0.073748    0.248130   10.252282 v clkbuf_0_clk_i/X (sky130_fd_sc_hd__clkbuf_16)
                                                         clknet_0_clk_i (net)
                      0.073766    0.001132   10.253413 v clkbuf_1_0__f_clk_i/A (sky130_fd_sc_hd__clkbuf_16)
     1    0.060543    0.093474    0.295804   10.549218 v clkbuf_1_0__f_clk_i/X (sky130_fd_sc_hd__clkbuf_16)
                                                         clknet_1_0__leaf_clk_i (net)
                      0.129325    0.013999   10.563217 v u_sram/clk0 (sky130_sram_1kbyte_1rw1r_32x256_8)
     1    0.008224    0.005710    0.375487   10.938704 ^ u_sram/dout0[1] (sky130_sram_1kbyte_1rw1r_32x256_8)
                                                         axi_rdata_o[1] (net)
                      0.004282    0.000072   10.938776 ^ axi_rdata_o[1] (out)
                                             10.938776   data arrival time

                                 20.000000   20.000000   clock clk_i (rise edge)
                                  0.000000   20.000000   clock network delay (propagated)
                                 -0.250000   19.750002   clock uncertainty
                                  0.000000   19.750002   clock reconvergence pessimism
                                 -2.000000   17.750002   output external delay
                                             17.750002   data required time
---------------------------------------------------------------------------------------------
                                             17.750002   data required time
                                            -10.938776   data arrival time
---------------------------------------------------------------------------------------------
                                              6.811224   slack (MET)


Startpoint: u_sram (falling edge-triggered flip-flop clocked by clk_i)
Endpoint: axi_rdata_o[16] (output port clocked by clk_i)
Path Group: clk_i
Path Type: max

Fanout         Cap        Slew       Delay        Time   Description
---------------------------------------------------------------------------------------------
                                 10.000000   10.000000   clock clk_i (fall edge)
                                  0.000000   10.000000   clock source latency
     2    0.071922    0.000000    0.000000   10.000000 v clk_i (in)
                                                         clk_i (net)
                      0.008305    0.004152   10.004152 v clkbuf_0_clk_i/A (sky130_fd_sc_hd__clkbuf_16)
     2    0.036779    0.073748    0.248130   10.252282 v clkbuf_0_clk_i/X (sky130_fd_sc_hd__clkbuf_16)
                                                         clknet_0_clk_i (net)
                      0.073766    0.001132   10.253413 v clkbuf_1_0__f_clk_i/A (sky130_fd_sc_hd__clkbuf_16)
     1    0.060543    0.093474    0.295804   10.549218 v clkbuf_1_0__f_clk_i/X (sky130_fd_sc_hd__clkbuf_16)
                                                         clknet_1_0__leaf_clk_i (net)
                      0.129325    0.013999   10.563217 v u_sram/clk0 (sky130_sram_1kbyte_1rw1r_32x256_8)
     1    0.008214    0.005705    0.375431   10.938648 ^ u_sram/dout0[16] (sky130_sram_1kbyte_1rw1r_32x256_8)
                                                         axi_rdata_o[16] (net)
                      0.004279    0.000071   10.938720 ^ axi_rdata_o[16] (out)
                                             10.938720   data arrival time

                                 20.000000   20.000000   clock clk_i (rise edge)
                                  0.000000   20.000000   clock network delay (propagated)
                                 -0.250000   19.750002   clock uncertainty
                                  0.000000   19.750002   clock reconvergence pessimism
                                 -2.000000   17.750002   output external delay
                                             17.750002   data required time
---------------------------------------------------------------------------------------------
                                             17.750002   data required time
                                            -10.938720   data arrival time
---------------------------------------------------------------------------------------------
                                              6.811282   slack (MET)


Startpoint: u_sram (falling edge-triggered flip-flop clocked by clk_i)
Endpoint: axi_rdata_o[23] (output port clocked by clk_i)
Path Group: clk_i
Path Type: max

Fanout         Cap        Slew       Delay        Time   Description
---------------------------------------------------------------------------------------------
                                 10.000000   10.000000   clock clk_i (fall edge)
                                  0.000000   10.000000   clock source latency
     2    0.071922    0.000000    0.000000   10.000000 v clk_i (in)
                                                         clk_i (net)
                      0.008305    0.004152   10.004152 v clkbuf_0_clk_i/A (sky130_fd_sc_hd__clkbuf_16)
     2    0.036779    0.073748    0.248130   10.252282 v clkbuf_0_clk_i/X (sky130_fd_sc_hd__clkbuf_16)
                                                         clknet_0_clk_i (net)
                      0.073766    0.001132   10.253413 v clkbuf_1_0__f_clk_i/A (sky130_fd_sc_hd__clkbuf_16)
     1    0.060543    0.093474    0.295804   10.549218 v clkbuf_1_0__f_clk_i/X (sky130_fd_sc_hd__clkbuf_16)
                                                         clknet_1_0__leaf_clk_i (net)
                      0.129325    0.013999   10.563217 v u_sram/clk0 (sky130_sram_1kbyte_1rw1r_32x256_8)
     1    0.007909    0.005542    0.373721   10.936938 ^ u_sram/dout0[23] (sky130_sram_1kbyte_1rw1r_32x256_8)
                                                         axi_rdata_o[23] (net)
                      0.004157    0.000077   10.937016 ^ axi_rdata_o[23] (out)
                                             10.937016   data arrival time

                                 20.000000   20.000000   clock clk_i (rise edge)
                                  0.000000   20.000000   clock network delay (propagated)
                                 -0.250000   19.750002   clock uncertainty
                                  0.000000   19.750002   clock reconvergence pessimism
                                 -2.000000   17.750002   output external delay
                                             17.750002   data required time
---------------------------------------------------------------------------------------------
                                             17.750002   data required time
                                            -10.937016   data arrival time
---------------------------------------------------------------------------------------------
                                              6.812986   slack (MET)


Startpoint: u_sram (falling edge-triggered flip-flop clocked by clk_i)
Endpoint: axi_rdata_o[15] (output port clocked by clk_i)
Path Group: clk_i
Path Type: max

Fanout         Cap        Slew       Delay        Time   Description
---------------------------------------------------------------------------------------------
                                 10.000000   10.000000   clock clk_i (fall edge)
                                  0.000000   10.000000   clock source latency
     2    0.071922    0.000000    0.000000   10.000000 v clk_i (in)
                                                         clk_i (net)
                      0.008305    0.004152   10.004152 v clkbuf_0_clk_i/A (sky130_fd_sc_hd__clkbuf_16)
     2    0.036779    0.073748    0.248130   10.252282 v clkbuf_0_clk_i/X (sky130_fd_sc_hd__clkbuf_16)
                                                         clknet_0_clk_i (net)
                      0.073766    0.001132   10.253413 v clkbuf_1_0__f_clk_i/A (sky130_fd_sc_hd__clkbuf_16)
     1    0.060543    0.093474    0.295804   10.549218 v clkbuf_1_0__f_clk_i/X (sky130_fd_sc_hd__clkbuf_16)
                                                         clknet_1_0__leaf_clk_i (net)
                      0.129325    0.013999   10.563217 v u_sram/clk0 (sky130_sram_1kbyte_1rw1r_32x256_8)
     1    0.007770    0.005468    0.372939   10.936156 ^ u_sram/dout0[15] (sky130_sram_1kbyte_1rw1r_32x256_8)
                                                         axi_rdata_o[15] (net)
                      0.004101    0.000066   10.936222 ^ axi_rdata_o[15] (out)
                                             10.936222   data arrival time

                                 20.000000   20.000000   clock clk_i (rise edge)
                                  0.000000   20.000000   clock network delay (propagated)
                                 -0.250000   19.750002   clock uncertainty
                                  0.000000   19.750002   clock reconvergence pessimism
                                 -2.000000   17.750002   output external delay
                                             17.750002   data required time
---------------------------------------------------------------------------------------------
                                             17.750002   data required time
                                            -10.936222   data arrival time
---------------------------------------------------------------------------------------------
                                              6.813779   slack (MET)


Startpoint: u_sram (falling edge-triggered flip-flop clocked by clk_i)
Endpoint: axi_rdata_o[19] (output port clocked by clk_i)
Path Group: clk_i
Path Type: max

Fanout         Cap        Slew       Delay        Time   Description
---------------------------------------------------------------------------------------------
                                 10.000000   10.000000   clock clk_i (fall edge)
                                  0.000000   10.000000   clock source latency
     2    0.071922    0.000000    0.000000   10.000000 v clk_i (in)
                                                         clk_i (net)
                      0.008305    0.004152   10.004152 v clkbuf_0_clk_i/A (sky130_fd_sc_hd__clkbuf_16)
     2    0.036779    0.073748    0.248130   10.252282 v clkbuf_0_clk_i/X (sky130_fd_sc_hd__clkbuf_16)
                                                         clknet_0_clk_i (net)
                      0.073766    0.001132   10.253413 v clkbuf_1_0__f_clk_i/A (sky130_fd_sc_hd__clkbuf_16)
     1    0.060543    0.093474    0.295804   10.549218 v clkbuf_1_0__f_clk_i/X (sky130_fd_sc_hd__clkbuf_16)
                                                         clknet_1_0__leaf_clk_i (net)
                      0.129325    0.013999   10.563217 v u_sram/clk0 (sky130_sram_1kbyte_1rw1r_32x256_8)
     1    0.007762    0.005464    0.372896   10.936112 ^ u_sram/dout0[19] (sky130_sram_1kbyte_1rw1r_32x256_8)
                                                         axi_rdata_o[19] (net)
                      0.004098    0.000069   10.936182 ^ axi_rdata_o[19] (out)
                                             10.936182   data arrival time

                                 20.000000   20.000000   clock clk_i (rise edge)
                                  0.000000   20.000000   clock network delay (propagated)
                                 -0.250000   19.750002   clock uncertainty
                                  0.000000   19.750002   clock reconvergence pessimism
                                 -2.000000   17.750002   output external delay
                                             17.750002   data required time
---------------------------------------------------------------------------------------------
                                             17.750002   data required time
                                            -10.936182   data arrival time
---------------------------------------------------------------------------------------------
                                              6.813819   slack (MET)


Startpoint: u_sram (falling edge-triggered flip-flop clocked by clk_i)
Endpoint: axi_rdata_o[11] (output port clocked by clk_i)
Path Group: clk_i
Path Type: max

Fanout         Cap        Slew       Delay        Time   Description
---------------------------------------------------------------------------------------------
                                 10.000000   10.000000   clock clk_i (fall edge)
                                  0.000000   10.000000   clock source latency
     2    0.071922    0.000000    0.000000   10.000000 v clk_i (in)
                                                         clk_i (net)
                      0.008305    0.004152   10.004152 v clkbuf_0_clk_i/A (sky130_fd_sc_hd__clkbuf_16)
     2    0.036779    0.073748    0.248130   10.252282 v clkbuf_0_clk_i/X (sky130_fd_sc_hd__clkbuf_16)
                                                         clknet_0_clk_i (net)
                      0.073766    0.001132   10.253413 v clkbuf_1_0__f_clk_i/A (sky130_fd_sc_hd__clkbuf_16)
     1    0.060543    0.093474    0.295804   10.549218 v clkbuf_1_0__f_clk_i/X (sky130_fd_sc_hd__clkbuf_16)
                                                         clknet_1_0__leaf_clk_i (net)
                      0.129325    0.013999   10.563217 v u_sram/clk0 (sky130_sram_1kbyte_1rw1r_32x256_8)
     1    0.007756    0.005461    0.372862   10.936079 ^ u_sram/dout0[11] (sky130_sram_1kbyte_1rw1r_32x256_8)
                                                         axi_rdata_o[11] (net)
                      0.004096    0.000066   10.936145 ^ axi_rdata_o[11] (out)
                                             10.936145   data arrival time

                                 20.000000   20.000000   clock clk_i (rise edge)
                                  0.000000   20.000000   clock network delay (propagated)
                                 -0.250000   19.750002   clock uncertainty
                                  0.000000   19.750002   clock reconvergence pessimism
                                 -2.000000   17.750002   output external delay
                                             17.750002   data required time
---------------------------------------------------------------------------------------------
                                             17.750002   data required time
                                            -10.936145   data arrival time
---------------------------------------------------------------------------------------------
                                              6.813856   slack (MET)


Startpoint: u_sram (falling edge-triggered flip-flop clocked by clk_i)
Endpoint: axi_rdata_o[12] (output port clocked by clk_i)
Path Group: clk_i
Path Type: max

Fanout         Cap        Slew       Delay        Time   Description
---------------------------------------------------------------------------------------------
                                 10.000000   10.000000   clock clk_i (fall edge)
                                  0.000000   10.000000   clock source latency
     2    0.071922    0.000000    0.000000   10.000000 v clk_i (in)
                                                         clk_i (net)
                      0.008305    0.004152   10.004152 v clkbuf_0_clk_i/A (sky130_fd_sc_hd__clkbuf_16)
     2    0.036779    0.073748    0.248130   10.252282 v clkbuf_0_clk_i/X (sky130_fd_sc_hd__clkbuf_16)
                                                         clknet_0_clk_i (net)
                      0.073766    0.001132   10.253413 v clkbuf_1_0__f_clk_i/A (sky130_fd_sc_hd__clkbuf_16)
     1    0.060543    0.093474    0.295804   10.549218 v clkbuf_1_0__f_clk_i/X (sky130_fd_sc_hd__clkbuf_16)
                                                         clknet_1_0__leaf_clk_i (net)
                      0.129325    0.013999   10.563217 v u_sram/clk0 (sky130_sram_1kbyte_1rw1r_32x256_8)
     1    0.007745    0.005455    0.372798   10.936015 ^ u_sram/dout0[12] (sky130_sram_1kbyte_1rw1r_32x256_8)
                                                         axi_rdata_o[12] (net)
                      0.004091    0.000065   10.936080 ^ axi_rdata_o[12] (out)
                                             10.936080   data arrival time

                                 20.000000   20.000000   clock clk_i (rise edge)
                                  0.000000   20.000000   clock network delay (propagated)
                                 -0.250000   19.750002   clock uncertainty
                                  0.000000   19.750002   clock reconvergence pessimism
                                 -2.000000   17.750002   output external delay
                                             17.750002   data required time
---------------------------------------------------------------------------------------------
                                             17.750002   data required time
                                            -10.936080   data arrival time
---------------------------------------------------------------------------------------------
                                              6.813921   slack (MET)


Startpoint: u_sram (falling edge-triggered flip-flop clocked by clk_i)
Endpoint: axi_rdata_o[22] (output port clocked by clk_i)
Path Group: clk_i
Path Type: max

Fanout         Cap        Slew       Delay        Time   Description
---------------------------------------------------------------------------------------------
                                 10.000000   10.000000   clock clk_i (fall edge)
                                  0.000000   10.000000   clock source latency
     2    0.071922    0.000000    0.000000   10.000000 v clk_i (in)
                                                         clk_i (net)
                      0.008305    0.004152   10.004152 v clkbuf_0_clk_i/A (sky130_fd_sc_hd__clkbuf_16)
     2    0.036779    0.073748    0.248130   10.252282 v clkbuf_0_clk_i/X (sky130_fd_sc_hd__clkbuf_16)
                                                         clknet_0_clk_i (net)
                      0.073766    0.001132   10.253413 v clkbuf_1_0__f_clk_i/A (sky130_fd_sc_hd__clkbuf_16)
     1    0.060543    0.093474    0.295804   10.549218 v clkbuf_1_0__f_clk_i/X (sky130_fd_sc_hd__clkbuf_16)
                                                         clknet_1_0__leaf_clk_i (net)
                      0.129325    0.013999   10.563217 v u_sram/clk0 (sky130_sram_1kbyte_1rw1r_32x256_8)
     1    0.007700    0.005431    0.372546   10.935762 ^ u_sram/dout0[22] (sky130_sram_1kbyte_1rw1r_32x256_8)
                                                         axi_rdata_o[22] (net)
                      0.004073    0.000064   10.935826 ^ axi_rdata_o[22] (out)
                                             10.935826   data arrival time

                                 20.000000   20.000000   clock clk_i (rise edge)
                                  0.000000   20.000000   clock network delay (propagated)
                                 -0.250000   19.750002   clock uncertainty
                                  0.000000   19.750002   clock reconvergence pessimism
                                 -2.000000   17.750002   output external delay
                                             17.750002   data required time
---------------------------------------------------------------------------------------------
                                             17.750002   data required time
                                            -10.935826   data arrival time
---------------------------------------------------------------------------------------------
                                              6.814174   slack (MET)


Startpoint: u_sram (falling edge-triggered flip-flop clocked by clk_i)
Endpoint: axi_rdata_o[13] (output port clocked by clk_i)
Path Group: clk_i
Path Type: max

Fanout         Cap        Slew       Delay        Time   Description
---------------------------------------------------------------------------------------------
                                 10.000000   10.000000   clock clk_i (fall edge)
                                  0.000000   10.000000   clock source latency
     2    0.071922    0.000000    0.000000   10.000000 v clk_i (in)
                                                         clk_i (net)
                      0.008305    0.004152   10.004152 v clkbuf_0_clk_i/A (sky130_fd_sc_hd__clkbuf_16)
     2    0.036779    0.073748    0.248130   10.252282 v clkbuf_0_clk_i/X (sky130_fd_sc_hd__clkbuf_16)
                                                         clknet_0_clk_i (net)
                      0.073766    0.001132   10.253413 v clkbuf_1_0__f_clk_i/A (sky130_fd_sc_hd__clkbuf_16)
     1    0.060543    0.093474    0.295804   10.549218 v clkbuf_1_0__f_clk_i/X (sky130_fd_sc_hd__clkbuf_16)
                                                         clknet_1_0__leaf_clk_i (net)
                      0.129325    0.013999   10.563217 v u_sram/clk0 (sky130_sram_1kbyte_1rw1r_32x256_8)
     1    0.007692    0.005427    0.372502   10.935719 ^ u_sram/dout0[13] (sky130_sram_1kbyte_1rw1r_32x256_8)
                                                         axi_rdata_o[13] (net)
                      0.004070    0.000064   10.935783 ^ axi_rdata_o[13] (out)
                                             10.935783   data arrival time

                                 20.000000   20.000000   clock clk_i (rise edge)
                                  0.000000   20.000000   clock network delay (propagated)
                                 -0.250000   19.750002   clock uncertainty
                                  0.000000   19.750002   clock reconvergence pessimism
                                 -2.000000   17.750002   output external delay
                                             17.750002   data required time
---------------------------------------------------------------------------------------------
                                             17.750002   data required time
                                            -10.935783   data arrival time
---------------------------------------------------------------------------------------------
                                              6.814218   slack (MET)


Startpoint: u_sram (falling edge-triggered flip-flop clocked by clk_i)
Endpoint: axi_rdata_o[9] (output port clocked by clk_i)
Path Group: clk_i
Path Type: max

Fanout         Cap        Slew       Delay        Time   Description
---------------------------------------------------------------------------------------------
                                 10.000000   10.000000   clock clk_i (fall edge)
                                  0.000000   10.000000   clock source latency
     2    0.071922    0.000000    0.000000   10.000000 v clk_i (in)
                                                         clk_i (net)
                      0.008305    0.004152   10.004152 v clkbuf_0_clk_i/A (sky130_fd_sc_hd__clkbuf_16)
     2    0.036779    0.073748    0.248130   10.252282 v clkbuf_0_clk_i/X (sky130_fd_sc_hd__clkbuf_16)
                                                         clknet_0_clk_i (net)
                      0.073766    0.001132   10.253413 v clkbuf_1_0__f_clk_i/A (sky130_fd_sc_hd__clkbuf_16)
     1    0.060543    0.093474    0.295804   10.549218 v clkbuf_1_0__f_clk_i/X (sky130_fd_sc_hd__clkbuf_16)
                                                         clknet_1_0__leaf_clk_i (net)
                      0.129325    0.013999   10.563217 v u_sram/clk0 (sky130_sram_1kbyte_1rw1r_32x256_8)
     1    0.006494    0.004770    0.365776   10.928993 ^ u_sram/dout0[9] (sky130_sram_1kbyte_1rw1r_32x256_8)
                                                         axi_rdata_o[9] (net)
                      0.003577    0.000046   10.929039 ^ axi_rdata_o[9] (out)
                                             10.929039   data arrival time

                                 20.000000   20.000000   clock clk_i (rise edge)
                                  0.000000   20.000000   clock network delay (propagated)
                                 -0.250000   19.750002   clock uncertainty
                                  0.000000   19.750002   clock reconvergence pessimism
                                 -2.000000   17.750002   output external delay
                                             17.750002   data required time
---------------------------------------------------------------------------------------------
                                             17.750002   data required time
                                            -10.929039   data arrival time
---------------------------------------------------------------------------------------------
                                              6.820962   slack (MET)


Startpoint: u_sram (falling edge-triggered flip-flop clocked by clk_i)
Endpoint: axi_rdata_o[21] (output port clocked by clk_i)
Path Group: clk_i
Path Type: max

Fanout         Cap        Slew       Delay        Time   Description
---------------------------------------------------------------------------------------------
                                 10.000000   10.000000   clock clk_i (fall edge)
                                  0.000000   10.000000   clock source latency
     2    0.071922    0.000000    0.000000   10.000000 v clk_i (in)
                                                         clk_i (net)
                      0.008305    0.004152   10.004152 v clkbuf_0_clk_i/A (sky130_fd_sc_hd__clkbuf_16)
     2    0.036779    0.073748    0.248130   10.252282 v clkbuf_0_clk_i/X (sky130_fd_sc_hd__clkbuf_16)
                                                         clknet_0_clk_i (net)
                      0.073766    0.001132   10.253413 v clkbuf_1_0__f_clk_i/A (sky130_fd_sc_hd__clkbuf_16)
     1    0.060543    0.093474    0.295804   10.549218 v clkbuf_1_0__f_clk_i/X (sky130_fd_sc_hd__clkbuf_16)
                                                         clknet_1_0__leaf_clk_i (net)
                      0.129325    0.013999   10.563217 v u_sram/clk0 (sky130_sram_1kbyte_1rw1r_32x256_8)
     1    0.006440    0.004739    0.365472   10.928689 ^ u_sram/dout0[21] (sky130_sram_1kbyte_1rw1r_32x256_8)
                                                         axi_rdata_o[21] (net)
                      0.003554    0.000046   10.928736 ^ axi_rdata_o[21] (out)
                                             10.928736   data arrival time

                                 20.000000   20.000000   clock clk_i (rise edge)
                                  0.000000   20.000000   clock network delay (propagated)
                                 -0.250000   19.750002   clock uncertainty
                                  0.000000   19.750002   clock reconvergence pessimism
                                 -2.000000   17.750002   output external delay
                                             17.750002   data required time
---------------------------------------------------------------------------------------------
                                             17.750002   data required time
                                            -10.928736   data arrival time
---------------------------------------------------------------------------------------------
                                              6.821266   slack (MET)


Startpoint: u_sram (falling edge-triggered flip-flop clocked by clk_i)
Endpoint: axi_rdata_o[29] (output port clocked by clk_i)
Path Group: clk_i
Path Type: max

Fanout         Cap        Slew       Delay        Time   Description
---------------------------------------------------------------------------------------------
                                 10.000000   10.000000   clock clk_i (fall edge)
                                  0.000000   10.000000   clock source latency
     2    0.071922    0.000000    0.000000   10.000000 v clk_i (in)
                                                         clk_i (net)
                      0.008305    0.004152   10.004152 v clkbuf_0_clk_i/A (sky130_fd_sc_hd__clkbuf_16)
     2    0.036779    0.073748    0.248130   10.252282 v clkbuf_0_clk_i/X (sky130_fd_sc_hd__clkbuf_16)
                                                         clknet_0_clk_i (net)
                      0.073766    0.001132   10.253413 v clkbuf_1_0__f_clk_i/A (sky130_fd_sc_hd__clkbuf_16)
     1    0.060543    0.093474    0.295804   10.549218 v clkbuf_1_0__f_clk_i/X (sky130_fd_sc_hd__clkbuf_16)
                                                         clknet_1_0__leaf_clk_i (net)
                      0.129325    0.013999   10.563217 v u_sram/clk0 (sky130_sram_1kbyte_1rw1r_32x256_8)
     1    0.006383    0.004705    0.365152   10.928370 ^ u_sram/dout0[29] (sky130_sram_1kbyte_1rw1r_32x256_8)
                                                         axi_rdata_o[29] (net)
                      0.003529    0.000045   10.928415 ^ axi_rdata_o[29] (out)
                                             10.928415   data arrival time

                                 20.000000   20.000000   clock clk_i (rise edge)
                                  0.000000   20.000000   clock network delay (propagated)
                                 -0.250000   19.750002   clock uncertainty
                                  0.000000   19.750002   clock reconvergence pessimism
                                 -2.000000   17.750002   output external delay
                                             17.750002   data required time
---------------------------------------------------------------------------------------------
                                             17.750002   data required time
                                            -10.928415   data arrival time
---------------------------------------------------------------------------------------------
                                              6.821586   slack (MET)


Startpoint: u_sram (falling edge-triggered flip-flop clocked by clk_i)
Endpoint: axi_rdata_o[26] (output port clocked by clk_i)
Path Group: clk_i
Path Type: max

Fanout         Cap        Slew       Delay        Time   Description
---------------------------------------------------------------------------------------------
                                 10.000000   10.000000   clock clk_i (fall edge)
                                  0.000000   10.000000   clock source latency
     2    0.071922    0.000000    0.000000   10.000000 v clk_i (in)
                                                         clk_i (net)
                      0.008305    0.004152   10.004152 v clkbuf_0_clk_i/A (sky130_fd_sc_hd__clkbuf_16)
     2    0.036779    0.073748    0.248130   10.252282 v clkbuf_0_clk_i/X (sky130_fd_sc_hd__clkbuf_16)
                                                         clknet_0_clk_i (net)
                      0.073766    0.001132   10.253413 v clkbuf_1_0__f_clk_i/A (sky130_fd_sc_hd__clkbuf_16)
     1    0.060543    0.093474    0.295804   10.549218 v clkbuf_1_0__f_clk_i/X (sky130_fd_sc_hd__clkbuf_16)
                                                         clknet_1_0__leaf_clk_i (net)
                      0.129325    0.013999   10.563217 v u_sram/clk0 (sky130_sram_1kbyte_1rw1r_32x256_8)
     1    0.006357    0.004691    0.365008   10.928226 ^ u_sram/dout0[26] (sky130_sram_1kbyte_1rw1r_32x256_8)
                                                         axi_rdata_o[26] (net)
                      0.003518    0.000044   10.928270 ^ axi_rdata_o[26] (out)
                                             10.928270   data arrival time

                                 20.000000   20.000000   clock clk_i (rise edge)
                                  0.000000   20.000000   clock network delay (propagated)
                                 -0.250000   19.750002   clock uncertainty
                                  0.000000   19.750002   clock reconvergence pessimism
                                 -2.000000   17.750002   output external delay
                                             17.750002   data required time
---------------------------------------------------------------------------------------------
                                             17.750002   data required time
                                            -10.928270   data arrival time
---------------------------------------------------------------------------------------------
                                              6.821731   slack (MET)


Startpoint: u_sram (falling edge-triggered flip-flop clocked by clk_i)
Endpoint: axi_rdata_o[31] (output port clocked by clk_i)
Path Group: clk_i
Path Type: max

Fanout         Cap        Slew       Delay        Time   Description
---------------------------------------------------------------------------------------------
                                 10.000000   10.000000   clock clk_i (fall edge)
                                  0.000000   10.000000   clock source latency
     2    0.071922    0.000000    0.000000   10.000000 v clk_i (in)
                                                         clk_i (net)
                      0.008305    0.004152   10.004152 v clkbuf_0_clk_i/A (sky130_fd_sc_hd__clkbuf_16)
     2    0.036779    0.073748    0.248130   10.252282 v clkbuf_0_clk_i/X (sky130_fd_sc_hd__clkbuf_16)
                                                         clknet_0_clk_i (net)
                      0.073766    0.001132   10.253413 v clkbuf_1_0__f_clk_i/A (sky130_fd_sc_hd__clkbuf_16)
     1    0.060543    0.093474    0.295804   10.549218 v clkbuf_1_0__f_clk_i/X (sky130_fd_sc_hd__clkbuf_16)
                                                         clknet_1_0__leaf_clk_i (net)
                      0.129325    0.013999   10.563217 v u_sram/clk0 (sky130_sram_1kbyte_1rw1r_32x256_8)
     1    0.006357    0.004691    0.365008   10.928226 ^ u_sram/dout0[31] (sky130_sram_1kbyte_1rw1r_32x256_8)
                                                         axi_rdata_o[31] (net)
                      0.003518    0.000044   10.928270 ^ axi_rdata_o[31] (out)
                                             10.928270   data arrival time

                                 20.000000   20.000000   clock clk_i (rise edge)
                                  0.000000   20.000000   clock network delay (propagated)
                                 -0.250000   19.750002   clock uncertainty
                                  0.000000   19.750002   clock reconvergence pessimism
                                 -2.000000   17.750002   output external delay
                                             17.750002   data required time
---------------------------------------------------------------------------------------------
                                             17.750002   data required time
                                            -10.928270   data arrival time
---------------------------------------------------------------------------------------------
                                              6.821731   slack (MET)


Startpoint: u_sram (falling edge-triggered flip-flop clocked by clk_i)
Endpoint: axi_rdata_o[28] (output port clocked by clk_i)
Path Group: clk_i
Path Type: max

Fanout         Cap        Slew       Delay        Time   Description
---------------------------------------------------------------------------------------------
                                 10.000000   10.000000   clock clk_i (fall edge)
                                  0.000000   10.000000   clock source latency
     2    0.071922    0.000000    0.000000   10.000000 v clk_i (in)
                                                         clk_i (net)
                      0.008305    0.004152   10.004152 v clkbuf_0_clk_i/A (sky130_fd_sc_hd__clkbuf_16)
     2    0.036779    0.073748    0.248130   10.252282 v clkbuf_0_clk_i/X (sky130_fd_sc_hd__clkbuf_16)
                                                         clknet_0_clk_i (net)
                      0.073766    0.001132   10.253413 v clkbuf_1_0__f_clk_i/A (sky130_fd_sc_hd__clkbuf_16)
     1    0.060543    0.093474    0.295804   10.549218 v clkbuf_1_0__f_clk_i/X (sky130_fd_sc_hd__clkbuf_16)
                                                         clknet_1_0__leaf_clk_i (net)
                      0.129325    0.013999   10.563217 v u_sram/clk0 (sky130_sram_1kbyte_1rw1r_32x256_8)
     1    0.006354    0.004689    0.364990   10.928207 ^ u_sram/dout0[28] (sky130_sram_1kbyte_1rw1r_32x256_8)
                                                         axi_rdata_o[28] (net)
                      0.003516    0.000044   10.928251 ^ axi_rdata_o[28] (out)
                                             10.928251   data arrival time

                                 20.000000   20.000000   clock clk_i (rise edge)
                                  0.000000   20.000000   clock network delay (propagated)
                                 -0.250000   19.750002   clock uncertainty
                                  0.000000   19.750002   clock reconvergence pessimism
                                 -2.000000   17.750002   output external delay
                                             17.750002   data required time
---------------------------------------------------------------------------------------------
                                             17.750002   data required time
                                            -10.928251   data arrival time
---------------------------------------------------------------------------------------------
                                              6.821750   slack (MET)


Startpoint: u_sram (falling edge-triggered flip-flop clocked by clk_i)
Endpoint: axi_rdata_o[27] (output port clocked by clk_i)
Path Group: clk_i
Path Type: max

Fanout         Cap        Slew       Delay        Time   Description
---------------------------------------------------------------------------------------------
                                 10.000000   10.000000   clock clk_i (fall edge)
                                  0.000000   10.000000   clock source latency
     2    0.071922    0.000000    0.000000   10.000000 v clk_i (in)
                                                         clk_i (net)
                      0.008305    0.004152   10.004152 v clkbuf_0_clk_i/A (sky130_fd_sc_hd__clkbuf_16)
     2    0.036779    0.073748    0.248130   10.252282 v clkbuf_0_clk_i/X (sky130_fd_sc_hd__clkbuf_16)
                                                         clknet_0_clk_i (net)
                      0.073766    0.001132   10.253413 v clkbuf_1_0__f_clk_i/A (sky130_fd_sc_hd__clkbuf_16)
     1    0.060543    0.093474    0.295804   10.549218 v clkbuf_1_0__f_clk_i/X (sky130_fd_sc_hd__clkbuf_16)
                                                         clknet_1_0__leaf_clk_i (net)
                      0.129325    0.013999   10.563217 v u_sram/clk0 (sky130_sram_1kbyte_1rw1r_32x256_8)
     1    0.006342    0.004682    0.364924   10.928142 ^ u_sram/dout0[27] (sky130_sram_1kbyte_1rw1r_32x256_8)
                                                         axi_rdata_o[27] (net)
                      0.003511    0.000044   10.928185 ^ axi_rdata_o[27] (out)
                                             10.928185   data arrival time

                                 20.000000   20.000000   clock clk_i (rise edge)
                                  0.000000   20.000000   clock network delay (propagated)
                                 -0.250000   19.750002   clock uncertainty
                                  0.000000   19.750002   clock reconvergence pessimism
                                 -2.000000   17.750002   output external delay
                                             17.750002   data required time
---------------------------------------------------------------------------------------------
                                             17.750002   data required time
                                            -10.928185   data arrival time
---------------------------------------------------------------------------------------------
                                              6.821815   slack (MET)


Startpoint: u_sram (falling edge-triggered flip-flop clocked by clk_i)
Endpoint: axi_rdata_o[25] (output port clocked by clk_i)
Path Group: clk_i
Path Type: max

Fanout         Cap        Slew       Delay        Time   Description
---------------------------------------------------------------------------------------------
                                 10.000000   10.000000   clock clk_i (fall edge)
                                  0.000000   10.000000   clock source latency
     2    0.071922    0.000000    0.000000   10.000000 v clk_i (in)
                                                         clk_i (net)
                      0.008305    0.004152   10.004152 v clkbuf_0_clk_i/A (sky130_fd_sc_hd__clkbuf_16)
     2    0.036779    0.073748    0.248130   10.252282 v clkbuf_0_clk_i/X (sky130_fd_sc_hd__clkbuf_16)
                                                         clknet_0_clk_i (net)
                      0.073766    0.001132   10.253413 v clkbuf_1_0__f_clk_i/A (sky130_fd_sc_hd__clkbuf_16)
     1    0.060543    0.093474    0.295804   10.549218 v clkbuf_1_0__f_clk_i/X (sky130_fd_sc_hd__clkbuf_16)
                                                         clknet_1_0__leaf_clk_i (net)
                      0.129325    0.013999   10.563217 v u_sram/clk0 (sky130_sram_1kbyte_1rw1r_32x256_8)
     1    0.006338    0.004680    0.364905   10.928122 ^ u_sram/dout0[25] (sky130_sram_1kbyte_1rw1r_32x256_8)
                                                         axi_rdata_o[25] (net)
                      0.003510    0.000044   10.928166 ^ axi_rdata_o[25] (out)
                                             10.928166   data arrival time

                                 20.000000   20.000000   clock clk_i (rise edge)
                                  0.000000   20.000000   clock network delay (propagated)
                                 -0.250000   19.750002   clock uncertainty
                                  0.000000   19.750002   clock reconvergence pessimism
                                 -2.000000   17.750002   output external delay
                                             17.750002   data required time
---------------------------------------------------------------------------------------------
                                             17.750002   data required time
                                            -10.928166   data arrival time
---------------------------------------------------------------------------------------------
                                              6.821835   slack (MET)


Startpoint: u_sram (falling edge-triggered flip-flop clocked by clk_i)
Endpoint: axi_rdata_o[30] (output port clocked by clk_i)
Path Group: clk_i
Path Type: max

Fanout         Cap        Slew       Delay        Time   Description
---------------------------------------------------------------------------------------------
                                 10.000000   10.000000   clock clk_i (fall edge)
                                  0.000000   10.000000   clock source latency
     2    0.071922    0.000000    0.000000   10.000000 v clk_i (in)
                                                         clk_i (net)
                      0.008305    0.004152   10.004152 v clkbuf_0_clk_i/A (sky130_fd_sc_hd__clkbuf_16)
     2    0.036779    0.073748    0.248130   10.252282 v clkbuf_0_clk_i/X (sky130_fd_sc_hd__clkbuf_16)
                                                         clknet_0_clk_i (net)
                      0.073766    0.001132   10.253413 v clkbuf_1_0__f_clk_i/A (sky130_fd_sc_hd__clkbuf_16)
     1    0.060543    0.093474    0.295804   10.549218 v clkbuf_1_0__f_clk_i/X (sky130_fd_sc_hd__clkbuf_16)
                                                         clknet_1_0__leaf_clk_i (net)
                      0.129325    0.013999   10.563217 v u_sram/clk0 (sky130_sram_1kbyte_1rw1r_32x256_8)
     1    0.006338    0.004680    0.364905   10.928122 ^ u_sram/dout0[30] (sky130_sram_1kbyte_1rw1r_32x256_8)
                                                         axi_rdata_o[30] (net)
                      0.003510    0.000044   10.928166 ^ axi_rdata_o[30] (out)
                                             10.928166   data arrival time

                                 20.000000   20.000000   clock clk_i (rise edge)
                                  0.000000   20.000000   clock network delay (propagated)
                                 -0.250000   19.750002   clock uncertainty
                                  0.000000   19.750002   clock reconvergence pessimism
                                 -2.000000   17.750002   output external delay
                                             17.750002   data required time
---------------------------------------------------------------------------------------------
                                             17.750002   data required time
                                            -10.928166   data arrival time
---------------------------------------------------------------------------------------------
                                              6.821835   slack (MET)


Startpoint: axi_wvalid_i (input port clocked by clk_i)
Endpoint: axi_wready_o (output port clocked by clk_i)
Path Group: clk_i
Path Type: max

Fanout         Cap        Slew       Delay        Time   Description
---------------------------------------------------------------------------------------------
                                  0.000000    0.000000   clock clk_i (rise edge)
                                  0.000000    0.000000   clock network delay (propagated)
                                  2.000000    2.000000 ^ input external delay
     2    0.008620    0.000000    0.000000    2.000000 ^ axi_wvalid_i (in)
                                                         axi_wvalid_i (net)
                      0.000051    0.000026    2.000026 ^ _23_/C (sky130_fd_sc_hd__and3_2)
    17    0.083793    0.661296    0.810162    2.810187 ^ _23_/X (sky130_fd_sc_hd__and3_2)
                                                         axi_awready_o (net)
                      0.661527    0.002689    2.812876 ^ _62_/A (sky130_fd_sc_hd__buf_2)
     1    0.001252    0.048021    0.386913    3.199790 ^ _62_/X (sky130_fd_sc_hd__buf_2)
                                                         axi_wready_o (net)
                      0.048021    0.000006    3.199795 ^ axi_wready_o (out)
                                              3.199795   data arrival time

                                 20.000000   20.000000   clock clk_i (rise edge)
                                  0.000000   20.000000   clock network delay (propagated)
                                 -0.250000   19.750002   clock uncertainty
                                  0.000000   19.750002   clock reconvergence pessimism
                                 -2.000000   17.750002   output external delay
                                             17.750002   data required time
---------------------------------------------------------------------------------------------
                                             17.750002   data required time
                                             -3.199795   data arrival time
---------------------------------------------------------------------------------------------
                                             14.550206   slack (MET)


Startpoint: axi_arvalid_i (input port clocked by clk_i)
Endpoint: axi_arready_o (output port clocked by clk_i)
Path Group: clk_i
Path Type: max

Fanout         Cap        Slew       Delay        Time   Description
---------------------------------------------------------------------------------------------
                                  0.000000    0.000000   clock clk_i (rise edge)
                                  0.000000    0.000000   clock network delay (propagated)
                                  2.000000    2.000000 v input external delay
     2    0.007920    0.000000    0.000000    2.000000 v axi_arvalid_i (in)
                                                         axi_arvalid_i (net)
                      0.000035    0.000018    2.000018 v _25_/B (sky130_fd_sc_hd__and2_2)
    11    0.056008    0.278881    0.580161    2.580178 v _25_/X (sky130_fd_sc_hd__and2_2)
                                                         _08_ (net)
                      0.278882    0.001110    2.581288 v _26_/B (sky130_fd_sc_hd__and2_2)
     1    0.001391    0.063641    0.481835    3.063124 v _26_/X (sky130_fd_sc_hd__and2_2)
                                                         axi_arready_o (net)
                      0.063641    0.000007    3.063131 v axi_arready_o (out)
                                              3.063131   data arrival time

                                 20.000000   20.000000   clock clk_i (rise edge)
                                  0.000000   20.000000   clock network delay (propagated)
                                 -0.250000   19.750002   clock uncertainty
                                  0.000000   19.750002   clock reconvergence pessimism
                                 -2.000000   17.750002   output external delay
                                             17.750002   data required time
---------------------------------------------------------------------------------------------
                                             17.750002   data required time
                                             -3.063131   data arrival time
---------------------------------------------------------------------------------------------
                                             14.686870   slack (MET)


Startpoint: axi_wvalid_i (input port clocked by clk_i)
Endpoint: axi_awready_o (output port clocked by clk_i)
Path Group: clk_i
Path Type: max

Fanout         Cap        Slew       Delay        Time   Description
---------------------------------------------------------------------------------------------
                                  0.000000    0.000000   clock clk_i (rise edge)
                                  0.000000    0.000000   clock network delay (propagated)
                                  2.000000    2.000000 ^ input external delay
     2    0.008620    0.000000    0.000000    2.000000 ^ axi_wvalid_i (in)
                                                         axi_wvalid_i (net)
                      0.000051    0.000026    2.000026 ^ _23_/C (sky130_fd_sc_hd__and3_2)
    17    0.083793    0.661296    0.810162    2.810187 ^ _23_/X (sky130_fd_sc_hd__and3_2)
                                                         axi_awready_o (net)
                      0.661516    0.001529    2.811717 ^ axi_awready_o (out)
                                              2.811717   data arrival time

                                 20.000000   20.000000   clock clk_i (rise edge)
                                  0.000000   20.000000   clock network delay (propagated)
                                 -0.250000   19.750002   clock uncertainty
                                  0.000000   19.750002   clock reconvergence pessimism
                                 -2.000000   17.750002   output external delay
                                             17.750002   data required time
---------------------------------------------------------------------------------------------
                                             17.750002   data required time
                                             -2.811717   data arrival time
---------------------------------------------------------------------------------------------
                                             14.938284   slack (MET)


Startpoint: _47_ (rising edge-triggered flip-flop clocked by clk_i)
Endpoint: _48_ (rising edge-triggered flip-flop clocked by clk_i)
Path Group: clk_i
Path Type: max

Fanout         Cap        Slew       Delay        Time   Description
---------------------------------------------------------------------------------------------
                                  0.000000    0.000000   clock clk_i (rise edge)
                                  0.000000    0.000000   clock source latency
     2    0.073694    0.000000    0.000000    0.000000 ^ clk_i (in)
                                                         clk_i (net)
                      0.005402    0.002701    0.002701 ^ clkbuf_regs_0_clk_i/A (sky130_fd_sc_hd__clkbuf_16)
     1    0.008368    0.052169    0.176432    0.179133 ^ clkbuf_regs_0_clk_i/X (sky130_fd_sc_hd__clkbuf_16)
                                                         clk_i_regs (net)
                      0.052169    0.000088    0.179222 ^ clkbuf_0_clk_i_regs/A (sky130_fd_sc_hd__clkbuf_16)
     2    0.018710    0.065828    0.211749    0.390970 ^ clkbuf_0_clk_i_regs/X (sky130_fd_sc_hd__clkbuf_16)
                                                         clknet_0_clk_i_regs (net)
                      0.065828    0.000157    0.391127 ^ clkbuf_1_0__f_clk_i_regs/A (sky130_fd_sc_hd__clkbuf_16)
     2    0.004874    0.047631    0.196001    0.587128 ^ clkbuf_1_0__f_clk_i_regs/X (sky130_fd_sc_hd__clkbuf_16)
                                                         clknet_1_0__leaf_clk_i_regs (net)
                      0.047631    0.000054    0.587182 ^ _47_/CLK (sky130_fd_sc_hd__dfrtp_2)
     1    0.002294    0.071828    0.775450    1.362632 v _47_/Q (sky130_fd_sc_hd__dfrtp_2)
                                                         state_q[2] (net)
                      0.071828    0.000015    1.362647 v hold1/A (sky130_fd_sc_hd__dlygate4sd3_1)
     1    0.003860    0.116417    1.142100    2.504747 v hold1/X (sky130_fd_sc_hd__dlygate4sd3_1)
                                                         net1 (net)
                      0.116417    0.000051    2.504798 v _27_/B1 (sky130_fd_sc_hd__a21o_2)
     1    0.003345    0.059596    0.355906    2.860704 v _27_/X (sky130_fd_sc_hd__a21o_2)
                                                         _03_ (net)
                      0.059596    0.000052    2.860756 v hold2/A (sky130_fd_sc_hd__dlygate4sd3_1)
     1    0.002857    0.106067    1.119890    3.980647 v hold2/X (sky130_fd_sc_hd__dlygate4sd3_1)
                                                         net2 (net)
                      0.106067    0.000035    3.980681 v _48_/D (sky130_fd_sc_hd__dfrtp_2)
                                              3.980681   data arrival time

                                 20.000000   20.000000   clock clk_i (rise edge)
                                  0.000000   20.000000   clock source latency
     2    0.073694    0.000000    0.000000   20.000000 ^ clk_i (in)
                                                         clk_i (net)
                      0.005402    0.002702   20.002703 ^ clkbuf_regs_0_clk_i/A (sky130_fd_sc_hd__clkbuf_16)
     1    0.008368    0.052169    0.176431   20.179134 ^ clkbuf_regs_0_clk_i/X (sky130_fd_sc_hd__clkbuf_16)
                                                         clk_i_regs (net)
                      0.052169    0.000089   20.179222 ^ clkbuf_0_clk_i_regs/A (sky130_fd_sc_hd__clkbuf_16)
     2    0.018710    0.065828    0.211749   20.390972 ^ clkbuf_0_clk_i_regs/X (sky130_fd_sc_hd__clkbuf_16)
                                                         clknet_0_clk_i_regs (net)
                      0.065828    0.000194   20.391165 ^ clkbuf_1_1__f_clk_i_regs/A (sky130_fd_sc_hd__clkbuf_16)
     3    0.007177    0.050738    0.200370   20.591534 ^ clkbuf_1_1__f_clk_i_regs/X (sky130_fd_sc_hd__clkbuf_16)
                                                         clknet_1_1__leaf_clk_i_regs (net)
                      0.050738    0.000066   20.591600 ^ _48_/CLK (sky130_fd_sc_hd__dfrtp_2)
                                 -0.250000   20.341600   clock uncertainty
                                  0.000000   20.341600   clock reconvergence pessimism
                                 -0.296815   20.044786   library setup time
                                             20.044786   data required time
---------------------------------------------------------------------------------------------
                                             20.044786   data required time
                                             -3.980681   data arrival time
---------------------------------------------------------------------------------------------
                                             16.064106   slack (MET)


Startpoint: _48_ (rising edge-triggered flip-flop clocked by clk_i)
Endpoint: axi_rvalid_o (output port clocked by clk_i)
Path Group: clk_i
Path Type: max

Fanout         Cap        Slew       Delay        Time   Description
---------------------------------------------------------------------------------------------
                                  0.000000    0.000000   clock clk_i (rise edge)
                                  0.000000    0.000000   clock source latency
     2    0.073694    0.000000    0.000000    0.000000 ^ clk_i (in)
                                                         clk_i (net)
                      0.005402    0.002701    0.002701 ^ clkbuf_regs_0_clk_i/A (sky130_fd_sc_hd__clkbuf_16)
     1    0.008368    0.052169    0.176432    0.179133 ^ clkbuf_regs_0_clk_i/X (sky130_fd_sc_hd__clkbuf_16)
                                                         clk_i_regs (net)
                      0.052169    0.000088    0.179222 ^ clkbuf_0_clk_i_regs/A (sky130_fd_sc_hd__clkbuf_16)
     2    0.018710    0.065828    0.211749    0.390970 ^ clkbuf_0_clk_i_regs/X (sky130_fd_sc_hd__clkbuf_16)
                                                         clknet_0_clk_i_regs (net)
                      0.065828    0.000195    0.391165 ^ clkbuf_1_1__f_clk_i_regs/A (sky130_fd_sc_hd__clkbuf_16)
     3    0.007177    0.050738    0.200369    0.591535 ^ clkbuf_1_1__f_clk_i_regs/X (sky130_fd_sc_hd__clkbuf_16)
                                                         clknet_1_1__leaf_clk_i_regs (net)
                      0.050738    0.000066    0.591600 ^ _48_/CLK (sky130_fd_sc_hd__dfrtp_2)
     3    0.010944    0.112777    0.842057    1.433657 v _48_/Q (sky130_fd_sc_hd__dfrtp_2)
                                                         axi_rvalid_o (net)
                      0.112777    0.000239    1.433895 v axi_rvalid_o (out)
                                              1.433895   data arrival time

                                 20.000000   20.000000   clock clk_i (rise edge)
                                  0.000000   20.000000   clock network delay (propagated)
                                 -0.250000   19.750002   clock uncertainty
                                  0.000000   19.750002   clock reconvergence pessimism
                                 -2.000000   17.750002   output external delay
                                             17.750002   data required time
---------------------------------------------------------------------------------------------
                                             17.750002   data required time
                                             -1.433895   data arrival time
---------------------------------------------------------------------------------------------
                                             16.316107   slack (MET)


Startpoint: _46_ (rising edge-triggered flip-flop clocked by clk_i)
Endpoint: axi_bvalid_o (output port clocked by clk_i)
Path Group: clk_i
Path Type: max

Fanout         Cap        Slew       Delay        Time   Description
---------------------------------------------------------------------------------------------
                                  0.000000    0.000000   clock clk_i (rise edge)
                                  0.000000    0.000000   clock source latency
     2    0.073694    0.000000    0.000000    0.000000 ^ clk_i (in)
                                                         clk_i (net)
                      0.005402    0.002701    0.002701 ^ clkbuf_regs_0_clk_i/A (sky130_fd_sc_hd__clkbuf_16)
     1    0.008368    0.052169    0.176432    0.179133 ^ clkbuf_regs_0_clk_i/X (sky130_fd_sc_hd__clkbuf_16)
                                                         clk_i_regs (net)
                      0.052169    0.000088    0.179222 ^ clkbuf_0_clk_i_regs/A (sky130_fd_sc_hd__clkbuf_16)
     2    0.018710    0.065828    0.211749    0.390970 ^ clkbuf_0_clk_i_regs/X (sky130_fd_sc_hd__clkbuf_16)
                                                         clknet_0_clk_i_regs (net)
                      0.065828    0.000195    0.391165 ^ clkbuf_1_1__f_clk_i_regs/A (sky130_fd_sc_hd__clkbuf_16)
     3    0.007177    0.050738    0.200369    0.591535 ^ clkbuf_1_1__f_clk_i_regs/X (sky130_fd_sc_hd__clkbuf_16)
                                                         clknet_1_1__leaf_clk_i_regs (net)
                      0.050738    0.000057    0.591591 ^ _46_/CLK (sky130_fd_sc_hd__dfrtp_2)
     3    0.009959    0.108130    0.836046    1.427637 v _46_/Q (sky130_fd_sc_hd__dfrtp_2)
                                                         axi_bvalid_o (net)
                      0.108130    0.000269    1.427906 v axi_bvalid_o (out)
                                              1.427906   data arrival time

                                 20.000000   20.000000   clock clk_i (rise edge)
                                  0.000000   20.000000   clock network delay (propagated)
                                 -0.250000   19.750002   clock uncertainty
                                  0.000000   19.750002   clock reconvergence pessimism
                                 -2.000000   17.750002   output external delay
                                             17.750002   data required time
---------------------------------------------------------------------------------------------
                                             17.750002   data required time
                                             -1.427906   data arrival time
---------------------------------------------------------------------------------------------
                                             16.322094   slack (MET)


Startpoint: axi_wvalid_i (input port clocked by clk_i)
Endpoint: u_sram (falling edge-triggered flip-flop clocked by clk_i)
Path Group: clk_i
Path Type: max

Fanout         Cap        Slew       Delay        Time   Description
---------------------------------------------------------------------------------------------
                                  0.000000    0.000000   clock clk_i (rise edge)
                                  0.000000    0.000000   clock network delay (propagated)
                                  2.000000    2.000000 ^ input external delay
     2    0.008620    0.000000    0.000000    2.000000 ^ axi_wvalid_i (in)
                                                         axi_wvalid_i (net)
                      0.000051    0.000026    2.000026 ^ _23_/C (sky130_fd_sc_hd__and3_2)
    17    0.083793    0.661296    0.810162    2.810187 ^ _23_/X (sky130_fd_sc_hd__and3_2)
                                                         axi_awready_o (net)
                      0.661640    0.007689    2.817877 ^ _42_/B (sky130_fd_sc_hd__and2_2)
     1    0.013627    0.148235    0.542945    3.360821 ^ _42_/X (sky130_fd_sc_hd__and2_2)
                                                         sram_wmask0[2] (net)
                      0.197647    0.000336    3.361157 ^ u_sram/wmask0[2] (sky130_sram_1kbyte_1rw1r_32x256_8)
                                              3.361157   data arrival time

                                 20.000000   20.000000   clock clk_i (rise edge)
                                  0.000000   20.000000   clock source latency
     2    0.073694    0.000000    0.000000   20.000000 ^ clk_i (in)
                                                         clk_i (net)
                      0.008592    0.004295   20.004295 ^ clkbuf_0_clk_i/A (sky130_fd_sc_hd__clkbuf_16)
     2    0.038551    0.092291    0.220696   20.224993 ^ clkbuf_0_clk_i/X (sky130_fd_sc_hd__clkbuf_16)
                                                         clknet_0_clk_i (net)
                      0.092306    0.001203   20.226194 ^ clkbuf_1_0__f_clk_i/A (sky130_fd_sc_hd__clkbuf_16)
     1    0.060543    0.121212    0.278728   20.504923 ^ clkbuf_1_0__f_clk_i/X (sky130_fd_sc_hd__clkbuf_16)
                                                         clknet_1_0__leaf_clk_i (net)
                      0.165221    0.014072   20.518995 ^ u_sram/clk0 (sky130_sram_1kbyte_1rw1r_32x256_8)
                                 -0.250000   20.268995   clock uncertainty
                                  0.000000   20.268995   clock reconvergence pessimism
                                 -0.103000   20.165997   library setup time
                                             20.165997   data required time
---------------------------------------------------------------------------------------------
                                             20.165997   data required time
                                             -3.361157   data arrival time
---------------------------------------------------------------------------------------------
                                             16.804838   slack (MET)


Startpoint: axi_wvalid_i (input port clocked by clk_i)
Endpoint: u_sram (falling edge-triggered flip-flop clocked by clk_i)
Path Group: clk_i
Path Type: max

Fanout         Cap        Slew       Delay        Time   Description
---------------------------------------------------------------------------------------------
                                  0.000000    0.000000   clock clk_i (rise edge)
                                  0.000000    0.000000   clock network delay (propagated)
                                  2.000000    2.000000 ^ input external delay
     2    0.008620    0.000000    0.000000    2.000000 ^ axi_wvalid_i (in)
                                                         axi_wvalid_i (net)
                      0.000051    0.000026    2.000026 ^ _23_/C (sky130_fd_sc_hd__and3_2)
    17    0.083793    0.661296    0.810162    2.810187 ^ _23_/X (sky130_fd_sc_hd__and3_2)
                                                         axi_awready_o (net)
                      0.661640    0.007698    2.817886 ^ _43_/B (sky130_fd_sc_hd__and2_2)
     1    0.013198    0.145105    0.540095    3.357981 ^ _43_/X (sky130_fd_sc_hd__and2_2)
                                                         sram_wmask0[3] (net)
                      0.193473    0.000271    3.358252 ^ u_sram/wmask0[3] (sky130_sram_1kbyte_1rw1r_32x256_8)
                                              3.358252   data arrival time

                                 20.000000   20.000000   clock clk_i (rise edge)
                                  0.000000   20.000000   clock source latency
     2    0.073694    0.000000    0.000000   20.000000 ^ clk_i (in)
                                                         clk_i (net)
                      0.008592    0.004295   20.004295 ^ clkbuf_0_clk_i/A (sky130_fd_sc_hd__clkbuf_16)
     2    0.038551    0.092291    0.220696   20.224993 ^ clkbuf_0_clk_i/X (sky130_fd_sc_hd__clkbuf_16)
                                                         clknet_0_clk_i (net)
                      0.092306    0.001203   20.226194 ^ clkbuf_1_0__f_clk_i/A (sky130_fd_sc_hd__clkbuf_16)
     1    0.060543    0.121212    0.278728   20.504923 ^ clkbuf_1_0__f_clk_i/X (sky130_fd_sc_hd__clkbuf_16)
                                                         clknet_1_0__leaf_clk_i (net)
                      0.165221    0.014072   20.518995 ^ u_sram/clk0 (sky130_sram_1kbyte_1rw1r_32x256_8)
                                 -0.250000   20.268995   clock uncertainty
                                  0.000000   20.268995   clock reconvergence pessimism
                                 -0.103000   20.165997   library setup time
                                             20.165997   data required time
---------------------------------------------------------------------------------------------
                                             20.165997   data required time
                                             -3.358252   data arrival time
---------------------------------------------------------------------------------------------
                                             16.807743   slack (MET)


Startpoint: axi_wvalid_i (input port clocked by clk_i)
Endpoint: u_sram (falling edge-triggered flip-flop clocked by clk_i)
Path Group: clk_i
Path Type: max

Fanout         Cap        Slew       Delay        Time   Description
---------------------------------------------------------------------------------------------
                                  0.000000    0.000000   clock clk_i (rise edge)
                                  0.000000    0.000000   clock network delay (propagated)
                                  2.000000    2.000000 ^ input external delay
     2    0.008620    0.000000    0.000000    2.000000 ^ axi_wvalid_i (in)
                                                         axi_wvalid_i (net)
                      0.000051    0.000026    2.000026 ^ _23_/C (sky130_fd_sc_hd__and3_2)
    17    0.083793    0.661296    0.810162    2.810187 ^ _23_/X (sky130_fd_sc_hd__and3_2)
                                                         axi_awready_o (net)
                      0.661638    0.007630    2.817817 ^ _40_/B (sky130_fd_sc_hd__and2_2)
     1    0.012679    0.141360    0.536582    3.354399 ^ _40_/X (sky130_fd_sc_hd__and2_2)
                                                         sram_wmask0[0] (net)
                      0.188481    0.000300    3.354699 ^ u_sram/wmask0[0] (sky130_sram_1kbyte_1rw1r_32x256_8)
                                              3.354699   data arrival time

                                 20.000000   20.000000   clock clk_i (rise edge)
                                  0.000000   20.000000   clock source latency
     2    0.073694    0.000000    0.000000   20.000000 ^ clk_i (in)
                                                         clk_i (net)
                      0.008592    0.004295   20.004295 ^ clkbuf_0_clk_i/A (sky130_fd_sc_hd__clkbuf_16)
     2    0.038551    0.092291    0.220696   20.224993 ^ clkbuf_0_clk_i/X (sky130_fd_sc_hd__clkbuf_16)
                                                         clknet_0_clk_i (net)
                      0.092306    0.001203   20.226194 ^ clkbuf_1_0__f_clk_i/A (sky130_fd_sc_hd__clkbuf_16)
     1    0.060543    0.121212    0.278728   20.504923 ^ clkbuf_1_0__f_clk_i/X (sky130_fd_sc_hd__clkbuf_16)
                                                         clknet_1_0__leaf_clk_i (net)
                      0.165221    0.014072   20.518995 ^ u_sram/clk0 (sky130_sram_1kbyte_1rw1r_32x256_8)
                                 -0.250000   20.268995   clock uncertainty
                                  0.000000   20.268995   clock reconvergence pessimism
                                 -0.103000   20.165997   library setup time
                                             20.165997   data required time
---------------------------------------------------------------------------------------------
                                             20.165997   data required time
                                             -3.354699   data arrival time
---------------------------------------------------------------------------------------------
                                             16.811296   slack (MET)


Startpoint: axi_wvalid_i (input port clocked by clk_i)
Endpoint: u_sram (falling edge-triggered flip-flop clocked by clk_i)
Path Group: clk_i
Path Type: max

Fanout         Cap        Slew       Delay        Time   Description
---------------------------------------------------------------------------------------------
                                  0.000000    0.000000   clock clk_i (rise edge)
                                  0.000000    0.000000   clock network delay (propagated)
                                  2.000000    2.000000 ^ input external delay
     2    0.008620    0.000000    0.000000    2.000000 ^ axi_wvalid_i (in)
                                                         axi_wvalid_i (net)
                      0.000051    0.000026    2.000026 ^ _23_/C (sky130_fd_sc_hd__and3_2)
    17    0.083793    0.661296    0.810162    2.810187 ^ _23_/X (sky130_fd_sc_hd__and3_2)
                                                         axi_awready_o (net)
                      0.661639    0.007658    2.817845 ^ _41_/B (sky130_fd_sc_hd__and2_2)
     1    0.012327    0.138832    0.534219    3.352065 ^ _41_/X (sky130_fd_sc_hd__and2_2)
                                                         sram_wmask0[1] (net)
                      0.185110    0.000284    3.352349 ^ u_sram/wmask0[1] (sky130_sram_1kbyte_1rw1r_32x256_8)
                                              3.352349   data arrival time

                                 20.000000   20.000000   clock clk_i (rise edge)
                                  0.000000   20.000000   clock source latency
     2    0.073694    0.000000    0.000000   20.000000 ^ clk_i (in)
                                                         clk_i (net)
                      0.008592    0.004295   20.004295 ^ clkbuf_0_clk_i/A (sky130_fd_sc_hd__clkbuf_16)
     2    0.038551    0.092291    0.220696   20.224993 ^ clkbuf_0_clk_i/X (sky130_fd_sc_hd__clkbuf_16)
                                                         clknet_0_clk_i (net)
                      0.092306    0.001203   20.226194 ^ clkbuf_1_0__f_clk_i/A (sky130_fd_sc_hd__clkbuf_16)
     1    0.060543    0.121212    0.278728   20.504923 ^ clkbuf_1_0__f_clk_i/X (sky130_fd_sc_hd__clkbuf_16)
                                                         clknet_1_0__leaf_clk_i (net)
                      0.165221    0.014072   20.518995 ^ u_sram/clk0 (sky130_sram_1kbyte_1rw1r_32x256_8)
                                 -0.250000   20.268995   clock uncertainty
                                  0.000000   20.268995   clock reconvergence pessimism
                                 -0.103000   20.165997   library setup time
                                             20.165997   data required time
---------------------------------------------------------------------------------------------
                                             20.165997   data required time
                                             -3.352349   data arrival time
---------------------------------------------------------------------------------------------
                                             16.813648   slack (MET)


Startpoint: axi_wvalid_i (input port clocked by clk_i)
Endpoint: u_sram (falling edge-triggered flip-flop clocked by clk_i)
Path Group: clk_i
Path Type: max

Fanout         Cap        Slew       Delay        Time   Description
---------------------------------------------------------------------------------------------
                                  0.000000    0.000000   clock clk_i (rise edge)
                                  0.000000    0.000000   clock network delay (propagated)
                                  2.000000    2.000000 ^ input external delay
     2    0.008620    0.000000    0.000000    2.000000 ^ axi_wvalid_i (in)
                                                         axi_wvalid_i (net)
                      0.000051    0.000026    2.000026 ^ _23_/C (sky130_fd_sc_hd__and3_2)
    17    0.083793    0.661296    0.810162    2.810187 ^ _23_/X (sky130_fd_sc_hd__and3_2)
                                                         axi_awready_o (net)
                      0.661620    0.007067    2.817254 ^ _32_/B1 (sky130_fd_sc_hd__a32o_2)
     1    0.015818    0.187322    0.531016    3.348270 ^ _32_/X (sky130_fd_sc_hd__a32o_2)
                                                         sram_addr0[0] (net)
                      0.249762    0.000604    3.348874 ^ u_sram/addr0[0] (sky130_sram_1kbyte_1rw1r_32x256_8)
                                              3.348874   data arrival time

                                 20.000000   20.000000   clock clk_i (rise edge)
                                  0.000000   20.000000   clock source latency
     2    0.073694    0.000000    0.000000   20.000000 ^ clk_i (in)
                                                         clk_i (net)
                      0.008592    0.004295   20.004295 ^ clkbuf_0_clk_i/A (sky130_fd_sc_hd__clkbuf_16)
     2    0.038551    0.092291    0.220696   20.224993 ^ clkbuf_0_clk_i/X (sky130_fd_sc_hd__clkbuf_16)
                                                         clknet_0_clk_i (net)
                      0.092306    0.001203   20.226194 ^ clkbuf_1_0__f_clk_i/A (sky130_fd_sc_hd__clkbuf_16)
     1    0.060543    0.121212    0.278728   20.504923 ^ clkbuf_1_0__f_clk_i/X (sky130_fd_sc_hd__clkbuf_16)
                                                         clknet_1_0__leaf_clk_i (net)
                      0.165221    0.014072   20.518995 ^ u_sram/clk0 (sky130_sram_1kbyte_1rw1r_32x256_8)
                                 -0.250000   20.268995   clock uncertainty
                                  0.000000   20.268995   clock reconvergence pessimism
                                 -0.103000   20.165997   library setup time
                                             20.165997   data required time
---------------------------------------------------------------------------------------------
                                             20.165997   data required time
                                             -3.348874   data arrival time
---------------------------------------------------------------------------------------------
                                             16.817122   slack (MET)


Startpoint: axi_wvalid_i (input port clocked by clk_i)
Endpoint: u_sram (falling edge-triggered flip-flop clocked by clk_i)
Path Group: clk_i
Path Type: max

Fanout         Cap        Slew       Delay        Time   Description
---------------------------------------------------------------------------------------------
                                  0.000000    0.000000   clock clk_i (rise edge)
                                  0.000000    0.000000   clock network delay (propagated)
                                  2.000000    2.000000 ^ input external delay
     2    0.008620    0.000000    0.000000    2.000000 ^ axi_wvalid_i (in)
                                                         axi_wvalid_i (net)
                      0.000051    0.000026    2.000026 ^ _23_/C (sky130_fd_sc_hd__and3_2)
    17    0.083793    0.661296    0.810162    2.810187 ^ _23_/X (sky130_fd_sc_hd__and3_2)
                                                         axi_awready_o (net)
                      0.661296    0.001306    2.811493 ^ _37_/B1 (sky130_fd_sc_hd__a32o_2)
     1    0.014994    0.180433    0.524687    3.336180 ^ _37_/X (sky130_fd_sc_hd__a32o_2)
                                                         sram_addr0[5] (net)
                      0.240577    0.000358    3.336538 ^ u_sram/addr0[5] (sky130_sram_1kbyte_1rw1r_32x256_8)
                                              3.336538   data arrival time

                                 20.000000   20.000000   clock clk_i (rise edge)
                                  0.000000   20.000000   clock source latency
     2    0.073694    0.000000    0.000000   20.000000 ^ clk_i (in)
                                                         clk_i (net)
                      0.008592    0.004295   20.004295 ^ clkbuf_0_clk_i/A (sky130_fd_sc_hd__clkbuf_16)
     2    0.038551    0.092291    0.220696   20.224993 ^ clkbuf_0_clk_i/X (sky130_fd_sc_hd__clkbuf_16)
                                                         clknet_0_clk_i (net)
                      0.092306    0.001203   20.226194 ^ clkbuf_1_0__f_clk_i/A (sky130_fd_sc_hd__clkbuf_16)
     1    0.060543    0.121212    0.278728   20.504923 ^ clkbuf_1_0__f_clk_i/X (sky130_fd_sc_hd__clkbuf_16)
                                                         clknet_1_0__leaf_clk_i (net)
                      0.165221    0.014072   20.518995 ^ u_sram/clk0 (sky130_sram_1kbyte_1rw1r_32x256_8)
                                 -0.250000   20.268995   clock uncertainty
                                  0.000000   20.268995   clock reconvergence pessimism
                                 -0.103000   20.165997   library setup time
                                             20.165997   data required time
---------------------------------------------------------------------------------------------
                                             20.165997   data required time
                                             -3.336538   data arrival time
---------------------------------------------------------------------------------------------
                                             16.829458   slack (MET)


Startpoint: axi_wvalid_i (input port clocked by clk_i)
Endpoint: u_sram (falling edge-triggered flip-flop clocked by clk_i)
Path Group: clk_i
Path Type: max

Fanout         Cap        Slew       Delay        Time   Description
---------------------------------------------------------------------------------------------
                                  0.000000    0.000000   clock clk_i (rise edge)
                                  0.000000    0.000000   clock network delay (propagated)
                                  2.000000    2.000000 ^ input external delay
     2    0.008620    0.000000    0.000000    2.000000 ^ axi_wvalid_i (in)
                                                         axi_wvalid_i (net)
                      0.000051    0.000026    2.000026 ^ _23_/C (sky130_fd_sc_hd__and3_2)
    17    0.083793    0.661296    0.810162    2.810187 ^ _23_/X (sky130_fd_sc_hd__and3_2)
                                                         axi_awready_o (net)
                      0.661296    0.001425    2.811613 ^ _39_/B1 (sky130_fd_sc_hd__a32o_2)
     1    0.014333    0.175030    0.519513    3.331125 ^ _39_/X (sky130_fd_sc_hd__a32o_2)
                                                         sram_addr0[7] (net)
                      0.233373    0.000463    3.331589 ^ u_sram/addr0[7] (sky130_sram_1kbyte_1rw1r_32x256_8)
                                              3.331589   data arrival time

                                 20.000000   20.000000   clock clk_i (rise edge)
                                  0.000000   20.000000   clock source latency
     2    0.073694    0.000000    0.000000   20.000000 ^ clk_i (in)
                                                         clk_i (net)
                      0.008592    0.004295   20.004295 ^ clkbuf_0_clk_i/A (sky130_fd_sc_hd__clkbuf_16)
     2    0.038551    0.092291    0.220696   20.224993 ^ clkbuf_0_clk_i/X (sky130_fd_sc_hd__clkbuf_16)
                                                         clknet_0_clk_i (net)
                      0.092306    0.001203   20.226194 ^ clkbuf_1_0__f_clk_i/A (sky130_fd_sc_hd__clkbuf_16)
     1    0.060543    0.121212    0.278728   20.504923 ^ clkbuf_1_0__f_clk_i/X (sky130_fd_sc_hd__clkbuf_16)
                                                         clknet_1_0__leaf_clk_i (net)
                      0.165221    0.014072   20.518995 ^ u_sram/clk0 (sky130_sram_1kbyte_1rw1r_32x256_8)
                                 -0.250000   20.268995   clock uncertainty
                                  0.000000   20.268995   clock reconvergence pessimism
                                 -0.103000   20.165997   library setup time
                                             20.165997   data required time
---------------------------------------------------------------------------------------------
                                             20.165997   data required time
                                             -3.331589   data arrival time
---------------------------------------------------------------------------------------------
                                             16.834406   slack (MET)


Startpoint: axi_wvalid_i (input port clocked by clk_i)
Endpoint: u_sram (falling edge-triggered flip-flop clocked by clk_i)
Path Group: clk_i
Path Type: max

Fanout         Cap        Slew       Delay        Time   Description
---------------------------------------------------------------------------------------------
                                  0.000000    0.000000   clock clk_i (rise edge)
                                  0.000000    0.000000   clock network delay (propagated)
                                  2.000000    2.000000 ^ input external delay
     2    0.008620    0.000000    0.000000    2.000000 ^ axi_wvalid_i (in)
                                                         axi_wvalid_i (net)
                      0.000051    0.000026    2.000026 ^ _23_/C (sky130_fd_sc_hd__and3_2)
    17    0.083793    0.661296    0.810162    2.810187 ^ _23_/X (sky130_fd_sc_hd__and3_2)
                                                         axi_awready_o (net)
                      0.661296    0.001387    2.811574 ^ _38_/B1 (sky130_fd_sc_hd__a32o_2)
     1    0.013970    0.172028    0.516757    3.328331 ^ _38_/X (sky130_fd_sc_hd__a32o_2)
                                                         sram_addr0[6] (net)
                      0.229370    0.000336    3.328667 ^ u_sram/addr0[6] (sky130_sram_1kbyte_1rw1r_32x256_8)
                                              3.328667   data arrival time

                                 20.000000   20.000000   clock clk_i (rise edge)
                                  0.000000   20.000000   clock source latency
     2    0.073694    0.000000    0.000000   20.000000 ^ clk_i (in)
                                                         clk_i (net)
                      0.008592    0.004295   20.004295 ^ clkbuf_0_clk_i/A (sky130_fd_sc_hd__clkbuf_16)
     2    0.038551    0.092291    0.220696   20.224993 ^ clkbuf_0_clk_i/X (sky130_fd_sc_hd__clkbuf_16)
                                                         clknet_0_clk_i (net)
                      0.092306    0.001203   20.226194 ^ clkbuf_1_0__f_clk_i/A (sky130_fd_sc_hd__clkbuf_16)
     1    0.060543    0.121212    0.278728   20.504923 ^ clkbuf_1_0__f_clk_i/X (sky130_fd_sc_hd__clkbuf_16)
                                                         clknet_1_0__leaf_clk_i (net)
                      0.165221    0.014072   20.518995 ^ u_sram/clk0 (sky130_sram_1kbyte_1rw1r_32x256_8)
                                 -0.250000   20.268995   clock uncertainty
                                  0.000000   20.268995   clock reconvergence pessimism
                                 -0.103000   20.165997   library setup time
                                             20.165997   data required time
---------------------------------------------------------------------------------------------
                                             20.165997   data required time
                                             -3.328667   data arrival time
---------------------------------------------------------------------------------------------
                                             16.837328   slack (MET)


Startpoint: axi_wvalid_i (input port clocked by clk_i)
Endpoint: u_sram (falling edge-triggered flip-flop clocked by clk_i)
Path Group: clk_i
Path Type: max

Fanout         Cap        Slew       Delay        Time   Description
---------------------------------------------------------------------------------------------
                                  0.000000    0.000000   clock clk_i (rise edge)
                                  0.000000    0.000000   clock network delay (propagated)
                                  2.000000    2.000000 ^ input external delay
     2    0.008620    0.000000    0.000000    2.000000 ^ axi_wvalid_i (in)
                                                         axi_wvalid_i (net)
                      0.000051    0.000026    2.000026 ^ _23_/C (sky130_fd_sc_hd__and3_2)
    17    0.083793    0.661296    0.810162    2.810187 ^ _23_/X (sky130_fd_sc_hd__and3_2)
                                                         axi_awready_o (net)
                      0.661296    0.001231    2.811419 ^ _35_/B1 (sky130_fd_sc_hd__a32o_2)
     1    0.013674    0.169588    0.514513    3.325932 ^ _35_/X (sky130_fd_sc_hd__a32o_2)
                                                         sram_addr0[3] (net)
                      0.226118    0.000244    3.326176 ^ u_sram/addr0[3] (sky130_sram_1kbyte_1rw1r_32x256_8)
                                              3.326176   data arrival time

                                 20.000000   20.000000   clock clk_i (rise edge)
                                  0.000000   20.000000   clock source latency
     2    0.073694    0.000000    0.000000   20.000000 ^ clk_i (in)
                                                         clk_i (net)
                      0.008592    0.004295   20.004295 ^ clkbuf_0_clk_i/A (sky130_fd_sc_hd__clkbuf_16)
     2    0.038551    0.092291    0.220696   20.224993 ^ clkbuf_0_clk_i/X (sky130_fd_sc_hd__clkbuf_16)
                                                         clknet_0_clk_i (net)
                      0.092306    0.001203   20.226194 ^ clkbuf_1_0__f_clk_i/A (sky130_fd_sc_hd__clkbuf_16)
     1    0.060543    0.121212    0.278728   20.504923 ^ clkbuf_1_0__f_clk_i/X (sky130_fd_sc_hd__clkbuf_16)
                                                         clknet_1_0__leaf_clk_i (net)
                      0.165221    0.014072   20.518995 ^ u_sram/clk0 (sky130_sram_1kbyte_1rw1r_32x256_8)
                                 -0.250000   20.268995   clock uncertainty
                                  0.000000   20.268995   clock reconvergence pessimism
                                 -0.103000   20.165997   library setup time
                                             20.165997   data required time
---------------------------------------------------------------------------------------------
                                             20.165997   data required time
                                             -3.326176   data arrival time
---------------------------------------------------------------------------------------------
                                             16.839821   slack (MET)


Startpoint: axi_wvalid_i (input port clocked by clk_i)
Endpoint: u_sram (falling edge-triggered flip-flop clocked by clk_i)
Path Group: clk_i
Path Type: max

Fanout         Cap        Slew       Delay        Time   Description
---------------------------------------------------------------------------------------------
                                  0.000000    0.000000   clock clk_i (rise edge)
                                  0.000000    0.000000   clock network delay (propagated)
                                  2.000000    2.000000 ^ input external delay
     2    0.008620    0.000000    0.000000    2.000000 ^ axi_wvalid_i (in)
                                                         axi_wvalid_i (net)
                      0.000051    0.000026    2.000026 ^ _23_/C (sky130_fd_sc_hd__and3_2)
    17    0.083793    0.661296    0.810162    2.810187 ^ _23_/X (sky130_fd_sc_hd__and3_2)
                                                         axi_awready_o (net)
                      0.661296    0.001271    2.811459 ^ _36_/B1 (sky130_fd_sc_hd__a32o_2)
     1    0.013535    0.168511    0.513337    3.324796 ^ _36_/X (sky130_fd_sc_hd__a32o_2)
                                                         sram_addr0[4] (net)
                      0.224681    0.000437    3.325233 ^ u_sram/addr0[4] (sky130_sram_1kbyte_1rw1r_32x256_8)
                                              3.325233   data arrival time

                                 20.000000   20.000000   clock clk_i (rise edge)
                                  0.000000   20.000000   clock source latency
     2    0.073694    0.000000    0.000000   20.000000 ^ clk_i (in)
                                                         clk_i (net)
                      0.008592    0.004295   20.004295 ^ clkbuf_0_clk_i/A (sky130_fd_sc_hd__clkbuf_16)
     2    0.038551    0.092291    0.220696   20.224993 ^ clkbuf_0_clk_i/X (sky130_fd_sc_hd__clkbuf_16)
                                                         clknet_0_clk_i (net)
                      0.092306    0.001203   20.226194 ^ clkbuf_1_0__f_clk_i/A (sky130_fd_sc_hd__clkbuf_16)
     1    0.060543    0.121212    0.278728   20.504923 ^ clkbuf_1_0__f_clk_i/X (sky130_fd_sc_hd__clkbuf_16)
                                                         clknet_1_0__leaf_clk_i (net)
                      0.165221    0.014072   20.518995 ^ u_sram/clk0 (sky130_sram_1kbyte_1rw1r_32x256_8)
                                 -0.250000   20.268995   clock uncertainty
                                  0.000000   20.268995   clock reconvergence pessimism
                                 -0.103000   20.165997   library setup time
                                             20.165997   data required time
---------------------------------------------------------------------------------------------
                                             20.165997   data required time
                                             -3.325233   data arrival time
---------------------------------------------------------------------------------------------
                                             16.840763   slack (MET)


Startpoint: axi_wvalid_i (input port clocked by clk_i)
Endpoint: u_sram (falling edge-triggered flip-flop clocked by clk_i)
Path Group: clk_i
Path Type: max

Fanout         Cap        Slew       Delay        Time   Description
---------------------------------------------------------------------------------------------
                                  0.000000    0.000000   clock clk_i (rise edge)
                                  0.000000    0.000000   clock network delay (propagated)
                                  2.000000    2.000000 ^ input external delay
     2    0.008620    0.000000    0.000000    2.000000 ^ axi_wvalid_i (in)
                                                         axi_wvalid_i (net)
                      0.000051    0.000026    2.000026 ^ _23_/C (sky130_fd_sc_hd__and3_2)
    17    0.083793    0.661296    0.810162    2.810187 ^ _23_/X (sky130_fd_sc_hd__and3_2)
                                                         axi_awready_o (net)
                      0.661296    0.001185    2.811372 ^ _34_/B1 (sky130_fd_sc_hd__a32o_2)
     1    0.012795    0.162505    0.507628    3.319000 ^ _34_/X (sky130_fd_sc_hd__a32o_2)
                                                         sram_addr0[2] (net)
                      0.216673    0.000364    3.319364 ^ u_sram/addr0[2] (sky130_sram_1kbyte_1rw1r_32x256_8)
                                              3.319364   data arrival time

                                 20.000000   20.000000   clock clk_i (rise edge)
                                  0.000000   20.000000   clock source latency
     2    0.073694    0.000000    0.000000   20.000000 ^ clk_i (in)
                                                         clk_i (net)
                      0.008592    0.004295   20.004295 ^ clkbuf_0_clk_i/A (sky130_fd_sc_hd__clkbuf_16)
     2    0.038551    0.092291    0.220696   20.224993 ^ clkbuf_0_clk_i/X (sky130_fd_sc_hd__clkbuf_16)
                                                         clknet_0_clk_i (net)
                      0.092306    0.001203   20.226194 ^ clkbuf_1_0__f_clk_i/A (sky130_fd_sc_hd__clkbuf_16)
     1    0.060543    0.121212    0.278728   20.504923 ^ clkbuf_1_0__f_clk_i/X (sky130_fd_sc_hd__clkbuf_16)
                                                         clknet_1_0__leaf_clk_i (net)
                      0.165221    0.014072   20.518995 ^ u_sram/clk0 (sky130_sram_1kbyte_1rw1r_32x256_8)
                                 -0.250000   20.268995   clock uncertainty
                                  0.000000   20.268995   clock reconvergence pessimism
                                 -0.103000   20.165997   library setup time
                                             20.165997   data required time
---------------------------------------------------------------------------------------------
                                             20.165997   data required time
                                             -3.319364   data arrival time
---------------------------------------------------------------------------------------------
                                             16.846632   slack (MET)


Startpoint: axi_wvalid_i (input port clocked by clk_i)
Endpoint: u_sram (falling edge-triggered flip-flop clocked by clk_i)
Path Group: clk_i
Path Type: max

Fanout         Cap        Slew       Delay        Time   Description
---------------------------------------------------------------------------------------------
                                  0.000000    0.000000   clock clk_i (rise edge)
                                  0.000000    0.000000   clock network delay (propagated)
                                  2.000000    2.000000 ^ input external delay
     2    0.008620    0.000000    0.000000    2.000000 ^ axi_wvalid_i (in)
                                                         axi_wvalid_i (net)
                      0.000051    0.000026    2.000026 ^ _23_/C (sky130_fd_sc_hd__and3_2)
    17    0.083793    0.661296    0.810162    2.810187 ^ _23_/X (sky130_fd_sc_hd__and3_2)
                                                         axi_awready_o (net)
                      0.661296    0.001312    2.811499 ^ _33_/B1 (sky130_fd_sc_hd__a32o_2)
     1    0.012246    0.158086    0.503401    3.314900 ^ _33_/X (sky130_fd_sc_hd__a32o_2)
                                                         sram_addr0[1] (net)
                      0.210782    0.000312    3.315212 ^ u_sram/addr0[1] (sky130_sram_1kbyte_1rw1r_32x256_8)
                                              3.315212   data arrival time

                                 20.000000   20.000000   clock clk_i (rise edge)
                                  0.000000   20.000000   clock source latency
     2    0.073694    0.000000    0.000000   20.000000 ^ clk_i (in)
                                                         clk_i (net)
                      0.008592    0.004295   20.004295 ^ clkbuf_0_clk_i/A (sky130_fd_sc_hd__clkbuf_16)
     2    0.038551    0.092291    0.220696   20.224993 ^ clkbuf_0_clk_i/X (sky130_fd_sc_hd__clkbuf_16)
                                                         clknet_0_clk_i (net)
                      0.092306    0.001203   20.226194 ^ clkbuf_1_0__f_clk_i/A (sky130_fd_sc_hd__clkbuf_16)
     1    0.060543    0.121212    0.278728   20.504923 ^ clkbuf_1_0__f_clk_i/X (sky130_fd_sc_hd__clkbuf_16)
                                                         clknet_1_0__leaf_clk_i (net)
                      0.165221    0.014072   20.518995 ^ u_sram/clk0 (sky130_sram_1kbyte_1rw1r_32x256_8)
                                 -0.250000   20.268995   clock uncertainty
                                  0.000000   20.268995   clock reconvergence pessimism
                                 -0.103000   20.165997   library setup time
                                             20.165997   data required time
---------------------------------------------------------------------------------------------
                                             20.165997   data required time
                                             -3.315212   data arrival time
---------------------------------------------------------------------------------------------
                                             16.850784   slack (MET)


Startpoint: axi_wvalid_i (input port clocked by clk_i)
Endpoint: _46_ (rising edge-triggered flip-flop clocked by clk_i)
Path Group: clk_i
Path Type: max

Fanout         Cap        Slew       Delay        Time   Description
---------------------------------------------------------------------------------------------
                                  0.000000    0.000000   clock clk_i (rise edge)
                                  0.000000    0.000000   clock network delay (propagated)
                                  2.000000    2.000000 v input external delay
     2    0.008132    0.000000    0.000000    2.000000 v axi_wvalid_i (in)
                                                         axi_wvalid_i (net)
                      0.000048    0.000024    2.000024 v _23_/C (sky130_fd_sc_hd__and3_2)
    17    0.080588    0.374361    0.708064    2.708088 v _23_/X (sky130_fd_sc_hd__and3_2)
                                                         axi_awready_o (net)
                      0.374361    0.001435    2.709523 v _28_/B1 (sky130_fd_sc_hd__a21o_2)
     1    0.006117    0.073617    0.482467    3.191990 v _28_/X (sky130_fd_sc_hd__a21o_2)
                                                         _02_ (net)
                      0.073617    0.000165    3.192155 v _46_/D (sky130_fd_sc_hd__dfrtp_2)
                                              3.192155   data arrival time

                                 20.000000   20.000000   clock clk_i (rise edge)
                                  0.000000   20.000000   clock source latency
     2    0.073694    0.000000    0.000000   20.000000 ^ clk_i (in)
                                                         clk_i (net)
                      0.005402    0.002702   20.002703 ^ clkbuf_regs_0_clk_i/A (sky130_fd_sc_hd__clkbuf_16)
     1    0.008368    0.052169    0.176431   20.179134 ^ clkbuf_regs_0_clk_i/X (sky130_fd_sc_hd__clkbuf_16)
                                                         clk_i_regs (net)
                      0.052169    0.000089   20.179222 ^ clkbuf_0_clk_i_regs/A (sky130_fd_sc_hd__clkbuf_16)
     2    0.018710    0.065828    0.211749   20.390972 ^ clkbuf_0_clk_i_regs/X (sky130_fd_sc_hd__clkbuf_16)
                                                         clknet_0_clk_i_regs (net)
                      0.065828    0.000194   20.391165 ^ clkbuf_1_1__f_clk_i_regs/A (sky130_fd_sc_hd__clkbuf_16)
     3    0.007177    0.050738    0.200370   20.591534 ^ clkbuf_1_1__f_clk_i_regs/X (sky130_fd_sc_hd__clkbuf_16)
                                                         clknet_1_1__leaf_clk_i_regs (net)
                      0.050738    0.000057   20.591591 ^ _46_/CLK (sky130_fd_sc_hd__dfrtp_2)
                                 -0.250000   20.341593   clock uncertainty
                                  0.000000   20.341593   clock reconvergence pessimism
                                 -0.283253   20.058340   library setup time
                                             20.058340   data required time
---------------------------------------------------------------------------------------------
                                             20.058340   data required time
                                             -3.192155   data arrival time
---------------------------------------------------------------------------------------------
                                             16.866186   slack (MET)


Startpoint: axi_arvalid_i (input port clocked by clk_i)
Endpoint: _47_ (rising edge-triggered flip-flop clocked by clk_i)
Path Group: clk_i
Path Type: max

Fanout         Cap        Slew       Delay        Time   Description
---------------------------------------------------------------------------------------------
                                  0.000000    0.000000   clock clk_i (rise edge)
                                  0.000000    0.000000   clock network delay (propagated)
                                  2.000000    2.000000 v input external delay
     2    0.007920    0.000000    0.000000    2.000000 v axi_arvalid_i (in)
                                                         axi_arvalid_i (net)
                      0.000035    0.000018    2.000018 v _25_/B (sky130_fd_sc_hd__and2_2)
    11    0.056008    0.278881    0.580161    2.580178 v _25_/X (sky130_fd_sc_hd__and2_2)
                                                         _08_ (net)
                      0.278881    0.000430    2.580609 v _44_/B (sky130_fd_sc_hd__and2_2)
     1    0.006678    0.087821    0.522042    3.102650 v _44_/X (sky130_fd_sc_hd__and2_2)
                                                         _00_ (net)
                      0.087821    0.000167    3.102818 v _47_/D (sky130_fd_sc_hd__dfrtp_2)
                                              3.102818   data arrival time

                                 20.000000   20.000000   clock clk_i (rise edge)
                                  0.000000   20.000000   clock source latency
     2    0.073694    0.000000    0.000000   20.000000 ^ clk_i (in)
                                                         clk_i (net)
                      0.005402    0.002702   20.002703 ^ clkbuf_regs_0_clk_i/A (sky130_fd_sc_hd__clkbuf_16)
     1    0.008368    0.052169    0.176431   20.179134 ^ clkbuf_regs_0_clk_i/X (sky130_fd_sc_hd__clkbuf_16)
                                                         clk_i_regs (net)
                      0.052169    0.000089   20.179222 ^ clkbuf_0_clk_i_regs/A (sky130_fd_sc_hd__clkbuf_16)
     2    0.018710    0.065828    0.211749   20.390972 ^ clkbuf_0_clk_i_regs/X (sky130_fd_sc_hd__clkbuf_16)
                                                         clknet_0_clk_i_regs (net)
                      0.065828    0.000156   20.391127 ^ clkbuf_1_0__f_clk_i_regs/A (sky130_fd_sc_hd__clkbuf_16)
     2    0.004874    0.047631    0.196001   20.587130 ^ clkbuf_1_0__f_clk_i_regs/X (sky130_fd_sc_hd__clkbuf_16)
                                                         clknet_1_0__leaf_clk_i_regs (net)
                      0.047631    0.000053   20.587183 ^ _47_/CLK (sky130_fd_sc_hd__dfrtp_2)
                                 -0.250000   20.337183   clock uncertainty
                                  0.000000   20.337183   clock reconvergence pessimism
                                 -0.290018   20.047165   library setup time
                                             20.047165   data required time
---------------------------------------------------------------------------------------------
                                             20.047165   data required time
                                             -3.102818   data arrival time
---------------------------------------------------------------------------------------------
                                             16.944347   slack (MET)


Startpoint: axi_wvalid_i (input port clocked by clk_i)
Endpoint: u_sram (falling edge-triggered flip-flop clocked by clk_i)
Path Group: clk_i
Path Type: max

Fanout         Cap        Slew       Delay        Time   Description
---------------------------------------------------------------------------------------------
                                  0.000000    0.000000   clock clk_i (rise edge)
                                  0.000000    0.000000   clock network delay (propagated)
                                  2.000000    2.000000 ^ input external delay
     2    0.008620    0.000000    0.000000    2.000000 ^ axi_wvalid_i (in)
                                                         axi_wvalid_i (net)
                      0.000051    0.000026    2.000026 ^ _23_/C (sky130_fd_sc_hd__and3_2)
    17    0.083793    0.661296    0.810162    2.810187 ^ _23_/X (sky130_fd_sc_hd__and3_2)
                                                         axi_awready_o (net)
                      0.661565    0.004974    2.815161 ^ _29_/A (sky130_fd_sc_hd__nor2_2)
     1    0.010851    0.153526    0.294604    3.109765 v _29_/Y (sky130_fd_sc_hd__nor2_2)
                                                         sram_csb0 (net)
                      0.204701    0.000217    3.109982 v u_sram/csb0 (sky130_sram_1kbyte_1rw1r_32x256_8)
                                              3.109982   data arrival time

                                 20.000000   20.000000   clock clk_i (rise edge)
                                  0.000000   20.000000   clock source latency
     2    0.073694    0.000000    0.000000   20.000000 ^ clk_i (in)
                                                         clk_i (net)
                      0.008592    0.004295   20.004295 ^ clkbuf_0_clk_i/A (sky130_fd_sc_hd__clkbuf_16)
     2    0.038551    0.092291    0.220696   20.224993 ^ clkbuf_0_clk_i/X (sky130_fd_sc_hd__clkbuf_16)
                                                         clknet_0_clk_i (net)
                      0.092306    0.001203   20.226194 ^ clkbuf_1_0__f_clk_i/A (sky130_fd_sc_hd__clkbuf_16)
     1    0.060543    0.121212    0.278728   20.504923 ^ clkbuf_1_0__f_clk_i/X (sky130_fd_sc_hd__clkbuf_16)
                                                         clknet_1_0__leaf_clk_i (net)
                      0.165221    0.014072   20.518995 ^ u_sram/clk0 (sky130_sram_1kbyte_1rw1r_32x256_8)
                                 -0.250000   20.268995   clock uncertainty
                                  0.000000   20.268995   clock reconvergence pessimism
                                 -0.103000   20.165997   library setup time
                                             20.165997   data required time
---------------------------------------------------------------------------------------------
                                             20.165997   data required time
                                             -3.109982   data arrival time
---------------------------------------------------------------------------------------------
                                             17.056013   slack (MET)


Startpoint: axi_wvalid_i (input port clocked by clk_i)
Endpoint: u_sram (falling edge-triggered flip-flop clocked by clk_i)
Path Group: clk_i
Path Type: max

Fanout         Cap        Slew       Delay        Time   Description
---------------------------------------------------------------------------------------------
                                  0.000000    0.000000   clock clk_i (rise edge)
                                  0.000000    0.000000   clock network delay (propagated)
                                  2.000000    2.000000 ^ input external delay
     2    0.008620    0.000000    0.000000    2.000000 ^ axi_wvalid_i (in)
                                                         axi_wvalid_i (net)
                      0.000051    0.000026    2.000026 ^ _23_/C (sky130_fd_sc_hd__and3_2)
    17    0.083793    0.661296    0.810162    2.810187 ^ _23_/X (sky130_fd_sc_hd__and3_2)
                                                         axi_awready_o (net)
                      0.661570    0.005237    2.815424 ^ _24_/A (sky130_fd_sc_hd__inv_2)
     1    0.008981    0.138061    0.243602    3.059026 v _24_/Y (sky130_fd_sc_hd__inv_2)
                                                         sram_web0 (net)
                      0.184081    0.000151    3.059177 v u_sram/web0 (sky130_sram_1kbyte_1rw1r_32x256_8)
                                              3.059177   data arrival time

                                 20.000000   20.000000   clock clk_i (rise edge)
                                  0.000000   20.000000   clock source latency
     2    0.073694    0.000000    0.000000   20.000000 ^ clk_i (in)
                                                         clk_i (net)
                      0.008592    0.004295   20.004295 ^ clkbuf_0_clk_i/A (sky130_fd_sc_hd__clkbuf_16)
     2    0.038551    0.092291    0.220696   20.224993 ^ clkbuf_0_clk_i/X (sky130_fd_sc_hd__clkbuf_16)
                                                         clknet_0_clk_i (net)
                      0.092306    0.001203   20.226194 ^ clkbuf_1_0__f_clk_i/A (sky130_fd_sc_hd__clkbuf_16)
     1    0.060543    0.121212    0.278728   20.504923 ^ clkbuf_1_0__f_clk_i/X (sky130_fd_sc_hd__clkbuf_16)
                                                         clknet_1_0__leaf_clk_i (net)
                      0.165221    0.014072   20.518995 ^ u_sram/clk0 (sky130_sram_1kbyte_1rw1r_32x256_8)
                                 -0.250000   20.268995   clock uncertainty
                                  0.000000   20.268995   clock reconvergence pessimism
                                 -0.103000   20.165997   library setup time
                                             20.165997   data required time
---------------------------------------------------------------------------------------------
                                             20.165997   data required time
                                             -3.059177   data arrival time
---------------------------------------------------------------------------------------------
                                             17.106817   slack (MET)


Startpoint: axi_wvalid_i (input port clocked by clk_i)
Endpoint: _45_ (rising edge-triggered flip-flop clocked by clk_i)
Path Group: clk_i
Path Type: max

Fanout         Cap        Slew       Delay        Time   Description
---------------------------------------------------------------------------------------------
                                  0.000000    0.000000   clock clk_i (rise edge)
                                  0.000000    0.000000   clock network delay (propagated)
                                  2.000000    2.000000 ^ input external delay
     2    0.008620    0.000000    0.000000    2.000000 ^ axi_wvalid_i (in)
                                                         axi_wvalid_i (net)
                      0.000053    0.000026    2.000026 ^ _22_/B (sky130_fd_sc_hd__nand2_2)
    11    0.053784    0.450462    0.360568    2.360595 v _22_/Y (sky130_fd_sc_hd__nand2_2)
                                                         _07_ (net)
                      0.450467    0.001266    2.361861 v _31_/A3 (sky130_fd_sc_hd__a31o_2)
     1    0.006732    0.081496    0.628564    2.990424 v _31_/X (sky130_fd_sc_hd__a31o_2)
                                                         _01_ (net)
                      0.081496    0.000170    2.990594 v _45_/D (sky130_fd_sc_hd__dfstp_2)
                                              2.990594   data arrival time

                                 20.000000   20.000000   clock clk_i (rise edge)
                                  0.000000   20.000000   clock source latency
     2    0.073694    0.000000    0.000000   20.000000 ^ clk_i (in)
                                                         clk_i (net)
                      0.005402    0.002702   20.002703 ^ clkbuf_regs_0_clk_i/A (sky130_fd_sc_hd__clkbuf_16)
     1    0.008368    0.052169    0.176431   20.179134 ^ clkbuf_regs_0_clk_i/X (sky130_fd_sc_hd__clkbuf_16)
                                                         clk_i_regs (net)
                      0.052169    0.000089   20.179222 ^ clkbuf_0_clk_i_regs/A (sky130_fd_sc_hd__clkbuf_16)
     2    0.018710    0.065828    0.211749   20.390972 ^ clkbuf_0_clk_i_regs/X (sky130_fd_sc_hd__clkbuf_16)
                                                         clknet_0_clk_i_regs (net)
                      0.065828    0.000156   20.391127 ^ clkbuf_1_0__f_clk_i_regs/A (sky130_fd_sc_hd__clkbuf_16)
     2    0.004874    0.047631    0.196001   20.587130 ^ clkbuf_1_0__f_clk_i_regs/X (sky130_fd_sc_hd__clkbuf_16)
                                                         clknet_1_0__leaf_clk_i_regs (net)
                      0.047631    0.000052   20.587181 ^ _45_/CLK (sky130_fd_sc_hd__dfstp_2)
                                 -0.250000   20.337181   clock uncertainty
                                  0.000000   20.337181   clock reconvergence pessimism
                                 -0.167125   20.170057   library setup time
                                             20.170057   data required time
---------------------------------------------------------------------------------------------
                                             20.170057   data required time
                                             -2.990594   data arrival time
---------------------------------------------------------------------------------------------
                                             17.179462   slack (MET)


Startpoint: axi_wdata_i[10] (input port clocked by clk_i)
Endpoint: u_sram (falling edge-triggered flip-flop clocked by clk_i)
Path Group: clk_i
Path Type: max

Fanout         Cap        Slew       Delay        Time   Description
---------------------------------------------------------------------------------------------
                                  0.000000    0.000000   clock clk_i (rise edge)
                                  0.000000    0.000000   clock network delay (propagated)
                                  2.000000    2.000000 ^ input external delay
     1    0.015266    0.000000    0.000000    2.000000 ^ axi_wdata_i[10] (in)
                                                         axi_wdata_i[10] (net)
                      0.001871    0.000443    2.000443 ^ u_sram/din0[10] (sky130_sram_1kbyte_1rw1r_32x256_8)
                                              2.000443   data arrival time

                                 20.000000   20.000000   clock clk_i (rise edge)
                                  0.000000   20.000000   clock source latency
     2    0.073694    0.000000    0.000000   20.000000 ^ clk_i (in)
                                                         clk_i (net)
                      0.008592    0.004295   20.004295 ^ clkbuf_0_clk_i/A (sky130_fd_sc_hd__clkbuf_16)
     2    0.038551    0.092291    0.220696   20.224993 ^ clkbuf_0_clk_i/X (sky130_fd_sc_hd__clkbuf_16)
                                                         clknet_0_clk_i (net)
                      0.092306    0.001203   20.226194 ^ clkbuf_1_0__f_clk_i/A (sky130_fd_sc_hd__clkbuf_16)
     1    0.060543    0.121212    0.278728   20.504923 ^ clkbuf_1_0__f_clk_i/X (sky130_fd_sc_hd__clkbuf_16)
                                                         clknet_1_0__leaf_clk_i (net)
                      0.165221    0.014072   20.518995 ^ u_sram/clk0 (sky130_sram_1kbyte_1rw1r_32x256_8)
                                 -0.250000   20.268995   clock uncertainty
                                  0.000000   20.268995   clock reconvergence pessimism
                                 -0.103000   20.165997   library setup time
                                             20.165997   data required time
---------------------------------------------------------------------------------------------
                                             20.165997   data required time
                                             -2.000443   data arrival time
---------------------------------------------------------------------------------------------
                                             18.165554   slack (MET)


Startpoint: axi_wdata_i[11] (input port clocked by clk_i)
Endpoint: u_sram (falling edge-triggered flip-flop clocked by clk_i)
Path Group: clk_i
Path Type: max

Fanout         Cap        Slew       Delay        Time   Description
---------------------------------------------------------------------------------------------
                                  0.000000    0.000000   clock clk_i (rise edge)
                                  0.000000    0.000000   clock network delay (propagated)
                                  2.000000    2.000000 ^ input external delay
     1    0.015299    0.000000    0.000000    2.000000 ^ axi_wdata_i[11] (in)
                                                         axi_wdata_i[11] (net)
                      0.001891    0.000447    2.000448 ^ u_sram/din0[11] (sky130_sram_1kbyte_1rw1r_32x256_8)
                                              2.000448   data arrival time

                                 20.000000   20.000000   clock clk_i (rise edge)
                                  0.000000   20.000000   clock source latency
     2    0.073694    0.000000    0.000000   20.000000 ^ clk_i (in)
                                                         clk_i (net)
                      0.008592    0.004295   20.004295 ^ clkbuf_0_clk_i/A (sky130_fd_sc_hd__clkbuf_16)
     2    0.038551    0.092291    0.220696   20.224993 ^ clkbuf_0_clk_i/X (sky130_fd_sc_hd__clkbuf_16)
                                                         clknet_0_clk_i (net)
                      0.092306    0.001203   20.226194 ^ clkbuf_1_0__f_clk_i/A (sky130_fd_sc_hd__clkbuf_16)
     1    0.060543    0.121212    0.278728   20.504923 ^ clkbuf_1_0__f_clk_i/X (sky130_fd_sc_hd__clkbuf_16)
                                                         clknet_1_0__leaf_clk_i (net)
                      0.165221    0.014072   20.518995 ^ u_sram/clk0 (sky130_sram_1kbyte_1rw1r_32x256_8)
                                 -0.250000   20.268995   clock uncertainty
                                  0.000000   20.268995   clock reconvergence pessimism
                                 -0.103000   20.165997   library setup time
                                             20.165997   data required time
---------------------------------------------------------------------------------------------
                                             20.165997   data required time
                                             -2.000448   data arrival time
---------------------------------------------------------------------------------------------
                                             18.165548   slack (MET)


Startpoint: axi_wdata_i[12] (input port clocked by clk_i)
Endpoint: u_sram (falling edge-triggered flip-flop clocked by clk_i)
Path Group: clk_i
Path Type: max

Fanout         Cap        Slew       Delay        Time   Description
---------------------------------------------------------------------------------------------
                                  0.000000    0.000000   clock clk_i (rise edge)
                                  0.000000    0.000000   clock network delay (propagated)
                                  2.000000    2.000000 ^ input external delay
     1    0.015228    0.000000    0.000000    2.000000 ^ axi_wdata_i[12] (in)
                                                         axi_wdata_i[12] (net)
                      0.001863    0.000441    2.000441 ^ u_sram/din0[12] (sky130_sram_1kbyte_1rw1r_32x256_8)
                                              2.000441   data arrival time

                                 20.000000   20.000000   clock clk_i (rise edge)
                                  0.000000   20.000000   clock source latency
     2    0.073694    0.000000    0.000000   20.000000 ^ clk_i (in)
                                                         clk_i (net)
                      0.008592    0.004295   20.004295 ^ clkbuf_0_clk_i/A (sky130_fd_sc_hd__clkbuf_16)
     2    0.038551    0.092291    0.220696   20.224993 ^ clkbuf_0_clk_i/X (sky130_fd_sc_hd__clkbuf_16)
                                                         clknet_0_clk_i (net)
                      0.092306    0.001203   20.226194 ^ clkbuf_1_0__f_clk_i/A (sky130_fd_sc_hd__clkbuf_16)
     1    0.060543    0.121212    0.278728   20.504923 ^ clkbuf_1_0__f_clk_i/X (sky130_fd_sc_hd__clkbuf_16)
                                                         clknet_1_0__leaf_clk_i (net)
                      0.165221    0.014072   20.518995 ^ u_sram/clk0 (sky130_sram_1kbyte_1rw1r_32x256_8)
                                 -0.250000   20.268995   clock uncertainty
                                  0.000000   20.268995   clock reconvergence pessimism
                                 -0.103000   20.165997   library setup time
                                             20.165997   data required time
---------------------------------------------------------------------------------------------
                                             20.165997   data required time
                                             -2.000441   data arrival time
---------------------------------------------------------------------------------------------
                                             18.165554   slack (MET)


Startpoint: axi_wdata_i[13] (input port clocked by clk_i)
Endpoint: u_sram (falling edge-triggered flip-flop clocked by clk_i)
Path Group: clk_i
Path Type: max

Fanout         Cap        Slew       Delay        Time   Description
---------------------------------------------------------------------------------------------
                                  0.000000    0.000000   clock clk_i (rise edge)
                                  0.000000    0.000000   clock network delay (propagated)
                                  2.000000    2.000000 ^ input external delay
     1    0.015234    0.000000    0.000000    2.000000 ^ axi_wdata_i[13] (in)
                                                         axi_wdata_i[13] (net)
                      0.001865    0.000441    2.000441 ^ u_sram/din0[13] (sky130_sram_1kbyte_1rw1r_32x256_8)
                                              2.000441   data arrival time

                                 20.000000   20.000000   clock clk_i (rise edge)
                                  0.000000   20.000000   clock source latency
     2    0.073694    0.000000    0.000000   20.000000 ^ clk_i (in)
                                                         clk_i (net)
                      0.008592    0.004295   20.004295 ^ clkbuf_0_clk_i/A (sky130_fd_sc_hd__clkbuf_16)
     2    0.038551    0.092291    0.220696   20.224993 ^ clkbuf_0_clk_i/X (sky130_fd_sc_hd__clkbuf_16)
                                                         clknet_0_clk_i (net)
                      0.092306    0.001203   20.226194 ^ clkbuf_1_0__f_clk_i/A (sky130_fd_sc_hd__clkbuf_16)
     1    0.060543    0.121212    0.278728   20.504923 ^ clkbuf_1_0__f_clk_i/X (sky130_fd_sc_hd__clkbuf_16)
                                                         clknet_1_0__leaf_clk_i (net)
                      0.165221    0.014072   20.518995 ^ u_sram/clk0 (sky130_sram_1kbyte_1rw1r_32x256_8)
                                 -0.250000   20.268995   clock uncertainty
                                  0.000000   20.268995   clock reconvergence pessimism
                                 -0.103000   20.165997   library setup time
                                             20.165997   data required time
---------------------------------------------------------------------------------------------
                                             20.165997   data required time
                                             -2.000441   data arrival time
---------------------------------------------------------------------------------------------
                                             18.165554   slack (MET)


Startpoint: axi_wdata_i[14] (input port clocked by clk_i)
Endpoint: u_sram (falling edge-triggered flip-flop clocked by clk_i)
Path Group: clk_i
Path Type: max

Fanout         Cap        Slew       Delay        Time   Description
---------------------------------------------------------------------------------------------
                                  0.000000    0.000000   clock clk_i (rise edge)
                                  0.000000    0.000000   clock network delay (propagated)
                                  2.000000    2.000000 ^ input external delay
     1    0.015250    0.000000    0.000000    2.000000 ^ axi_wdata_i[14] (in)
                                                         axi_wdata_i[14] (net)
                      0.001867    0.000442    2.000442 ^ u_sram/din0[14] (sky130_sram_1kbyte_1rw1r_32x256_8)
                                              2.000442   data arrival time

                                 20.000000   20.000000   clock clk_i (rise edge)
                                  0.000000   20.000000   clock source latency
     2    0.073694    0.000000    0.000000   20.000000 ^ clk_i (in)
                                                         clk_i (net)
                      0.008592    0.004295   20.004295 ^ clkbuf_0_clk_i/A (sky130_fd_sc_hd__clkbuf_16)
     2    0.038551    0.092291    0.220696   20.224993 ^ clkbuf_0_clk_i/X (sky130_fd_sc_hd__clkbuf_16)
                                                         clknet_0_clk_i (net)
                      0.092306    0.001203   20.226194 ^ clkbuf_1_0__f_clk_i/A (sky130_fd_sc_hd__clkbuf_16)
     1    0.060543    0.121212    0.278728   20.504923 ^ clkbuf_1_0__f_clk_i/X (sky130_fd_sc_hd__clkbuf_16)
                                                         clknet_1_0__leaf_clk_i (net)
                      0.165221    0.014072   20.518995 ^ u_sram/clk0 (sky130_sram_1kbyte_1rw1r_32x256_8)
                                 -0.250000   20.268995   clock uncertainty
                                  0.000000   20.268995   clock reconvergence pessimism
                                 -0.103000   20.165997   library setup time
                                             20.165997   data required time
---------------------------------------------------------------------------------------------
                                             20.165997   data required time
                                             -2.000442   data arrival time
---------------------------------------------------------------------------------------------
                                             18.165554   slack (MET)


Startpoint: axi_wdata_i[23] (input port clocked by clk_i)
Endpoint: u_sram (falling edge-triggered flip-flop clocked by clk_i)
Path Group: clk_i
Path Type: max

Fanout         Cap        Slew       Delay        Time   Description
---------------------------------------------------------------------------------------------
                                  0.000000    0.000000   clock clk_i (rise edge)
                                  0.000000    0.000000   clock network delay (propagated)
                                  2.000000    2.000000 ^ input external delay
     1    0.015058    0.000000    0.000000    2.000000 ^ axi_wdata_i[23] (in)
                                                         axi_wdata_i[23] (net)
                      0.001840    0.000435    2.000435 ^ u_sram/din0[23] (sky130_sram_1kbyte_1rw1r_32x256_8)
                                              2.000435   data arrival time

                                 20.000000   20.000000   clock clk_i (rise edge)
                                  0.000000   20.000000   clock source latency
     2    0.073694    0.000000    0.000000   20.000000 ^ clk_i (in)
                                                         clk_i (net)
                      0.008592    0.004295   20.004295 ^ clkbuf_0_clk_i/A (sky130_fd_sc_hd__clkbuf_16)
     2    0.038551    0.092291    0.220696   20.224993 ^ clkbuf_0_clk_i/X (sky130_fd_sc_hd__clkbuf_16)
                                                         clknet_0_clk_i (net)
                      0.092306    0.001203   20.226194 ^ clkbuf_1_0__f_clk_i/A (sky130_fd_sc_hd__clkbuf_16)
     1    0.060543    0.121212    0.278728   20.504923 ^ clkbuf_1_0__f_clk_i/X (sky130_fd_sc_hd__clkbuf_16)
                                                         clknet_1_0__leaf_clk_i (net)
                      0.165221    0.014072   20.518995 ^ u_sram/clk0 (sky130_sram_1kbyte_1rw1r_32x256_8)
                                 -0.250000   20.268995   clock uncertainty
                                  0.000000   20.268995   clock reconvergence pessimism
                                 -0.103000   20.165997   library setup time
                                             20.165997   data required time
---------------------------------------------------------------------------------------------
                                             20.165997   data required time
                                             -2.000435   data arrival time
---------------------------------------------------------------------------------------------
                                             18.165560   slack (MET)


Startpoint: axi_wdata_i[25] (input port clocked by clk_i)
Endpoint: u_sram (falling edge-triggered flip-flop clocked by clk_i)
Path Group: clk_i
Path Type: max

Fanout         Cap        Slew       Delay        Time   Description
---------------------------------------------------------------------------------------------
                                  0.000000    0.000000   clock clk_i (rise edge)
                                  0.000000    0.000000   clock network delay (propagated)
                                  2.000000    2.000000 ^ input external delay
     1    0.015498    0.000000    0.000000    2.000000 ^ axi_wdata_i[25] (in)
                                                         axi_wdata_i[25] (net)
                      0.001905    0.000451    2.000451 ^ u_sram/din0[25] (sky130_sram_1kbyte_1rw1r_32x256_8)
                                              2.000451   data arrival time

                                 20.000000   20.000000   clock clk_i (rise edge)
                                  0.000000   20.000000   clock source latency
     2    0.073694    0.000000    0.000000   20.000000 ^ clk_i (in)
                                                         clk_i (net)
                      0.008592    0.004295   20.004295 ^ clkbuf_0_clk_i/A (sky130_fd_sc_hd__clkbuf_16)
     2    0.038551    0.092291    0.220696   20.224993 ^ clkbuf_0_clk_i/X (sky130_fd_sc_hd__clkbuf_16)
                                                         clknet_0_clk_i (net)
                      0.092306    0.001203   20.226194 ^ clkbuf_1_0__f_clk_i/A (sky130_fd_sc_hd__clkbuf_16)
     1    0.060543    0.121212    0.278728   20.504923 ^ clkbuf_1_0__f_clk_i/X (sky130_fd_sc_hd__clkbuf_16)
                                                         clknet_1_0__leaf_clk_i (net)
                      0.165221    0.014072   20.518995 ^ u_sram/clk0 (sky130_sram_1kbyte_1rw1r_32x256_8)
                                 -0.250000   20.268995   clock uncertainty
                                  0.000000   20.268995   clock reconvergence pessimism
                                 -0.103000   20.165997   library setup time
                                             20.165997   data required time
---------------------------------------------------------------------------------------------
                                             20.165997   data required time
                                             -2.000451   data arrival time
---------------------------------------------------------------------------------------------
                                             18.165545   slack (MET)


Startpoint: axi_wdata_i[27] (input port clocked by clk_i)
Endpoint: u_sram (falling edge-triggered flip-flop clocked by clk_i)
Path Group: clk_i
Path Type: max

Fanout         Cap        Slew       Delay        Time   Description
---------------------------------------------------------------------------------------------
                                  0.000000    0.000000   clock clk_i (rise edge)
                                  0.000000    0.000000   clock network delay (propagated)
                                  2.000000    2.000000 ^ input external delay
     1    0.015298    0.000000    0.000000    2.000000 ^ axi_wdata_i[27] (in)
                                                         axi_wdata_i[27] (net)
                      0.001891    0.000447    2.000448 ^ u_sram/din0[27] (sky130_sram_1kbyte_1rw1r_32x256_8)
                                              2.000448   data arrival time

                                 20.000000   20.000000   clock clk_i (rise edge)
                                  0.000000   20.000000   clock source latency
     2    0.073694    0.000000    0.000000   20.000000 ^ clk_i (in)
                                                         clk_i (net)
                      0.008592    0.004295   20.004295 ^ clkbuf_0_clk_i/A (sky130_fd_sc_hd__clkbuf_16)
     2    0.038551    0.092291    0.220696   20.224993 ^ clkbuf_0_clk_i/X (sky130_fd_sc_hd__clkbuf_16)
                                                         clknet_0_clk_i (net)
                      0.092306    0.001203   20.226194 ^ clkbuf_1_0__f_clk_i/A (sky130_fd_sc_hd__clkbuf_16)
     1    0.060543    0.121212    0.278728   20.504923 ^ clkbuf_1_0__f_clk_i/X (sky130_fd_sc_hd__clkbuf_16)
                                                         clknet_1_0__leaf_clk_i (net)
                      0.165221    0.014072   20.518995 ^ u_sram/clk0 (sky130_sram_1kbyte_1rw1r_32x256_8)
                                 -0.250000   20.268995   clock uncertainty
                                  0.000000   20.268995   clock reconvergence pessimism
                                 -0.103000   20.165997   library setup time
                                             20.165997   data required time
---------------------------------------------------------------------------------------------
                                             20.165997   data required time
                                             -2.000448   data arrival time
---------------------------------------------------------------------------------------------
                                             18.165548   slack (MET)


Startpoint: axi_wdata_i[9] (input port clocked by clk_i)
Endpoint: u_sram (falling edge-triggered flip-flop clocked by clk_i)
Path Group: clk_i
Path Type: max

Fanout         Cap        Slew       Delay        Time   Description
---------------------------------------------------------------------------------------------
                                  0.000000    0.000000   clock clk_i (rise edge)
                                  0.000000    0.000000   clock network delay (propagated)
                                  2.000000    2.000000 ^ input external delay
     1    0.015250    0.000000    0.000000    2.000000 ^ axi_wdata_i[9] (in)
                                                         axi_wdata_i[9] (net)
                      0.001867    0.000442    2.000442 ^ u_sram/din0[9] (sky130_sram_1kbyte_1rw1r_32x256_8)
                                              2.000442   data arrival time

                                 20.000000   20.000000   clock clk_i (rise edge)
                                  0.000000   20.000000   clock source latency
     2    0.073694    0.000000    0.000000   20.000000 ^ clk_i (in)
                                                         clk_i (net)
                      0.008592    0.004295   20.004295 ^ clkbuf_0_clk_i/A (sky130_fd_sc_hd__clkbuf_16)
     2    0.038551    0.092291    0.220696   20.224993 ^ clkbuf_0_clk_i/X (sky130_fd_sc_hd__clkbuf_16)
                                                         clknet_0_clk_i (net)
                      0.092306    0.001203   20.226194 ^ clkbuf_1_0__f_clk_i/A (sky130_fd_sc_hd__clkbuf_16)
     1    0.060543    0.121212    0.278728   20.504923 ^ clkbuf_1_0__f_clk_i/X (sky130_fd_sc_hd__clkbuf_16)
                                                         clknet_1_0__leaf_clk_i (net)
                      0.165221    0.014072   20.518995 ^ u_sram/clk0 (sky130_sram_1kbyte_1rw1r_32x256_8)
                                 -0.250000   20.268995   clock uncertainty
                                  0.000000   20.268995   clock reconvergence pessimism
                                 -0.103000   20.165997   library setup time
                                             20.165997   data required time
---------------------------------------------------------------------------------------------
                                             20.165997   data required time
                                             -2.000442   data arrival time
---------------------------------------------------------------------------------------------
                                             18.165554   slack (MET)


Startpoint: axi_wdata_i[16] (input port clocked by clk_i)
Endpoint: u_sram (falling edge-triggered flip-flop clocked by clk_i)
Path Group: clk_i
Path Type: max

Fanout         Cap        Slew       Delay        Time   Description
---------------------------------------------------------------------------------------------
                                  0.000000    0.000000   clock clk_i (rise edge)
                                  0.000000    0.000000   clock network delay (propagated)
                                  2.000000    2.000000 ^ input external delay
     1    0.014487    0.000000    0.000000    2.000000 ^ axi_wdata_i[16] (in)
                                                         axi_wdata_i[16] (net)
                      0.001741    0.000412    2.000412 ^ u_sram/din0[16] (sky130_sram_1kbyte_1rw1r_32x256_8)
                                              2.000412   data arrival time

                                 20.000000   20.000000   clock clk_i (rise edge)
                                  0.000000   20.000000   clock source latency
     2    0.073694    0.000000    0.000000   20.000000 ^ clk_i (in)
                                                         clk_i (net)
                      0.008592    0.004295   20.004295 ^ clkbuf_0_clk_i/A (sky130_fd_sc_hd__clkbuf_16)
     2    0.038551    0.092291    0.220696   20.224993 ^ clkbuf_0_clk_i/X (sky130_fd_sc_hd__clkbuf_16)
                                                         clknet_0_clk_i (net)
                      0.092306    0.001203   20.226194 ^ clkbuf_1_0__f_clk_i/A (sky130_fd_sc_hd__clkbuf_16)
     1    0.060543    0.121212    0.278728   20.504923 ^ clkbuf_1_0__f_clk_i/X (sky130_fd_sc_hd__clkbuf_16)
                                                         clknet_1_0__leaf_clk_i (net)
                      0.165221    0.014072   20.518995 ^ u_sram/clk0 (sky130_sram_1kbyte_1rw1r_32x256_8)
                                 -0.250000   20.268995   clock uncertainty
                                  0.000000   20.268995   clock reconvergence pessimism
                                 -0.103000   20.165997   library setup time
                                             20.165997   data required time
---------------------------------------------------------------------------------------------
                                             20.165997   data required time
                                             -2.000412   data arrival time
---------------------------------------------------------------------------------------------
                                             18.165583   slack (MET)


Startpoint: axi_wdata_i[17] (input port clocked by clk_i)
Endpoint: u_sram (falling edge-triggered flip-flop clocked by clk_i)
Path Group: clk_i
Path Type: max

Fanout         Cap        Slew       Delay        Time   Description
---------------------------------------------------------------------------------------------
                                  0.000000    0.000000   clock clk_i (rise edge)
                                  0.000000    0.000000   clock network delay (propagated)
                                  2.000000    2.000000 ^ input external delay
     1    0.014483    0.000000    0.000000    2.000000 ^ axi_wdata_i[17] (in)
                                                         axi_wdata_i[17] (net)
                      0.001741    0.000412    2.000412 ^ u_sram/din0[17] (sky130_sram_1kbyte_1rw1r_32x256_8)
                                              2.000412   data arrival time

                                 20.000000   20.000000   clock clk_i (rise edge)
                                  0.000000   20.000000   clock source latency
     2    0.073694    0.000000    0.000000   20.000000 ^ clk_i (in)
                                                         clk_i (net)
                      0.008592    0.004295   20.004295 ^ clkbuf_0_clk_i/A (sky130_fd_sc_hd__clkbuf_16)
     2    0.038551    0.092291    0.220696   20.224993 ^ clkbuf_0_clk_i/X (sky130_fd_sc_hd__clkbuf_16)
                                                         clknet_0_clk_i (net)
                      0.092306    0.001203   20.226194 ^ clkbuf_1_0__f_clk_i/A (sky130_fd_sc_hd__clkbuf_16)
     1    0.060543    0.121212    0.278728   20.504923 ^ clkbuf_1_0__f_clk_i/X (sky130_fd_sc_hd__clkbuf_16)
                                                         clknet_1_0__leaf_clk_i (net)
                      0.165221    0.014072   20.518995 ^ u_sram/clk0 (sky130_sram_1kbyte_1rw1r_32x256_8)
                                 -0.250000   20.268995   clock uncertainty
                                  0.000000   20.268995   clock reconvergence pessimism
                                 -0.103000   20.165997   library setup time
                                             20.165997   data required time
---------------------------------------------------------------------------------------------
                                             20.165997   data required time
                                             -2.000412   data arrival time
---------------------------------------------------------------------------------------------
                                             18.165583   slack (MET)


Startpoint: axi_wdata_i[18] (input port clocked by clk_i)
Endpoint: u_sram (falling edge-triggered flip-flop clocked by clk_i)
Path Group: clk_i
Path Type: max

Fanout         Cap        Slew       Delay        Time   Description
---------------------------------------------------------------------------------------------
                                  0.000000    0.000000   clock clk_i (rise edge)
                                  0.000000    0.000000   clock network delay (propagated)
                                  2.000000    2.000000 ^ input external delay
     1    0.014501    0.000000    0.000000    2.000000 ^ axi_wdata_i[18] (in)
                                                         axi_wdata_i[18] (net)
                      0.001743    0.000413    2.000412 ^ u_sram/din0[18] (sky130_sram_1kbyte_1rw1r_32x256_8)
                                              2.000412   data arrival time

                                 20.000000   20.000000   clock clk_i (rise edge)
                                  0.000000   20.000000   clock source latency
     2    0.073694    0.000000    0.000000   20.000000 ^ clk_i (in)
                                                         clk_i (net)
                      0.008592    0.004295   20.004295 ^ clkbuf_0_clk_i/A (sky130_fd_sc_hd__clkbuf_16)
     2    0.038551    0.092291    0.220696   20.224993 ^ clkbuf_0_clk_i/X (sky130_fd_sc_hd__clkbuf_16)
                                                         clknet_0_clk_i (net)
                      0.092306    0.001203   20.226194 ^ clkbuf_1_0__f_clk_i/A (sky130_fd_sc_hd__clkbuf_16)
     1    0.060543    0.121212    0.278728   20.504923 ^ clkbuf_1_0__f_clk_i/X (sky130_fd_sc_hd__clkbuf_16)
                                                         clknet_1_0__leaf_clk_i (net)
                      0.165221    0.014072   20.518995 ^ u_sram/clk0 (sky130_sram_1kbyte_1rw1r_32x256_8)
                                 -0.250000   20.268995   clock uncertainty
                                  0.000000   20.268995   clock reconvergence pessimism
                                 -0.103000   20.165997   library setup time
                                             20.165997   data required time
---------------------------------------------------------------------------------------------
                                             20.165997   data required time
                                             -2.000412   data arrival time
---------------------------------------------------------------------------------------------
                                             18.165583   slack (MET)


Startpoint: axi_wdata_i[19] (input port clocked by clk_i)
Endpoint: u_sram (falling edge-triggered flip-flop clocked by clk_i)
Path Group: clk_i
Path Type: max

Fanout         Cap        Slew       Delay        Time   Description
---------------------------------------------------------------------------------------------
                                  0.000000    0.000000   clock clk_i (rise edge)
                                  0.000000    0.000000   clock network delay (propagated)
                                  2.000000    2.000000 ^ input external delay
     1    0.014580    0.000000    0.000000    2.000000 ^ axi_wdata_i[19] (in)
                                                         axi_wdata_i[19] (net)
                      0.001770    0.000419    2.000419 ^ u_sram/din0[19] (sky130_sram_1kbyte_1rw1r_32x256_8)
                                              2.000419   data arrival time

                                 20.000000   20.000000   clock clk_i (rise edge)
                                  0.000000   20.000000   clock source latency
     2    0.073694    0.000000    0.000000   20.000000 ^ clk_i (in)
                                                         clk_i (net)
                      0.008592    0.004295   20.004295 ^ clkbuf_0_clk_i/A (sky130_fd_sc_hd__clkbuf_16)
     2    0.038551    0.092291    0.220696   20.224993 ^ clkbuf_0_clk_i/X (sky130_fd_sc_hd__clkbuf_16)
                                                         clknet_0_clk_i (net)
                      0.092306    0.001203   20.226194 ^ clkbuf_1_0__f_clk_i/A (sky130_fd_sc_hd__clkbuf_16)
     1    0.060543    0.121212    0.278728   20.504923 ^ clkbuf_1_0__f_clk_i/X (sky130_fd_sc_hd__clkbuf_16)
                                                         clknet_1_0__leaf_clk_i (net)
                      0.165221    0.014072   20.518995 ^ u_sram/clk0 (sky130_sram_1kbyte_1rw1r_32x256_8)
                                 -0.250000   20.268995   clock uncertainty
                                  0.000000   20.268995   clock reconvergence pessimism
                                 -0.103000   20.165997   library setup time
                                             20.165997   data required time
---------------------------------------------------------------------------------------------
                                             20.165997   data required time
                                             -2.000419   data arrival time
---------------------------------------------------------------------------------------------
                                             18.165577   slack (MET)


Startpoint: axi_wdata_i[21] (input port clocked by clk_i)
Endpoint: u_sram (falling edge-triggered flip-flop clocked by clk_i)
Path Group: clk_i
Path Type: max

Fanout         Cap        Slew       Delay        Time   Description
---------------------------------------------------------------------------------------------
                                  0.000000    0.000000   clock clk_i (rise edge)
                                  0.000000    0.000000   clock network delay (propagated)
                                  2.000000    2.000000 ^ input external delay
     1    0.015002    0.000000    0.000000    2.000000 ^ axi_wdata_i[21] (in)
                                                         axi_wdata_i[21] (net)
                      0.001817    0.000430    2.000430 ^ u_sram/din0[21] (sky130_sram_1kbyte_1rw1r_32x256_8)
                                              2.000430   data arrival time

                                 20.000000   20.000000   clock clk_i (rise edge)
                                  0.000000   20.000000   clock source latency
     2    0.073694    0.000000    0.000000   20.000000 ^ clk_i (in)
                                                         clk_i (net)
                      0.008592    0.004295   20.004295 ^ clkbuf_0_clk_i/A (sky130_fd_sc_hd__clkbuf_16)
     2    0.038551    0.092291    0.220696   20.224993 ^ clkbuf_0_clk_i/X (sky130_fd_sc_hd__clkbuf_16)
                                                         clknet_0_clk_i (net)
                      0.092306    0.001203   20.226194 ^ clkbuf_1_0__f_clk_i/A (sky130_fd_sc_hd__clkbuf_16)
     1    0.060543    0.121212    0.278728   20.504923 ^ clkbuf_1_0__f_clk_i/X (sky130_fd_sc_hd__clkbuf_16)
                                                         clknet_1_0__leaf_clk_i (net)
                      0.165221    0.014072   20.518995 ^ u_sram/clk0 (sky130_sram_1kbyte_1rw1r_32x256_8)
                                 -0.250000   20.268995   clock uncertainty
                                  0.000000   20.268995   clock reconvergence pessimism
                                 -0.103000   20.165997   library setup time
                                             20.165997   data required time
---------------------------------------------------------------------------------------------
                                             20.165997   data required time
                                             -2.000430   data arrival time
---------------------------------------------------------------------------------------------
                                             18.165565   slack (MET)


Startpoint: axi_wdata_i[22] (input port clocked by clk_i)
Endpoint: u_sram (falling edge-triggered flip-flop clocked by clk_i)
Path Group: clk_i
Path Type: max

Fanout         Cap        Slew       Delay        Time   Description
---------------------------------------------------------------------------------------------
                                  0.000000    0.000000   clock clk_i (rise edge)
                                  0.000000    0.000000   clock network delay (propagated)
                                  2.000000    2.000000 ^ input external delay
     1    0.014501    0.000000    0.000000    2.000000 ^ axi_wdata_i[22] (in)
                                                         axi_wdata_i[22] (net)
                      0.001743    0.000412    2.000412 ^ u_sram/din0[22] (sky130_sram_1kbyte_1rw1r_32x256_8)
                                              2.000412   data arrival time

                                 20.000000   20.000000   clock clk_i (rise edge)
                                  0.000000   20.000000   clock source latency
     2    0.073694    0.000000    0.000000   20.000000 ^ clk_i (in)
                                                         clk_i (net)
                      0.008592    0.004295   20.004295 ^ clkbuf_0_clk_i/A (sky130_fd_sc_hd__clkbuf_16)
     2    0.038551    0.092291    0.220696   20.224993 ^ clkbuf_0_clk_i/X (sky130_fd_sc_hd__clkbuf_16)
                                                         clknet_0_clk_i (net)
                      0.092306    0.001203   20.226194 ^ clkbuf_1_0__f_clk_i/A (sky130_fd_sc_hd__clkbuf_16)
     1    0.060543    0.121212    0.278728   20.504923 ^ clkbuf_1_0__f_clk_i/X (sky130_fd_sc_hd__clkbuf_16)
                                                         clknet_1_0__leaf_clk_i (net)
                      0.165221    0.014072   20.518995 ^ u_sram/clk0 (sky130_sram_1kbyte_1rw1r_32x256_8)
                                 -0.250000   20.268995   clock uncertainty
                                  0.000000   20.268995   clock reconvergence pessimism
                                 -0.103000   20.165997   library setup time
                                             20.165997   data required time
---------------------------------------------------------------------------------------------
                                             20.165997   data required time
                                             -2.000412   data arrival time
---------------------------------------------------------------------------------------------
                                             18.165583   slack (MET)


Startpoint: axi_wdata_i[26] (input port clocked by clk_i)
Endpoint: u_sram (falling edge-triggered flip-flop clocked by clk_i)
Path Group: clk_i
Path Type: max

Fanout         Cap        Slew       Delay        Time   Description
---------------------------------------------------------------------------------------------
                                  0.000000    0.000000   clock clk_i (rise edge)
                                  0.000000    0.000000   clock network delay (propagated)
                                  2.000000    2.000000 ^ input external delay
     1    0.014520    0.000000    0.000000    2.000000 ^ axi_wdata_i[26] (in)
                                                         axi_wdata_i[26] (net)
                      0.001746    0.000413    2.000413 ^ u_sram/din0[26] (sky130_sram_1kbyte_1rw1r_32x256_8)
                                              2.000413   data arrival time

                                 20.000000   20.000000   clock clk_i (rise edge)
                                  0.000000   20.000000   clock source latency
     2    0.073694    0.000000    0.000000   20.000000 ^ clk_i (in)
                                                         clk_i (net)
                      0.008592    0.004295   20.004295 ^ clkbuf_0_clk_i/A (sky130_fd_sc_hd__clkbuf_16)
     2    0.038551    0.092291    0.220696   20.224993 ^ clkbuf_0_clk_i/X (sky130_fd_sc_hd__clkbuf_16)
                                                         clknet_0_clk_i (net)
                      0.092306    0.001203   20.226194 ^ clkbuf_1_0__f_clk_i/A (sky130_fd_sc_hd__clkbuf_16)
     1    0.060543    0.121212    0.278728   20.504923 ^ clkbuf_1_0__f_clk_i/X (sky130_fd_sc_hd__clkbuf_16)
                                                         clknet_1_0__leaf_clk_i (net)
                      0.165221    0.014072   20.518995 ^ u_sram/clk0 (sky130_sram_1kbyte_1rw1r_32x256_8)
                                 -0.250000   20.268995   clock uncertainty
                                  0.000000   20.268995   clock reconvergence pessimism
                                 -0.103000   20.165997   library setup time
                                             20.165997   data required time
---------------------------------------------------------------------------------------------
                                             20.165997   data required time
                                             -2.000413   data arrival time
---------------------------------------------------------------------------------------------
                                             18.165583   slack (MET)


Startpoint: axi_wdata_i[28] (input port clocked by clk_i)
Endpoint: u_sram (falling edge-triggered flip-flop clocked by clk_i)
Path Group: clk_i
Path Type: max

Fanout         Cap        Slew       Delay        Time   Description
---------------------------------------------------------------------------------------------
                                  0.000000    0.000000   clock clk_i (rise edge)
                                  0.000000    0.000000   clock network delay (propagated)
                                  2.000000    2.000000 ^ input external delay
     1    0.013891    0.000000    0.000000    2.000000 ^ axi_wdata_i[28] (in)
                                                         axi_wdata_i[28] (net)
                      0.001665    0.000394    2.000394 ^ u_sram/din0[28] (sky130_sram_1kbyte_1rw1r_32x256_8)
                                              2.000394   data arrival time

                                 20.000000   20.000000   clock clk_i (rise edge)
                                  0.000000   20.000000   clock source latency
     2    0.073694    0.000000    0.000000   20.000000 ^ clk_i (in)
                                                         clk_i (net)
                      0.008592    0.004295   20.004295 ^ clkbuf_0_clk_i/A (sky130_fd_sc_hd__clkbuf_16)
     2    0.038551    0.092291    0.220696   20.224993 ^ clkbuf_0_clk_i/X (sky130_fd_sc_hd__clkbuf_16)
                                                         clknet_0_clk_i (net)
                      0.092306    0.001203   20.226194 ^ clkbuf_1_0__f_clk_i/A (sky130_fd_sc_hd__clkbuf_16)
     1    0.060543    0.121212    0.278728   20.504923 ^ clkbuf_1_0__f_clk_i/X (sky130_fd_sc_hd__clkbuf_16)
                                                         clknet_1_0__leaf_clk_i (net)
                      0.165221    0.014072   20.518995 ^ u_sram/clk0 (sky130_sram_1kbyte_1rw1r_32x256_8)
                                 -0.250000   20.268995   clock uncertainty
                                  0.000000   20.268995   clock reconvergence pessimism
                                 -0.103000   20.165997   library setup time
                                             20.165997   data required time
---------------------------------------------------------------------------------------------
                                             20.165997   data required time
                                             -2.000394   data arrival time
---------------------------------------------------------------------------------------------
                                             18.165602   slack (MET)


Startpoint: axi_wdata_i[29] (input port clocked by clk_i)
Endpoint: u_sram (falling edge-triggered flip-flop clocked by clk_i)
Path Group: clk_i
Path Type: max

Fanout         Cap        Slew       Delay        Time   Description
---------------------------------------------------------------------------------------------
                                  0.000000    0.000000   clock clk_i (rise edge)
                                  0.000000    0.000000   clock network delay (propagated)
                                  2.000000    2.000000 ^ input external delay
     1    0.014489    0.000000    0.000000    2.000000 ^ axi_wdata_i[29] (in)
                                                         axi_wdata_i[29] (net)
                      0.001741    0.000412    2.000412 ^ u_sram/din0[29] (sky130_sram_1kbyte_1rw1r_32x256_8)
                                              2.000412   data arrival time

                                 20.000000   20.000000   clock clk_i (rise edge)
                                  0.000000   20.000000   clock source latency
     2    0.073694    0.000000    0.000000   20.000000 ^ clk_i (in)
                                                         clk_i (net)
                      0.008592    0.004295   20.004295 ^ clkbuf_0_clk_i/A (sky130_fd_sc_hd__clkbuf_16)
     2    0.038551    0.092291    0.220696   20.224993 ^ clkbuf_0_clk_i/X (sky130_fd_sc_hd__clkbuf_16)
                                                         clknet_0_clk_i (net)
                      0.092306    0.001203   20.226194 ^ clkbuf_1_0__f_clk_i/A (sky130_fd_sc_hd__clkbuf_16)
     1    0.060543    0.121212    0.278728   20.504923 ^ clkbuf_1_0__f_clk_i/X (sky130_fd_sc_hd__clkbuf_16)
                                                         clknet_1_0__leaf_clk_i (net)
                      0.165221    0.014072   20.518995 ^ u_sram/clk0 (sky130_sram_1kbyte_1rw1r_32x256_8)
                                 -0.250000   20.268995   clock uncertainty
                                  0.000000   20.268995   clock reconvergence pessimism
                                 -0.103000   20.165997   library setup time
                                             20.165997   data required time
---------------------------------------------------------------------------------------------
                                             20.165997   data required time
                                             -2.000412   data arrival time
---------------------------------------------------------------------------------------------
                                             18.165583   slack (MET)


Startpoint: axi_wdata_i[6] (input port clocked by clk_i)
Endpoint: u_sram (falling edge-triggered flip-flop clocked by clk_i)
Path Group: clk_i
Path Type: max

Fanout         Cap        Slew       Delay        Time   Description
---------------------------------------------------------------------------------------------
                                  0.000000    0.000000   clock clk_i (rise edge)
                                  0.000000    0.000000   clock network delay (propagated)
                                  2.000000    2.000000 ^ input external delay
     1    0.015007    0.000000    0.000000    2.000000 ^ axi_wdata_i[6] (in)
                                                         axi_wdata_i[6] (net)
                      0.001818    0.000430    2.000430 ^ u_sram/din0[6] (sky130_sram_1kbyte_1rw1r_32x256_8)
                                              2.000430   data arrival time

                                 20.000000   20.000000   clock clk_i (rise edge)
                                  0.000000   20.000000   clock source latency
     2    0.073694    0.000000    0.000000   20.000000 ^ clk_i (in)
                                                         clk_i (net)
                      0.008592    0.004295   20.004295 ^ clkbuf_0_clk_i/A (sky130_fd_sc_hd__clkbuf_16)
     2    0.038551    0.092291    0.220696   20.224993 ^ clkbuf_0_clk_i/X (sky130_fd_sc_hd__clkbuf_16)
                                                         clknet_0_clk_i (net)
                      0.092306    0.001203   20.226194 ^ clkbuf_1_0__f_clk_i/A (sky130_fd_sc_hd__clkbuf_16)
     1    0.060543    0.121212    0.278728   20.504923 ^ clkbuf_1_0__f_clk_i/X (sky130_fd_sc_hd__clkbuf_16)
                                                         clknet_1_0__leaf_clk_i (net)
                      0.165221    0.014072   20.518995 ^ u_sram/clk0 (sky130_sram_1kbyte_1rw1r_32x256_8)
                                 -0.250000   20.268995   clock uncertainty
                                  0.000000   20.268995   clock reconvergence pessimism
                                 -0.103000   20.165997   library setup time
                                             20.165997   data required time
---------------------------------------------------------------------------------------------
                                             20.165997   data required time
                                             -2.000430   data arrival time
---------------------------------------------------------------------------------------------
                                             18.165565   slack (MET)


Startpoint: axi_wdata_i[7] (input port clocked by clk_i)
Endpoint: u_sram (falling edge-triggered flip-flop clocked by clk_i)
Path Group: clk_i
Path Type: max

Fanout         Cap        Slew       Delay        Time   Description
---------------------------------------------------------------------------------------------
                                  0.000000    0.000000   clock clk_i (rise edge)
                                  0.000000    0.000000   clock network delay (propagated)
                                  2.000000    2.000000 ^ input external delay
     1    0.015007    0.000000    0.000000    2.000000 ^ axi_wdata_i[7] (in)
                                                         axi_wdata_i[7] (net)
                      0.001818    0.000430    2.000430 ^ u_sram/din0[7] (sky130_sram_1kbyte_1rw1r_32x256_8)
                                              2.000430   data arrival time

                                 20.000000   20.000000   clock clk_i (rise edge)
                                  0.000000   20.000000   clock source latency
     2    0.073694    0.000000    0.000000   20.000000 ^ clk_i (in)
                                                         clk_i (net)
                      0.008592    0.004295   20.004295 ^ clkbuf_0_clk_i/A (sky130_fd_sc_hd__clkbuf_16)
     2    0.038551    0.092291    0.220696   20.224993 ^ clkbuf_0_clk_i/X (sky130_fd_sc_hd__clkbuf_16)
                                                         clknet_0_clk_i (net)
                      0.092306    0.001203   20.226194 ^ clkbuf_1_0__f_clk_i/A (sky130_fd_sc_hd__clkbuf_16)
     1    0.060543    0.121212    0.278728   20.504923 ^ clkbuf_1_0__f_clk_i/X (sky130_fd_sc_hd__clkbuf_16)
                                                         clknet_1_0__leaf_clk_i (net)
                      0.165221    0.014072   20.518995 ^ u_sram/clk0 (sky130_sram_1kbyte_1rw1r_32x256_8)
                                 -0.250000   20.268995   clock uncertainty
                                  0.000000   20.268995   clock reconvergence pessimism
                                 -0.103000   20.165997   library setup time
                                             20.165997   data required time
---------------------------------------------------------------------------------------------
                                             20.165997   data required time
                                             -2.000430   data arrival time
---------------------------------------------------------------------------------------------
                                             18.165565   slack (MET)


Startpoint: axi_wdata_i[8] (input port clocked by clk_i)
Endpoint: u_sram (falling edge-triggered flip-flop clocked by clk_i)
Path Group: clk_i
Path Type: max

Fanout         Cap        Slew       Delay        Time   Description
---------------------------------------------------------------------------------------------
                                  0.000000    0.000000   clock clk_i (rise edge)
                                  0.000000    0.000000   clock network delay (propagated)
                                  2.000000    2.000000 ^ input external delay
     1    0.014994    0.000000    0.000000    2.000000 ^ axi_wdata_i[8] (in)
                                                         axi_wdata_i[8] (net)
                      0.001816    0.000430    2.000430 ^ u_sram/din0[8] (sky130_sram_1kbyte_1rw1r_32x256_8)
                                              2.000430   data arrival time

                                 20.000000   20.000000   clock clk_i (rise edge)
                                  0.000000   20.000000   clock source latency
     2    0.073694    0.000000    0.000000   20.000000 ^ clk_i (in)
                                                         clk_i (net)
                      0.008592    0.004295   20.004295 ^ clkbuf_0_clk_i/A (sky130_fd_sc_hd__clkbuf_16)
     2    0.038551    0.092291    0.220696   20.224993 ^ clkbuf_0_clk_i/X (sky130_fd_sc_hd__clkbuf_16)
                                                         clknet_0_clk_i (net)
                      0.092306    0.001203   20.226194 ^ clkbuf_1_0__f_clk_i/A (sky130_fd_sc_hd__clkbuf_16)
     1    0.060543    0.121212    0.278728   20.504923 ^ clkbuf_1_0__f_clk_i/X (sky130_fd_sc_hd__clkbuf_16)
                                                         clknet_1_0__leaf_clk_i (net)
                      0.165221    0.014072   20.518995 ^ u_sram/clk0 (sky130_sram_1kbyte_1rw1r_32x256_8)
                                 -0.250000   20.268995   clock uncertainty
                                  0.000000   20.268995   clock reconvergence pessimism
                                 -0.103000   20.165997   library setup time
                                             20.165997   data required time
---------------------------------------------------------------------------------------------
                                             20.165997   data required time
                                             -2.000430   data arrival time
---------------------------------------------------------------------------------------------
                                             18.165565   slack (MET)


Startpoint: axi_wdata_i[20] (input port clocked by clk_i)
Endpoint: u_sram (falling edge-triggered flip-flop clocked by clk_i)
Path Group: clk_i
Path Type: max

Fanout         Cap        Slew       Delay        Time   Description
---------------------------------------------------------------------------------------------
                                  0.000000    0.000000   clock clk_i (rise edge)
                                  0.000000    0.000000   clock network delay (propagated)
                                  2.000000    2.000000 ^ input external delay
     1    0.014463    0.000000    0.000000    2.000000 ^ axi_wdata_i[20] (in)
                                                         axi_wdata_i[20] (net)
                      0.001737    0.000411    2.000411 ^ u_sram/din0[20] (sky130_sram_1kbyte_1rw1r_32x256_8)
                                              2.000411   data arrival time

                                 20.000000   20.000000   clock clk_i (rise edge)
                                  0.000000   20.000000   clock source latency
     2    0.073694    0.000000    0.000000   20.000000 ^ clk_i (in)
                                                         clk_i (net)
                      0.008592    0.004295   20.004295 ^ clkbuf_0_clk_i/A (sky130_fd_sc_hd__clkbuf_16)
     2    0.038551    0.092291    0.220696   20.224993 ^ clkbuf_0_clk_i/X (sky130_fd_sc_hd__clkbuf_16)
                                                         clknet_0_clk_i (net)
                      0.092306    0.001203   20.226194 ^ clkbuf_1_0__f_clk_i/A (sky130_fd_sc_hd__clkbuf_16)
     1    0.060543    0.121212    0.278728   20.504923 ^ clkbuf_1_0__f_clk_i/X (sky130_fd_sc_hd__clkbuf_16)
                                                         clknet_1_0__leaf_clk_i (net)
                      0.165221    0.014072   20.518995 ^ u_sram/clk0 (sky130_sram_1kbyte_1rw1r_32x256_8)
                                 -0.250000   20.268995   clock uncertainty
                                  0.000000   20.268995   clock reconvergence pessimism
                                 -0.103000   20.165997   library setup time
                                             20.165997   data required time
---------------------------------------------------------------------------------------------
                                             20.165997   data required time
                                             -2.000411   data arrival time
---------------------------------------------------------------------------------------------
                                             18.165585   slack (MET)


Startpoint: axi_wdata_i[0] (input port clocked by clk_i)
Endpoint: u_sram (falling edge-triggered flip-flop clocked by clk_i)
Path Group: clk_i
Path Type: max

Fanout         Cap        Slew       Delay        Time   Description
---------------------------------------------------------------------------------------------
                                  0.000000    0.000000   clock clk_i (rise edge)
                                  0.000000    0.000000   clock network delay (propagated)
                                  2.000000    2.000000 ^ input external delay
     1    0.013148    0.000000    0.000000    2.000000 ^ axi_wdata_i[0] (in)
                                                         axi_wdata_i[0] (net)
                      0.001542    0.000365    2.000365 ^ u_sram/din0[0] (sky130_sram_1kbyte_1rw1r_32x256_8)
                                              2.000365   data arrival time

                                 20.000000   20.000000   clock clk_i (rise edge)
                                  0.000000   20.000000   clock source latency
     2    0.073694    0.000000    0.000000   20.000000 ^ clk_i (in)
                                                         clk_i (net)
                      0.008592    0.004295   20.004295 ^ clkbuf_0_clk_i/A (sky130_fd_sc_hd__clkbuf_16)
     2    0.038551    0.092291    0.220696   20.224993 ^ clkbuf_0_clk_i/X (sky130_fd_sc_hd__clkbuf_16)
                                                         clknet_0_clk_i (net)
                      0.092306    0.001203   20.226194 ^ clkbuf_1_0__f_clk_i/A (sky130_fd_sc_hd__clkbuf_16)
     1    0.060543    0.121212    0.278728   20.504923 ^ clkbuf_1_0__f_clk_i/X (sky130_fd_sc_hd__clkbuf_16)
                                                         clknet_1_0__leaf_clk_i (net)
                      0.165221    0.014072   20.518995 ^ u_sram/clk0 (sky130_sram_1kbyte_1rw1r_32x256_8)
                                 -0.250000   20.268995   clock uncertainty
                                  0.000000   20.268995   clock reconvergence pessimism
                                 -0.103000   20.165997   library setup time
                                             20.165997   data required time
---------------------------------------------------------------------------------------------
                                             20.165997   data required time
                                             -2.000365   data arrival time
---------------------------------------------------------------------------------------------
                                             18.165630   slack (MET)


Startpoint: axi_wdata_i[15] (input port clocked by clk_i)
Endpoint: u_sram (falling edge-triggered flip-flop clocked by clk_i)
Path Group: clk_i
Path Type: max

Fanout         Cap        Slew       Delay        Time   Description
---------------------------------------------------------------------------------------------
                                  0.000000    0.000000   clock clk_i (rise edge)
                                  0.000000    0.000000   clock network delay (propagated)
                                  2.000000    2.000000 ^ input external delay
     1    0.013252    0.000000    0.000000    2.000000 ^ axi_wdata_i[15] (in)
                                                         axi_wdata_i[15] (net)
                      0.001569    0.000371    2.000371 ^ u_sram/din0[15] (sky130_sram_1kbyte_1rw1r_32x256_8)
                                              2.000371   data arrival time

                                 20.000000   20.000000   clock clk_i (rise edge)
                                  0.000000   20.000000   clock source latency
     2    0.073694    0.000000    0.000000   20.000000 ^ clk_i (in)
                                                         clk_i (net)
                      0.008592    0.004295   20.004295 ^ clkbuf_0_clk_i/A (sky130_fd_sc_hd__clkbuf_16)
     2    0.038551    0.092291    0.220696   20.224993 ^ clkbuf_0_clk_i/X (sky130_fd_sc_hd__clkbuf_16)
                                                         clknet_0_clk_i (net)
                      0.092306    0.001203   20.226194 ^ clkbuf_1_0__f_clk_i/A (sky130_fd_sc_hd__clkbuf_16)
     1    0.060543    0.121212    0.278728   20.504923 ^ clkbuf_1_0__f_clk_i/X (sky130_fd_sc_hd__clkbuf_16)
                                                         clknet_1_0__leaf_clk_i (net)
                      0.165221    0.014072   20.518995 ^ u_sram/clk0 (sky130_sram_1kbyte_1rw1r_32x256_8)
                                 -0.250000   20.268995   clock uncertainty
                                  0.000000   20.268995   clock reconvergence pessimism
                                 -0.103000   20.165997   library setup time
                                             20.165997   data required time
---------------------------------------------------------------------------------------------
                                             20.165997   data required time
                                             -2.000371   data arrival time
---------------------------------------------------------------------------------------------
                                             18.165625   slack (MET)


Startpoint: axi_wdata_i[24] (input port clocked by clk_i)
Endpoint: u_sram (falling edge-triggered flip-flop clocked by clk_i)
Path Group: clk_i
Path Type: max

Fanout         Cap        Slew       Delay        Time   Description
---------------------------------------------------------------------------------------------
                                  0.000000    0.000000   clock clk_i (rise edge)
                                  0.000000    0.000000   clock network delay (propagated)
                                  2.000000    2.000000 ^ input external delay
     1    0.013715    0.000000    0.000000    2.000000 ^ axi_wdata_i[24] (in)
                                                         axi_wdata_i[24] (net)
                      0.001628    0.000385    2.000385 ^ u_sram/din0[24] (sky130_sram_1kbyte_1rw1r_32x256_8)
                                              2.000385   data arrival time

                                 20.000000   20.000000   clock clk_i (rise edge)
                                  0.000000   20.000000   clock source latency
     2    0.073694    0.000000    0.000000   20.000000 ^ clk_i (in)
                                                         clk_i (net)
                      0.008592    0.004295   20.004295 ^ clkbuf_0_clk_i/A (sky130_fd_sc_hd__clkbuf_16)
     2    0.038551    0.092291    0.220696   20.224993 ^ clkbuf_0_clk_i/X (sky130_fd_sc_hd__clkbuf_16)
                                                         clknet_0_clk_i (net)
                      0.092306    0.001203   20.226194 ^ clkbuf_1_0__f_clk_i/A (sky130_fd_sc_hd__clkbuf_16)
     1    0.060543    0.121212    0.278728   20.504923 ^ clkbuf_1_0__f_clk_i/X (sky130_fd_sc_hd__clkbuf_16)
                                                         clknet_1_0__leaf_clk_i (net)
                      0.165221    0.014072   20.518995 ^ u_sram/clk0 (sky130_sram_1kbyte_1rw1r_32x256_8)
                                 -0.250000   20.268995   clock uncertainty
                                  0.000000   20.268995   clock reconvergence pessimism
                                 -0.103000   20.165997   library setup time
                                             20.165997   data required time
---------------------------------------------------------------------------------------------
                                             20.165997   data required time
                                             -2.000385   data arrival time
---------------------------------------------------------------------------------------------
                                             18.165609   slack (MET)


Startpoint: axi_wdata_i[1] (input port clocked by clk_i)
Endpoint: u_sram (falling edge-triggered flip-flop clocked by clk_i)
Path Group: clk_i
Path Type: max

Fanout         Cap        Slew       Delay        Time   Description
---------------------------------------------------------------------------------------------
                                  0.000000    0.000000   clock clk_i (rise edge)
                                  0.000000    0.000000   clock network delay (propagated)
                                  2.000000    2.000000 ^ input external delay
     1    0.013179    0.000000    0.000000    2.000000 ^ axi_wdata_i[1] (in)
                                                         axi_wdata_i[1] (net)
                      0.001547    0.000366    2.000366 ^ u_sram/din0[1] (sky130_sram_1kbyte_1rw1r_32x256_8)
                                              2.000366   data arrival time

                                 20.000000   20.000000   clock clk_i (rise edge)
                                  0.000000   20.000000   clock source latency
     2    0.073694    0.000000    0.000000   20.000000 ^ clk_i (in)
                                                         clk_i (net)
                      0.008592    0.004295   20.004295 ^ clkbuf_0_clk_i/A (sky130_fd_sc_hd__clkbuf_16)
     2    0.038551    0.092291    0.220696   20.224993 ^ clkbuf_0_clk_i/X (sky130_fd_sc_hd__clkbuf_16)
                                                         clknet_0_clk_i (net)
                      0.092306    0.001203   20.226194 ^ clkbuf_1_0__f_clk_i/A (sky130_fd_sc_hd__clkbuf_16)
     1    0.060543    0.121212    0.278728   20.504923 ^ clkbuf_1_0__f_clk_i/X (sky130_fd_sc_hd__clkbuf_16)
                                                         clknet_1_0__leaf_clk_i (net)
                      0.165221    0.014072   20.518995 ^ u_sram/clk0 (sky130_sram_1kbyte_1rw1r_32x256_8)
                                 -0.250000   20.268995   clock uncertainty
                                  0.000000   20.268995   clock reconvergence pessimism
                                 -0.103000   20.165997   library setup time
                                             20.165997   data required time
---------------------------------------------------------------------------------------------
                                             20.165997   data required time
                                             -2.000366   data arrival time
---------------------------------------------------------------------------------------------
                                             18.165630   slack (MET)


Startpoint: axi_wdata_i[2] (input port clocked by clk_i)
Endpoint: u_sram (falling edge-triggered flip-flop clocked by clk_i)
Path Group: clk_i
Path Type: max

Fanout         Cap        Slew       Delay        Time   Description
---------------------------------------------------------------------------------------------
                                  0.000000    0.000000   clock clk_i (rise edge)
                                  0.000000    0.000000   clock network delay (propagated)
                                  2.000000    2.000000 ^ input external delay
     1    0.013189    0.000000    0.000000    2.000000 ^ axi_wdata_i[2] (in)
                                                         axi_wdata_i[2] (net)
                      0.001549    0.000366    2.000366 ^ u_sram/din0[2] (sky130_sram_1kbyte_1rw1r_32x256_8)
                                              2.000366   data arrival time

                                 20.000000   20.000000   clock clk_i (rise edge)
                                  0.000000   20.000000   clock source latency
     2    0.073694    0.000000    0.000000   20.000000 ^ clk_i (in)
                                                         clk_i (net)
                      0.008592    0.004295   20.004295 ^ clkbuf_0_clk_i/A (sky130_fd_sc_hd__clkbuf_16)
     2    0.038551    0.092291    0.220696   20.224993 ^ clkbuf_0_clk_i/X (sky130_fd_sc_hd__clkbuf_16)
                                                         clknet_0_clk_i (net)
                      0.092306    0.001203   20.226194 ^ clkbuf_1_0__f_clk_i/A (sky130_fd_sc_hd__clkbuf_16)
     1    0.060543    0.121212    0.278728   20.504923 ^ clkbuf_1_0__f_clk_i/X (sky130_fd_sc_hd__clkbuf_16)
                                                         clknet_1_0__leaf_clk_i (net)
                      0.165221    0.014072   20.518995 ^ u_sram/clk0 (sky130_sram_1kbyte_1rw1r_32x256_8)
                                 -0.250000   20.268995   clock uncertainty
                                  0.000000   20.268995   clock reconvergence pessimism
                                 -0.103000   20.165997   library setup time
                                             20.165997   data required time
---------------------------------------------------------------------------------------------
                                             20.165997   data required time
                                             -2.000366   data arrival time
---------------------------------------------------------------------------------------------
                                             18.165630   slack (MET)


Startpoint: axi_wdata_i[3] (input port clocked by clk_i)
Endpoint: u_sram (falling edge-triggered flip-flop clocked by clk_i)
Path Group: clk_i
Path Type: max

Fanout         Cap        Slew       Delay        Time   Description
---------------------------------------------------------------------------------------------
                                  0.000000    0.000000   clock clk_i (rise edge)
                                  0.000000    0.000000   clock network delay (propagated)
                                  2.000000    2.000000 ^ input external delay
     1    0.013151    0.000000    0.000000    2.000000 ^ axi_wdata_i[3] (in)
                                                         axi_wdata_i[3] (net)
                      0.001542    0.000365    2.000365 ^ u_sram/din0[3] (sky130_sram_1kbyte_1rw1r_32x256_8)
                                              2.000365   data arrival time

                                 20.000000   20.000000   clock clk_i (rise edge)
                                  0.000000   20.000000   clock source latency
     2    0.073694    0.000000    0.000000   20.000000 ^ clk_i (in)
                                                         clk_i (net)
                      0.008592    0.004295   20.004295 ^ clkbuf_0_clk_i/A (sky130_fd_sc_hd__clkbuf_16)
     2    0.038551    0.092291    0.220696   20.224993 ^ clkbuf_0_clk_i/X (sky130_fd_sc_hd__clkbuf_16)
                                                         clknet_0_clk_i (net)
                      0.092306    0.001203   20.226194 ^ clkbuf_1_0__f_clk_i/A (sky130_fd_sc_hd__clkbuf_16)
     1    0.060543    0.121212    0.278728   20.504923 ^ clkbuf_1_0__f_clk_i/X (sky130_fd_sc_hd__clkbuf_16)
                                                         clknet_1_0__leaf_clk_i (net)
                      0.165221    0.014072   20.518995 ^ u_sram/clk0 (sky130_sram_1kbyte_1rw1r_32x256_8)
                                 -0.250000   20.268995   clock uncertainty
                                  0.000000   20.268995   clock reconvergence pessimism
                                 -0.103000   20.165997   library setup time
                                             20.165997   data required time
---------------------------------------------------------------------------------------------
                                             20.165997   data required time
                                             -2.000365   data arrival time
---------------------------------------------------------------------------------------------
                                             18.165630   slack (MET)


Startpoint: axi_wdata_i[4] (input port clocked by clk_i)
Endpoint: u_sram (falling edge-triggered flip-flop clocked by clk_i)
Path Group: clk_i
Path Type: max

Fanout         Cap        Slew       Delay        Time   Description
---------------------------------------------------------------------------------------------
                                  0.000000    0.000000   clock clk_i (rise edge)
                                  0.000000    0.000000   clock network delay (propagated)
                                  2.000000    2.000000 ^ input external delay
     1    0.013151    0.000000    0.000000    2.000000 ^ axi_wdata_i[4] (in)
                                                         axi_wdata_i[4] (net)
                      0.001542    0.000365    2.000365 ^ u_sram/din0[4] (sky130_sram_1kbyte_1rw1r_32x256_8)
                                              2.000365   data arrival time

                                 20.000000   20.000000   clock clk_i (rise edge)
                                  0.000000   20.000000   clock source latency
     2    0.073694    0.000000    0.000000   20.000000 ^ clk_i (in)
                                                         clk_i (net)
                      0.008592    0.004295   20.004295 ^ clkbuf_0_clk_i/A (sky130_fd_sc_hd__clkbuf_16)
     2    0.038551    0.092291    0.220696   20.224993 ^ clkbuf_0_clk_i/X (sky130_fd_sc_hd__clkbuf_16)
                                                         clknet_0_clk_i (net)
                      0.092306    0.001203   20.226194 ^ clkbuf_1_0__f_clk_i/A (sky130_fd_sc_hd__clkbuf_16)
     1    0.060543    0.121212    0.278728   20.504923 ^ clkbuf_1_0__f_clk_i/X (sky130_fd_sc_hd__clkbuf_16)
                                                         clknet_1_0__leaf_clk_i (net)
                      0.165221    0.014072   20.518995 ^ u_sram/clk0 (sky130_sram_1kbyte_1rw1r_32x256_8)
                                 -0.250000   20.268995   clock uncertainty
                                  0.000000   20.268995   clock reconvergence pessimism
                                 -0.103000   20.165997   library setup time
                                             20.165997   data required time
---------------------------------------------------------------------------------------------
                                             20.165997   data required time
                                             -2.000365   data arrival time
---------------------------------------------------------------------------------------------
                                             18.165630   slack (MET)


Startpoint: axi_wdata_i[5] (input port clocked by clk_i)
Endpoint: u_sram (falling edge-triggered flip-flop clocked by clk_i)
Path Group: clk_i
Path Type: max

Fanout         Cap        Slew       Delay        Time   Description
---------------------------------------------------------------------------------------------
                                  0.000000    0.000000   clock clk_i (rise edge)
                                  0.000000    0.000000   clock network delay (propagated)
                                  2.000000    2.000000 ^ input external delay
     1    0.013168    0.000000    0.000000    2.000000 ^ axi_wdata_i[5] (in)
                                                         axi_wdata_i[5] (net)
                      0.001545    0.000365    2.000365 ^ u_sram/din0[5] (sky130_sram_1kbyte_1rw1r_32x256_8)
                                              2.000365   data arrival time

                                 20.000000   20.000000   clock clk_i (rise edge)
                                  0.000000   20.000000   clock source latency
     2    0.073694    0.000000    0.000000   20.000000 ^ clk_i (in)
                                                         clk_i (net)
                      0.008592    0.004295   20.004295 ^ clkbuf_0_clk_i/A (sky130_fd_sc_hd__clkbuf_16)
     2    0.038551    0.092291    0.220696   20.224993 ^ clkbuf_0_clk_i/X (sky130_fd_sc_hd__clkbuf_16)
                                                         clknet_0_clk_i (net)
                      0.092306    0.001203   20.226194 ^ clkbuf_1_0__f_clk_i/A (sky130_fd_sc_hd__clkbuf_16)
     1    0.060543    0.121212    0.278728   20.504923 ^ clkbuf_1_0__f_clk_i/X (sky130_fd_sc_hd__clkbuf_16)
                                                         clknet_1_0__leaf_clk_i (net)
                      0.165221    0.014072   20.518995 ^ u_sram/clk0 (sky130_sram_1kbyte_1rw1r_32x256_8)
                                 -0.250000   20.268995   clock uncertainty
                                  0.000000   20.268995   clock reconvergence pessimism
                                 -0.103000   20.165997   library setup time
                                             20.165997   data required time
---------------------------------------------------------------------------------------------
                                             20.165997   data required time
                                             -2.000365   data arrival time
---------------------------------------------------------------------------------------------
                                             18.165630   slack (MET)


Startpoint: axi_wdata_i[30] (input port clocked by clk_i)
Endpoint: u_sram (falling edge-triggered flip-flop clocked by clk_i)
Path Group: clk_i
Path Type: max

Fanout         Cap        Slew       Delay        Time   Description
---------------------------------------------------------------------------------------------
                                  0.000000    0.000000   clock clk_i (rise edge)
                                  0.000000    0.000000   clock network delay (propagated)
                                  2.000000    2.000000 ^ input external delay
     1    0.014679    0.000000    0.000000    2.000000 ^ axi_wdata_i[30] (in)
                                                         axi_wdata_i[30] (net)
                      0.001137    0.000269    2.000269 ^ u_sram/din0[30] (sky130_sram_1kbyte_1rw1r_32x256_8)
                                              2.000269   data arrival time

                                 20.000000   20.000000   clock clk_i (rise edge)
                                  0.000000   20.000000   clock source latency
     2    0.073694    0.000000    0.000000   20.000000 ^ clk_i (in)
                                                         clk_i (net)
                      0.008592    0.004295   20.004295 ^ clkbuf_0_clk_i/A (sky130_fd_sc_hd__clkbuf_16)
     2    0.038551    0.092291    0.220696   20.224993 ^ clkbuf_0_clk_i/X (sky130_fd_sc_hd__clkbuf_16)
                                                         clknet_0_clk_i (net)
                      0.092306    0.001203   20.226194 ^ clkbuf_1_0__f_clk_i/A (sky130_fd_sc_hd__clkbuf_16)
     1    0.060543    0.121212    0.278728   20.504923 ^ clkbuf_1_0__f_clk_i/X (sky130_fd_sc_hd__clkbuf_16)
                                                         clknet_1_0__leaf_clk_i (net)
                      0.165221    0.014072   20.518995 ^ u_sram/clk0 (sky130_sram_1kbyte_1rw1r_32x256_8)
                                 -0.250000   20.268995   clock uncertainty
                                  0.000000   20.268995   clock reconvergence pessimism
                                 -0.103000   20.165997   library setup time
                                             20.165997   data required time
---------------------------------------------------------------------------------------------
                                             20.165997   data required time
                                             -2.000269   data arrival time
---------------------------------------------------------------------------------------------
                                             18.165728   slack (MET)


Startpoint: axi_wdata_i[31] (input port clocked by clk_i)
Endpoint: u_sram (falling edge-triggered flip-flop clocked by clk_i)
Path Group: clk_i
Path Type: max

Fanout         Cap        Slew       Delay        Time   Description
---------------------------------------------------------------------------------------------
                                  0.000000    0.000000   clock clk_i (rise edge)
                                  0.000000    0.000000   clock network delay (propagated)
                                  2.000000    2.000000 ^ input external delay
     1    0.015120    0.000000    0.000000    2.000000 ^ axi_wdata_i[31] (in)
                                                         axi_wdata_i[31] (net)
                      0.001198    0.000283    2.000283 ^ u_sram/din0[31] (sky130_sram_1kbyte_1rw1r_32x256_8)
                                              2.000283   data arrival time

                                 20.000000   20.000000   clock clk_i (rise edge)
                                  0.000000   20.000000   clock source latency
     2    0.073694    0.000000    0.000000   20.000000 ^ clk_i (in)
                                                         clk_i (net)
                      0.008592    0.004295   20.004295 ^ clkbuf_0_clk_i/A (sky130_fd_sc_hd__clkbuf_16)
     2    0.038551    0.092291    0.220696   20.224993 ^ clkbuf_0_clk_i/X (sky130_fd_sc_hd__clkbuf_16)
                                                         clknet_0_clk_i (net)
                      0.092306    0.001203   20.226194 ^ clkbuf_1_0__f_clk_i/A (sky130_fd_sc_hd__clkbuf_16)
     1    0.060543    0.121212    0.278728   20.504923 ^ clkbuf_1_0__f_clk_i/X (sky130_fd_sc_hd__clkbuf_16)
                                                         clknet_1_0__leaf_clk_i (net)
                      0.165221    0.014072   20.518995 ^ u_sram/clk0 (sky130_sram_1kbyte_1rw1r_32x256_8)
                                 -0.250000   20.268995   clock uncertainty
                                  0.000000   20.268995   clock reconvergence pessimism
                                 -0.103000   20.165997   library setup time
                                             20.165997   data required time
---------------------------------------------------------------------------------------------
                                             20.165997   data required time
                                             -2.000283   data arrival time
---------------------------------------------------------------------------------------------
                                             18.165712   slack (MET)


Startpoint: rst_ni (input port clocked by clk_i)
Endpoint: _45_ (recovery check against rising-edge clock clk_i)
Path Group: asynchronous
Path Type: max

Fanout         Cap        Slew       Delay        Time   Description
---------------------------------------------------------------------------------------------
                                  0.000000    0.000000   clock clk_i (rise edge)
                                  0.000000    0.000000   clock network delay (propagated)
                                  2.000000    2.000000 ^ input external delay
     4    0.017955    0.000000    0.000000    2.000000 ^ rst_ni (in)
                                                         rst_ni (net)
                      0.000288    0.000144    2.000144 ^ _45_/SET_B (sky130_fd_sc_hd__dfstp_2)
                                              2.000144   data arrival time

                                 20.000000   20.000000   clock clk_i (rise edge)
                                  0.000000   20.000000   clock source latency
     2    0.073694    0.000000    0.000000   20.000000 ^ clk_i (in)
                                                         clk_i (net)
                      0.005402    0.002702   20.002703 ^ clkbuf_regs_0_clk_i/A (sky130_fd_sc_hd__clkbuf_16)
     1    0.008368    0.052169    0.176431   20.179134 ^ clkbuf_regs_0_clk_i/X (sky130_fd_sc_hd__clkbuf_16)
                                                         clk_i_regs (net)
                      0.052169    0.000089   20.179222 ^ clkbuf_0_clk_i_regs/A (sky130_fd_sc_hd__clkbuf_16)
     2    0.018710    0.065828    0.211749   20.390972 ^ clkbuf_0_clk_i_regs/X (sky130_fd_sc_hd__clkbuf_16)
                                                         clknet_0_clk_i_regs (net)
                      0.065828    0.000156   20.391127 ^ clkbuf_1_0__f_clk_i_regs/A (sky130_fd_sc_hd__clkbuf_16)
     2    0.004874    0.047631    0.196001   20.587130 ^ clkbuf_1_0__f_clk_i_regs/X (sky130_fd_sc_hd__clkbuf_16)
                                                         clknet_1_0__leaf_clk_i_regs (net)
                      0.047631    0.000052   20.587181 ^ _45_/CLK (sky130_fd_sc_hd__dfstp_2)
                                 -0.250000   20.337181   clock uncertainty
                                  0.000000   20.337181   clock reconvergence pessimism
                                  0.267012   20.604195   library recovery time
                                             20.604195   data required time
---------------------------------------------------------------------------------------------
                                             20.604195   data required time
                                             -2.000144   data arrival time
---------------------------------------------------------------------------------------------
                                             18.604050   slack (MET)


Startpoint: rst_ni (input port clocked by clk_i)
Endpoint: _47_ (recovery check against rising-edge clock clk_i)
Path Group: asynchronous
Path Type: max

Fanout         Cap        Slew       Delay        Time   Description
---------------------------------------------------------------------------------------------
                                  0.000000    0.000000   clock clk_i (rise edge)
                                  0.000000    0.000000   clock network delay (propagated)
                                  2.000000    2.000000 ^ input external delay
     4    0.017955    0.000000    0.000000    2.000000 ^ rst_ni (in)
                                                         rst_ni (net)
                      0.000271    0.000136    2.000136 ^ _47_/RESET_B (sky130_fd_sc_hd__dfrtp_2)
                                              2.000136   data arrival time

                                 20.000000   20.000000   clock clk_i (rise edge)
                                  0.000000   20.000000   clock source latency
     2    0.073694    0.000000    0.000000   20.000000 ^ clk_i (in)
                                                         clk_i (net)
                      0.005402    0.002702   20.002703 ^ clkbuf_regs_0_clk_i/A (sky130_fd_sc_hd__clkbuf_16)
     1    0.008368    0.052169    0.176431   20.179134 ^ clkbuf_regs_0_clk_i/X (sky130_fd_sc_hd__clkbuf_16)
                                                         clk_i_regs (net)
                      0.052169    0.000089   20.179222 ^ clkbuf_0_clk_i_regs/A (sky130_fd_sc_hd__clkbuf_16)
     2    0.018710    0.065828    0.211749   20.390972 ^ clkbuf_0_clk_i_regs/X (sky130_fd_sc_hd__clkbuf_16)
                                                         clknet_0_clk_i_regs (net)
                      0.065828    0.000156   20.391127 ^ clkbuf_1_0__f_clk_i_regs/A (sky130_fd_sc_hd__clkbuf_16)
     2    0.004874    0.047631    0.196001   20.587130 ^ clkbuf_1_0__f_clk_i_regs/X (sky130_fd_sc_hd__clkbuf_16)
                                                         clknet_1_0__leaf_clk_i_regs (net)
                      0.047631    0.000053   20.587183 ^ _47_/CLK (sky130_fd_sc_hd__dfrtp_2)
                                 -0.250000   20.337183   clock uncertainty
                                  0.000000   20.337183   clock reconvergence pessimism
                                  0.466937   20.804119   library recovery time
                                             20.804119   data required time
---------------------------------------------------------------------------------------------
                                             20.804119   data required time
                                             -2.000136   data arrival time
---------------------------------------------------------------------------------------------
                                             18.803986   slack (MET)


Startpoint: rst_ni (input port clocked by clk_i)
Endpoint: _46_ (recovery check against rising-edge clock clk_i)
Path Group: asynchronous
Path Type: max

Fanout         Cap        Slew       Delay        Time   Description
---------------------------------------------------------------------------------------------
                                  0.000000    0.000000   clock clk_i (rise edge)
                                  0.000000    0.000000   clock network delay (propagated)
                                  2.000000    2.000000 ^ input external delay
     4    0.017955    0.000000    0.000000    2.000000 ^ rst_ni (in)
                                                         rst_ni (net)
                      0.000277    0.000139    2.000139 ^ _46_/RESET_B (sky130_fd_sc_hd__dfrtp_2)
                                              2.000139   data arrival time

                                 20.000000   20.000000   clock clk_i (rise edge)
                                  0.000000   20.000000   clock source latency
     2    0.073694    0.000000    0.000000   20.000000 ^ clk_i (in)
                                                         clk_i (net)
                      0.005402    0.002702   20.002703 ^ clkbuf_regs_0_clk_i/A (sky130_fd_sc_hd__clkbuf_16)
     1    0.008368    0.052169    0.176431   20.179134 ^ clkbuf_regs_0_clk_i/X (sky130_fd_sc_hd__clkbuf_16)
                                                         clk_i_regs (net)
                      0.052169    0.000089   20.179222 ^ clkbuf_0_clk_i_regs/A (sky130_fd_sc_hd__clkbuf_16)
     2    0.018710    0.065828    0.211749   20.390972 ^ clkbuf_0_clk_i_regs/X (sky130_fd_sc_hd__clkbuf_16)
                                                         clknet_0_clk_i_regs (net)
                      0.065828    0.000194   20.391165 ^ clkbuf_1_1__f_clk_i_regs/A (sky130_fd_sc_hd__clkbuf_16)
     3    0.007177    0.050738    0.200370   20.591534 ^ clkbuf_1_1__f_clk_i_regs/X (sky130_fd_sc_hd__clkbuf_16)
                                                         clknet_1_1__leaf_clk_i_regs (net)
                      0.050738    0.000057   20.591591 ^ _46_/CLK (sky130_fd_sc_hd__dfrtp_2)
                                 -0.250000   20.341593   clock uncertainty
                                  0.000000   20.341593   clock reconvergence pessimism
                                  0.467966   20.809559   library recovery time
                                             20.809559   data required time
---------------------------------------------------------------------------------------------
                                             20.809559   data required time
                                             -2.000139   data arrival time
---------------------------------------------------------------------------------------------
                                             18.809420   slack (MET)


Startpoint: rst_ni (input port clocked by clk_i)
Endpoint: _48_ (recovery check against rising-edge clock clk_i)
Path Group: asynchronous
Path Type: max

Fanout         Cap        Slew       Delay        Time   Description
---------------------------------------------------------------------------------------------
                                  0.000000    0.000000   clock clk_i (rise edge)
                                  0.000000    0.000000   clock network delay (propagated)
                                  2.000000    2.000000 ^ input external delay
     4    0.017955    0.000000    0.000000    2.000000 ^ rst_ni (in)
                                                         rst_ni (net)
                      0.000216    0.000108    2.000108 ^ _48_/RESET_B (sky130_fd_sc_hd__dfrtp_2)
                                              2.000108   data arrival time

                                 20.000000   20.000000   clock clk_i (rise edge)
                                  0.000000   20.000000   clock source latency
     2    0.073694    0.000000    0.000000   20.000000 ^ clk_i (in)
                                                         clk_i (net)
                      0.005402    0.002702   20.002703 ^ clkbuf_regs_0_clk_i/A (sky130_fd_sc_hd__clkbuf_16)
     1    0.008368    0.052169    0.176431   20.179134 ^ clkbuf_regs_0_clk_i/X (sky130_fd_sc_hd__clkbuf_16)
                                                         clk_i_regs (net)
                      0.052169    0.000089   20.179222 ^ clkbuf_0_clk_i_regs/A (sky130_fd_sc_hd__clkbuf_16)
     2    0.018710    0.065828    0.211749   20.390972 ^ clkbuf_0_clk_i_regs/X (sky130_fd_sc_hd__clkbuf_16)
                                                         clknet_0_clk_i_regs (net)
                      0.065828    0.000194   20.391165 ^ clkbuf_1_1__f_clk_i_regs/A (sky130_fd_sc_hd__clkbuf_16)
     3    0.007177    0.050738    0.200370   20.591534 ^ clkbuf_1_1__f_clk_i_regs/X (sky130_fd_sc_hd__clkbuf_16)
                                                         clknet_1_1__leaf_clk_i_regs (net)
                      0.050738    0.000066   20.591600 ^ _48_/CLK (sky130_fd_sc_hd__dfrtp_2)
                                 -0.250000   20.341600   clock uncertainty
                                  0.000000   20.341600   clock reconvergence pessimism
                                  0.467992   20.809593   library recovery time
                                             20.809593   data required time
---------------------------------------------------------------------------------------------
                                             20.809593   data required time
                                             -2.000108   data arrival time
---------------------------------------------------------------------------------------------
                                             18.809484   slack (MET)



