
===========================================================================
report_checks -path_delay min (Hold)
============================================================================
======================= min_ss_100C_1v60 Corner ===================================

Startpoint: rst_ni (input port clocked by clk_i)
Endpoint: _48_ (removal check against rising-edge clock clk_i)
Path Group: asynchronous
Path Type: min

Fanout         Cap        Slew       Delay        Time   Description
---------------------------------------------------------------------------------------------
                                  0.000000    0.000000   clock clk_i (rise edge)
                                  0.000000    0.000000   clock network delay (propagated)
                                  2.000000    2.000000 ^ input external delay
     4    0.017955    0.000000    0.000000    2.000000 ^ rst_ni (in)
                                                         rst_ni (net)
                      0.000216    0.000108    2.000108 ^ _48_/RESET_B (sky130_fd_sc_hd__dfrtp_2)
                                              2.000108   data arrival time

                                  0.000000    0.000000   clock clk_i (rise edge)
                                  0.000000    0.000000   clock source latency
     2    0.073694    0.000000    0.000000    0.000000 ^ clk_i (in)
                                                         clk_i (net)
                      0.005402    0.002701    0.002701 ^ clkbuf_regs_0_clk_i/A (sky130_fd_sc_hd__clkbuf_16)
     1    0.008368    0.052169    0.176432    0.179133 ^ clkbuf_regs_0_clk_i/X (sky130_fd_sc_hd__clkbuf_16)
                                                         clk_i_regs (net)
                      0.052169    0.000088    0.179222 ^ clkbuf_0_clk_i_regs/A (sky130_fd_sc_hd__clkbuf_16)
     2    0.018710    0.065828    0.211749    0.390970 ^ clkbuf_0_clk_i_regs/X (sky130_fd_sc_hd__clkbuf_16)
                                                         clknet_0_clk_i_regs (net)
                      0.065828    0.000195    0.391165 ^ clkbuf_1_1__f_clk_i_regs/A (sky130_fd_sc_hd__clkbuf_16)
     3    0.007177    0.050738    0.200369    0.591535 ^ clkbuf_1_1__f_clk_i_regs/X (sky130_fd_sc_hd__clkbuf_16)
                                                         clknet_1_1__leaf_clk_i_regs (net)
                      0.050738    0.000066    0.591600 ^ _48_/CLK (sky130_fd_sc_hd__dfrtp_2)
                                  0.250000    0.841600   clock uncertainty
                                  0.000000    0.841600   clock reconvergence pessimism
                                  0.630202    1.471802   library removal time
                                              1.471802   data required time
---------------------------------------------------------------------------------------------
                                              1.471802   data required time
                                             -2.000108   data arrival time
---------------------------------------------------------------------------------------------
                                              0.528306   slack (MET)


Startpoint: rst_ni (input port clocked by clk_i)
Endpoint: _46_ (removal check against rising-edge clock clk_i)
Path Group: asynchronous
Path Type: min

Fanout         Cap        Slew       Delay        Time   Description
---------------------------------------------------------------------------------------------
                                  0.000000    0.000000   clock clk_i (rise edge)
                                  0.000000    0.000000   clock network delay (propagated)
                                  2.000000    2.000000 ^ input external delay
     4    0.017955    0.000000    0.000000    2.000000 ^ rst_ni (in)
                                                         rst_ni (net)
                      0.000277    0.000139    2.000139 ^ _46_/RESET_B (sky130_fd_sc_hd__dfrtp_2)
                                              2.000139   data arrival time

                                  0.000000    0.000000   clock clk_i (rise edge)
                                  0.000000    0.000000   clock source latency
     2    0.073694    0.000000    0.000000    0.000000 ^ clk_i (in)
                                                         clk_i (net)
                      0.005402    0.002701    0.002701 ^ clkbuf_regs_0_clk_i/A (sky130_fd_sc_hd__clkbuf_16)
     1    0.008368    0.052169    0.176432    0.179133 ^ clkbuf_regs_0_clk_i/X (sky130_fd_sc_hd__clkbuf_16)
                                                         clk_i_regs (net)
                      0.052169    0.000088    0.179222 ^ clkbuf_0_clk_i_regs/A (sky130_fd_sc_hd__clkbuf_16)
     2    0.018710    0.065828    0.211749    0.390970 ^ clkbuf_0_clk_i_regs/X (sky130_fd_sc_hd__clkbuf_16)
                                                         clknet_0_clk_i_regs (net)
                      0.065828    0.000195    0.391165 ^ clkbuf_1_1__f_clk_i_regs/A (sky130_fd_sc_hd__clkbuf_16)
     3    0.007177    0.050738    0.200369    0.591535 ^ clkbuf_1_1__f_clk_i_regs/X (sky130_fd_sc_hd__clkbuf_16)
                                                         clknet_1_1__leaf_clk_i_regs (net)
                      0.050738    0.000057    0.591591 ^ _46_/CLK (sky130_fd_sc_hd__dfrtp_2)
                                  0.250000    0.841591   clock uncertainty
                                  0.000000    0.841591   clock reconvergence pessimism
                                  0.630221    1.471812   library removal time
                                              1.471812   data required time
---------------------------------------------------------------------------------------------
                                              1.471812   data required time
                                             -2.000139   data arrival time
---------------------------------------------------------------------------------------------
                                              0.528326   slack (MET)


Startpoint: rst_ni (input port clocked by clk_i)
Endpoint: _47_ (removal check against rising-edge clock clk_i)
Path Group: asynchronous
Path Type: min

Fanout         Cap        Slew       Delay        Time   Description
---------------------------------------------------------------------------------------------
                                  0.000000    0.000000   clock clk_i (rise edge)
                                  0.000000    0.000000   clock network delay (propagated)
                                  2.000000    2.000000 ^ input external delay
     4    0.017955    0.000000    0.000000    2.000000 ^ rst_ni (in)
                                                         rst_ni (net)
                      0.000271    0.000136    2.000136 ^ _47_/RESET_B (sky130_fd_sc_hd__dfrtp_2)
                                              2.000136   data arrival time

                                  0.000000    0.000000   clock clk_i (rise edge)
                                  0.000000    0.000000   clock source latency
     2    0.073694    0.000000    0.000000    0.000000 ^ clk_i (in)
                                                         clk_i (net)
                      0.005402    0.002701    0.002701 ^ clkbuf_regs_0_clk_i/A (sky130_fd_sc_hd__clkbuf_16)
     1    0.008368    0.052169    0.176432    0.179133 ^ clkbuf_regs_0_clk_i/X (sky130_fd_sc_hd__clkbuf_16)
                                                         clk_i_regs (net)
                      0.052169    0.000088    0.179222 ^ clkbuf_0_clk_i_regs/A (sky130_fd_sc_hd__clkbuf_16)
     2    0.018710    0.065828    0.211749    0.390970 ^ clkbuf_0_clk_i_regs/X (sky130_fd_sc_hd__clkbuf_16)
                                                         clknet_0_clk_i_regs (net)
                      0.065828    0.000157    0.391127 ^ clkbuf_1_0__f_clk_i_regs/A (sky130_fd_sc_hd__clkbuf_16)
     2    0.004874    0.047631    0.196001    0.587128 ^ clkbuf_1_0__f_clk_i_regs/X (sky130_fd_sc_hd__clkbuf_16)
                                                         clknet_1_0__leaf_clk_i_regs (net)
                      0.047631    0.000054    0.587182 ^ _47_/CLK (sky130_fd_sc_hd__dfrtp_2)
                                  0.250000    0.837182   clock uncertainty
                                  0.000000    0.837182   clock reconvergence pessimism
                                  0.629281    1.466462   library removal time
                                              1.466462   data required time
---------------------------------------------------------------------------------------------
                                              1.466462   data required time
                                             -2.000136   data arrival time
---------------------------------------------------------------------------------------------
                                              0.533673   slack (MET)


Startpoint: rst_ni (input port clocked by clk_i)
Endpoint: _45_ (removal check against rising-edge clock clk_i)
Path Group: asynchronous
Path Type: min

Fanout         Cap        Slew       Delay        Time   Description
---------------------------------------------------------------------------------------------
                                  0.000000    0.000000   clock clk_i (rise edge)
                                  0.000000    0.000000   clock network delay (propagated)
                                  2.000000    2.000000 ^ input external delay
     4    0.017955    0.000000    0.000000    2.000000 ^ rst_ni (in)
                                                         rst_ni (net)
                      0.000288    0.000144    2.000144 ^ _45_/SET_B (sky130_fd_sc_hd__dfstp_2)
                                              2.000144   data arrival time

                                  0.000000    0.000000   clock clk_i (rise edge)
                                  0.000000    0.000000   clock source latency
     2    0.073694    0.000000    0.000000    0.000000 ^ clk_i (in)
                                                         clk_i (net)
                      0.005402    0.002701    0.002701 ^ clkbuf_regs_0_clk_i/A (sky130_fd_sc_hd__clkbuf_16)
     1    0.008368    0.052169    0.176432    0.179133 ^ clkbuf_regs_0_clk_i/X (sky130_fd_sc_hd__clkbuf_16)
                                                         clk_i_regs (net)
                      0.052169    0.000088    0.179222 ^ clkbuf_0_clk_i_regs/A (sky130_fd_sc_hd__clkbuf_16)
     2    0.018710    0.065828    0.211749    0.390970 ^ clkbuf_0_clk_i_regs/X (sky130_fd_sc_hd__clkbuf_16)
                                                         clknet_0_clk_i_regs (net)
                      0.065828    0.000157    0.391127 ^ clkbuf_1_0__f_clk_i_regs/A (sky130_fd_sc_hd__clkbuf_16)
     2    0.004874    0.047631    0.196001    0.587128 ^ clkbuf_1_0__f_clk_i_regs/X (sky130_fd_sc_hd__clkbuf_16)
                                                         clknet_1_0__leaf_clk_i_regs (net)
                      0.047631    0.000053    0.587180 ^ _45_/CLK (sky130_fd_sc_hd__dfstp_2)
                                  0.250000    0.837180   clock uncertainty
                                  0.000000    0.837180   clock reconvergence pessimism
                                  0.305453    1.142634   library removal time
                                              1.142634   data required time
---------------------------------------------------------------------------------------------
                                              1.142634   data required time
                                             -2.000144   data arrival time
---------------------------------------------------------------------------------------------
                                              0.857510   slack (MET)


Startpoint: _45_ (rising edge-triggered flip-flop clocked by clk_i)
Endpoint: _45_ (rising edge-triggered flip-flop clocked by clk_i)
Path Group: clk_i
Path Type: min

Fanout         Cap        Slew       Delay        Time   Description
---------------------------------------------------------------------------------------------
                                  0.000000    0.000000   clock clk_i (rise edge)
                                  0.000000    0.000000   clock source latency
     2    0.073694    0.000000    0.000000    0.000000 ^ clk_i (in)
                                                         clk_i (net)
                      0.005402    0.002701    0.002701 ^ clkbuf_regs_0_clk_i/A (sky130_fd_sc_hd__clkbuf_16)
     1    0.008368    0.052169    0.176432    0.179133 ^ clkbuf_regs_0_clk_i/X (sky130_fd_sc_hd__clkbuf_16)
                                                         clk_i_regs (net)
                      0.052169    0.000088    0.179222 ^ clkbuf_0_clk_i_regs/A (sky130_fd_sc_hd__clkbuf_16)
     2    0.018710    0.065828    0.211749    0.390970 ^ clkbuf_0_clk_i_regs/X (sky130_fd_sc_hd__clkbuf_16)
                                                         clknet_0_clk_i_regs (net)
                      0.065828    0.000157    0.391127 ^ clkbuf_1_0__f_clk_i_regs/A (sky130_fd_sc_hd__clkbuf_16)
     2    0.004874    0.047631    0.196001    0.587128 ^ clkbuf_1_0__f_clk_i_regs/X (sky130_fd_sc_hd__clkbuf_16)
                                                         clknet_1_0__leaf_clk_i_regs (net)
                      0.047631    0.000053    0.587180 ^ _45_/CLK (sky130_fd_sc_hd__dfstp_2)
     3    0.011627    0.071892    0.729398    1.316579 v _45_/Q (sky130_fd_sc_hd__dfstp_2)
                                                         state_q[0] (net)
                      0.071892    0.000314    1.316893 v _31_/A1 (sky130_fd_sc_hd__a31o_2)
     1    0.006732    0.076570    0.393588    1.710481 v _31_/X (sky130_fd_sc_hd__a31o_2)
                                                         _01_ (net)
                      0.076570    0.000170    1.710651 v _45_/D (sky130_fd_sc_hd__dfstp_2)
                                              1.710651   data arrival time

                                  0.000000    0.000000   clock clk_i (rise edge)
                                  0.000000    0.000000   clock source latency
     2    0.073694    0.000000    0.000000    0.000000 ^ clk_i (in)
                                                         clk_i (net)
                      0.005402    0.002701    0.002701 ^ clkbuf_regs_0_clk_i/A (sky130_fd_sc_hd__clkbuf_16)
     1    0.008368    0.052169    0.176432    0.179133 ^ clkbuf_regs_0_clk_i/X (sky130_fd_sc_hd__clkbuf_16)
                                                         clk_i_regs (net)
                      0.052169    0.000088    0.179222 ^ clkbuf_0_clk_i_regs/A (sky130_fd_sc_hd__clkbuf_16)
     2    0.018710    0.065828    0.211749    0.390970 ^ clkbuf_0_clk_i_regs/X (sky130_fd_sc_hd__clkbuf_16)
                                                         clknet_0_clk_i_regs (net)
                      0.065828    0.000157    0.391127 ^ clkbuf_1_0__f_clk_i_regs/A (sky130_fd_sc_hd__clkbuf_16)
     2    0.004874    0.047631    0.196001    0.587128 ^ clkbuf_1_0__f_clk_i_regs/X (sky130_fd_sc_hd__clkbuf_16)
                                                         clknet_1_0__leaf_clk_i_regs (net)
                      0.047631    0.000053    0.587180 ^ _45_/CLK (sky130_fd_sc_hd__dfstp_2)
                                  0.250000    0.837180   clock uncertainty
                                  0.000000    0.837180   clock reconvergence pessimism
                                 -0.008207    0.828973   library hold time
                                              0.828973   data required time
---------------------------------------------------------------------------------------------
                                              0.828973   data required time
                                             -1.710651   data arrival time
---------------------------------------------------------------------------------------------
                                              0.881677   slack (MET)


Startpoint: axi_wdata_i[30] (input port clocked by clk_i)
Endpoint: u_sram (falling edge-triggered flip-flop clocked by clk_i)
Path Group: clk_i
Path Type: min

Fanout         Cap        Slew       Delay        Time   Description
---------------------------------------------------------------------------------------------
                                  0.000000    0.000000   clock clk_i (rise edge)
                                  0.000000    0.000000   clock network delay (propagated)
                                  2.000000    2.000000 ^ input external delay
     1    0.014679    0.000000    0.000000    2.000000 ^ axi_wdata_i[30] (in)
                                                         axi_wdata_i[30] (net)
                      0.001137    0.000269    2.000269 ^ u_sram/din0[30] (sky130_sram_1kbyte_1rw1r_32x256_8)
                                              2.000269   data arrival time

                                  0.000000    0.000000   clock clk_i (rise edge)
                                  0.000000    0.000000   clock source latency
     2    0.073694    0.000000    0.000000    0.000000 ^ clk_i (in)
                                                         clk_i (net)
                      0.008592    0.004296    0.004296 ^ clkbuf_0_clk_i/A (sky130_fd_sc_hd__clkbuf_16)
     2    0.038551    0.092291    0.220696    0.224991 ^ clkbuf_0_clk_i/X (sky130_fd_sc_hd__clkbuf_16)
                                                         clknet_0_clk_i (net)
                      0.092306    0.001204    0.226195 ^ clkbuf_1_0__f_clk_i/A (sky130_fd_sc_hd__clkbuf_16)
     1    0.060543    0.121212    0.278728    0.504923 ^ clkbuf_1_0__f_clk_i/X (sky130_fd_sc_hd__clkbuf_16)
                                                         clknet_1_0__leaf_clk_i (net)
                      0.165221    0.014071    0.518994 ^ u_sram/clk0 (sky130_sram_1kbyte_1rw1r_32x256_8)
                                  0.250000    0.768994   clock uncertainty
                                  0.000000    0.768994   clock reconvergence pessimism
                                 -0.056000    0.712994   library hold time
                                              0.712994   data required time
---------------------------------------------------------------------------------------------
                                              0.712994   data required time
                                             -2.000269   data arrival time
---------------------------------------------------------------------------------------------
                                              1.287275   slack (MET)


Startpoint: axi_wdata_i[31] (input port clocked by clk_i)
Endpoint: u_sram (falling edge-triggered flip-flop clocked by clk_i)
Path Group: clk_i
Path Type: min

Fanout         Cap        Slew       Delay        Time   Description
---------------------------------------------------------------------------------------------
                                  0.000000    0.000000   clock clk_i (rise edge)
                                  0.000000    0.000000   clock network delay (propagated)
                                  2.000000    2.000000 ^ input external delay
     1    0.015120    0.000000    0.000000    2.000000 ^ axi_wdata_i[31] (in)
                                                         axi_wdata_i[31] (net)
                      0.001198    0.000283    2.000283 ^ u_sram/din0[31] (sky130_sram_1kbyte_1rw1r_32x256_8)
                                              2.000283   data arrival time

                                  0.000000    0.000000   clock clk_i (rise edge)
                                  0.000000    0.000000   clock source latency
     2    0.073694    0.000000    0.000000    0.000000 ^ clk_i (in)
                                                         clk_i (net)
                      0.008592    0.004296    0.004296 ^ clkbuf_0_clk_i/A (sky130_fd_sc_hd__clkbuf_16)
     2    0.038551    0.092291    0.220696    0.224991 ^ clkbuf_0_clk_i/X (sky130_fd_sc_hd__clkbuf_16)
                                                         clknet_0_clk_i (net)
                      0.092306    0.001204    0.226195 ^ clkbuf_1_0__f_clk_i/A (sky130_fd_sc_hd__clkbuf_16)
     1    0.060543    0.121212    0.278728    0.504923 ^ clkbuf_1_0__f_clk_i/X (sky130_fd_sc_hd__clkbuf_16)
                                                         clknet_1_0__leaf_clk_i (net)
                      0.165221    0.014071    0.518994 ^ u_sram/clk0 (sky130_sram_1kbyte_1rw1r_32x256_8)
                                  0.250000    0.768994   clock uncertainty
                                  0.000000    0.768994   clock reconvergence pessimism
                                 -0.056000    0.712994   library hold time
                                              0.712994   data required time
---------------------------------------------------------------------------------------------
                                              0.712994   data required time
                                             -2.000283   data arrival time
---------------------------------------------------------------------------------------------
                                              1.287289   slack (MET)


Startpoint: axi_wdata_i[0] (input port clocked by clk_i)
Endpoint: u_sram (falling edge-triggered flip-flop clocked by clk_i)
Path Group: clk_i
Path Type: min

Fanout         Cap        Slew       Delay        Time   Description
---------------------------------------------------------------------------------------------
                                  0.000000    0.000000   clock clk_i (rise edge)
                                  0.000000    0.000000   clock network delay (propagated)
                                  2.000000    2.000000 ^ input external delay
     1    0.013148    0.000000    0.000000    2.000000 ^ axi_wdata_i[0] (in)
                                                         axi_wdata_i[0] (net)
                      0.001542    0.000365    2.000365 ^ u_sram/din0[0] (sky130_sram_1kbyte_1rw1r_32x256_8)
                                              2.000365   data arrival time

                                  0.000000    0.000000   clock clk_i (rise edge)
                                  0.000000    0.000000   clock source latency
     2    0.073694    0.000000    0.000000    0.000000 ^ clk_i (in)
                                                         clk_i (net)
                      0.008592    0.004296    0.004296 ^ clkbuf_0_clk_i/A (sky130_fd_sc_hd__clkbuf_16)
     2    0.038551    0.092291    0.220696    0.224991 ^ clkbuf_0_clk_i/X (sky130_fd_sc_hd__clkbuf_16)
                                                         clknet_0_clk_i (net)
                      0.092306    0.001204    0.226195 ^ clkbuf_1_0__f_clk_i/A (sky130_fd_sc_hd__clkbuf_16)
     1    0.060543    0.121212    0.278728    0.504923 ^ clkbuf_1_0__f_clk_i/X (sky130_fd_sc_hd__clkbuf_16)
                                                         clknet_1_0__leaf_clk_i (net)
                      0.165221    0.014071    0.518994 ^ u_sram/clk0 (sky130_sram_1kbyte_1rw1r_32x256_8)
                                  0.250000    0.768994   clock uncertainty
                                  0.000000    0.768994   clock reconvergence pessimism
                                 -0.056000    0.712994   library hold time
                                              0.712994   data required time
---------------------------------------------------------------------------------------------
                                              0.712994   data required time
                                             -2.000365   data arrival time
---------------------------------------------------------------------------------------------
                                              1.287371   slack (MET)


Startpoint: axi_wdata_i[1] (input port clocked by clk_i)
Endpoint: u_sram (falling edge-triggered flip-flop clocked by clk_i)
Path Group: clk_i
Path Type: min

Fanout         Cap        Slew       Delay        Time   Description
---------------------------------------------------------------------------------------------
                                  0.000000    0.000000   clock clk_i (rise edge)
                                  0.000000    0.000000   clock network delay (propagated)
                                  2.000000    2.000000 ^ input external delay
     1    0.013179    0.000000    0.000000    2.000000 ^ axi_wdata_i[1] (in)
                                                         axi_wdata_i[1] (net)
                      0.001547    0.000366    2.000366 ^ u_sram/din0[1] (sky130_sram_1kbyte_1rw1r_32x256_8)
                                              2.000366   data arrival time

                                  0.000000    0.000000   clock clk_i (rise edge)
                                  0.000000    0.000000   clock source latency
     2    0.073694    0.000000    0.000000    0.000000 ^ clk_i (in)
                                                         clk_i (net)
                      0.008592    0.004296    0.004296 ^ clkbuf_0_clk_i/A (sky130_fd_sc_hd__clkbuf_16)
     2    0.038551    0.092291    0.220696    0.224991 ^ clkbuf_0_clk_i/X (sky130_fd_sc_hd__clkbuf_16)
                                                         clknet_0_clk_i (net)
                      0.092306    0.001204    0.226195 ^ clkbuf_1_0__f_clk_i/A (sky130_fd_sc_hd__clkbuf_16)
     1    0.060543    0.121212    0.278728    0.504923 ^ clkbuf_1_0__f_clk_i/X (sky130_fd_sc_hd__clkbuf_16)
                                                         clknet_1_0__leaf_clk_i (net)
                      0.165221    0.014071    0.518994 ^ u_sram/clk0 (sky130_sram_1kbyte_1rw1r_32x256_8)
                                  0.250000    0.768994   clock uncertainty
                                  0.000000    0.768994   clock reconvergence pessimism
                                 -0.056000    0.712994   library hold time
                                              0.712994   data required time
---------------------------------------------------------------------------------------------
                                              0.712994   data required time
                                             -2.000366   data arrival time
---------------------------------------------------------------------------------------------
                                              1.287372   slack (MET)


Startpoint: axi_wdata_i[3] (input port clocked by clk_i)
Endpoint: u_sram (falling edge-triggered flip-flop clocked by clk_i)
Path Group: clk_i
Path Type: min

Fanout         Cap        Slew       Delay        Time   Description
---------------------------------------------------------------------------------------------
                                  0.000000    0.000000   clock clk_i (rise edge)
                                  0.000000    0.000000   clock network delay (propagated)
                                  2.000000    2.000000 ^ input external delay
     1    0.013151    0.000000    0.000000    2.000000 ^ axi_wdata_i[3] (in)
                                                         axi_wdata_i[3] (net)
                      0.001542    0.000365    2.000365 ^ u_sram/din0[3] (sky130_sram_1kbyte_1rw1r_32x256_8)
                                              2.000365   data arrival time

                                  0.000000    0.000000   clock clk_i (rise edge)
                                  0.000000    0.000000   clock source latency
     2    0.073694    0.000000    0.000000    0.000000 ^ clk_i (in)
                                                         clk_i (net)
                      0.008592    0.004296    0.004296 ^ clkbuf_0_clk_i/A (sky130_fd_sc_hd__clkbuf_16)
     2    0.038551    0.092291    0.220696    0.224991 ^ clkbuf_0_clk_i/X (sky130_fd_sc_hd__clkbuf_16)
                                                         clknet_0_clk_i (net)
                      0.092306    0.001204    0.226195 ^ clkbuf_1_0__f_clk_i/A (sky130_fd_sc_hd__clkbuf_16)
     1    0.060543    0.121212    0.278728    0.504923 ^ clkbuf_1_0__f_clk_i/X (sky130_fd_sc_hd__clkbuf_16)
                                                         clknet_1_0__leaf_clk_i (net)
                      0.165221    0.014071    0.518994 ^ u_sram/clk0 (sky130_sram_1kbyte_1rw1r_32x256_8)
                                  0.250000    0.768994   clock uncertainty
                                  0.000000    0.768994   clock reconvergence pessimism
                                 -0.056000    0.712994   library hold time
                                              0.712994   data required time
---------------------------------------------------------------------------------------------
                                              0.712994   data required time
                                             -2.000365   data arrival time
---------------------------------------------------------------------------------------------
                                              1.287371   slack (MET)


Startpoint: axi_wdata_i[4] (input port clocked by clk_i)
Endpoint: u_sram (falling edge-triggered flip-flop clocked by clk_i)
Path Group: clk_i
Path Type: min

Fanout         Cap        Slew       Delay        Time   Description
---------------------------------------------------------------------------------------------
                                  0.000000    0.000000   clock clk_i (rise edge)
                                  0.000000    0.000000   clock network delay (propagated)
                                  2.000000    2.000000 ^ input external delay
     1    0.013151    0.000000    0.000000    2.000000 ^ axi_wdata_i[4] (in)
                                                         axi_wdata_i[4] (net)
                      0.001542    0.000365    2.000365 ^ u_sram/din0[4] (sky130_sram_1kbyte_1rw1r_32x256_8)
                                              2.000365   data arrival time

                                  0.000000    0.000000   clock clk_i (rise edge)
                                  0.000000    0.000000   clock source latency
     2    0.073694    0.000000    0.000000    0.000000 ^ clk_i (in)
                                                         clk_i (net)
                      0.008592    0.004296    0.004296 ^ clkbuf_0_clk_i/A (sky130_fd_sc_hd__clkbuf_16)
     2    0.038551    0.092291    0.220696    0.224991 ^ clkbuf_0_clk_i/X (sky130_fd_sc_hd__clkbuf_16)
                                                         clknet_0_clk_i (net)
                      0.092306    0.001204    0.226195 ^ clkbuf_1_0__f_clk_i/A (sky130_fd_sc_hd__clkbuf_16)
     1    0.060543    0.121212    0.278728    0.504923 ^ clkbuf_1_0__f_clk_i/X (sky130_fd_sc_hd__clkbuf_16)
                                                         clknet_1_0__leaf_clk_i (net)
                      0.165221    0.014071    0.518994 ^ u_sram/clk0 (sky130_sram_1kbyte_1rw1r_32x256_8)
                                  0.250000    0.768994   clock uncertainty
                                  0.000000    0.768994   clock reconvergence pessimism
                                 -0.056000    0.712994   library hold time
                                              0.712994   data required time
---------------------------------------------------------------------------------------------
                                              0.712994   data required time
                                             -2.000365   data arrival time
---------------------------------------------------------------------------------------------
                                              1.287371   slack (MET)


Startpoint: axi_wdata_i[2] (input port clocked by clk_i)
Endpoint: u_sram (falling edge-triggered flip-flop clocked by clk_i)
Path Group: clk_i
Path Type: min

Fanout         Cap        Slew       Delay        Time   Description
---------------------------------------------------------------------------------------------
                                  0.000000    0.000000   clock clk_i (rise edge)
                                  0.000000    0.000000   clock network delay (propagated)
                                  2.000000    2.000000 ^ input external delay
     1    0.013189    0.000000    0.000000    2.000000 ^ axi_wdata_i[2] (in)
                                                         axi_wdata_i[2] (net)
                      0.001549    0.000366    2.000366 ^ u_sram/din0[2] (sky130_sram_1kbyte_1rw1r_32x256_8)
                                              2.000366   data arrival time

                                  0.000000    0.000000   clock clk_i (rise edge)
                                  0.000000    0.000000   clock source latency
     2    0.073694    0.000000    0.000000    0.000000 ^ clk_i (in)
                                                         clk_i (net)
                      0.008592    0.004296    0.004296 ^ clkbuf_0_clk_i/A (sky130_fd_sc_hd__clkbuf_16)
     2    0.038551    0.092291    0.220696    0.224991 ^ clkbuf_0_clk_i/X (sky130_fd_sc_hd__clkbuf_16)
                                                         clknet_0_clk_i (net)
                      0.092306    0.001204    0.226195 ^ clkbuf_1_0__f_clk_i/A (sky130_fd_sc_hd__clkbuf_16)
     1    0.060543    0.121212    0.278728    0.504923 ^ clkbuf_1_0__f_clk_i/X (sky130_fd_sc_hd__clkbuf_16)
                                                         clknet_1_0__leaf_clk_i (net)
                      0.165221    0.014071    0.518994 ^ u_sram/clk0 (sky130_sram_1kbyte_1rw1r_32x256_8)
                                  0.250000    0.768994   clock uncertainty
                                  0.000000    0.768994   clock reconvergence pessimism
                                 -0.056000    0.712994   library hold time
                                              0.712994   data required time
---------------------------------------------------------------------------------------------
                                              0.712994   data required time
                                             -2.000366   data arrival time
---------------------------------------------------------------------------------------------
                                              1.287372   slack (MET)


Startpoint: axi_wdata_i[5] (input port clocked by clk_i)
Endpoint: u_sram (falling edge-triggered flip-flop clocked by clk_i)
Path Group: clk_i
Path Type: min

Fanout         Cap        Slew       Delay        Time   Description
---------------------------------------------------------------------------------------------
                                  0.000000    0.000000   clock clk_i (rise edge)
                                  0.000000    0.000000   clock network delay (propagated)
                                  2.000000    2.000000 ^ input external delay
     1    0.013168    0.000000    0.000000    2.000000 ^ axi_wdata_i[5] (in)
                                                         axi_wdata_i[5] (net)
                      0.001545    0.000365    2.000365 ^ u_sram/din0[5] (sky130_sram_1kbyte_1rw1r_32x256_8)
                                              2.000365   data arrival time

                                  0.000000    0.000000   clock clk_i (rise edge)
                                  0.000000    0.000000   clock source latency
     2    0.073694    0.000000    0.000000    0.000000 ^ clk_i (in)
                                                         clk_i (net)
                      0.008592    0.004296    0.004296 ^ clkbuf_0_clk_i/A (sky130_fd_sc_hd__clkbuf_16)
     2    0.038551    0.092291    0.220696    0.224991 ^ clkbuf_0_clk_i/X (sky130_fd_sc_hd__clkbuf_16)
                                                         clknet_0_clk_i (net)
                      0.092306    0.001204    0.226195 ^ clkbuf_1_0__f_clk_i/A (sky130_fd_sc_hd__clkbuf_16)
     1    0.060543    0.121212    0.278728    0.504923 ^ clkbuf_1_0__f_clk_i/X (sky130_fd_sc_hd__clkbuf_16)
                                                         clknet_1_0__leaf_clk_i (net)
                      0.165221    0.014071    0.518994 ^ u_sram/clk0 (sky130_sram_1kbyte_1rw1r_32x256_8)
                                  0.250000    0.768994   clock uncertainty
                                  0.000000    0.768994   clock reconvergence pessimism
                                 -0.056000    0.712994   library hold time
                                              0.712994   data required time
---------------------------------------------------------------------------------------------
                                              0.712994   data required time
                                             -2.000365   data arrival time
---------------------------------------------------------------------------------------------
                                              1.287372   slack (MET)


Startpoint: axi_wdata_i[15] (input port clocked by clk_i)
Endpoint: u_sram (falling edge-triggered flip-flop clocked by clk_i)
Path Group: clk_i
Path Type: min

Fanout         Cap        Slew       Delay        Time   Description
---------------------------------------------------------------------------------------------
                                  0.000000    0.000000   clock clk_i (rise edge)
                                  0.000000    0.000000   clock network delay (propagated)
                                  2.000000    2.000000 ^ input external delay
     1    0.013252    0.000000    0.000000    2.000000 ^ axi_wdata_i[15] (in)
                                                         axi_wdata_i[15] (net)
                      0.001569    0.000371    2.000371 ^ u_sram/din0[15] (sky130_sram_1kbyte_1rw1r_32x256_8)
                                              2.000371   data arrival time

                                  0.000000    0.000000   clock clk_i (rise edge)
                                  0.000000    0.000000   clock source latency
     2    0.073694    0.000000    0.000000    0.000000 ^ clk_i (in)
                                                         clk_i (net)
                      0.008592    0.004296    0.004296 ^ clkbuf_0_clk_i/A (sky130_fd_sc_hd__clkbuf_16)
     2    0.038551    0.092291    0.220696    0.224991 ^ clkbuf_0_clk_i/X (sky130_fd_sc_hd__clkbuf_16)
                                                         clknet_0_clk_i (net)
                      0.092306    0.001204    0.226195 ^ clkbuf_1_0__f_clk_i/A (sky130_fd_sc_hd__clkbuf_16)
     1    0.060543    0.121212    0.278728    0.504923 ^ clkbuf_1_0__f_clk_i/X (sky130_fd_sc_hd__clkbuf_16)
                                                         clknet_1_0__leaf_clk_i (net)
                      0.165221    0.014071    0.518994 ^ u_sram/clk0 (sky130_sram_1kbyte_1rw1r_32x256_8)
                                  0.250000    0.768994   clock uncertainty
                                  0.000000    0.768994   clock reconvergence pessimism
                                 -0.056000    0.712994   library hold time
                                              0.712994   data required time
---------------------------------------------------------------------------------------------
                                              0.712994   data required time
                                             -2.000371   data arrival time
---------------------------------------------------------------------------------------------
                                              1.287377   slack (MET)


Startpoint: axi_wdata_i[24] (input port clocked by clk_i)
Endpoint: u_sram (falling edge-triggered flip-flop clocked by clk_i)
Path Group: clk_i
Path Type: min

Fanout         Cap        Slew       Delay        Time   Description
---------------------------------------------------------------------------------------------
                                  0.000000    0.000000   clock clk_i (rise edge)
                                  0.000000    0.000000   clock network delay (propagated)
                                  2.000000    2.000000 ^ input external delay
     1    0.013715    0.000000    0.000000    2.000000 ^ axi_wdata_i[24] (in)
                                                         axi_wdata_i[24] (net)
                      0.001628    0.000385    2.000385 ^ u_sram/din0[24] (sky130_sram_1kbyte_1rw1r_32x256_8)
                                              2.000385   data arrival time

                                  0.000000    0.000000   clock clk_i (rise edge)
                                  0.000000    0.000000   clock source latency
     2    0.073694    0.000000    0.000000    0.000000 ^ clk_i (in)
                                                         clk_i (net)
                      0.008592    0.004296    0.004296 ^ clkbuf_0_clk_i/A (sky130_fd_sc_hd__clkbuf_16)
     2    0.038551    0.092291    0.220696    0.224991 ^ clkbuf_0_clk_i/X (sky130_fd_sc_hd__clkbuf_16)
                                                         clknet_0_clk_i (net)
                      0.092306    0.001204    0.226195 ^ clkbuf_1_0__f_clk_i/A (sky130_fd_sc_hd__clkbuf_16)
     1    0.060543    0.121212    0.278728    0.504923 ^ clkbuf_1_0__f_clk_i/X (sky130_fd_sc_hd__clkbuf_16)
                                                         clknet_1_0__leaf_clk_i (net)
                      0.165221    0.014071    0.518994 ^ u_sram/clk0 (sky130_sram_1kbyte_1rw1r_32x256_8)
                                  0.250000    0.768994   clock uncertainty
                                  0.000000    0.768994   clock reconvergence pessimism
                                 -0.056000    0.712994   library hold time
                                              0.712994   data required time
---------------------------------------------------------------------------------------------
                                              0.712994   data required time
                                             -2.000385   data arrival time
---------------------------------------------------------------------------------------------
                                              1.287391   slack (MET)


Startpoint: axi_wdata_i[28] (input port clocked by clk_i)
Endpoint: u_sram (falling edge-triggered flip-flop clocked by clk_i)
Path Group: clk_i
Path Type: min

Fanout         Cap        Slew       Delay        Time   Description
---------------------------------------------------------------------------------------------
                                  0.000000    0.000000   clock clk_i (rise edge)
                                  0.000000    0.000000   clock network delay (propagated)
                                  2.000000    2.000000 ^ input external delay
     1    0.013891    0.000000    0.000000    2.000000 ^ axi_wdata_i[28] (in)
                                                         axi_wdata_i[28] (net)
                      0.001665    0.000394    2.000394 ^ u_sram/din0[28] (sky130_sram_1kbyte_1rw1r_32x256_8)
                                              2.000394   data arrival time

                                  0.000000    0.000000   clock clk_i (rise edge)
                                  0.000000    0.000000   clock source latency
     2    0.073694    0.000000    0.000000    0.000000 ^ clk_i (in)
                                                         clk_i (net)
                      0.008592    0.004296    0.004296 ^ clkbuf_0_clk_i/A (sky130_fd_sc_hd__clkbuf_16)
     2    0.038551    0.092291    0.220696    0.224991 ^ clkbuf_0_clk_i/X (sky130_fd_sc_hd__clkbuf_16)
                                                         clknet_0_clk_i (net)
                      0.092306    0.001204    0.226195 ^ clkbuf_1_0__f_clk_i/A (sky130_fd_sc_hd__clkbuf_16)
     1    0.060543    0.121212    0.278728    0.504923 ^ clkbuf_1_0__f_clk_i/X (sky130_fd_sc_hd__clkbuf_16)
                                                         clknet_1_0__leaf_clk_i (net)
                      0.165221    0.014071    0.518994 ^ u_sram/clk0 (sky130_sram_1kbyte_1rw1r_32x256_8)
                                  0.250000    0.768994   clock uncertainty
                                  0.000000    0.768994   clock reconvergence pessimism
                                 -0.056000    0.712994   library hold time
                                              0.712994   data required time
---------------------------------------------------------------------------------------------
                                              0.712994   data required time
                                             -2.000394   data arrival time
---------------------------------------------------------------------------------------------
                                              1.287400   slack (MET)


Startpoint: axi_wdata_i[16] (input port clocked by clk_i)
Endpoint: u_sram (falling edge-triggered flip-flop clocked by clk_i)
Path Group: clk_i
Path Type: min

Fanout         Cap        Slew       Delay        Time   Description
---------------------------------------------------------------------------------------------
                                  0.000000    0.000000   clock clk_i (rise edge)
                                  0.000000    0.000000   clock network delay (propagated)
                                  2.000000    2.000000 ^ input external delay
     1    0.014487    0.000000    0.000000    2.000000 ^ axi_wdata_i[16] (in)
                                                         axi_wdata_i[16] (net)
                      0.001741    0.000412    2.000412 ^ u_sram/din0[16] (sky130_sram_1kbyte_1rw1r_32x256_8)
                                              2.000412   data arrival time

                                  0.000000    0.000000   clock clk_i (rise edge)
                                  0.000000    0.000000   clock source latency
     2    0.073694    0.000000    0.000000    0.000000 ^ clk_i (in)
                                                         clk_i (net)
                      0.008592    0.004296    0.004296 ^ clkbuf_0_clk_i/A (sky130_fd_sc_hd__clkbuf_16)
     2    0.038551    0.092291    0.220696    0.224991 ^ clkbuf_0_clk_i/X (sky130_fd_sc_hd__clkbuf_16)
                                                         clknet_0_clk_i (net)
                      0.092306    0.001204    0.226195 ^ clkbuf_1_0__f_clk_i/A (sky130_fd_sc_hd__clkbuf_16)
     1    0.060543    0.121212    0.278728    0.504923 ^ clkbuf_1_0__f_clk_i/X (sky130_fd_sc_hd__clkbuf_16)
                                                         clknet_1_0__leaf_clk_i (net)
                      0.165221    0.014071    0.518994 ^ u_sram/clk0 (sky130_sram_1kbyte_1rw1r_32x256_8)
                                  0.250000    0.768994   clock uncertainty
                                  0.000000    0.768994   clock reconvergence pessimism
                                 -0.056000    0.712994   library hold time
                                              0.712994   data required time
---------------------------------------------------------------------------------------------
                                              0.712994   data required time
                                             -2.000412   data arrival time
---------------------------------------------------------------------------------------------
                                              1.287418   slack (MET)


Startpoint: axi_wdata_i[17] (input port clocked by clk_i)
Endpoint: u_sram (falling edge-triggered flip-flop clocked by clk_i)
Path Group: clk_i
Path Type: min

Fanout         Cap        Slew       Delay        Time   Description
---------------------------------------------------------------------------------------------
                                  0.000000    0.000000   clock clk_i (rise edge)
                                  0.000000    0.000000   clock network delay (propagated)
                                  2.000000    2.000000 ^ input external delay
     1    0.014483    0.000000    0.000000    2.000000 ^ axi_wdata_i[17] (in)
                                                         axi_wdata_i[17] (net)
                      0.001741    0.000412    2.000412 ^ u_sram/din0[17] (sky130_sram_1kbyte_1rw1r_32x256_8)
                                              2.000412   data arrival time

                                  0.000000    0.000000   clock clk_i (rise edge)
                                  0.000000    0.000000   clock source latency
     2    0.073694    0.000000    0.000000    0.000000 ^ clk_i (in)
                                                         clk_i (net)
                      0.008592    0.004296    0.004296 ^ clkbuf_0_clk_i/A (sky130_fd_sc_hd__clkbuf_16)
     2    0.038551    0.092291    0.220696    0.224991 ^ clkbuf_0_clk_i/X (sky130_fd_sc_hd__clkbuf_16)
                                                         clknet_0_clk_i (net)
                      0.092306    0.001204    0.226195 ^ clkbuf_1_0__f_clk_i/A (sky130_fd_sc_hd__clkbuf_16)
     1    0.060543    0.121212    0.278728    0.504923 ^ clkbuf_1_0__f_clk_i/X (sky130_fd_sc_hd__clkbuf_16)
                                                         clknet_1_0__leaf_clk_i (net)
                      0.165221    0.014071    0.518994 ^ u_sram/clk0 (sky130_sram_1kbyte_1rw1r_32x256_8)
                                  0.250000    0.768994   clock uncertainty
                                  0.000000    0.768994   clock reconvergence pessimism
                                 -0.056000    0.712994   library hold time
                                              0.712994   data required time
---------------------------------------------------------------------------------------------
                                              0.712994   data required time
                                             -2.000412   data arrival time
---------------------------------------------------------------------------------------------
                                              1.287418   slack (MET)


Startpoint: axi_wdata_i[20] (input port clocked by clk_i)
Endpoint: u_sram (falling edge-triggered flip-flop clocked by clk_i)
Path Group: clk_i
Path Type: min

Fanout         Cap        Slew       Delay        Time   Description
---------------------------------------------------------------------------------------------
                                  0.000000    0.000000   clock clk_i (rise edge)
                                  0.000000    0.000000   clock network delay (propagated)
                                  2.000000    2.000000 ^ input external delay
     1    0.014463    0.000000    0.000000    2.000000 ^ axi_wdata_i[20] (in)
                                                         axi_wdata_i[20] (net)
                      0.001737    0.000411    2.000411 ^ u_sram/din0[20] (sky130_sram_1kbyte_1rw1r_32x256_8)
                                              2.000411   data arrival time

                                  0.000000    0.000000   clock clk_i (rise edge)
                                  0.000000    0.000000   clock source latency
     2    0.073694    0.000000    0.000000    0.000000 ^ clk_i (in)
                                                         clk_i (net)
                      0.008592    0.004296    0.004296 ^ clkbuf_0_clk_i/A (sky130_fd_sc_hd__clkbuf_16)
     2    0.038551    0.092291    0.220696    0.224991 ^ clkbuf_0_clk_i/X (sky130_fd_sc_hd__clkbuf_16)
                                                         clknet_0_clk_i (net)
                      0.092306    0.001204    0.226195 ^ clkbuf_1_0__f_clk_i/A (sky130_fd_sc_hd__clkbuf_16)
     1    0.060543    0.121212    0.278728    0.504923 ^ clkbuf_1_0__f_clk_i/X (sky130_fd_sc_hd__clkbuf_16)
                                                         clknet_1_0__leaf_clk_i (net)
                      0.165221    0.014071    0.518994 ^ u_sram/clk0 (sky130_sram_1kbyte_1rw1r_32x256_8)
                                  0.250000    0.768994   clock uncertainty
                                  0.000000    0.768994   clock reconvergence pessimism
                                 -0.056000    0.712994   library hold time
                                              0.712994   data required time
---------------------------------------------------------------------------------------------
                                              0.712994   data required time
                                             -2.000411   data arrival time
---------------------------------------------------------------------------------------------
                                              1.287417   slack (MET)


Startpoint: axi_wdata_i[18] (input port clocked by clk_i)
Endpoint: u_sram (falling edge-triggered flip-flop clocked by clk_i)
Path Group: clk_i
Path Type: min

Fanout         Cap        Slew       Delay        Time   Description
---------------------------------------------------------------------------------------------
                                  0.000000    0.000000   clock clk_i (rise edge)
                                  0.000000    0.000000   clock network delay (propagated)
                                  2.000000    2.000000 ^ input external delay
     1    0.014501    0.000000    0.000000    2.000000 ^ axi_wdata_i[18] (in)
                                                         axi_wdata_i[18] (net)
                      0.001743    0.000413    2.000412 ^ u_sram/din0[18] (sky130_sram_1kbyte_1rw1r_32x256_8)
                                              2.000412   data arrival time

                                  0.000000    0.000000   clock clk_i (rise edge)
                                  0.000000    0.000000   clock source latency
     2    0.073694    0.000000    0.000000    0.000000 ^ clk_i (in)
                                                         clk_i (net)
                      0.008592    0.004296    0.004296 ^ clkbuf_0_clk_i/A (sky130_fd_sc_hd__clkbuf_16)
     2    0.038551    0.092291    0.220696    0.224991 ^ clkbuf_0_clk_i/X (sky130_fd_sc_hd__clkbuf_16)
                                                         clknet_0_clk_i (net)
                      0.092306    0.001204    0.226195 ^ clkbuf_1_0__f_clk_i/A (sky130_fd_sc_hd__clkbuf_16)
     1    0.060543    0.121212    0.278728    0.504923 ^ clkbuf_1_0__f_clk_i/X (sky130_fd_sc_hd__clkbuf_16)
                                                         clknet_1_0__leaf_clk_i (net)
                      0.165221    0.014071    0.518994 ^ u_sram/clk0 (sky130_sram_1kbyte_1rw1r_32x256_8)
                                  0.250000    0.768994   clock uncertainty
                                  0.000000    0.768994   clock reconvergence pessimism
                                 -0.056000    0.712994   library hold time
                                              0.712994   data required time
---------------------------------------------------------------------------------------------
                                              0.712994   data required time
                                             -2.000412   data arrival time
---------------------------------------------------------------------------------------------
                                              1.287418   slack (MET)


Startpoint: axi_wdata_i[22] (input port clocked by clk_i)
Endpoint: u_sram (falling edge-triggered flip-flop clocked by clk_i)
Path Group: clk_i
Path Type: min

Fanout         Cap        Slew       Delay        Time   Description
---------------------------------------------------------------------------------------------
                                  0.000000    0.000000   clock clk_i (rise edge)
                                  0.000000    0.000000   clock network delay (propagated)
                                  2.000000    2.000000 ^ input external delay
     1    0.014501    0.000000    0.000000    2.000000 ^ axi_wdata_i[22] (in)
                                                         axi_wdata_i[22] (net)
                      0.001743    0.000412    2.000412 ^ u_sram/din0[22] (sky130_sram_1kbyte_1rw1r_32x256_8)
                                              2.000412   data arrival time

                                  0.000000    0.000000   clock clk_i (rise edge)
                                  0.000000    0.000000   clock source latency
     2    0.073694    0.000000    0.000000    0.000000 ^ clk_i (in)
                                                         clk_i (net)
                      0.008592    0.004296    0.004296 ^ clkbuf_0_clk_i/A (sky130_fd_sc_hd__clkbuf_16)
     2    0.038551    0.092291    0.220696    0.224991 ^ clkbuf_0_clk_i/X (sky130_fd_sc_hd__clkbuf_16)
                                                         clknet_0_clk_i (net)
                      0.092306    0.001204    0.226195 ^ clkbuf_1_0__f_clk_i/A (sky130_fd_sc_hd__clkbuf_16)
     1    0.060543    0.121212    0.278728    0.504923 ^ clkbuf_1_0__f_clk_i/X (sky130_fd_sc_hd__clkbuf_16)
                                                         clknet_1_0__leaf_clk_i (net)
                      0.165221    0.014071    0.518994 ^ u_sram/clk0 (sky130_sram_1kbyte_1rw1r_32x256_8)
                                  0.250000    0.768994   clock uncertainty
                                  0.000000    0.768994   clock reconvergence pessimism
                                 -0.056000    0.712994   library hold time
                                              0.712994   data required time
---------------------------------------------------------------------------------------------
                                              0.712994   data required time
                                             -2.000412   data arrival time
---------------------------------------------------------------------------------------------
                                              1.287418   slack (MET)


Startpoint: axi_wdata_i[29] (input port clocked by clk_i)
Endpoint: u_sram (falling edge-triggered flip-flop clocked by clk_i)
Path Group: clk_i
Path Type: min

Fanout         Cap        Slew       Delay        Time   Description
---------------------------------------------------------------------------------------------
                                  0.000000    0.000000   clock clk_i (rise edge)
                                  0.000000    0.000000   clock network delay (propagated)
                                  2.000000    2.000000 ^ input external delay
     1    0.014489    0.000000    0.000000    2.000000 ^ axi_wdata_i[29] (in)
                                                         axi_wdata_i[29] (net)
                      0.001741    0.000412    2.000412 ^ u_sram/din0[29] (sky130_sram_1kbyte_1rw1r_32x256_8)
                                              2.000412   data arrival time

                                  0.000000    0.000000   clock clk_i (rise edge)
                                  0.000000    0.000000   clock source latency
     2    0.073694    0.000000    0.000000    0.000000 ^ clk_i (in)
                                                         clk_i (net)
                      0.008592    0.004296    0.004296 ^ clkbuf_0_clk_i/A (sky130_fd_sc_hd__clkbuf_16)
     2    0.038551    0.092291    0.220696    0.224991 ^ clkbuf_0_clk_i/X (sky130_fd_sc_hd__clkbuf_16)
                                                         clknet_0_clk_i (net)
                      0.092306    0.001204    0.226195 ^ clkbuf_1_0__f_clk_i/A (sky130_fd_sc_hd__clkbuf_16)
     1    0.060543    0.121212    0.278728    0.504923 ^ clkbuf_1_0__f_clk_i/X (sky130_fd_sc_hd__clkbuf_16)
                                                         clknet_1_0__leaf_clk_i (net)
                      0.165221    0.014071    0.518994 ^ u_sram/clk0 (sky130_sram_1kbyte_1rw1r_32x256_8)
                                  0.250000    0.768994   clock uncertainty
                                  0.000000    0.768994   clock reconvergence pessimism
                                 -0.056000    0.712994   library hold time
                                              0.712994   data required time
---------------------------------------------------------------------------------------------
                                              0.712994   data required time
                                             -2.000412   data arrival time
---------------------------------------------------------------------------------------------
                                              1.287418   slack (MET)


Startpoint: axi_wdata_i[26] (input port clocked by clk_i)
Endpoint: u_sram (falling edge-triggered flip-flop clocked by clk_i)
Path Group: clk_i
Path Type: min

Fanout         Cap        Slew       Delay        Time   Description
---------------------------------------------------------------------------------------------
                                  0.000000    0.000000   clock clk_i (rise edge)
                                  0.000000    0.000000   clock network delay (propagated)
                                  2.000000    2.000000 ^ input external delay
     1    0.014520    0.000000    0.000000    2.000000 ^ axi_wdata_i[26] (in)
                                                         axi_wdata_i[26] (net)
                      0.001746    0.000413    2.000413 ^ u_sram/din0[26] (sky130_sram_1kbyte_1rw1r_32x256_8)
                                              2.000413   data arrival time

                                  0.000000    0.000000   clock clk_i (rise edge)
                                  0.000000    0.000000   clock source latency
     2    0.073694    0.000000    0.000000    0.000000 ^ clk_i (in)
                                                         clk_i (net)
                      0.008592    0.004296    0.004296 ^ clkbuf_0_clk_i/A (sky130_fd_sc_hd__clkbuf_16)
     2    0.038551    0.092291    0.220696    0.224991 ^ clkbuf_0_clk_i/X (sky130_fd_sc_hd__clkbuf_16)
                                                         clknet_0_clk_i (net)
                      0.092306    0.001204    0.226195 ^ clkbuf_1_0__f_clk_i/A (sky130_fd_sc_hd__clkbuf_16)
     1    0.060543    0.121212    0.278728    0.504923 ^ clkbuf_1_0__f_clk_i/X (sky130_fd_sc_hd__clkbuf_16)
                                                         clknet_1_0__leaf_clk_i (net)
                      0.165221    0.014071    0.518994 ^ u_sram/clk0 (sky130_sram_1kbyte_1rw1r_32x256_8)
                                  0.250000    0.768994   clock uncertainty
                                  0.000000    0.768994   clock reconvergence pessimism
                                 -0.056000    0.712994   library hold time
                                              0.712994   data required time
---------------------------------------------------------------------------------------------
                                              0.712994   data required time
                                             -2.000413   data arrival time
---------------------------------------------------------------------------------------------
                                              1.287419   slack (MET)


Startpoint: axi_wdata_i[19] (input port clocked by clk_i)
Endpoint: u_sram (falling edge-triggered flip-flop clocked by clk_i)
Path Group: clk_i
Path Type: min

Fanout         Cap        Slew       Delay        Time   Description
---------------------------------------------------------------------------------------------
                                  0.000000    0.000000   clock clk_i (rise edge)
                                  0.000000    0.000000   clock network delay (propagated)
                                  2.000000    2.000000 ^ input external delay
     1    0.014580    0.000000    0.000000    2.000000 ^ axi_wdata_i[19] (in)
                                                         axi_wdata_i[19] (net)
                      0.001770    0.000419    2.000419 ^ u_sram/din0[19] (sky130_sram_1kbyte_1rw1r_32x256_8)
                                              2.000419   data arrival time

                                  0.000000    0.000000   clock clk_i (rise edge)
                                  0.000000    0.000000   clock source latency
     2    0.073694    0.000000    0.000000    0.000000 ^ clk_i (in)
                                                         clk_i (net)
                      0.008592    0.004296    0.004296 ^ clkbuf_0_clk_i/A (sky130_fd_sc_hd__clkbuf_16)
     2    0.038551    0.092291    0.220696    0.224991 ^ clkbuf_0_clk_i/X (sky130_fd_sc_hd__clkbuf_16)
                                                         clknet_0_clk_i (net)
                      0.092306    0.001204    0.226195 ^ clkbuf_1_0__f_clk_i/A (sky130_fd_sc_hd__clkbuf_16)
     1    0.060543    0.121212    0.278728    0.504923 ^ clkbuf_1_0__f_clk_i/X (sky130_fd_sc_hd__clkbuf_16)
                                                         clknet_1_0__leaf_clk_i (net)
                      0.165221    0.014071    0.518994 ^ u_sram/clk0 (sky130_sram_1kbyte_1rw1r_32x256_8)
                                  0.250000    0.768994   clock uncertainty
                                  0.000000    0.768994   clock reconvergence pessimism
                                 -0.056000    0.712994   library hold time
                                              0.712994   data required time
---------------------------------------------------------------------------------------------
                                              0.712994   data required time
                                             -2.000419   data arrival time
---------------------------------------------------------------------------------------------
                                              1.287425   slack (MET)


Startpoint: axi_wdata_i[21] (input port clocked by clk_i)
Endpoint: u_sram (falling edge-triggered flip-flop clocked by clk_i)
Path Group: clk_i
Path Type: min

Fanout         Cap        Slew       Delay        Time   Description
---------------------------------------------------------------------------------------------
                                  0.000000    0.000000   clock clk_i (rise edge)
                                  0.000000    0.000000   clock network delay (propagated)
                                  2.000000    2.000000 ^ input external delay
     1    0.015002    0.000000    0.000000    2.000000 ^ axi_wdata_i[21] (in)
                                                         axi_wdata_i[21] (net)
                      0.001817    0.000430    2.000430 ^ u_sram/din0[21] (sky130_sram_1kbyte_1rw1r_32x256_8)
                                              2.000430   data arrival time

                                  0.000000    0.000000   clock clk_i (rise edge)
                                  0.000000    0.000000   clock source latency
     2    0.073694    0.000000    0.000000    0.000000 ^ clk_i (in)
                                                         clk_i (net)
                      0.008592    0.004296    0.004296 ^ clkbuf_0_clk_i/A (sky130_fd_sc_hd__clkbuf_16)
     2    0.038551    0.092291    0.220696    0.224991 ^ clkbuf_0_clk_i/X (sky130_fd_sc_hd__clkbuf_16)
                                                         clknet_0_clk_i (net)
                      0.092306    0.001204    0.226195 ^ clkbuf_1_0__f_clk_i/A (sky130_fd_sc_hd__clkbuf_16)
     1    0.060543    0.121212    0.278728    0.504923 ^ clkbuf_1_0__f_clk_i/X (sky130_fd_sc_hd__clkbuf_16)
                                                         clknet_1_0__leaf_clk_i (net)
                      0.165221    0.014071    0.518994 ^ u_sram/clk0 (sky130_sram_1kbyte_1rw1r_32x256_8)
                                  0.250000    0.768994   clock uncertainty
                                  0.000000    0.768994   clock reconvergence pessimism
                                 -0.056000    0.712994   library hold time
                                              0.712994   data required time
---------------------------------------------------------------------------------------------
                                              0.712994   data required time
                                             -2.000430   data arrival time
---------------------------------------------------------------------------------------------
                                              1.287436   slack (MET)


Startpoint: axi_wdata_i[6] (input port clocked by clk_i)
Endpoint: u_sram (falling edge-triggered flip-flop clocked by clk_i)
Path Group: clk_i
Path Type: min

Fanout         Cap        Slew       Delay        Time   Description
---------------------------------------------------------------------------------------------
                                  0.000000    0.000000   clock clk_i (rise edge)
                                  0.000000    0.000000   clock network delay (propagated)
                                  2.000000    2.000000 ^ input external delay
     1    0.015007    0.000000    0.000000    2.000000 ^ axi_wdata_i[6] (in)
                                                         axi_wdata_i[6] (net)
                      0.001818    0.000430    2.000430 ^ u_sram/din0[6] (sky130_sram_1kbyte_1rw1r_32x256_8)
                                              2.000430   data arrival time

                                  0.000000    0.000000   clock clk_i (rise edge)
                                  0.000000    0.000000   clock source latency
     2    0.073694    0.000000    0.000000    0.000000 ^ clk_i (in)
                                                         clk_i (net)
                      0.008592    0.004296    0.004296 ^ clkbuf_0_clk_i/A (sky130_fd_sc_hd__clkbuf_16)
     2    0.038551    0.092291    0.220696    0.224991 ^ clkbuf_0_clk_i/X (sky130_fd_sc_hd__clkbuf_16)
                                                         clknet_0_clk_i (net)
                      0.092306    0.001204    0.226195 ^ clkbuf_1_0__f_clk_i/A (sky130_fd_sc_hd__clkbuf_16)
     1    0.060543    0.121212    0.278728    0.504923 ^ clkbuf_1_0__f_clk_i/X (sky130_fd_sc_hd__clkbuf_16)
                                                         clknet_1_0__leaf_clk_i (net)
                      0.165221    0.014071    0.518994 ^ u_sram/clk0 (sky130_sram_1kbyte_1rw1r_32x256_8)
                                  0.250000    0.768994   clock uncertainty
                                  0.000000    0.768994   clock reconvergence pessimism
                                 -0.056000    0.712994   library hold time
                                              0.712994   data required time
---------------------------------------------------------------------------------------------
                                              0.712994   data required time
                                             -2.000430   data arrival time
---------------------------------------------------------------------------------------------
                                              1.287436   slack (MET)


Startpoint: axi_wdata_i[7] (input port clocked by clk_i)
Endpoint: u_sram (falling edge-triggered flip-flop clocked by clk_i)
Path Group: clk_i
Path Type: min

Fanout         Cap        Slew       Delay        Time   Description
---------------------------------------------------------------------------------------------
                                  0.000000    0.000000   clock clk_i (rise edge)
                                  0.000000    0.000000   clock network delay (propagated)
                                  2.000000    2.000000 ^ input external delay
     1    0.015007    0.000000    0.000000    2.000000 ^ axi_wdata_i[7] (in)
                                                         axi_wdata_i[7] (net)
                      0.001818    0.000430    2.000430 ^ u_sram/din0[7] (sky130_sram_1kbyte_1rw1r_32x256_8)
                                              2.000430   data arrival time

                                  0.000000    0.000000   clock clk_i (rise edge)
                                  0.000000    0.000000   clock source latency
     2    0.073694    0.000000    0.000000    0.000000 ^ clk_i (in)
                                                         clk_i (net)
                      0.008592    0.004296    0.004296 ^ clkbuf_0_clk_i/A (sky130_fd_sc_hd__clkbuf_16)
     2    0.038551    0.092291    0.220696    0.224991 ^ clkbuf_0_clk_i/X (sky130_fd_sc_hd__clkbuf_16)
                                                         clknet_0_clk_i (net)
                      0.092306    0.001204    0.226195 ^ clkbuf_1_0__f_clk_i/A (sky130_fd_sc_hd__clkbuf_16)
     1    0.060543    0.121212    0.278728    0.504923 ^ clkbuf_1_0__f_clk_i/X (sky130_fd_sc_hd__clkbuf_16)
                                                         clknet_1_0__leaf_clk_i (net)
                      0.165221    0.014071    0.518994 ^ u_sram/clk0 (sky130_sram_1kbyte_1rw1r_32x256_8)
                                  0.250000    0.768994   clock uncertainty
                                  0.000000    0.768994   clock reconvergence pessimism
                                 -0.056000    0.712994   library hold time
                                              0.712994   data required time
---------------------------------------------------------------------------------------------
                                              0.712994   data required time
                                             -2.000430   data arrival time
---------------------------------------------------------------------------------------------
                                              1.287436   slack (MET)


Startpoint: axi_wdata_i[8] (input port clocked by clk_i)
Endpoint: u_sram (falling edge-triggered flip-flop clocked by clk_i)
Path Group: clk_i
Path Type: min

Fanout         Cap        Slew       Delay        Time   Description
---------------------------------------------------------------------------------------------
                                  0.000000    0.000000   clock clk_i (rise edge)
                                  0.000000    0.000000   clock network delay (propagated)
                                  2.000000    2.000000 ^ input external delay
     1    0.014994    0.000000    0.000000    2.000000 ^ axi_wdata_i[8] (in)
                                                         axi_wdata_i[8] (net)
                      0.001816    0.000430    2.000430 ^ u_sram/din0[8] (sky130_sram_1kbyte_1rw1r_32x256_8)
                                              2.000430   data arrival time

                                  0.000000    0.000000   clock clk_i (rise edge)
                                  0.000000    0.000000   clock source latency
     2    0.073694    0.000000    0.000000    0.000000 ^ clk_i (in)
                                                         clk_i (net)
                      0.008592    0.004296    0.004296 ^ clkbuf_0_clk_i/A (sky130_fd_sc_hd__clkbuf_16)
     2    0.038551    0.092291    0.220696    0.224991 ^ clkbuf_0_clk_i/X (sky130_fd_sc_hd__clkbuf_16)
                                                         clknet_0_clk_i (net)
                      0.092306    0.001204    0.226195 ^ clkbuf_1_0__f_clk_i/A (sky130_fd_sc_hd__clkbuf_16)
     1    0.060543    0.121212    0.278728    0.504923 ^ clkbuf_1_0__f_clk_i/X (sky130_fd_sc_hd__clkbuf_16)
                                                         clknet_1_0__leaf_clk_i (net)
                      0.165221    0.014071    0.518994 ^ u_sram/clk0 (sky130_sram_1kbyte_1rw1r_32x256_8)
                                  0.250000    0.768994   clock uncertainty
                                  0.000000    0.768994   clock reconvergence pessimism
                                 -0.056000    0.712994   library hold time
                                              0.712994   data required time
---------------------------------------------------------------------------------------------
                                              0.712994   data required time
                                             -2.000430   data arrival time
---------------------------------------------------------------------------------------------
                                              1.287436   slack (MET)


Startpoint: axi_wdata_i[23] (input port clocked by clk_i)
Endpoint: u_sram (falling edge-triggered flip-flop clocked by clk_i)
Path Group: clk_i
Path Type: min

Fanout         Cap        Slew       Delay        Time   Description
---------------------------------------------------------------------------------------------
                                  0.000000    0.000000   clock clk_i (rise edge)
                                  0.000000    0.000000   clock network delay (propagated)
                                  2.000000    2.000000 ^ input external delay
     1    0.015058    0.000000    0.000000    2.000000 ^ axi_wdata_i[23] (in)
                                                         axi_wdata_i[23] (net)
                      0.001840    0.000435    2.000435 ^ u_sram/din0[23] (sky130_sram_1kbyte_1rw1r_32x256_8)
                                              2.000435   data arrival time

                                  0.000000    0.000000   clock clk_i (rise edge)
                                  0.000000    0.000000   clock source latency
     2    0.073694    0.000000    0.000000    0.000000 ^ clk_i (in)
                                                         clk_i (net)
                      0.008592    0.004296    0.004296 ^ clkbuf_0_clk_i/A (sky130_fd_sc_hd__clkbuf_16)
     2    0.038551    0.092291    0.220696    0.224991 ^ clkbuf_0_clk_i/X (sky130_fd_sc_hd__clkbuf_16)
                                                         clknet_0_clk_i (net)
                      0.092306    0.001204    0.226195 ^ clkbuf_1_0__f_clk_i/A (sky130_fd_sc_hd__clkbuf_16)
     1    0.060543    0.121212    0.278728    0.504923 ^ clkbuf_1_0__f_clk_i/X (sky130_fd_sc_hd__clkbuf_16)
                                                         clknet_1_0__leaf_clk_i (net)
                      0.165221    0.014071    0.518994 ^ u_sram/clk0 (sky130_sram_1kbyte_1rw1r_32x256_8)
                                  0.250000    0.768994   clock uncertainty
                                  0.000000    0.768994   clock reconvergence pessimism
                                 -0.056000    0.712994   library hold time
                                              0.712994   data required time
---------------------------------------------------------------------------------------------
                                              0.712994   data required time
                                             -2.000435   data arrival time
---------------------------------------------------------------------------------------------
                                              1.287441   slack (MET)


Startpoint: axi_wdata_i[12] (input port clocked by clk_i)
Endpoint: u_sram (falling edge-triggered flip-flop clocked by clk_i)
Path Group: clk_i
Path Type: min

Fanout         Cap        Slew       Delay        Time   Description
---------------------------------------------------------------------------------------------
                                  0.000000    0.000000   clock clk_i (rise edge)
                                  0.000000    0.000000   clock network delay (propagated)
                                  2.000000    2.000000 ^ input external delay
     1    0.015228    0.000000    0.000000    2.000000 ^ axi_wdata_i[12] (in)
                                                         axi_wdata_i[12] (net)
                      0.001863    0.000441    2.000441 ^ u_sram/din0[12] (sky130_sram_1kbyte_1rw1r_32x256_8)
                                              2.000441   data arrival time

                                  0.000000    0.000000   clock clk_i (rise edge)
                                  0.000000    0.000000   clock source latency
     2    0.073694    0.000000    0.000000    0.000000 ^ clk_i (in)
                                                         clk_i (net)
                      0.008592    0.004296    0.004296 ^ clkbuf_0_clk_i/A (sky130_fd_sc_hd__clkbuf_16)
     2    0.038551    0.092291    0.220696    0.224991 ^ clkbuf_0_clk_i/X (sky130_fd_sc_hd__clkbuf_16)
                                                         clknet_0_clk_i (net)
                      0.092306    0.001204    0.226195 ^ clkbuf_1_0__f_clk_i/A (sky130_fd_sc_hd__clkbuf_16)
     1    0.060543    0.121212    0.278728    0.504923 ^ clkbuf_1_0__f_clk_i/X (sky130_fd_sc_hd__clkbuf_16)
                                                         clknet_1_0__leaf_clk_i (net)
                      0.165221    0.014071    0.518994 ^ u_sram/clk0 (sky130_sram_1kbyte_1rw1r_32x256_8)
                                  0.250000    0.768994   clock uncertainty
                                  0.000000    0.768994   clock reconvergence pessimism
                                 -0.056000    0.712994   library hold time
                                              0.712994   data required time
---------------------------------------------------------------------------------------------
                                              0.712994   data required time
                                             -2.000441   data arrival time
---------------------------------------------------------------------------------------------
                                              1.287447   slack (MET)


Startpoint: axi_wdata_i[13] (input port clocked by clk_i)
Endpoint: u_sram (falling edge-triggered flip-flop clocked by clk_i)
Path Group: clk_i
Path Type: min

Fanout         Cap        Slew       Delay        Time   Description
---------------------------------------------------------------------------------------------
                                  0.000000    0.000000   clock clk_i (rise edge)
                                  0.000000    0.000000   clock network delay (propagated)
                                  2.000000    2.000000 ^ input external delay
     1    0.015234    0.000000    0.000000    2.000000 ^ axi_wdata_i[13] (in)
                                                         axi_wdata_i[13] (net)
                      0.001865    0.000441    2.000441 ^ u_sram/din0[13] (sky130_sram_1kbyte_1rw1r_32x256_8)
                                              2.000441   data arrival time

                                  0.000000    0.000000   clock clk_i (rise edge)
                                  0.000000    0.000000   clock source latency
     2    0.073694    0.000000    0.000000    0.000000 ^ clk_i (in)
                                                         clk_i (net)
                      0.008592    0.004296    0.004296 ^ clkbuf_0_clk_i/A (sky130_fd_sc_hd__clkbuf_16)
     2    0.038551    0.092291    0.220696    0.224991 ^ clkbuf_0_clk_i/X (sky130_fd_sc_hd__clkbuf_16)
                                                         clknet_0_clk_i (net)
                      0.092306    0.001204    0.226195 ^ clkbuf_1_0__f_clk_i/A (sky130_fd_sc_hd__clkbuf_16)
     1    0.060543    0.121212    0.278728    0.504923 ^ clkbuf_1_0__f_clk_i/X (sky130_fd_sc_hd__clkbuf_16)
                                                         clknet_1_0__leaf_clk_i (net)
                      0.165221    0.014071    0.518994 ^ u_sram/clk0 (sky130_sram_1kbyte_1rw1r_32x256_8)
                                  0.250000    0.768994   clock uncertainty
                                  0.000000    0.768994   clock reconvergence pessimism
                                 -0.056000    0.712994   library hold time
                                              0.712994   data required time
---------------------------------------------------------------------------------------------
                                              0.712994   data required time
                                             -2.000441   data arrival time
---------------------------------------------------------------------------------------------
                                              1.287447   slack (MET)


Startpoint: axi_wdata_i[10] (input port clocked by clk_i)
Endpoint: u_sram (falling edge-triggered flip-flop clocked by clk_i)
Path Group: clk_i
Path Type: min

Fanout         Cap        Slew       Delay        Time   Description
---------------------------------------------------------------------------------------------
                                  0.000000    0.000000   clock clk_i (rise edge)
                                  0.000000    0.000000   clock network delay (propagated)
                                  2.000000    2.000000 ^ input external delay
     1    0.015266    0.000000    0.000000    2.000000 ^ axi_wdata_i[10] (in)
                                                         axi_wdata_i[10] (net)
                      0.001871    0.000443    2.000443 ^ u_sram/din0[10] (sky130_sram_1kbyte_1rw1r_32x256_8)
                                              2.000443   data arrival time

                                  0.000000    0.000000   clock clk_i (rise edge)
                                  0.000000    0.000000   clock source latency
     2    0.073694    0.000000    0.000000    0.000000 ^ clk_i (in)
                                                         clk_i (net)
                      0.008592    0.004296    0.004296 ^ clkbuf_0_clk_i/A (sky130_fd_sc_hd__clkbuf_16)
     2    0.038551    0.092291    0.220696    0.224991 ^ clkbuf_0_clk_i/X (sky130_fd_sc_hd__clkbuf_16)
                                                         clknet_0_clk_i (net)
                      0.092306    0.001204    0.226195 ^ clkbuf_1_0__f_clk_i/A (sky130_fd_sc_hd__clkbuf_16)
     1    0.060543    0.121212    0.278728    0.504923 ^ clkbuf_1_0__f_clk_i/X (sky130_fd_sc_hd__clkbuf_16)
                                                         clknet_1_0__leaf_clk_i (net)
                      0.165221    0.014071    0.518994 ^ u_sram/clk0 (sky130_sram_1kbyte_1rw1r_32x256_8)
                                  0.250000    0.768994   clock uncertainty
                                  0.000000    0.768994   clock reconvergence pessimism
                                 -0.056000    0.712994   library hold time
                                              0.712994   data required time
---------------------------------------------------------------------------------------------
                                              0.712994   data required time
                                             -2.000443   data arrival time
---------------------------------------------------------------------------------------------
                                              1.287449   slack (MET)


Startpoint: axi_wdata_i[14] (input port clocked by clk_i)
Endpoint: u_sram (falling edge-triggered flip-flop clocked by clk_i)
Path Group: clk_i
Path Type: min

Fanout         Cap        Slew       Delay        Time   Description
---------------------------------------------------------------------------------------------
                                  0.000000    0.000000   clock clk_i (rise edge)
                                  0.000000    0.000000   clock network delay (propagated)
                                  2.000000    2.000000 ^ input external delay
     1    0.015250    0.000000    0.000000    2.000000 ^ axi_wdata_i[14] (in)
                                                         axi_wdata_i[14] (net)
                      0.001867    0.000442    2.000442 ^ u_sram/din0[14] (sky130_sram_1kbyte_1rw1r_32x256_8)
                                              2.000442   data arrival time

                                  0.000000    0.000000   clock clk_i (rise edge)
                                  0.000000    0.000000   clock source latency
     2    0.073694    0.000000    0.000000    0.000000 ^ clk_i (in)
                                                         clk_i (net)
                      0.008592    0.004296    0.004296 ^ clkbuf_0_clk_i/A (sky130_fd_sc_hd__clkbuf_16)
     2    0.038551    0.092291    0.220696    0.224991 ^ clkbuf_0_clk_i/X (sky130_fd_sc_hd__clkbuf_16)
                                                         clknet_0_clk_i (net)
                      0.092306    0.001204    0.226195 ^ clkbuf_1_0__f_clk_i/A (sky130_fd_sc_hd__clkbuf_16)
     1    0.060543    0.121212    0.278728    0.504923 ^ clkbuf_1_0__f_clk_i/X (sky130_fd_sc_hd__clkbuf_16)
                                                         clknet_1_0__leaf_clk_i (net)
                      0.165221    0.014071    0.518994 ^ u_sram/clk0 (sky130_sram_1kbyte_1rw1r_32x256_8)
                                  0.250000    0.768994   clock uncertainty
                                  0.000000    0.768994   clock reconvergence pessimism
                                 -0.056000    0.712994   library hold time
                                              0.712994   data required time
---------------------------------------------------------------------------------------------
                                              0.712994   data required time
                                             -2.000442   data arrival time
---------------------------------------------------------------------------------------------
                                              1.287448   slack (MET)


Startpoint: axi_wdata_i[9] (input port clocked by clk_i)
Endpoint: u_sram (falling edge-triggered flip-flop clocked by clk_i)
Path Group: clk_i
Path Type: min

Fanout         Cap        Slew       Delay        Time   Description
---------------------------------------------------------------------------------------------
                                  0.000000    0.000000   clock clk_i (rise edge)
                                  0.000000    0.000000   clock network delay (propagated)
                                  2.000000    2.000000 ^ input external delay
     1    0.015250    0.000000    0.000000    2.000000 ^ axi_wdata_i[9] (in)
                                                         axi_wdata_i[9] (net)
                      0.001867    0.000442    2.000442 ^ u_sram/din0[9] (sky130_sram_1kbyte_1rw1r_32x256_8)
                                              2.000442   data arrival time

                                  0.000000    0.000000   clock clk_i (rise edge)
                                  0.000000    0.000000   clock source latency
     2    0.073694    0.000000    0.000000    0.000000 ^ clk_i (in)
                                                         clk_i (net)
                      0.008592    0.004296    0.004296 ^ clkbuf_0_clk_i/A (sky130_fd_sc_hd__clkbuf_16)
     2    0.038551    0.092291    0.220696    0.224991 ^ clkbuf_0_clk_i/X (sky130_fd_sc_hd__clkbuf_16)
                                                         clknet_0_clk_i (net)
                      0.092306    0.001204    0.226195 ^ clkbuf_1_0__f_clk_i/A (sky130_fd_sc_hd__clkbuf_16)
     1    0.060543    0.121212    0.278728    0.504923 ^ clkbuf_1_0__f_clk_i/X (sky130_fd_sc_hd__clkbuf_16)
                                                         clknet_1_0__leaf_clk_i (net)
                      0.165221    0.014071    0.518994 ^ u_sram/clk0 (sky130_sram_1kbyte_1rw1r_32x256_8)
                                  0.250000    0.768994   clock uncertainty
                                  0.000000    0.768994   clock reconvergence pessimism
                                 -0.056000    0.712994   library hold time
                                              0.712994   data required time
---------------------------------------------------------------------------------------------
                                              0.712994   data required time
                                             -2.000442   data arrival time
---------------------------------------------------------------------------------------------
                                              1.287448   slack (MET)


Startpoint: axi_wdata_i[11] (input port clocked by clk_i)
Endpoint: u_sram (falling edge-triggered flip-flop clocked by clk_i)
Path Group: clk_i
Path Type: min

Fanout         Cap        Slew       Delay        Time   Description
---------------------------------------------------------------------------------------------
                                  0.000000    0.000000   clock clk_i (rise edge)
                                  0.000000    0.000000   clock network delay (propagated)
                                  2.000000    2.000000 ^ input external delay
     1    0.015299    0.000000    0.000000    2.000000 ^ axi_wdata_i[11] (in)
                                                         axi_wdata_i[11] (net)
                      0.001891    0.000447    2.000448 ^ u_sram/din0[11] (sky130_sram_1kbyte_1rw1r_32x256_8)
                                              2.000448   data arrival time

                                  0.000000    0.000000   clock clk_i (rise edge)
                                  0.000000    0.000000   clock source latency
     2    0.073694    0.000000    0.000000    0.000000 ^ clk_i (in)
                                                         clk_i (net)
                      0.008592    0.004296    0.004296 ^ clkbuf_0_clk_i/A (sky130_fd_sc_hd__clkbuf_16)
     2    0.038551    0.092291    0.220696    0.224991 ^ clkbuf_0_clk_i/X (sky130_fd_sc_hd__clkbuf_16)
                                                         clknet_0_clk_i (net)
                      0.092306    0.001204    0.226195 ^ clkbuf_1_0__f_clk_i/A (sky130_fd_sc_hd__clkbuf_16)
     1    0.060543    0.121212    0.278728    0.504923 ^ clkbuf_1_0__f_clk_i/X (sky130_fd_sc_hd__clkbuf_16)
                                                         clknet_1_0__leaf_clk_i (net)
                      0.165221    0.014071    0.518994 ^ u_sram/clk0 (sky130_sram_1kbyte_1rw1r_32x256_8)
                                  0.250000    0.768994   clock uncertainty
                                  0.000000    0.768994   clock reconvergence pessimism
                                 -0.056000    0.712994   library hold time
                                              0.712994   data required time
---------------------------------------------------------------------------------------------
                                              0.712994   data required time
                                             -2.000448   data arrival time
---------------------------------------------------------------------------------------------
                                              1.287453   slack (MET)


Startpoint: axi_wdata_i[27] (input port clocked by clk_i)
Endpoint: u_sram (falling edge-triggered flip-flop clocked by clk_i)
Path Group: clk_i
Path Type: min

Fanout         Cap        Slew       Delay        Time   Description
---------------------------------------------------------------------------------------------
                                  0.000000    0.000000   clock clk_i (rise edge)
                                  0.000000    0.000000   clock network delay (propagated)
                                  2.000000    2.000000 ^ input external delay
     1    0.015298    0.000000    0.000000    2.000000 ^ axi_wdata_i[27] (in)
                                                         axi_wdata_i[27] (net)
                      0.001891    0.000447    2.000448 ^ u_sram/din0[27] (sky130_sram_1kbyte_1rw1r_32x256_8)
                                              2.000448   data arrival time

                                  0.000000    0.000000   clock clk_i (rise edge)
                                  0.000000    0.000000   clock source latency
     2    0.073694    0.000000    0.000000    0.000000 ^ clk_i (in)
                                                         clk_i (net)
                      0.008592    0.004296    0.004296 ^ clkbuf_0_clk_i/A (sky130_fd_sc_hd__clkbuf_16)
     2    0.038551    0.092291    0.220696    0.224991 ^ clkbuf_0_clk_i/X (sky130_fd_sc_hd__clkbuf_16)
                                                         clknet_0_clk_i (net)
                      0.092306    0.001204    0.226195 ^ clkbuf_1_0__f_clk_i/A (sky130_fd_sc_hd__clkbuf_16)
     1    0.060543    0.121212    0.278728    0.504923 ^ clkbuf_1_0__f_clk_i/X (sky130_fd_sc_hd__clkbuf_16)
                                                         clknet_1_0__leaf_clk_i (net)
                      0.165221    0.014071    0.518994 ^ u_sram/clk0 (sky130_sram_1kbyte_1rw1r_32x256_8)
                                  0.250000    0.768994   clock uncertainty
                                  0.000000    0.768994   clock reconvergence pessimism
                                 -0.056000    0.712994   library hold time
                                              0.712994   data required time
---------------------------------------------------------------------------------------------
                                              0.712994   data required time
                                             -2.000448   data arrival time
---------------------------------------------------------------------------------------------
                                              1.287453   slack (MET)


Startpoint: axi_wdata_i[25] (input port clocked by clk_i)
Endpoint: u_sram (falling edge-triggered flip-flop clocked by clk_i)
Path Group: clk_i
Path Type: min

Fanout         Cap        Slew       Delay        Time   Description
---------------------------------------------------------------------------------------------
                                  0.000000    0.000000   clock clk_i (rise edge)
                                  0.000000    0.000000   clock network delay (propagated)
                                  2.000000    2.000000 ^ input external delay
     1    0.015498    0.000000    0.000000    2.000000 ^ axi_wdata_i[25] (in)
                                                         axi_wdata_i[25] (net)
                      0.001905    0.000451    2.000451 ^ u_sram/din0[25] (sky130_sram_1kbyte_1rw1r_32x256_8)
                                              2.000451   data arrival time

                                  0.000000    0.000000   clock clk_i (rise edge)
                                  0.000000    0.000000   clock source latency
     2    0.073694    0.000000    0.000000    0.000000 ^ clk_i (in)
                                                         clk_i (net)
                      0.008592    0.004296    0.004296 ^ clkbuf_0_clk_i/A (sky130_fd_sc_hd__clkbuf_16)
     2    0.038551    0.092291    0.220696    0.224991 ^ clkbuf_0_clk_i/X (sky130_fd_sc_hd__clkbuf_16)
                                                         clknet_0_clk_i (net)
                      0.092306    0.001204    0.226195 ^ clkbuf_1_0__f_clk_i/A (sky130_fd_sc_hd__clkbuf_16)
     1    0.060543    0.121212    0.278728    0.504923 ^ clkbuf_1_0__f_clk_i/X (sky130_fd_sc_hd__clkbuf_16)
                                                         clknet_1_0__leaf_clk_i (net)
                      0.165221    0.014071    0.518994 ^ u_sram/clk0 (sky130_sram_1kbyte_1rw1r_32x256_8)
                                  0.250000    0.768994   clock uncertainty
                                  0.000000    0.768994   clock reconvergence pessimism
                                 -0.056000    0.712994   library hold time
                                              0.712994   data required time
---------------------------------------------------------------------------------------------
                                              0.712994   data required time
                                             -2.000451   data arrival time
---------------------------------------------------------------------------------------------
                                              1.287457   slack (MET)


Startpoint: _45_ (rising edge-triggered flip-flop clocked by clk_i)
Endpoint: u_sram (falling edge-triggered flip-flop clocked by clk_i)
Path Group: clk_i
Path Type: min

Fanout         Cap        Slew       Delay        Time   Description
---------------------------------------------------------------------------------------------
                                  0.000000    0.000000   clock clk_i (rise edge)
                                  0.000000    0.000000   clock source latency
     2    0.073694    0.000000    0.000000    0.000000 ^ clk_i (in)
                                                         clk_i (net)
                      0.005402    0.002701    0.002701 ^ clkbuf_regs_0_clk_i/A (sky130_fd_sc_hd__clkbuf_16)
     1    0.008368    0.052169    0.176432    0.179133 ^ clkbuf_regs_0_clk_i/X (sky130_fd_sc_hd__clkbuf_16)
                                                         clk_i_regs (net)
                      0.052169    0.000088    0.179222 ^ clkbuf_0_clk_i_regs/A (sky130_fd_sc_hd__clkbuf_16)
     2    0.018710    0.065828    0.211749    0.390970 ^ clkbuf_0_clk_i_regs/X (sky130_fd_sc_hd__clkbuf_16)
                                                         clknet_0_clk_i_regs (net)
                      0.065828    0.000157    0.391127 ^ clkbuf_1_0__f_clk_i_regs/A (sky130_fd_sc_hd__clkbuf_16)
     2    0.004874    0.047631    0.196001    0.587128 ^ clkbuf_1_0__f_clk_i_regs/X (sky130_fd_sc_hd__clkbuf_16)
                                                         clknet_1_0__leaf_clk_i_regs (net)
                      0.047631    0.000053    0.587180 ^ _45_/CLK (sky130_fd_sc_hd__dfstp_2)
     3    0.011627    0.071892    0.729398    1.316579 v _45_/Q (sky130_fd_sc_hd__dfstp_2)
                                                         state_q[0] (net)
                      0.071892    0.000356    1.316935 v _25_/A (sky130_fd_sc_hd__and2_2)
    11    0.056008    0.274592    0.563345    1.880280 v _25_/X (sky130_fd_sc_hd__and2_2)
                                                         _08_ (net)
                      0.274621    0.002912    1.883192 v _29_/B (sky130_fd_sc_hd__nor2_2)
     1    0.010851    0.236812    0.303047    2.186239 ^ _29_/Y (sky130_fd_sc_hd__nor2_2)
                                                         sram_csb0 (net)
                      0.315749    0.000217    2.186455 ^ u_sram/csb0 (sky130_sram_1kbyte_1rw1r_32x256_8)
                                              2.186455   data arrival time

                                  0.000000    0.000000   clock clk_i (rise edge)
                                  0.000000    0.000000   clock source latency
     2    0.073694    0.000000    0.000000    0.000000 ^ clk_i (in)
                                                         clk_i (net)
                      0.008592    0.004296    0.004296 ^ clkbuf_0_clk_i/A (sky130_fd_sc_hd__clkbuf_16)
     2    0.038551    0.092291    0.220696    0.224991 ^ clkbuf_0_clk_i/X (sky130_fd_sc_hd__clkbuf_16)
                                                         clknet_0_clk_i (net)
                      0.092306    0.001204    0.226195 ^ clkbuf_1_0__f_clk_i/A (sky130_fd_sc_hd__clkbuf_16)
     1    0.060543    0.121212    0.278728    0.504923 ^ clkbuf_1_0__f_clk_i/X (sky130_fd_sc_hd__clkbuf_16)
                                                         clknet_1_0__leaf_clk_i (net)
                      0.165221    0.014071    0.518994 ^ u_sram/clk0 (sky130_sram_1kbyte_1rw1r_32x256_8)
                                  0.250000    0.768994   clock uncertainty
                                  0.000000    0.768994   clock reconvergence pessimism
                                 -0.056000    0.712994   library hold time
                                              0.712994   data required time
---------------------------------------------------------------------------------------------
                                              0.712994   data required time
                                             -2.186455   data arrival time
---------------------------------------------------------------------------------------------
                                              1.473461   slack (MET)


Startpoint: axi_bready_i (input port clocked by clk_i)
Endpoint: _46_ (rising edge-triggered flip-flop clocked by clk_i)
Path Group: clk_i
Path Type: min

Fanout         Cap        Slew       Delay        Time   Description
---------------------------------------------------------------------------------------------
                                  0.000000    0.000000   clock clk_i (rise edge)
                                  0.000000    0.000000   clock network delay (propagated)
                                  2.000000    2.000000 v input external delay
     2    0.009555    0.000000    0.000000    2.000000 v axi_bready_i (in)
                                                         axi_bready_i (net)
                      0.000091    0.000046    2.000046 v _20_/A (sky130_fd_sc_hd__inv_2)
     1    0.002946    0.033217    0.036843    2.036889 ^ _20_/Y (sky130_fd_sc_hd__inv_2)
                                                         _05_ (net)
                      0.033217    0.000028    2.036916 ^ _28_/A2 (sky130_fd_sc_hd__a21o_2)
     1    0.006132    0.076868    0.240839    2.277755 ^ _28_/X (sky130_fd_sc_hd__a21o_2)
                                                         _02_ (net)
                      0.076868    0.000166    2.277920 ^ _46_/D (sky130_fd_sc_hd__dfrtp_2)
                                              2.277920   data arrival time

                                  0.000000    0.000000   clock clk_i (rise edge)
                                  0.000000    0.000000   clock source latency
     2    0.073694    0.000000    0.000000    0.000000 ^ clk_i (in)
                                                         clk_i (net)
                      0.005402    0.002701    0.002701 ^ clkbuf_regs_0_clk_i/A (sky130_fd_sc_hd__clkbuf_16)
     1    0.008368    0.052169    0.176432    0.179133 ^ clkbuf_regs_0_clk_i/X (sky130_fd_sc_hd__clkbuf_16)
                                                         clk_i_regs (net)
                      0.052169    0.000088    0.179222 ^ clkbuf_0_clk_i_regs/A (sky130_fd_sc_hd__clkbuf_16)
     2    0.018710    0.065828    0.211749    0.390970 ^ clkbuf_0_clk_i_regs/X (sky130_fd_sc_hd__clkbuf_16)
                                                         clknet_0_clk_i_regs (net)
                      0.065828    0.000195    0.391165 ^ clkbuf_1_1__f_clk_i_regs/A (sky130_fd_sc_hd__clkbuf_16)
     3    0.007177    0.050738    0.200369    0.591535 ^ clkbuf_1_1__f_clk_i_regs/X (sky130_fd_sc_hd__clkbuf_16)
                                                         clknet_1_1__leaf_clk_i_regs (net)
                      0.050738    0.000057    0.591591 ^ _46_/CLK (sky130_fd_sc_hd__dfrtp_2)
                                  0.250000    0.841591   clock uncertainty
                                  0.000000    0.841591   clock reconvergence pessimism
                                 -0.081620    0.759971   library hold time
                                              0.759971   data required time
---------------------------------------------------------------------------------------------
                                              0.759971   data required time
                                             -2.277920   data arrival time
---------------------------------------------------------------------------------------------
                                              1.517949   slack (MET)


Startpoint: _45_ (rising edge-triggered flip-flop clocked by clk_i)
Endpoint: u_sram (falling edge-triggered flip-flop clocked by clk_i)
Path Group: clk_i
Path Type: min

Fanout         Cap        Slew       Delay        Time   Description
---------------------------------------------------------------------------------------------
                                  0.000000    0.000000   clock clk_i (rise edge)
                                  0.000000    0.000000   clock source latency
     2    0.073694    0.000000    0.000000    0.000000 ^ clk_i (in)
                                                         clk_i (net)
                      0.005402    0.002701    0.002701 ^ clkbuf_regs_0_clk_i/A (sky130_fd_sc_hd__clkbuf_16)
     1    0.008368    0.052169    0.176432    0.179133 ^ clkbuf_regs_0_clk_i/X (sky130_fd_sc_hd__clkbuf_16)
                                                         clk_i_regs (net)
                      0.052169    0.000088    0.179222 ^ clkbuf_0_clk_i_regs/A (sky130_fd_sc_hd__clkbuf_16)
     2    0.018710    0.065828    0.211749    0.390970 ^ clkbuf_0_clk_i_regs/X (sky130_fd_sc_hd__clkbuf_16)
                                                         clknet_0_clk_i_regs (net)
                      0.065828    0.000157    0.391127 ^ clkbuf_1_0__f_clk_i_regs/A (sky130_fd_sc_hd__clkbuf_16)
     2    0.004874    0.047631    0.196001    0.587128 ^ clkbuf_1_0__f_clk_i_regs/X (sky130_fd_sc_hd__clkbuf_16)
                                                         clknet_1_0__leaf_clk_i_regs (net)
                      0.047631    0.000053    0.587180 ^ _45_/CLK (sky130_fd_sc_hd__dfstp_2)
     3    0.011627    0.071892    0.729398    1.316579 v _45_/Q (sky130_fd_sc_hd__dfstp_2)
                                                         state_q[0] (net)
                      0.071892    0.000379    1.316958 v _23_/B (sky130_fd_sc_hd__and3_2)
    17    0.080588    0.369728    0.707846    2.024803 v _23_/X (sky130_fd_sc_hd__and3_2)
                                                         axi_awready_o (net)
                      0.369794    0.005073    2.029877 v _24_/A (sky130_fd_sc_hd__inv_2)
     1    0.008981    0.126329    0.209221    2.239098 ^ _24_/Y (sky130_fd_sc_hd__inv_2)
                                                         sram_web0 (net)
                      0.168439    0.000151    2.239249 ^ u_sram/web0 (sky130_sram_1kbyte_1rw1r_32x256_8)
                                              2.239249   data arrival time

                                  0.000000    0.000000   clock clk_i (rise edge)
                                  0.000000    0.000000   clock source latency
     2    0.073694    0.000000    0.000000    0.000000 ^ clk_i (in)
                                                         clk_i (net)
                      0.008592    0.004296    0.004296 ^ clkbuf_0_clk_i/A (sky130_fd_sc_hd__clkbuf_16)
     2    0.038551    0.092291    0.220696    0.224991 ^ clkbuf_0_clk_i/X (sky130_fd_sc_hd__clkbuf_16)
                                                         clknet_0_clk_i (net)
                      0.092306    0.001204    0.226195 ^ clkbuf_1_0__f_clk_i/A (sky130_fd_sc_hd__clkbuf_16)
     1    0.060543    0.121212    0.278728    0.504923 ^ clkbuf_1_0__f_clk_i/X (sky130_fd_sc_hd__clkbuf_16)
                                                         clknet_1_0__leaf_clk_i (net)
                      0.165221    0.014071    0.518994 ^ u_sram/clk0 (sky130_sram_1kbyte_1rw1r_32x256_8)
                                  0.250000    0.768994   clock uncertainty
                                  0.000000    0.768994   clock reconvergence pessimism
                                 -0.056000    0.712994   library hold time
                                              0.712994   data required time
---------------------------------------------------------------------------------------------
                                              0.712994   data required time
                                             -2.239249   data arrival time
---------------------------------------------------------------------------------------------
                                              1.526255   slack (MET)


Startpoint: axi_awaddr_i[3] (input port clocked by clk_i)
Endpoint: u_sram (falling edge-triggered flip-flop clocked by clk_i)
Path Group: clk_i
Path Type: min

Fanout         Cap        Slew       Delay        Time   Description
---------------------------------------------------------------------------------------------
                                  0.000000    0.000000   clock clk_i (rise edge)
                                  0.000000    0.000000   clock network delay (propagated)
                                  2.000000    2.000000 ^ input external delay
     1    0.007243    0.000000    0.000000    2.000000 ^ axi_awaddr_i[3] (in)
                                                         axi_awaddr_i[3] (net)
                      0.000215    0.000107    2.000107 ^ _33_/B2 (sky130_fd_sc_hd__a32o_2)
     1    0.012246    0.145865    0.271904    2.272012 ^ _33_/X (sky130_fd_sc_hd__a32o_2)
                                                         sram_addr0[1] (net)
                      0.194487    0.000312    2.272324 ^ u_sram/addr0[1] (sky130_sram_1kbyte_1rw1r_32x256_8)
                                              2.272324   data arrival time

                                  0.000000    0.000000   clock clk_i (rise edge)
                                  0.000000    0.000000   clock source latency
     2    0.073694    0.000000    0.000000    0.000000 ^ clk_i (in)
                                                         clk_i (net)
                      0.008592    0.004296    0.004296 ^ clkbuf_0_clk_i/A (sky130_fd_sc_hd__clkbuf_16)
     2    0.038551    0.092291    0.220696    0.224991 ^ clkbuf_0_clk_i/X (sky130_fd_sc_hd__clkbuf_16)
                                                         clknet_0_clk_i (net)
                      0.092306    0.001204    0.226195 ^ clkbuf_1_0__f_clk_i/A (sky130_fd_sc_hd__clkbuf_16)
     1    0.060543    0.121212    0.278728    0.504923 ^ clkbuf_1_0__f_clk_i/X (sky130_fd_sc_hd__clkbuf_16)
                                                         clknet_1_0__leaf_clk_i (net)
                      0.165221    0.014071    0.518994 ^ u_sram/clk0 (sky130_sram_1kbyte_1rw1r_32x256_8)
                                  0.250000    0.768994   clock uncertainty
                                  0.000000    0.768994   clock reconvergence pessimism
                                 -0.056000    0.712994   library hold time
                                              0.712994   data required time
---------------------------------------------------------------------------------------------
                                              0.712994   data required time
                                             -2.272324   data arrival time
---------------------------------------------------------------------------------------------
                                              1.559330   slack (MET)


Startpoint: axi_awaddr_i[4] (input port clocked by clk_i)
Endpoint: u_sram (falling edge-triggered flip-flop clocked by clk_i)
Path Group: clk_i
Path Type: min

Fanout         Cap        Slew       Delay        Time   Description
---------------------------------------------------------------------------------------------
                                  0.000000    0.000000   clock clk_i (rise edge)
                                  0.000000    0.000000   clock network delay (propagated)
                                  2.000000    2.000000 ^ input external delay
     1    0.007455    0.000000    0.000000    2.000000 ^ axi_awaddr_i[4] (in)
                                                         axi_awaddr_i[4] (net)
                      0.000075    0.000038    2.000037 ^ _34_/B2 (sky130_fd_sc_hd__a32o_2)
     1    0.012795    0.150234    0.275857    2.275895 ^ _34_/X (sky130_fd_sc_hd__a32o_2)
                                                         sram_addr0[2] (net)
                      0.200312    0.000364    2.276259 ^ u_sram/addr0[2] (sky130_sram_1kbyte_1rw1r_32x256_8)
                                              2.276259   data arrival time

                                  0.000000    0.000000   clock clk_i (rise edge)
                                  0.000000    0.000000   clock source latency
     2    0.073694    0.000000    0.000000    0.000000 ^ clk_i (in)
                                                         clk_i (net)
                      0.008592    0.004296    0.004296 ^ clkbuf_0_clk_i/A (sky130_fd_sc_hd__clkbuf_16)
     2    0.038551    0.092291    0.220696    0.224991 ^ clkbuf_0_clk_i/X (sky130_fd_sc_hd__clkbuf_16)
                                                         clknet_0_clk_i (net)
                      0.092306    0.001204    0.226195 ^ clkbuf_1_0__f_clk_i/A (sky130_fd_sc_hd__clkbuf_16)
     1    0.060543    0.121212    0.278728    0.504923 ^ clkbuf_1_0__f_clk_i/X (sky130_fd_sc_hd__clkbuf_16)
                                                         clknet_1_0__leaf_clk_i (net)
                      0.165221    0.014071    0.518994 ^ u_sram/clk0 (sky130_sram_1kbyte_1rw1r_32x256_8)
                                  0.250000    0.768994   clock uncertainty
                                  0.000000    0.768994   clock reconvergence pessimism
                                 -0.056000    0.712994   library hold time
                                              0.712994   data required time
---------------------------------------------------------------------------------------------
                                              0.712994   data required time
                                             -2.276259   data arrival time
---------------------------------------------------------------------------------------------
                                              1.563265   slack (MET)


Startpoint: axi_awaddr_i[6] (input port clocked by clk_i)
Endpoint: u_sram (falling edge-triggered flip-flop clocked by clk_i)
Path Group: clk_i
Path Type: min

Fanout         Cap        Slew       Delay        Time   Description
---------------------------------------------------------------------------------------------
                                  0.000000    0.000000   clock clk_i (rise edge)
                                  0.000000    0.000000   clock network delay (propagated)
                                  2.000000    2.000000 ^ input external delay
     1    0.007463    0.000000    0.000000    2.000000 ^ axi_awaddr_i[6] (in)
                                                         axi_awaddr_i[6] (net)
                      0.000098    0.000049    2.000049 ^ _36_/B2 (sky130_fd_sc_hd__a32o_2)
     1    0.013535    0.156160    0.281296    2.281345 ^ _36_/X (sky130_fd_sc_hd__a32o_2)
                                                         sram_addr0[4] (net)
                      0.208213    0.000437    2.281782 ^ u_sram/addr0[4] (sky130_sram_1kbyte_1rw1r_32x256_8)
                                              2.281782   data arrival time

                                  0.000000    0.000000   clock clk_i (rise edge)
                                  0.000000    0.000000   clock source latency
     2    0.073694    0.000000    0.000000    0.000000 ^ clk_i (in)
                                                         clk_i (net)
                      0.008592    0.004296    0.004296 ^ clkbuf_0_clk_i/A (sky130_fd_sc_hd__clkbuf_16)
     2    0.038551    0.092291    0.220696    0.224991 ^ clkbuf_0_clk_i/X (sky130_fd_sc_hd__clkbuf_16)
                                                         clknet_0_clk_i (net)
                      0.092306    0.001204    0.226195 ^ clkbuf_1_0__f_clk_i/A (sky130_fd_sc_hd__clkbuf_16)
     1    0.060543    0.121212    0.278728    0.504923 ^ clkbuf_1_0__f_clk_i/X (sky130_fd_sc_hd__clkbuf_16)
                                                         clknet_1_0__leaf_clk_i (net)
                      0.165221    0.014071    0.518994 ^ u_sram/clk0 (sky130_sram_1kbyte_1rw1r_32x256_8)
                                  0.250000    0.768994   clock uncertainty
                                  0.000000    0.768994   clock reconvergence pessimism
                                 -0.056000    0.712994   library hold time
                                              0.712994   data required time
---------------------------------------------------------------------------------------------
                                              0.712994   data required time
                                             -2.281782   data arrival time
---------------------------------------------------------------------------------------------
                                              1.568788   slack (MET)


Startpoint: axi_awaddr_i[5] (input port clocked by clk_i)
Endpoint: u_sram (falling edge-triggered flip-flop clocked by clk_i)
Path Group: clk_i
Path Type: min

Fanout         Cap        Slew       Delay        Time   Description
---------------------------------------------------------------------------------------------
                                  0.000000    0.000000   clock clk_i (rise edge)
                                  0.000000    0.000000   clock network delay (propagated)
                                  2.000000    2.000000 ^ input external delay
     1    0.007425    0.000000    0.000000    2.000000 ^ axi_awaddr_i[5] (in)
                                                         axi_awaddr_i[5] (net)
                      0.000101    0.000051    2.000051 ^ _35_/B2 (sky130_fd_sc_hd__a32o_2)
     1    0.013674    0.157225    0.282421    2.282472 ^ _35_/X (sky130_fd_sc_hd__a32o_2)
                                                         sram_addr0[3] (net)
                      0.209633    0.000244    2.282716 ^ u_sram/addr0[3] (sky130_sram_1kbyte_1rw1r_32x256_8)
                                              2.282716   data arrival time

                                  0.000000    0.000000   clock clk_i (rise edge)
                                  0.000000    0.000000   clock source latency
     2    0.073694    0.000000    0.000000    0.000000 ^ clk_i (in)
                                                         clk_i (net)
                      0.008592    0.004296    0.004296 ^ clkbuf_0_clk_i/A (sky130_fd_sc_hd__clkbuf_16)
     2    0.038551    0.092291    0.220696    0.224991 ^ clkbuf_0_clk_i/X (sky130_fd_sc_hd__clkbuf_16)
                                                         clknet_0_clk_i (net)
                      0.092306    0.001204    0.226195 ^ clkbuf_1_0__f_clk_i/A (sky130_fd_sc_hd__clkbuf_16)
     1    0.060543    0.121212    0.278728    0.504923 ^ clkbuf_1_0__f_clk_i/X (sky130_fd_sc_hd__clkbuf_16)
                                                         clknet_1_0__leaf_clk_i (net)
                      0.165221    0.014071    0.518994 ^ u_sram/clk0 (sky130_sram_1kbyte_1rw1r_32x256_8)
                                  0.250000    0.768994   clock uncertainty
                                  0.000000    0.768994   clock reconvergence pessimism
                                 -0.056000    0.712994   library hold time
                                              0.712994   data required time
---------------------------------------------------------------------------------------------
                                              0.712994   data required time
                                             -2.282716   data arrival time
---------------------------------------------------------------------------------------------
                                              1.569722   slack (MET)


Startpoint: axi_awaddr_i[8] (input port clocked by clk_i)
Endpoint: u_sram (falling edge-triggered flip-flop clocked by clk_i)
Path Group: clk_i
Path Type: min

Fanout         Cap        Slew       Delay        Time   Description
---------------------------------------------------------------------------------------------
                                  0.000000    0.000000   clock clk_i (rise edge)
                                  0.000000    0.000000   clock network delay (propagated)
                                  2.000000    2.000000 ^ input external delay
     1    0.007178    0.000000    0.000000    2.000000 ^ axi_awaddr_i[8] (in)
                                                         axi_awaddr_i[8] (net)
                      0.000078    0.000039    2.000039 ^ _38_/B2 (sky130_fd_sc_hd__a32o_2)
     1    0.013970    0.159626    0.284541    2.284580 ^ _38_/X (sky130_fd_sc_hd__a32o_2)
                                                         sram_addr0[6] (net)
                      0.212834    0.000336    2.284916 ^ u_sram/addr0[6] (sky130_sram_1kbyte_1rw1r_32x256_8)
                                              2.284916   data arrival time

                                  0.000000    0.000000   clock clk_i (rise edge)
                                  0.000000    0.000000   clock source latency
     2    0.073694    0.000000    0.000000    0.000000 ^ clk_i (in)
                                                         clk_i (net)
                      0.008592    0.004296    0.004296 ^ clkbuf_0_clk_i/A (sky130_fd_sc_hd__clkbuf_16)
     2    0.038551    0.092291    0.220696    0.224991 ^ clkbuf_0_clk_i/X (sky130_fd_sc_hd__clkbuf_16)
                                                         clknet_0_clk_i (net)
                      0.092306    0.001204    0.226195 ^ clkbuf_1_0__f_clk_i/A (sky130_fd_sc_hd__clkbuf_16)
     1    0.060543    0.121212    0.278728    0.504923 ^ clkbuf_1_0__f_clk_i/X (sky130_fd_sc_hd__clkbuf_16)
                                                         clknet_1_0__leaf_clk_i (net)
                      0.165221    0.014071    0.518994 ^ u_sram/clk0 (sky130_sram_1kbyte_1rw1r_32x256_8)
                                  0.250000    0.768994   clock uncertainty
                                  0.000000    0.768994   clock reconvergence pessimism
                                 -0.056000    0.712994   library hold time
                                              0.712994   data required time
---------------------------------------------------------------------------------------------
                                              0.712994   data required time
                                             -2.284916   data arrival time
---------------------------------------------------------------------------------------------
                                              1.571922   slack (MET)


Startpoint: axi_awaddr_i[9] (input port clocked by clk_i)
Endpoint: u_sram (falling edge-triggered flip-flop clocked by clk_i)
Path Group: clk_i
Path Type: min

Fanout         Cap        Slew       Delay        Time   Description
---------------------------------------------------------------------------------------------
                                  0.000000    0.000000   clock clk_i (rise edge)
                                  0.000000    0.000000   clock network delay (propagated)
                                  2.000000    2.000000 ^ input external delay
     1    0.007099    0.000000    0.000000    2.000000 ^ axi_awaddr_i[9] (in)
                                                         axi_awaddr_i[9] (net)
                      0.000224    0.000112    2.000112 ^ _39_/B2 (sky130_fd_sc_hd__a32o_2)
     1    0.014333    0.162576    0.287227    2.287339 ^ _39_/X (sky130_fd_sc_hd__a32o_2)
                                                         sram_addr0[7] (net)
                      0.216768    0.000463    2.287802 ^ u_sram/addr0[7] (sky130_sram_1kbyte_1rw1r_32x256_8)
                                              2.287802   data arrival time

                                  0.000000    0.000000   clock clk_i (rise edge)
                                  0.000000    0.000000   clock source latency
     2    0.073694    0.000000    0.000000    0.000000 ^ clk_i (in)
                                                         clk_i (net)
                      0.008592    0.004296    0.004296 ^ clkbuf_0_clk_i/A (sky130_fd_sc_hd__clkbuf_16)
     2    0.038551    0.092291    0.220696    0.224991 ^ clkbuf_0_clk_i/X (sky130_fd_sc_hd__clkbuf_16)
                                                         clknet_0_clk_i (net)
                      0.092306    0.001204    0.226195 ^ clkbuf_1_0__f_clk_i/A (sky130_fd_sc_hd__clkbuf_16)
     1    0.060543    0.121212    0.278728    0.504923 ^ clkbuf_1_0__f_clk_i/X (sky130_fd_sc_hd__clkbuf_16)
                                                         clknet_1_0__leaf_clk_i (net)
                      0.165221    0.014071    0.518994 ^ u_sram/clk0 (sky130_sram_1kbyte_1rw1r_32x256_8)
                                  0.250000    0.768994   clock uncertainty
                                  0.000000    0.768994   clock reconvergence pessimism
                                 -0.056000    0.712994   library hold time
                                              0.712994   data required time
---------------------------------------------------------------------------------------------
                                              0.712994   data required time
                                             -2.287802   data arrival time
---------------------------------------------------------------------------------------------
                                              1.574808   slack (MET)


Startpoint: axi_wstrb_i[1] (input port clocked by clk_i)
Endpoint: u_sram (falling edge-triggered flip-flop clocked by clk_i)
Path Group: clk_i
Path Type: min

Fanout         Cap        Slew       Delay        Time   Description
---------------------------------------------------------------------------------------------
                                  0.000000    0.000000   clock clk_i (rise edge)
                                  0.000000    0.000000   clock network delay (propagated)
                                  2.000000    2.000000 ^ input external delay
     1    0.005092    0.000000    0.000000    2.000000 ^ axi_wstrb_i[1] (in)
                                                         axi_wstrb_i[1] (net)
                      0.000158    0.000079    2.000079 ^ _41_/A (sky130_fd_sc_hd__and2_2)
     1    0.012327    0.134391    0.287665    2.287744 ^ _41_/X (sky130_fd_sc_hd__and2_2)
                                                         sram_wmask0[1] (net)
                      0.179188    0.000284    2.288028 ^ u_sram/wmask0[1] (sky130_sram_1kbyte_1rw1r_32x256_8)
                                              2.288028   data arrival time

                                  0.000000    0.000000   clock clk_i (rise edge)
                                  0.000000    0.000000   clock source latency
     2    0.073694    0.000000    0.000000    0.000000 ^ clk_i (in)
                                                         clk_i (net)
                      0.008592    0.004296    0.004296 ^ clkbuf_0_clk_i/A (sky130_fd_sc_hd__clkbuf_16)
     2    0.038551    0.092291    0.220696    0.224991 ^ clkbuf_0_clk_i/X (sky130_fd_sc_hd__clkbuf_16)
                                                         clknet_0_clk_i (net)
                      0.092306    0.001204    0.226195 ^ clkbuf_1_0__f_clk_i/A (sky130_fd_sc_hd__clkbuf_16)
     1    0.060543    0.121212    0.278728    0.504923 ^ clkbuf_1_0__f_clk_i/X (sky130_fd_sc_hd__clkbuf_16)
                                                         clknet_1_0__leaf_clk_i (net)
                      0.165221    0.014071    0.518994 ^ u_sram/clk0 (sky130_sram_1kbyte_1rw1r_32x256_8)
                                  0.250000    0.768994   clock uncertainty
                                  0.000000    0.768994   clock reconvergence pessimism
                                 -0.056000    0.712994   library hold time
                                              0.712994   data required time
---------------------------------------------------------------------------------------------
                                              0.712994   data required time
                                             -2.288028   data arrival time
---------------------------------------------------------------------------------------------
                                              1.575034   slack (MET)


Startpoint: axi_wstrb_i[0] (input port clocked by clk_i)
Endpoint: u_sram (falling edge-triggered flip-flop clocked by clk_i)
Path Group: clk_i
Path Type: min

Fanout         Cap        Slew       Delay        Time   Description
---------------------------------------------------------------------------------------------
                                  0.000000    0.000000   clock clk_i (rise edge)
                                  0.000000    0.000000   clock network delay (propagated)
                                  2.000000    2.000000 ^ input external delay
     1    0.005486    0.000000    0.000000    2.000000 ^ axi_wstrb_i[0] (in)
                                                         axi_wstrb_i[0] (net)
                      0.000181    0.000091    2.000091 ^ _40_/A (sky130_fd_sc_hd__and2_2)
     1    0.012679    0.136976    0.289971    2.290062 ^ _40_/X (sky130_fd_sc_hd__and2_2)
                                                         sram_wmask0[0] (net)
                      0.182635    0.000300    2.290362 ^ u_sram/wmask0[0] (sky130_sram_1kbyte_1rw1r_32x256_8)
                                              2.290362   data arrival time

                                  0.000000    0.000000   clock clk_i (rise edge)
                                  0.000000    0.000000   clock source latency
     2    0.073694    0.000000    0.000000    0.000000 ^ clk_i (in)
                                                         clk_i (net)
                      0.008592    0.004296    0.004296 ^ clkbuf_0_clk_i/A (sky130_fd_sc_hd__clkbuf_16)
     2    0.038551    0.092291    0.220696    0.224991 ^ clkbuf_0_clk_i/X (sky130_fd_sc_hd__clkbuf_16)
                                                         clknet_0_clk_i (net)
                      0.092306    0.001204    0.226195 ^ clkbuf_1_0__f_clk_i/A (sky130_fd_sc_hd__clkbuf_16)
     1    0.060543    0.121212    0.278728    0.504923 ^ clkbuf_1_0__f_clk_i/X (sky130_fd_sc_hd__clkbuf_16)
                                                         clknet_1_0__leaf_clk_i (net)
                      0.165221    0.014071    0.518994 ^ u_sram/clk0 (sky130_sram_1kbyte_1rw1r_32x256_8)
                                  0.250000    0.768994   clock uncertainty
                                  0.000000    0.768994   clock reconvergence pessimism
                                 -0.056000    0.712994   library hold time
                                              0.712994   data required time
---------------------------------------------------------------------------------------------
                                              0.712994   data required time
                                             -2.290362   data arrival time
---------------------------------------------------------------------------------------------
                                              1.577368   slack (MET)


Startpoint: axi_awaddr_i[7] (input port clocked by clk_i)
Endpoint: u_sram (falling edge-triggered flip-flop clocked by clk_i)
Path Group: clk_i
Path Type: min

Fanout         Cap        Slew       Delay        Time   Description
---------------------------------------------------------------------------------------------
                                  0.000000    0.000000   clock clk_i (rise edge)
                                  0.000000    0.000000   clock network delay (propagated)
                                  2.000000    2.000000 ^ input external delay
     1    0.006786    0.000000    0.000000    2.000000 ^ axi_awaddr_i[7] (in)
                                                         axi_awaddr_i[7] (net)
                      0.000065    0.000033    2.000033 ^ _37_/B2 (sky130_fd_sc_hd__a32o_2)
     1    0.014994    0.167890    0.292077    2.292109 ^ _37_/X (sky130_fd_sc_hd__a32o_2)
                                                         sram_addr0[5] (net)
                      0.223854    0.000358    2.292467 ^ u_sram/addr0[5] (sky130_sram_1kbyte_1rw1r_32x256_8)
                                              2.292467   data arrival time

                                  0.000000    0.000000   clock clk_i (rise edge)
                                  0.000000    0.000000   clock source latency
     2    0.073694    0.000000    0.000000    0.000000 ^ clk_i (in)
                                                         clk_i (net)
                      0.008592    0.004296    0.004296 ^ clkbuf_0_clk_i/A (sky130_fd_sc_hd__clkbuf_16)
     2    0.038551    0.092291    0.220696    0.224991 ^ clkbuf_0_clk_i/X (sky130_fd_sc_hd__clkbuf_16)
                                                         clknet_0_clk_i (net)
                      0.092306    0.001204    0.226195 ^ clkbuf_1_0__f_clk_i/A (sky130_fd_sc_hd__clkbuf_16)
     1    0.060543    0.121212    0.278728    0.504923 ^ clkbuf_1_0__f_clk_i/X (sky130_fd_sc_hd__clkbuf_16)
                                                         clknet_1_0__leaf_clk_i (net)
                      0.165221    0.014071    0.518994 ^ u_sram/clk0 (sky130_sram_1kbyte_1rw1r_32x256_8)
                                  0.250000    0.768994   clock uncertainty
                                  0.000000    0.768994   clock reconvergence pessimism
                                 -0.056000    0.712994   library hold time
                                              0.712994   data required time
---------------------------------------------------------------------------------------------
                                              0.712994   data required time
                                             -2.292467   data arrival time
---------------------------------------------------------------------------------------------
                                              1.579473   slack (MET)


Startpoint: axi_wstrb_i[3] (input port clocked by clk_i)
Endpoint: u_sram (falling edge-triggered flip-flop clocked by clk_i)
Path Group: clk_i
Path Type: min

Fanout         Cap        Slew       Delay        Time   Description
---------------------------------------------------------------------------------------------
                                  0.000000    0.000000   clock clk_i (rise edge)
                                  0.000000    0.000000   clock network delay (propagated)
                                  2.000000    2.000000 ^ input external delay
     1    0.005783    0.000000    0.000000    2.000000 ^ axi_wstrb_i[3] (in)
                                                         axi_wstrb_i[3] (net)
                      0.000206    0.000103    2.000103 ^ _43_/A (sky130_fd_sc_hd__and2_2)
     1    0.013198    0.140802    0.293395    2.293498 ^ _43_/X (sky130_fd_sc_hd__and2_2)
                                                         sram_wmask0[3] (net)
                      0.187736    0.000271    2.293769 ^ u_sram/wmask0[3] (sky130_sram_1kbyte_1rw1r_32x256_8)
                                              2.293769   data arrival time

                                  0.000000    0.000000   clock clk_i (rise edge)
                                  0.000000    0.000000   clock source latency
     2    0.073694    0.000000    0.000000    0.000000 ^ clk_i (in)
                                                         clk_i (net)
                      0.008592    0.004296    0.004296 ^ clkbuf_0_clk_i/A (sky130_fd_sc_hd__clkbuf_16)
     2    0.038551    0.092291    0.220696    0.224991 ^ clkbuf_0_clk_i/X (sky130_fd_sc_hd__clkbuf_16)
                                                         clknet_0_clk_i (net)
                      0.092306    0.001204    0.226195 ^ clkbuf_1_0__f_clk_i/A (sky130_fd_sc_hd__clkbuf_16)
     1    0.060543    0.121212    0.278728    0.504923 ^ clkbuf_1_0__f_clk_i/X (sky130_fd_sc_hd__clkbuf_16)
                                                         clknet_1_0__leaf_clk_i (net)
                      0.165221    0.014071    0.518994 ^ u_sram/clk0 (sky130_sram_1kbyte_1rw1r_32x256_8)
                                  0.250000    0.768994   clock uncertainty
                                  0.000000    0.768994   clock reconvergence pessimism
                                 -0.056000    0.712994   library hold time
                                              0.712994   data required time
---------------------------------------------------------------------------------------------
                                              0.712994   data required time
                                             -2.293769   data arrival time
---------------------------------------------------------------------------------------------
                                              1.580775   slack (MET)


Startpoint: axi_wstrb_i[2] (input port clocked by clk_i)
Endpoint: u_sram (falling edge-triggered flip-flop clocked by clk_i)
Path Group: clk_i
Path Type: min

Fanout         Cap        Slew       Delay        Time   Description
---------------------------------------------------------------------------------------------
                                  0.000000    0.000000   clock clk_i (rise edge)
                                  0.000000    0.000000   clock network delay (propagated)
                                  2.000000    2.000000 ^ input external delay
     1    0.005395    0.000000    0.000000    2.000000 ^ axi_wstrb_i[2] (in)
                                                         axi_wstrb_i[2] (net)
                      0.000177    0.000089    2.000089 ^ _42_/A (sky130_fd_sc_hd__and2_2)
     1    0.013627    0.143994    0.296152    2.296241 ^ _42_/X (sky130_fd_sc_hd__and2_2)
                                                         sram_wmask0[2] (net)
                      0.191992    0.000336    2.296577 ^ u_sram/wmask0[2] (sky130_sram_1kbyte_1rw1r_32x256_8)
                                              2.296577   data arrival time

                                  0.000000    0.000000   clock clk_i (rise edge)
                                  0.000000    0.000000   clock source latency
     2    0.073694    0.000000    0.000000    0.000000 ^ clk_i (in)
                                                         clk_i (net)
                      0.008592    0.004296    0.004296 ^ clkbuf_0_clk_i/A (sky130_fd_sc_hd__clkbuf_16)
     2    0.038551    0.092291    0.220696    0.224991 ^ clkbuf_0_clk_i/X (sky130_fd_sc_hd__clkbuf_16)
                                                         clknet_0_clk_i (net)
                      0.092306    0.001204    0.226195 ^ clkbuf_1_0__f_clk_i/A (sky130_fd_sc_hd__clkbuf_16)
     1    0.060543    0.121212    0.278728    0.504923 ^ clkbuf_1_0__f_clk_i/X (sky130_fd_sc_hd__clkbuf_16)
                                                         clknet_1_0__leaf_clk_i (net)
                      0.165221    0.014071    0.518994 ^ u_sram/clk0 (sky130_sram_1kbyte_1rw1r_32x256_8)
                                  0.250000    0.768994   clock uncertainty
                                  0.000000    0.768994   clock reconvergence pessimism
                                 -0.056000    0.712994   library hold time
                                              0.712994   data required time
---------------------------------------------------------------------------------------------
                                              0.712994   data required time
                                             -2.296577   data arrival time
---------------------------------------------------------------------------------------------
                                              1.583583   slack (MET)


Startpoint: axi_awaddr_i[2] (input port clocked by clk_i)
Endpoint: u_sram (falling edge-triggered flip-flop clocked by clk_i)
Path Group: clk_i
Path Type: min

Fanout         Cap        Slew       Delay        Time   Description
---------------------------------------------------------------------------------------------
                                  0.000000    0.000000   clock clk_i (rise edge)
                                  0.000000    0.000000   clock network delay (propagated)
                                  2.000000    2.000000 ^ input external delay
     1    0.007919    0.000000    0.000000    2.000000 ^ axi_awaddr_i[2] (in)
                                                         axi_awaddr_i[2] (net)
                      0.000354    0.000177    2.000177 ^ _32_/B2 (sky130_fd_sc_hd__a32o_2)
     1    0.015818    0.174641    0.298156    2.298332 ^ _32_/X (sky130_fd_sc_hd__a32o_2)
                                                         sram_addr0[0] (net)
                      0.232854    0.000604    2.298937 ^ u_sram/addr0[0] (sky130_sram_1kbyte_1rw1r_32x256_8)
                                              2.298937   data arrival time

                                  0.000000    0.000000   clock clk_i (rise edge)
                                  0.000000    0.000000   clock source latency
     2    0.073694    0.000000    0.000000    0.000000 ^ clk_i (in)
                                                         clk_i (net)
                      0.008592    0.004296    0.004296 ^ clkbuf_0_clk_i/A (sky130_fd_sc_hd__clkbuf_16)
     2    0.038551    0.092291    0.220696    0.224991 ^ clkbuf_0_clk_i/X (sky130_fd_sc_hd__clkbuf_16)
                                                         clknet_0_clk_i (net)
                      0.092306    0.001204    0.226195 ^ clkbuf_1_0__f_clk_i/A (sky130_fd_sc_hd__clkbuf_16)
     1    0.060543    0.121212    0.278728    0.504923 ^ clkbuf_1_0__f_clk_i/X (sky130_fd_sc_hd__clkbuf_16)
                                                         clknet_1_0__leaf_clk_i (net)
                      0.165221    0.014071    0.518994 ^ u_sram/clk0 (sky130_sram_1kbyte_1rw1r_32x256_8)
                                  0.250000    0.768994   clock uncertainty
                                  0.000000    0.768994   clock reconvergence pessimism
                                 -0.056000    0.712994   library hold time
                                              0.712994   data required time
---------------------------------------------------------------------------------------------
                                              0.712994   data required time
                                             -2.298937   data arrival time
---------------------------------------------------------------------------------------------
                                              1.585943   slack (MET)


Startpoint: _45_ (rising edge-triggered flip-flop clocked by clk_i)
Endpoint: _47_ (rising edge-triggered flip-flop clocked by clk_i)
Path Group: clk_i
Path Type: min

Fanout         Cap        Slew       Delay        Time   Description
---------------------------------------------------------------------------------------------
                                  0.000000    0.000000   clock clk_i (rise edge)
                                  0.000000    0.000000   clock source latency
     2    0.073694    0.000000    0.000000    0.000000 ^ clk_i (in)
                                                         clk_i (net)
                      0.005402    0.002701    0.002701 ^ clkbuf_regs_0_clk_i/A (sky130_fd_sc_hd__clkbuf_16)
     1    0.008368    0.052169    0.176432    0.179133 ^ clkbuf_regs_0_clk_i/X (sky130_fd_sc_hd__clkbuf_16)
                                                         clk_i_regs (net)
                      0.052169    0.000088    0.179222 ^ clkbuf_0_clk_i_regs/A (sky130_fd_sc_hd__clkbuf_16)
     2    0.018710    0.065828    0.211749    0.390970 ^ clkbuf_0_clk_i_regs/X (sky130_fd_sc_hd__clkbuf_16)
                                                         clknet_0_clk_i_regs (net)
                      0.065828    0.000157    0.391127 ^ clkbuf_1_0__f_clk_i_regs/A (sky130_fd_sc_hd__clkbuf_16)
     2    0.004874    0.047631    0.196001    0.587128 ^ clkbuf_1_0__f_clk_i_regs/X (sky130_fd_sc_hd__clkbuf_16)
                                                         clknet_1_0__leaf_clk_i_regs (net)
                      0.047631    0.000053    0.587180 ^ _45_/CLK (sky130_fd_sc_hd__dfstp_2)
     3    0.011627    0.071892    0.729398    1.316579 v _45_/Q (sky130_fd_sc_hd__dfstp_2)
                                                         state_q[0] (net)
                      0.071892    0.000356    1.316935 v _25_/A (sky130_fd_sc_hd__and2_2)
    11    0.056008    0.274592    0.563345    1.880280 v _25_/X (sky130_fd_sc_hd__and2_2)
                                                         _08_ (net)
                      0.274592    0.000430    1.880710 v _44_/B (sky130_fd_sc_hd__and2_2)
     1    0.006678    0.083917    0.519817    2.400527 v _44_/X (sky130_fd_sc_hd__and2_2)
                                                         _00_ (net)
                      0.083917    0.000167    2.400694 v _47_/D (sky130_fd_sc_hd__dfrtp_2)
                                              2.400694   data arrival time

                                  0.000000    0.000000   clock clk_i (rise edge)
                                  0.000000    0.000000   clock source latency
     2    0.073694    0.000000    0.000000    0.000000 ^ clk_i (in)
                                                         clk_i (net)
                      0.005402    0.002701    0.002701 ^ clkbuf_regs_0_clk_i/A (sky130_fd_sc_hd__clkbuf_16)
     1    0.008368    0.052169    0.176432    0.179133 ^ clkbuf_regs_0_clk_i/X (sky130_fd_sc_hd__clkbuf_16)
                                                         clk_i_regs (net)
                      0.052169    0.000088    0.179222 ^ clkbuf_0_clk_i_regs/A (sky130_fd_sc_hd__clkbuf_16)
     2    0.018710    0.065828    0.211749    0.390970 ^ clkbuf_0_clk_i_regs/X (sky130_fd_sc_hd__clkbuf_16)
                                                         clknet_0_clk_i_regs (net)
                      0.065828    0.000157    0.391127 ^ clkbuf_1_0__f_clk_i_regs/A (sky130_fd_sc_hd__clkbuf_16)
     2    0.004874    0.047631    0.196001    0.587128 ^ clkbuf_1_0__f_clk_i_regs/X (sky130_fd_sc_hd__clkbuf_16)
                                                         clknet_1_0__leaf_clk_i_regs (net)
                      0.047631    0.000054    0.587182 ^ _47_/CLK (sky130_fd_sc_hd__dfrtp_2)
                                  0.250000    0.837182   clock uncertainty
                                  0.000000    0.837182   clock reconvergence pessimism
                                 -0.100166    0.737016   library hold time
                                              0.737016   data required time
---------------------------------------------------------------------------------------------
                                              0.737016   data required time
                                             -2.400694   data arrival time
---------------------------------------------------------------------------------------------
                                              1.663678   slack (MET)


Startpoint: _48_ (rising edge-triggered flip-flop clocked by clk_i)
Endpoint: _48_ (rising edge-triggered flip-flop clocked by clk_i)
Path Group: clk_i
Path Type: min

Fanout         Cap        Slew       Delay        Time   Description
---------------------------------------------------------------------------------------------
                                  0.000000    0.000000   clock clk_i (rise edge)
                                  0.000000    0.000000   clock source latency
     2    0.073694    0.000000    0.000000    0.000000 ^ clk_i (in)
                                                         clk_i (net)
                      0.005402    0.002701    0.002701 ^ clkbuf_regs_0_clk_i/A (sky130_fd_sc_hd__clkbuf_16)
     1    0.008368    0.052169    0.176432    0.179133 ^ clkbuf_regs_0_clk_i/X (sky130_fd_sc_hd__clkbuf_16)
                                                         clk_i_regs (net)
                      0.052169    0.000088    0.179222 ^ clkbuf_0_clk_i_regs/A (sky130_fd_sc_hd__clkbuf_16)
     2    0.018710    0.065828    0.211749    0.390970 ^ clkbuf_0_clk_i_regs/X (sky130_fd_sc_hd__clkbuf_16)
                                                         clknet_0_clk_i_regs (net)
                      0.065828    0.000195    0.391165 ^ clkbuf_1_1__f_clk_i_regs/A (sky130_fd_sc_hd__clkbuf_16)
     3    0.007177    0.050738    0.200369    0.591535 ^ clkbuf_1_1__f_clk_i_regs/X (sky130_fd_sc_hd__clkbuf_16)
                                                         clknet_1_1__leaf_clk_i_regs (net)
                      0.050738    0.000066    0.591600 ^ _48_/CLK (sky130_fd_sc_hd__dfrtp_2)
     3    0.011218    0.126711    0.730034    1.321634 ^ _48_/Q (sky130_fd_sc_hd__dfrtp_2)
                                                         axi_rvalid_o (net)
                      0.126711    0.000219    1.321852 ^ _27_/A1 (sky130_fd_sc_hd__a21o_2)
     1    0.003463    0.049243    0.248941    1.570793 ^ _27_/X (sky130_fd_sc_hd__a21o_2)
                                                         _03_ (net)
                      0.049243    0.000054    1.570848 ^ hold2/A (sky130_fd_sc_hd__dlygate4sd3_1)
     1    0.002872    0.092405    1.032910    2.603758 ^ hold2/X (sky130_fd_sc_hd__dlygate4sd3_1)
                                                         net2 (net)
                      0.092405    0.000035    2.603793 ^ _48_/D (sky130_fd_sc_hd__dfrtp_2)
                                              2.603793   data arrival time

                                  0.000000    0.000000   clock clk_i (rise edge)
                                  0.000000    0.000000   clock source latency
     2    0.073694    0.000000    0.000000    0.000000 ^ clk_i (in)
                                                         clk_i (net)
                      0.005402    0.002701    0.002701 ^ clkbuf_regs_0_clk_i/A (sky130_fd_sc_hd__clkbuf_16)
     1    0.008368    0.052169    0.176432    0.179133 ^ clkbuf_regs_0_clk_i/X (sky130_fd_sc_hd__clkbuf_16)
                                                         clk_i_regs (net)
                      0.052169    0.000088    0.179222 ^ clkbuf_0_clk_i_regs/A (sky130_fd_sc_hd__clkbuf_16)
     2    0.018710    0.065828    0.211749    0.390970 ^ clkbuf_0_clk_i_regs/X (sky130_fd_sc_hd__clkbuf_16)
                                                         clknet_0_clk_i_regs (net)
                      0.065828    0.000195    0.391165 ^ clkbuf_1_1__f_clk_i_regs/A (sky130_fd_sc_hd__clkbuf_16)
     3    0.007177    0.050738    0.200369    0.591535 ^ clkbuf_1_1__f_clk_i_regs/X (sky130_fd_sc_hd__clkbuf_16)
                                                         clknet_1_1__leaf_clk_i_regs (net)
                      0.050738    0.000066    0.591600 ^ _48_/CLK (sky130_fd_sc_hd__dfrtp_2)
                                  0.250000    0.841600   clock uncertainty
                                  0.000000    0.841600   clock reconvergence pessimism
                                 -0.085157    0.756443   library hold time
                                              0.756443   data required time
---------------------------------------------------------------------------------------------
                                              0.756443   data required time
                                             -2.603793   data arrival time
---------------------------------------------------------------------------------------------
                                              1.847350   slack (MET)


Startpoint: _46_ (rising edge-triggered flip-flop clocked by clk_i)
Endpoint: axi_bvalid_o (output port clocked by clk_i)
Path Group: clk_i
Path Type: min

Fanout         Cap        Slew       Delay        Time   Description
---------------------------------------------------------------------------------------------
                                  0.000000    0.000000   clock clk_i (rise edge)
                                  0.000000    0.000000   clock source latency
     2    0.073694    0.000000    0.000000    0.000000 ^ clk_i (in)
                                                         clk_i (net)
                      0.005402    0.002701    0.002701 ^ clkbuf_regs_0_clk_i/A (sky130_fd_sc_hd__clkbuf_16)
     1    0.008368    0.052169    0.176432    0.179133 ^ clkbuf_regs_0_clk_i/X (sky130_fd_sc_hd__clkbuf_16)
                                                         clk_i_regs (net)
                      0.052169    0.000088    0.179222 ^ clkbuf_0_clk_i_regs/A (sky130_fd_sc_hd__clkbuf_16)
     2    0.018710    0.065828    0.211749    0.390970 ^ clkbuf_0_clk_i_regs/X (sky130_fd_sc_hd__clkbuf_16)
                                                         clknet_0_clk_i_regs (net)
                      0.065828    0.000195    0.391165 ^ clkbuf_1_1__f_clk_i_regs/A (sky130_fd_sc_hd__clkbuf_16)
     3    0.007177    0.050738    0.200369    0.591535 ^ clkbuf_1_1__f_clk_i_regs/X (sky130_fd_sc_hd__clkbuf_16)
                                                         clknet_1_1__leaf_clk_i_regs (net)
                      0.050738    0.000057    0.591591 ^ _46_/CLK (sky130_fd_sc_hd__dfrtp_2)
     3    0.010291    0.120192    0.723679    1.315271 ^ _46_/Q (sky130_fd_sc_hd__dfrtp_2)
                                                         axi_bvalid_o (net)
                      0.120192    0.000278    1.315549 ^ axi_bvalid_o (out)
                                              1.315549   data arrival time

                                  0.000000    0.000000   clock clk_i (rise edge)
                                  0.000000    0.000000   clock network delay (propagated)
                                  0.250000    0.250000   clock uncertainty
                                  0.000000    0.250000   clock reconvergence pessimism
                                 -2.000000   -1.750000   output external delay
                                             -1.750000   data required time
---------------------------------------------------------------------------------------------
                                             -1.750000   data required time
                                             -1.315549   data arrival time
---------------------------------------------------------------------------------------------
                                              3.065549   slack (MET)


Startpoint: _48_ (rising edge-triggered flip-flop clocked by clk_i)
Endpoint: axi_rvalid_o (output port clocked by clk_i)
Path Group: clk_i
Path Type: min

Fanout         Cap        Slew       Delay        Time   Description
---------------------------------------------------------------------------------------------
                                  0.000000    0.000000   clock clk_i (rise edge)
                                  0.000000    0.000000   clock source latency
     2    0.073694    0.000000    0.000000    0.000000 ^ clk_i (in)
                                                         clk_i (net)
                      0.005402    0.002701    0.002701 ^ clkbuf_regs_0_clk_i/A (sky130_fd_sc_hd__clkbuf_16)
     1    0.008368    0.052169    0.176432    0.179133 ^ clkbuf_regs_0_clk_i/X (sky130_fd_sc_hd__clkbuf_16)
                                                         clk_i_regs (net)
                      0.052169    0.000088    0.179222 ^ clkbuf_0_clk_i_regs/A (sky130_fd_sc_hd__clkbuf_16)
     2    0.018710    0.065828    0.211749    0.390970 ^ clkbuf_0_clk_i_regs/X (sky130_fd_sc_hd__clkbuf_16)
                                                         clknet_0_clk_i_regs (net)
                      0.065828    0.000195    0.391165 ^ clkbuf_1_1__f_clk_i_regs/A (sky130_fd_sc_hd__clkbuf_16)
     3    0.007177    0.050738    0.200369    0.591535 ^ clkbuf_1_1__f_clk_i_regs/X (sky130_fd_sc_hd__clkbuf_16)
                                                         clknet_1_1__leaf_clk_i_regs (net)
                      0.050738    0.000066    0.591600 ^ _48_/CLK (sky130_fd_sc_hd__dfrtp_2)
     3    0.011218    0.126711    0.730034    1.321634 ^ _48_/Q (sky130_fd_sc_hd__dfrtp_2)
                                                         axi_rvalid_o (net)
                      0.126711    0.000245    1.321879 ^ axi_rvalid_o (out)
                                              1.321879   data arrival time

                                  0.000000    0.000000   clock clk_i (rise edge)
                                  0.000000    0.000000   clock network delay (propagated)
                                  0.250000    0.250000   clock uncertainty
                                  0.000000    0.250000   clock reconvergence pessimism
                                 -2.000000   -1.750000   output external delay
                                             -1.750000   data required time
---------------------------------------------------------------------------------------------
                                             -1.750000   data required time
                                             -1.321879   data arrival time
---------------------------------------------------------------------------------------------
                                              3.071879   slack (MET)


Startpoint: _45_ (rising edge-triggered flip-flop clocked by clk_i)
Endpoint: axi_awready_o (output port clocked by clk_i)
Path Group: clk_i
Path Type: min

Fanout         Cap        Slew       Delay        Time   Description
---------------------------------------------------------------------------------------------
                                  0.000000    0.000000   clock clk_i (rise edge)
                                  0.000000    0.000000   clock source latency
     2    0.073694    0.000000    0.000000    0.000000 ^ clk_i (in)
                                                         clk_i (net)
                      0.005402    0.002701    0.002701 ^ clkbuf_regs_0_clk_i/A (sky130_fd_sc_hd__clkbuf_16)
     1    0.008368    0.052169    0.176432    0.179133 ^ clkbuf_regs_0_clk_i/X (sky130_fd_sc_hd__clkbuf_16)
                                                         clk_i_regs (net)
                      0.052169    0.000088    0.179222 ^ clkbuf_0_clk_i_regs/A (sky130_fd_sc_hd__clkbuf_16)
     2    0.018710    0.065828    0.211749    0.390970 ^ clkbuf_0_clk_i_regs/X (sky130_fd_sc_hd__clkbuf_16)
                                                         clknet_0_clk_i_regs (net)
                      0.065828    0.000157    0.391127 ^ clkbuf_1_0__f_clk_i_regs/A (sky130_fd_sc_hd__clkbuf_16)
     2    0.004874    0.047631    0.196001    0.587128 ^ clkbuf_1_0__f_clk_i_regs/X (sky130_fd_sc_hd__clkbuf_16)
                                                         clknet_1_0__leaf_clk_i_regs (net)
                      0.047631    0.000053    0.587180 ^ _45_/CLK (sky130_fd_sc_hd__dfstp_2)
     3    0.011627    0.071892    0.729398    1.316579 v _45_/Q (sky130_fd_sc_hd__dfstp_2)
                                                         state_q[0] (net)
                      0.071892    0.000379    1.316958 v _23_/B (sky130_fd_sc_hd__and3_2)
    17    0.080588    0.369728    0.707846    2.024803 v _23_/X (sky130_fd_sc_hd__and3_2)
                                                         axi_awready_o (net)
                      0.369728    0.001465    2.026269 v axi_awready_o (out)
                                              2.026269   data arrival time

                                  0.000000    0.000000   clock clk_i (rise edge)
                                  0.000000    0.000000   clock network delay (propagated)
                                  0.250000    0.250000   clock uncertainty
                                  0.000000    0.250000   clock reconvergence pessimism
                                 -2.000000   -1.750000   output external delay
                                             -1.750000   data required time
---------------------------------------------------------------------------------------------
                                             -1.750000   data required time
                                             -2.026269   data arrival time
---------------------------------------------------------------------------------------------
                                              3.776269   slack (MET)


Startpoint: _45_ (rising edge-triggered flip-flop clocked by clk_i)
Endpoint: axi_arready_o (output port clocked by clk_i)
Path Group: clk_i
Path Type: min

Fanout         Cap        Slew       Delay        Time   Description
---------------------------------------------------------------------------------------------
                                  0.000000    0.000000   clock clk_i (rise edge)
                                  0.000000    0.000000   clock source latency
     2    0.073694    0.000000    0.000000    0.000000 ^ clk_i (in)
                                                         clk_i (net)
                      0.005402    0.002701    0.002701 ^ clkbuf_regs_0_clk_i/A (sky130_fd_sc_hd__clkbuf_16)
     1    0.008368    0.052169    0.176432    0.179133 ^ clkbuf_regs_0_clk_i/X (sky130_fd_sc_hd__clkbuf_16)
                                                         clk_i_regs (net)
                      0.052169    0.000088    0.179222 ^ clkbuf_0_clk_i_regs/A (sky130_fd_sc_hd__clkbuf_16)
     2    0.018710    0.065828    0.211749    0.390970 ^ clkbuf_0_clk_i_regs/X (sky130_fd_sc_hd__clkbuf_16)
                                                         clknet_0_clk_i_regs (net)
                      0.065828    0.000157    0.391127 ^ clkbuf_1_0__f_clk_i_regs/A (sky130_fd_sc_hd__clkbuf_16)
     2    0.004874    0.047631    0.196001    0.587128 ^ clkbuf_1_0__f_clk_i_regs/X (sky130_fd_sc_hd__clkbuf_16)
                                                         clknet_1_0__leaf_clk_i_regs (net)
                      0.047631    0.000053    0.587180 ^ _45_/CLK (sky130_fd_sc_hd__dfstp_2)
     3    0.011627    0.071892    0.729398    1.316579 v _45_/Q (sky130_fd_sc_hd__dfstp_2)
                                                         state_q[0] (net)
                      0.071892    0.000356    1.316935 v _25_/A (sky130_fd_sc_hd__and2_2)
    11    0.056008    0.274592    0.563345    1.880280 v _25_/X (sky130_fd_sc_hd__and2_2)
                                                         _08_ (net)
                      0.274593    0.001110    1.881389 v _26_/B (sky130_fd_sc_hd__and2_2)
     1    0.001391    0.060095    0.479611    2.361000 v _26_/X (sky130_fd_sc_hd__and2_2)
                                                         axi_arready_o (net)
                      0.060095    0.000007    2.361008 v axi_arready_o (out)
                                              2.361008   data arrival time

                                  0.000000    0.000000   clock clk_i (rise edge)
                                  0.000000    0.000000   clock network delay (propagated)
                                  0.250000    0.250000   clock uncertainty
                                  0.000000    0.250000   clock reconvergence pessimism
                                 -2.000000   -1.750000   output external delay
                                             -1.750000   data required time
---------------------------------------------------------------------------------------------
                                             -1.750000   data required time
                                             -2.361008   data arrival time
---------------------------------------------------------------------------------------------
                                              4.111008   slack (MET)


Startpoint: _45_ (rising edge-triggered flip-flop clocked by clk_i)
Endpoint: axi_wready_o (output port clocked by clk_i)
Path Group: clk_i
Path Type: min

Fanout         Cap        Slew       Delay        Time   Description
---------------------------------------------------------------------------------------------
                                  0.000000    0.000000   clock clk_i (rise edge)
                                  0.000000    0.000000   clock source latency
     2    0.073694    0.000000    0.000000    0.000000 ^ clk_i (in)
                                                         clk_i (net)
                      0.005402    0.002701    0.002701 ^ clkbuf_regs_0_clk_i/A (sky130_fd_sc_hd__clkbuf_16)
     1    0.008368    0.052169    0.176432    0.179133 ^ clkbuf_regs_0_clk_i/X (sky130_fd_sc_hd__clkbuf_16)
                                                         clk_i_regs (net)
                      0.052169    0.000088    0.179222 ^ clkbuf_0_clk_i_regs/A (sky130_fd_sc_hd__clkbuf_16)
     2    0.018710    0.065828    0.211749    0.390970 ^ clkbuf_0_clk_i_regs/X (sky130_fd_sc_hd__clkbuf_16)
                                                         clknet_0_clk_i_regs (net)
                      0.065828    0.000157    0.391127 ^ clkbuf_1_0__f_clk_i_regs/A (sky130_fd_sc_hd__clkbuf_16)
     2    0.004874    0.047631    0.196001    0.587128 ^ clkbuf_1_0__f_clk_i_regs/X (sky130_fd_sc_hd__clkbuf_16)
                                                         clknet_1_0__leaf_clk_i_regs (net)
                      0.047631    0.000053    0.587180 ^ _45_/CLK (sky130_fd_sc_hd__dfstp_2)
     3    0.011627    0.071892    0.729398    1.316579 v _45_/Q (sky130_fd_sc_hd__dfstp_2)
                                                         state_q[0] (net)
                      0.071892    0.000379    1.316958 v _23_/B (sky130_fd_sc_hd__and3_2)
    17    0.080588    0.369728    0.707846    2.024803 v _23_/X (sky130_fd_sc_hd__and3_2)
                                                         axi_awready_o (net)
                      0.369736    0.002602    2.027406 v _62_/A (sky130_fd_sc_hd__buf_2)
     1    0.001252    0.039235    0.353965    2.381371 v _62_/X (sky130_fd_sc_hd__buf_2)
                                                         axi_wready_o (net)
                      0.039235    0.000006    2.381377 v axi_wready_o (out)
                                              2.381377   data arrival time

                                  0.000000    0.000000   clock clk_i (rise edge)
                                  0.000000    0.000000   clock network delay (propagated)
                                  0.250000    0.250000   clock uncertainty
                                  0.000000    0.250000   clock reconvergence pessimism
                                 -2.000000   -1.750000   output external delay
                                             -1.750000   data required time
---------------------------------------------------------------------------------------------
                                             -1.750000   data required time
                                             -2.381377   data arrival time
---------------------------------------------------------------------------------------------
                                              4.131377   slack (MET)


Startpoint: u_sram (falling edge-triggered flip-flop clocked by clk_i)
Endpoint: axi_rdata_o[25] (output port clocked by clk_i)
Path Group: clk_i
Path Type: min

Fanout         Cap        Slew       Delay        Time   Description
---------------------------------------------------------------------------------------------
                                 10.000000   10.000000   clock clk_i (fall edge)
                                  0.000000   10.000000   clock source latency
     2    0.071922    0.000000    0.000000   10.000000 v clk_i (in)
                                                         clk_i (net)
                      0.008305    0.004152   10.004152 v clkbuf_0_clk_i/A (sky130_fd_sc_hd__clkbuf_16)
     2    0.036779    0.073748    0.248130   10.252282 v clkbuf_0_clk_i/X (sky130_fd_sc_hd__clkbuf_16)
                                                         clknet_0_clk_i (net)
                      0.073766    0.001132   10.253413 v clkbuf_1_0__f_clk_i/A (sky130_fd_sc_hd__clkbuf_16)
     1    0.060543    0.093474    0.295804   10.549218 v clkbuf_1_0__f_clk_i/X (sky130_fd_sc_hd__clkbuf_16)
                                                         clknet_1_0__leaf_clk_i (net)
                      0.129325    0.013999   10.563217 v u_sram/clk0 (sky130_sram_1kbyte_1rw1r_32x256_8)
     1    0.006338    0.004680    0.364905   10.928122 ^ u_sram/dout0[25] (sky130_sram_1kbyte_1rw1r_32x256_8)
                                                         axi_rdata_o[25] (net)
                      0.003510    0.000044   10.928166 ^ axi_rdata_o[25] (out)
                                             10.928166   data arrival time

                                  0.000000    0.000000   clock clk_i (rise edge)
                                  0.000000    0.000000   clock network delay (propagated)
                                  0.250000    0.250000   clock uncertainty
                                  0.000000    0.250000   clock reconvergence pessimism
                                 -2.000000   -1.750000   output external delay
                                             -1.750000   data required time
---------------------------------------------------------------------------------------------
                                             -1.750000   data required time
                                            -10.928166   data arrival time
---------------------------------------------------------------------------------------------
                                             12.678166   slack (MET)


Startpoint: u_sram (falling edge-triggered flip-flop clocked by clk_i)
Endpoint: axi_rdata_o[30] (output port clocked by clk_i)
Path Group: clk_i
Path Type: min

Fanout         Cap        Slew       Delay        Time   Description
---------------------------------------------------------------------------------------------
                                 10.000000   10.000000   clock clk_i (fall edge)
                                  0.000000   10.000000   clock source latency
     2    0.071922    0.000000    0.000000   10.000000 v clk_i (in)
                                                         clk_i (net)
                      0.008305    0.004152   10.004152 v clkbuf_0_clk_i/A (sky130_fd_sc_hd__clkbuf_16)
     2    0.036779    0.073748    0.248130   10.252282 v clkbuf_0_clk_i/X (sky130_fd_sc_hd__clkbuf_16)
                                                         clknet_0_clk_i (net)
                      0.073766    0.001132   10.253413 v clkbuf_1_0__f_clk_i/A (sky130_fd_sc_hd__clkbuf_16)
     1    0.060543    0.093474    0.295804   10.549218 v clkbuf_1_0__f_clk_i/X (sky130_fd_sc_hd__clkbuf_16)
                                                         clknet_1_0__leaf_clk_i (net)
                      0.129325    0.013999   10.563217 v u_sram/clk0 (sky130_sram_1kbyte_1rw1r_32x256_8)
     1    0.006338    0.004680    0.364905   10.928122 ^ u_sram/dout0[30] (sky130_sram_1kbyte_1rw1r_32x256_8)
                                                         axi_rdata_o[30] (net)
                      0.003510    0.000044   10.928166 ^ axi_rdata_o[30] (out)
                                             10.928166   data arrival time

                                  0.000000    0.000000   clock clk_i (rise edge)
                                  0.000000    0.000000   clock network delay (propagated)
                                  0.250000    0.250000   clock uncertainty
                                  0.000000    0.250000   clock reconvergence pessimism
                                 -2.000000   -1.750000   output external delay
                                             -1.750000   data required time
---------------------------------------------------------------------------------------------
                                             -1.750000   data required time
                                            -10.928166   data arrival time
---------------------------------------------------------------------------------------------
                                             12.678166   slack (MET)


Startpoint: u_sram (falling edge-triggered flip-flop clocked by clk_i)
Endpoint: axi_rdata_o[27] (output port clocked by clk_i)
Path Group: clk_i
Path Type: min

Fanout         Cap        Slew       Delay        Time   Description
---------------------------------------------------------------------------------------------
                                 10.000000   10.000000   clock clk_i (fall edge)
                                  0.000000   10.000000   clock source latency
     2    0.071922    0.000000    0.000000   10.000000 v clk_i (in)
                                                         clk_i (net)
                      0.008305    0.004152   10.004152 v clkbuf_0_clk_i/A (sky130_fd_sc_hd__clkbuf_16)
     2    0.036779    0.073748    0.248130   10.252282 v clkbuf_0_clk_i/X (sky130_fd_sc_hd__clkbuf_16)
                                                         clknet_0_clk_i (net)
                      0.073766    0.001132   10.253413 v clkbuf_1_0__f_clk_i/A (sky130_fd_sc_hd__clkbuf_16)
     1    0.060543    0.093474    0.295804   10.549218 v clkbuf_1_0__f_clk_i/X (sky130_fd_sc_hd__clkbuf_16)
                                                         clknet_1_0__leaf_clk_i (net)
                      0.129325    0.013999   10.563217 v u_sram/clk0 (sky130_sram_1kbyte_1rw1r_32x256_8)
     1    0.006342    0.004682    0.364924   10.928142 ^ u_sram/dout0[27] (sky130_sram_1kbyte_1rw1r_32x256_8)
                                                         axi_rdata_o[27] (net)
                      0.003511    0.000044   10.928185 ^ axi_rdata_o[27] (out)
                                             10.928185   data arrival time

                                  0.000000    0.000000   clock clk_i (rise edge)
                                  0.000000    0.000000   clock network delay (propagated)
                                  0.250000    0.250000   clock uncertainty
                                  0.000000    0.250000   clock reconvergence pessimism
                                 -2.000000   -1.750000   output external delay
                                             -1.750000   data required time
---------------------------------------------------------------------------------------------
                                             -1.750000   data required time
                                            -10.928185   data arrival time
---------------------------------------------------------------------------------------------
                                             12.678186   slack (MET)


Startpoint: u_sram (falling edge-triggered flip-flop clocked by clk_i)
Endpoint: axi_rdata_o[28] (output port clocked by clk_i)
Path Group: clk_i
Path Type: min

Fanout         Cap        Slew       Delay        Time   Description
---------------------------------------------------------------------------------------------
                                 10.000000   10.000000   clock clk_i (fall edge)
                                  0.000000   10.000000   clock source latency
     2    0.071922    0.000000    0.000000   10.000000 v clk_i (in)
                                                         clk_i (net)
                      0.008305    0.004152   10.004152 v clkbuf_0_clk_i/A (sky130_fd_sc_hd__clkbuf_16)
     2    0.036779    0.073748    0.248130   10.252282 v clkbuf_0_clk_i/X (sky130_fd_sc_hd__clkbuf_16)
                                                         clknet_0_clk_i (net)
                      0.073766    0.001132   10.253413 v clkbuf_1_0__f_clk_i/A (sky130_fd_sc_hd__clkbuf_16)
     1    0.060543    0.093474    0.295804   10.549218 v clkbuf_1_0__f_clk_i/X (sky130_fd_sc_hd__clkbuf_16)
                                                         clknet_1_0__leaf_clk_i (net)
                      0.129325    0.013999   10.563217 v u_sram/clk0 (sky130_sram_1kbyte_1rw1r_32x256_8)
     1    0.006354    0.004689    0.364990   10.928207 ^ u_sram/dout0[28] (sky130_sram_1kbyte_1rw1r_32x256_8)
                                                         axi_rdata_o[28] (net)
                      0.003516    0.000044   10.928251 ^ axi_rdata_o[28] (out)
                                             10.928251   data arrival time

                                  0.000000    0.000000   clock clk_i (rise edge)
                                  0.000000    0.000000   clock network delay (propagated)
                                  0.250000    0.250000   clock uncertainty
                                  0.000000    0.250000   clock reconvergence pessimism
                                 -2.000000   -1.750000   output external delay
                                             -1.750000   data required time
---------------------------------------------------------------------------------------------
                                             -1.750000   data required time
                                            -10.928251   data arrival time
---------------------------------------------------------------------------------------------
                                             12.678251   slack (MET)


Startpoint: u_sram (falling edge-triggered flip-flop clocked by clk_i)
Endpoint: axi_rdata_o[26] (output port clocked by clk_i)
Path Group: clk_i
Path Type: min

Fanout         Cap        Slew       Delay        Time   Description
---------------------------------------------------------------------------------------------
                                 10.000000   10.000000   clock clk_i (fall edge)
                                  0.000000   10.000000   clock source latency
     2    0.071922    0.000000    0.000000   10.000000 v clk_i (in)
                                                         clk_i (net)
                      0.008305    0.004152   10.004152 v clkbuf_0_clk_i/A (sky130_fd_sc_hd__clkbuf_16)
     2    0.036779    0.073748    0.248130   10.252282 v clkbuf_0_clk_i/X (sky130_fd_sc_hd__clkbuf_16)
                                                         clknet_0_clk_i (net)
                      0.073766    0.001132   10.253413 v clkbuf_1_0__f_clk_i/A (sky130_fd_sc_hd__clkbuf_16)
     1    0.060543    0.093474    0.295804   10.549218 v clkbuf_1_0__f_clk_i/X (sky130_fd_sc_hd__clkbuf_16)
                                                         clknet_1_0__leaf_clk_i (net)
                      0.129325    0.013999   10.563217 v u_sram/clk0 (sky130_sram_1kbyte_1rw1r_32x256_8)
     1    0.006357    0.004691    0.365008   10.928226 ^ u_sram/dout0[26] (sky130_sram_1kbyte_1rw1r_32x256_8)
                                                         axi_rdata_o[26] (net)
                      0.003518    0.000044   10.928270 ^ axi_rdata_o[26] (out)
                                             10.928270   data arrival time

                                  0.000000    0.000000   clock clk_i (rise edge)
                                  0.000000    0.000000   clock network delay (propagated)
                                  0.250000    0.250000   clock uncertainty
                                  0.000000    0.250000   clock reconvergence pessimism
                                 -2.000000   -1.750000   output external delay
                                             -1.750000   data required time
---------------------------------------------------------------------------------------------
                                             -1.750000   data required time
                                            -10.928270   data arrival time
---------------------------------------------------------------------------------------------
                                             12.678270   slack (MET)


Startpoint: u_sram (falling edge-triggered flip-flop clocked by clk_i)
Endpoint: axi_rdata_o[31] (output port clocked by clk_i)
Path Group: clk_i
Path Type: min

Fanout         Cap        Slew       Delay        Time   Description
---------------------------------------------------------------------------------------------
                                 10.000000   10.000000   clock clk_i (fall edge)
                                  0.000000   10.000000   clock source latency
     2    0.071922    0.000000    0.000000   10.000000 v clk_i (in)
                                                         clk_i (net)
                      0.008305    0.004152   10.004152 v clkbuf_0_clk_i/A (sky130_fd_sc_hd__clkbuf_16)
     2    0.036779    0.073748    0.248130   10.252282 v clkbuf_0_clk_i/X (sky130_fd_sc_hd__clkbuf_16)
                                                         clknet_0_clk_i (net)
                      0.073766    0.001132   10.253413 v clkbuf_1_0__f_clk_i/A (sky130_fd_sc_hd__clkbuf_16)
     1    0.060543    0.093474    0.295804   10.549218 v clkbuf_1_0__f_clk_i/X (sky130_fd_sc_hd__clkbuf_16)
                                                         clknet_1_0__leaf_clk_i (net)
                      0.129325    0.013999   10.563217 v u_sram/clk0 (sky130_sram_1kbyte_1rw1r_32x256_8)
     1    0.006357    0.004691    0.365008   10.928226 ^ u_sram/dout0[31] (sky130_sram_1kbyte_1rw1r_32x256_8)
                                                         axi_rdata_o[31] (net)
                      0.003518    0.000044   10.928270 ^ axi_rdata_o[31] (out)
                                             10.928270   data arrival time

                                  0.000000    0.000000   clock clk_i (rise edge)
                                  0.000000    0.000000   clock network delay (propagated)
                                  0.250000    0.250000   clock uncertainty
                                  0.000000    0.250000   clock reconvergence pessimism
                                 -2.000000   -1.750000   output external delay
                                             -1.750000   data required time
---------------------------------------------------------------------------------------------
                                             -1.750000   data required time
                                            -10.928270   data arrival time
---------------------------------------------------------------------------------------------
                                             12.678270   slack (MET)


Startpoint: u_sram (falling edge-triggered flip-flop clocked by clk_i)
Endpoint: axi_rdata_o[29] (output port clocked by clk_i)
Path Group: clk_i
Path Type: min

Fanout         Cap        Slew       Delay        Time   Description
---------------------------------------------------------------------------------------------
                                 10.000000   10.000000   clock clk_i (fall edge)
                                  0.000000   10.000000   clock source latency
     2    0.071922    0.000000    0.000000   10.000000 v clk_i (in)
                                                         clk_i (net)
                      0.008305    0.004152   10.004152 v clkbuf_0_clk_i/A (sky130_fd_sc_hd__clkbuf_16)
     2    0.036779    0.073748    0.248130   10.252282 v clkbuf_0_clk_i/X (sky130_fd_sc_hd__clkbuf_16)
                                                         clknet_0_clk_i (net)
                      0.073766    0.001132   10.253413 v clkbuf_1_0__f_clk_i/A (sky130_fd_sc_hd__clkbuf_16)
     1    0.060543    0.093474    0.295804   10.549218 v clkbuf_1_0__f_clk_i/X (sky130_fd_sc_hd__clkbuf_16)
                                                         clknet_1_0__leaf_clk_i (net)
                      0.129325    0.013999   10.563217 v u_sram/clk0 (sky130_sram_1kbyte_1rw1r_32x256_8)
     1    0.006383    0.004705    0.365152   10.928370 ^ u_sram/dout0[29] (sky130_sram_1kbyte_1rw1r_32x256_8)
                                                         axi_rdata_o[29] (net)
                      0.003529    0.000045   10.928415 ^ axi_rdata_o[29] (out)
                                             10.928415   data arrival time

                                  0.000000    0.000000   clock clk_i (rise edge)
                                  0.000000    0.000000   clock network delay (propagated)
                                  0.250000    0.250000   clock uncertainty
                                  0.000000    0.250000   clock reconvergence pessimism
                                 -2.000000   -1.750000   output external delay
                                             -1.750000   data required time
---------------------------------------------------------------------------------------------
                                             -1.750000   data required time
                                            -10.928415   data arrival time
---------------------------------------------------------------------------------------------
                                             12.678415   slack (MET)


Startpoint: u_sram (falling edge-triggered flip-flop clocked by clk_i)
Endpoint: axi_rdata_o[21] (output port clocked by clk_i)
Path Group: clk_i
Path Type: min

Fanout         Cap        Slew       Delay        Time   Description
---------------------------------------------------------------------------------------------
                                 10.000000   10.000000   clock clk_i (fall edge)
                                  0.000000   10.000000   clock source latency
     2    0.071922    0.000000    0.000000   10.000000 v clk_i (in)
                                                         clk_i (net)
                      0.008305    0.004152   10.004152 v clkbuf_0_clk_i/A (sky130_fd_sc_hd__clkbuf_16)
     2    0.036779    0.073748    0.248130   10.252282 v clkbuf_0_clk_i/X (sky130_fd_sc_hd__clkbuf_16)
                                                         clknet_0_clk_i (net)
                      0.073766    0.001132   10.253413 v clkbuf_1_0__f_clk_i/A (sky130_fd_sc_hd__clkbuf_16)
     1    0.060543    0.093474    0.295804   10.549218 v clkbuf_1_0__f_clk_i/X (sky130_fd_sc_hd__clkbuf_16)
                                                         clknet_1_0__leaf_clk_i (net)
                      0.129325    0.013999   10.563217 v u_sram/clk0 (sky130_sram_1kbyte_1rw1r_32x256_8)
     1    0.006440    0.004739    0.365472   10.928689 ^ u_sram/dout0[21] (sky130_sram_1kbyte_1rw1r_32x256_8)
                                                         axi_rdata_o[21] (net)
                      0.003554    0.000046   10.928736 ^ axi_rdata_o[21] (out)
                                             10.928736   data arrival time

                                  0.000000    0.000000   clock clk_i (rise edge)
                                  0.000000    0.000000   clock network delay (propagated)
                                  0.250000    0.250000   clock uncertainty
                                  0.000000    0.250000   clock reconvergence pessimism
                                 -2.000000   -1.750000   output external delay
                                             -1.750000   data required time
---------------------------------------------------------------------------------------------
                                             -1.750000   data required time
                                            -10.928736   data arrival time
---------------------------------------------------------------------------------------------
                                             12.678736   slack (MET)


Startpoint: u_sram (falling edge-triggered flip-flop clocked by clk_i)
Endpoint: axi_rdata_o[9] (output port clocked by clk_i)
Path Group: clk_i
Path Type: min

Fanout         Cap        Slew       Delay        Time   Description
---------------------------------------------------------------------------------------------
                                 10.000000   10.000000   clock clk_i (fall edge)
                                  0.000000   10.000000   clock source latency
     2    0.071922    0.000000    0.000000   10.000000 v clk_i (in)
                                                         clk_i (net)
                      0.008305    0.004152   10.004152 v clkbuf_0_clk_i/A (sky130_fd_sc_hd__clkbuf_16)
     2    0.036779    0.073748    0.248130   10.252282 v clkbuf_0_clk_i/X (sky130_fd_sc_hd__clkbuf_16)
                                                         clknet_0_clk_i (net)
                      0.073766    0.001132   10.253413 v clkbuf_1_0__f_clk_i/A (sky130_fd_sc_hd__clkbuf_16)
     1    0.060543    0.093474    0.295804   10.549218 v clkbuf_1_0__f_clk_i/X (sky130_fd_sc_hd__clkbuf_16)
                                                         clknet_1_0__leaf_clk_i (net)
                      0.129325    0.013999   10.563217 v u_sram/clk0 (sky130_sram_1kbyte_1rw1r_32x256_8)
     1    0.006494    0.004770    0.365776   10.928993 ^ u_sram/dout0[9] (sky130_sram_1kbyte_1rw1r_32x256_8)
                                                         axi_rdata_o[9] (net)
                      0.003577    0.000046   10.929039 ^ axi_rdata_o[9] (out)
                                             10.929039   data arrival time

                                  0.000000    0.000000   clock clk_i (rise edge)
                                  0.000000    0.000000   clock network delay (propagated)
                                  0.250000    0.250000   clock uncertainty
                                  0.000000    0.250000   clock reconvergence pessimism
                                 -2.000000   -1.750000   output external delay
                                             -1.750000   data required time
---------------------------------------------------------------------------------------------
                                             -1.750000   data required time
                                            -10.929039   data arrival time
---------------------------------------------------------------------------------------------
                                             12.679040   slack (MET)


Startpoint: u_sram (falling edge-triggered flip-flop clocked by clk_i)
Endpoint: axi_rdata_o[13] (output port clocked by clk_i)
Path Group: clk_i
Path Type: min

Fanout         Cap        Slew       Delay        Time   Description
---------------------------------------------------------------------------------------------
                                 10.000000   10.000000   clock clk_i (fall edge)
                                  0.000000   10.000000   clock source latency
     2    0.071922    0.000000    0.000000   10.000000 v clk_i (in)
                                                         clk_i (net)
                      0.008305    0.004152   10.004152 v clkbuf_0_clk_i/A (sky130_fd_sc_hd__clkbuf_16)
     2    0.036779    0.073748    0.248130   10.252282 v clkbuf_0_clk_i/X (sky130_fd_sc_hd__clkbuf_16)
                                                         clknet_0_clk_i (net)
                      0.073766    0.001132   10.253413 v clkbuf_1_0__f_clk_i/A (sky130_fd_sc_hd__clkbuf_16)
     1    0.060543    0.093474    0.295804   10.549218 v clkbuf_1_0__f_clk_i/X (sky130_fd_sc_hd__clkbuf_16)
                                                         clknet_1_0__leaf_clk_i (net)
                      0.129325    0.013999   10.563217 v u_sram/clk0 (sky130_sram_1kbyte_1rw1r_32x256_8)
     1    0.007692    0.005427    0.372502   10.935719 ^ u_sram/dout0[13] (sky130_sram_1kbyte_1rw1r_32x256_8)
                                                         axi_rdata_o[13] (net)
                      0.004070    0.000064   10.935783 ^ axi_rdata_o[13] (out)
                                             10.935783   data arrival time

                                  0.000000    0.000000   clock clk_i (rise edge)
                                  0.000000    0.000000   clock network delay (propagated)
                                  0.250000    0.250000   clock uncertainty
                                  0.000000    0.250000   clock reconvergence pessimism
                                 -2.000000   -1.750000   output external delay
                                             -1.750000   data required time
---------------------------------------------------------------------------------------------
                                             -1.750000   data required time
                                            -10.935783   data arrival time
---------------------------------------------------------------------------------------------
                                             12.685783   slack (MET)


Startpoint: u_sram (falling edge-triggered flip-flop clocked by clk_i)
Endpoint: axi_rdata_o[22] (output port clocked by clk_i)
Path Group: clk_i
Path Type: min

Fanout         Cap        Slew       Delay        Time   Description
---------------------------------------------------------------------------------------------
                                 10.000000   10.000000   clock clk_i (fall edge)
                                  0.000000   10.000000   clock source latency
     2    0.071922    0.000000    0.000000   10.000000 v clk_i (in)
                                                         clk_i (net)
                      0.008305    0.004152   10.004152 v clkbuf_0_clk_i/A (sky130_fd_sc_hd__clkbuf_16)
     2    0.036779    0.073748    0.248130   10.252282 v clkbuf_0_clk_i/X (sky130_fd_sc_hd__clkbuf_16)
                                                         clknet_0_clk_i (net)
                      0.073766    0.001132   10.253413 v clkbuf_1_0__f_clk_i/A (sky130_fd_sc_hd__clkbuf_16)
     1    0.060543    0.093474    0.295804   10.549218 v clkbuf_1_0__f_clk_i/X (sky130_fd_sc_hd__clkbuf_16)
                                                         clknet_1_0__leaf_clk_i (net)
                      0.129325    0.013999   10.563217 v u_sram/clk0 (sky130_sram_1kbyte_1rw1r_32x256_8)
     1    0.007700    0.005431    0.372546   10.935762 ^ u_sram/dout0[22] (sky130_sram_1kbyte_1rw1r_32x256_8)
                                                         axi_rdata_o[22] (net)
                      0.004073    0.000064   10.935826 ^ axi_rdata_o[22] (out)
                                             10.935826   data arrival time

                                  0.000000    0.000000   clock clk_i (rise edge)
                                  0.000000    0.000000   clock network delay (propagated)
                                  0.250000    0.250000   clock uncertainty
                                  0.000000    0.250000   clock reconvergence pessimism
                                 -2.000000   -1.750000   output external delay
                                             -1.750000   data required time
---------------------------------------------------------------------------------------------
                                             -1.750000   data required time
                                            -10.935826   data arrival time
---------------------------------------------------------------------------------------------
                                             12.685827   slack (MET)


Startpoint: u_sram (falling edge-triggered flip-flop clocked by clk_i)
Endpoint: axi_rdata_o[12] (output port clocked by clk_i)
Path Group: clk_i
Path Type: min

Fanout         Cap        Slew       Delay        Time   Description
---------------------------------------------------------------------------------------------
                                 10.000000   10.000000   clock clk_i (fall edge)
                                  0.000000   10.000000   clock source latency
     2    0.071922    0.000000    0.000000   10.000000 v clk_i (in)
                                                         clk_i (net)
                      0.008305    0.004152   10.004152 v clkbuf_0_clk_i/A (sky130_fd_sc_hd__clkbuf_16)
     2    0.036779    0.073748    0.248130   10.252282 v clkbuf_0_clk_i/X (sky130_fd_sc_hd__clkbuf_16)
                                                         clknet_0_clk_i (net)
                      0.073766    0.001132   10.253413 v clkbuf_1_0__f_clk_i/A (sky130_fd_sc_hd__clkbuf_16)
     1    0.060543    0.093474    0.295804   10.549218 v clkbuf_1_0__f_clk_i/X (sky130_fd_sc_hd__clkbuf_16)
                                                         clknet_1_0__leaf_clk_i (net)
                      0.129325    0.013999   10.563217 v u_sram/clk0 (sky130_sram_1kbyte_1rw1r_32x256_8)
     1    0.007745    0.005455    0.372798   10.936015 ^ u_sram/dout0[12] (sky130_sram_1kbyte_1rw1r_32x256_8)
                                                         axi_rdata_o[12] (net)
                      0.004091    0.000065   10.936080 ^ axi_rdata_o[12] (out)
                                             10.936080   data arrival time

                                  0.000000    0.000000   clock clk_i (rise edge)
                                  0.000000    0.000000   clock network delay (propagated)
                                  0.250000    0.250000   clock uncertainty
                                  0.000000    0.250000   clock reconvergence pessimism
                                 -2.000000   -1.750000   output external delay
                                             -1.750000   data required time
---------------------------------------------------------------------------------------------
                                             -1.750000   data required time
                                            -10.936080   data arrival time
---------------------------------------------------------------------------------------------
                                             12.686080   slack (MET)


Startpoint: u_sram (falling edge-triggered flip-flop clocked by clk_i)
Endpoint: axi_rdata_o[11] (output port clocked by clk_i)
Path Group: clk_i
Path Type: min

Fanout         Cap        Slew       Delay        Time   Description
---------------------------------------------------------------------------------------------
                                 10.000000   10.000000   clock clk_i (fall edge)
                                  0.000000   10.000000   clock source latency
     2    0.071922    0.000000    0.000000   10.000000 v clk_i (in)
                                                         clk_i (net)
                      0.008305    0.004152   10.004152 v clkbuf_0_clk_i/A (sky130_fd_sc_hd__clkbuf_16)
     2    0.036779    0.073748    0.248130   10.252282 v clkbuf_0_clk_i/X (sky130_fd_sc_hd__clkbuf_16)
                                                         clknet_0_clk_i (net)
                      0.073766    0.001132   10.253413 v clkbuf_1_0__f_clk_i/A (sky130_fd_sc_hd__clkbuf_16)
     1    0.060543    0.093474    0.295804   10.549218 v clkbuf_1_0__f_clk_i/X (sky130_fd_sc_hd__clkbuf_16)
                                                         clknet_1_0__leaf_clk_i (net)
                      0.129325    0.013999   10.563217 v u_sram/clk0 (sky130_sram_1kbyte_1rw1r_32x256_8)
     1    0.007756    0.005461    0.372862   10.936079 ^ u_sram/dout0[11] (sky130_sram_1kbyte_1rw1r_32x256_8)
                                                         axi_rdata_o[11] (net)
                      0.004096    0.000066   10.936145 ^ axi_rdata_o[11] (out)
                                             10.936145   data arrival time

                                  0.000000    0.000000   clock clk_i (rise edge)
                                  0.000000    0.000000   clock network delay (propagated)
                                  0.250000    0.250000   clock uncertainty
                                  0.000000    0.250000   clock reconvergence pessimism
                                 -2.000000   -1.750000   output external delay
                                             -1.750000   data required time
---------------------------------------------------------------------------------------------
                                             -1.750000   data required time
                                            -10.936145   data arrival time
---------------------------------------------------------------------------------------------
                                             12.686145   slack (MET)


Startpoint: u_sram (falling edge-triggered flip-flop clocked by clk_i)
Endpoint: axi_rdata_o[19] (output port clocked by clk_i)
Path Group: clk_i
Path Type: min

Fanout         Cap        Slew       Delay        Time   Description
---------------------------------------------------------------------------------------------
                                 10.000000   10.000000   clock clk_i (fall edge)
                                  0.000000   10.000000   clock source latency
     2    0.071922    0.000000    0.000000   10.000000 v clk_i (in)
                                                         clk_i (net)
                      0.008305    0.004152   10.004152 v clkbuf_0_clk_i/A (sky130_fd_sc_hd__clkbuf_16)
     2    0.036779    0.073748    0.248130   10.252282 v clkbuf_0_clk_i/X (sky130_fd_sc_hd__clkbuf_16)
                                                         clknet_0_clk_i (net)
                      0.073766    0.001132   10.253413 v clkbuf_1_0__f_clk_i/A (sky130_fd_sc_hd__clkbuf_16)
     1    0.060543    0.093474    0.295804   10.549218 v clkbuf_1_0__f_clk_i/X (sky130_fd_sc_hd__clkbuf_16)
                                                         clknet_1_0__leaf_clk_i (net)
                      0.129325    0.013999   10.563217 v u_sram/clk0 (sky130_sram_1kbyte_1rw1r_32x256_8)
     1    0.007762    0.005464    0.372896   10.936112 ^ u_sram/dout0[19] (sky130_sram_1kbyte_1rw1r_32x256_8)
                                                         axi_rdata_o[19] (net)
                      0.004098    0.000069   10.936182 ^ axi_rdata_o[19] (out)
                                             10.936182   data arrival time

                                  0.000000    0.000000   clock clk_i (rise edge)
                                  0.000000    0.000000   clock network delay (propagated)
                                  0.250000    0.250000   clock uncertainty
                                  0.000000    0.250000   clock reconvergence pessimism
                                 -2.000000   -1.750000   output external delay
                                             -1.750000   data required time
---------------------------------------------------------------------------------------------
                                             -1.750000   data required time
                                            -10.936182   data arrival time
---------------------------------------------------------------------------------------------
                                             12.686182   slack (MET)


Startpoint: u_sram (falling edge-triggered flip-flop clocked by clk_i)
Endpoint: axi_rdata_o[15] (output port clocked by clk_i)
Path Group: clk_i
Path Type: min

Fanout         Cap        Slew       Delay        Time   Description
---------------------------------------------------------------------------------------------
                                 10.000000   10.000000   clock clk_i (fall edge)
                                  0.000000   10.000000   clock source latency
     2    0.071922    0.000000    0.000000   10.000000 v clk_i (in)
                                                         clk_i (net)
                      0.008305    0.004152   10.004152 v clkbuf_0_clk_i/A (sky130_fd_sc_hd__clkbuf_16)
     2    0.036779    0.073748    0.248130   10.252282 v clkbuf_0_clk_i/X (sky130_fd_sc_hd__clkbuf_16)
                                                         clknet_0_clk_i (net)
                      0.073766    0.001132   10.253413 v clkbuf_1_0__f_clk_i/A (sky130_fd_sc_hd__clkbuf_16)
     1    0.060543    0.093474    0.295804   10.549218 v clkbuf_1_0__f_clk_i/X (sky130_fd_sc_hd__clkbuf_16)
                                                         clknet_1_0__leaf_clk_i (net)
                      0.129325    0.013999   10.563217 v u_sram/clk0 (sky130_sram_1kbyte_1rw1r_32x256_8)
     1    0.007770    0.005468    0.372939   10.936156 ^ u_sram/dout0[15] (sky130_sram_1kbyte_1rw1r_32x256_8)
                                                         axi_rdata_o[15] (net)
                      0.004101    0.000066   10.936222 ^ axi_rdata_o[15] (out)
                                             10.936222   data arrival time

                                  0.000000    0.000000   clock clk_i (rise edge)
                                  0.000000    0.000000   clock network delay (propagated)
                                  0.250000    0.250000   clock uncertainty
                                  0.000000    0.250000   clock reconvergence pessimism
                                 -2.000000   -1.750000   output external delay
                                             -1.750000   data required time
---------------------------------------------------------------------------------------------
                                             -1.750000   data required time
                                            -10.936222   data arrival time
---------------------------------------------------------------------------------------------
                                             12.686222   slack (MET)


Startpoint: u_sram (falling edge-triggered flip-flop clocked by clk_i)
Endpoint: axi_rdata_o[23] (output port clocked by clk_i)
Path Group: clk_i
Path Type: min

Fanout         Cap        Slew       Delay        Time   Description
---------------------------------------------------------------------------------------------
                                 10.000000   10.000000   clock clk_i (fall edge)
                                  0.000000   10.000000   clock source latency
     2    0.071922    0.000000    0.000000   10.000000 v clk_i (in)
                                                         clk_i (net)
                      0.008305    0.004152   10.004152 v clkbuf_0_clk_i/A (sky130_fd_sc_hd__clkbuf_16)
     2    0.036779    0.073748    0.248130   10.252282 v clkbuf_0_clk_i/X (sky130_fd_sc_hd__clkbuf_16)
                                                         clknet_0_clk_i (net)
                      0.073766    0.001132   10.253413 v clkbuf_1_0__f_clk_i/A (sky130_fd_sc_hd__clkbuf_16)
     1    0.060543    0.093474    0.295804   10.549218 v clkbuf_1_0__f_clk_i/X (sky130_fd_sc_hd__clkbuf_16)
                                                         clknet_1_0__leaf_clk_i (net)
                      0.129325    0.013999   10.563217 v u_sram/clk0 (sky130_sram_1kbyte_1rw1r_32x256_8)
     1    0.007909    0.005542    0.373721   10.936938 ^ u_sram/dout0[23] (sky130_sram_1kbyte_1rw1r_32x256_8)
                                                         axi_rdata_o[23] (net)
                      0.004157    0.000077   10.937016 ^ axi_rdata_o[23] (out)
                                             10.937016   data arrival time

                                  0.000000    0.000000   clock clk_i (rise edge)
                                  0.000000    0.000000   clock network delay (propagated)
                                  0.250000    0.250000   clock uncertainty
                                  0.000000    0.250000   clock reconvergence pessimism
                                 -2.000000   -1.750000   output external delay
                                             -1.750000   data required time
---------------------------------------------------------------------------------------------
                                             -1.750000   data required time
                                            -10.937016   data arrival time
---------------------------------------------------------------------------------------------
                                             12.687016   slack (MET)


Startpoint: u_sram (falling edge-triggered flip-flop clocked by clk_i)
Endpoint: axi_rdata_o[16] (output port clocked by clk_i)
Path Group: clk_i
Path Type: min

Fanout         Cap        Slew       Delay        Time   Description
---------------------------------------------------------------------------------------------
                                 10.000000   10.000000   clock clk_i (fall edge)
                                  0.000000   10.000000   clock source latency
     2    0.071922    0.000000    0.000000   10.000000 v clk_i (in)
                                                         clk_i (net)
                      0.008305    0.004152   10.004152 v clkbuf_0_clk_i/A (sky130_fd_sc_hd__clkbuf_16)
     2    0.036779    0.073748    0.248130   10.252282 v clkbuf_0_clk_i/X (sky130_fd_sc_hd__clkbuf_16)
                                                         clknet_0_clk_i (net)
                      0.073766    0.001132   10.253413 v clkbuf_1_0__f_clk_i/A (sky130_fd_sc_hd__clkbuf_16)
     1    0.060543    0.093474    0.295804   10.549218 v clkbuf_1_0__f_clk_i/X (sky130_fd_sc_hd__clkbuf_16)
                                                         clknet_1_0__leaf_clk_i (net)
                      0.129325    0.013999   10.563217 v u_sram/clk0 (sky130_sram_1kbyte_1rw1r_32x256_8)
     1    0.008214    0.005705    0.375431   10.938648 ^ u_sram/dout0[16] (sky130_sram_1kbyte_1rw1r_32x256_8)
                                                         axi_rdata_o[16] (net)
                      0.004279    0.000071   10.938720 ^ axi_rdata_o[16] (out)
                                             10.938720   data arrival time

                                  0.000000    0.000000   clock clk_i (rise edge)
                                  0.000000    0.000000   clock network delay (propagated)
                                  0.250000    0.250000   clock uncertainty
                                  0.000000    0.250000   clock reconvergence pessimism
                                 -2.000000   -1.750000   output external delay
                                             -1.750000   data required time
---------------------------------------------------------------------------------------------
                                             -1.750000   data required time
                                            -10.938720   data arrival time
---------------------------------------------------------------------------------------------
                                             12.688720   slack (MET)


Startpoint: u_sram (falling edge-triggered flip-flop clocked by clk_i)
Endpoint: axi_rdata_o[1] (output port clocked by clk_i)
Path Group: clk_i
Path Type: min

Fanout         Cap        Slew       Delay        Time   Description
---------------------------------------------------------------------------------------------
                                 10.000000   10.000000   clock clk_i (fall edge)
                                  0.000000   10.000000   clock source latency
     2    0.071922    0.000000    0.000000   10.000000 v clk_i (in)
                                                         clk_i (net)
                      0.008305    0.004152   10.004152 v clkbuf_0_clk_i/A (sky130_fd_sc_hd__clkbuf_16)
     2    0.036779    0.073748    0.248130   10.252282 v clkbuf_0_clk_i/X (sky130_fd_sc_hd__clkbuf_16)
                                                         clknet_0_clk_i (net)
                      0.073766    0.001132   10.253413 v clkbuf_1_0__f_clk_i/A (sky130_fd_sc_hd__clkbuf_16)
     1    0.060543    0.093474    0.295804   10.549218 v clkbuf_1_0__f_clk_i/X (sky130_fd_sc_hd__clkbuf_16)
                                                         clknet_1_0__leaf_clk_i (net)
                      0.129325    0.013999   10.563217 v u_sram/clk0 (sky130_sram_1kbyte_1rw1r_32x256_8)
     1    0.008224    0.005710    0.375487   10.938704 ^ u_sram/dout0[1] (sky130_sram_1kbyte_1rw1r_32x256_8)
                                                         axi_rdata_o[1] (net)
                      0.004282    0.000072   10.938776 ^ axi_rdata_o[1] (out)
                                             10.938776   data arrival time

                                  0.000000    0.000000   clock clk_i (rise edge)
                                  0.000000    0.000000   clock network delay (propagated)
                                  0.250000    0.250000   clock uncertainty
                                  0.000000    0.250000   clock reconvergence pessimism
                                 -2.000000   -1.750000   output external delay
                                             -1.750000   data required time
---------------------------------------------------------------------------------------------
                                             -1.750000   data required time
                                            -10.938776   data arrival time
---------------------------------------------------------------------------------------------
                                             12.688777   slack (MET)


Startpoint: u_sram (falling edge-triggered flip-flop clocked by clk_i)
Endpoint: axi_rdata_o[2] (output port clocked by clk_i)
Path Group: clk_i
Path Type: min

Fanout         Cap        Slew       Delay        Time   Description
---------------------------------------------------------------------------------------------
                                 10.000000   10.000000   clock clk_i (fall edge)
                                  0.000000   10.000000   clock source latency
     2    0.071922    0.000000    0.000000   10.000000 v clk_i (in)
                                                         clk_i (net)
                      0.008305    0.004152   10.004152 v clkbuf_0_clk_i/A (sky130_fd_sc_hd__clkbuf_16)
     2    0.036779    0.073748    0.248130   10.252282 v clkbuf_0_clk_i/X (sky130_fd_sc_hd__clkbuf_16)
                                                         clknet_0_clk_i (net)
                      0.073766    0.001132   10.253413 v clkbuf_1_0__f_clk_i/A (sky130_fd_sc_hd__clkbuf_16)
     1    0.060543    0.093474    0.295804   10.549218 v clkbuf_1_0__f_clk_i/X (sky130_fd_sc_hd__clkbuf_16)
                                                         clknet_1_0__leaf_clk_i (net)
                      0.129325    0.013999   10.563217 v u_sram/clk0 (sky130_sram_1kbyte_1rw1r_32x256_8)
     1    0.008238    0.005717    0.375565   10.938783 ^ u_sram/dout0[2] (sky130_sram_1kbyte_1rw1r_32x256_8)
                                                         axi_rdata_o[2] (net)
                      0.004288    0.000072   10.938854 ^ axi_rdata_o[2] (out)
                                             10.938854   data arrival time

                                  0.000000    0.000000   clock clk_i (rise edge)
                                  0.000000    0.000000   clock network delay (propagated)
                                  0.250000    0.250000   clock uncertainty
                                  0.000000    0.250000   clock reconvergence pessimism
                                 -2.000000   -1.750000   output external delay
                                             -1.750000   data required time
---------------------------------------------------------------------------------------------
                                             -1.750000   data required time
                                            -10.938854   data arrival time
---------------------------------------------------------------------------------------------
                                             12.688855   slack (MET)


Startpoint: u_sram (falling edge-triggered flip-flop clocked by clk_i)
Endpoint: axi_rdata_o[14] (output port clocked by clk_i)
Path Group: clk_i
Path Type: min

Fanout         Cap        Slew       Delay        Time   Description
---------------------------------------------------------------------------------------------
                                 10.000000   10.000000   clock clk_i (fall edge)
                                  0.000000   10.000000   clock source latency
     2    0.071922    0.000000    0.000000   10.000000 v clk_i (in)
                                                         clk_i (net)
                      0.008305    0.004152   10.004152 v clkbuf_0_clk_i/A (sky130_fd_sc_hd__clkbuf_16)
     2    0.036779    0.073748    0.248130   10.252282 v clkbuf_0_clk_i/X (sky130_fd_sc_hd__clkbuf_16)
                                                         clknet_0_clk_i (net)
                      0.073766    0.001132   10.253413 v clkbuf_1_0__f_clk_i/A (sky130_fd_sc_hd__clkbuf_16)
     1    0.060543    0.093474    0.295804   10.549218 v clkbuf_1_0__f_clk_i/X (sky130_fd_sc_hd__clkbuf_16)
                                                         clknet_1_0__leaf_clk_i (net)
                      0.129325    0.013999   10.563217 v u_sram/clk0 (sky130_sram_1kbyte_1rw1r_32x256_8)
     1    0.008255    0.005726    0.375660   10.938877 ^ u_sram/dout0[14] (sky130_sram_1kbyte_1rw1r_32x256_8)
                                                         axi_rdata_o[14] (net)
                      0.004295    0.000073   10.938950 ^ axi_rdata_o[14] (out)
                                             10.938950   data arrival time

                                  0.000000    0.000000   clock clk_i (rise edge)
                                  0.000000    0.000000   clock network delay (propagated)
                                  0.250000    0.250000   clock uncertainty
                                  0.000000    0.250000   clock reconvergence pessimism
                                 -2.000000   -1.750000   output external delay
                                             -1.750000   data required time
---------------------------------------------------------------------------------------------
                                             -1.750000   data required time
                                            -10.938950   data arrival time
---------------------------------------------------------------------------------------------
                                             12.688950   slack (MET)


Startpoint: u_sram (falling edge-triggered flip-flop clocked by clk_i)
Endpoint: axi_rdata_o[0] (output port clocked by clk_i)
Path Group: clk_i
Path Type: min

Fanout         Cap        Slew       Delay        Time   Description
---------------------------------------------------------------------------------------------
                                 10.000000   10.000000   clock clk_i (fall edge)
                                  0.000000   10.000000   clock source latency
     2    0.071922    0.000000    0.000000   10.000000 v clk_i (in)
                                                         clk_i (net)
                      0.008305    0.004152   10.004152 v clkbuf_0_clk_i/A (sky130_fd_sc_hd__clkbuf_16)
     2    0.036779    0.073748    0.248130   10.252282 v clkbuf_0_clk_i/X (sky130_fd_sc_hd__clkbuf_16)
                                                         clknet_0_clk_i (net)
                      0.073766    0.001132   10.253413 v clkbuf_1_0__f_clk_i/A (sky130_fd_sc_hd__clkbuf_16)
     1    0.060543    0.093474    0.295804   10.549218 v clkbuf_1_0__f_clk_i/X (sky130_fd_sc_hd__clkbuf_16)
                                                         clknet_1_0__leaf_clk_i (net)
                      0.129325    0.013999   10.563217 v u_sram/clk0 (sky130_sram_1kbyte_1rw1r_32x256_8)
     1    0.008262    0.005730    0.375697   10.938914 ^ u_sram/dout0[0] (sky130_sram_1kbyte_1rw1r_32x256_8)
                                                         axi_rdata_o[0] (net)
                      0.004297    0.000073   10.938987 ^ axi_rdata_o[0] (out)
                                             10.938987   data arrival time

                                  0.000000    0.000000   clock clk_i (rise edge)
                                  0.000000    0.000000   clock network delay (propagated)
                                  0.250000    0.250000   clock uncertainty
                                  0.000000    0.250000   clock reconvergence pessimism
                                 -2.000000   -1.750000   output external delay
                                             -1.750000   data required time
---------------------------------------------------------------------------------------------
                                             -1.750000   data required time
                                            -10.938987   data arrival time
---------------------------------------------------------------------------------------------
                                             12.688987   slack (MET)


Startpoint: u_sram (falling edge-triggered flip-flop clocked by clk_i)
Endpoint: axi_rdata_o[24] (output port clocked by clk_i)
Path Group: clk_i
Path Type: min

Fanout         Cap        Slew       Delay        Time   Description
---------------------------------------------------------------------------------------------
                                 10.000000   10.000000   clock clk_i (fall edge)
                                  0.000000   10.000000   clock source latency
     2    0.071922    0.000000    0.000000   10.000000 v clk_i (in)
                                                         clk_i (net)
                      0.008305    0.004152   10.004152 v clkbuf_0_clk_i/A (sky130_fd_sc_hd__clkbuf_16)
     2    0.036779    0.073748    0.248130   10.252282 v clkbuf_0_clk_i/X (sky130_fd_sc_hd__clkbuf_16)
                                                         clknet_0_clk_i (net)
                      0.073766    0.001132   10.253413 v clkbuf_1_0__f_clk_i/A (sky130_fd_sc_hd__clkbuf_16)
     1    0.060543    0.093474    0.295804   10.549218 v clkbuf_1_0__f_clk_i/X (sky130_fd_sc_hd__clkbuf_16)
                                                         clknet_1_0__leaf_clk_i (net)
                      0.129325    0.013999   10.563217 v u_sram/clk0 (sky130_sram_1kbyte_1rw1r_32x256_8)
     1    0.008331    0.005767    0.376089   10.939305 ^ u_sram/dout0[24] (sky130_sram_1kbyte_1rw1r_32x256_8)
                                                         axi_rdata_o[24] (net)
                      0.004325    0.000082   10.939387 ^ axi_rdata_o[24] (out)
                                             10.939387   data arrival time

                                  0.000000    0.000000   clock clk_i (rise edge)
                                  0.000000    0.000000   clock network delay (propagated)
                                  0.250000    0.250000   clock uncertainty
                                  0.000000    0.250000   clock reconvergence pessimism
                                 -2.000000   -1.750000   output external delay
                                             -1.750000   data required time
---------------------------------------------------------------------------------------------
                                             -1.750000   data required time
                                            -10.939387   data arrival time
---------------------------------------------------------------------------------------------
                                             12.689387   slack (MET)


Startpoint: u_sram (falling edge-triggered flip-flop clocked by clk_i)
Endpoint: axi_rdata_o[17] (output port clocked by clk_i)
Path Group: clk_i
Path Type: min

Fanout         Cap        Slew       Delay        Time   Description
---------------------------------------------------------------------------------------------
                                 10.000000   10.000000   clock clk_i (fall edge)
                                  0.000000   10.000000   clock source latency
     2    0.071922    0.000000    0.000000   10.000000 v clk_i (in)
                                                         clk_i (net)
                      0.008305    0.004152   10.004152 v clkbuf_0_clk_i/A (sky130_fd_sc_hd__clkbuf_16)
     2    0.036779    0.073748    0.248130   10.252282 v clkbuf_0_clk_i/X (sky130_fd_sc_hd__clkbuf_16)
                                                         clknet_0_clk_i (net)
                      0.073766    0.001132   10.253413 v clkbuf_1_0__f_clk_i/A (sky130_fd_sc_hd__clkbuf_16)
     1    0.060543    0.093474    0.295804   10.549218 v clkbuf_1_0__f_clk_i/X (sky130_fd_sc_hd__clkbuf_16)
                                                         clknet_1_0__leaf_clk_i (net)
                      0.129325    0.013999   10.563217 v u_sram/clk0 (sky130_sram_1kbyte_1rw1r_32x256_8)
     1    0.008379    0.005792    0.376355   10.939572 ^ u_sram/dout0[17] (sky130_sram_1kbyte_1rw1r_32x256_8)
                                                         axi_rdata_o[17] (net)
                      0.004344    0.000064   10.939636 ^ axi_rdata_o[17] (out)
                                             10.939636   data arrival time

                                  0.000000    0.000000   clock clk_i (rise edge)
                                  0.000000    0.000000   clock network delay (propagated)
                                  0.250000    0.250000   clock uncertainty
                                  0.000000    0.250000   clock reconvergence pessimism
                                 -2.000000   -1.750000   output external delay
                                             -1.750000   data required time
---------------------------------------------------------------------------------------------
                                             -1.750000   data required time
                                            -10.939636   data arrival time
---------------------------------------------------------------------------------------------
                                             12.689636   slack (MET)


Startpoint: u_sram (falling edge-triggered flip-flop clocked by clk_i)
Endpoint: axi_rdata_o[7] (output port clocked by clk_i)
Path Group: clk_i
Path Type: min

Fanout         Cap        Slew       Delay        Time   Description
---------------------------------------------------------------------------------------------
                                 10.000000   10.000000   clock clk_i (fall edge)
                                  0.000000   10.000000   clock source latency
     2    0.071922    0.000000    0.000000   10.000000 v clk_i (in)
                                                         clk_i (net)
                      0.008305    0.004152   10.004152 v clkbuf_0_clk_i/A (sky130_fd_sc_hd__clkbuf_16)
     2    0.036779    0.073748    0.248130   10.252282 v clkbuf_0_clk_i/X (sky130_fd_sc_hd__clkbuf_16)
                                                         clknet_0_clk_i (net)
                      0.073766    0.001132   10.253413 v clkbuf_1_0__f_clk_i/A (sky130_fd_sc_hd__clkbuf_16)
     1    0.060543    0.093474    0.295804   10.549218 v clkbuf_1_0__f_clk_i/X (sky130_fd_sc_hd__clkbuf_16)
                                                         clknet_1_0__leaf_clk_i (net)
                      0.129325    0.013999   10.563217 v u_sram/clk0 (sky130_sram_1kbyte_1rw1r_32x256_8)
     1    0.008455    0.005833    0.376784   10.940001 ^ u_sram/dout0[7] (sky130_sram_1kbyte_1rw1r_32x256_8)
                                                         axi_rdata_o[7] (net)
                      0.004375    0.000076   10.940078 ^ axi_rdata_o[7] (out)
                                             10.940078   data arrival time

                                  0.000000    0.000000   clock clk_i (rise edge)
                                  0.000000    0.000000   clock network delay (propagated)
                                  0.250000    0.250000   clock uncertainty
                                  0.000000    0.250000   clock reconvergence pessimism
                                 -2.000000   -1.750000   output external delay
                                             -1.750000   data required time
---------------------------------------------------------------------------------------------
                                             -1.750000   data required time
                                            -10.940078   data arrival time
---------------------------------------------------------------------------------------------
                                             12.690078   slack (MET)


Startpoint: u_sram (falling edge-triggered flip-flop clocked by clk_i)
Endpoint: axi_rdata_o[5] (output port clocked by clk_i)
Path Group: clk_i
Path Type: min

Fanout         Cap        Slew       Delay        Time   Description
---------------------------------------------------------------------------------------------
                                 10.000000   10.000000   clock clk_i (fall edge)
                                  0.000000   10.000000   clock source latency
     2    0.071922    0.000000    0.000000   10.000000 v clk_i (in)
                                                         clk_i (net)
                      0.008305    0.004152   10.004152 v clkbuf_0_clk_i/A (sky130_fd_sc_hd__clkbuf_16)
     2    0.036779    0.073748    0.248130   10.252282 v clkbuf_0_clk_i/X (sky130_fd_sc_hd__clkbuf_16)
                                                         clknet_0_clk_i (net)
                      0.073766    0.001132   10.253413 v clkbuf_1_0__f_clk_i/A (sky130_fd_sc_hd__clkbuf_16)
     1    0.060543    0.093474    0.295804   10.549218 v clkbuf_1_0__f_clk_i/X (sky130_fd_sc_hd__clkbuf_16)
                                                         clknet_1_0__leaf_clk_i (net)
                      0.129325    0.013999   10.563217 v u_sram/clk0 (sky130_sram_1kbyte_1rw1r_32x256_8)
     1    0.008510    0.005862    0.377089   10.940307 ^ u_sram/dout0[5] (sky130_sram_1kbyte_1rw1r_32x256_8)
                                                         axi_rdata_o[5] (net)
                      0.004396    0.000075   10.940382 ^ axi_rdata_o[5] (out)
                                             10.940382   data arrival time

                                  0.000000    0.000000   clock clk_i (rise edge)
                                  0.000000    0.000000   clock network delay (propagated)
                                  0.250000    0.250000   clock uncertainty
                                  0.000000    0.250000   clock reconvergence pessimism
                                 -2.000000   -1.750000   output external delay
                                             -1.750000   data required time
---------------------------------------------------------------------------------------------
                                             -1.750000   data required time
                                            -10.940382   data arrival time
---------------------------------------------------------------------------------------------
                                             12.690382   slack (MET)


Startpoint: u_sram (falling edge-triggered flip-flop clocked by clk_i)
Endpoint: axi_rdata_o[4] (output port clocked by clk_i)
Path Group: clk_i
Path Type: min

Fanout         Cap        Slew       Delay        Time   Description
---------------------------------------------------------------------------------------------
                                 10.000000   10.000000   clock clk_i (fall edge)
                                  0.000000   10.000000   clock source latency
     2    0.071922    0.000000    0.000000   10.000000 v clk_i (in)
                                                         clk_i (net)
                      0.008305    0.004152   10.004152 v clkbuf_0_clk_i/A (sky130_fd_sc_hd__clkbuf_16)
     2    0.036779    0.073748    0.248130   10.252282 v clkbuf_0_clk_i/X (sky130_fd_sc_hd__clkbuf_16)
                                                         clknet_0_clk_i (net)
                      0.073766    0.001132   10.253413 v clkbuf_1_0__f_clk_i/A (sky130_fd_sc_hd__clkbuf_16)
     1    0.060543    0.093474    0.295804   10.549218 v clkbuf_1_0__f_clk_i/X (sky130_fd_sc_hd__clkbuf_16)
                                                         clknet_1_0__leaf_clk_i (net)
                      0.129325    0.013999   10.563217 v u_sram/clk0 (sky130_sram_1kbyte_1rw1r_32x256_8)
     1    0.008529    0.005872    0.377198   10.940415 ^ u_sram/dout0[4] (sky130_sram_1kbyte_1rw1r_32x256_8)
                                                         axi_rdata_o[4] (net)
                      0.004404    0.000077   10.940493 ^ axi_rdata_o[4] (out)
                                             10.940493   data arrival time

                                  0.000000    0.000000   clock clk_i (rise edge)
                                  0.000000    0.000000   clock network delay (propagated)
                                  0.250000    0.250000   clock uncertainty
                                  0.000000    0.250000   clock reconvergence pessimism
                                 -2.000000   -1.750000   output external delay
                                             -1.750000   data required time
---------------------------------------------------------------------------------------------
                                             -1.750000   data required time
                                            -10.940493   data arrival time
---------------------------------------------------------------------------------------------
                                             12.690493   slack (MET)


Startpoint: u_sram (falling edge-triggered flip-flop clocked by clk_i)
Endpoint: axi_rdata_o[6] (output port clocked by clk_i)
Path Group: clk_i
Path Type: min

Fanout         Cap        Slew       Delay        Time   Description
---------------------------------------------------------------------------------------------
                                 10.000000   10.000000   clock clk_i (fall edge)
                                  0.000000   10.000000   clock source latency
     2    0.071922    0.000000    0.000000   10.000000 v clk_i (in)
                                                         clk_i (net)
                      0.008305    0.004152   10.004152 v clkbuf_0_clk_i/A (sky130_fd_sc_hd__clkbuf_16)
     2    0.036779    0.073748    0.248130   10.252282 v clkbuf_0_clk_i/X (sky130_fd_sc_hd__clkbuf_16)
                                                         clknet_0_clk_i (net)
                      0.073766    0.001132   10.253413 v clkbuf_1_0__f_clk_i/A (sky130_fd_sc_hd__clkbuf_16)
     1    0.060543    0.093474    0.295804   10.549218 v clkbuf_1_0__f_clk_i/X (sky130_fd_sc_hd__clkbuf_16)
                                                         clknet_1_0__leaf_clk_i (net)
                      0.129325    0.013999   10.563217 v u_sram/clk0 (sky130_sram_1kbyte_1rw1r_32x256_8)
     1    0.008529    0.005872    0.377201   10.940418 ^ u_sram/dout0[6] (sky130_sram_1kbyte_1rw1r_32x256_8)
                                                         axi_rdata_o[6] (net)
                      0.004404    0.000077   10.940495 ^ axi_rdata_o[6] (out)
                                             10.940495   data arrival time

                                  0.000000    0.000000   clock clk_i (rise edge)
                                  0.000000    0.000000   clock network delay (propagated)
                                  0.250000    0.250000   clock uncertainty
                                  0.000000    0.250000   clock reconvergence pessimism
                                 -2.000000   -1.750000   output external delay
                                             -1.750000   data required time
---------------------------------------------------------------------------------------------
                                             -1.750000   data required time
                                            -10.940495   data arrival time
---------------------------------------------------------------------------------------------
                                             12.690495   slack (MET)


Startpoint: u_sram (falling edge-triggered flip-flop clocked by clk_i)
Endpoint: axi_rdata_o[8] (output port clocked by clk_i)
Path Group: clk_i
Path Type: min

Fanout         Cap        Slew       Delay        Time   Description
---------------------------------------------------------------------------------------------
                                 10.000000   10.000000   clock clk_i (fall edge)
                                  0.000000   10.000000   clock source latency
     2    0.071922    0.000000    0.000000   10.000000 v clk_i (in)
                                                         clk_i (net)
                      0.008305    0.004152   10.004152 v clkbuf_0_clk_i/A (sky130_fd_sc_hd__clkbuf_16)
     2    0.036779    0.073748    0.248130   10.252282 v clkbuf_0_clk_i/X (sky130_fd_sc_hd__clkbuf_16)
                                                         clknet_0_clk_i (net)
                      0.073766    0.001132   10.253413 v clkbuf_1_0__f_clk_i/A (sky130_fd_sc_hd__clkbuf_16)
     1    0.060543    0.093474    0.295804   10.549218 v clkbuf_1_0__f_clk_i/X (sky130_fd_sc_hd__clkbuf_16)
                                                         clknet_1_0__leaf_clk_i (net)
                      0.129325    0.013999   10.563217 v u_sram/clk0 (sky130_sram_1kbyte_1rw1r_32x256_8)
     1    0.008527    0.005871    0.377189   10.940406 ^ u_sram/dout0[8] (sky130_sram_1kbyte_1rw1r_32x256_8)
                                                         axi_rdata_o[8] (net)
                      0.004404    0.000077   10.940483 ^ axi_rdata_o[8] (out)
                                             10.940483   data arrival time

                                  0.000000    0.000000   clock clk_i (rise edge)
                                  0.000000    0.000000   clock network delay (propagated)
                                  0.250000    0.250000   clock uncertainty
                                  0.000000    0.250000   clock reconvergence pessimism
                                 -2.000000   -1.750000   output external delay
                                             -1.750000   data required time
---------------------------------------------------------------------------------------------
                                             -1.750000   data required time
                                            -10.940483   data arrival time
---------------------------------------------------------------------------------------------
                                             12.690484   slack (MET)


Startpoint: u_sram (falling edge-triggered flip-flop clocked by clk_i)
Endpoint: axi_rdata_o[3] (output port clocked by clk_i)
Path Group: clk_i
Path Type: min

Fanout         Cap        Slew       Delay        Time   Description
---------------------------------------------------------------------------------------------
                                 10.000000   10.000000   clock clk_i (fall edge)
                                  0.000000   10.000000   clock source latency
     2    0.071922    0.000000    0.000000   10.000000 v clk_i (in)
                                                         clk_i (net)
                      0.008305    0.004152   10.004152 v clkbuf_0_clk_i/A (sky130_fd_sc_hd__clkbuf_16)
     2    0.036779    0.073748    0.248130   10.252282 v clkbuf_0_clk_i/X (sky130_fd_sc_hd__clkbuf_16)
                                                         clknet_0_clk_i (net)
                      0.073766    0.001132   10.253413 v clkbuf_1_0__f_clk_i/A (sky130_fd_sc_hd__clkbuf_16)
     1    0.060543    0.093474    0.295804   10.549218 v clkbuf_1_0__f_clk_i/X (sky130_fd_sc_hd__clkbuf_16)
                                                         clknet_1_0__leaf_clk_i (net)
                      0.129325    0.013999   10.563217 v u_sram/clk0 (sky130_sram_1kbyte_1rw1r_32x256_8)
     1    0.008572    0.005895    0.377440   10.940658 ^ u_sram/dout0[3] (sky130_sram_1kbyte_1rw1r_32x256_8)
                                                         axi_rdata_o[3] (net)
                      0.004421    0.000078   10.940736 ^ axi_rdata_o[3] (out)
                                             10.940736   data arrival time

                                  0.000000    0.000000   clock clk_i (rise edge)
                                  0.000000    0.000000   clock network delay (propagated)
                                  0.250000    0.250000   clock uncertainty
                                  0.000000    0.250000   clock reconvergence pessimism
                                 -2.000000   -1.750000   output external delay
                                             -1.750000   data required time
---------------------------------------------------------------------------------------------
                                             -1.750000   data required time
                                            -10.940736   data arrival time
---------------------------------------------------------------------------------------------
                                             12.690736   slack (MET)


Startpoint: u_sram (falling edge-triggered flip-flop clocked by clk_i)
Endpoint: axi_rdata_o[10] (output port clocked by clk_i)
Path Group: clk_i
Path Type: min

Fanout         Cap        Slew       Delay        Time   Description
---------------------------------------------------------------------------------------------
                                 10.000000   10.000000   clock clk_i (fall edge)
                                  0.000000   10.000000   clock source latency
     2    0.071922    0.000000    0.000000   10.000000 v clk_i (in)
                                                         clk_i (net)
                      0.008305    0.004152   10.004152 v clkbuf_0_clk_i/A (sky130_fd_sc_hd__clkbuf_16)
     2    0.036779    0.073748    0.248130   10.252282 v clkbuf_0_clk_i/X (sky130_fd_sc_hd__clkbuf_16)
                                                         clknet_0_clk_i (net)
                      0.073766    0.001132   10.253413 v clkbuf_1_0__f_clk_i/A (sky130_fd_sc_hd__clkbuf_16)
     1    0.060543    0.093474    0.295804   10.549218 v clkbuf_1_0__f_clk_i/X (sky130_fd_sc_hd__clkbuf_16)
                                                         clknet_1_0__leaf_clk_i (net)
                      0.129325    0.013999   10.563217 v u_sram/clk0 (sky130_sram_1kbyte_1rw1r_32x256_8)
     1    0.009009    0.006128    0.379891   10.943108 ^ u_sram/dout0[10] (sky130_sram_1kbyte_1rw1r_32x256_8)
                                                         axi_rdata_o[10] (net)
                      0.004596    0.000083   10.943191 ^ axi_rdata_o[10] (out)
                                             10.943191   data arrival time

                                  0.000000    0.000000   clock clk_i (rise edge)
                                  0.000000    0.000000   clock network delay (propagated)
                                  0.250000    0.250000   clock uncertainty
                                  0.000000    0.250000   clock reconvergence pessimism
                                 -2.000000   -1.750000   output external delay
                                             -1.750000   data required time
---------------------------------------------------------------------------------------------
                                             -1.750000   data required time
                                            -10.943191   data arrival time
---------------------------------------------------------------------------------------------
                                             12.693191   slack (MET)


Startpoint: u_sram (falling edge-triggered flip-flop clocked by clk_i)
Endpoint: axi_rdata_o[20] (output port clocked by clk_i)
Path Group: clk_i
Path Type: min

Fanout         Cap        Slew       Delay        Time   Description
---------------------------------------------------------------------------------------------
                                 10.000000   10.000000   clock clk_i (fall edge)
                                  0.000000   10.000000   clock source latency
     2    0.071922    0.000000    0.000000   10.000000 v clk_i (in)
                                                         clk_i (net)
                      0.008305    0.004152   10.004152 v clkbuf_0_clk_i/A (sky130_fd_sc_hd__clkbuf_16)
     2    0.036779    0.073748    0.248130   10.252282 v clkbuf_0_clk_i/X (sky130_fd_sc_hd__clkbuf_16)
                                                         clknet_0_clk_i (net)
                      0.073766    0.001132   10.253413 v clkbuf_1_0__f_clk_i/A (sky130_fd_sc_hd__clkbuf_16)
     1    0.060543    0.093474    0.295804   10.549218 v clkbuf_1_0__f_clk_i/X (sky130_fd_sc_hd__clkbuf_16)
                                                         clknet_1_0__leaf_clk_i (net)
                      0.129325    0.013999   10.563217 v u_sram/clk0 (sky130_sram_1kbyte_1rw1r_32x256_8)
     1    0.009158    0.006207    0.380726   10.943943 ^ u_sram/dout0[20] (sky130_sram_1kbyte_1rw1r_32x256_8)
                                                         axi_rdata_o[20] (net)
                      0.004655    0.000085   10.944028 ^ axi_rdata_o[20] (out)
                                             10.944028   data arrival time

                                  0.000000    0.000000   clock clk_i (rise edge)
                                  0.000000    0.000000   clock network delay (propagated)
                                  0.250000    0.250000   clock uncertainty
                                  0.000000    0.250000   clock reconvergence pessimism
                                 -2.000000   -1.750000   output external delay
                                             -1.750000   data required time
---------------------------------------------------------------------------------------------
                                             -1.750000   data required time
                                            -10.944028   data arrival time
---------------------------------------------------------------------------------------------
                                             12.694029   slack (MET)


Startpoint: u_sram (falling edge-triggered flip-flop clocked by clk_i)
Endpoint: axi_rdata_o[18] (output port clocked by clk_i)
Path Group: clk_i
Path Type: min

Fanout         Cap        Slew       Delay        Time   Description
---------------------------------------------------------------------------------------------
                                 10.000000   10.000000   clock clk_i (fall edge)
                                  0.000000   10.000000   clock source latency
     2    0.071922    0.000000    0.000000   10.000000 v clk_i (in)
                                                         clk_i (net)
                      0.008305    0.004152   10.004152 v clkbuf_0_clk_i/A (sky130_fd_sc_hd__clkbuf_16)
     2    0.036779    0.073748    0.248130   10.252282 v clkbuf_0_clk_i/X (sky130_fd_sc_hd__clkbuf_16)
                                                         clknet_0_clk_i (net)
                      0.073766    0.001132   10.253413 v clkbuf_1_0__f_clk_i/A (sky130_fd_sc_hd__clkbuf_16)
     1    0.060543    0.093474    0.295804   10.549218 v clkbuf_1_0__f_clk_i/X (sky130_fd_sc_hd__clkbuf_16)
                                                         clknet_1_0__leaf_clk_i (net)
                      0.129325    0.013999   10.563217 v u_sram/clk0 (sky130_sram_1kbyte_1rw1r_32x256_8)
     1    0.009656    0.006472    0.383520   10.946737 ^ u_sram/dout0[18] (sky130_sram_1kbyte_1rw1r_32x256_8)
                                                         axi_rdata_o[18] (net)
                      0.004854    0.000091   10.946828 ^ axi_rdata_o[18] (out)
                                             10.946828   data arrival time

                                  0.000000    0.000000   clock clk_i (rise edge)
                                  0.000000    0.000000   clock network delay (propagated)
                                  0.250000    0.250000   clock uncertainty
                                  0.000000    0.250000   clock reconvergence pessimism
                                 -2.000000   -1.750000   output external delay
                                             -1.750000   data required time
---------------------------------------------------------------------------------------------
                                             -1.750000   data required time
                                            -10.946828   data arrival time
---------------------------------------------------------------------------------------------
                                             12.696828   slack (MET)



