+ define_corners min_ss_100C_1v60
Reading timing models for corner min_ss_100C_1v60…
Reading cell library for the 'min_ss_100C_1v60' corner at '/home/ubuntu/.ciel/ciel/sky130/versions/8afc8346a57fe1ab7934ba5a6056ea8b43078e71/sky130A/libs.ref/sky130_fd_sc_hd/lib/sky130_fd_sc_hd__ss_100C_1v60.lib'…
Reading cell library for the 'min_ss_100C_1v60' corner at '/home/ubuntu/zuga-final/asic/macros/sky130_sram_1kbyte_1rw1r_32x256_8/lib/sky130_sram_1kbyte_1rw1r_32x256_8_TT_1p8V_25C.lib'…
Reading top-level netlist at '/home/ubuntu/zuga-final/asic/runs/run1/51-openroad-fillinsertion/ram_axi.nl.v'…
Linking design 'ram_axi' from netlist…
Warning: /home/ubuntu/zuga-final/asic/runs/run1/51-openroad-fillinsertion/ram_axi.nl.v line 251, module sky130_fd_sc_hd__fill_1 not found. Creating black box for FILLER_0_1363.
Warning: /home/ubuntu/zuga-final/asic/runs/run1/51-openroad-fillinsertion/ram_axi.nl.v line 656, module sky130_fd_sc_hd__fill_2 not found. Creating black box for FILLER_101_113.
Warning: /home/ubuntu/zuga-final/asic/runs/run1/51-openroad-fillinsertion/ram_axi.nl.v line 31217, module sky130_fd_sc_hd__tapvpwrvgnd_1 not found. Creating black box for TAP_TAPCELL_ROW_0_688.
Reading design constraints file at '/home/ubuntu/zuga-final/asic/constraints/design.sdc'…
[INFO] No information on clock propagation in input SDC file-- propagating all clocks.
Reading top-level design parasitics for the 'min_ss_100C_1v60' corner at '/home/ubuntu/zuga-final/asic/runs/run1/53-openroad-rcx/min/ram_axi.min.spef'…
%OL_CREATE_REPORT min.rpt

===========================================================================
report_checks -path_delay min (Hold)
============================================================================
======================= min_ss_100C_1v60 Corner ===================================

Startpoint: rst_ni (input port clocked by clk_i)
Endpoint: _48_ (removal check against rising-edge clock clk_i)
Path Group: asynchronous
Path Type: min

Fanout         Cap        Slew       Delay        Time   Description
---------------------------------------------------------------------------------------------
                                  0.000000    0.000000   clock clk_i (rise edge)
                                  0.000000    0.000000   clock network delay (propagated)
                                  2.000000    2.000000 ^ input external delay
     4    0.017955    0.000000    0.000000    2.000000 ^ rst_ni (in)
                                                         rst_ni (net)
                      0.000216    0.000108    2.000108 ^ _48_/RESET_B (sky130_fd_sc_hd__dfrtp_2)
                                              2.000108   data arrival time

                                  0.000000    0.000000   clock clk_i (rise edge)
                                  0.000000    0.000000   clock source latency
     2    0.073694    0.000000    0.000000    0.000000 ^ clk_i (in)
                                                         clk_i (net)
                      0.005402    0.002701    0.002701 ^ clkbuf_regs_0_clk_i/A (sky130_fd_sc_hd__clkbuf_16)
     1    0.008368    0.052169    0.176432    0.179133 ^ clkbuf_regs_0_clk_i/X (sky130_fd_sc_hd__clkbuf_16)
                                                         clk_i_regs (net)
                      0.052169    0.000088    0.179222 ^ clkbuf_0_clk_i_regs/A (sky130_fd_sc_hd__clkbuf_16)
     2    0.018710    0.065828    0.211749    0.390970 ^ clkbuf_0_clk_i_regs/X (sky130_fd_sc_hd__clkbuf_16)
                                                         clknet_0_clk_i_regs (net)
                      0.065828    0.000195    0.391165 ^ clkbuf_1_1__f_clk_i_regs/A (sky130_fd_sc_hd__clkbuf_16)
     3    0.007177    0.050738    0.200369    0.591535 ^ clkbuf_1_1__f_clk_i_regs/X (sky130_fd_sc_hd__clkbuf_16)
                                                         clknet_1_1__leaf_clk_i_regs (net)
                      0.050738    0.000066    0.591600 ^ _48_/CLK (sky130_fd_sc_hd__dfrtp_2)
                                  0.250000    0.841600   clock uncertainty
                                  0.000000    0.841600   clock reconvergence pessimism
                                  0.630202    1.471802   library removal time
                                              1.471802   data required time
---------------------------------------------------------------------------------------------
                                              1.471802   data required time
                                             -2.000108   data arrival time
---------------------------------------------------------------------------------------------
                                              0.528306   slack (MET)


Startpoint: rst_ni (input port clocked by clk_i)
Endpoint: _46_ (removal check against rising-edge clock clk_i)
Path Group: asynchronous
Path Type: min

Fanout         Cap        Slew       Delay        Time   Description
---------------------------------------------------------------------------------------------
                                  0.000000    0.000000   clock clk_i (rise edge)
                                  0.000000    0.000000   clock network delay (propagated)
                                  2.000000    2.000000 ^ input external delay
     4    0.017955    0.000000    0.000000    2.000000 ^ rst_ni (in)
                                                         rst_ni (net)
                      0.000277    0.000139    2.000139 ^ _46_/RESET_B (sky130_fd_sc_hd__dfrtp_2)
                                              2.000139   data arrival time

                                  0.000000    0.000000   clock clk_i (rise edge)
                                  0.000000    0.000000   clock source latency
     2    0.073694    0.000000    0.000000    0.000000 ^ clk_i (in)
                                                         clk_i (net)
                      0.005402    0.002701    0.002701 ^ clkbuf_regs_0_clk_i/A (sky130_fd_sc_hd__clkbuf_16)
     1    0.008368    0.052169    0.176432    0.179133 ^ clkbuf_regs_0_clk_i/X (sky130_fd_sc_hd__clkbuf_16)
                                                         clk_i_regs (net)
                      0.052169    0.000088    0.179222 ^ clkbuf_0_clk_i_regs/A (sky130_fd_sc_hd__clkbuf_16)
     2    0.018710    0.065828    0.211749    0.390970 ^ clkbuf_0_clk_i_regs/X (sky130_fd_sc_hd__clkbuf_16)
                                                         clknet_0_clk_i_regs (net)
                      0.065828    0.000195    0.391165 ^ clkbuf_1_1__f_clk_i_regs/A (sky130_fd_sc_hd__clkbuf_16)
     3    0.007177    0.050738    0.200369    0.591535 ^ clkbuf_1_1__f_clk_i_regs/X (sky130_fd_sc_hd__clkbuf_16)
                                                         clknet_1_1__leaf_clk_i_regs (net)
                      0.050738    0.000057    0.591591 ^ _46_/CLK (sky130_fd_sc_hd__dfrtp_2)
                                  0.250000    0.841591   clock uncertainty
                                  0.000000    0.841591   clock reconvergence pessimism
                                  0.630221    1.471812   library removal time
                                              1.471812   data required time
---------------------------------------------------------------------------------------------
                                              1.471812   data required time
                                             -2.000139   data arrival time
---------------------------------------------------------------------------------------------
                                              0.528326   slack (MET)


Startpoint: rst_ni (input port clocked by clk_i)
Endpoint: _47_ (removal check against rising-edge clock clk_i)
Path Group: asynchronous
Path Type: min

Fanout         Cap        Slew       Delay        Time   Description
---------------------------------------------------------------------------------------------
                                  0.000000    0.000000   clock clk_i (rise edge)
                                  0.000000    0.000000   clock network delay (propagated)
                                  2.000000    2.000000 ^ input external delay
     4    0.017955    0.000000    0.000000    2.000000 ^ rst_ni (in)
                                                         rst_ni (net)
                      0.000271    0.000136    2.000136 ^ _47_/RESET_B (sky130_fd_sc_hd__dfrtp_2)
                                              2.000136   data arrival time

                                  0.000000    0.000000   clock clk_i (rise edge)
                                  0.000000    0.000000   clock source latency
     2    0.073694    0.000000    0.000000    0.000000 ^ clk_i (in)
                                                         clk_i (net)
                      0.005402    0.002701    0.002701 ^ clkbuf_regs_0_clk_i/A (sky130_fd_sc_hd__clkbuf_16)
     1    0.008368    0.052169    0.176432    0.179133 ^ clkbuf_regs_0_clk_i/X (sky130_fd_sc_hd__clkbuf_16)
                                                         clk_i_regs (net)
                      0.052169    0.000088    0.179222 ^ clkbuf_0_clk_i_regs/A (sky130_fd_sc_hd__clkbuf_16)
     2    0.018710    0.065828    0.211749    0.390970 ^ clkbuf_0_clk_i_regs/X (sky130_fd_sc_hd__clkbuf_16)
                                                         clknet_0_clk_i_regs (net)
                      0.065828    0.000157    0.391127 ^ clkbuf_1_0__f_clk_i_regs/A (sky130_fd_sc_hd__clkbuf_16)
     2    0.004874    0.047631    0.196001    0.587128 ^ clkbuf_1_0__f_clk_i_regs/X (sky130_fd_sc_hd__clkbuf_16)
                                                         clknet_1_0__leaf_clk_i_regs (net)
                      0.047631    0.000054    0.587182 ^ _47_/CLK (sky130_fd_sc_hd__dfrtp_2)
                                  0.250000    0.837182   clock uncertainty
                                  0.000000    0.837182   clock reconvergence pessimism
                                  0.629281    1.466462   library removal time
                                              1.466462   data required time
---------------------------------------------------------------------------------------------
                                              1.466462   data required time
                                             -2.000136   data arrival time
---------------------------------------------------------------------------------------------
                                              0.533673   slack (MET)


Startpoint: rst_ni (input port clocked by clk_i)
Endpoint: _45_ (removal check against rising-edge clock clk_i)
Path Group: asynchronous
Path Type: min

Fanout         Cap        Slew       Delay        Time   Description
---------------------------------------------------------------------------------------------
                                  0.000000    0.000000   clock clk_i (rise edge)
                                  0.000000    0.000000   clock network delay (propagated)
                                  2.000000    2.000000 ^ input external delay
     4    0.017955    0.000000    0.000000    2.000000 ^ rst_ni (in)
                                                         rst_ni (net)
                      0.000288    0.000144    2.000144 ^ _45_/SET_B (sky130_fd_sc_hd__dfstp_2)
                                              2.000144   data arrival time

                                  0.000000    0.000000   clock clk_i (rise edge)
                                  0.000000    0.000000   clock source latency
     2    0.073694    0.000000    0.000000    0.000000 ^ clk_i (in)
                                                         clk_i (net)
                      0.005402    0.002701    0.002701 ^ clkbuf_regs_0_clk_i/A (sky130_fd_sc_hd__clkbuf_16)
     1    0.008368    0.052169    0.176432    0.179133 ^ clkbuf_regs_0_clk_i/X (sky130_fd_sc_hd__clkbuf_16)
                                                         clk_i_regs (net)
                      0.052169    0.000088    0.179222 ^ clkbuf_0_clk_i_regs/A (sky130_fd_sc_hd__clkbuf_16)
     2    0.018710    0.065828    0.211749    0.390970 ^ clkbuf_0_clk_i_regs/X (sky130_fd_sc_hd__clkbuf_16)
                                                         clknet_0_clk_i_regs (net)
                      0.065828    0.000157    0.391127 ^ clkbuf_1_0__f_clk_i_regs/A (sky130_fd_sc_hd__clkbuf_16)
     2    0.004874    0.047631    0.196001    0.587128 ^ clkbuf_1_0__f_clk_i_regs/X (sky130_fd_sc_hd__clkbuf_16)
                                                         clknet_1_0__leaf_clk_i_regs (net)
                      0.047631    0.000053    0.587180 ^ _45_/CLK (sky130_fd_sc_hd__dfstp_2)
                                  0.250000    0.837180   clock uncertainty
                                  0.000000    0.837180   clock reconvergence pessimism
                                  0.305453    1.142634   library removal time
                                              1.142634   data required time
---------------------------------------------------------------------------------------------
                                              1.142634   data required time
                                             -2.000144   data arrival time
---------------------------------------------------------------------------------------------
                                              0.857510   slack (MET)


Startpoint: _45_ (rising edge-triggered flip-flop clocked by clk_i)
Endpoint: _45_ (rising edge-triggered flip-flop clocked by clk_i)
Path Group: clk_i
Path Type: min

Fanout         Cap        Slew       Delay        Time   Description
---------------------------------------------------------------------------------------------
                                  0.000000    0.000000   clock clk_i (rise edge)
                                  0.000000    0.000000   clock source latency
     2    0.073694    0.000000    0.000000    0.000000 ^ clk_i (in)
                                                         clk_i (net)
                      0.005402    0.002701    0.002701 ^ clkbuf_regs_0_clk_i/A (sky130_fd_sc_hd__clkbuf_16)
     1    0.008368    0.052169    0.176432    0.179133 ^ clkbuf_regs_0_clk_i/X (sky130_fd_sc_hd__clkbuf_16)
                                                         clk_i_regs (net)
                      0.052169    0.000088    0.179222 ^ clkbuf_0_clk_i_regs/A (sky130_fd_sc_hd__clkbuf_16)
     2    0.018710    0.065828    0.211749    0.390970 ^ clkbuf_0_clk_i_regs/X (sky130_fd_sc_hd__clkbuf_16)
                                                         clknet_0_clk_i_regs (net)
                      0.065828    0.000157    0.391127 ^ clkbuf_1_0__f_clk_i_regs/A (sky130_fd_sc_hd__clkbuf_16)
     2    0.004874    0.047631    0.196001    0.587128 ^ clkbuf_1_0__f_clk_i_regs/X (sky130_fd_sc_hd__clkbuf_16)
                                                         clknet_1_0__leaf_clk_i_regs (net)
                      0.047631    0.000053    0.587180 ^ _45_/CLK (sky130_fd_sc_hd__dfstp_2)
     3    0.011627    0.071892    0.729398    1.316579 v _45_/Q (sky130_fd_sc_hd__dfstp_2)
                                                         state_q[0] (net)
                      0.071892    0.000314    1.316893 v _31_/A1 (sky130_fd_sc_hd__a31o_2)
     1    0.006732    0.076570    0.393588    1.710481 v _31_/X (sky130_fd_sc_hd__a31o_2)
                                                         _01_ (net)
                      0.076570    0.000170    1.710651 v _45_/D (sky130_fd_sc_hd__dfstp_2)
                                              1.710651   data arrival time

                                  0.000000    0.000000   clock clk_i (rise edge)
                                  0.000000    0.000000   clock source latency
     2    0.073694    0.000000    0.000000    0.000000 ^ clk_i (in)
                                                         clk_i (net)
                      0.005402    0.002701    0.002701 ^ clkbuf_regs_0_clk_i/A (sky130_fd_sc_hd__clkbuf_16)
     1    0.008368    0.052169    0.176432    0.179133 ^ clkbuf_regs_0_clk_i/X (sky130_fd_sc_hd__clkbuf_16)
                                                         clk_i_regs (net)
                      0.052169    0.000088    0.179222 ^ clkbuf_0_clk_i_regs/A (sky130_fd_sc_hd__clkbuf_16)
     2    0.018710    0.065828    0.211749    0.390970 ^ clkbuf_0_clk_i_regs/X (sky130_fd_sc_hd__clkbuf_16)
                                                         clknet_0_clk_i_regs (net)
                      0.065828    0.000157    0.391127 ^ clkbuf_1_0__f_clk_i_regs/A (sky130_fd_sc_hd__clkbuf_16)
     2    0.004874    0.047631    0.196001    0.587128 ^ clkbuf_1_0__f_clk_i_regs/X (sky130_fd_sc_hd__clkbuf_16)
                                                         clknet_1_0__leaf_clk_i_regs (net)
                      0.047631    0.000053    0.587180 ^ _45_/CLK (sky130_fd_sc_hd__dfstp_2)
                                  0.250000    0.837180   clock uncertainty
                                  0.000000    0.837180   clock reconvergence pessimism
                                 -0.008207    0.828973   library hold time
                                              0.828973   data required time
---------------------------------------------------------------------------------------------
                                              0.828973   data required time
                                             -1.710651   data arrival time
---------------------------------------------------------------------------------------------
                                              0.881677   slack (MET)


Startpoint: axi_wdata_i[30] (input port clocked by clk_i)
Endpoint: u_sram (falling edge-triggered flip-flop clocked by clk_i)
Path Group: clk_i
Path Type: min

Fanout         Cap        Slew       Delay        Time   Description
---------------------------------------------------------------------------------------------
                                  0.000000    0.000000   clock clk_i (rise edge)
                                  0.000000    0.000000   clock network delay (propagated)
                                  2.000000    2.000000 ^ input external delay
     1    0.014679    0.000000    0.000000    2.000000 ^ axi_wdata_i[30] (in)
                                                         axi_wdata_i[30] (net)
                      0.001137    0.000269    2.000269 ^ u_sram/din0[30] (sky130_sram_1kbyte_1rw1r_32x256_8)
                                              2.000269   data arrival time

                                  0.000000    0.000000   clock clk_i (rise edge)
                                  0.000000    0.000000   clock source latency
     2    0.073694    0.000000    0.000000    0.000000 ^ clk_i (in)
                                                         clk_i (net)
                      0.008592    0.004296    0.004296 ^ clkbuf_0_clk_i/A (sky130_fd_sc_hd__clkbuf_16)
     2    0.038551    0.092291    0.220696    0.224991 ^ clkbuf_0_clk_i/X (sky130_fd_sc_hd__clkbuf_16)
                                                         clknet_0_clk_i (net)
                      0.092306    0.001204    0.226195 ^ clkbuf_1_0__f_clk_i/A (sky130_fd_sc_hd__clkbuf_16)
     1    0.060543    0.121212    0.278728    0.504923 ^ clkbuf_1_0__f_clk_i/X (sky130_fd_sc_hd__clkbuf_16)
                                                         clknet_1_0__leaf_clk_i (net)
                      0.165221    0.014071    0.518994 ^ u_sram/clk0 (sky130_sram_1kbyte_1rw1r_32x256_8)
                                  0.250000    0.768994   clock uncertainty
                                  0.000000    0.768994   clock reconvergence pessimism
                                 -0.056000    0.712994   library hold time
                                              0.712994   data required time
---------------------------------------------------------------------------------------------
                                              0.712994   data required time
                                             -2.000269   data arrival time
---------------------------------------------------------------------------------------------
                                              1.287275   slack (MET)


Startpoint: axi_wdata_i[31] (input port clocked by clk_i)
Endpoint: u_sram (falling edge-triggered flip-flop clocked by clk_i)
Path Group: clk_i
Path Type: min

Fanout         Cap        Slew       Delay        Time   Description
---------------------------------------------------------------------------------------------
                                  0.000000    0.000000   clock clk_i (rise edge)
                                  0.000000    0.000000   clock network delay (propagated)
                                  2.000000    2.000000 ^ input external delay
     1    0.015120    0.000000    0.000000    2.000000 ^ axi_wdata_i[31] (in)
                                                         axi_wdata_i[31] (net)
                      0.001198    0.000283    2.000283 ^ u_sram/din0[31] (sky130_sram_1kbyte_1rw1r_32x256_8)
                                              2.000283   data arrival time

                                  0.000000    0.000000   clock clk_i (rise edge)
                                  0.000000    0.000000   clock source latency
     2    0.073694    0.000000    0.000000    0.000000 ^ clk_i (in)
                                                         clk_i (net)
                      0.008592    0.004296    0.004296 ^ clkbuf_0_clk_i/A (sky130_fd_sc_hd__clkbuf_16)
     2    0.038551    0.092291    0.220696    0.224991 ^ clkbuf_0_clk_i/X (sky130_fd_sc_hd__clkbuf_16)
                                                         clknet_0_clk_i (net)
                      0.092306    0.001204    0.226195 ^ clkbuf_1_0__f_clk_i/A (sky130_fd_sc_hd__clkbuf_16)
     1    0.060543    0.121212    0.278728    0.504923 ^ clkbuf_1_0__f_clk_i/X (sky130_fd_sc_hd__clkbuf_16)
                                                         clknet_1_0__leaf_clk_i (net)
                      0.165221    0.014071    0.518994 ^ u_sram/clk0 (sky130_sram_1kbyte_1rw1r_32x256_8)
                                  0.250000    0.768994   clock uncertainty
                                  0.000000    0.768994   clock reconvergence pessimism
                                 -0.056000    0.712994   library hold time
                                              0.712994   data required time
---------------------------------------------------------------------------------------------
                                              0.712994   data required time
                                             -2.000283   data arrival time
---------------------------------------------------------------------------------------------
                                              1.287289   slack (MET)


Startpoint: axi_wdata_i[0] (input port clocked by clk_i)
Endpoint: u_sram (falling edge-triggered flip-flop clocked by clk_i)
Path Group: clk_i
Path Type: min

Fanout         Cap        Slew       Delay        Time   Description
---------------------------------------------------------------------------------------------
                                  0.000000    0.000000   clock clk_i (rise edge)
                                  0.000000    0.000000   clock network delay (propagated)
                                  2.000000    2.000000 ^ input external delay
     1    0.013148    0.000000    0.000000    2.000000 ^ axi_wdata_i[0] (in)
                                                         axi_wdata_i[0] (net)
                      0.001542    0.000365    2.000365 ^ u_sram/din0[0] (sky130_sram_1kbyte_1rw1r_32x256_8)
                                              2.000365   data arrival time

                                  0.000000    0.000000   clock clk_i (rise edge)
                                  0.000000    0.000000   clock source latency
     2    0.073694    0.000000    0.000000    0.000000 ^ clk_i (in)
                                                         clk_i (net)
                      0.008592    0.004296    0.004296 ^ clkbuf_0_clk_i/A (sky130_fd_sc_hd__clkbuf_16)
     2    0.038551    0.092291    0.220696    0.224991 ^ clkbuf_0_clk_i/X (sky130_fd_sc_hd__clkbuf_16)
                                                         clknet_0_clk_i (net)
                      0.092306    0.001204    0.226195 ^ clkbuf_1_0__f_clk_i/A (sky130_fd_sc_hd__clkbuf_16)
     1    0.060543    0.121212    0.278728    0.504923 ^ clkbuf_1_0__f_clk_i/X (sky130_fd_sc_hd__clkbuf_16)
                                                         clknet_1_0__leaf_clk_i (net)
                      0.165221    0.014071    0.518994 ^ u_sram/clk0 (sky130_sram_1kbyte_1rw1r_32x256_8)
                                  0.250000    0.768994   clock uncertainty
                                  0.000000    0.768994   clock reconvergence pessimism
                                 -0.056000    0.712994   library hold time
                                              0.712994   data required time
---------------------------------------------------------------------------------------------
                                              0.712994   data required time
                                             -2.000365   data arrival time
---------------------------------------------------------------------------------------------
                                              1.287371   slack (MET)


Startpoint: axi_wdata_i[1] (input port clocked by clk_i)
Endpoint: u_sram (falling edge-triggered flip-flop clocked by clk_i)
Path Group: clk_i
Path Type: min

Fanout         Cap        Slew       Delay        Time   Description
---------------------------------------------------------------------------------------------
                                  0.000000    0.000000   clock clk_i (rise edge)
                                  0.000000    0.000000   clock network delay (propagated)
                                  2.000000    2.000000 ^ input external delay
     1    0.013179    0.000000    0.000000    2.000000 ^ axi_wdata_i[1] (in)
                                                         axi_wdata_i[1] (net)
                      0.001547    0.000366    2.000366 ^ u_sram/din0[1] (sky130_sram_1kbyte_1rw1r_32x256_8)
                                              2.000366   data arrival time

                                  0.000000    0.000000   clock clk_i (rise edge)
                                  0.000000    0.000000   clock source latency
     2    0.073694    0.000000    0.000000    0.000000 ^ clk_i (in)
                                                         clk_i (net)
                      0.008592    0.004296    0.004296 ^ clkbuf_0_clk_i/A (sky130_fd_sc_hd__clkbuf_16)
     2    0.038551    0.092291    0.220696    0.224991 ^ clkbuf_0_clk_i/X (sky130_fd_sc_hd__clkbuf_16)
                                                         clknet_0_clk_i (net)
                      0.092306    0.001204    0.226195 ^ clkbuf_1_0__f_clk_i/A (sky130_fd_sc_hd__clkbuf_16)
     1    0.060543    0.121212    0.278728    0.504923 ^ clkbuf_1_0__f_clk_i/X (sky130_fd_sc_hd__clkbuf_16)
                                                         clknet_1_0__leaf_clk_i (net)
                      0.165221    0.014071    0.518994 ^ u_sram/clk0 (sky130_sram_1kbyte_1rw1r_32x256_8)
                                  0.250000    0.768994   clock uncertainty
                                  0.000000    0.768994   clock reconvergence pessimism
                                 -0.056000    0.712994   library hold time
                                              0.712994   data required time
---------------------------------------------------------------------------------------------
                                              0.712994   data required time
                                             -2.000366   data arrival time
---------------------------------------------------------------------------------------------
                                              1.287372   slack (MET)


Startpoint: axi_wdata_i[3] (input port clocked by clk_i)
Endpoint: u_sram (falling edge-triggered flip-flop clocked by clk_i)
Path Group: clk_i
Path Type: min

Fanout         Cap        Slew       Delay        Time   Description
---------------------------------------------------------------------------------------------
                                  0.000000    0.000000   clock clk_i (rise edge)
                                  0.000000    0.000000   clock network delay (propagated)
                                  2.000000    2.000000 ^ input external delay
     1    0.013151    0.000000    0.000000    2.000000 ^ axi_wdata_i[3] (in)
                                                         axi_wdata_i[3] (net)
                      0.001542    0.000365    2.000365 ^ u_sram/din0[3] (sky130_sram_1kbyte_1rw1r_32x256_8)
                                              2.000365   data arrival time

                                  0.000000    0.000000   clock clk_i (rise edge)
                                  0.000000    0.000000   clock source latency
     2    0.073694    0.000000    0.000000    0.000000 ^ clk_i (in)
                                                         clk_i (net)
                      0.008592    0.004296    0.004296 ^ clkbuf_0_clk_i/A (sky130_fd_sc_hd__clkbuf_16)
     2    0.038551    0.092291    0.220696    0.224991 ^ clkbuf_0_clk_i/X (sky130_fd_sc_hd__clkbuf_16)
                                                         clknet_0_clk_i (net)
                      0.092306    0.001204    0.226195 ^ clkbuf_1_0__f_clk_i/A (sky130_fd_sc_hd__clkbuf_16)
     1    0.060543    0.121212    0.278728    0.504923 ^ clkbuf_1_0__f_clk_i/X (sky130_fd_sc_hd__clkbuf_16)
                                                         clknet_1_0__leaf_clk_i (net)
                      0.165221    0.014071    0.518994 ^ u_sram/clk0 (sky130_sram_1kbyte_1rw1r_32x256_8)
                                  0.250000    0.768994   clock uncertainty
                                  0.000000    0.768994   clock reconvergence pessimism
                                 -0.056000    0.712994   library hold time
                                              0.712994   data required time
---------------------------------------------------------------------------------------------
                                              0.712994   data required time
                                             -2.000365   data arrival time
---------------------------------------------------------------------------------------------
                                              1.287371   slack (MET)


Startpoint: axi_wdata_i[4] (input port clocked by clk_i)
Endpoint: u_sram (falling edge-triggered flip-flop clocked by clk_i)
Path Group: clk_i
Path Type: min

Fanout         Cap        Slew       Delay        Time   Description
---------------------------------------------------------------------------------------------
                                  0.000000    0.000000   clock clk_i (rise edge)
                                  0.000000    0.000000   clock network delay (propagated)
                                  2.000000    2.000000 ^ input external delay
     1    0.013151    0.000000    0.000000    2.000000 ^ axi_wdata_i[4] (in)
                                                         axi_wdata_i[4] (net)
                      0.001542    0.000365    2.000365 ^ u_sram/din0[4] (sky130_sram_1kbyte_1rw1r_32x256_8)
                                              2.000365   data arrival time

                                  0.000000    0.000000   clock clk_i (rise edge)
                                  0.000000    0.000000   clock source latency
     2    0.073694    0.000000    0.000000    0.000000 ^ clk_i (in)
                                                         clk_i (net)
                      0.008592    0.004296    0.004296 ^ clkbuf_0_clk_i/A (sky130_fd_sc_hd__clkbuf_16)
     2    0.038551    0.092291    0.220696    0.224991 ^ clkbuf_0_clk_i/X (sky130_fd_sc_hd__clkbuf_16)
                                                         clknet_0_clk_i (net)
                      0.092306    0.001204    0.226195 ^ clkbuf_1_0__f_clk_i/A (sky130_fd_sc_hd__clkbuf_16)
     1    0.060543    0.121212    0.278728    0.504923 ^ clkbuf_1_0__f_clk_i/X (sky130_fd_sc_hd__clkbuf_16)
                                                         clknet_1_0__leaf_clk_i (net)
                      0.165221    0.014071    0.518994 ^ u_sram/clk0 (sky130_sram_1kbyte_1rw1r_32x256_8)
                                  0.250000    0.768994   clock uncertainty
                                  0.000000    0.768994   clock reconvergence pessimism
                                 -0.056000    0.712994   library hold time
                                              0.712994   data required time
---------------------------------------------------------------------------------------------
                                              0.712994   data required time
                                             -2.000365   data arrival time
---------------------------------------------------------------------------------------------
                                              1.287371   slack (MET)


Startpoint: axi_wdata_i[2] (input port clocked by clk_i)
Endpoint: u_sram (falling edge-triggered flip-flop clocked by clk_i)
Path Group: clk_i
Path Type: min

Fanout         Cap        Slew       Delay        Time   Description
---------------------------------------------------------------------------------------------
                                  0.000000    0.000000   clock clk_i (rise edge)
                                  0.000000    0.000000   clock network delay (propagated)
                                  2.000000    2.000000 ^ input external delay
     1    0.013189    0.000000    0.000000    2.000000 ^ axi_wdata_i[2] (in)
                                                         axi_wdata_i[2] (net)
                      0.001549    0.000366    2.000366 ^ u_sram/din0[2] (sky130_sram_1kbyte_1rw1r_32x256_8)
                                              2.000366   data arrival time

                                  0.000000    0.000000   clock clk_i (rise edge)
                                  0.000000    0.000000   clock source latency
     2    0.073694    0.000000    0.000000    0.000000 ^ clk_i (in)
                                                         clk_i (net)
                      0.008592    0.004296    0.004296 ^ clkbuf_0_clk_i/A (sky130_fd_sc_hd__clkbuf_16)
     2    0.038551    0.092291    0.220696    0.224991 ^ clkbuf_0_clk_i/X (sky130_fd_sc_hd__clkbuf_16)
                                                         clknet_0_clk_i (net)
                      0.092306    0.001204    0.226195 ^ clkbuf_1_0__f_clk_i/A (sky130_fd_sc_hd__clkbuf_16)
     1    0.060543    0.121212    0.278728    0.504923 ^ clkbuf_1_0__f_clk_i/X (sky130_fd_sc_hd__clkbuf_16)
                                                         clknet_1_0__leaf_clk_i (net)
                      0.165221    0.014071    0.518994 ^ u_sram/clk0 (sky130_sram_1kbyte_1rw1r_32x256_8)
                                  0.250000    0.768994   clock uncertainty
                                  0.000000    0.768994   clock reconvergence pessimism
                                 -0.056000    0.712994   library hold time
                                              0.712994   data required time
---------------------------------------------------------------------------------------------
                                              0.712994   data required time
                                             -2.000366   data arrival time
---------------------------------------------------------------------------------------------
                                              1.287372   slack (MET)


Startpoint: axi_wdata_i[5] (input port clocked by clk_i)
Endpoint: u_sram (falling edge-triggered flip-flop clocked by clk_i)
Path Group: clk_i
Path Type: min

Fanout         Cap        Slew       Delay        Time   Description
---------------------------------------------------------------------------------------------
                                  0.000000    0.000000   clock clk_i (rise edge)
                                  0.000000    0.000000   clock network delay (propagated)
                                  2.000000    2.000000 ^ input external delay
     1    0.013168    0.000000    0.000000    2.000000 ^ axi_wdata_i[5] (in)
                                                         axi_wdata_i[5] (net)
                      0.001545    0.000365    2.000365 ^ u_sram/din0[5] (sky130_sram_1kbyte_1rw1r_32x256_8)
                                              2.000365   data arrival time

                                  0.000000    0.000000   clock clk_i (rise edge)
                                  0.000000    0.000000   clock source latency
     2    0.073694    0.000000    0.000000    0.000000 ^ clk_i (in)
                                                         clk_i (net)
                      0.008592    0.004296    0.004296 ^ clkbuf_0_clk_i/A (sky130_fd_sc_hd__clkbuf_16)
     2    0.038551    0.092291    0.220696    0.224991 ^ clkbuf_0_clk_i/X (sky130_fd_sc_hd__clkbuf_16)
                                                         clknet_0_clk_i (net)
                      0.092306    0.001204    0.226195 ^ clkbuf_1_0__f_clk_i/A (sky130_fd_sc_hd__clkbuf_16)
     1    0.060543    0.121212    0.278728    0.504923 ^ clkbuf_1_0__f_clk_i/X (sky130_fd_sc_hd__clkbuf_16)
                                                         clknet_1_0__leaf_clk_i (net)
                      0.165221    0.014071    0.518994 ^ u_sram/clk0 (sky130_sram_1kbyte_1rw1r_32x256_8)
                                  0.250000    0.768994   clock uncertainty
                                  0.000000    0.768994   clock reconvergence pessimism
                                 -0.056000    0.712994   library hold time
                                              0.712994   data required time
---------------------------------------------------------------------------------------------
                                              0.712994   data required time
                                             -2.000365   data arrival time
---------------------------------------------------------------------------------------------
                                              1.287372   slack (MET)


Startpoint: axi_wdata_i[15] (input port clocked by clk_i)
Endpoint: u_sram (falling edge-triggered flip-flop clocked by clk_i)
Path Group: clk_i
Path Type: min

Fanout         Cap        Slew       Delay        Time   Description
---------------------------------------------------------------------------------------------
                                  0.000000    0.000000   clock clk_i (rise edge)
                                  0.000000    0.000000   clock network delay (propagated)
                                  2.000000    2.000000 ^ input external delay
     1    0.013252    0.000000    0.000000    2.000000 ^ axi_wdata_i[15] (in)
                                                         axi_wdata_i[15] (net)
                      0.001569    0.000371    2.000371 ^ u_sram/din0[15] (sky130_sram_1kbyte_1rw1r_32x256_8)
                                              2.000371   data arrival time

                                  0.000000    0.000000   clock clk_i (rise edge)
                                  0.000000    0.000000   clock source latency
     2    0.073694    0.000000    0.000000    0.000000 ^ clk_i (in)
                                                         clk_i (net)
                      0.008592    0.004296    0.004296 ^ clkbuf_0_clk_i/A (sky130_fd_sc_hd__clkbuf_16)
     2    0.038551    0.092291    0.220696    0.224991 ^ clkbuf_0_clk_i/X (sky130_fd_sc_hd__clkbuf_16)
                                                         clknet_0_clk_i (net)
                      0.092306    0.001204    0.226195 ^ clkbuf_1_0__f_clk_i/A (sky130_fd_sc_hd__clkbuf_16)
     1    0.060543    0.121212    0.278728    0.504923 ^ clkbuf_1_0__f_clk_i/X (sky130_fd_sc_hd__clkbuf_16)
                                                         clknet_1_0__leaf_clk_i (net)
                      0.165221    0.014071    0.518994 ^ u_sram/clk0 (sky130_sram_1kbyte_1rw1r_32x256_8)
                                  0.250000    0.768994   clock uncertainty
                                  0.000000    0.768994   clock reconvergence pessimism
                                 -0.056000    0.712994   library hold time
                                              0.712994   data required time
---------------------------------------------------------------------------------------------
                                              0.712994   data required time
                                             -2.000371   data arrival time
---------------------------------------------------------------------------------------------
                                              1.287377   slack (MET)


Startpoint: axi_wdata_i[24] (input port clocked by clk_i)
Endpoint: u_sram (falling edge-triggered flip-flop clocked by clk_i)
Path Group: clk_i
Path Type: min

Fanout         Cap        Slew       Delay        Time   Description
---------------------------------------------------------------------------------------------
                                  0.000000    0.000000   clock clk_i (rise edge)
                                  0.000000    0.000000   clock network delay (propagated)
                                  2.000000    2.000000 ^ input external delay
     1    0.013715    0.000000    0.000000    2.000000 ^ axi_wdata_i[24] (in)
                                                         axi_wdata_i[24] (net)
                      0.001628    0.000385    2.000385 ^ u_sram/din0[24] (sky130_sram_1kbyte_1rw1r_32x256_8)
                                              2.000385   data arrival time

                                  0.000000    0.000000   clock clk_i (rise edge)
                                  0.000000    0.000000   clock source latency
     2    0.073694    0.000000    0.000000    0.000000 ^ clk_i (in)
                                                         clk_i (net)
                      0.008592    0.004296    0.004296 ^ clkbuf_0_clk_i/A (sky130_fd_sc_hd__clkbuf_16)
     2    0.038551    0.092291    0.220696    0.224991 ^ clkbuf_0_clk_i/X (sky130_fd_sc_hd__clkbuf_16)
                                                         clknet_0_clk_i (net)
                      0.092306    0.001204    0.226195 ^ clkbuf_1_0__f_clk_i/A (sky130_fd_sc_hd__clkbuf_16)
     1    0.060543    0.121212    0.278728    0.504923 ^ clkbuf_1_0__f_clk_i/X (sky130_fd_sc_hd__clkbuf_16)
                                                         clknet_1_0__leaf_clk_i (net)
                      0.165221    0.014071    0.518994 ^ u_sram/clk0 (sky130_sram_1kbyte_1rw1r_32x256_8)
                                  0.250000    0.768994   clock uncertainty
                                  0.000000    0.768994   clock reconvergence pessimism
                                 -0.056000    0.712994   library hold time
                                              0.712994   data required time
---------------------------------------------------------------------------------------------
                                              0.712994   data required time
                                             -2.000385   data arrival time
---------------------------------------------------------------------------------------------
                                              1.287391   slack (MET)


Startpoint: axi_wdata_i[28] (input port clocked by clk_i)
Endpoint: u_sram (falling edge-triggered flip-flop clocked by clk_i)
Path Group: clk_i
Path Type: min

Fanout         Cap        Slew       Delay        Time   Description
---------------------------------------------------------------------------------------------
                                  0.000000    0.000000   clock clk_i (rise edge)
                                  0.000000    0.000000   clock network delay (propagated)
                                  2.000000    2.000000 ^ input external delay
     1    0.013891    0.000000    0.000000    2.000000 ^ axi_wdata_i[28] (in)
                                                         axi_wdata_i[28] (net)
                      0.001665    0.000394    2.000394 ^ u_sram/din0[28] (sky130_sram_1kbyte_1rw1r_32x256_8)
                                              2.000394   data arrival time

                                  0.000000    0.000000   clock clk_i (rise edge)
                                  0.000000    0.000000   clock source latency
     2    0.073694    0.000000    0.000000    0.000000 ^ clk_i (in)
                                                         clk_i (net)
                      0.008592    0.004296    0.004296 ^ clkbuf_0_clk_i/A (sky130_fd_sc_hd__clkbuf_16)
     2    0.038551    0.092291    0.220696    0.224991 ^ clkbuf_0_clk_i/X (sky130_fd_sc_hd__clkbuf_16)
                                                         clknet_0_clk_i (net)
                      0.092306    0.001204    0.226195 ^ clkbuf_1_0__f_clk_i/A (sky130_fd_sc_hd__clkbuf_16)
     1    0.060543    0.121212    0.278728    0.504923 ^ clkbuf_1_0__f_clk_i/X (sky130_fd_sc_hd__clkbuf_16)
                                                         clknet_1_0__leaf_clk_i (net)
                      0.165221    0.014071    0.518994 ^ u_sram/clk0 (sky130_sram_1kbyte_1rw1r_32x256_8)
                                  0.250000    0.768994   clock uncertainty
                                  0.000000    0.768994   clock reconvergence pessimism
                                 -0.056000    0.712994   library hold time
                                              0.712994   data required time
---------------------------------------------------------------------------------------------
                                              0.712994   data required time
                                             -2.000394   data arrival time
---------------------------------------------------------------------------------------------
                                              1.287400   slack (MET)


Startpoint: axi_wdata_i[16] (input port clocked by clk_i)
Endpoint: u_sram (falling edge-triggered flip-flop clocked by clk_i)
Path Group: clk_i
Path Type: min

Fanout         Cap        Slew       Delay        Time   Description
---------------------------------------------------------------------------------------------
                                  0.000000    0.000000   clock clk_i (rise edge)
                                  0.000000    0.000000   clock network delay (propagated)
                                  2.000000    2.000000 ^ input external delay
     1    0.014487    0.000000    0.000000    2.000000 ^ axi_wdata_i[16] (in)
                                                         axi_wdata_i[16] (net)
                      0.001741    0.000412    2.000412 ^ u_sram/din0[16] (sky130_sram_1kbyte_1rw1r_32x256_8)
                                              2.000412   data arrival time

                                  0.000000    0.000000   clock clk_i (rise edge)
                                  0.000000    0.000000   clock source latency
     2    0.073694    0.000000    0.000000    0.000000 ^ clk_i (in)
                                                         clk_i (net)
                      0.008592    0.004296    0.004296 ^ clkbuf_0_clk_i/A (sky130_fd_sc_hd__clkbuf_16)
     2    0.038551    0.092291    0.220696    0.224991 ^ clkbuf_0_clk_i/X (sky130_fd_sc_hd__clkbuf_16)
                                                         clknet_0_clk_i (net)
                      0.092306    0.001204    0.226195 ^ clkbuf_1_0__f_clk_i/A (sky130_fd_sc_hd__clkbuf_16)
     1    0.060543    0.121212    0.278728    0.504923 ^ clkbuf_1_0__f_clk_i/X (sky130_fd_sc_hd__clkbuf_16)
                                                         clknet_1_0__leaf_clk_i (net)
                      0.165221    0.014071    0.518994 ^ u_sram/clk0 (sky130_sram_1kbyte_1rw1r_32x256_8)
                                  0.250000    0.768994   clock uncertainty
                                  0.000000    0.768994   clock reconvergence pessimism
                                 -0.056000    0.712994   library hold time
                                              0.712994   data required time
---------------------------------------------------------------------------------------------
                                              0.712994   data required time
                                             -2.000412   data arrival time
---------------------------------------------------------------------------------------------
                                              1.287418   slack (MET)


Startpoint: axi_wdata_i[17] (input port clocked by clk_i)
Endpoint: u_sram (falling edge-triggered flip-flop clocked by clk_i)
Path Group: clk_i
Path Type: min

Fanout         Cap        Slew       Delay        Time   Description
---------------------------------------------------------------------------------------------
                                  0.000000    0.000000   clock clk_i (rise edge)
                                  0.000000    0.000000   clock network delay (propagated)
                                  2.000000    2.000000 ^ input external delay
     1    0.014483    0.000000    0.000000    2.000000 ^ axi_wdata_i[17] (in)
                                                         axi_wdata_i[17] (net)
                      0.001741    0.000412    2.000412 ^ u_sram/din0[17] (sky130_sram_1kbyte_1rw1r_32x256_8)
                                              2.000412   data arrival time

                                  0.000000    0.000000   clock clk_i (rise edge)
                                  0.000000    0.000000   clock source latency
     2    0.073694    0.000000    0.000000    0.000000 ^ clk_i (in)
                                                         clk_i (net)
                      0.008592    0.004296    0.004296 ^ clkbuf_0_clk_i/A (sky130_fd_sc_hd__clkbuf_16)
     2    0.038551    0.092291    0.220696    0.224991 ^ clkbuf_0_clk_i/X (sky130_fd_sc_hd__clkbuf_16)
                                                         clknet_0_clk_i (net)
                      0.092306    0.001204    0.226195 ^ clkbuf_1_0__f_clk_i/A (sky130_fd_sc_hd__clkbuf_16)
     1    0.060543    0.121212    0.278728    0.504923 ^ clkbuf_1_0__f_clk_i/X (sky130_fd_sc_hd__clkbuf_16)
                                                         clknet_1_0__leaf_clk_i (net)
                      0.165221    0.014071    0.518994 ^ u_sram/clk0 (sky130_sram_1kbyte_1rw1r_32x256_8)
                                  0.250000    0.768994   clock uncertainty
                                  0.000000    0.768994   clock reconvergence pessimism
                                 -0.056000    0.712994   library hold time
                                              0.712994   data required time
---------------------------------------------------------------------------------------------
                                              0.712994   data required time
                                             -2.000412   data arrival time
---------------------------------------------------------------------------------------------
                                              1.287418   slack (MET)


Startpoint: axi_wdata_i[20] (input port clocked by clk_i)
Endpoint: u_sram (falling edge-triggered flip-flop clocked by clk_i)
Path Group: clk_i
Path Type: min

Fanout         Cap        Slew       Delay        Time   Description
---------------------------------------------------------------------------------------------
                                  0.000000    0.000000   clock clk_i (rise edge)
                                  0.000000    0.000000   clock network delay (propagated)
                                  2.000000    2.000000 ^ input external delay
     1    0.014463    0.000000    0.000000    2.000000 ^ axi_wdata_i[20] (in)
                                                         axi_wdata_i[20] (net)
                      0.001737    0.000411    2.000411 ^ u_sram/din0[20] (sky130_sram_1kbyte_1rw1r_32x256_8)
                                              2.000411   data arrival time

                                  0.000000    0.000000   clock clk_i (rise edge)
                                  0.000000    0.000000   clock source latency
     2    0.073694    0.000000    0.000000    0.000000 ^ clk_i (in)
                                                         clk_i (net)
                      0.008592    0.004296    0.004296 ^ clkbuf_0_clk_i/A (sky130_fd_sc_hd__clkbuf_16)
     2    0.038551    0.092291    0.220696    0.224991 ^ clkbuf_0_clk_i/X (sky130_fd_sc_hd__clkbuf_16)
                                                         clknet_0_clk_i (net)
                      0.092306    0.001204    0.226195 ^ clkbuf_1_0__f_clk_i/A (sky130_fd_sc_hd__clkbuf_16)
     1    0.060543    0.121212    0.278728    0.504923 ^ clkbuf_1_0__f_clk_i/X (sky130_fd_sc_hd__clkbuf_16)
                                                         clknet_1_0__leaf_clk_i (net)
                      0.165221    0.014071    0.518994 ^ u_sram/clk0 (sky130_sram_1kbyte_1rw1r_32x256_8)
                                  0.250000    0.768994   clock uncertainty
                                  0.000000    0.768994   clock reconvergence pessimism
                                 -0.056000    0.712994   library hold time
                                              0.712994   data required time
---------------------------------------------------------------------------------------------
                                              0.712994   data required time
                                             -2.000411   data arrival time
---------------------------------------------------------------------------------------------
                                              1.287417   slack (MET)


Startpoint: axi_wdata_i[18] (input port clocked by clk_i)
Endpoint: u_sram (falling edge-triggered flip-flop clocked by clk_i)
Path Group: clk_i
Path Type: min

Fanout         Cap        Slew       Delay        Time   Description
---------------------------------------------------------------------------------------------
                                  0.000000    0.000000   clock clk_i (rise edge)
                                  0.000000    0.000000   clock network delay (propagated)
                                  2.000000    2.000000 ^ input external delay
     1    0.014501    0.000000    0.000000    2.000000 ^ axi_wdata_i[18] (in)
                                                         axi_wdata_i[18] (net)
                      0.001743    0.000413    2.000412 ^ u_sram/din0[18] (sky130_sram_1kbyte_1rw1r_32x256_8)
                                              2.000412   data arrival time

                                  0.000000    0.000000   clock clk_i (rise edge)
                                  0.000000    0.000000   clock source latency
     2    0.073694    0.000000    0.000000    0.000000 ^ clk_i (in)
                                                         clk_i (net)
                      0.008592    0.004296    0.004296 ^ clkbuf_0_clk_i/A (sky130_fd_sc_hd__clkbuf_16)
     2    0.038551    0.092291    0.220696    0.224991 ^ clkbuf_0_clk_i/X (sky130_fd_sc_hd__clkbuf_16)
                                                         clknet_0_clk_i (net)
                      0.092306    0.001204    0.226195 ^ clkbuf_1_0__f_clk_i/A (sky130_fd_sc_hd__clkbuf_16)
     1    0.060543    0.121212    0.278728    0.504923 ^ clkbuf_1_0__f_clk_i/X (sky130_fd_sc_hd__clkbuf_16)
                                                         clknet_1_0__leaf_clk_i (net)
                      0.165221    0.014071    0.518994 ^ u_sram/clk0 (sky130_sram_1kbyte_1rw1r_32x256_8)
                                  0.250000    0.768994   clock uncertainty
                                  0.000000    0.768994   clock reconvergence pessimism
                                 -0.056000    0.712994   library hold time
                                              0.712994   data required time
---------------------------------------------------------------------------------------------
                                              0.712994   data required time
                                             -2.000412   data arrival time
---------------------------------------------------------------------------------------------
                                              1.287418   slack (MET)


Startpoint: axi_wdata_i[22] (input port clocked by clk_i)
Endpoint: u_sram (falling edge-triggered flip-flop clocked by clk_i)
Path Group: clk_i
Path Type: min

Fanout         Cap        Slew       Delay        Time   Description
---------------------------------------------------------------------------------------------
                                  0.000000    0.000000   clock clk_i (rise edge)
                                  0.000000    0.000000   clock network delay (propagated)
                                  2.000000    2.000000 ^ input external delay
     1    0.014501    0.000000    0.000000    2.000000 ^ axi_wdata_i[22] (in)
                                                         axi_wdata_i[22] (net)
                      0.001743    0.000412    2.000412 ^ u_sram/din0[22] (sky130_sram_1kbyte_1rw1r_32x256_8)
                                              2.000412   data arrival time

                                  0.000000    0.000000   clock clk_i (rise edge)
                                  0.000000    0.000000   clock source latency
     2    0.073694    0.000000    0.000000    0.000000 ^ clk_i (in)
                                                         clk_i (net)
                      0.008592    0.004296    0.004296 ^ clkbuf_0_clk_i/A (sky130_fd_sc_hd__clkbuf_16)
     2    0.038551    0.092291    0.220696    0.224991 ^ clkbuf_0_clk_i/X (sky130_fd_sc_hd__clkbuf_16)
                                                         clknet_0_clk_i (net)
                      0.092306    0.001204    0.226195 ^ clkbuf_1_0__f_clk_i/A (sky130_fd_sc_hd__clkbuf_16)
     1    0.060543    0.121212    0.278728    0.504923 ^ clkbuf_1_0__f_clk_i/X (sky130_fd_sc_hd__clkbuf_16)
                                                         clknet_1_0__leaf_clk_i (net)
                      0.165221    0.014071    0.518994 ^ u_sram/clk0 (sky130_sram_1kbyte_1rw1r_32x256_8)
                                  0.250000    0.768994   clock uncertainty
                                  0.000000    0.768994   clock reconvergence pessimism
                                 -0.056000    0.712994   library hold time
                                              0.712994   data required time
---------------------------------------------------------------------------------------------
                                              0.712994   data required time
                                             -2.000412   data arrival time
---------------------------------------------------------------------------------------------
                                              1.287418   slack (MET)


Startpoint: axi_wdata_i[29] (input port clocked by clk_i)
Endpoint: u_sram (falling edge-triggered flip-flop clocked by clk_i)
Path Group: clk_i
Path Type: min

Fanout         Cap        Slew       Delay        Time   Description
---------------------------------------------------------------------------------------------
                                  0.000000    0.000000   clock clk_i (rise edge)
                                  0.000000    0.000000   clock network delay (propagated)
                                  2.000000    2.000000 ^ input external delay
     1    0.014489    0.000000    0.000000    2.000000 ^ axi_wdata_i[29] (in)
                                                         axi_wdata_i[29] (net)
                      0.001741    0.000412    2.000412 ^ u_sram/din0[29] (sky130_sram_1kbyte_1rw1r_32x256_8)
                                              2.000412   data arrival time

                                  0.000000    0.000000   clock clk_i (rise edge)
                                  0.000000    0.000000   clock source latency
     2    0.073694    0.000000    0.000000    0.000000 ^ clk_i (in)
                                                         clk_i (net)
                      0.008592    0.004296    0.004296 ^ clkbuf_0_clk_i/A (sky130_fd_sc_hd__clkbuf_16)
     2    0.038551    0.092291    0.220696    0.224991 ^ clkbuf_0_clk_i/X (sky130_fd_sc_hd__clkbuf_16)
                                                         clknet_0_clk_i (net)
                      0.092306    0.001204    0.226195 ^ clkbuf_1_0__f_clk_i/A (sky130_fd_sc_hd__clkbuf_16)
     1    0.060543    0.121212    0.278728    0.504923 ^ clkbuf_1_0__f_clk_i/X (sky130_fd_sc_hd__clkbuf_16)
                                                         clknet_1_0__leaf_clk_i (net)
                      0.165221    0.014071    0.518994 ^ u_sram/clk0 (sky130_sram_1kbyte_1rw1r_32x256_8)
                                  0.250000    0.768994   clock uncertainty
                                  0.000000    0.768994   clock reconvergence pessimism
                                 -0.056000    0.712994   library hold time
                                              0.712994   data required time
---------------------------------------------------------------------------------------------
                                              0.712994   data required time
                                             -2.000412   data arrival time
---------------------------------------------------------------------------------------------
                                              1.287418   slack (MET)


Startpoint: axi_wdata_i[26] (input port clocked by clk_i)
Endpoint: u_sram (falling edge-triggered flip-flop clocked by clk_i)
Path Group: clk_i
Path Type: min

Fanout         Cap        Slew       Delay        Time   Description
---------------------------------------------------------------------------------------------
                                  0.000000    0.000000   clock clk_i (rise edge)
                                  0.000000    0.000000   clock network delay (propagated)
                                  2.000000    2.000000 ^ input external delay
     1    0.014520    0.000000    0.000000    2.000000 ^ axi_wdata_i[26] (in)
                                                         axi_wdata_i[26] (net)
                      0.001746    0.000413    2.000413 ^ u_sram/din0[26] (sky130_sram_1kbyte_1rw1r_32x256_8)
                                              2.000413   data arrival time

                                  0.000000    0.000000   clock clk_i (rise edge)
                                  0.000000    0.000000   clock source latency
     2    0.073694    0.000000    0.000000    0.000000 ^ clk_i (in)
                                                         clk_i (net)
                      0.008592    0.004296    0.004296 ^ clkbuf_0_clk_i/A (sky130_fd_sc_hd__clkbuf_16)
     2    0.038551    0.092291    0.220696    0.224991 ^ clkbuf_0_clk_i/X (sky130_fd_sc_hd__clkbuf_16)
                                                         clknet_0_clk_i (net)
                      0.092306    0.001204    0.226195 ^ clkbuf_1_0__f_clk_i/A (sky130_fd_sc_hd__clkbuf_16)
     1    0.060543    0.121212    0.278728    0.504923 ^ clkbuf_1_0__f_clk_i/X (sky130_fd_sc_hd__clkbuf_16)
                                                         clknet_1_0__leaf_clk_i (net)
                      0.165221    0.014071    0.518994 ^ u_sram/clk0 (sky130_sram_1kbyte_1rw1r_32x256_8)
                                  0.250000    0.768994   clock uncertainty
                                  0.000000    0.768994   clock reconvergence pessimism
                                 -0.056000    0.712994   library hold time
                                              0.712994   data required time
---------------------------------------------------------------------------------------------
                                              0.712994   data required time
                                             -2.000413   data arrival time
---------------------------------------------------------------------------------------------
                                              1.287419   slack (MET)


Startpoint: axi_wdata_i[19] (input port clocked by clk_i)
Endpoint: u_sram (falling edge-triggered flip-flop clocked by clk_i)
Path Group: clk_i
Path Type: min

Fanout         Cap        Slew       Delay        Time   Description
---------------------------------------------------------------------------------------------
                                  0.000000    0.000000   clock clk_i (rise edge)
                                  0.000000    0.000000   clock network delay (propagated)
                                  2.000000    2.000000 ^ input external delay
     1    0.014580    0.000000    0.000000    2.000000 ^ axi_wdata_i[19] (in)
                                                         axi_wdata_i[19] (net)
                      0.001770    0.000419    2.000419 ^ u_sram/din0[19] (sky130_sram_1kbyte_1rw1r_32x256_8)
                                              2.000419   data arrival time

                                  0.000000    0.000000   clock clk_i (rise edge)
                                  0.000000    0.000000   clock source latency
     2    0.073694    0.000000    0.000000    0.000000 ^ clk_i (in)
                                                         clk_i (net)
                      0.008592    0.004296    0.004296 ^ clkbuf_0_clk_i/A (sky130_fd_sc_hd__clkbuf_16)
     2    0.038551    0.092291    0.220696    0.224991 ^ clkbuf_0_clk_i/X (sky130_fd_sc_hd__clkbuf_16)
                                                         clknet_0_clk_i (net)
                      0.092306    0.001204    0.226195 ^ clkbuf_1_0__f_clk_i/A (sky130_fd_sc_hd__clkbuf_16)
     1    0.060543    0.121212    0.278728    0.504923 ^ clkbuf_1_0__f_clk_i/X (sky130_fd_sc_hd__clkbuf_16)
                                                         clknet_1_0__leaf_clk_i (net)
                      0.165221    0.014071    0.518994 ^ u_sram/clk0 (sky130_sram_1kbyte_1rw1r_32x256_8)
                                  0.250000    0.768994   clock uncertainty
                                  0.000000    0.768994   clock reconvergence pessimism
                                 -0.056000    0.712994   library hold time
                                              0.712994   data required time
---------------------------------------------------------------------------------------------
                                              0.712994   data required time
                                             -2.000419   data arrival time
---------------------------------------------------------------------------------------------
                                              1.287425   slack (MET)


Startpoint: axi_wdata_i[21] (input port clocked by clk_i)
Endpoint: u_sram (falling edge-triggered flip-flop clocked by clk_i)
Path Group: clk_i
Path Type: min

Fanout         Cap        Slew       Delay        Time   Description
---------------------------------------------------------------------------------------------
                                  0.000000    0.000000   clock clk_i (rise edge)
                                  0.000000    0.000000   clock network delay (propagated)
                                  2.000000    2.000000 ^ input external delay
     1    0.015002    0.000000    0.000000    2.000000 ^ axi_wdata_i[21] (in)
                                                         axi_wdata_i[21] (net)
                      0.001817    0.000430    2.000430 ^ u_sram/din0[21] (sky130_sram_1kbyte_1rw1r_32x256_8)
                                              2.000430   data arrival time

                                  0.000000    0.000000   clock clk_i (rise edge)
                                  0.000000    0.000000   clock source latency
     2    0.073694    0.000000    0.000000    0.000000 ^ clk_i (in)
                                                         clk_i (net)
                      0.008592    0.004296    0.004296 ^ clkbuf_0_clk_i/A (sky130_fd_sc_hd__clkbuf_16)
     2    0.038551    0.092291    0.220696    0.224991 ^ clkbuf_0_clk_i/X (sky130_fd_sc_hd__clkbuf_16)
                                                         clknet_0_clk_i (net)
                      0.092306    0.001204    0.226195 ^ clkbuf_1_0__f_clk_i/A (sky130_fd_sc_hd__clkbuf_16)
     1    0.060543    0.121212    0.278728    0.504923 ^ clkbuf_1_0__f_clk_i/X (sky130_fd_sc_hd__clkbuf_16)
                                                         clknet_1_0__leaf_clk_i (net)
                      0.165221    0.014071    0.518994 ^ u_sram/clk0 (sky130_sram_1kbyte_1rw1r_32x256_8)
                                  0.250000    0.768994   clock uncertainty
                                  0.000000    0.768994   clock reconvergence pessimism
                                 -0.056000    0.712994   library hold time
                                              0.712994   data required time
---------------------------------------------------------------------------------------------
                                              0.712994   data required time
                                             -2.000430   data arrival time
---------------------------------------------------------------------------------------------
                                              1.287436   slack (MET)


Startpoint: axi_wdata_i[6] (input port clocked by clk_i)
Endpoint: u_sram (falling edge-triggered flip-flop clocked by clk_i)
Path Group: clk_i
Path Type: min

Fanout         Cap        Slew       Delay        Time   Description
---------------------------------------------------------------------------------------------
                                  0.000000    0.000000   clock clk_i (rise edge)
                                  0.000000    0.000000   clock network delay (propagated)
                                  2.000000    2.000000 ^ input external delay
     1    0.015007    0.000000    0.000000    2.000000 ^ axi_wdata_i[6] (in)
                                                         axi_wdata_i[6] (net)
                      0.001818    0.000430    2.000430 ^ u_sram/din0[6] (sky130_sram_1kbyte_1rw1r_32x256_8)
                                              2.000430   data arrival time

                                  0.000000    0.000000   clock clk_i (rise edge)
                                  0.000000    0.000000   clock source latency
     2    0.073694    0.000000    0.000000    0.000000 ^ clk_i (in)
                                                         clk_i (net)
                      0.008592    0.004296    0.004296 ^ clkbuf_0_clk_i/A (sky130_fd_sc_hd__clkbuf_16)
     2    0.038551    0.092291    0.220696    0.224991 ^ clkbuf_0_clk_i/X (sky130_fd_sc_hd__clkbuf_16)
                                                         clknet_0_clk_i (net)
                      0.092306    0.001204    0.226195 ^ clkbuf_1_0__f_clk_i/A (sky130_fd_sc_hd__clkbuf_16)
     1    0.060543    0.121212    0.278728    0.504923 ^ clkbuf_1_0__f_clk_i/X (sky130_fd_sc_hd__clkbuf_16)
                                                         clknet_1_0__leaf_clk_i (net)
                      0.165221    0.014071    0.518994 ^ u_sram/clk0 (sky130_sram_1kbyte_1rw1r_32x256_8)
                                  0.250000    0.768994   clock uncertainty
                                  0.000000    0.768994   clock reconvergence pessimism
                                 -0.056000    0.712994   library hold time
                                              0.712994   data required time
---------------------------------------------------------------------------------------------
                                              0.712994   data required time
                                             -2.000430   data arrival time
---------------------------------------------------------------------------------------------
                                              1.287436   slack (MET)


Startpoint: axi_wdata_i[7] (input port clocked by clk_i)
Endpoint: u_sram (falling edge-triggered flip-flop clocked by clk_i)
Path Group: clk_i
Path Type: min

Fanout         Cap        Slew       Delay        Time   Description
---------------------------------------------------------------------------------------------
                                  0.000000    0.000000   clock clk_i (rise edge)
                                  0.000000    0.000000   clock network delay (propagated)
                                  2.000000    2.000000 ^ input external delay
     1    0.015007    0.000000    0.000000    2.000000 ^ axi_wdata_i[7] (in)
                                                         axi_wdata_i[7] (net)
                      0.001818    0.000430    2.000430 ^ u_sram/din0[7] (sky130_sram_1kbyte_1rw1r_32x256_8)
                                              2.000430   data arrival time

                                  0.000000    0.000000   clock clk_i (rise edge)
                                  0.000000    0.000000   clock source latency
     2    0.073694    0.000000    0.000000    0.000000 ^ clk_i (in)
                                                         clk_i (net)
                      0.008592    0.004296    0.004296 ^ clkbuf_0_clk_i/A (sky130_fd_sc_hd__clkbuf_16)
     2    0.038551    0.092291    0.220696    0.224991 ^ clkbuf_0_clk_i/X (sky130_fd_sc_hd__clkbuf_16)
                                                         clknet_0_clk_i (net)
                      0.092306    0.001204    0.226195 ^ clkbuf_1_0__f_clk_i/A (sky130_fd_sc_hd__clkbuf_16)
     1    0.060543    0.121212    0.278728    0.504923 ^ clkbuf_1_0__f_clk_i/X (sky130_fd_sc_hd__clkbuf_16)
                                                         clknet_1_0__leaf_clk_i (net)
                      0.165221    0.014071    0.518994 ^ u_sram/clk0 (sky130_sram_1kbyte_1rw1r_32x256_8)
                                  0.250000    0.768994   clock uncertainty
                                  0.000000    0.768994   clock reconvergence pessimism
                                 -0.056000    0.712994   library hold time
                                              0.712994   data required time
---------------------------------------------------------------------------------------------
                                              0.712994   data required time
                                             -2.000430   data arrival time
---------------------------------------------------------------------------------------------
                                              1.287436   slack (MET)


Startpoint: axi_wdata_i[8] (input port clocked by clk_i)
Endpoint: u_sram (falling edge-triggered flip-flop clocked by clk_i)
Path Group: clk_i
Path Type: min

Fanout         Cap        Slew       Delay        Time   Description
---------------------------------------------------------------------------------------------
                                  0.000000    0.000000   clock clk_i (rise edge)
                                  0.000000    0.000000   clock network delay (propagated)
                                  2.000000    2.000000 ^ input external delay
     1    0.014994    0.000000    0.000000    2.000000 ^ axi_wdata_i[8] (in)
                                                         axi_wdata_i[8] (net)
                      0.001816    0.000430    2.000430 ^ u_sram/din0[8] (sky130_sram_1kbyte_1rw1r_32x256_8)
                                              2.000430   data arrival time

                                  0.000000    0.000000   clock clk_i (rise edge)
                                  0.000000    0.000000   clock source latency
     2    0.073694    0.000000    0.000000    0.000000 ^ clk_i (in)
                                                         clk_i (net)
                      0.008592    0.004296    0.004296 ^ clkbuf_0_clk_i/A (sky130_fd_sc_hd__clkbuf_16)
     2    0.038551    0.092291    0.220696    0.224991 ^ clkbuf_0_clk_i/X (sky130_fd_sc_hd__clkbuf_16)
                                                         clknet_0_clk_i (net)
                      0.092306    0.001204    0.226195 ^ clkbuf_1_0__f_clk_i/A (sky130_fd_sc_hd__clkbuf_16)
     1    0.060543    0.121212    0.278728    0.504923 ^ clkbuf_1_0__f_clk_i/X (sky130_fd_sc_hd__clkbuf_16)
                                                         clknet_1_0__leaf_clk_i (net)
                      0.165221    0.014071    0.518994 ^ u_sram/clk0 (sky130_sram_1kbyte_1rw1r_32x256_8)
                                  0.250000    0.768994   clock uncertainty
                                  0.000000    0.768994   clock reconvergence pessimism
                                 -0.056000    0.712994   library hold time
                                              0.712994   data required time
---------------------------------------------------------------------------------------------
                                              0.712994   data required time
                                             -2.000430   data arrival time
---------------------------------------------------------------------------------------------
                                              1.287436   slack (MET)


Startpoint: axi_wdata_i[23] (input port clocked by clk_i)
Endpoint: u_sram (falling edge-triggered flip-flop clocked by clk_i)
Path Group: clk_i
Path Type: min

Fanout         Cap        Slew       Delay        Time   Description
---------------------------------------------------------------------------------------------
                                  0.000000    0.000000   clock clk_i (rise edge)
                                  0.000000    0.000000   clock network delay (propagated)
                                  2.000000    2.000000 ^ input external delay
     1    0.015058    0.000000    0.000000    2.000000 ^ axi_wdata_i[23] (in)
                                                         axi_wdata_i[23] (net)
                      0.001840    0.000435    2.000435 ^ u_sram/din0[23] (sky130_sram_1kbyte_1rw1r_32x256_8)
                                              2.000435   data arrival time

                                  0.000000    0.000000   clock clk_i (rise edge)
                                  0.000000    0.000000   clock source latency
     2    0.073694    0.000000    0.000000    0.000000 ^ clk_i (in)
                                                         clk_i (net)
                      0.008592    0.004296    0.004296 ^ clkbuf_0_clk_i/A (sky130_fd_sc_hd__clkbuf_16)
     2    0.038551    0.092291    0.220696    0.224991 ^ clkbuf_0_clk_i/X (sky130_fd_sc_hd__clkbuf_16)
                                                         clknet_0_clk_i (net)
                      0.092306    0.001204    0.226195 ^ clkbuf_1_0__f_clk_i/A (sky130_fd_sc_hd__clkbuf_16)
     1    0.060543    0.121212    0.278728    0.504923 ^ clkbuf_1_0__f_clk_i/X (sky130_fd_sc_hd__clkbuf_16)
                                                         clknet_1_0__leaf_clk_i (net)
                      0.165221    0.014071    0.518994 ^ u_sram/clk0 (sky130_sram_1kbyte_1rw1r_32x256_8)
                                  0.250000    0.768994   clock uncertainty
                                  0.000000    0.768994   clock reconvergence pessimism
                                 -0.056000    0.712994   library hold time
                                              0.712994   data required time
---------------------------------------------------------------------------------------------
                                              0.712994   data required time
                                             -2.000435   data arrival time
---------------------------------------------------------------------------------------------
                                              1.287441   slack (MET)


Startpoint: axi_wdata_i[12] (input port clocked by clk_i)
Endpoint: u_sram (falling edge-triggered flip-flop clocked by clk_i)
Path Group: clk_i
Path Type: min

Fanout         Cap        Slew       Delay        Time   Description
---------------------------------------------------------------------------------------------
                                  0.000000    0.000000   clock clk_i (rise edge)
                                  0.000000    0.000000   clock network delay (propagated)
                                  2.000000    2.000000 ^ input external delay
     1    0.015228    0.000000    0.000000    2.000000 ^ axi_wdata_i[12] (in)
                                                         axi_wdata_i[12] (net)
                      0.001863    0.000441    2.000441 ^ u_sram/din0[12] (sky130_sram_1kbyte_1rw1r_32x256_8)
                                              2.000441   data arrival time

                                  0.000000    0.000000   clock clk_i (rise edge)
                                  0.000000    0.000000   clock source latency
     2    0.073694    0.000000    0.000000    0.000000 ^ clk_i (in)
                                                         clk_i (net)
                      0.008592    0.004296    0.004296 ^ clkbuf_0_clk_i/A (sky130_fd_sc_hd__clkbuf_16)
     2    0.038551    0.092291    0.220696    0.224991 ^ clkbuf_0_clk_i/X (sky130_fd_sc_hd__clkbuf_16)
                                                         clknet_0_clk_i (net)
                      0.092306    0.001204    0.226195 ^ clkbuf_1_0__f_clk_i/A (sky130_fd_sc_hd__clkbuf_16)
     1    0.060543    0.121212    0.278728    0.504923 ^ clkbuf_1_0__f_clk_i/X (sky130_fd_sc_hd__clkbuf_16)
                                                         clknet_1_0__leaf_clk_i (net)
                      0.165221    0.014071    0.518994 ^ u_sram/clk0 (sky130_sram_1kbyte_1rw1r_32x256_8)
                                  0.250000    0.768994   clock uncertainty
                                  0.000000    0.768994   clock reconvergence pessimism
                                 -0.056000    0.712994   library hold time
                                              0.712994   data required time
---------------------------------------------------------------------------------------------
                                              0.712994   data required time
                                             -2.000441   data arrival time
---------------------------------------------------------------------------------------------
                                              1.287447   slack (MET)


Startpoint: axi_wdata_i[13] (input port clocked by clk_i)
Endpoint: u_sram (falling edge-triggered flip-flop clocked by clk_i)
Path Group: clk_i
Path Type: min

Fanout         Cap        Slew       Delay        Time   Description
---------------------------------------------------------------------------------------------
                                  0.000000    0.000000   clock clk_i (rise edge)
                                  0.000000    0.000000   clock network delay (propagated)
                                  2.000000    2.000000 ^ input external delay
     1    0.015234    0.000000    0.000000    2.000000 ^ axi_wdata_i[13] (in)
                                                         axi_wdata_i[13] (net)
                      0.001865    0.000441    2.000441 ^ u_sram/din0[13] (sky130_sram_1kbyte_1rw1r_32x256_8)
                                              2.000441   data arrival time

                                  0.000000    0.000000   clock clk_i (rise edge)
                                  0.000000    0.000000   clock source latency
     2    0.073694    0.000000    0.000000    0.000000 ^ clk_i (in)
                                                         clk_i (net)
                      0.008592    0.004296    0.004296 ^ clkbuf_0_clk_i/A (sky130_fd_sc_hd__clkbuf_16)
     2    0.038551    0.092291    0.220696    0.224991 ^ clkbuf_0_clk_i/X (sky130_fd_sc_hd__clkbuf_16)
                                                         clknet_0_clk_i (net)
                      0.092306    0.001204    0.226195 ^ clkbuf_1_0__f_clk_i/A (sky130_fd_sc_hd__clkbuf_16)
     1    0.060543    0.121212    0.278728    0.504923 ^ clkbuf_1_0__f_clk_i/X (sky130_fd_sc_hd__clkbuf_16)
                                                         clknet_1_0__leaf_clk_i (net)
                      0.165221    0.014071    0.518994 ^ u_sram/clk0 (sky130_sram_1kbyte_1rw1r_32x256_8)
                                  0.250000    0.768994   clock uncertainty
                                  0.000000    0.768994   clock reconvergence pessimism
                                 -0.056000    0.712994   library hold time
                                              0.712994   data required time
---------------------------------------------------------------------------------------------
                                              0.712994   data required time
                                             -2.000441   data arrival time
---------------------------------------------------------------------------------------------
                                              1.287447   slack (MET)


Startpoint: axi_wdata_i[10] (input port clocked by clk_i)
Endpoint: u_sram (falling edge-triggered flip-flop clocked by clk_i)
Path Group: clk_i
Path Type: min

Fanout         Cap        Slew       Delay        Time   Description
---------------------------------------------------------------------------------------------
                                  0.000000    0.000000   clock clk_i (rise edge)
                                  0.000000    0.000000   clock network delay (propagated)
                                  2.000000    2.000000 ^ input external delay
     1    0.015266    0.000000    0.000000    2.000000 ^ axi_wdata_i[10] (in)
                                                         axi_wdata_i[10] (net)
                      0.001871    0.000443    2.000443 ^ u_sram/din0[10] (sky130_sram_1kbyte_1rw1r_32x256_8)
                                              2.000443   data arrival time

                                  0.000000    0.000000   clock clk_i (rise edge)
                                  0.000000    0.000000   clock source latency
     2    0.073694    0.000000    0.000000    0.000000 ^ clk_i (in)
                                                         clk_i (net)
                      0.008592    0.004296    0.004296 ^ clkbuf_0_clk_i/A (sky130_fd_sc_hd__clkbuf_16)
     2    0.038551    0.092291    0.220696    0.224991 ^ clkbuf_0_clk_i/X (sky130_fd_sc_hd__clkbuf_16)
                                                         clknet_0_clk_i (net)
                      0.092306    0.001204    0.226195 ^ clkbuf_1_0__f_clk_i/A (sky130_fd_sc_hd__clkbuf_16)
     1    0.060543    0.121212    0.278728    0.504923 ^ clkbuf_1_0__f_clk_i/X (sky130_fd_sc_hd__clkbuf_16)
                                                         clknet_1_0__leaf_clk_i (net)
                      0.165221    0.014071    0.518994 ^ u_sram/clk0 (sky130_sram_1kbyte_1rw1r_32x256_8)
                                  0.250000    0.768994   clock uncertainty
                                  0.000000    0.768994   clock reconvergence pessimism
                                 -0.056000    0.712994   library hold time
                                              0.712994   data required time
---------------------------------------------------------------------------------------------
                                              0.712994   data required time
                                             -2.000443   data arrival time
---------------------------------------------------------------------------------------------
                                              1.287449   slack (MET)


Startpoint: axi_wdata_i[14] (input port clocked by clk_i)
Endpoint: u_sram (falling edge-triggered flip-flop clocked by clk_i)
Path Group: clk_i
Path Type: min

Fanout         Cap        Slew       Delay        Time   Description
---------------------------------------------------------------------------------------------
                                  0.000000    0.000000   clock clk_i (rise edge)
                                  0.000000    0.000000   clock network delay (propagated)
                                  2.000000    2.000000 ^ input external delay
     1    0.015250    0.000000    0.000000    2.000000 ^ axi_wdata_i[14] (in)
                                                         axi_wdata_i[14] (net)
                      0.001867    0.000442    2.000442 ^ u_sram/din0[14] (sky130_sram_1kbyte_1rw1r_32x256_8)
                                              2.000442   data arrival time

                                  0.000000    0.000000   clock clk_i (rise edge)
                                  0.000000    0.000000   clock source latency
     2    0.073694    0.000000    0.000000    0.000000 ^ clk_i (in)
                                                         clk_i (net)
                      0.008592    0.004296    0.004296 ^ clkbuf_0_clk_i/A (sky130_fd_sc_hd__clkbuf_16)
     2    0.038551    0.092291    0.220696    0.224991 ^ clkbuf_0_clk_i/X (sky130_fd_sc_hd__clkbuf_16)
                                                         clknet_0_clk_i (net)
                      0.092306    0.001204    0.226195 ^ clkbuf_1_0__f_clk_i/A (sky130_fd_sc_hd__clkbuf_16)
     1    0.060543    0.121212    0.278728    0.504923 ^ clkbuf_1_0__f_clk_i/X (sky130_fd_sc_hd__clkbuf_16)
                                                         clknet_1_0__leaf_clk_i (net)
                      0.165221    0.014071    0.518994 ^ u_sram/clk0 (sky130_sram_1kbyte_1rw1r_32x256_8)
                                  0.250000    0.768994   clock uncertainty
                                  0.000000    0.768994   clock reconvergence pessimism
                                 -0.056000    0.712994   library hold time
                                              0.712994   data required time
---------------------------------------------------------------------------------------------
                                              0.712994   data required time
                                             -2.000442   data arrival time
---------------------------------------------------------------------------------------------
                                              1.287448   slack (MET)


Startpoint: axi_wdata_i[9] (input port clocked by clk_i)
Endpoint: u_sram (falling edge-triggered flip-flop clocked by clk_i)
Path Group: clk_i
Path Type: min

Fanout         Cap        Slew       Delay        Time   Description
---------------------------------------------------------------------------------------------
                                  0.000000    0.000000   clock clk_i (rise edge)
                                  0.000000    0.000000   clock network delay (propagated)
                                  2.000000    2.000000 ^ input external delay
     1    0.015250    0.000000    0.000000    2.000000 ^ axi_wdata_i[9] (in)
                                                         axi_wdata_i[9] (net)
                      0.001867    0.000442    2.000442 ^ u_sram/din0[9] (sky130_sram_1kbyte_1rw1r_32x256_8)
                                              2.000442   data arrival time

                                  0.000000    0.000000   clock clk_i (rise edge)
                                  0.000000    0.000000   clock source latency
     2    0.073694    0.000000    0.000000    0.000000 ^ clk_i (in)
                                                         clk_i (net)
                      0.008592    0.004296    0.004296 ^ clkbuf_0_clk_i/A (sky130_fd_sc_hd__clkbuf_16)
     2    0.038551    0.092291    0.220696    0.224991 ^ clkbuf_0_clk_i/X (sky130_fd_sc_hd__clkbuf_16)
                                                         clknet_0_clk_i (net)
                      0.092306    0.001204    0.226195 ^ clkbuf_1_0__f_clk_i/A (sky130_fd_sc_hd__clkbuf_16)
     1    0.060543    0.121212    0.278728    0.504923 ^ clkbuf_1_0__f_clk_i/X (sky130_fd_sc_hd__clkbuf_16)
                                                         clknet_1_0__leaf_clk_i (net)
                      0.165221    0.014071    0.518994 ^ u_sram/clk0 (sky130_sram_1kbyte_1rw1r_32x256_8)
                                  0.250000    0.768994   clock uncertainty
                                  0.000000    0.768994   clock reconvergence pessimism
                                 -0.056000    0.712994   library hold time
                                              0.712994   data required time
---------------------------------------------------------------------------------------------
                                              0.712994   data required time
                                             -2.000442   data arrival time
---------------------------------------------------------------------------------------------
                                              1.287448   slack (MET)


Startpoint: axi_wdata_i[11] (input port clocked by clk_i)
Endpoint: u_sram (falling edge-triggered flip-flop clocked by clk_i)
Path Group: clk_i
Path Type: min

Fanout         Cap        Slew       Delay        Time   Description
---------------------------------------------------------------------------------------------
                                  0.000000    0.000000   clock clk_i (rise edge)
                                  0.000000    0.000000   clock network delay (propagated)
                                  2.000000    2.000000 ^ input external delay
     1    0.015299    0.000000    0.000000    2.000000 ^ axi_wdata_i[11] (in)
                                                         axi_wdata_i[11] (net)
                      0.001891    0.000447    2.000448 ^ u_sram/din0[11] (sky130_sram_1kbyte_1rw1r_32x256_8)
                                              2.000448   data arrival time

                                  0.000000    0.000000   clock clk_i (rise edge)
                                  0.000000    0.000000   clock source latency
     2    0.073694    0.000000    0.000000    0.000000 ^ clk_i (in)
                                                         clk_i (net)
                      0.008592    0.004296    0.004296 ^ clkbuf_0_clk_i/A (sky130_fd_sc_hd__clkbuf_16)
     2    0.038551    0.092291    0.220696    0.224991 ^ clkbuf_0_clk_i/X (sky130_fd_sc_hd__clkbuf_16)
                                                         clknet_0_clk_i (net)
                      0.092306    0.001204    0.226195 ^ clkbuf_1_0__f_clk_i/A (sky130_fd_sc_hd__clkbuf_16)
     1    0.060543    0.121212    0.278728    0.504923 ^ clkbuf_1_0__f_clk_i/X (sky130_fd_sc_hd__clkbuf_16)
                                                         clknet_1_0__leaf_clk_i (net)
                      0.165221    0.014071    0.518994 ^ u_sram/clk0 (sky130_sram_1kbyte_1rw1r_32x256_8)
                                  0.250000    0.768994   clock uncertainty
                                  0.000000    0.768994   clock reconvergence pessimism
                                 -0.056000    0.712994   library hold time
                                              0.712994   data required time
---------------------------------------------------------------------------------------------
                                              0.712994   data required time
                                             -2.000448   data arrival time
---------------------------------------------------------------------------------------------
                                              1.287453   slack (MET)


Startpoint: axi_wdata_i[27] (input port clocked by clk_i)
Endpoint: u_sram (falling edge-triggered flip-flop clocked by clk_i)
Path Group: clk_i
Path Type: min

Fanout         Cap        Slew       Delay        Time   Description
---------------------------------------------------------------------------------------------
                                  0.000000    0.000000   clock clk_i (rise edge)
                                  0.000000    0.000000   clock network delay (propagated)
                                  2.000000    2.000000 ^ input external delay
     1    0.015298    0.000000    0.000000    2.000000 ^ axi_wdata_i[27] (in)
                                                         axi_wdata_i[27] (net)
                      0.001891    0.000447    2.000448 ^ u_sram/din0[27] (sky130_sram_1kbyte_1rw1r_32x256_8)
                                              2.000448   data arrival time

                                  0.000000    0.000000   clock clk_i (rise edge)
                                  0.000000    0.000000   clock source latency
     2    0.073694    0.000000    0.000000    0.000000 ^ clk_i (in)
                                                         clk_i (net)
                      0.008592    0.004296    0.004296 ^ clkbuf_0_clk_i/A (sky130_fd_sc_hd__clkbuf_16)
     2    0.038551    0.092291    0.220696    0.224991 ^ clkbuf_0_clk_i/X (sky130_fd_sc_hd__clkbuf_16)
                                                         clknet_0_clk_i (net)
                      0.092306    0.001204    0.226195 ^ clkbuf_1_0__f_clk_i/A (sky130_fd_sc_hd__clkbuf_16)
     1    0.060543    0.121212    0.278728    0.504923 ^ clkbuf_1_0__f_clk_i/X (sky130_fd_sc_hd__clkbuf_16)
                                                         clknet_1_0__leaf_clk_i (net)
                      0.165221    0.014071    0.518994 ^ u_sram/clk0 (sky130_sram_1kbyte_1rw1r_32x256_8)
                                  0.250000    0.768994   clock uncertainty
                                  0.000000    0.768994   clock reconvergence pessimism
                                 -0.056000    0.712994   library hold time
                                              0.712994   data required time
---------------------------------------------------------------------------------------------
                                              0.712994   data required time
                                             -2.000448   data arrival time
---------------------------------------------------------------------------------------------
                                              1.287453   slack (MET)


Startpoint: axi_wdata_i[25] (input port clocked by clk_i)
Endpoint: u_sram (falling edge-triggered flip-flop clocked by clk_i)
Path Group: clk_i
Path Type: min

Fanout         Cap        Slew       Delay        Time   Description
---------------------------------------------------------------------------------------------
                                  0.000000    0.000000   clock clk_i (rise edge)
                                  0.000000    0.000000   clock network delay (propagated)
                                  2.000000    2.000000 ^ input external delay
     1    0.015498    0.000000    0.000000    2.000000 ^ axi_wdata_i[25] (in)
                                                         axi_wdata_i[25] (net)
                      0.001905    0.000451    2.000451 ^ u_sram/din0[25] (sky130_sram_1kbyte_1rw1r_32x256_8)
                                              2.000451   data arrival time

                                  0.000000    0.000000   clock clk_i (rise edge)
                                  0.000000    0.000000   clock source latency
     2    0.073694    0.000000    0.000000    0.000000 ^ clk_i (in)
                                                         clk_i (net)
                      0.008592    0.004296    0.004296 ^ clkbuf_0_clk_i/A (sky130_fd_sc_hd__clkbuf_16)
     2    0.038551    0.092291    0.220696    0.224991 ^ clkbuf_0_clk_i/X (sky130_fd_sc_hd__clkbuf_16)
                                                         clknet_0_clk_i (net)
                      0.092306    0.001204    0.226195 ^ clkbuf_1_0__f_clk_i/A (sky130_fd_sc_hd__clkbuf_16)
     1    0.060543    0.121212    0.278728    0.504923 ^ clkbuf_1_0__f_clk_i/X (sky130_fd_sc_hd__clkbuf_16)
                                                         clknet_1_0__leaf_clk_i (net)
                      0.165221    0.014071    0.518994 ^ u_sram/clk0 (sky130_sram_1kbyte_1rw1r_32x256_8)
                                  0.250000    0.768994   clock uncertainty
                                  0.000000    0.768994   clock reconvergence pessimism
                                 -0.056000    0.712994   library hold time
                                              0.712994   data required time
---------------------------------------------------------------------------------------------
                                              0.712994   data required time
                                             -2.000451   data arrival time
---------------------------------------------------------------------------------------------
                                              1.287457   slack (MET)


Startpoint: _45_ (rising edge-triggered flip-flop clocked by clk_i)
Endpoint: u_sram (falling edge-triggered flip-flop clocked by clk_i)
Path Group: clk_i
Path Type: min

Fanout         Cap        Slew       Delay        Time   Description
---------------------------------------------------------------------------------------------
                                  0.000000    0.000000   clock clk_i (rise edge)
                                  0.000000    0.000000   clock source latency
     2    0.073694    0.000000    0.000000    0.000000 ^ clk_i (in)
                                                         clk_i (net)
                      0.005402    0.002701    0.002701 ^ clkbuf_regs_0_clk_i/A (sky130_fd_sc_hd__clkbuf_16)
     1    0.008368    0.052169    0.176432    0.179133 ^ clkbuf_regs_0_clk_i/X (sky130_fd_sc_hd__clkbuf_16)
                                                         clk_i_regs (net)
                      0.052169    0.000088    0.179222 ^ clkbuf_0_clk_i_regs/A (sky130_fd_sc_hd__clkbuf_16)
     2    0.018710    0.065828    0.211749    0.390970 ^ clkbuf_0_clk_i_regs/X (sky130_fd_sc_hd__clkbuf_16)
                                                         clknet_0_clk_i_regs (net)
                      0.065828    0.000157    0.391127 ^ clkbuf_1_0__f_clk_i_regs/A (sky130_fd_sc_hd__clkbuf_16)
     2    0.004874    0.047631    0.196001    0.587128 ^ clkbuf_1_0__f_clk_i_regs/X (sky130_fd_sc_hd__clkbuf_16)
                                                         clknet_1_0__leaf_clk_i_regs (net)
                      0.047631    0.000053    0.587180 ^ _45_/CLK (sky130_fd_sc_hd__dfstp_2)
     3    0.011627    0.071892    0.729398    1.316579 v _45_/Q (sky130_fd_sc_hd__dfstp_2)
                                                         state_q[0] (net)
                      0.071892    0.000356    1.316935 v _25_/A (sky130_fd_sc_hd__and2_2)
    11    0.056008    0.274592    0.563345    1.880280 v _25_/X (sky130_fd_sc_hd__and2_2)
                                                         _08_ (net)
                      0.274621    0.002912    1.883192 v _29_/B (sky130_fd_sc_hd__nor2_2)
     1    0.010851    0.236812    0.303047    2.186239 ^ _29_/Y (sky130_fd_sc_hd__nor2_2)
                                                         sram_csb0 (net)
                      0.315749    0.000217    2.186455 ^ u_sram/csb0 (sky130_sram_1kbyte_1rw1r_32x256_8)
                                              2.186455   data arrival time

                                  0.000000    0.000000   clock clk_i (rise edge)
                                  0.000000    0.000000   clock source latency
     2    0.073694    0.000000    0.000000    0.000000 ^ clk_i (in)
                                                         clk_i (net)
                      0.008592    0.004296    0.004296 ^ clkbuf_0_clk_i/A (sky130_fd_sc_hd__clkbuf_16)
     2    0.038551    0.092291    0.220696    0.224991 ^ clkbuf_0_clk_i/X (sky130_fd_sc_hd__clkbuf_16)
                                                         clknet_0_clk_i (net)
                      0.092306    0.001204    0.226195 ^ clkbuf_1_0__f_clk_i/A (sky130_fd_sc_hd__clkbuf_16)
     1    0.060543    0.121212    0.278728    0.504923 ^ clkbuf_1_0__f_clk_i/X (sky130_fd_sc_hd__clkbuf_16)
                                                         clknet_1_0__leaf_clk_i (net)
                      0.165221    0.014071    0.518994 ^ u_sram/clk0 (sky130_sram_1kbyte_1rw1r_32x256_8)
                                  0.250000    0.768994   clock uncertainty
                                  0.000000    0.768994   clock reconvergence pessimism
                                 -0.056000    0.712994   library hold time
                                              0.712994   data required time
---------------------------------------------------------------------------------------------
                                              0.712994   data required time
                                             -2.186455   data arrival time
---------------------------------------------------------------------------------------------
                                              1.473461   slack (MET)


Startpoint: axi_bready_i (input port clocked by clk_i)
Endpoint: _46_ (rising edge-triggered flip-flop clocked by clk_i)
Path Group: clk_i
Path Type: min

Fanout         Cap        Slew       Delay        Time   Description
---------------------------------------------------------------------------------------------
                                  0.000000    0.000000   clock clk_i (rise edge)
                                  0.000000    0.000000   clock network delay (propagated)
                                  2.000000    2.000000 v input external delay
     2    0.009555    0.000000    0.000000    2.000000 v axi_bready_i (in)
                                                         axi_bready_i (net)
                      0.000091    0.000046    2.000046 v _20_/A (sky130_fd_sc_hd__inv_2)
     1    0.002946    0.033217    0.036843    2.036889 ^ _20_/Y (sky130_fd_sc_hd__inv_2)
                                                         _05_ (net)
                      0.033217    0.000028    2.036916 ^ _28_/A2 (sky130_fd_sc_hd__a21o_2)
     1    0.006132    0.076868    0.240839    2.277755 ^ _28_/X (sky130_fd_sc_hd__a21o_2)
                                                         _02_ (net)
                      0.076868    0.000166    2.277920 ^ _46_/D (sky130_fd_sc_hd__dfrtp_2)
                                              2.277920   data arrival time

                                  0.000000    0.000000   clock clk_i (rise edge)
                                  0.000000    0.000000   clock source latency
     2    0.073694    0.000000    0.000000    0.000000 ^ clk_i (in)
                                                         clk_i (net)
                      0.005402    0.002701    0.002701 ^ clkbuf_regs_0_clk_i/A (sky130_fd_sc_hd__clkbuf_16)
     1    0.008368    0.052169    0.176432    0.179133 ^ clkbuf_regs_0_clk_i/X (sky130_fd_sc_hd__clkbuf_16)
                                                         clk_i_regs (net)
                      0.052169    0.000088    0.179222 ^ clkbuf_0_clk_i_regs/A (sky130_fd_sc_hd__clkbuf_16)
     2    0.018710    0.065828    0.211749    0.390970 ^ clkbuf_0_clk_i_regs/X (sky130_fd_sc_hd__clkbuf_16)
                                                         clknet_0_clk_i_regs (net)
                      0.065828    0.000195    0.391165 ^ clkbuf_1_1__f_clk_i_regs/A (sky130_fd_sc_hd__clkbuf_16)
     3    0.007177    0.050738    0.200369    0.591535 ^ clkbuf_1_1__f_clk_i_regs/X (sky130_fd_sc_hd__clkbuf_16)
                                                         clknet_1_1__leaf_clk_i_regs (net)
                      0.050738    0.000057    0.591591 ^ _46_/CLK (sky130_fd_sc_hd__dfrtp_2)
                                  0.250000    0.841591   clock uncertainty
                                  0.000000    0.841591   clock reconvergence pessimism
                                 -0.081620    0.759971   library hold time
                                              0.759971   data required time
---------------------------------------------------------------------------------------------
                                              0.759971   data required time
                                             -2.277920   data arrival time
---------------------------------------------------------------------------------------------
                                              1.517949   slack (MET)


Startpoint: _45_ (rising edge-triggered flip-flop clocked by clk_i)
Endpoint: u_sram (falling edge-triggered flip-flop clocked by clk_i)
Path Group: clk_i
Path Type: min

Fanout         Cap        Slew       Delay        Time   Description
---------------------------------------------------------------------------------------------
                                  0.000000    0.000000   clock clk_i (rise edge)
                                  0.000000    0.000000   clock source latency
     2    0.073694    0.000000    0.000000    0.000000 ^ clk_i (in)
                                                         clk_i (net)
                      0.005402    0.002701    0.002701 ^ clkbuf_regs_0_clk_i/A (sky130_fd_sc_hd__clkbuf_16)
     1    0.008368    0.052169    0.176432    0.179133 ^ clkbuf_regs_0_clk_i/X (sky130_fd_sc_hd__clkbuf_16)
                                                         clk_i_regs (net)
                      0.052169    0.000088    0.179222 ^ clkbuf_0_clk_i_regs/A (sky130_fd_sc_hd__clkbuf_16)
     2    0.018710    0.065828    0.211749    0.390970 ^ clkbuf_0_clk_i_regs/X (sky130_fd_sc_hd__clkbuf_16)
                                                         clknet_0_clk_i_regs (net)
                      0.065828    0.000157    0.391127 ^ clkbuf_1_0__f_clk_i_regs/A (sky130_fd_sc_hd__clkbuf_16)
     2    0.004874    0.047631    0.196001    0.587128 ^ clkbuf_1_0__f_clk_i_regs/X (sky130_fd_sc_hd__clkbuf_16)
                                                         clknet_1_0__leaf_clk_i_regs (net)
                      0.047631    0.000053    0.587180 ^ _45_/CLK (sky130_fd_sc_hd__dfstp_2)
     3    0.011627    0.071892    0.729398    1.316579 v _45_/Q (sky130_fd_sc_hd__dfstp_2)
                                                         state_q[0] (net)
                      0.071892    0.000379    1.316958 v _23_/B (sky130_fd_sc_hd__and3_2)
    17    0.080588    0.369728    0.707846    2.024803 v _23_/X (sky130_fd_sc_hd__and3_2)
                                                         axi_awready_o (net)
                      0.369794    0.005073    2.029877 v _24_/A (sky130_fd_sc_hd__inv_2)
     1    0.008981    0.126329    0.209221    2.239098 ^ _24_/Y (sky130_fd_sc_hd__inv_2)
                                                         sram_web0 (net)
                      0.168439    0.000151    2.239249 ^ u_sram/web0 (sky130_sram_1kbyte_1rw1r_32x256_8)
                                              2.239249   data arrival time

                                  0.000000    0.000000   clock clk_i (rise edge)
                                  0.000000    0.000000   clock source latency
     2    0.073694    0.000000    0.000000    0.000000 ^ clk_i (in)
                                                         clk_i (net)
                      0.008592    0.004296    0.004296 ^ clkbuf_0_clk_i/A (sky130_fd_sc_hd__clkbuf_16)
     2    0.038551    0.092291    0.220696    0.224991 ^ clkbuf_0_clk_i/X (sky130_fd_sc_hd__clkbuf_16)
                                                         clknet_0_clk_i (net)
                      0.092306    0.001204    0.226195 ^ clkbuf_1_0__f_clk_i/A (sky130_fd_sc_hd__clkbuf_16)
     1    0.060543    0.121212    0.278728    0.504923 ^ clkbuf_1_0__f_clk_i/X (sky130_fd_sc_hd__clkbuf_16)
                                                         clknet_1_0__leaf_clk_i (net)
                      0.165221    0.014071    0.518994 ^ u_sram/clk0 (sky130_sram_1kbyte_1rw1r_32x256_8)
                                  0.250000    0.768994   clock uncertainty
                                  0.000000    0.768994   clock reconvergence pessimism
                                 -0.056000    0.712994   library hold time
                                              0.712994   data required time
---------------------------------------------------------------------------------------------
                                              0.712994   data required time
                                             -2.239249   data arrival time
---------------------------------------------------------------------------------------------
                                              1.526255   slack (MET)


Startpoint: axi_awaddr_i[3] (input port clocked by clk_i)
Endpoint: u_sram (falling edge-triggered flip-flop clocked by clk_i)
Path Group: clk_i
Path Type: min

Fanout         Cap        Slew       Delay        Time   Description
---------------------------------------------------------------------------------------------
                                  0.000000    0.000000   clock clk_i (rise edge)
                                  0.000000    0.000000   clock network delay (propagated)
                                  2.000000    2.000000 ^ input external delay
     1    0.007243    0.000000    0.000000    2.000000 ^ axi_awaddr_i[3] (in)
                                                         axi_awaddr_i[3] (net)
                      0.000215    0.000107    2.000107 ^ _33_/B2 (sky130_fd_sc_hd__a32o_2)
     1    0.012246    0.145865    0.271904    2.272012 ^ _33_/X (sky130_fd_sc_hd__a32o_2)
                                                         sram_addr0[1] (net)
                      0.194487    0.000312    2.272324 ^ u_sram/addr0[1] (sky130_sram_1kbyte_1rw1r_32x256_8)
                                              2.272324   data arrival time

                                  0.000000    0.000000   clock clk_i (rise edge)
                                  0.000000    0.000000   clock source latency
     2    0.073694    0.000000    0.000000    0.000000 ^ clk_i (in)
                                                         clk_i (net)
                      0.008592    0.004296    0.004296 ^ clkbuf_0_clk_i/A (sky130_fd_sc_hd__clkbuf_16)
     2    0.038551    0.092291    0.220696    0.224991 ^ clkbuf_0_clk_i/X (sky130_fd_sc_hd__clkbuf_16)
                                                         clknet_0_clk_i (net)
                      0.092306    0.001204    0.226195 ^ clkbuf_1_0__f_clk_i/A (sky130_fd_sc_hd__clkbuf_16)
     1    0.060543    0.121212    0.278728    0.504923 ^ clkbuf_1_0__f_clk_i/X (sky130_fd_sc_hd__clkbuf_16)
                                                         clknet_1_0__leaf_clk_i (net)
                      0.165221    0.014071    0.518994 ^ u_sram/clk0 (sky130_sram_1kbyte_1rw1r_32x256_8)
                                  0.250000    0.768994   clock uncertainty
                                  0.000000    0.768994   clock reconvergence pessimism
                                 -0.056000    0.712994   library hold time
                                              0.712994   data required time
---------------------------------------------------------------------------------------------
                                              0.712994   data required time
                                             -2.272324   data arrival time
---------------------------------------------------------------------------------------------
                                              1.559330   slack (MET)


Startpoint: axi_awaddr_i[4] (input port clocked by clk_i)
Endpoint: u_sram (falling edge-triggered flip-flop clocked by clk_i)
Path Group: clk_i
Path Type: min

Fanout         Cap        Slew       Delay        Time   Description
---------------------------------------------------------------------------------------------
                                  0.000000    0.000000   clock clk_i (rise edge)
                                  0.000000    0.000000   clock network delay (propagated)
                                  2.000000    2.000000 ^ input external delay
     1    0.007455    0.000000    0.000000    2.000000 ^ axi_awaddr_i[4] (in)
                                                         axi_awaddr_i[4] (net)
                      0.000075    0.000038    2.000037 ^ _34_/B2 (sky130_fd_sc_hd__a32o_2)
     1    0.012795    0.150234    0.275857    2.275895 ^ _34_/X (sky130_fd_sc_hd__a32o_2)
                                                         sram_addr0[2] (net)
                      0.200312    0.000364    2.276259 ^ u_sram/addr0[2] (sky130_sram_1kbyte_1rw1r_32x256_8)
                                              2.276259   data arrival time

                                  0.000000    0.000000   clock clk_i (rise edge)
                                  0.000000    0.000000   clock source latency
     2    0.073694    0.000000    0.000000    0.000000 ^ clk_i (in)
                                                         clk_i (net)
                      0.008592    0.004296    0.004296 ^ clkbuf_0_clk_i/A (sky130_fd_sc_hd__clkbuf_16)
     2    0.038551    0.092291    0.220696    0.224991 ^ clkbuf_0_clk_i/X (sky130_fd_sc_hd__clkbuf_16)
                                                         clknet_0_clk_i (net)
                      0.092306    0.001204    0.226195 ^ clkbuf_1_0__f_clk_i/A (sky130_fd_sc_hd__clkbuf_16)
     1    0.060543    0.121212    0.278728    0.504923 ^ clkbuf_1_0__f_clk_i/X (sky130_fd_sc_hd__clkbuf_16)
                                                         clknet_1_0__leaf_clk_i (net)
                      0.165221    0.014071    0.518994 ^ u_sram/clk0 (sky130_sram_1kbyte_1rw1r_32x256_8)
                                  0.250000    0.768994   clock uncertainty
                                  0.000000    0.768994   clock reconvergence pessimism
                                 -0.056000    0.712994   library hold time
                                              0.712994   data required time
---------------------------------------------------------------------------------------------
                                              0.712994   data required time
                                             -2.276259   data arrival time
---------------------------------------------------------------------------------------------
                                              1.563265   slack (MET)


Startpoint: axi_awaddr_i[6] (input port clocked by clk_i)
Endpoint: u_sram (falling edge-triggered flip-flop clocked by clk_i)
Path Group: clk_i
Path Type: min

Fanout         Cap        Slew       Delay        Time   Description
---------------------------------------------------------------------------------------------
                                  0.000000    0.000000   clock clk_i (rise edge)
                                  0.000000    0.000000   clock network delay (propagated)
                                  2.000000    2.000000 ^ input external delay
     1    0.007463    0.000000    0.000000    2.000000 ^ axi_awaddr_i[6] (in)
                                                         axi_awaddr_i[6] (net)
                      0.000098    0.000049    2.000049 ^ _36_/B2 (sky130_fd_sc_hd__a32o_2)
     1    0.013535    0.156160    0.281296    2.281345 ^ _36_/X (sky130_fd_sc_hd__a32o_2)
                                                         sram_addr0[4] (net)
                      0.208213    0.000437    2.281782 ^ u_sram/addr0[4] (sky130_sram_1kbyte_1rw1r_32x256_8)
                                              2.281782   data arrival time

                                  0.000000    0.000000   clock clk_i (rise edge)
                                  0.000000    0.000000   clock source latency
     2    0.073694    0.000000    0.000000    0.000000 ^ clk_i (in)
                                                         clk_i (net)
                      0.008592    0.004296    0.004296 ^ clkbuf_0_clk_i/A (sky130_fd_sc_hd__clkbuf_16)
     2    0.038551    0.092291    0.220696    0.224991 ^ clkbuf_0_clk_i/X (sky130_fd_sc_hd__clkbuf_16)
                                                         clknet_0_clk_i (net)
                      0.092306    0.001204    0.226195 ^ clkbuf_1_0__f_clk_i/A (sky130_fd_sc_hd__clkbuf_16)
     1    0.060543    0.121212    0.278728    0.504923 ^ clkbuf_1_0__f_clk_i/X (sky130_fd_sc_hd__clkbuf_16)
                                                         clknet_1_0__leaf_clk_i (net)
                      0.165221    0.014071    0.518994 ^ u_sram/clk0 (sky130_sram_1kbyte_1rw1r_32x256_8)
                                  0.250000    0.768994   clock uncertainty
                                  0.000000    0.768994   clock reconvergence pessimism
                                 -0.056000    0.712994   library hold time
                                              0.712994   data required time
---------------------------------------------------------------------------------------------
                                              0.712994   data required time
                                             -2.281782   data arrival time
---------------------------------------------------------------------------------------------
                                              1.568788   slack (MET)


Startpoint: axi_awaddr_i[5] (input port clocked by clk_i)
Endpoint: u_sram (falling edge-triggered flip-flop clocked by clk_i)
Path Group: clk_i
Path Type: min

Fanout         Cap        Slew       Delay        Time   Description
---------------------------------------------------------------------------------------------
                                  0.000000    0.000000   clock clk_i (rise edge)
                                  0.000000    0.000000   clock network delay (propagated)
                                  2.000000    2.000000 ^ input external delay
     1    0.007425    0.000000    0.000000    2.000000 ^ axi_awaddr_i[5] (in)
                                                         axi_awaddr_i[5] (net)
                      0.000101    0.000051    2.000051 ^ _35_/B2 (sky130_fd_sc_hd__a32o_2)
     1    0.013674    0.157225    0.282421    2.282472 ^ _35_/X (sky130_fd_sc_hd__a32o_2)
                                                         sram_addr0[3] (net)
                      0.209633    0.000244    2.282716 ^ u_sram/addr0[3] (sky130_sram_1kbyte_1rw1r_32x256_8)
                                              2.282716   data arrival time

                                  0.000000    0.000000   clock clk_i (rise edge)
                                  0.000000    0.000000   clock source latency
     2    0.073694    0.000000    0.000000    0.000000 ^ clk_i (in)
                                                         clk_i (net)
                      0.008592    0.004296    0.004296 ^ clkbuf_0_clk_i/A (sky130_fd_sc_hd__clkbuf_16)
     2    0.038551    0.092291    0.220696    0.224991 ^ clkbuf_0_clk_i/X (sky130_fd_sc_hd__clkbuf_16)
                                                         clknet_0_clk_i (net)
                      0.092306    0.001204    0.226195 ^ clkbuf_1_0__f_clk_i/A (sky130_fd_sc_hd__clkbuf_16)
     1    0.060543    0.121212    0.278728    0.504923 ^ clkbuf_1_0__f_clk_i/X (sky130_fd_sc_hd__clkbuf_16)
                                                         clknet_1_0__leaf_clk_i (net)
                      0.165221    0.014071    0.518994 ^ u_sram/clk0 (sky130_sram_1kbyte_1rw1r_32x256_8)
                                  0.250000    0.768994   clock uncertainty
                                  0.000000    0.768994   clock reconvergence pessimism
                                 -0.056000    0.712994   library hold time
                                              0.712994   data required time
---------------------------------------------------------------------------------------------
                                              0.712994   data required time
                                             -2.282716   data arrival time
---------------------------------------------------------------------------------------------
                                              1.569722   slack (MET)


Startpoint: axi_awaddr_i[8] (input port clocked by clk_i)
Endpoint: u_sram (falling edge-triggered flip-flop clocked by clk_i)
Path Group: clk_i
Path Type: min

Fanout         Cap        Slew       Delay        Time   Description
---------------------------------------------------------------------------------------------
                                  0.000000    0.000000   clock clk_i (rise edge)
                                  0.000000    0.000000   clock network delay (propagated)
                                  2.000000    2.000000 ^ input external delay
     1    0.007178    0.000000    0.000000    2.000000 ^ axi_awaddr_i[8] (in)
                                                         axi_awaddr_i[8] (net)
                      0.000078    0.000039    2.000039 ^ _38_/B2 (sky130_fd_sc_hd__a32o_2)
     1    0.013970    0.159626    0.284541    2.284580 ^ _38_/X (sky130_fd_sc_hd__a32o_2)
                                                         sram_addr0[6] (net)
                      0.212834    0.000336    2.284916 ^ u_sram/addr0[6] (sky130_sram_1kbyte_1rw1r_32x256_8)
                                              2.284916   data arrival time

                                  0.000000    0.000000   clock clk_i (rise edge)
                                  0.000000    0.000000   clock source latency
     2    0.073694    0.000000    0.000000    0.000000 ^ clk_i (in)
                                                         clk_i (net)
                      0.008592    0.004296    0.004296 ^ clkbuf_0_clk_i/A (sky130_fd_sc_hd__clkbuf_16)
     2    0.038551    0.092291    0.220696    0.224991 ^ clkbuf_0_clk_i/X (sky130_fd_sc_hd__clkbuf_16)
                                                         clknet_0_clk_i (net)
                      0.092306    0.001204    0.226195 ^ clkbuf_1_0__f_clk_i/A (sky130_fd_sc_hd__clkbuf_16)
     1    0.060543    0.121212    0.278728    0.504923 ^ clkbuf_1_0__f_clk_i/X (sky130_fd_sc_hd__clkbuf_16)
                                                         clknet_1_0__leaf_clk_i (net)
                      0.165221    0.014071    0.518994 ^ u_sram/clk0 (sky130_sram_1kbyte_1rw1r_32x256_8)
                                  0.250000    0.768994   clock uncertainty
                                  0.000000    0.768994   clock reconvergence pessimism
                                 -0.056000    0.712994   library hold time
                                              0.712994   data required time
---------------------------------------------------------------------------------------------
                                              0.712994   data required time
                                             -2.284916   data arrival time
---------------------------------------------------------------------------------------------
                                              1.571922   slack (MET)


Startpoint: axi_awaddr_i[9] (input port clocked by clk_i)
Endpoint: u_sram (falling edge-triggered flip-flop clocked by clk_i)
Path Group: clk_i
Path Type: min

Fanout         Cap        Slew       Delay        Time   Description
---------------------------------------------------------------------------------------------
                                  0.000000    0.000000   clock clk_i (rise edge)
                                  0.000000    0.000000   clock network delay (propagated)
                                  2.000000    2.000000 ^ input external delay
     1    0.007099    0.000000    0.000000    2.000000 ^ axi_awaddr_i[9] (in)
                                                         axi_awaddr_i[9] (net)
                      0.000224    0.000112    2.000112 ^ _39_/B2 (sky130_fd_sc_hd__a32o_2)
     1    0.014333    0.162576    0.287227    2.287339 ^ _39_/X (sky130_fd_sc_hd__a32o_2)
                                                         sram_addr0[7] (net)
                      0.216768    0.000463    2.287802 ^ u_sram/addr0[7] (sky130_sram_1kbyte_1rw1r_32x256_8)
                                              2.287802   data arrival time

                                  0.000000    0.000000   clock clk_i (rise edge)
                                  0.000000    0.000000   clock source latency
     2    0.073694    0.000000    0.000000    0.000000 ^ clk_i (in)
                                                         clk_i (net)
                      0.008592    0.004296    0.004296 ^ clkbuf_0_clk_i/A (sky130_fd_sc_hd__clkbuf_16)
     2    0.038551    0.092291    0.220696    0.224991 ^ clkbuf_0_clk_i/X (sky130_fd_sc_hd__clkbuf_16)
                                                         clknet_0_clk_i (net)
                      0.092306    0.001204    0.226195 ^ clkbuf_1_0__f_clk_i/A (sky130_fd_sc_hd__clkbuf_16)
     1    0.060543    0.121212    0.278728    0.504923 ^ clkbuf_1_0__f_clk_i/X (sky130_fd_sc_hd__clkbuf_16)
                                                         clknet_1_0__leaf_clk_i (net)
                      0.165221    0.014071    0.518994 ^ u_sram/clk0 (sky130_sram_1kbyte_1rw1r_32x256_8)
                                  0.250000    0.768994   clock uncertainty
                                  0.000000    0.768994   clock reconvergence pessimism
                                 -0.056000    0.712994   library hold time
                                              0.712994   data required time
---------------------------------------------------------------------------------------------
                                              0.712994   data required time
                                             -2.287802   data arrival time
---------------------------------------------------------------------------------------------
                                              1.574808   slack (MET)


Startpoint: axi_wstrb_i[1] (input port clocked by clk_i)
Endpoint: u_sram (falling edge-triggered flip-flop clocked by clk_i)
Path Group: clk_i
Path Type: min

Fanout         Cap        Slew       Delay        Time   Description
---------------------------------------------------------------------------------------------
                                  0.000000    0.000000   clock clk_i (rise edge)
                                  0.000000    0.000000   clock network delay (propagated)
                                  2.000000    2.000000 ^ input external delay
     1    0.005092    0.000000    0.000000    2.000000 ^ axi_wstrb_i[1] (in)
                                                         axi_wstrb_i[1] (net)
                      0.000158    0.000079    2.000079 ^ _41_/A (sky130_fd_sc_hd__and2_2)
     1    0.012327    0.134391    0.287665    2.287744 ^ _41_/X (sky130_fd_sc_hd__and2_2)
                                                         sram_wmask0[1] (net)
                      0.179188    0.000284    2.288028 ^ u_sram/wmask0[1] (sky130_sram_1kbyte_1rw1r_32x256_8)
                                              2.288028   data arrival time

                                  0.000000    0.000000   clock clk_i (rise edge)
                                  0.000000    0.000000   clock source latency
     2    0.073694    0.000000    0.000000    0.000000 ^ clk_i (in)
                                                         clk_i (net)
                      0.008592    0.004296    0.004296 ^ clkbuf_0_clk_i/A (sky130_fd_sc_hd__clkbuf_16)
     2    0.038551    0.092291    0.220696    0.224991 ^ clkbuf_0_clk_i/X (sky130_fd_sc_hd__clkbuf_16)
                                                         clknet_0_clk_i (net)
                      0.092306    0.001204    0.226195 ^ clkbuf_1_0__f_clk_i/A (sky130_fd_sc_hd__clkbuf_16)
     1    0.060543    0.121212    0.278728    0.504923 ^ clkbuf_1_0__f_clk_i/X (sky130_fd_sc_hd__clkbuf_16)
                                                         clknet_1_0__leaf_clk_i (net)
                      0.165221    0.014071    0.518994 ^ u_sram/clk0 (sky130_sram_1kbyte_1rw1r_32x256_8)
                                  0.250000    0.768994   clock uncertainty
                                  0.000000    0.768994   clock reconvergence pessimism
                                 -0.056000    0.712994   library hold time
                                              0.712994   data required time
---------------------------------------------------------------------------------------------
                                              0.712994   data required time
                                             -2.288028   data arrival time
---------------------------------------------------------------------------------------------
                                              1.575034   slack (MET)


Startpoint: axi_wstrb_i[0] (input port clocked by clk_i)
Endpoint: u_sram (falling edge-triggered flip-flop clocked by clk_i)
Path Group: clk_i
Path Type: min

Fanout         Cap        Slew       Delay        Time   Description
---------------------------------------------------------------------------------------------
                                  0.000000    0.000000   clock clk_i (rise edge)
                                  0.000000    0.000000   clock network delay (propagated)
                                  2.000000    2.000000 ^ input external delay
     1    0.005486    0.000000    0.000000    2.000000 ^ axi_wstrb_i[0] (in)
                                                         axi_wstrb_i[0] (net)
                      0.000181    0.000091    2.000091 ^ _40_/A (sky130_fd_sc_hd__and2_2)
     1    0.012679    0.136976    0.289971    2.290062 ^ _40_/X (sky130_fd_sc_hd__and2_2)
                                                         sram_wmask0[0] (net)
                      0.182635    0.000300    2.290362 ^ u_sram/wmask0[0] (sky130_sram_1kbyte_1rw1r_32x256_8)
                                              2.290362   data arrival time

                                  0.000000    0.000000   clock clk_i (rise edge)
                                  0.000000    0.000000   clock source latency
     2    0.073694    0.000000    0.000000    0.000000 ^ clk_i (in)
                                                         clk_i (net)
                      0.008592    0.004296    0.004296 ^ clkbuf_0_clk_i/A (sky130_fd_sc_hd__clkbuf_16)
     2    0.038551    0.092291    0.220696    0.224991 ^ clkbuf_0_clk_i/X (sky130_fd_sc_hd__clkbuf_16)
                                                         clknet_0_clk_i (net)
                      0.092306    0.001204    0.226195 ^ clkbuf_1_0__f_clk_i/A (sky130_fd_sc_hd__clkbuf_16)
     1    0.060543    0.121212    0.278728    0.504923 ^ clkbuf_1_0__f_clk_i/X (sky130_fd_sc_hd__clkbuf_16)
                                                         clknet_1_0__leaf_clk_i (net)
                      0.165221    0.014071    0.518994 ^ u_sram/clk0 (sky130_sram_1kbyte_1rw1r_32x256_8)
                                  0.250000    0.768994   clock uncertainty
                                  0.000000    0.768994   clock reconvergence pessimism
                                 -0.056000    0.712994   library hold time
                                              0.712994   data required time
---------------------------------------------------------------------------------------------
                                              0.712994   data required time
                                             -2.290362   data arrival time
---------------------------------------------------------------------------------------------
                                              1.577368   slack (MET)


Startpoint: axi_awaddr_i[7] (input port clocked by clk_i)
Endpoint: u_sram (falling edge-triggered flip-flop clocked by clk_i)
Path Group: clk_i
Path Type: min

Fanout         Cap        Slew       Delay        Time   Description
---------------------------------------------------------------------------------------------
                                  0.000000    0.000000   clock clk_i (rise edge)
                                  0.000000    0.000000   clock network delay (propagated)
                                  2.000000    2.000000 ^ input external delay
     1    0.006786    0.000000    0.000000    2.000000 ^ axi_awaddr_i[7] (in)
                                                         axi_awaddr_i[7] (net)
                      0.000065    0.000033    2.000033 ^ _37_/B2 (sky130_fd_sc_hd__a32o_2)
     1    0.014994    0.167890    0.292077    2.292109 ^ _37_/X (sky130_fd_sc_hd__a32o_2)
                                                         sram_addr0[5] (net)
                      0.223854    0.000358    2.292467 ^ u_sram/addr0[5] (sky130_sram_1kbyte_1rw1r_32x256_8)
                                              2.292467   data arrival time

                                  0.000000    0.000000   clock clk_i (rise edge)
                                  0.000000    0.000000   clock source latency
     2    0.073694    0.000000    0.000000    0.000000 ^ clk_i (in)
                                                         clk_i (net)
                      0.008592    0.004296    0.004296 ^ clkbuf_0_clk_i/A (sky130_fd_sc_hd__clkbuf_16)
     2    0.038551    0.092291    0.220696    0.224991 ^ clkbuf_0_clk_i/X (sky130_fd_sc_hd__clkbuf_16)
                                                         clknet_0_clk_i (net)
                      0.092306    0.001204    0.226195 ^ clkbuf_1_0__f_clk_i/A (sky130_fd_sc_hd__clkbuf_16)
     1    0.060543    0.121212    0.278728    0.504923 ^ clkbuf_1_0__f_clk_i/X (sky130_fd_sc_hd__clkbuf_16)
                                                         clknet_1_0__leaf_clk_i (net)
                      0.165221    0.014071    0.518994 ^ u_sram/clk0 (sky130_sram_1kbyte_1rw1r_32x256_8)
                                  0.250000    0.768994   clock uncertainty
                                  0.000000    0.768994   clock reconvergence pessimism
                                 -0.056000    0.712994   library hold time
                                              0.712994   data required time
---------------------------------------------------------------------------------------------
                                              0.712994   data required time
                                             -2.292467   data arrival time
---------------------------------------------------------------------------------------------
                                              1.579473   slack (MET)


Startpoint: axi_wstrb_i[3] (input port clocked by clk_i)
Endpoint: u_sram (falling edge-triggered flip-flop clocked by clk_i)
Path Group: clk_i
Path Type: min

Fanout         Cap        Slew       Delay        Time   Description
---------------------------------------------------------------------------------------------
                                  0.000000    0.000000   clock clk_i (rise edge)
                                  0.000000    0.000000   clock network delay (propagated)
                                  2.000000    2.000000 ^ input external delay
     1    0.005783    0.000000    0.000000    2.000000 ^ axi_wstrb_i[3] (in)
                                                         axi_wstrb_i[3] (net)
                      0.000206    0.000103    2.000103 ^ _43_/A (sky130_fd_sc_hd__and2_2)
     1    0.013198    0.140802    0.293395    2.293498 ^ _43_/X (sky130_fd_sc_hd__and2_2)
                                                         sram_wmask0[3] (net)
                      0.187736    0.000271    2.293769 ^ u_sram/wmask0[3] (sky130_sram_1kbyte_1rw1r_32x256_8)
                                              2.293769   data arrival time

                                  0.000000    0.000000   clock clk_i (rise edge)
                                  0.000000    0.000000   clock source latency
     2    0.073694    0.000000    0.000000    0.000000 ^ clk_i (in)
                                                         clk_i (net)
                      0.008592    0.004296    0.004296 ^ clkbuf_0_clk_i/A (sky130_fd_sc_hd__clkbuf_16)
     2    0.038551    0.092291    0.220696    0.224991 ^ clkbuf_0_clk_i/X (sky130_fd_sc_hd__clkbuf_16)
                                                         clknet_0_clk_i (net)
                      0.092306    0.001204    0.226195 ^ clkbuf_1_0__f_clk_i/A (sky130_fd_sc_hd__clkbuf_16)
     1    0.060543    0.121212    0.278728    0.504923 ^ clkbuf_1_0__f_clk_i/X (sky130_fd_sc_hd__clkbuf_16)
                                                         clknet_1_0__leaf_clk_i (net)
                      0.165221    0.014071    0.518994 ^ u_sram/clk0 (sky130_sram_1kbyte_1rw1r_32x256_8)
                                  0.250000    0.768994   clock uncertainty
                                  0.000000    0.768994   clock reconvergence pessimism
                                 -0.056000    0.712994   library hold time
                                              0.712994   data required time
---------------------------------------------------------------------------------------------
                                              0.712994   data required time
                                             -2.293769   data arrival time
---------------------------------------------------------------------------------------------
                                              1.580775   slack (MET)


Startpoint: axi_wstrb_i[2] (input port clocked by clk_i)
Endpoint: u_sram (falling edge-triggered flip-flop clocked by clk_i)
Path Group: clk_i
Path Type: min

Fanout         Cap        Slew       Delay        Time   Description
---------------------------------------------------------------------------------------------
                                  0.000000    0.000000   clock clk_i (rise edge)
                                  0.000000    0.000000   clock network delay (propagated)
                                  2.000000    2.000000 ^ input external delay
     1    0.005395    0.000000    0.000000    2.000000 ^ axi_wstrb_i[2] (in)
                                                         axi_wstrb_i[2] (net)
                      0.000177    0.000089    2.000089 ^ _42_/A (sky130_fd_sc_hd__and2_2)
     1    0.013627    0.143994    0.296152    2.296241 ^ _42_/X (sky130_fd_sc_hd__and2_2)
                                                         sram_wmask0[2] (net)
                      0.191992    0.000336    2.296577 ^ u_sram/wmask0[2] (sky130_sram_1kbyte_1rw1r_32x256_8)
                                              2.296577   data arrival time

                                  0.000000    0.000000   clock clk_i (rise edge)
                                  0.000000    0.000000   clock source latency
     2    0.073694    0.000000    0.000000    0.000000 ^ clk_i (in)
                                                         clk_i (net)
                      0.008592    0.004296    0.004296 ^ clkbuf_0_clk_i/A (sky130_fd_sc_hd__clkbuf_16)
     2    0.038551    0.092291    0.220696    0.224991 ^ clkbuf_0_clk_i/X (sky130_fd_sc_hd__clkbuf_16)
                                                         clknet_0_clk_i (net)
                      0.092306    0.001204    0.226195 ^ clkbuf_1_0__f_clk_i/A (sky130_fd_sc_hd__clkbuf_16)
     1    0.060543    0.121212    0.278728    0.504923 ^ clkbuf_1_0__f_clk_i/X (sky130_fd_sc_hd__clkbuf_16)
                                                         clknet_1_0__leaf_clk_i (net)
                      0.165221    0.014071    0.518994 ^ u_sram/clk0 (sky130_sram_1kbyte_1rw1r_32x256_8)
                                  0.250000    0.768994   clock uncertainty
                                  0.000000    0.768994   clock reconvergence pessimism
                                 -0.056000    0.712994   library hold time
                                              0.712994   data required time
---------------------------------------------------------------------------------------------
                                              0.712994   data required time
                                             -2.296577   data arrival time
---------------------------------------------------------------------------------------------
                                              1.583583   slack (MET)


Startpoint: axi_awaddr_i[2] (input port clocked by clk_i)
Endpoint: u_sram (falling edge-triggered flip-flop clocked by clk_i)
Path Group: clk_i
Path Type: min

Fanout         Cap        Slew       Delay        Time   Description
---------------------------------------------------------------------------------------------
                                  0.000000    0.000000   clock clk_i (rise edge)
                                  0.000000    0.000000   clock network delay (propagated)
                                  2.000000    2.000000 ^ input external delay
     1    0.007919    0.000000    0.000000    2.000000 ^ axi_awaddr_i[2] (in)
                                                         axi_awaddr_i[2] (net)
                      0.000354    0.000177    2.000177 ^ _32_/B2 (sky130_fd_sc_hd__a32o_2)
     1    0.015818    0.174641    0.298156    2.298332 ^ _32_/X (sky130_fd_sc_hd__a32o_2)
                                                         sram_addr0[0] (net)
                      0.232854    0.000604    2.298937 ^ u_sram/addr0[0] (sky130_sram_1kbyte_1rw1r_32x256_8)
                                              2.298937   data arrival time

                                  0.000000    0.000000   clock clk_i (rise edge)
                                  0.000000    0.000000   clock source latency
     2    0.073694    0.000000    0.000000    0.000000 ^ clk_i (in)
                                                         clk_i (net)
                      0.008592    0.004296    0.004296 ^ clkbuf_0_clk_i/A (sky130_fd_sc_hd__clkbuf_16)
     2    0.038551    0.092291    0.220696    0.224991 ^ clkbuf_0_clk_i/X (sky130_fd_sc_hd__clkbuf_16)
                                                         clknet_0_clk_i (net)
                      0.092306    0.001204    0.226195 ^ clkbuf_1_0__f_clk_i/A (sky130_fd_sc_hd__clkbuf_16)
     1    0.060543    0.121212    0.278728    0.504923 ^ clkbuf_1_0__f_clk_i/X (sky130_fd_sc_hd__clkbuf_16)
                                                         clknet_1_0__leaf_clk_i (net)
                      0.165221    0.014071    0.518994 ^ u_sram/clk0 (sky130_sram_1kbyte_1rw1r_32x256_8)
                                  0.250000    0.768994   clock uncertainty
                                  0.000000    0.768994   clock reconvergence pessimism
                                 -0.056000    0.712994   library hold time
                                              0.712994   data required time
---------------------------------------------------------------------------------------------
                                              0.712994   data required time
                                             -2.298937   data arrival time
---------------------------------------------------------------------------------------------
                                              1.585943   slack (MET)


Startpoint: _45_ (rising edge-triggered flip-flop clocked by clk_i)
Endpoint: _47_ (rising edge-triggered flip-flop clocked by clk_i)
Path Group: clk_i
Path Type: min

Fanout         Cap        Slew       Delay        Time   Description
---------------------------------------------------------------------------------------------
                                  0.000000    0.000000   clock clk_i (rise edge)
                                  0.000000    0.000000   clock source latency
     2    0.073694    0.000000    0.000000    0.000000 ^ clk_i (in)
                                                         clk_i (net)
                      0.005402    0.002701    0.002701 ^ clkbuf_regs_0_clk_i/A (sky130_fd_sc_hd__clkbuf_16)
     1    0.008368    0.052169    0.176432    0.179133 ^ clkbuf_regs_0_clk_i/X (sky130_fd_sc_hd__clkbuf_16)
                                                         clk_i_regs (net)
                      0.052169    0.000088    0.179222 ^ clkbuf_0_clk_i_regs/A (sky130_fd_sc_hd__clkbuf_16)
     2    0.018710    0.065828    0.211749    0.390970 ^ clkbuf_0_clk_i_regs/X (sky130_fd_sc_hd__clkbuf_16)
                                                         clknet_0_clk_i_regs (net)
                      0.065828    0.000157    0.391127 ^ clkbuf_1_0__f_clk_i_regs/A (sky130_fd_sc_hd__clkbuf_16)
     2    0.004874    0.047631    0.196001    0.587128 ^ clkbuf_1_0__f_clk_i_regs/X (sky130_fd_sc_hd__clkbuf_16)
                                                         clknet_1_0__leaf_clk_i_regs (net)
                      0.047631    0.000053    0.587180 ^ _45_/CLK (sky130_fd_sc_hd__dfstp_2)
     3    0.011627    0.071892    0.729398    1.316579 v _45_/Q (sky130_fd_sc_hd__dfstp_2)
                                                         state_q[0] (net)
                      0.071892    0.000356    1.316935 v _25_/A (sky130_fd_sc_hd__and2_2)
    11    0.056008    0.274592    0.563345    1.880280 v _25_/X (sky130_fd_sc_hd__and2_2)
                                                         _08_ (net)
                      0.274592    0.000430    1.880710 v _44_/B (sky130_fd_sc_hd__and2_2)
     1    0.006678    0.083917    0.519817    2.400527 v _44_/X (sky130_fd_sc_hd__and2_2)
                                                         _00_ (net)
                      0.083917    0.000167    2.400694 v _47_/D (sky130_fd_sc_hd__dfrtp_2)
                                              2.400694   data arrival time

                                  0.000000    0.000000   clock clk_i (rise edge)
                                  0.000000    0.000000   clock source latency
     2    0.073694    0.000000    0.000000    0.000000 ^ clk_i (in)
                                                         clk_i (net)
                      0.005402    0.002701    0.002701 ^ clkbuf_regs_0_clk_i/A (sky130_fd_sc_hd__clkbuf_16)
     1    0.008368    0.052169    0.176432    0.179133 ^ clkbuf_regs_0_clk_i/X (sky130_fd_sc_hd__clkbuf_16)
                                                         clk_i_regs (net)
                      0.052169    0.000088    0.179222 ^ clkbuf_0_clk_i_regs/A (sky130_fd_sc_hd__clkbuf_16)
     2    0.018710    0.065828    0.211749    0.390970 ^ clkbuf_0_clk_i_regs/X (sky130_fd_sc_hd__clkbuf_16)
                                                         clknet_0_clk_i_regs (net)
                      0.065828    0.000157    0.391127 ^ clkbuf_1_0__f_clk_i_regs/A (sky130_fd_sc_hd__clkbuf_16)
     2    0.004874    0.047631    0.196001    0.587128 ^ clkbuf_1_0__f_clk_i_regs/X (sky130_fd_sc_hd__clkbuf_16)
                                                         clknet_1_0__leaf_clk_i_regs (net)
                      0.047631    0.000054    0.587182 ^ _47_/CLK (sky130_fd_sc_hd__dfrtp_2)
                                  0.250000    0.837182   clock uncertainty
                                  0.000000    0.837182   clock reconvergence pessimism
                                 -0.100166    0.737016   library hold time
                                              0.737016   data required time
---------------------------------------------------------------------------------------------
                                              0.737016   data required time
                                             -2.400694   data arrival time
---------------------------------------------------------------------------------------------
                                              1.663678   slack (MET)


Startpoint: _48_ (rising edge-triggered flip-flop clocked by clk_i)
Endpoint: _48_ (rising edge-triggered flip-flop clocked by clk_i)
Path Group: clk_i
Path Type: min

Fanout         Cap        Slew       Delay        Time   Description
---------------------------------------------------------------------------------------------
                                  0.000000    0.000000   clock clk_i (rise edge)
                                  0.000000    0.000000   clock source latency
     2    0.073694    0.000000    0.000000    0.000000 ^ clk_i (in)
                                                         clk_i (net)
                      0.005402    0.002701    0.002701 ^ clkbuf_regs_0_clk_i/A (sky130_fd_sc_hd__clkbuf_16)
     1    0.008368    0.052169    0.176432    0.179133 ^ clkbuf_regs_0_clk_i/X (sky130_fd_sc_hd__clkbuf_16)
                                                         clk_i_regs (net)
                      0.052169    0.000088    0.179222 ^ clkbuf_0_clk_i_regs/A (sky130_fd_sc_hd__clkbuf_16)
     2    0.018710    0.065828    0.211749    0.390970 ^ clkbuf_0_clk_i_regs/X (sky130_fd_sc_hd__clkbuf_16)
                                                         clknet_0_clk_i_regs (net)
                      0.065828    0.000195    0.391165 ^ clkbuf_1_1__f_clk_i_regs/A (sky130_fd_sc_hd__clkbuf_16)
     3    0.007177    0.050738    0.200369    0.591535 ^ clkbuf_1_1__f_clk_i_regs/X (sky130_fd_sc_hd__clkbuf_16)
                                                         clknet_1_1__leaf_clk_i_regs (net)
                      0.050738    0.000066    0.591600 ^ _48_/CLK (sky130_fd_sc_hd__dfrtp_2)
     3    0.011218    0.126711    0.730034    1.321634 ^ _48_/Q (sky130_fd_sc_hd__dfrtp_2)
                                                         axi_rvalid_o (net)
                      0.126711    0.000219    1.321852 ^ _27_/A1 (sky130_fd_sc_hd__a21o_2)
     1    0.003463    0.049243    0.248941    1.570793 ^ _27_/X (sky130_fd_sc_hd__a21o_2)
                                                         _03_ (net)
                      0.049243    0.000054    1.570848 ^ hold2/A (sky130_fd_sc_hd__dlygate4sd3_1)
     1    0.002872    0.092405    1.032910    2.603758 ^ hold2/X (sky130_fd_sc_hd__dlygate4sd3_1)
                                                         net2 (net)
                      0.092405    0.000035    2.603793 ^ _48_/D (sky130_fd_sc_hd__dfrtp_2)
                                              2.603793   data arrival time

                                  0.000000    0.000000   clock clk_i (rise edge)
                                  0.000000    0.000000   clock source latency
     2    0.073694    0.000000    0.000000    0.000000 ^ clk_i (in)
                                                         clk_i (net)
                      0.005402    0.002701    0.002701 ^ clkbuf_regs_0_clk_i/A (sky130_fd_sc_hd__clkbuf_16)
     1    0.008368    0.052169    0.176432    0.179133 ^ clkbuf_regs_0_clk_i/X (sky130_fd_sc_hd__clkbuf_16)
                                                         clk_i_regs (net)
                      0.052169    0.000088    0.179222 ^ clkbuf_0_clk_i_regs/A (sky130_fd_sc_hd__clkbuf_16)
     2    0.018710    0.065828    0.211749    0.390970 ^ clkbuf_0_clk_i_regs/X (sky130_fd_sc_hd__clkbuf_16)
                                                         clknet_0_clk_i_regs (net)
                      0.065828    0.000195    0.391165 ^ clkbuf_1_1__f_clk_i_regs/A (sky130_fd_sc_hd__clkbuf_16)
     3    0.007177    0.050738    0.200369    0.591535 ^ clkbuf_1_1__f_clk_i_regs/X (sky130_fd_sc_hd__clkbuf_16)
                                                         clknet_1_1__leaf_clk_i_regs (net)
                      0.050738    0.000066    0.591600 ^ _48_/CLK (sky130_fd_sc_hd__dfrtp_2)
                                  0.250000    0.841600   clock uncertainty
                                  0.000000    0.841600   clock reconvergence pessimism
                                 -0.085157    0.756443   library hold time
                                              0.756443   data required time
---------------------------------------------------------------------------------------------
                                              0.756443   data required time
                                             -2.603793   data arrival time
---------------------------------------------------------------------------------------------
                                              1.847350   slack (MET)


Startpoint: _46_ (rising edge-triggered flip-flop clocked by clk_i)
Endpoint: axi_bvalid_o (output port clocked by clk_i)
Path Group: clk_i
Path Type: min

Fanout         Cap        Slew       Delay        Time   Description
---------------------------------------------------------------------------------------------
                                  0.000000    0.000000   clock clk_i (rise edge)
                                  0.000000    0.000000   clock source latency
     2    0.073694    0.000000    0.000000    0.000000 ^ clk_i (in)
                                                         clk_i (net)
                      0.005402    0.002701    0.002701 ^ clkbuf_regs_0_clk_i/A (sky130_fd_sc_hd__clkbuf_16)
     1    0.008368    0.052169    0.176432    0.179133 ^ clkbuf_regs_0_clk_i/X (sky130_fd_sc_hd__clkbuf_16)
                                                         clk_i_regs (net)
                      0.052169    0.000088    0.179222 ^ clkbuf_0_clk_i_regs/A (sky130_fd_sc_hd__clkbuf_16)
     2    0.018710    0.065828    0.211749    0.390970 ^ clkbuf_0_clk_i_regs/X (sky130_fd_sc_hd__clkbuf_16)
                                                         clknet_0_clk_i_regs (net)
                      0.065828    0.000195    0.391165 ^ clkbuf_1_1__f_clk_i_regs/A (sky130_fd_sc_hd__clkbuf_16)
     3    0.007177    0.050738    0.200369    0.591535 ^ clkbuf_1_1__f_clk_i_regs/X (sky130_fd_sc_hd__clkbuf_16)
                                                         clknet_1_1__leaf_clk_i_regs (net)
                      0.050738    0.000057    0.591591 ^ _46_/CLK (sky130_fd_sc_hd__dfrtp_2)
     3    0.010291    0.120192    0.723679    1.315271 ^ _46_/Q (sky130_fd_sc_hd__dfrtp_2)
                                                         axi_bvalid_o (net)
                      0.120192    0.000278    1.315549 ^ axi_bvalid_o (out)
                                              1.315549   data arrival time

                                  0.000000    0.000000   clock clk_i (rise edge)
                                  0.000000    0.000000   clock network delay (propagated)
                                  0.250000    0.250000   clock uncertainty
                                  0.000000    0.250000   clock reconvergence pessimism
                                 -2.000000   -1.750000   output external delay
                                             -1.750000   data required time
---------------------------------------------------------------------------------------------
                                             -1.750000   data required time
                                             -1.315549   data arrival time
---------------------------------------------------------------------------------------------
                                              3.065549   slack (MET)


Startpoint: _48_ (rising edge-triggered flip-flop clocked by clk_i)
Endpoint: axi_rvalid_o (output port clocked by clk_i)
Path Group: clk_i
Path Type: min

Fanout         Cap        Slew       Delay        Time   Description
---------------------------------------------------------------------------------------------
                                  0.000000    0.000000   clock clk_i (rise edge)
                                  0.000000    0.000000   clock source latency
     2    0.073694    0.000000    0.000000    0.000000 ^ clk_i (in)
                                                         clk_i (net)
                      0.005402    0.002701    0.002701 ^ clkbuf_regs_0_clk_i/A (sky130_fd_sc_hd__clkbuf_16)
     1    0.008368    0.052169    0.176432    0.179133 ^ clkbuf_regs_0_clk_i/X (sky130_fd_sc_hd__clkbuf_16)
                                                         clk_i_regs (net)
                      0.052169    0.000088    0.179222 ^ clkbuf_0_clk_i_regs/A (sky130_fd_sc_hd__clkbuf_16)
     2    0.018710    0.065828    0.211749    0.390970 ^ clkbuf_0_clk_i_regs/X (sky130_fd_sc_hd__clkbuf_16)
                                                         clknet_0_clk_i_regs (net)
                      0.065828    0.000195    0.391165 ^ clkbuf_1_1__f_clk_i_regs/A (sky130_fd_sc_hd__clkbuf_16)
     3    0.007177    0.050738    0.200369    0.591535 ^ clkbuf_1_1__f_clk_i_regs/X (sky130_fd_sc_hd__clkbuf_16)
                                                         clknet_1_1__leaf_clk_i_regs (net)
                      0.050738    0.000066    0.591600 ^ _48_/CLK (sky130_fd_sc_hd__dfrtp_2)
     3    0.011218    0.126711    0.730034    1.321634 ^ _48_/Q (sky130_fd_sc_hd__dfrtp_2)
                                                         axi_rvalid_o (net)
                      0.126711    0.000245    1.321879 ^ axi_rvalid_o (out)
                                              1.321879   data arrival time

                                  0.000000    0.000000   clock clk_i (rise edge)
                                  0.000000    0.000000   clock network delay (propagated)
                                  0.250000    0.250000   clock uncertainty
                                  0.000000    0.250000   clock reconvergence pessimism
                                 -2.000000   -1.750000   output external delay
                                             -1.750000   data required time
---------------------------------------------------------------------------------------------
                                             -1.750000   data required time
                                             -1.321879   data arrival time
---------------------------------------------------------------------------------------------
                                              3.071879   slack (MET)


Startpoint: _45_ (rising edge-triggered flip-flop clocked by clk_i)
Endpoint: axi_awready_o (output port clocked by clk_i)
Path Group: clk_i
Path Type: min

Fanout         Cap        Slew       Delay        Time   Description
---------------------------------------------------------------------------------------------
                                  0.000000    0.000000   clock clk_i (rise edge)
                                  0.000000    0.000000   clock source latency
     2    0.073694    0.000000    0.000000    0.000000 ^ clk_i (in)
                                                         clk_i (net)
                      0.005402    0.002701    0.002701 ^ clkbuf_regs_0_clk_i/A (sky130_fd_sc_hd__clkbuf_16)
     1    0.008368    0.052169    0.176432    0.179133 ^ clkbuf_regs_0_clk_i/X (sky130_fd_sc_hd__clkbuf_16)
                                                         clk_i_regs (net)
                      0.052169    0.000088    0.179222 ^ clkbuf_0_clk_i_regs/A (sky130_fd_sc_hd__clkbuf_16)
     2    0.018710    0.065828    0.211749    0.390970 ^ clkbuf_0_clk_i_regs/X (sky130_fd_sc_hd__clkbuf_16)
                                                         clknet_0_clk_i_regs (net)
                      0.065828    0.000157    0.391127 ^ clkbuf_1_0__f_clk_i_regs/A (sky130_fd_sc_hd__clkbuf_16)
     2    0.004874    0.047631    0.196001    0.587128 ^ clkbuf_1_0__f_clk_i_regs/X (sky130_fd_sc_hd__clkbuf_16)
                                                         clknet_1_0__leaf_clk_i_regs (net)
                      0.047631    0.000053    0.587180 ^ _45_/CLK (sky130_fd_sc_hd__dfstp_2)
     3    0.011627    0.071892    0.729398    1.316579 v _45_/Q (sky130_fd_sc_hd__dfstp_2)
                                                         state_q[0] (net)
                      0.071892    0.000379    1.316958 v _23_/B (sky130_fd_sc_hd__and3_2)
    17    0.080588    0.369728    0.707846    2.024803 v _23_/X (sky130_fd_sc_hd__and3_2)
                                                         axi_awready_o (net)
                      0.369728    0.001465    2.026269 v axi_awready_o (out)
                                              2.026269   data arrival time

                                  0.000000    0.000000   clock clk_i (rise edge)
                                  0.000000    0.000000   clock network delay (propagated)
                                  0.250000    0.250000   clock uncertainty
                                  0.000000    0.250000   clock reconvergence pessimism
                                 -2.000000   -1.750000   output external delay
                                             -1.750000   data required time
---------------------------------------------------------------------------------------------
                                             -1.750000   data required time
                                             -2.026269   data arrival time
---------------------------------------------------------------------------------------------
                                              3.776269   slack (MET)


Startpoint: _45_ (rising edge-triggered flip-flop clocked by clk_i)
Endpoint: axi_arready_o (output port clocked by clk_i)
Path Group: clk_i
Path Type: min

Fanout         Cap        Slew       Delay        Time   Description
---------------------------------------------------------------------------------------------
                                  0.000000    0.000000   clock clk_i (rise edge)
                                  0.000000    0.000000   clock source latency
     2    0.073694    0.000000    0.000000    0.000000 ^ clk_i (in)
                                                         clk_i (net)
                      0.005402    0.002701    0.002701 ^ clkbuf_regs_0_clk_i/A (sky130_fd_sc_hd__clkbuf_16)
     1    0.008368    0.052169    0.176432    0.179133 ^ clkbuf_regs_0_clk_i/X (sky130_fd_sc_hd__clkbuf_16)
                                                         clk_i_regs (net)
                      0.052169    0.000088    0.179222 ^ clkbuf_0_clk_i_regs/A (sky130_fd_sc_hd__clkbuf_16)
     2    0.018710    0.065828    0.211749    0.390970 ^ clkbuf_0_clk_i_regs/X (sky130_fd_sc_hd__clkbuf_16)
                                                         clknet_0_clk_i_regs (net)
                      0.065828    0.000157    0.391127 ^ clkbuf_1_0__f_clk_i_regs/A (sky130_fd_sc_hd__clkbuf_16)
     2    0.004874    0.047631    0.196001    0.587128 ^ clkbuf_1_0__f_clk_i_regs/X (sky130_fd_sc_hd__clkbuf_16)
                                                         clknet_1_0__leaf_clk_i_regs (net)
                      0.047631    0.000053    0.587180 ^ _45_/CLK (sky130_fd_sc_hd__dfstp_2)
     3    0.011627    0.071892    0.729398    1.316579 v _45_/Q (sky130_fd_sc_hd__dfstp_2)
                                                         state_q[0] (net)
                      0.071892    0.000356    1.316935 v _25_/A (sky130_fd_sc_hd__and2_2)
    11    0.056008    0.274592    0.563345    1.880280 v _25_/X (sky130_fd_sc_hd__and2_2)
                                                         _08_ (net)
                      0.274593    0.001110    1.881389 v _26_/B (sky130_fd_sc_hd__and2_2)
     1    0.001391    0.060095    0.479611    2.361000 v _26_/X (sky130_fd_sc_hd__and2_2)
                                                         axi_arready_o (net)
                      0.060095    0.000007    2.361008 v axi_arready_o (out)
                                              2.361008   data arrival time

                                  0.000000    0.000000   clock clk_i (rise edge)
                                  0.000000    0.000000   clock network delay (propagated)
                                  0.250000    0.250000   clock uncertainty
                                  0.000000    0.250000   clock reconvergence pessimism
                                 -2.000000   -1.750000   output external delay
                                             -1.750000   data required time
---------------------------------------------------------------------------------------------
                                             -1.750000   data required time
                                             -2.361008   data arrival time
---------------------------------------------------------------------------------------------
                                              4.111008   slack (MET)


Startpoint: _45_ (rising edge-triggered flip-flop clocked by clk_i)
Endpoint: axi_wready_o (output port clocked by clk_i)
Path Group: clk_i
Path Type: min

Fanout         Cap        Slew       Delay        Time   Description
---------------------------------------------------------------------------------------------
                                  0.000000    0.000000   clock clk_i (rise edge)
                                  0.000000    0.000000   clock source latency
     2    0.073694    0.000000    0.000000    0.000000 ^ clk_i (in)
                                                         clk_i (net)
                      0.005402    0.002701    0.002701 ^ clkbuf_regs_0_clk_i/A (sky130_fd_sc_hd__clkbuf_16)
     1    0.008368    0.052169    0.176432    0.179133 ^ clkbuf_regs_0_clk_i/X (sky130_fd_sc_hd__clkbuf_16)
                                                         clk_i_regs (net)
                      0.052169    0.000088    0.179222 ^ clkbuf_0_clk_i_regs/A (sky130_fd_sc_hd__clkbuf_16)
     2    0.018710    0.065828    0.211749    0.390970 ^ clkbuf_0_clk_i_regs/X (sky130_fd_sc_hd__clkbuf_16)
                                                         clknet_0_clk_i_regs (net)
                      0.065828    0.000157    0.391127 ^ clkbuf_1_0__f_clk_i_regs/A (sky130_fd_sc_hd__clkbuf_16)
     2    0.004874    0.047631    0.196001    0.587128 ^ clkbuf_1_0__f_clk_i_regs/X (sky130_fd_sc_hd__clkbuf_16)
                                                         clknet_1_0__leaf_clk_i_regs (net)
                      0.047631    0.000053    0.587180 ^ _45_/CLK (sky130_fd_sc_hd__dfstp_2)
     3    0.011627    0.071892    0.729398    1.316579 v _45_/Q (sky130_fd_sc_hd__dfstp_2)
                                                         state_q[0] (net)
                      0.071892    0.000379    1.316958 v _23_/B (sky130_fd_sc_hd__and3_2)
    17    0.080588    0.369728    0.707846    2.024803 v _23_/X (sky130_fd_sc_hd__and3_2)
                                                         axi_awready_o (net)
                      0.369736    0.002602    2.027406 v _62_/A (sky130_fd_sc_hd__buf_2)
     1    0.001252    0.039235    0.353965    2.381371 v _62_/X (sky130_fd_sc_hd__buf_2)
                                                         axi_wready_o (net)
                      0.039235    0.000006    2.381377 v axi_wready_o (out)
                                              2.381377   data arrival time

                                  0.000000    0.000000   clock clk_i (rise edge)
                                  0.000000    0.000000   clock network delay (propagated)
                                  0.250000    0.250000   clock uncertainty
                                  0.000000    0.250000   clock reconvergence pessimism
                                 -2.000000   -1.750000   output external delay
                                             -1.750000   data required time
---------------------------------------------------------------------------------------------
                                             -1.750000   data required time
                                             -2.381377   data arrival time
---------------------------------------------------------------------------------------------
                                              4.131377   slack (MET)


Startpoint: u_sram (falling edge-triggered flip-flop clocked by clk_i)
Endpoint: axi_rdata_o[25] (output port clocked by clk_i)
Path Group: clk_i
Path Type: min

Fanout         Cap        Slew       Delay        Time   Description
---------------------------------------------------------------------------------------------
                                 10.000000   10.000000   clock clk_i (fall edge)
                                  0.000000   10.000000   clock source latency
     2    0.071922    0.000000    0.000000   10.000000 v clk_i (in)
                                                         clk_i (net)
                      0.008305    0.004152   10.004152 v clkbuf_0_clk_i/A (sky130_fd_sc_hd__clkbuf_16)
     2    0.036779    0.073748    0.248130   10.252282 v clkbuf_0_clk_i/X (sky130_fd_sc_hd__clkbuf_16)
                                                         clknet_0_clk_i (net)
                      0.073766    0.001132   10.253413 v clkbuf_1_0__f_clk_i/A (sky130_fd_sc_hd__clkbuf_16)
     1    0.060543    0.093474    0.295804   10.549218 v clkbuf_1_0__f_clk_i/X (sky130_fd_sc_hd__clkbuf_16)
                                                         clknet_1_0__leaf_clk_i (net)
                      0.129325    0.013999   10.563217 v u_sram/clk0 (sky130_sram_1kbyte_1rw1r_32x256_8)
     1    0.006338    0.004680    0.364905   10.928122 ^ u_sram/dout0[25] (sky130_sram_1kbyte_1rw1r_32x256_8)
                                                         axi_rdata_o[25] (net)
                      0.003510    0.000044   10.928166 ^ axi_rdata_o[25] (out)
                                             10.928166   data arrival time

                                  0.000000    0.000000   clock clk_i (rise edge)
                                  0.000000    0.000000   clock network delay (propagated)
                                  0.250000    0.250000   clock uncertainty
                                  0.000000    0.250000   clock reconvergence pessimism
                                 -2.000000   -1.750000   output external delay
                                             -1.750000   data required time
---------------------------------------------------------------------------------------------
                                             -1.750000   data required time
                                            -10.928166   data arrival time
---------------------------------------------------------------------------------------------
                                             12.678166   slack (MET)


Startpoint: u_sram (falling edge-triggered flip-flop clocked by clk_i)
Endpoint: axi_rdata_o[30] (output port clocked by clk_i)
Path Group: clk_i
Path Type: min

Fanout         Cap        Slew       Delay        Time   Description
---------------------------------------------------------------------------------------------
                                 10.000000   10.000000   clock clk_i (fall edge)
                                  0.000000   10.000000   clock source latency
     2    0.071922    0.000000    0.000000   10.000000 v clk_i (in)
                                                         clk_i (net)
                      0.008305    0.004152   10.004152 v clkbuf_0_clk_i/A (sky130_fd_sc_hd__clkbuf_16)
     2    0.036779    0.073748    0.248130   10.252282 v clkbuf_0_clk_i/X (sky130_fd_sc_hd__clkbuf_16)
                                                         clknet_0_clk_i (net)
                      0.073766    0.001132   10.253413 v clkbuf_1_0__f_clk_i/A (sky130_fd_sc_hd__clkbuf_16)
     1    0.060543    0.093474    0.295804   10.549218 v clkbuf_1_0__f_clk_i/X (sky130_fd_sc_hd__clkbuf_16)
                                                         clknet_1_0__leaf_clk_i (net)
                      0.129325    0.013999   10.563217 v u_sram/clk0 (sky130_sram_1kbyte_1rw1r_32x256_8)
     1    0.006338    0.004680    0.364905   10.928122 ^ u_sram/dout0[30] (sky130_sram_1kbyte_1rw1r_32x256_8)
                                                         axi_rdata_o[30] (net)
                      0.003510    0.000044   10.928166 ^ axi_rdata_o[30] (out)
                                             10.928166   data arrival time

                                  0.000000    0.000000   clock clk_i (rise edge)
                                  0.000000    0.000000   clock network delay (propagated)
                                  0.250000    0.250000   clock uncertainty
                                  0.000000    0.250000   clock reconvergence pessimism
                                 -2.000000   -1.750000   output external delay
                                             -1.750000   data required time
---------------------------------------------------------------------------------------------
                                             -1.750000   data required time
                                            -10.928166   data arrival time
---------------------------------------------------------------------------------------------
                                             12.678166   slack (MET)


Startpoint: u_sram (falling edge-triggered flip-flop clocked by clk_i)
Endpoint: axi_rdata_o[27] (output port clocked by clk_i)
Path Group: clk_i
Path Type: min

Fanout         Cap        Slew       Delay        Time   Description
---------------------------------------------------------------------------------------------
                                 10.000000   10.000000   clock clk_i (fall edge)
                                  0.000000   10.000000   clock source latency
     2    0.071922    0.000000    0.000000   10.000000 v clk_i (in)
                                                         clk_i (net)
                      0.008305    0.004152   10.004152 v clkbuf_0_clk_i/A (sky130_fd_sc_hd__clkbuf_16)
     2    0.036779    0.073748    0.248130   10.252282 v clkbuf_0_clk_i/X (sky130_fd_sc_hd__clkbuf_16)
                                                         clknet_0_clk_i (net)
                      0.073766    0.001132   10.253413 v clkbuf_1_0__f_clk_i/A (sky130_fd_sc_hd__clkbuf_16)
     1    0.060543    0.093474    0.295804   10.549218 v clkbuf_1_0__f_clk_i/X (sky130_fd_sc_hd__clkbuf_16)
                                                         clknet_1_0__leaf_clk_i (net)
                      0.129325    0.013999   10.563217 v u_sram/clk0 (sky130_sram_1kbyte_1rw1r_32x256_8)
     1    0.006342    0.004682    0.364924   10.928142 ^ u_sram/dout0[27] (sky130_sram_1kbyte_1rw1r_32x256_8)
                                                         axi_rdata_o[27] (net)
                      0.003511    0.000044   10.928185 ^ axi_rdata_o[27] (out)
                                             10.928185   data arrival time

                                  0.000000    0.000000   clock clk_i (rise edge)
                                  0.000000    0.000000   clock network delay (propagated)
                                  0.250000    0.250000   clock uncertainty
                                  0.000000    0.250000   clock reconvergence pessimism
                                 -2.000000   -1.750000   output external delay
                                             -1.750000   data required time
---------------------------------------------------------------------------------------------
                                             -1.750000   data required time
                                            -10.928185   data arrival time
---------------------------------------------------------------------------------------------
                                             12.678186   slack (MET)


Startpoint: u_sram (falling edge-triggered flip-flop clocked by clk_i)
Endpoint: axi_rdata_o[28] (output port clocked by clk_i)
Path Group: clk_i
Path Type: min

Fanout         Cap        Slew       Delay        Time   Description
---------------------------------------------------------------------------------------------
                                 10.000000   10.000000   clock clk_i (fall edge)
                                  0.000000   10.000000   clock source latency
     2    0.071922    0.000000    0.000000   10.000000 v clk_i (in)
                                                         clk_i (net)
                      0.008305    0.004152   10.004152 v clkbuf_0_clk_i/A (sky130_fd_sc_hd__clkbuf_16)
     2    0.036779    0.073748    0.248130   10.252282 v clkbuf_0_clk_i/X (sky130_fd_sc_hd__clkbuf_16)
                                                         clknet_0_clk_i (net)
                      0.073766    0.001132   10.253413 v clkbuf_1_0__f_clk_i/A (sky130_fd_sc_hd__clkbuf_16)
     1    0.060543    0.093474    0.295804   10.549218 v clkbuf_1_0__f_clk_i/X (sky130_fd_sc_hd__clkbuf_16)
                                                         clknet_1_0__leaf_clk_i (net)
                      0.129325    0.013999   10.563217 v u_sram/clk0 (sky130_sram_1kbyte_1rw1r_32x256_8)
     1    0.006354    0.004689    0.364990   10.928207 ^ u_sram/dout0[28] (sky130_sram_1kbyte_1rw1r_32x256_8)
                                                         axi_rdata_o[28] (net)
                      0.003516    0.000044   10.928251 ^ axi_rdata_o[28] (out)
                                             10.928251   data arrival time

                                  0.000000    0.000000   clock clk_i (rise edge)
                                  0.000000    0.000000   clock network delay (propagated)
                                  0.250000    0.250000   clock uncertainty
                                  0.000000    0.250000   clock reconvergence pessimism
                                 -2.000000   -1.750000   output external delay
                                             -1.750000   data required time
---------------------------------------------------------------------------------------------
                                             -1.750000   data required time
                                            -10.928251   data arrival time
---------------------------------------------------------------------------------------------
                                             12.678251   slack (MET)


Startpoint: u_sram (falling edge-triggered flip-flop clocked by clk_i)
Endpoint: axi_rdata_o[26] (output port clocked by clk_i)
Path Group: clk_i
Path Type: min

Fanout         Cap        Slew       Delay        Time   Description
---------------------------------------------------------------------------------------------
                                 10.000000   10.000000   clock clk_i (fall edge)
                                  0.000000   10.000000   clock source latency
     2    0.071922    0.000000    0.000000   10.000000 v clk_i (in)
                                                         clk_i (net)
                      0.008305    0.004152   10.004152 v clkbuf_0_clk_i/A (sky130_fd_sc_hd__clkbuf_16)
     2    0.036779    0.073748    0.248130   10.252282 v clkbuf_0_clk_i/X (sky130_fd_sc_hd__clkbuf_16)
                                                         clknet_0_clk_i (net)
                      0.073766    0.001132   10.253413 v clkbuf_1_0__f_clk_i/A (sky130_fd_sc_hd__clkbuf_16)
     1    0.060543    0.093474    0.295804   10.549218 v clkbuf_1_0__f_clk_i/X (sky130_fd_sc_hd__clkbuf_16)
                                                         clknet_1_0__leaf_clk_i (net)
                      0.129325    0.013999   10.563217 v u_sram/clk0 (sky130_sram_1kbyte_1rw1r_32x256_8)
     1    0.006357    0.004691    0.365008   10.928226 ^ u_sram/dout0[26] (sky130_sram_1kbyte_1rw1r_32x256_8)
                                                         axi_rdata_o[26] (net)
                      0.003518    0.000044   10.928270 ^ axi_rdata_o[26] (out)
                                             10.928270   data arrival time

                                  0.000000    0.000000   clock clk_i (rise edge)
                                  0.000000    0.000000   clock network delay (propagated)
                                  0.250000    0.250000   clock uncertainty
                                  0.000000    0.250000   clock reconvergence pessimism
                                 -2.000000   -1.750000   output external delay
                                             -1.750000   data required time
---------------------------------------------------------------------------------------------
                                             -1.750000   data required time
                                            -10.928270   data arrival time
---------------------------------------------------------------------------------------------
                                             12.678270   slack (MET)


Startpoint: u_sram (falling edge-triggered flip-flop clocked by clk_i)
Endpoint: axi_rdata_o[31] (output port clocked by clk_i)
Path Group: clk_i
Path Type: min

Fanout         Cap        Slew       Delay        Time   Description
---------------------------------------------------------------------------------------------
                                 10.000000   10.000000   clock clk_i (fall edge)
                                  0.000000   10.000000   clock source latency
     2    0.071922    0.000000    0.000000   10.000000 v clk_i (in)
                                                         clk_i (net)
                      0.008305    0.004152   10.004152 v clkbuf_0_clk_i/A (sky130_fd_sc_hd__clkbuf_16)
     2    0.036779    0.073748    0.248130   10.252282 v clkbuf_0_clk_i/X (sky130_fd_sc_hd__clkbuf_16)
                                                         clknet_0_clk_i (net)
                      0.073766    0.001132   10.253413 v clkbuf_1_0__f_clk_i/A (sky130_fd_sc_hd__clkbuf_16)
     1    0.060543    0.093474    0.295804   10.549218 v clkbuf_1_0__f_clk_i/X (sky130_fd_sc_hd__clkbuf_16)
                                                         clknet_1_0__leaf_clk_i (net)
                      0.129325    0.013999   10.563217 v u_sram/clk0 (sky130_sram_1kbyte_1rw1r_32x256_8)
     1    0.006357    0.004691    0.365008   10.928226 ^ u_sram/dout0[31] (sky130_sram_1kbyte_1rw1r_32x256_8)
                                                         axi_rdata_o[31] (net)
                      0.003518    0.000044   10.928270 ^ axi_rdata_o[31] (out)
                                             10.928270   data arrival time

                                  0.000000    0.000000   clock clk_i (rise edge)
                                  0.000000    0.000000   clock network delay (propagated)
                                  0.250000    0.250000   clock uncertainty
                                  0.000000    0.250000   clock reconvergence pessimism
                                 -2.000000   -1.750000   output external delay
                                             -1.750000   data required time
---------------------------------------------------------------------------------------------
                                             -1.750000   data required time
                                            -10.928270   data arrival time
---------------------------------------------------------------------------------------------
                                             12.678270   slack (MET)


Startpoint: u_sram (falling edge-triggered flip-flop clocked by clk_i)
Endpoint: axi_rdata_o[29] (output port clocked by clk_i)
Path Group: clk_i
Path Type: min

Fanout         Cap        Slew       Delay        Time   Description
---------------------------------------------------------------------------------------------
                                 10.000000   10.000000   clock clk_i (fall edge)
                                  0.000000   10.000000   clock source latency
     2    0.071922    0.000000    0.000000   10.000000 v clk_i (in)
                                                         clk_i (net)
                      0.008305    0.004152   10.004152 v clkbuf_0_clk_i/A (sky130_fd_sc_hd__clkbuf_16)
     2    0.036779    0.073748    0.248130   10.252282 v clkbuf_0_clk_i/X (sky130_fd_sc_hd__clkbuf_16)
                                                         clknet_0_clk_i (net)
                      0.073766    0.001132   10.253413 v clkbuf_1_0__f_clk_i/A (sky130_fd_sc_hd__clkbuf_16)
     1    0.060543    0.093474    0.295804   10.549218 v clkbuf_1_0__f_clk_i/X (sky130_fd_sc_hd__clkbuf_16)
                                                         clknet_1_0__leaf_clk_i (net)
                      0.129325    0.013999   10.563217 v u_sram/clk0 (sky130_sram_1kbyte_1rw1r_32x256_8)
     1    0.006383    0.004705    0.365152   10.928370 ^ u_sram/dout0[29] (sky130_sram_1kbyte_1rw1r_32x256_8)
                                                         axi_rdata_o[29] (net)
                      0.003529    0.000045   10.928415 ^ axi_rdata_o[29] (out)
                                             10.928415   data arrival time

                                  0.000000    0.000000   clock clk_i (rise edge)
                                  0.000000    0.000000   clock network delay (propagated)
                                  0.250000    0.250000   clock uncertainty
                                  0.000000    0.250000   clock reconvergence pessimism
                                 -2.000000   -1.750000   output external delay
                                             -1.750000   data required time
---------------------------------------------------------------------------------------------
                                             -1.750000   data required time
                                            -10.928415   data arrival time
---------------------------------------------------------------------------------------------
                                             12.678415   slack (MET)


Startpoint: u_sram (falling edge-triggered flip-flop clocked by clk_i)
Endpoint: axi_rdata_o[21] (output port clocked by clk_i)
Path Group: clk_i
Path Type: min

Fanout         Cap        Slew       Delay        Time   Description
---------------------------------------------------------------------------------------------
                                 10.000000   10.000000   clock clk_i (fall edge)
                                  0.000000   10.000000   clock source latency
     2    0.071922    0.000000    0.000000   10.000000 v clk_i (in)
                                                         clk_i (net)
                      0.008305    0.004152   10.004152 v clkbuf_0_clk_i/A (sky130_fd_sc_hd__clkbuf_16)
     2    0.036779    0.073748    0.248130   10.252282 v clkbuf_0_clk_i/X (sky130_fd_sc_hd__clkbuf_16)
                                                         clknet_0_clk_i (net)
                      0.073766    0.001132   10.253413 v clkbuf_1_0__f_clk_i/A (sky130_fd_sc_hd__clkbuf_16)
     1    0.060543    0.093474    0.295804   10.549218 v clkbuf_1_0__f_clk_i/X (sky130_fd_sc_hd__clkbuf_16)
                                                         clknet_1_0__leaf_clk_i (net)
                      0.129325    0.013999   10.563217 v u_sram/clk0 (sky130_sram_1kbyte_1rw1r_32x256_8)
     1    0.006440    0.004739    0.365472   10.928689 ^ u_sram/dout0[21] (sky130_sram_1kbyte_1rw1r_32x256_8)
                                                         axi_rdata_o[21] (net)
                      0.003554    0.000046   10.928736 ^ axi_rdata_o[21] (out)
                                             10.928736   data arrival time

                                  0.000000    0.000000   clock clk_i (rise edge)
                                  0.000000    0.000000   clock network delay (propagated)
                                  0.250000    0.250000   clock uncertainty
                                  0.000000    0.250000   clock reconvergence pessimism
                                 -2.000000   -1.750000   output external delay
                                             -1.750000   data required time
---------------------------------------------------------------------------------------------
                                             -1.750000   data required time
                                            -10.928736   data arrival time
---------------------------------------------------------------------------------------------
                                             12.678736   slack (MET)


Startpoint: u_sram (falling edge-triggered flip-flop clocked by clk_i)
Endpoint: axi_rdata_o[9] (output port clocked by clk_i)
Path Group: clk_i
Path Type: min

Fanout         Cap        Slew       Delay        Time   Description
---------------------------------------------------------------------------------------------
                                 10.000000   10.000000   clock clk_i (fall edge)
                                  0.000000   10.000000   clock source latency
     2    0.071922    0.000000    0.000000   10.000000 v clk_i (in)
                                                         clk_i (net)
                      0.008305    0.004152   10.004152 v clkbuf_0_clk_i/A (sky130_fd_sc_hd__clkbuf_16)
     2    0.036779    0.073748    0.248130   10.252282 v clkbuf_0_clk_i/X (sky130_fd_sc_hd__clkbuf_16)
                                                         clknet_0_clk_i (net)
                      0.073766    0.001132   10.253413 v clkbuf_1_0__f_clk_i/A (sky130_fd_sc_hd__clkbuf_16)
     1    0.060543    0.093474    0.295804   10.549218 v clkbuf_1_0__f_clk_i/X (sky130_fd_sc_hd__clkbuf_16)
                                                         clknet_1_0__leaf_clk_i (net)
                      0.129325    0.013999   10.563217 v u_sram/clk0 (sky130_sram_1kbyte_1rw1r_32x256_8)
     1    0.006494    0.004770    0.365776   10.928993 ^ u_sram/dout0[9] (sky130_sram_1kbyte_1rw1r_32x256_8)
                                                         axi_rdata_o[9] (net)
                      0.003577    0.000046   10.929039 ^ axi_rdata_o[9] (out)
                                             10.929039   data arrival time

                                  0.000000    0.000000   clock clk_i (rise edge)
                                  0.000000    0.000000   clock network delay (propagated)
                                  0.250000    0.250000   clock uncertainty
                                  0.000000    0.250000   clock reconvergence pessimism
                                 -2.000000   -1.750000   output external delay
                                             -1.750000   data required time
---------------------------------------------------------------------------------------------
                                             -1.750000   data required time
                                            -10.929039   data arrival time
---------------------------------------------------------------------------------------------
                                             12.679040   slack (MET)


Startpoint: u_sram (falling edge-triggered flip-flop clocked by clk_i)
Endpoint: axi_rdata_o[13] (output port clocked by clk_i)
Path Group: clk_i
Path Type: min

Fanout         Cap        Slew       Delay        Time   Description
---------------------------------------------------------------------------------------------
                                 10.000000   10.000000   clock clk_i (fall edge)
                                  0.000000   10.000000   clock source latency
     2    0.071922    0.000000    0.000000   10.000000 v clk_i (in)
                                                         clk_i (net)
                      0.008305    0.004152   10.004152 v clkbuf_0_clk_i/A (sky130_fd_sc_hd__clkbuf_16)
     2    0.036779    0.073748    0.248130   10.252282 v clkbuf_0_clk_i/X (sky130_fd_sc_hd__clkbuf_16)
                                                         clknet_0_clk_i (net)
                      0.073766    0.001132   10.253413 v clkbuf_1_0__f_clk_i/A (sky130_fd_sc_hd__clkbuf_16)
     1    0.060543    0.093474    0.295804   10.549218 v clkbuf_1_0__f_clk_i/X (sky130_fd_sc_hd__clkbuf_16)
                                                         clknet_1_0__leaf_clk_i (net)
                      0.129325    0.013999   10.563217 v u_sram/clk0 (sky130_sram_1kbyte_1rw1r_32x256_8)
     1    0.007692    0.005427    0.372502   10.935719 ^ u_sram/dout0[13] (sky130_sram_1kbyte_1rw1r_32x256_8)
                                                         axi_rdata_o[13] (net)
                      0.004070    0.000064   10.935783 ^ axi_rdata_o[13] (out)
                                             10.935783   data arrival time

                                  0.000000    0.000000   clock clk_i (rise edge)
                                  0.000000    0.000000   clock network delay (propagated)
                                  0.250000    0.250000   clock uncertainty
                                  0.000000    0.250000   clock reconvergence pessimism
                                 -2.000000   -1.750000   output external delay
                                             -1.750000   data required time
---------------------------------------------------------------------------------------------
                                             -1.750000   data required time
                                            -10.935783   data arrival time
---------------------------------------------------------------------------------------------
                                             12.685783   slack (MET)


Startpoint: u_sram (falling edge-triggered flip-flop clocked by clk_i)
Endpoint: axi_rdata_o[22] (output port clocked by clk_i)
Path Group: clk_i
Path Type: min

Fanout         Cap        Slew       Delay        Time   Description
---------------------------------------------------------------------------------------------
                                 10.000000   10.000000   clock clk_i (fall edge)
                                  0.000000   10.000000   clock source latency
     2    0.071922    0.000000    0.000000   10.000000 v clk_i (in)
                                                         clk_i (net)
                      0.008305    0.004152   10.004152 v clkbuf_0_clk_i/A (sky130_fd_sc_hd__clkbuf_16)
     2    0.036779    0.073748    0.248130   10.252282 v clkbuf_0_clk_i/X (sky130_fd_sc_hd__clkbuf_16)
                                                         clknet_0_clk_i (net)
                      0.073766    0.001132   10.253413 v clkbuf_1_0__f_clk_i/A (sky130_fd_sc_hd__clkbuf_16)
     1    0.060543    0.093474    0.295804   10.549218 v clkbuf_1_0__f_clk_i/X (sky130_fd_sc_hd__clkbuf_16)
                                                         clknet_1_0__leaf_clk_i (net)
                      0.129325    0.013999   10.563217 v u_sram/clk0 (sky130_sram_1kbyte_1rw1r_32x256_8)
     1    0.007700    0.005431    0.372546   10.935762 ^ u_sram/dout0[22] (sky130_sram_1kbyte_1rw1r_32x256_8)
                                                         axi_rdata_o[22] (net)
                      0.004073    0.000064   10.935826 ^ axi_rdata_o[22] (out)
                                             10.935826   data arrival time

                                  0.000000    0.000000   clock clk_i (rise edge)
                                  0.000000    0.000000   clock network delay (propagated)
                                  0.250000    0.250000   clock uncertainty
                                  0.000000    0.250000   clock reconvergence pessimism
                                 -2.000000   -1.750000   output external delay
                                             -1.750000   data required time
---------------------------------------------------------------------------------------------
                                             -1.750000   data required time
                                            -10.935826   data arrival time
---------------------------------------------------------------------------------------------
                                             12.685827   slack (MET)


Startpoint: u_sram (falling edge-triggered flip-flop clocked by clk_i)
Endpoint: axi_rdata_o[12] (output port clocked by clk_i)
Path Group: clk_i
Path Type: min

Fanout         Cap        Slew       Delay        Time   Description
---------------------------------------------------------------------------------------------
                                 10.000000   10.000000   clock clk_i (fall edge)
                                  0.000000   10.000000   clock source latency
     2    0.071922    0.000000    0.000000   10.000000 v clk_i (in)
                                                         clk_i (net)
                      0.008305    0.004152   10.004152 v clkbuf_0_clk_i/A (sky130_fd_sc_hd__clkbuf_16)
     2    0.036779    0.073748    0.248130   10.252282 v clkbuf_0_clk_i/X (sky130_fd_sc_hd__clkbuf_16)
                                                         clknet_0_clk_i (net)
                      0.073766    0.001132   10.253413 v clkbuf_1_0__f_clk_i/A (sky130_fd_sc_hd__clkbuf_16)
     1    0.060543    0.093474    0.295804   10.549218 v clkbuf_1_0__f_clk_i/X (sky130_fd_sc_hd__clkbuf_16)
                                                         clknet_1_0__leaf_clk_i (net)
                      0.129325    0.013999   10.563217 v u_sram/clk0 (sky130_sram_1kbyte_1rw1r_32x256_8)
     1    0.007745    0.005455    0.372798   10.936015 ^ u_sram/dout0[12] (sky130_sram_1kbyte_1rw1r_32x256_8)
                                                         axi_rdata_o[12] (net)
                      0.004091    0.000065   10.936080 ^ axi_rdata_o[12] (out)
                                             10.936080   data arrival time

                                  0.000000    0.000000   clock clk_i (rise edge)
                                  0.000000    0.000000   clock network delay (propagated)
                                  0.250000    0.250000   clock uncertainty
                                  0.000000    0.250000   clock reconvergence pessimism
                                 -2.000000   -1.750000   output external delay
                                             -1.750000   data required time
---------------------------------------------------------------------------------------------
                                             -1.750000   data required time
                                            -10.936080   data arrival time
---------------------------------------------------------------------------------------------
                                             12.686080   slack (MET)


Startpoint: u_sram (falling edge-triggered flip-flop clocked by clk_i)
Endpoint: axi_rdata_o[11] (output port clocked by clk_i)
Path Group: clk_i
Path Type: min

Fanout         Cap        Slew       Delay        Time   Description
---------------------------------------------------------------------------------------------
                                 10.000000   10.000000   clock clk_i (fall edge)
                                  0.000000   10.000000   clock source latency
     2    0.071922    0.000000    0.000000   10.000000 v clk_i (in)
                                                         clk_i (net)
                      0.008305    0.004152   10.004152 v clkbuf_0_clk_i/A (sky130_fd_sc_hd__clkbuf_16)
     2    0.036779    0.073748    0.248130   10.252282 v clkbuf_0_clk_i/X (sky130_fd_sc_hd__clkbuf_16)
                                                         clknet_0_clk_i (net)
                      0.073766    0.001132   10.253413 v clkbuf_1_0__f_clk_i/A (sky130_fd_sc_hd__clkbuf_16)
     1    0.060543    0.093474    0.295804   10.549218 v clkbuf_1_0__f_clk_i/X (sky130_fd_sc_hd__clkbuf_16)
                                                         clknet_1_0__leaf_clk_i (net)
                      0.129325    0.013999   10.563217 v u_sram/clk0 (sky130_sram_1kbyte_1rw1r_32x256_8)
     1    0.007756    0.005461    0.372862   10.936079 ^ u_sram/dout0[11] (sky130_sram_1kbyte_1rw1r_32x256_8)
                                                         axi_rdata_o[11] (net)
                      0.004096    0.000066   10.936145 ^ axi_rdata_o[11] (out)
                                             10.936145   data arrival time

                                  0.000000    0.000000   clock clk_i (rise edge)
                                  0.000000    0.000000   clock network delay (propagated)
                                  0.250000    0.250000   clock uncertainty
                                  0.000000    0.250000   clock reconvergence pessimism
                                 -2.000000   -1.750000   output external delay
                                             -1.750000   data required time
---------------------------------------------------------------------------------------------
                                             -1.750000   data required time
                                            -10.936145   data arrival time
---------------------------------------------------------------------------------------------
                                             12.686145   slack (MET)


Startpoint: u_sram (falling edge-triggered flip-flop clocked by clk_i)
Endpoint: axi_rdata_o[19] (output port clocked by clk_i)
Path Group: clk_i
Path Type: min

Fanout         Cap        Slew       Delay        Time   Description
---------------------------------------------------------------------------------------------
                                 10.000000   10.000000   clock clk_i (fall edge)
                                  0.000000   10.000000   clock source latency
     2    0.071922    0.000000    0.000000   10.000000 v clk_i (in)
                                                         clk_i (net)
                      0.008305    0.004152   10.004152 v clkbuf_0_clk_i/A (sky130_fd_sc_hd__clkbuf_16)
     2    0.036779    0.073748    0.248130   10.252282 v clkbuf_0_clk_i/X (sky130_fd_sc_hd__clkbuf_16)
                                                         clknet_0_clk_i (net)
                      0.073766    0.001132   10.253413 v clkbuf_1_0__f_clk_i/A (sky130_fd_sc_hd__clkbuf_16)
     1    0.060543    0.093474    0.295804   10.549218 v clkbuf_1_0__f_clk_i/X (sky130_fd_sc_hd__clkbuf_16)
                                                         clknet_1_0__leaf_clk_i (net)
                      0.129325    0.013999   10.563217 v u_sram/clk0 (sky130_sram_1kbyte_1rw1r_32x256_8)
     1    0.007762    0.005464    0.372896   10.936112 ^ u_sram/dout0[19] (sky130_sram_1kbyte_1rw1r_32x256_8)
                                                         axi_rdata_o[19] (net)
                      0.004098    0.000069   10.936182 ^ axi_rdata_o[19] (out)
                                             10.936182   data arrival time

                                  0.000000    0.000000   clock clk_i (rise edge)
                                  0.000000    0.000000   clock network delay (propagated)
                                  0.250000    0.250000   clock uncertainty
                                  0.000000    0.250000   clock reconvergence pessimism
                                 -2.000000   -1.750000   output external delay
                                             -1.750000   data required time
---------------------------------------------------------------------------------------------
                                             -1.750000   data required time
                                            -10.936182   data arrival time
---------------------------------------------------------------------------------------------
                                             12.686182   slack (MET)


Startpoint: u_sram (falling edge-triggered flip-flop clocked by clk_i)
Endpoint: axi_rdata_o[15] (output port clocked by clk_i)
Path Group: clk_i
Path Type: min

Fanout         Cap        Slew       Delay        Time   Description
---------------------------------------------------------------------------------------------
                                 10.000000   10.000000   clock clk_i (fall edge)
                                  0.000000   10.000000   clock source latency
     2    0.071922    0.000000    0.000000   10.000000 v clk_i (in)
                                                         clk_i (net)
                      0.008305    0.004152   10.004152 v clkbuf_0_clk_i/A (sky130_fd_sc_hd__clkbuf_16)
     2    0.036779    0.073748    0.248130   10.252282 v clkbuf_0_clk_i/X (sky130_fd_sc_hd__clkbuf_16)
                                                         clknet_0_clk_i (net)
                      0.073766    0.001132   10.253413 v clkbuf_1_0__f_clk_i/A (sky130_fd_sc_hd__clkbuf_16)
     1    0.060543    0.093474    0.295804   10.549218 v clkbuf_1_0__f_clk_i/X (sky130_fd_sc_hd__clkbuf_16)
                                                         clknet_1_0__leaf_clk_i (net)
                      0.129325    0.013999   10.563217 v u_sram/clk0 (sky130_sram_1kbyte_1rw1r_32x256_8)
     1    0.007770    0.005468    0.372939   10.936156 ^ u_sram/dout0[15] (sky130_sram_1kbyte_1rw1r_32x256_8)
                                                         axi_rdata_o[15] (net)
                      0.004101    0.000066   10.936222 ^ axi_rdata_o[15] (out)
                                             10.936222   data arrival time

                                  0.000000    0.000000   clock clk_i (rise edge)
                                  0.000000    0.000000   clock network delay (propagated)
                                  0.250000    0.250000   clock uncertainty
                                  0.000000    0.250000   clock reconvergence pessimism
                                 -2.000000   -1.750000   output external delay
                                             -1.750000   data required time
---------------------------------------------------------------------------------------------
                                             -1.750000   data required time
                                            -10.936222   data arrival time
---------------------------------------------------------------------------------------------
                                             12.686222   slack (MET)


Startpoint: u_sram (falling edge-triggered flip-flop clocked by clk_i)
Endpoint: axi_rdata_o[23] (output port clocked by clk_i)
Path Group: clk_i
Path Type: min

Fanout         Cap        Slew       Delay        Time   Description
---------------------------------------------------------------------------------------------
                                 10.000000   10.000000   clock clk_i (fall edge)
                                  0.000000   10.000000   clock source latency
     2    0.071922    0.000000    0.000000   10.000000 v clk_i (in)
                                                         clk_i (net)
                      0.008305    0.004152   10.004152 v clkbuf_0_clk_i/A (sky130_fd_sc_hd__clkbuf_16)
     2    0.036779    0.073748    0.248130   10.252282 v clkbuf_0_clk_i/X (sky130_fd_sc_hd__clkbuf_16)
                                                         clknet_0_clk_i (net)
                      0.073766    0.001132   10.253413 v clkbuf_1_0__f_clk_i/A (sky130_fd_sc_hd__clkbuf_16)
     1    0.060543    0.093474    0.295804   10.549218 v clkbuf_1_0__f_clk_i/X (sky130_fd_sc_hd__clkbuf_16)
                                                         clknet_1_0__leaf_clk_i (net)
                      0.129325    0.013999   10.563217 v u_sram/clk0 (sky130_sram_1kbyte_1rw1r_32x256_8)
     1    0.007909    0.005542    0.373721   10.936938 ^ u_sram/dout0[23] (sky130_sram_1kbyte_1rw1r_32x256_8)
                                                         axi_rdata_o[23] (net)
                      0.004157    0.000077   10.937016 ^ axi_rdata_o[23] (out)
                                             10.937016   data arrival time

                                  0.000000    0.000000   clock clk_i (rise edge)
                                  0.000000    0.000000   clock network delay (propagated)
                                  0.250000    0.250000   clock uncertainty
                                  0.000000    0.250000   clock reconvergence pessimism
                                 -2.000000   -1.750000   output external delay
                                             -1.750000   data required time
---------------------------------------------------------------------------------------------
                                             -1.750000   data required time
                                            -10.937016   data arrival time
---------------------------------------------------------------------------------------------
                                             12.687016   slack (MET)


Startpoint: u_sram (falling edge-triggered flip-flop clocked by clk_i)
Endpoint: axi_rdata_o[16] (output port clocked by clk_i)
Path Group: clk_i
Path Type: min

Fanout         Cap        Slew       Delay        Time   Description
---------------------------------------------------------------------------------------------
                                 10.000000   10.000000   clock clk_i (fall edge)
                                  0.000000   10.000000   clock source latency
     2    0.071922    0.000000    0.000000   10.000000 v clk_i (in)
                                                         clk_i (net)
                      0.008305    0.004152   10.004152 v clkbuf_0_clk_i/A (sky130_fd_sc_hd__clkbuf_16)
     2    0.036779    0.073748    0.248130   10.252282 v clkbuf_0_clk_i/X (sky130_fd_sc_hd__clkbuf_16)
                                                         clknet_0_clk_i (net)
                      0.073766    0.001132   10.253413 v clkbuf_1_0__f_clk_i/A (sky130_fd_sc_hd__clkbuf_16)
     1    0.060543    0.093474    0.295804   10.549218 v clkbuf_1_0__f_clk_i/X (sky130_fd_sc_hd__clkbuf_16)
                                                         clknet_1_0__leaf_clk_i (net)
                      0.129325    0.013999   10.563217 v u_sram/clk0 (sky130_sram_1kbyte_1rw1r_32x256_8)
     1    0.008214    0.005705    0.375431   10.938648 ^ u_sram/dout0[16] (sky130_sram_1kbyte_1rw1r_32x256_8)
                                                         axi_rdata_o[16] (net)
                      0.004279    0.000071   10.938720 ^ axi_rdata_o[16] (out)
                                             10.938720   data arrival time

                                  0.000000    0.000000   clock clk_i (rise edge)
                                  0.000000    0.000000   clock network delay (propagated)
                                  0.250000    0.250000   clock uncertainty
                                  0.000000    0.250000   clock reconvergence pessimism
                                 -2.000000   -1.750000   output external delay
                                             -1.750000   data required time
---------------------------------------------------------------------------------------------
                                             -1.750000   data required time
                                            -10.938720   data arrival time
---------------------------------------------------------------------------------------------
                                             12.688720   slack (MET)


Startpoint: u_sram (falling edge-triggered flip-flop clocked by clk_i)
Endpoint: axi_rdata_o[1] (output port clocked by clk_i)
Path Group: clk_i
Path Type: min

Fanout         Cap        Slew       Delay        Time   Description
---------------------------------------------------------------------------------------------
                                 10.000000   10.000000   clock clk_i (fall edge)
                                  0.000000   10.000000   clock source latency
     2    0.071922    0.000000    0.000000   10.000000 v clk_i (in)
                                                         clk_i (net)
                      0.008305    0.004152   10.004152 v clkbuf_0_clk_i/A (sky130_fd_sc_hd__clkbuf_16)
     2    0.036779    0.073748    0.248130   10.252282 v clkbuf_0_clk_i/X (sky130_fd_sc_hd__clkbuf_16)
                                                         clknet_0_clk_i (net)
                      0.073766    0.001132   10.253413 v clkbuf_1_0__f_clk_i/A (sky130_fd_sc_hd__clkbuf_16)
     1    0.060543    0.093474    0.295804   10.549218 v clkbuf_1_0__f_clk_i/X (sky130_fd_sc_hd__clkbuf_16)
                                                         clknet_1_0__leaf_clk_i (net)
                      0.129325    0.013999   10.563217 v u_sram/clk0 (sky130_sram_1kbyte_1rw1r_32x256_8)
     1    0.008224    0.005710    0.375487   10.938704 ^ u_sram/dout0[1] (sky130_sram_1kbyte_1rw1r_32x256_8)
                                                         axi_rdata_o[1] (net)
                      0.004282    0.000072   10.938776 ^ axi_rdata_o[1] (out)
                                             10.938776   data arrival time

                                  0.000000    0.000000   clock clk_i (rise edge)
                                  0.000000    0.000000   clock network delay (propagated)
                                  0.250000    0.250000   clock uncertainty
                                  0.000000    0.250000   clock reconvergence pessimism
                                 -2.000000   -1.750000   output external delay
                                             -1.750000   data required time
---------------------------------------------------------------------------------------------
                                             -1.750000   data required time
                                            -10.938776   data arrival time
---------------------------------------------------------------------------------------------
                                             12.688777   slack (MET)


Startpoint: u_sram (falling edge-triggered flip-flop clocked by clk_i)
Endpoint: axi_rdata_o[2] (output port clocked by clk_i)
Path Group: clk_i
Path Type: min

Fanout         Cap        Slew       Delay        Time   Description
---------------------------------------------------------------------------------------------
                                 10.000000   10.000000   clock clk_i (fall edge)
                                  0.000000   10.000000   clock source latency
     2    0.071922    0.000000    0.000000   10.000000 v clk_i (in)
                                                         clk_i (net)
                      0.008305    0.004152   10.004152 v clkbuf_0_clk_i/A (sky130_fd_sc_hd__clkbuf_16)
     2    0.036779    0.073748    0.248130   10.252282 v clkbuf_0_clk_i/X (sky130_fd_sc_hd__clkbuf_16)
                                                         clknet_0_clk_i (net)
                      0.073766    0.001132   10.253413 v clkbuf_1_0__f_clk_i/A (sky130_fd_sc_hd__clkbuf_16)
     1    0.060543    0.093474    0.295804   10.549218 v clkbuf_1_0__f_clk_i/X (sky130_fd_sc_hd__clkbuf_16)
                                                         clknet_1_0__leaf_clk_i (net)
                      0.129325    0.013999   10.563217 v u_sram/clk0 (sky130_sram_1kbyte_1rw1r_32x256_8)
     1    0.008238    0.005717    0.375565   10.938783 ^ u_sram/dout0[2] (sky130_sram_1kbyte_1rw1r_32x256_8)
                                                         axi_rdata_o[2] (net)
                      0.004288    0.000072   10.938854 ^ axi_rdata_o[2] (out)
                                             10.938854   data arrival time

                                  0.000000    0.000000   clock clk_i (rise edge)
                                  0.000000    0.000000   clock network delay (propagated)
                                  0.250000    0.250000   clock uncertainty
                                  0.000000    0.250000   clock reconvergence pessimism
                                 -2.000000   -1.750000   output external delay
                                             -1.750000   data required time
---------------------------------------------------------------------------------------------
                                             -1.750000   data required time
                                            -10.938854   data arrival time
---------------------------------------------------------------------------------------------
                                             12.688855   slack (MET)


Startpoint: u_sram (falling edge-triggered flip-flop clocked by clk_i)
Endpoint: axi_rdata_o[14] (output port clocked by clk_i)
Path Group: clk_i
Path Type: min

Fanout         Cap        Slew       Delay        Time   Description
---------------------------------------------------------------------------------------------
                                 10.000000   10.000000   clock clk_i (fall edge)
                                  0.000000   10.000000   clock source latency
     2    0.071922    0.000000    0.000000   10.000000 v clk_i (in)
                                                         clk_i (net)
                      0.008305    0.004152   10.004152 v clkbuf_0_clk_i/A (sky130_fd_sc_hd__clkbuf_16)
     2    0.036779    0.073748    0.248130   10.252282 v clkbuf_0_clk_i/X (sky130_fd_sc_hd__clkbuf_16)
                                                         clknet_0_clk_i (net)
                      0.073766    0.001132   10.253413 v clkbuf_1_0__f_clk_i/A (sky130_fd_sc_hd__clkbuf_16)
     1    0.060543    0.093474    0.295804   10.549218 v clkbuf_1_0__f_clk_i/X (sky130_fd_sc_hd__clkbuf_16)
                                                         clknet_1_0__leaf_clk_i (net)
                      0.129325    0.013999   10.563217 v u_sram/clk0 (sky130_sram_1kbyte_1rw1r_32x256_8)
     1    0.008255    0.005726    0.375660   10.938877 ^ u_sram/dout0[14] (sky130_sram_1kbyte_1rw1r_32x256_8)
                                                         axi_rdata_o[14] (net)
                      0.004295    0.000073   10.938950 ^ axi_rdata_o[14] (out)
                                             10.938950   data arrival time

                                  0.000000    0.000000   clock clk_i (rise edge)
                                  0.000000    0.000000   clock network delay (propagated)
                                  0.250000    0.250000   clock uncertainty
                                  0.000000    0.250000   clock reconvergence pessimism
                                 -2.000000   -1.750000   output external delay
                                             -1.750000   data required time
---------------------------------------------------------------------------------------------
                                             -1.750000   data required time
                                            -10.938950   data arrival time
---------------------------------------------------------------------------------------------
                                             12.688950   slack (MET)


Startpoint: u_sram (falling edge-triggered flip-flop clocked by clk_i)
Endpoint: axi_rdata_o[0] (output port clocked by clk_i)
Path Group: clk_i
Path Type: min

Fanout         Cap        Slew       Delay        Time   Description
---------------------------------------------------------------------------------------------
                                 10.000000   10.000000   clock clk_i (fall edge)
                                  0.000000   10.000000   clock source latency
     2    0.071922    0.000000    0.000000   10.000000 v clk_i (in)
                                                         clk_i (net)
                      0.008305    0.004152   10.004152 v clkbuf_0_clk_i/A (sky130_fd_sc_hd__clkbuf_16)
     2    0.036779    0.073748    0.248130   10.252282 v clkbuf_0_clk_i/X (sky130_fd_sc_hd__clkbuf_16)
                                                         clknet_0_clk_i (net)
                      0.073766    0.001132   10.253413 v clkbuf_1_0__f_clk_i/A (sky130_fd_sc_hd__clkbuf_16)
     1    0.060543    0.093474    0.295804   10.549218 v clkbuf_1_0__f_clk_i/X (sky130_fd_sc_hd__clkbuf_16)
                                                         clknet_1_0__leaf_clk_i (net)
                      0.129325    0.013999   10.563217 v u_sram/clk0 (sky130_sram_1kbyte_1rw1r_32x256_8)
     1    0.008262    0.005730    0.375697   10.938914 ^ u_sram/dout0[0] (sky130_sram_1kbyte_1rw1r_32x256_8)
                                                         axi_rdata_o[0] (net)
                      0.004297    0.000073   10.938987 ^ axi_rdata_o[0] (out)
                                             10.938987   data arrival time

                                  0.000000    0.000000   clock clk_i (rise edge)
                                  0.000000    0.000000   clock network delay (propagated)
                                  0.250000    0.250000   clock uncertainty
                                  0.000000    0.250000   clock reconvergence pessimism
                                 -2.000000   -1.750000   output external delay
                                             -1.750000   data required time
---------------------------------------------------------------------------------------------
                                             -1.750000   data required time
                                            -10.938987   data arrival time
---------------------------------------------------------------------------------------------
                                             12.688987   slack (MET)


Startpoint: u_sram (falling edge-triggered flip-flop clocked by clk_i)
Endpoint: axi_rdata_o[24] (output port clocked by clk_i)
Path Group: clk_i
Path Type: min

Fanout         Cap        Slew       Delay        Time   Description
---------------------------------------------------------------------------------------------
                                 10.000000   10.000000   clock clk_i (fall edge)
                                  0.000000   10.000000   clock source latency
     2    0.071922    0.000000    0.000000   10.000000 v clk_i (in)
                                                         clk_i (net)
                      0.008305    0.004152   10.004152 v clkbuf_0_clk_i/A (sky130_fd_sc_hd__clkbuf_16)
     2    0.036779    0.073748    0.248130   10.252282 v clkbuf_0_clk_i/X (sky130_fd_sc_hd__clkbuf_16)
                                                         clknet_0_clk_i (net)
                      0.073766    0.001132   10.253413 v clkbuf_1_0__f_clk_i/A (sky130_fd_sc_hd__clkbuf_16)
     1    0.060543    0.093474    0.295804   10.549218 v clkbuf_1_0__f_clk_i/X (sky130_fd_sc_hd__clkbuf_16)
                                                         clknet_1_0__leaf_clk_i (net)
                      0.129325    0.013999   10.563217 v u_sram/clk0 (sky130_sram_1kbyte_1rw1r_32x256_8)
     1    0.008331    0.005767    0.376089   10.939305 ^ u_sram/dout0[24] (sky130_sram_1kbyte_1rw1r_32x256_8)
                                                         axi_rdata_o[24] (net)
                      0.004325    0.000082   10.939387 ^ axi_rdata_o[24] (out)
                                             10.939387   data arrival time

                                  0.000000    0.000000   clock clk_i (rise edge)
                                  0.000000    0.000000   clock network delay (propagated)
                                  0.250000    0.250000   clock uncertainty
                                  0.000000    0.250000   clock reconvergence pessimism
                                 -2.000000   -1.750000   output external delay
                                             -1.750000   data required time
---------------------------------------------------------------------------------------------
                                             -1.750000   data required time
                                            -10.939387   data arrival time
---------------------------------------------------------------------------------------------
                                             12.689387   slack (MET)


Startpoint: u_sram (falling edge-triggered flip-flop clocked by clk_i)
Endpoint: axi_rdata_o[17] (output port clocked by clk_i)
Path Group: clk_i
Path Type: min

Fanout         Cap        Slew       Delay        Time   Description
---------------------------------------------------------------------------------------------
                                 10.000000   10.000000   clock clk_i (fall edge)
                                  0.000000   10.000000   clock source latency
     2    0.071922    0.000000    0.000000   10.000000 v clk_i (in)
                                                         clk_i (net)
                      0.008305    0.004152   10.004152 v clkbuf_0_clk_i/A (sky130_fd_sc_hd__clkbuf_16)
     2    0.036779    0.073748    0.248130   10.252282 v clkbuf_0_clk_i/X (sky130_fd_sc_hd__clkbuf_16)
                                                         clknet_0_clk_i (net)
                      0.073766    0.001132   10.253413 v clkbuf_1_0__f_clk_i/A (sky130_fd_sc_hd__clkbuf_16)
     1    0.060543    0.093474    0.295804   10.549218 v clkbuf_1_0__f_clk_i/X (sky130_fd_sc_hd__clkbuf_16)
                                                         clknet_1_0__leaf_clk_i (net)
                      0.129325    0.013999   10.563217 v u_sram/clk0 (sky130_sram_1kbyte_1rw1r_32x256_8)
     1    0.008379    0.005792    0.376355   10.939572 ^ u_sram/dout0[17] (sky130_sram_1kbyte_1rw1r_32x256_8)
                                                         axi_rdata_o[17] (net)
                      0.004344    0.000064   10.939636 ^ axi_rdata_o[17] (out)
                                             10.939636   data arrival time

                                  0.000000    0.000000   clock clk_i (rise edge)
                                  0.000000    0.000000   clock network delay (propagated)
                                  0.250000    0.250000   clock uncertainty
                                  0.000000    0.250000   clock reconvergence pessimism
                                 -2.000000   -1.750000   output external delay
                                             -1.750000   data required time
---------------------------------------------------------------------------------------------
                                             -1.750000   data required time
                                            -10.939636   data arrival time
---------------------------------------------------------------------------------------------
                                             12.689636   slack (MET)


Startpoint: u_sram (falling edge-triggered flip-flop clocked by clk_i)
Endpoint: axi_rdata_o[7] (output port clocked by clk_i)
Path Group: clk_i
Path Type: min

Fanout         Cap        Slew       Delay        Time   Description
---------------------------------------------------------------------------------------------
                                 10.000000   10.000000   clock clk_i (fall edge)
                                  0.000000   10.000000   clock source latency
     2    0.071922    0.000000    0.000000   10.000000 v clk_i (in)
                                                         clk_i (net)
                      0.008305    0.004152   10.004152 v clkbuf_0_clk_i/A (sky130_fd_sc_hd__clkbuf_16)
     2    0.036779    0.073748    0.248130   10.252282 v clkbuf_0_clk_i/X (sky130_fd_sc_hd__clkbuf_16)
                                                         clknet_0_clk_i (net)
                      0.073766    0.001132   10.253413 v clkbuf_1_0__f_clk_i/A (sky130_fd_sc_hd__clkbuf_16)
     1    0.060543    0.093474    0.295804   10.549218 v clkbuf_1_0__f_clk_i/X (sky130_fd_sc_hd__clkbuf_16)
                                                         clknet_1_0__leaf_clk_i (net)
                      0.129325    0.013999   10.563217 v u_sram/clk0 (sky130_sram_1kbyte_1rw1r_32x256_8)
     1    0.008455    0.005833    0.376784   10.940001 ^ u_sram/dout0[7] (sky130_sram_1kbyte_1rw1r_32x256_8)
                                                         axi_rdata_o[7] (net)
                      0.004375    0.000076   10.940078 ^ axi_rdata_o[7] (out)
                                             10.940078   data arrival time

                                  0.000000    0.000000   clock clk_i (rise edge)
                                  0.000000    0.000000   clock network delay (propagated)
                                  0.250000    0.250000   clock uncertainty
                                  0.000000    0.250000   clock reconvergence pessimism
                                 -2.000000   -1.750000   output external delay
                                             -1.750000   data required time
---------------------------------------------------------------------------------------------
                                             -1.750000   data required time
                                            -10.940078   data arrival time
---------------------------------------------------------------------------------------------
                                             12.690078   slack (MET)


Startpoint: u_sram (falling edge-triggered flip-flop clocked by clk_i)
Endpoint: axi_rdata_o[5] (output port clocked by clk_i)
Path Group: clk_i
Path Type: min

Fanout         Cap        Slew       Delay        Time   Description
---------------------------------------------------------------------------------------------
                                 10.000000   10.000000   clock clk_i (fall edge)
                                  0.000000   10.000000   clock source latency
     2    0.071922    0.000000    0.000000   10.000000 v clk_i (in)
                                                         clk_i (net)
                      0.008305    0.004152   10.004152 v clkbuf_0_clk_i/A (sky130_fd_sc_hd__clkbuf_16)
     2    0.036779    0.073748    0.248130   10.252282 v clkbuf_0_clk_i/X (sky130_fd_sc_hd__clkbuf_16)
                                                         clknet_0_clk_i (net)
                      0.073766    0.001132   10.253413 v clkbuf_1_0__f_clk_i/A (sky130_fd_sc_hd__clkbuf_16)
     1    0.060543    0.093474    0.295804   10.549218 v clkbuf_1_0__f_clk_i/X (sky130_fd_sc_hd__clkbuf_16)
                                                         clknet_1_0__leaf_clk_i (net)
                      0.129325    0.013999   10.563217 v u_sram/clk0 (sky130_sram_1kbyte_1rw1r_32x256_8)
     1    0.008510    0.005862    0.377089   10.940307 ^ u_sram/dout0[5] (sky130_sram_1kbyte_1rw1r_32x256_8)
                                                         axi_rdata_o[5] (net)
                      0.004396    0.000075   10.940382 ^ axi_rdata_o[5] (out)
                                             10.940382   data arrival time

                                  0.000000    0.000000   clock clk_i (rise edge)
                                  0.000000    0.000000   clock network delay (propagated)
                                  0.250000    0.250000   clock uncertainty
                                  0.000000    0.250000   clock reconvergence pessimism
                                 -2.000000   -1.750000   output external delay
                                             -1.750000   data required time
---------------------------------------------------------------------------------------------
                                             -1.750000   data required time
                                            -10.940382   data arrival time
---------------------------------------------------------------------------------------------
                                             12.690382   slack (MET)


Startpoint: u_sram (falling edge-triggered flip-flop clocked by clk_i)
Endpoint: axi_rdata_o[4] (output port clocked by clk_i)
Path Group: clk_i
Path Type: min

Fanout         Cap        Slew       Delay        Time   Description
---------------------------------------------------------------------------------------------
                                 10.000000   10.000000   clock clk_i (fall edge)
                                  0.000000   10.000000   clock source latency
     2    0.071922    0.000000    0.000000   10.000000 v clk_i (in)
                                                         clk_i (net)
                      0.008305    0.004152   10.004152 v clkbuf_0_clk_i/A (sky130_fd_sc_hd__clkbuf_16)
     2    0.036779    0.073748    0.248130   10.252282 v clkbuf_0_clk_i/X (sky130_fd_sc_hd__clkbuf_16)
                                                         clknet_0_clk_i (net)
                      0.073766    0.001132   10.253413 v clkbuf_1_0__f_clk_i/A (sky130_fd_sc_hd__clkbuf_16)
     1    0.060543    0.093474    0.295804   10.549218 v clkbuf_1_0__f_clk_i/X (sky130_fd_sc_hd__clkbuf_16)
                                                         clknet_1_0__leaf_clk_i (net)
                      0.129325    0.013999   10.563217 v u_sram/clk0 (sky130_sram_1kbyte_1rw1r_32x256_8)
     1    0.008529    0.005872    0.377198   10.940415 ^ u_sram/dout0[4] (sky130_sram_1kbyte_1rw1r_32x256_8)
                                                         axi_rdata_o[4] (net)
                      0.004404    0.000077   10.940493 ^ axi_rdata_o[4] (out)
                                             10.940493   data arrival time

                                  0.000000    0.000000   clock clk_i (rise edge)
                                  0.000000    0.000000   clock network delay (propagated)
                                  0.250000    0.250000   clock uncertainty
                                  0.000000    0.250000   clock reconvergence pessimism
                                 -2.000000   -1.750000   output external delay
                                             -1.750000   data required time
---------------------------------------------------------------------------------------------
                                             -1.750000   data required time
                                            -10.940493   data arrival time
---------------------------------------------------------------------------------------------
                                             12.690493   slack (MET)


Startpoint: u_sram (falling edge-triggered flip-flop clocked by clk_i)
Endpoint: axi_rdata_o[6] (output port clocked by clk_i)
Path Group: clk_i
Path Type: min

Fanout         Cap        Slew       Delay        Time   Description
---------------------------------------------------------------------------------------------
                                 10.000000   10.000000   clock clk_i (fall edge)
                                  0.000000   10.000000   clock source latency
     2    0.071922    0.000000    0.000000   10.000000 v clk_i (in)
                                                         clk_i (net)
                      0.008305    0.004152   10.004152 v clkbuf_0_clk_i/A (sky130_fd_sc_hd__clkbuf_16)
     2    0.036779    0.073748    0.248130   10.252282 v clkbuf_0_clk_i/X (sky130_fd_sc_hd__clkbuf_16)
                                                         clknet_0_clk_i (net)
                      0.073766    0.001132   10.253413 v clkbuf_1_0__f_clk_i/A (sky130_fd_sc_hd__clkbuf_16)
     1    0.060543    0.093474    0.295804   10.549218 v clkbuf_1_0__f_clk_i/X (sky130_fd_sc_hd__clkbuf_16)
                                                         clknet_1_0__leaf_clk_i (net)
                      0.129325    0.013999   10.563217 v u_sram/clk0 (sky130_sram_1kbyte_1rw1r_32x256_8)
     1    0.008529    0.005872    0.377201   10.940418 ^ u_sram/dout0[6] (sky130_sram_1kbyte_1rw1r_32x256_8)
                                                         axi_rdata_o[6] (net)
                      0.004404    0.000077   10.940495 ^ axi_rdata_o[6] (out)
                                             10.940495   data arrival time

                                  0.000000    0.000000   clock clk_i (rise edge)
                                  0.000000    0.000000   clock network delay (propagated)
                                  0.250000    0.250000   clock uncertainty
                                  0.000000    0.250000   clock reconvergence pessimism
                                 -2.000000   -1.750000   output external delay
                                             -1.750000   data required time
---------------------------------------------------------------------------------------------
                                             -1.750000   data required time
                                            -10.940495   data arrival time
---------------------------------------------------------------------------------------------
                                             12.690495   slack (MET)


Startpoint: u_sram (falling edge-triggered flip-flop clocked by clk_i)
Endpoint: axi_rdata_o[8] (output port clocked by clk_i)
Path Group: clk_i
Path Type: min

Fanout         Cap        Slew       Delay        Time   Description
---------------------------------------------------------------------------------------------
                                 10.000000   10.000000   clock clk_i (fall edge)
                                  0.000000   10.000000   clock source latency
     2    0.071922    0.000000    0.000000   10.000000 v clk_i (in)
                                                         clk_i (net)
                      0.008305    0.004152   10.004152 v clkbuf_0_clk_i/A (sky130_fd_sc_hd__clkbuf_16)
     2    0.036779    0.073748    0.248130   10.252282 v clkbuf_0_clk_i/X (sky130_fd_sc_hd__clkbuf_16)
                                                         clknet_0_clk_i (net)
                      0.073766    0.001132   10.253413 v clkbuf_1_0__f_clk_i/A (sky130_fd_sc_hd__clkbuf_16)
     1    0.060543    0.093474    0.295804   10.549218 v clkbuf_1_0__f_clk_i/X (sky130_fd_sc_hd__clkbuf_16)
                                                         clknet_1_0__leaf_clk_i (net)
                      0.129325    0.013999   10.563217 v u_sram/clk0 (sky130_sram_1kbyte_1rw1r_32x256_8)
     1    0.008527    0.005871    0.377189   10.940406 ^ u_sram/dout0[8] (sky130_sram_1kbyte_1rw1r_32x256_8)
                                                         axi_rdata_o[8] (net)
                      0.004404    0.000077   10.940483 ^ axi_rdata_o[8] (out)
                                             10.940483   data arrival time

                                  0.000000    0.000000   clock clk_i (rise edge)
                                  0.000000    0.000000   clock network delay (propagated)
                                  0.250000    0.250000   clock uncertainty
                                  0.000000    0.250000   clock reconvergence pessimism
                                 -2.000000   -1.750000   output external delay
                                             -1.750000   data required time
---------------------------------------------------------------------------------------------
                                             -1.750000   data required time
                                            -10.940483   data arrival time
---------------------------------------------------------------------------------------------
                                             12.690484   slack (MET)


Startpoint: u_sram (falling edge-triggered flip-flop clocked by clk_i)
Endpoint: axi_rdata_o[3] (output port clocked by clk_i)
Path Group: clk_i
Path Type: min

Fanout         Cap        Slew       Delay        Time   Description
---------------------------------------------------------------------------------------------
                                 10.000000   10.000000   clock clk_i (fall edge)
                                  0.000000   10.000000   clock source latency
     2    0.071922    0.000000    0.000000   10.000000 v clk_i (in)
                                                         clk_i (net)
                      0.008305    0.004152   10.004152 v clkbuf_0_clk_i/A (sky130_fd_sc_hd__clkbuf_16)
     2    0.036779    0.073748    0.248130   10.252282 v clkbuf_0_clk_i/X (sky130_fd_sc_hd__clkbuf_16)
                                                         clknet_0_clk_i (net)
                      0.073766    0.001132   10.253413 v clkbuf_1_0__f_clk_i/A (sky130_fd_sc_hd__clkbuf_16)
     1    0.060543    0.093474    0.295804   10.549218 v clkbuf_1_0__f_clk_i/X (sky130_fd_sc_hd__clkbuf_16)
                                                         clknet_1_0__leaf_clk_i (net)
                      0.129325    0.013999   10.563217 v u_sram/clk0 (sky130_sram_1kbyte_1rw1r_32x256_8)
     1    0.008572    0.005895    0.377440   10.940658 ^ u_sram/dout0[3] (sky130_sram_1kbyte_1rw1r_32x256_8)
                                                         axi_rdata_o[3] (net)
                      0.004421    0.000078   10.940736 ^ axi_rdata_o[3] (out)
                                             10.940736   data arrival time

                                  0.000000    0.000000   clock clk_i (rise edge)
                                  0.000000    0.000000   clock network delay (propagated)
                                  0.250000    0.250000   clock uncertainty
                                  0.000000    0.250000   clock reconvergence pessimism
                                 -2.000000   -1.750000   output external delay
                                             -1.750000   data required time
---------------------------------------------------------------------------------------------
                                             -1.750000   data required time
                                            -10.940736   data arrival time
---------------------------------------------------------------------------------------------
                                             12.690736   slack (MET)


Startpoint: u_sram (falling edge-triggered flip-flop clocked by clk_i)
Endpoint: axi_rdata_o[10] (output port clocked by clk_i)
Path Group: clk_i
Path Type: min

Fanout         Cap        Slew       Delay        Time   Description
---------------------------------------------------------------------------------------------
                                 10.000000   10.000000   clock clk_i (fall edge)
                                  0.000000   10.000000   clock source latency
     2    0.071922    0.000000    0.000000   10.000000 v clk_i (in)
                                                         clk_i (net)
                      0.008305    0.004152   10.004152 v clkbuf_0_clk_i/A (sky130_fd_sc_hd__clkbuf_16)
     2    0.036779    0.073748    0.248130   10.252282 v clkbuf_0_clk_i/X (sky130_fd_sc_hd__clkbuf_16)
                                                         clknet_0_clk_i (net)
                      0.073766    0.001132   10.253413 v clkbuf_1_0__f_clk_i/A (sky130_fd_sc_hd__clkbuf_16)
     1    0.060543    0.093474    0.295804   10.549218 v clkbuf_1_0__f_clk_i/X (sky130_fd_sc_hd__clkbuf_16)
                                                         clknet_1_0__leaf_clk_i (net)
                      0.129325    0.013999   10.563217 v u_sram/clk0 (sky130_sram_1kbyte_1rw1r_32x256_8)
     1    0.009009    0.006128    0.379891   10.943108 ^ u_sram/dout0[10] (sky130_sram_1kbyte_1rw1r_32x256_8)
                                                         axi_rdata_o[10] (net)
                      0.004596    0.000083   10.943191 ^ axi_rdata_o[10] (out)
                                             10.943191   data arrival time

                                  0.000000    0.000000   clock clk_i (rise edge)
                                  0.000000    0.000000   clock network delay (propagated)
                                  0.250000    0.250000   clock uncertainty
                                  0.000000    0.250000   clock reconvergence pessimism
                                 -2.000000   -1.750000   output external delay
                                             -1.750000   data required time
---------------------------------------------------------------------------------------------
                                             -1.750000   data required time
                                            -10.943191   data arrival time
---------------------------------------------------------------------------------------------
                                             12.693191   slack (MET)


Startpoint: u_sram (falling edge-triggered flip-flop clocked by clk_i)
Endpoint: axi_rdata_o[20] (output port clocked by clk_i)
Path Group: clk_i
Path Type: min

Fanout         Cap        Slew       Delay        Time   Description
---------------------------------------------------------------------------------------------
                                 10.000000   10.000000   clock clk_i (fall edge)
                                  0.000000   10.000000   clock source latency
     2    0.071922    0.000000    0.000000   10.000000 v clk_i (in)
                                                         clk_i (net)
                      0.008305    0.004152   10.004152 v clkbuf_0_clk_i/A (sky130_fd_sc_hd__clkbuf_16)
     2    0.036779    0.073748    0.248130   10.252282 v clkbuf_0_clk_i/X (sky130_fd_sc_hd__clkbuf_16)
                                                         clknet_0_clk_i (net)
                      0.073766    0.001132   10.253413 v clkbuf_1_0__f_clk_i/A (sky130_fd_sc_hd__clkbuf_16)
     1    0.060543    0.093474    0.295804   10.549218 v clkbuf_1_0__f_clk_i/X (sky130_fd_sc_hd__clkbuf_16)
                                                         clknet_1_0__leaf_clk_i (net)
                      0.129325    0.013999   10.563217 v u_sram/clk0 (sky130_sram_1kbyte_1rw1r_32x256_8)
     1    0.009158    0.006207    0.380726   10.943943 ^ u_sram/dout0[20] (sky130_sram_1kbyte_1rw1r_32x256_8)
                                                         axi_rdata_o[20] (net)
                      0.004655    0.000085   10.944028 ^ axi_rdata_o[20] (out)
                                             10.944028   data arrival time

                                  0.000000    0.000000   clock clk_i (rise edge)
                                  0.000000    0.000000   clock network delay (propagated)
                                  0.250000    0.250000   clock uncertainty
                                  0.000000    0.250000   clock reconvergence pessimism
                                 -2.000000   -1.750000   output external delay
                                             -1.750000   data required time
---------------------------------------------------------------------------------------------
                                             -1.750000   data required time
                                            -10.944028   data arrival time
---------------------------------------------------------------------------------------------
                                             12.694029   slack (MET)


Startpoint: u_sram (falling edge-triggered flip-flop clocked by clk_i)
Endpoint: axi_rdata_o[18] (output port clocked by clk_i)
Path Group: clk_i
Path Type: min

Fanout         Cap        Slew       Delay        Time   Description
---------------------------------------------------------------------------------------------
                                 10.000000   10.000000   clock clk_i (fall edge)
                                  0.000000   10.000000   clock source latency
     2    0.071922    0.000000    0.000000   10.000000 v clk_i (in)
                                                         clk_i (net)
                      0.008305    0.004152   10.004152 v clkbuf_0_clk_i/A (sky130_fd_sc_hd__clkbuf_16)
     2    0.036779    0.073748    0.248130   10.252282 v clkbuf_0_clk_i/X (sky130_fd_sc_hd__clkbuf_16)
                                                         clknet_0_clk_i (net)
                      0.073766    0.001132   10.253413 v clkbuf_1_0__f_clk_i/A (sky130_fd_sc_hd__clkbuf_16)
     1    0.060543    0.093474    0.295804   10.549218 v clkbuf_1_0__f_clk_i/X (sky130_fd_sc_hd__clkbuf_16)
                                                         clknet_1_0__leaf_clk_i (net)
                      0.129325    0.013999   10.563217 v u_sram/clk0 (sky130_sram_1kbyte_1rw1r_32x256_8)
     1    0.009656    0.006472    0.383520   10.946737 ^ u_sram/dout0[18] (sky130_sram_1kbyte_1rw1r_32x256_8)
                                                         axi_rdata_o[18] (net)
                      0.004854    0.000091   10.946828 ^ axi_rdata_o[18] (out)
                                             10.946828   data arrival time

                                  0.000000    0.000000   clock clk_i (rise edge)
                                  0.000000    0.000000   clock network delay (propagated)
                                  0.250000    0.250000   clock uncertainty
                                  0.000000    0.250000   clock reconvergence pessimism
                                 -2.000000   -1.750000   output external delay
                                             -1.750000   data required time
---------------------------------------------------------------------------------------------
                                             -1.750000   data required time
                                            -10.946828   data arrival time
---------------------------------------------------------------------------------------------
                                             12.696828   slack (MET)



%OL_END_REPORT
%OL_CREATE_REPORT max.rpt

===========================================================================
report_checks -path_delay max (Setup)
============================================================================
======================= min_ss_100C_1v60 Corner ===================================

Startpoint: u_sram (falling edge-triggered flip-flop clocked by clk_i)
Endpoint: axi_rdata_o[18] (output port clocked by clk_i)
Path Group: clk_i
Path Type: max

Fanout         Cap        Slew       Delay        Time   Description
---------------------------------------------------------------------------------------------
                                 10.000000   10.000000   clock clk_i (fall edge)
                                  0.000000   10.000000   clock source latency
     2    0.071922    0.000000    0.000000   10.000000 v clk_i (in)
                                                         clk_i (net)
                      0.008305    0.004152   10.004152 v clkbuf_0_clk_i/A (sky130_fd_sc_hd__clkbuf_16)
     2    0.036779    0.073748    0.248130   10.252282 v clkbuf_0_clk_i/X (sky130_fd_sc_hd__clkbuf_16)
                                                         clknet_0_clk_i (net)
                      0.073766    0.001132   10.253413 v clkbuf_1_0__f_clk_i/A (sky130_fd_sc_hd__clkbuf_16)
     1    0.060543    0.093474    0.295804   10.549218 v clkbuf_1_0__f_clk_i/X (sky130_fd_sc_hd__clkbuf_16)
                                                         clknet_1_0__leaf_clk_i (net)
                      0.129325    0.013999   10.563217 v u_sram/clk0 (sky130_sram_1kbyte_1rw1r_32x256_8)
     1    0.009656    0.006472    0.383520   10.946737 ^ u_sram/dout0[18] (sky130_sram_1kbyte_1rw1r_32x256_8)
                                                         axi_rdata_o[18] (net)
                      0.004854    0.000091   10.946828 ^ axi_rdata_o[18] (out)
                                             10.946828   data arrival time

                                 20.000000   20.000000   clock clk_i (rise edge)
                                  0.000000   20.000000   clock network delay (propagated)
                                 -0.250000   19.750002   clock uncertainty
                                  0.000000   19.750002   clock reconvergence pessimism
                                 -2.000000   17.750002   output external delay
                                             17.750002   data required time
---------------------------------------------------------------------------------------------
                                             17.750002   data required time
                                            -10.946828   data arrival time
---------------------------------------------------------------------------------------------
                                              6.803174   slack (MET)


Startpoint: u_sram (falling edge-triggered flip-flop clocked by clk_i)
Endpoint: axi_rdata_o[20] (output port clocked by clk_i)
Path Group: clk_i
Path Type: max

Fanout         Cap        Slew       Delay        Time   Description
---------------------------------------------------------------------------------------------
                                 10.000000   10.000000   clock clk_i (fall edge)
                                  0.000000   10.000000   clock source latency
     2    0.071922    0.000000    0.000000   10.000000 v clk_i (in)
                                                         clk_i (net)
                      0.008305    0.004152   10.004152 v clkbuf_0_clk_i/A (sky130_fd_sc_hd__clkbuf_16)
     2    0.036779    0.073748    0.248130   10.252282 v clkbuf_0_clk_i/X (sky130_fd_sc_hd__clkbuf_16)
                                                         clknet_0_clk_i (net)
                      0.073766    0.001132   10.253413 v clkbuf_1_0__f_clk_i/A (sky130_fd_sc_hd__clkbuf_16)
     1    0.060543    0.093474    0.295804   10.549218 v clkbuf_1_0__f_clk_i/X (sky130_fd_sc_hd__clkbuf_16)
                                                         clknet_1_0__leaf_clk_i (net)
                      0.129325    0.013999   10.563217 v u_sram/clk0 (sky130_sram_1kbyte_1rw1r_32x256_8)
     1    0.009158    0.006207    0.380726   10.943943 ^ u_sram/dout0[20] (sky130_sram_1kbyte_1rw1r_32x256_8)
                                                         axi_rdata_o[20] (net)
                      0.004655    0.000085   10.944028 ^ axi_rdata_o[20] (out)
                                             10.944028   data arrival time

                                 20.000000   20.000000   clock clk_i (rise edge)
                                  0.000000   20.000000   clock network delay (propagated)
                                 -0.250000   19.750002   clock uncertainty
                                  0.000000   19.750002   clock reconvergence pessimism
                                 -2.000000   17.750002   output external delay
                                             17.750002   data required time
---------------------------------------------------------------------------------------------
                                             17.750002   data required time
                                            -10.944028   data arrival time
---------------------------------------------------------------------------------------------
                                              6.805973   slack (MET)


Startpoint: u_sram (falling edge-triggered flip-flop clocked by clk_i)
Endpoint: axi_rdata_o[10] (output port clocked by clk_i)
Path Group: clk_i
Path Type: max

Fanout         Cap        Slew       Delay        Time   Description
---------------------------------------------------------------------------------------------
                                 10.000000   10.000000   clock clk_i (fall edge)
                                  0.000000   10.000000   clock source latency
     2    0.071922    0.000000    0.000000   10.000000 v clk_i (in)
                                                         clk_i (net)
                      0.008305    0.004152   10.004152 v clkbuf_0_clk_i/A (sky130_fd_sc_hd__clkbuf_16)
     2    0.036779    0.073748    0.248130   10.252282 v clkbuf_0_clk_i/X (sky130_fd_sc_hd__clkbuf_16)
                                                         clknet_0_clk_i (net)
                      0.073766    0.001132   10.253413 v clkbuf_1_0__f_clk_i/A (sky130_fd_sc_hd__clkbuf_16)
     1    0.060543    0.093474    0.295804   10.549218 v clkbuf_1_0__f_clk_i/X (sky130_fd_sc_hd__clkbuf_16)
                                                         clknet_1_0__leaf_clk_i (net)
                      0.129325    0.013999   10.563217 v u_sram/clk0 (sky130_sram_1kbyte_1rw1r_32x256_8)
     1    0.009009    0.006128    0.379891   10.943108 ^ u_sram/dout0[10] (sky130_sram_1kbyte_1rw1r_32x256_8)
                                                         axi_rdata_o[10] (net)
                      0.004596    0.000083   10.943191 ^ axi_rdata_o[10] (out)
                                             10.943191   data arrival time

                                 20.000000   20.000000   clock clk_i (rise edge)
                                  0.000000   20.000000   clock network delay (propagated)
                                 -0.250000   19.750002   clock uncertainty
                                  0.000000   19.750002   clock reconvergence pessimism
                                 -2.000000   17.750002   output external delay
                                             17.750002   data required time
---------------------------------------------------------------------------------------------
                                             17.750002   data required time
                                            -10.943191   data arrival time
---------------------------------------------------------------------------------------------
                                              6.806810   slack (MET)


Startpoint: u_sram (falling edge-triggered flip-flop clocked by clk_i)
Endpoint: axi_rdata_o[3] (output port clocked by clk_i)
Path Group: clk_i
Path Type: max

Fanout         Cap        Slew       Delay        Time   Description
---------------------------------------------------------------------------------------------
                                 10.000000   10.000000   clock clk_i (fall edge)
                                  0.000000   10.000000   clock source latency
     2    0.071922    0.000000    0.000000   10.000000 v clk_i (in)
                                                         clk_i (net)
                      0.008305    0.004152   10.004152 v clkbuf_0_clk_i/A (sky130_fd_sc_hd__clkbuf_16)
     2    0.036779    0.073748    0.248130   10.252282 v clkbuf_0_clk_i/X (sky130_fd_sc_hd__clkbuf_16)
                                                         clknet_0_clk_i (net)
                      0.073766    0.001132   10.253413 v clkbuf_1_0__f_clk_i/A (sky130_fd_sc_hd__clkbuf_16)
     1    0.060543    0.093474    0.295804   10.549218 v clkbuf_1_0__f_clk_i/X (sky130_fd_sc_hd__clkbuf_16)
                                                         clknet_1_0__leaf_clk_i (net)
                      0.129325    0.013999   10.563217 v u_sram/clk0 (sky130_sram_1kbyte_1rw1r_32x256_8)
     1    0.008572    0.005895    0.377440   10.940658 ^ u_sram/dout0[3] (sky130_sram_1kbyte_1rw1r_32x256_8)
                                                         axi_rdata_o[3] (net)
                      0.004421    0.000078   10.940736 ^ axi_rdata_o[3] (out)
                                             10.940736   data arrival time

                                 20.000000   20.000000   clock clk_i (rise edge)
                                  0.000000   20.000000   clock network delay (propagated)
                                 -0.250000   19.750002   clock uncertainty
                                  0.000000   19.750002   clock reconvergence pessimism
                                 -2.000000   17.750002   output external delay
                                             17.750002   data required time
---------------------------------------------------------------------------------------------
                                             17.750002   data required time
                                            -10.940736   data arrival time
---------------------------------------------------------------------------------------------
                                              6.809265   slack (MET)


Startpoint: u_sram (falling edge-triggered flip-flop clocked by clk_i)
Endpoint: axi_rdata_o[4] (output port clocked by clk_i)
Path Group: clk_i
Path Type: max

Fanout         Cap        Slew       Delay        Time   Description
---------------------------------------------------------------------------------------------
                                 10.000000   10.000000   clock clk_i (fall edge)
                                  0.000000   10.000000   clock source latency
     2    0.071922    0.000000    0.000000   10.000000 v clk_i (in)
                                                         clk_i (net)
                      0.008305    0.004152   10.004152 v clkbuf_0_clk_i/A (sky130_fd_sc_hd__clkbuf_16)
     2    0.036779    0.073748    0.248130   10.252282 v clkbuf_0_clk_i/X (sky130_fd_sc_hd__clkbuf_16)
                                                         clknet_0_clk_i (net)
                      0.073766    0.001132   10.253413 v clkbuf_1_0__f_clk_i/A (sky130_fd_sc_hd__clkbuf_16)
     1    0.060543    0.093474    0.295804   10.549218 v clkbuf_1_0__f_clk_i/X (sky130_fd_sc_hd__clkbuf_16)
                                                         clknet_1_0__leaf_clk_i (net)
                      0.129325    0.013999   10.563217 v u_sram/clk0 (sky130_sram_1kbyte_1rw1r_32x256_8)
     1    0.008529    0.005872    0.377198   10.940415 ^ u_sram/dout0[4] (sky130_sram_1kbyte_1rw1r_32x256_8)
                                                         axi_rdata_o[4] (net)
                      0.004404    0.000077   10.940493 ^ axi_rdata_o[4] (out)
                                             10.940493   data arrival time

                                 20.000000   20.000000   clock clk_i (rise edge)
                                  0.000000   20.000000   clock network delay (propagated)
                                 -0.250000   19.750002   clock uncertainty
                                  0.000000   19.750002   clock reconvergence pessimism
                                 -2.000000   17.750002   output external delay
                                             17.750002   data required time
---------------------------------------------------------------------------------------------
                                             17.750002   data required time
                                            -10.940493   data arrival time
---------------------------------------------------------------------------------------------
                                              6.809509   slack (MET)


Startpoint: u_sram (falling edge-triggered flip-flop clocked by clk_i)
Endpoint: axi_rdata_o[6] (output port clocked by clk_i)
Path Group: clk_i
Path Type: max

Fanout         Cap        Slew       Delay        Time   Description
---------------------------------------------------------------------------------------------
                                 10.000000   10.000000   clock clk_i (fall edge)
                                  0.000000   10.000000   clock source latency
     2    0.071922    0.000000    0.000000   10.000000 v clk_i (in)
                                                         clk_i (net)
                      0.008305    0.004152   10.004152 v clkbuf_0_clk_i/A (sky130_fd_sc_hd__clkbuf_16)
     2    0.036779    0.073748    0.248130   10.252282 v clkbuf_0_clk_i/X (sky130_fd_sc_hd__clkbuf_16)
                                                         clknet_0_clk_i (net)
                      0.073766    0.001132   10.253413 v clkbuf_1_0__f_clk_i/A (sky130_fd_sc_hd__clkbuf_16)
     1    0.060543    0.093474    0.295804   10.549218 v clkbuf_1_0__f_clk_i/X (sky130_fd_sc_hd__clkbuf_16)
                                                         clknet_1_0__leaf_clk_i (net)
                      0.129325    0.013999   10.563217 v u_sram/clk0 (sky130_sram_1kbyte_1rw1r_32x256_8)
     1    0.008529    0.005872    0.377201   10.940418 ^ u_sram/dout0[6] (sky130_sram_1kbyte_1rw1r_32x256_8)
                                                         axi_rdata_o[6] (net)
                      0.004404    0.000077   10.940495 ^ axi_rdata_o[6] (out)
                                             10.940495   data arrival time

                                 20.000000   20.000000   clock clk_i (rise edge)
                                  0.000000   20.000000   clock network delay (propagated)
                                 -0.250000   19.750002   clock uncertainty
                                  0.000000   19.750002   clock reconvergence pessimism
                                 -2.000000   17.750002   output external delay
                                             17.750002   data required time
---------------------------------------------------------------------------------------------
                                             17.750002   data required time
                                            -10.940495   data arrival time
---------------------------------------------------------------------------------------------
                                              6.809506   slack (MET)


Startpoint: u_sram (falling edge-triggered flip-flop clocked by clk_i)
Endpoint: axi_rdata_o[8] (output port clocked by clk_i)
Path Group: clk_i
Path Type: max

Fanout         Cap        Slew       Delay        Time   Description
---------------------------------------------------------------------------------------------
                                 10.000000   10.000000   clock clk_i (fall edge)
                                  0.000000   10.000000   clock source latency
     2    0.071922    0.000000    0.000000   10.000000 v clk_i (in)
                                                         clk_i (net)
                      0.008305    0.004152   10.004152 v clkbuf_0_clk_i/A (sky130_fd_sc_hd__clkbuf_16)
     2    0.036779    0.073748    0.248130   10.252282 v clkbuf_0_clk_i/X (sky130_fd_sc_hd__clkbuf_16)
                                                         clknet_0_clk_i (net)
                      0.073766    0.001132   10.253413 v clkbuf_1_0__f_clk_i/A (sky130_fd_sc_hd__clkbuf_16)
     1    0.060543    0.093474    0.295804   10.549218 v clkbuf_1_0__f_clk_i/X (sky130_fd_sc_hd__clkbuf_16)
                                                         clknet_1_0__leaf_clk_i (net)
                      0.129325    0.013999   10.563217 v u_sram/clk0 (sky130_sram_1kbyte_1rw1r_32x256_8)
     1    0.008527    0.005871    0.377189   10.940406 ^ u_sram/dout0[8] (sky130_sram_1kbyte_1rw1r_32x256_8)
                                                         axi_rdata_o[8] (net)
                      0.004404    0.000077   10.940483 ^ axi_rdata_o[8] (out)
                                             10.940483   data arrival time

                                 20.000000   20.000000   clock clk_i (rise edge)
                                  0.000000   20.000000   clock network delay (propagated)
                                 -0.250000   19.750002   clock uncertainty
                                  0.000000   19.750002   clock reconvergence pessimism
                                 -2.000000   17.750002   output external delay
                                             17.750002   data required time
---------------------------------------------------------------------------------------------
                                             17.750002   data required time
                                            -10.940483   data arrival time
---------------------------------------------------------------------------------------------
                                              6.809517   slack (MET)


Startpoint: u_sram (falling edge-triggered flip-flop clocked by clk_i)
Endpoint: axi_rdata_o[5] (output port clocked by clk_i)
Path Group: clk_i
Path Type: max

Fanout         Cap        Slew       Delay        Time   Description
---------------------------------------------------------------------------------------------
                                 10.000000   10.000000   clock clk_i (fall edge)
                                  0.000000   10.000000   clock source latency
     2    0.071922    0.000000    0.000000   10.000000 v clk_i (in)
                                                         clk_i (net)
                      0.008305    0.004152   10.004152 v clkbuf_0_clk_i/A (sky130_fd_sc_hd__clkbuf_16)
     2    0.036779    0.073748    0.248130   10.252282 v clkbuf_0_clk_i/X (sky130_fd_sc_hd__clkbuf_16)
                                                         clknet_0_clk_i (net)
                      0.073766    0.001132   10.253413 v clkbuf_1_0__f_clk_i/A (sky130_fd_sc_hd__clkbuf_16)
     1    0.060543    0.093474    0.295804   10.549218 v clkbuf_1_0__f_clk_i/X (sky130_fd_sc_hd__clkbuf_16)
                                                         clknet_1_0__leaf_clk_i (net)
                      0.129325    0.013999   10.563217 v u_sram/clk0 (sky130_sram_1kbyte_1rw1r_32x256_8)
     1    0.008510    0.005862    0.377089   10.940307 ^ u_sram/dout0[5] (sky130_sram_1kbyte_1rw1r_32x256_8)
                                                         axi_rdata_o[5] (net)
                      0.004396    0.000075   10.940382 ^ axi_rdata_o[5] (out)
                                             10.940382   data arrival time

                                 20.000000   20.000000   clock clk_i (rise edge)
                                  0.000000   20.000000   clock network delay (propagated)
                                 -0.250000   19.750002   clock uncertainty
                                  0.000000   19.750002   clock reconvergence pessimism
                                 -2.000000   17.750002   output external delay
                                             17.750002   data required time
---------------------------------------------------------------------------------------------
                                             17.750002   data required time
                                            -10.940382   data arrival time
---------------------------------------------------------------------------------------------
                                              6.809619   slack (MET)


Startpoint: u_sram (falling edge-triggered flip-flop clocked by clk_i)
Endpoint: axi_rdata_o[7] (output port clocked by clk_i)
Path Group: clk_i
Path Type: max

Fanout         Cap        Slew       Delay        Time   Description
---------------------------------------------------------------------------------------------
                                 10.000000   10.000000   clock clk_i (fall edge)
                                  0.000000   10.000000   clock source latency
     2    0.071922    0.000000    0.000000   10.000000 v clk_i (in)
                                                         clk_i (net)
                      0.008305    0.004152   10.004152 v clkbuf_0_clk_i/A (sky130_fd_sc_hd__clkbuf_16)
     2    0.036779    0.073748    0.248130   10.252282 v clkbuf_0_clk_i/X (sky130_fd_sc_hd__clkbuf_16)
                                                         clknet_0_clk_i (net)
                      0.073766    0.001132   10.253413 v clkbuf_1_0__f_clk_i/A (sky130_fd_sc_hd__clkbuf_16)
     1    0.060543    0.093474    0.295804   10.549218 v clkbuf_1_0__f_clk_i/X (sky130_fd_sc_hd__clkbuf_16)
                                                         clknet_1_0__leaf_clk_i (net)
                      0.129325    0.013999   10.563217 v u_sram/clk0 (sky130_sram_1kbyte_1rw1r_32x256_8)
     1    0.008455    0.005833    0.376784   10.940001 ^ u_sram/dout0[7] (sky130_sram_1kbyte_1rw1r_32x256_8)
                                                         axi_rdata_o[7] (net)
                      0.004375    0.000076   10.940078 ^ axi_rdata_o[7] (out)
                                             10.940078   data arrival time

                                 20.000000   20.000000   clock clk_i (rise edge)
                                  0.000000   20.000000   clock network delay (propagated)
                                 -0.250000   19.750002   clock uncertainty
                                  0.000000   19.750002   clock reconvergence pessimism
                                 -2.000000   17.750002   output external delay
                                             17.750002   data required time
---------------------------------------------------------------------------------------------
                                             17.750002   data required time
                                            -10.940078   data arrival time
---------------------------------------------------------------------------------------------
                                              6.809924   slack (MET)


Startpoint: u_sram (falling edge-triggered flip-flop clocked by clk_i)
Endpoint: axi_rdata_o[17] (output port clocked by clk_i)
Path Group: clk_i
Path Type: max

Fanout         Cap        Slew       Delay        Time   Description
---------------------------------------------------------------------------------------------
                                 10.000000   10.000000   clock clk_i (fall edge)
                                  0.000000   10.000000   clock source latency
     2    0.071922    0.000000    0.000000   10.000000 v clk_i (in)
                                                         clk_i (net)
                      0.008305    0.004152   10.004152 v clkbuf_0_clk_i/A (sky130_fd_sc_hd__clkbuf_16)
     2    0.036779    0.073748    0.248130   10.252282 v clkbuf_0_clk_i/X (sky130_fd_sc_hd__clkbuf_16)
                                                         clknet_0_clk_i (net)
                      0.073766    0.001132   10.253413 v clkbuf_1_0__f_clk_i/A (sky130_fd_sc_hd__clkbuf_16)
     1    0.060543    0.093474    0.295804   10.549218 v clkbuf_1_0__f_clk_i/X (sky130_fd_sc_hd__clkbuf_16)
                                                         clknet_1_0__leaf_clk_i (net)
                      0.129325    0.013999   10.563217 v u_sram/clk0 (sky130_sram_1kbyte_1rw1r_32x256_8)
     1    0.008379    0.005792    0.376355   10.939572 ^ u_sram/dout0[17] (sky130_sram_1kbyte_1rw1r_32x256_8)
                                                         axi_rdata_o[17] (net)
                      0.004344    0.000064   10.939636 ^ axi_rdata_o[17] (out)
                                             10.939636   data arrival time

                                 20.000000   20.000000   clock clk_i (rise edge)
                                  0.000000   20.000000   clock network delay (propagated)
                                 -0.250000   19.750002   clock uncertainty
                                  0.000000   19.750002   clock reconvergence pessimism
                                 -2.000000   17.750002   output external delay
                                             17.750002   data required time
---------------------------------------------------------------------------------------------
                                             17.750002   data required time
                                            -10.939636   data arrival time
---------------------------------------------------------------------------------------------
                                              6.810365   slack (MET)


Startpoint: u_sram (falling edge-triggered flip-flop clocked by clk_i)
Endpoint: axi_rdata_o[24] (output port clocked by clk_i)
Path Group: clk_i
Path Type: max

Fanout         Cap        Slew       Delay        Time   Description
---------------------------------------------------------------------------------------------
                                 10.000000   10.000000   clock clk_i (fall edge)
                                  0.000000   10.000000   clock source latency
     2    0.071922    0.000000    0.000000   10.000000 v clk_i (in)
                                                         clk_i (net)
                      0.008305    0.004152   10.004152 v clkbuf_0_clk_i/A (sky130_fd_sc_hd__clkbuf_16)
     2    0.036779    0.073748    0.248130   10.252282 v clkbuf_0_clk_i/X (sky130_fd_sc_hd__clkbuf_16)
                                                         clknet_0_clk_i (net)
                      0.073766    0.001132   10.253413 v clkbuf_1_0__f_clk_i/A (sky130_fd_sc_hd__clkbuf_16)
     1    0.060543    0.093474    0.295804   10.549218 v clkbuf_1_0__f_clk_i/X (sky130_fd_sc_hd__clkbuf_16)
                                                         clknet_1_0__leaf_clk_i (net)
                      0.129325    0.013999   10.563217 v u_sram/clk0 (sky130_sram_1kbyte_1rw1r_32x256_8)
     1    0.008331    0.005767    0.376089   10.939305 ^ u_sram/dout0[24] (sky130_sram_1kbyte_1rw1r_32x256_8)
                                                         axi_rdata_o[24] (net)
                      0.004325    0.000082   10.939387 ^ axi_rdata_o[24] (out)
                                             10.939387   data arrival time

                                 20.000000   20.000000   clock clk_i (rise edge)
                                  0.000000   20.000000   clock network delay (propagated)
                                 -0.250000   19.750002   clock uncertainty
                                  0.000000   19.750002   clock reconvergence pessimism
                                 -2.000000   17.750002   output external delay
                                             17.750002   data required time
---------------------------------------------------------------------------------------------
                                             17.750002   data required time
                                            -10.939387   data arrival time
---------------------------------------------------------------------------------------------
                                              6.810614   slack (MET)


Startpoint: u_sram (falling edge-triggered flip-flop clocked by clk_i)
Endpoint: axi_rdata_o[0] (output port clocked by clk_i)
Path Group: clk_i
Path Type: max

Fanout         Cap        Slew       Delay        Time   Description
---------------------------------------------------------------------------------------------
                                 10.000000   10.000000   clock clk_i (fall edge)
                                  0.000000   10.000000   clock source latency
     2    0.071922    0.000000    0.000000   10.000000 v clk_i (in)
                                                         clk_i (net)
                      0.008305    0.004152   10.004152 v clkbuf_0_clk_i/A (sky130_fd_sc_hd__clkbuf_16)
     2    0.036779    0.073748    0.248130   10.252282 v clkbuf_0_clk_i/X (sky130_fd_sc_hd__clkbuf_16)
                                                         clknet_0_clk_i (net)
                      0.073766    0.001132   10.253413 v clkbuf_1_0__f_clk_i/A (sky130_fd_sc_hd__clkbuf_16)
     1    0.060543    0.093474    0.295804   10.549218 v clkbuf_1_0__f_clk_i/X (sky130_fd_sc_hd__clkbuf_16)
                                                         clknet_1_0__leaf_clk_i (net)
                      0.129325    0.013999   10.563217 v u_sram/clk0 (sky130_sram_1kbyte_1rw1r_32x256_8)
     1    0.008262    0.005730    0.375697   10.938914 ^ u_sram/dout0[0] (sky130_sram_1kbyte_1rw1r_32x256_8)
                                                         axi_rdata_o[0] (net)
                      0.004297    0.000073   10.938987 ^ axi_rdata_o[0] (out)
                                             10.938987   data arrival time

                                 20.000000   20.000000   clock clk_i (rise edge)
                                  0.000000   20.000000   clock network delay (propagated)
                                 -0.250000   19.750002   clock uncertainty
                                  0.000000   19.750002   clock reconvergence pessimism
                                 -2.000000   17.750002   output external delay
                                             17.750002   data required time
---------------------------------------------------------------------------------------------
                                             17.750002   data required time
                                            -10.938987   data arrival time
---------------------------------------------------------------------------------------------
                                              6.811014   slack (MET)


Startpoint: u_sram (falling edge-triggered flip-flop clocked by clk_i)
Endpoint: axi_rdata_o[14] (output port clocked by clk_i)
Path Group: clk_i
Path Type: max

Fanout         Cap        Slew       Delay        Time   Description
---------------------------------------------------------------------------------------------
                                 10.000000   10.000000   clock clk_i (fall edge)
                                  0.000000   10.000000   clock source latency
     2    0.071922    0.000000    0.000000   10.000000 v clk_i (in)
                                                         clk_i (net)
                      0.008305    0.004152   10.004152 v clkbuf_0_clk_i/A (sky130_fd_sc_hd__clkbuf_16)
     2    0.036779    0.073748    0.248130   10.252282 v clkbuf_0_clk_i/X (sky130_fd_sc_hd__clkbuf_16)
                                                         clknet_0_clk_i (net)
                      0.073766    0.001132   10.253413 v clkbuf_1_0__f_clk_i/A (sky130_fd_sc_hd__clkbuf_16)
     1    0.060543    0.093474    0.295804   10.549218 v clkbuf_1_0__f_clk_i/X (sky130_fd_sc_hd__clkbuf_16)
                                                         clknet_1_0__leaf_clk_i (net)
                      0.129325    0.013999   10.563217 v u_sram/clk0 (sky130_sram_1kbyte_1rw1r_32x256_8)
     1    0.008255    0.005726    0.375660   10.938877 ^ u_sram/dout0[14] (sky130_sram_1kbyte_1rw1r_32x256_8)
                                                         axi_rdata_o[14] (net)
                      0.004295    0.000073   10.938950 ^ axi_rdata_o[14] (out)
                                             10.938950   data arrival time

                                 20.000000   20.000000   clock clk_i (rise edge)
                                  0.000000   20.000000   clock network delay (propagated)
                                 -0.250000   19.750002   clock uncertainty
                                  0.000000   19.750002   clock reconvergence pessimism
                                 -2.000000   17.750002   output external delay
                                             17.750002   data required time
---------------------------------------------------------------------------------------------
                                             17.750002   data required time
                                            -10.938950   data arrival time
---------------------------------------------------------------------------------------------
                                              6.811051   slack (MET)


Startpoint: u_sram (falling edge-triggered flip-flop clocked by clk_i)
Endpoint: axi_rdata_o[2] (output port clocked by clk_i)
Path Group: clk_i
Path Type: max

Fanout         Cap        Slew       Delay        Time   Description
---------------------------------------------------------------------------------------------
                                 10.000000   10.000000   clock clk_i (fall edge)
                                  0.000000   10.000000   clock source latency
     2    0.071922    0.000000    0.000000   10.000000 v clk_i (in)
                                                         clk_i (net)
                      0.008305    0.004152   10.004152 v clkbuf_0_clk_i/A (sky130_fd_sc_hd__clkbuf_16)
     2    0.036779    0.073748    0.248130   10.252282 v clkbuf_0_clk_i/X (sky130_fd_sc_hd__clkbuf_16)
                                                         clknet_0_clk_i (net)
                      0.073766    0.001132   10.253413 v clkbuf_1_0__f_clk_i/A (sky130_fd_sc_hd__clkbuf_16)
     1    0.060543    0.093474    0.295804   10.549218 v clkbuf_1_0__f_clk_i/X (sky130_fd_sc_hd__clkbuf_16)
                                                         clknet_1_0__leaf_clk_i (net)
                      0.129325    0.013999   10.563217 v u_sram/clk0 (sky130_sram_1kbyte_1rw1r_32x256_8)
     1    0.008238    0.005717    0.375565   10.938783 ^ u_sram/dout0[2] (sky130_sram_1kbyte_1rw1r_32x256_8)
                                                         axi_rdata_o[2] (net)
                      0.004288    0.000072   10.938854 ^ axi_rdata_o[2] (out)
                                             10.938854   data arrival time

                                 20.000000   20.000000   clock clk_i (rise edge)
                                  0.000000   20.000000   clock network delay (propagated)
                                 -0.250000   19.750002   clock uncertainty
                                  0.000000   19.750002   clock reconvergence pessimism
                                 -2.000000   17.750002   output external delay
                                             17.750002   data required time
---------------------------------------------------------------------------------------------
                                             17.750002   data required time
                                            -10.938854   data arrival time
---------------------------------------------------------------------------------------------
                                              6.811147   slack (MET)


Startpoint: u_sram (falling edge-triggered flip-flop clocked by clk_i)
Endpoint: axi_rdata_o[1] (output port clocked by clk_i)
Path Group: clk_i
Path Type: max

Fanout         Cap        Slew       Delay        Time   Description
---------------------------------------------------------------------------------------------
                                 10.000000   10.000000   clock clk_i (fall edge)
                                  0.000000   10.000000   clock source latency
     2    0.071922    0.000000    0.000000   10.000000 v clk_i (in)
                                                         clk_i (net)
                      0.008305    0.004152   10.004152 v clkbuf_0_clk_i/A (sky130_fd_sc_hd__clkbuf_16)
     2    0.036779    0.073748    0.248130   10.252282 v clkbuf_0_clk_i/X (sky130_fd_sc_hd__clkbuf_16)
                                                         clknet_0_clk_i (net)
                      0.073766    0.001132   10.253413 v clkbuf_1_0__f_clk_i/A (sky130_fd_sc_hd__clkbuf_16)
     1    0.060543    0.093474    0.295804   10.549218 v clkbuf_1_0__f_clk_i/X (sky130_fd_sc_hd__clkbuf_16)
                                                         clknet_1_0__leaf_clk_i (net)
                      0.129325    0.013999   10.563217 v u_sram/clk0 (sky130_sram_1kbyte_1rw1r_32x256_8)
     1    0.008224    0.005710    0.375487   10.938704 ^ u_sram/dout0[1] (sky130_sram_1kbyte_1rw1r_32x256_8)
                                                         axi_rdata_o[1] (net)
                      0.004282    0.000072   10.938776 ^ axi_rdata_o[1] (out)
                                             10.938776   data arrival time

                                 20.000000   20.000000   clock clk_i (rise edge)
                                  0.000000   20.000000   clock network delay (propagated)
                                 -0.250000   19.750002   clock uncertainty
                                  0.000000   19.750002   clock reconvergence pessimism
                                 -2.000000   17.750002   output external delay
                                             17.750002   data required time
---------------------------------------------------------------------------------------------
                                             17.750002   data required time
                                            -10.938776   data arrival time
---------------------------------------------------------------------------------------------
                                              6.811224   slack (MET)


Startpoint: u_sram (falling edge-triggered flip-flop clocked by clk_i)
Endpoint: axi_rdata_o[16] (output port clocked by clk_i)
Path Group: clk_i
Path Type: max

Fanout         Cap        Slew       Delay        Time   Description
---------------------------------------------------------------------------------------------
                                 10.000000   10.000000   clock clk_i (fall edge)
                                  0.000000   10.000000   clock source latency
     2    0.071922    0.000000    0.000000   10.000000 v clk_i (in)
                                                         clk_i (net)
                      0.008305    0.004152   10.004152 v clkbuf_0_clk_i/A (sky130_fd_sc_hd__clkbuf_16)
     2    0.036779    0.073748    0.248130   10.252282 v clkbuf_0_clk_i/X (sky130_fd_sc_hd__clkbuf_16)
                                                         clknet_0_clk_i (net)
                      0.073766    0.001132   10.253413 v clkbuf_1_0__f_clk_i/A (sky130_fd_sc_hd__clkbuf_16)
     1    0.060543    0.093474    0.295804   10.549218 v clkbuf_1_0__f_clk_i/X (sky130_fd_sc_hd__clkbuf_16)
                                                         clknet_1_0__leaf_clk_i (net)
                      0.129325    0.013999   10.563217 v u_sram/clk0 (sky130_sram_1kbyte_1rw1r_32x256_8)
     1    0.008214    0.005705    0.375431   10.938648 ^ u_sram/dout0[16] (sky130_sram_1kbyte_1rw1r_32x256_8)
                                                         axi_rdata_o[16] (net)
                      0.004279    0.000071   10.938720 ^ axi_rdata_o[16] (out)
                                             10.938720   data arrival time

                                 20.000000   20.000000   clock clk_i (rise edge)
                                  0.000000   20.000000   clock network delay (propagated)
                                 -0.250000   19.750002   clock uncertainty
                                  0.000000   19.750002   clock reconvergence pessimism
                                 -2.000000   17.750002   output external delay
                                             17.750002   data required time
---------------------------------------------------------------------------------------------
                                             17.750002   data required time
                                            -10.938720   data arrival time
---------------------------------------------------------------------------------------------
                                              6.811282   slack (MET)


Startpoint: u_sram (falling edge-triggered flip-flop clocked by clk_i)
Endpoint: axi_rdata_o[23] (output port clocked by clk_i)
Path Group: clk_i
Path Type: max

Fanout         Cap        Slew       Delay        Time   Description
---------------------------------------------------------------------------------------------
                                 10.000000   10.000000   clock clk_i (fall edge)
                                  0.000000   10.000000   clock source latency
     2    0.071922    0.000000    0.000000   10.000000 v clk_i (in)
                                                         clk_i (net)
                      0.008305    0.004152   10.004152 v clkbuf_0_clk_i/A (sky130_fd_sc_hd__clkbuf_16)
     2    0.036779    0.073748    0.248130   10.252282 v clkbuf_0_clk_i/X (sky130_fd_sc_hd__clkbuf_16)
                                                         clknet_0_clk_i (net)
                      0.073766    0.001132   10.253413 v clkbuf_1_0__f_clk_i/A (sky130_fd_sc_hd__clkbuf_16)
     1    0.060543    0.093474    0.295804   10.549218 v clkbuf_1_0__f_clk_i/X (sky130_fd_sc_hd__clkbuf_16)
                                                         clknet_1_0__leaf_clk_i (net)
                      0.129325    0.013999   10.563217 v u_sram/clk0 (sky130_sram_1kbyte_1rw1r_32x256_8)
     1    0.007909    0.005542    0.373721   10.936938 ^ u_sram/dout0[23] (sky130_sram_1kbyte_1rw1r_32x256_8)
                                                         axi_rdata_o[23] (net)
                      0.004157    0.000077   10.937016 ^ axi_rdata_o[23] (out)
                                             10.937016   data arrival time

                                 20.000000   20.000000   clock clk_i (rise edge)
                                  0.000000   20.000000   clock network delay (propagated)
                                 -0.250000   19.750002   clock uncertainty
                                  0.000000   19.750002   clock reconvergence pessimism
                                 -2.000000   17.750002   output external delay
                                             17.750002   data required time
---------------------------------------------------------------------------------------------
                                             17.750002   data required time
                                            -10.937016   data arrival time
---------------------------------------------------------------------------------------------
                                              6.812986   slack (MET)


Startpoint: u_sram (falling edge-triggered flip-flop clocked by clk_i)
Endpoint: axi_rdata_o[15] (output port clocked by clk_i)
Path Group: clk_i
Path Type: max

Fanout         Cap        Slew       Delay        Time   Description
---------------------------------------------------------------------------------------------
                                 10.000000   10.000000   clock clk_i (fall edge)
                                  0.000000   10.000000   clock source latency
     2    0.071922    0.000000    0.000000   10.000000 v clk_i (in)
                                                         clk_i (net)
                      0.008305    0.004152   10.004152 v clkbuf_0_clk_i/A (sky130_fd_sc_hd__clkbuf_16)
     2    0.036779    0.073748    0.248130   10.252282 v clkbuf_0_clk_i/X (sky130_fd_sc_hd__clkbuf_16)
                                                         clknet_0_clk_i (net)
                      0.073766    0.001132   10.253413 v clkbuf_1_0__f_clk_i/A (sky130_fd_sc_hd__clkbuf_16)
     1    0.060543    0.093474    0.295804   10.549218 v clkbuf_1_0__f_clk_i/X (sky130_fd_sc_hd__clkbuf_16)
                                                         clknet_1_0__leaf_clk_i (net)
                      0.129325    0.013999   10.563217 v u_sram/clk0 (sky130_sram_1kbyte_1rw1r_32x256_8)
     1    0.007770    0.005468    0.372939   10.936156 ^ u_sram/dout0[15] (sky130_sram_1kbyte_1rw1r_32x256_8)
                                                         axi_rdata_o[15] (net)
                      0.004101    0.000066   10.936222 ^ axi_rdata_o[15] (out)
                                             10.936222   data arrival time

                                 20.000000   20.000000   clock clk_i (rise edge)
                                  0.000000   20.000000   clock network delay (propagated)
                                 -0.250000   19.750002   clock uncertainty
                                  0.000000   19.750002   clock reconvergence pessimism
                                 -2.000000   17.750002   output external delay
                                             17.750002   data required time
---------------------------------------------------------------------------------------------
                                             17.750002   data required time
                                            -10.936222   data arrival time
---------------------------------------------------------------------------------------------
                                              6.813779   slack (MET)


Startpoint: u_sram (falling edge-triggered flip-flop clocked by clk_i)
Endpoint: axi_rdata_o[19] (output port clocked by clk_i)
Path Group: clk_i
Path Type: max

Fanout         Cap        Slew       Delay        Time   Description
---------------------------------------------------------------------------------------------
                                 10.000000   10.000000   clock clk_i (fall edge)
                                  0.000000   10.000000   clock source latency
     2    0.071922    0.000000    0.000000   10.000000 v clk_i (in)
                                                         clk_i (net)
                      0.008305    0.004152   10.004152 v clkbuf_0_clk_i/A (sky130_fd_sc_hd__clkbuf_16)
     2    0.036779    0.073748    0.248130   10.252282 v clkbuf_0_clk_i/X (sky130_fd_sc_hd__clkbuf_16)
                                                         clknet_0_clk_i (net)
                      0.073766    0.001132   10.253413 v clkbuf_1_0__f_clk_i/A (sky130_fd_sc_hd__clkbuf_16)
     1    0.060543    0.093474    0.295804   10.549218 v clkbuf_1_0__f_clk_i/X (sky130_fd_sc_hd__clkbuf_16)
                                                         clknet_1_0__leaf_clk_i (net)
                      0.129325    0.013999   10.563217 v u_sram/clk0 (sky130_sram_1kbyte_1rw1r_32x256_8)
     1    0.007762    0.005464    0.372896   10.936112 ^ u_sram/dout0[19] (sky130_sram_1kbyte_1rw1r_32x256_8)
                                                         axi_rdata_o[19] (net)
                      0.004098    0.000069   10.936182 ^ axi_rdata_o[19] (out)
                                             10.936182   data arrival time

                                 20.000000   20.000000   clock clk_i (rise edge)
                                  0.000000   20.000000   clock network delay (propagated)
                                 -0.250000   19.750002   clock uncertainty
                                  0.000000   19.750002   clock reconvergence pessimism
                                 -2.000000   17.750002   output external delay
                                             17.750002   data required time
---------------------------------------------------------------------------------------------
                                             17.750002   data required time
                                            -10.936182   data arrival time
---------------------------------------------------------------------------------------------
                                              6.813819   slack (MET)


Startpoint: u_sram (falling edge-triggered flip-flop clocked by clk_i)
Endpoint: axi_rdata_o[11] (output port clocked by clk_i)
Path Group: clk_i
Path Type: max

Fanout         Cap        Slew       Delay        Time   Description
---------------------------------------------------------------------------------------------
                                 10.000000   10.000000   clock clk_i (fall edge)
                                  0.000000   10.000000   clock source latency
     2    0.071922    0.000000    0.000000   10.000000 v clk_i (in)
                                                         clk_i (net)
                      0.008305    0.004152   10.004152 v clkbuf_0_clk_i/A (sky130_fd_sc_hd__clkbuf_16)
     2    0.036779    0.073748    0.248130   10.252282 v clkbuf_0_clk_i/X (sky130_fd_sc_hd__clkbuf_16)
                                                         clknet_0_clk_i (net)
                      0.073766    0.001132   10.253413 v clkbuf_1_0__f_clk_i/A (sky130_fd_sc_hd__clkbuf_16)
     1    0.060543    0.093474    0.295804   10.549218 v clkbuf_1_0__f_clk_i/X (sky130_fd_sc_hd__clkbuf_16)
                                                         clknet_1_0__leaf_clk_i (net)
                      0.129325    0.013999   10.563217 v u_sram/clk0 (sky130_sram_1kbyte_1rw1r_32x256_8)
     1    0.007756    0.005461    0.372862   10.936079 ^ u_sram/dout0[11] (sky130_sram_1kbyte_1rw1r_32x256_8)
                                                         axi_rdata_o[11] (net)
                      0.004096    0.000066   10.936145 ^ axi_rdata_o[11] (out)
                                             10.936145   data arrival time

                                 20.000000   20.000000   clock clk_i (rise edge)
                                  0.000000   20.000000   clock network delay (propagated)
                                 -0.250000   19.750002   clock uncertainty
                                  0.000000   19.750002   clock reconvergence pessimism
                                 -2.000000   17.750002   output external delay
                                             17.750002   data required time
---------------------------------------------------------------------------------------------
                                             17.750002   data required time
                                            -10.936145   data arrival time
---------------------------------------------------------------------------------------------
                                              6.813856   slack (MET)


Startpoint: u_sram (falling edge-triggered flip-flop clocked by clk_i)
Endpoint: axi_rdata_o[12] (output port clocked by clk_i)
Path Group: clk_i
Path Type: max

Fanout         Cap        Slew       Delay        Time   Description
---------------------------------------------------------------------------------------------
                                 10.000000   10.000000   clock clk_i (fall edge)
                                  0.000000   10.000000   clock source latency
     2    0.071922    0.000000    0.000000   10.000000 v clk_i (in)
                                                         clk_i (net)
                      0.008305    0.004152   10.004152 v clkbuf_0_clk_i/A (sky130_fd_sc_hd__clkbuf_16)
     2    0.036779    0.073748    0.248130   10.252282 v clkbuf_0_clk_i/X (sky130_fd_sc_hd__clkbuf_16)
                                                         clknet_0_clk_i (net)
                      0.073766    0.001132   10.253413 v clkbuf_1_0__f_clk_i/A (sky130_fd_sc_hd__clkbuf_16)
     1    0.060543    0.093474    0.295804   10.549218 v clkbuf_1_0__f_clk_i/X (sky130_fd_sc_hd__clkbuf_16)
                                                         clknet_1_0__leaf_clk_i (net)
                      0.129325    0.013999   10.563217 v u_sram/clk0 (sky130_sram_1kbyte_1rw1r_32x256_8)
     1    0.007745    0.005455    0.372798   10.936015 ^ u_sram/dout0[12] (sky130_sram_1kbyte_1rw1r_32x256_8)
                                                         axi_rdata_o[12] (net)
                      0.004091    0.000065   10.936080 ^ axi_rdata_o[12] (out)
                                             10.936080   data arrival time

                                 20.000000   20.000000   clock clk_i (rise edge)
                                  0.000000   20.000000   clock network delay (propagated)
                                 -0.250000   19.750002   clock uncertainty
                                  0.000000   19.750002   clock reconvergence pessimism
                                 -2.000000   17.750002   output external delay
                                             17.750002   data required time
---------------------------------------------------------------------------------------------
                                             17.750002   data required time
                                            -10.936080   data arrival time
---------------------------------------------------------------------------------------------
                                              6.813921   slack (MET)


Startpoint: u_sram (falling edge-triggered flip-flop clocked by clk_i)
Endpoint: axi_rdata_o[22] (output port clocked by clk_i)
Path Group: clk_i
Path Type: max

Fanout         Cap        Slew       Delay        Time   Description
---------------------------------------------------------------------------------------------
                                 10.000000   10.000000   clock clk_i (fall edge)
                                  0.000000   10.000000   clock source latency
     2    0.071922    0.000000    0.000000   10.000000 v clk_i (in)
                                                         clk_i (net)
                      0.008305    0.004152   10.004152 v clkbuf_0_clk_i/A (sky130_fd_sc_hd__clkbuf_16)
     2    0.036779    0.073748    0.248130   10.252282 v clkbuf_0_clk_i/X (sky130_fd_sc_hd__clkbuf_16)
                                                         clknet_0_clk_i (net)
                      0.073766    0.001132   10.253413 v clkbuf_1_0__f_clk_i/A (sky130_fd_sc_hd__clkbuf_16)
     1    0.060543    0.093474    0.295804   10.549218 v clkbuf_1_0__f_clk_i/X (sky130_fd_sc_hd__clkbuf_16)
                                                         clknet_1_0__leaf_clk_i (net)
                      0.129325    0.013999   10.563217 v u_sram/clk0 (sky130_sram_1kbyte_1rw1r_32x256_8)
     1    0.007700    0.005431    0.372546   10.935762 ^ u_sram/dout0[22] (sky130_sram_1kbyte_1rw1r_32x256_8)
                                                         axi_rdata_o[22] (net)
                      0.004073    0.000064   10.935826 ^ axi_rdata_o[22] (out)
                                             10.935826   data arrival time

                                 20.000000   20.000000   clock clk_i (rise edge)
                                  0.000000   20.000000   clock network delay (propagated)
                                 -0.250000   19.750002   clock uncertainty
                                  0.000000   19.750002   clock reconvergence pessimism
                                 -2.000000   17.750002   output external delay
                                             17.750002   data required time
---------------------------------------------------------------------------------------------
                                             17.750002   data required time
                                            -10.935826   data arrival time
---------------------------------------------------------------------------------------------
                                              6.814174   slack (MET)


Startpoint: u_sram (falling edge-triggered flip-flop clocked by clk_i)
Endpoint: axi_rdata_o[13] (output port clocked by clk_i)
Path Group: clk_i
Path Type: max

Fanout         Cap        Slew       Delay        Time   Description
---------------------------------------------------------------------------------------------
                                 10.000000   10.000000   clock clk_i (fall edge)
                                  0.000000   10.000000   clock source latency
     2    0.071922    0.000000    0.000000   10.000000 v clk_i (in)
                                                         clk_i (net)
                      0.008305    0.004152   10.004152 v clkbuf_0_clk_i/A (sky130_fd_sc_hd__clkbuf_16)
     2    0.036779    0.073748    0.248130   10.252282 v clkbuf_0_clk_i/X (sky130_fd_sc_hd__clkbuf_16)
                                                         clknet_0_clk_i (net)
                      0.073766    0.001132   10.253413 v clkbuf_1_0__f_clk_i/A (sky130_fd_sc_hd__clkbuf_16)
     1    0.060543    0.093474    0.295804   10.549218 v clkbuf_1_0__f_clk_i/X (sky130_fd_sc_hd__clkbuf_16)
                                                         clknet_1_0__leaf_clk_i (net)
                      0.129325    0.013999   10.563217 v u_sram/clk0 (sky130_sram_1kbyte_1rw1r_32x256_8)
     1    0.007692    0.005427    0.372502   10.935719 ^ u_sram/dout0[13] (sky130_sram_1kbyte_1rw1r_32x256_8)
                                                         axi_rdata_o[13] (net)
                      0.004070    0.000064   10.935783 ^ axi_rdata_o[13] (out)
                                             10.935783   data arrival time

                                 20.000000   20.000000   clock clk_i (rise edge)
                                  0.000000   20.000000   clock network delay (propagated)
                                 -0.250000   19.750002   clock uncertainty
                                  0.000000   19.750002   clock reconvergence pessimism
                                 -2.000000   17.750002   output external delay
                                             17.750002   data required time
---------------------------------------------------------------------------------------------
                                             17.750002   data required time
                                            -10.935783   data arrival time
---------------------------------------------------------------------------------------------
                                              6.814218   slack (MET)


Startpoint: u_sram (falling edge-triggered flip-flop clocked by clk_i)
Endpoint: axi_rdata_o[9] (output port clocked by clk_i)
Path Group: clk_i
Path Type: max

Fanout         Cap        Slew       Delay        Time   Description
---------------------------------------------------------------------------------------------
                                 10.000000   10.000000   clock clk_i (fall edge)
                                  0.000000   10.000000   clock source latency
     2    0.071922    0.000000    0.000000   10.000000 v clk_i (in)
                                                         clk_i (net)
                      0.008305    0.004152   10.004152 v clkbuf_0_clk_i/A (sky130_fd_sc_hd__clkbuf_16)
     2    0.036779    0.073748    0.248130   10.252282 v clkbuf_0_clk_i/X (sky130_fd_sc_hd__clkbuf_16)
                                                         clknet_0_clk_i (net)
                      0.073766    0.001132   10.253413 v clkbuf_1_0__f_clk_i/A (sky130_fd_sc_hd__clkbuf_16)
     1    0.060543    0.093474    0.295804   10.549218 v clkbuf_1_0__f_clk_i/X (sky130_fd_sc_hd__clkbuf_16)
                                                         clknet_1_0__leaf_clk_i (net)
                      0.129325    0.013999   10.563217 v u_sram/clk0 (sky130_sram_1kbyte_1rw1r_32x256_8)
     1    0.006494    0.004770    0.365776   10.928993 ^ u_sram/dout0[9] (sky130_sram_1kbyte_1rw1r_32x256_8)
                                                         axi_rdata_o[9] (net)
                      0.003577    0.000046   10.929039 ^ axi_rdata_o[9] (out)
                                             10.929039   data arrival time

                                 20.000000   20.000000   clock clk_i (rise edge)
                                  0.000000   20.000000   clock network delay (propagated)
                                 -0.250000   19.750002   clock uncertainty
                                  0.000000   19.750002   clock reconvergence pessimism
                                 -2.000000   17.750002   output external delay
                                             17.750002   data required time
---------------------------------------------------------------------------------------------
                                             17.750002   data required time
                                            -10.929039   data arrival time
---------------------------------------------------------------------------------------------
                                              6.820962   slack (MET)


Startpoint: u_sram (falling edge-triggered flip-flop clocked by clk_i)
Endpoint: axi_rdata_o[21] (output port clocked by clk_i)
Path Group: clk_i
Path Type: max

Fanout         Cap        Slew       Delay        Time   Description
---------------------------------------------------------------------------------------------
                                 10.000000   10.000000   clock clk_i (fall edge)
                                  0.000000   10.000000   clock source latency
     2    0.071922    0.000000    0.000000   10.000000 v clk_i (in)
                                                         clk_i (net)
                      0.008305    0.004152   10.004152 v clkbuf_0_clk_i/A (sky130_fd_sc_hd__clkbuf_16)
     2    0.036779    0.073748    0.248130   10.252282 v clkbuf_0_clk_i/X (sky130_fd_sc_hd__clkbuf_16)
                                                         clknet_0_clk_i (net)
                      0.073766    0.001132   10.253413 v clkbuf_1_0__f_clk_i/A (sky130_fd_sc_hd__clkbuf_16)
     1    0.060543    0.093474    0.295804   10.549218 v clkbuf_1_0__f_clk_i/X (sky130_fd_sc_hd__clkbuf_16)
                                                         clknet_1_0__leaf_clk_i (net)
                      0.129325    0.013999   10.563217 v u_sram/clk0 (sky130_sram_1kbyte_1rw1r_32x256_8)
     1    0.006440    0.004739    0.365472   10.928689 ^ u_sram/dout0[21] (sky130_sram_1kbyte_1rw1r_32x256_8)
                                                         axi_rdata_o[21] (net)
                      0.003554    0.000046   10.928736 ^ axi_rdata_o[21] (out)
                                             10.928736   data arrival time

                                 20.000000   20.000000   clock clk_i (rise edge)
                                  0.000000   20.000000   clock network delay (propagated)
                                 -0.250000   19.750002   clock uncertainty
                                  0.000000   19.750002   clock reconvergence pessimism
                                 -2.000000   17.750002   output external delay
                                             17.750002   data required time
---------------------------------------------------------------------------------------------
                                             17.750002   data required time
                                            -10.928736   data arrival time
---------------------------------------------------------------------------------------------
                                              6.821266   slack (MET)


Startpoint: u_sram (falling edge-triggered flip-flop clocked by clk_i)
Endpoint: axi_rdata_o[29] (output port clocked by clk_i)
Path Group: clk_i
Path Type: max

Fanout         Cap        Slew       Delay        Time   Description
---------------------------------------------------------------------------------------------
                                 10.000000   10.000000   clock clk_i (fall edge)
                                  0.000000   10.000000   clock source latency
     2    0.071922    0.000000    0.000000   10.000000 v clk_i (in)
                                                         clk_i (net)
                      0.008305    0.004152   10.004152 v clkbuf_0_clk_i/A (sky130_fd_sc_hd__clkbuf_16)
     2    0.036779    0.073748    0.248130   10.252282 v clkbuf_0_clk_i/X (sky130_fd_sc_hd__clkbuf_16)
                                                         clknet_0_clk_i (net)
                      0.073766    0.001132   10.253413 v clkbuf_1_0__f_clk_i/A (sky130_fd_sc_hd__clkbuf_16)
     1    0.060543    0.093474    0.295804   10.549218 v clkbuf_1_0__f_clk_i/X (sky130_fd_sc_hd__clkbuf_16)
                                                         clknet_1_0__leaf_clk_i (net)
                      0.129325    0.013999   10.563217 v u_sram/clk0 (sky130_sram_1kbyte_1rw1r_32x256_8)
     1    0.006383    0.004705    0.365152   10.928370 ^ u_sram/dout0[29] (sky130_sram_1kbyte_1rw1r_32x256_8)
                                                         axi_rdata_o[29] (net)
                      0.003529    0.000045   10.928415 ^ axi_rdata_o[29] (out)
                                             10.928415   data arrival time

                                 20.000000   20.000000   clock clk_i (rise edge)
                                  0.000000   20.000000   clock network delay (propagated)
                                 -0.250000   19.750002   clock uncertainty
                                  0.000000   19.750002   clock reconvergence pessimism
                                 -2.000000   17.750002   output external delay
                                             17.750002   data required time
---------------------------------------------------------------------------------------------
                                             17.750002   data required time
                                            -10.928415   data arrival time
---------------------------------------------------------------------------------------------
                                              6.821586   slack (MET)


Startpoint: u_sram (falling edge-triggered flip-flop clocked by clk_i)
Endpoint: axi_rdata_o[26] (output port clocked by clk_i)
Path Group: clk_i
Path Type: max

Fanout         Cap        Slew       Delay        Time   Description
---------------------------------------------------------------------------------------------
                                 10.000000   10.000000   clock clk_i (fall edge)
                                  0.000000   10.000000   clock source latency
     2    0.071922    0.000000    0.000000   10.000000 v clk_i (in)
                                                         clk_i (net)
                      0.008305    0.004152   10.004152 v clkbuf_0_clk_i/A (sky130_fd_sc_hd__clkbuf_16)
     2    0.036779    0.073748    0.248130   10.252282 v clkbuf_0_clk_i/X (sky130_fd_sc_hd__clkbuf_16)
                                                         clknet_0_clk_i (net)
                      0.073766    0.001132   10.253413 v clkbuf_1_0__f_clk_i/A (sky130_fd_sc_hd__clkbuf_16)
     1    0.060543    0.093474    0.295804   10.549218 v clkbuf_1_0__f_clk_i/X (sky130_fd_sc_hd__clkbuf_16)
                                                         clknet_1_0__leaf_clk_i (net)
                      0.129325    0.013999   10.563217 v u_sram/clk0 (sky130_sram_1kbyte_1rw1r_32x256_8)
     1    0.006357    0.004691    0.365008   10.928226 ^ u_sram/dout0[26] (sky130_sram_1kbyte_1rw1r_32x256_8)
                                                         axi_rdata_o[26] (net)
                      0.003518    0.000044   10.928270 ^ axi_rdata_o[26] (out)
                                             10.928270   data arrival time

                                 20.000000   20.000000   clock clk_i (rise edge)
                                  0.000000   20.000000   clock network delay (propagated)
                                 -0.250000   19.750002   clock uncertainty
                                  0.000000   19.750002   clock reconvergence pessimism
                                 -2.000000   17.750002   output external delay
                                             17.750002   data required time
---------------------------------------------------------------------------------------------
                                             17.750002   data required time
                                            -10.928270   data arrival time
---------------------------------------------------------------------------------------------
                                              6.821731   slack (MET)


Startpoint: u_sram (falling edge-triggered flip-flop clocked by clk_i)
Endpoint: axi_rdata_o[31] (output port clocked by clk_i)
Path Group: clk_i
Path Type: max

Fanout         Cap        Slew       Delay        Time   Description
---------------------------------------------------------------------------------------------
                                 10.000000   10.000000   clock clk_i (fall edge)
                                  0.000000   10.000000   clock source latency
     2    0.071922    0.000000    0.000000   10.000000 v clk_i (in)
                                                         clk_i (net)
                      0.008305    0.004152   10.004152 v clkbuf_0_clk_i/A (sky130_fd_sc_hd__clkbuf_16)
     2    0.036779    0.073748    0.248130   10.252282 v clkbuf_0_clk_i/X (sky130_fd_sc_hd__clkbuf_16)
                                                         clknet_0_clk_i (net)
                      0.073766    0.001132   10.253413 v clkbuf_1_0__f_clk_i/A (sky130_fd_sc_hd__clkbuf_16)
     1    0.060543    0.093474    0.295804   10.549218 v clkbuf_1_0__f_clk_i/X (sky130_fd_sc_hd__clkbuf_16)
                                                         clknet_1_0__leaf_clk_i (net)
                      0.129325    0.013999   10.563217 v u_sram/clk0 (sky130_sram_1kbyte_1rw1r_32x256_8)
     1    0.006357    0.004691    0.365008   10.928226 ^ u_sram/dout0[31] (sky130_sram_1kbyte_1rw1r_32x256_8)
                                                         axi_rdata_o[31] (net)
                      0.003518    0.000044   10.928270 ^ axi_rdata_o[31] (out)
                                             10.928270   data arrival time

                                 20.000000   20.000000   clock clk_i (rise edge)
                                  0.000000   20.000000   clock network delay (propagated)
                                 -0.250000   19.750002   clock uncertainty
                                  0.000000   19.750002   clock reconvergence pessimism
                                 -2.000000   17.750002   output external delay
                                             17.750002   data required time
---------------------------------------------------------------------------------------------
                                             17.750002   data required time
                                            -10.928270   data arrival time
---------------------------------------------------------------------------------------------
                                              6.821731   slack (MET)


Startpoint: u_sram (falling edge-triggered flip-flop clocked by clk_i)
Endpoint: axi_rdata_o[28] (output port clocked by clk_i)
Path Group: clk_i
Path Type: max

Fanout         Cap        Slew       Delay        Time   Description
---------------------------------------------------------------------------------------------
                                 10.000000   10.000000   clock clk_i (fall edge)
                                  0.000000   10.000000   clock source latency
     2    0.071922    0.000000    0.000000   10.000000 v clk_i (in)
                                                         clk_i (net)
                      0.008305    0.004152   10.004152 v clkbuf_0_clk_i/A (sky130_fd_sc_hd__clkbuf_16)
     2    0.036779    0.073748    0.248130   10.252282 v clkbuf_0_clk_i/X (sky130_fd_sc_hd__clkbuf_16)
                                                         clknet_0_clk_i (net)
                      0.073766    0.001132   10.253413 v clkbuf_1_0__f_clk_i/A (sky130_fd_sc_hd__clkbuf_16)
     1    0.060543    0.093474    0.295804   10.549218 v clkbuf_1_0__f_clk_i/X (sky130_fd_sc_hd__clkbuf_16)
                                                         clknet_1_0__leaf_clk_i (net)
                      0.129325    0.013999   10.563217 v u_sram/clk0 (sky130_sram_1kbyte_1rw1r_32x256_8)
     1    0.006354    0.004689    0.364990   10.928207 ^ u_sram/dout0[28] (sky130_sram_1kbyte_1rw1r_32x256_8)
                                                         axi_rdata_o[28] (net)
                      0.003516    0.000044   10.928251 ^ axi_rdata_o[28] (out)
                                             10.928251   data arrival time

                                 20.000000   20.000000   clock clk_i (rise edge)
                                  0.000000   20.000000   clock network delay (propagated)
                                 -0.250000   19.750002   clock uncertainty
                                  0.000000   19.750002   clock reconvergence pessimism
                                 -2.000000   17.750002   output external delay
                                             17.750002   data required time
---------------------------------------------------------------------------------------------
                                             17.750002   data required time
                                            -10.928251   data arrival time
---------------------------------------------------------------------------------------------
                                              6.821750   slack (MET)


Startpoint: u_sram (falling edge-triggered flip-flop clocked by clk_i)
Endpoint: axi_rdata_o[27] (output port clocked by clk_i)
Path Group: clk_i
Path Type: max

Fanout         Cap        Slew       Delay        Time   Description
---------------------------------------------------------------------------------------------
                                 10.000000   10.000000   clock clk_i (fall edge)
                                  0.000000   10.000000   clock source latency
     2    0.071922    0.000000    0.000000   10.000000 v clk_i (in)
                                                         clk_i (net)
                      0.008305    0.004152   10.004152 v clkbuf_0_clk_i/A (sky130_fd_sc_hd__clkbuf_16)
     2    0.036779    0.073748    0.248130   10.252282 v clkbuf_0_clk_i/X (sky130_fd_sc_hd__clkbuf_16)
                                                         clknet_0_clk_i (net)
                      0.073766    0.001132   10.253413 v clkbuf_1_0__f_clk_i/A (sky130_fd_sc_hd__clkbuf_16)
     1    0.060543    0.093474    0.295804   10.549218 v clkbuf_1_0__f_clk_i/X (sky130_fd_sc_hd__clkbuf_16)
                                                         clknet_1_0__leaf_clk_i (net)
                      0.129325    0.013999   10.563217 v u_sram/clk0 (sky130_sram_1kbyte_1rw1r_32x256_8)
     1    0.006342    0.004682    0.364924   10.928142 ^ u_sram/dout0[27] (sky130_sram_1kbyte_1rw1r_32x256_8)
                                                         axi_rdata_o[27] (net)
                      0.003511    0.000044   10.928185 ^ axi_rdata_o[27] (out)
                                             10.928185   data arrival time

                                 20.000000   20.000000   clock clk_i (rise edge)
                                  0.000000   20.000000   clock network delay (propagated)
                                 -0.250000   19.750002   clock uncertainty
                                  0.000000   19.750002   clock reconvergence pessimism
                                 -2.000000   17.750002   output external delay
                                             17.750002   data required time
---------------------------------------------------------------------------------------------
                                             17.750002   data required time
                                            -10.928185   data arrival time
---------------------------------------------------------------------------------------------
                                              6.821815   slack (MET)


Startpoint: u_sram (falling edge-triggered flip-flop clocked by clk_i)
Endpoint: axi_rdata_o[25] (output port clocked by clk_i)
Path Group: clk_i
Path Type: max

Fanout         Cap        Slew       Delay        Time   Description
---------------------------------------------------------------------------------------------
                                 10.000000   10.000000   clock clk_i (fall edge)
                                  0.000000   10.000000   clock source latency
     2    0.071922    0.000000    0.000000   10.000000 v clk_i (in)
                                                         clk_i (net)
                      0.008305    0.004152   10.004152 v clkbuf_0_clk_i/A (sky130_fd_sc_hd__clkbuf_16)
     2    0.036779    0.073748    0.248130   10.252282 v clkbuf_0_clk_i/X (sky130_fd_sc_hd__clkbuf_16)
                                                         clknet_0_clk_i (net)
                      0.073766    0.001132   10.253413 v clkbuf_1_0__f_clk_i/A (sky130_fd_sc_hd__clkbuf_16)
     1    0.060543    0.093474    0.295804   10.549218 v clkbuf_1_0__f_clk_i/X (sky130_fd_sc_hd__clkbuf_16)
                                                         clknet_1_0__leaf_clk_i (net)
                      0.129325    0.013999   10.563217 v u_sram/clk0 (sky130_sram_1kbyte_1rw1r_32x256_8)
     1    0.006338    0.004680    0.364905   10.928122 ^ u_sram/dout0[25] (sky130_sram_1kbyte_1rw1r_32x256_8)
                                                         axi_rdata_o[25] (net)
                      0.003510    0.000044   10.928166 ^ axi_rdata_o[25] (out)
                                             10.928166   data arrival time

                                 20.000000   20.000000   clock clk_i (rise edge)
                                  0.000000   20.000000   clock network delay (propagated)
                                 -0.250000   19.750002   clock uncertainty
                                  0.000000   19.750002   clock reconvergence pessimism
                                 -2.000000   17.750002   output external delay
                                             17.750002   data required time
---------------------------------------------------------------------------------------------
                                             17.750002   data required time
                                            -10.928166   data arrival time
---------------------------------------------------------------------------------------------
                                              6.821835   slack (MET)


Startpoint: u_sram (falling edge-triggered flip-flop clocked by clk_i)
Endpoint: axi_rdata_o[30] (output port clocked by clk_i)
Path Group: clk_i
Path Type: max

Fanout         Cap        Slew       Delay        Time   Description
---------------------------------------------------------------------------------------------
                                 10.000000   10.000000   clock clk_i (fall edge)
                                  0.000000   10.000000   clock source latency
     2    0.071922    0.000000    0.000000   10.000000 v clk_i (in)
                                                         clk_i (net)
                      0.008305    0.004152   10.004152 v clkbuf_0_clk_i/A (sky130_fd_sc_hd__clkbuf_16)
     2    0.036779    0.073748    0.248130   10.252282 v clkbuf_0_clk_i/X (sky130_fd_sc_hd__clkbuf_16)
                                                         clknet_0_clk_i (net)
                      0.073766    0.001132   10.253413 v clkbuf_1_0__f_clk_i/A (sky130_fd_sc_hd__clkbuf_16)
     1    0.060543    0.093474    0.295804   10.549218 v clkbuf_1_0__f_clk_i/X (sky130_fd_sc_hd__clkbuf_16)
                                                         clknet_1_0__leaf_clk_i (net)
                      0.129325    0.013999   10.563217 v u_sram/clk0 (sky130_sram_1kbyte_1rw1r_32x256_8)
     1    0.006338    0.004680    0.364905   10.928122 ^ u_sram/dout0[30] (sky130_sram_1kbyte_1rw1r_32x256_8)
                                                         axi_rdata_o[30] (net)
                      0.003510    0.000044   10.928166 ^ axi_rdata_o[30] (out)
                                             10.928166   data arrival time

                                 20.000000   20.000000   clock clk_i (rise edge)
                                  0.000000   20.000000   clock network delay (propagated)
                                 -0.250000   19.750002   clock uncertainty
                                  0.000000   19.750002   clock reconvergence pessimism
                                 -2.000000   17.750002   output external delay
                                             17.750002   data required time
---------------------------------------------------------------------------------------------
                                             17.750002   data required time
                                            -10.928166   data arrival time
---------------------------------------------------------------------------------------------
                                              6.821835   slack (MET)


Startpoint: axi_wvalid_i (input port clocked by clk_i)
Endpoint: axi_wready_o (output port clocked by clk_i)
Path Group: clk_i
Path Type: max

Fanout         Cap        Slew       Delay        Time   Description
---------------------------------------------------------------------------------------------
                                  0.000000    0.000000   clock clk_i (rise edge)
                                  0.000000    0.000000   clock network delay (propagated)
                                  2.000000    2.000000 ^ input external delay
     2    0.008620    0.000000    0.000000    2.000000 ^ axi_wvalid_i (in)
                                                         axi_wvalid_i (net)
                      0.000051    0.000026    2.000026 ^ _23_/C (sky130_fd_sc_hd__and3_2)
    17    0.083793    0.661296    0.810162    2.810187 ^ _23_/X (sky130_fd_sc_hd__and3_2)
                                                         axi_awready_o (net)
                      0.661527    0.002689    2.812876 ^ _62_/A (sky130_fd_sc_hd__buf_2)
     1    0.001252    0.048021    0.386913    3.199790 ^ _62_/X (sky130_fd_sc_hd__buf_2)
                                                         axi_wready_o (net)
                      0.048021    0.000006    3.199795 ^ axi_wready_o (out)
                                              3.199795   data arrival time

                                 20.000000   20.000000   clock clk_i (rise edge)
                                  0.000000   20.000000   clock network delay (propagated)
                                 -0.250000   19.750002   clock uncertainty
                                  0.000000   19.750002   clock reconvergence pessimism
                                 -2.000000   17.750002   output external delay
                                             17.750002   data required time
---------------------------------------------------------------------------------------------
                                             17.750002   data required time
                                             -3.199795   data arrival time
---------------------------------------------------------------------------------------------
                                             14.550206   slack (MET)


Startpoint: axi_arvalid_i (input port clocked by clk_i)
Endpoint: axi_arready_o (output port clocked by clk_i)
Path Group: clk_i
Path Type: max

Fanout         Cap        Slew       Delay        Time   Description
---------------------------------------------------------------------------------------------
                                  0.000000    0.000000   clock clk_i (rise edge)
                                  0.000000    0.000000   clock network delay (propagated)
                                  2.000000    2.000000 v input external delay
     2    0.007920    0.000000    0.000000    2.000000 v axi_arvalid_i (in)
                                                         axi_arvalid_i (net)
                      0.000035    0.000018    2.000018 v _25_/B (sky130_fd_sc_hd__and2_2)
    11    0.056008    0.278881    0.580161    2.580178 v _25_/X (sky130_fd_sc_hd__and2_2)
                                                         _08_ (net)
                      0.278882    0.001110    2.581288 v _26_/B (sky130_fd_sc_hd__and2_2)
     1    0.001391    0.063641    0.481835    3.063124 v _26_/X (sky130_fd_sc_hd__and2_2)
                                                         axi_arready_o (net)
                      0.063641    0.000007    3.063131 v axi_arready_o (out)
                                              3.063131   data arrival time

                                 20.000000   20.000000   clock clk_i (rise edge)
                                  0.000000   20.000000   clock network delay (propagated)
                                 -0.250000   19.750002   clock uncertainty
                                  0.000000   19.750002   clock reconvergence pessimism
                                 -2.000000   17.750002   output external delay
                                             17.750002   data required time
---------------------------------------------------------------------------------------------
                                             17.750002   data required time
                                             -3.063131   data arrival time
---------------------------------------------------------------------------------------------
                                             14.686870   slack (MET)


Startpoint: axi_wvalid_i (input port clocked by clk_i)
Endpoint: axi_awready_o (output port clocked by clk_i)
Path Group: clk_i
Path Type: max

Fanout         Cap        Slew       Delay        Time   Description
---------------------------------------------------------------------------------------------
                                  0.000000    0.000000   clock clk_i (rise edge)
                                  0.000000    0.000000   clock network delay (propagated)
                                  2.000000    2.000000 ^ input external delay
     2    0.008620    0.000000    0.000000    2.000000 ^ axi_wvalid_i (in)
                                                         axi_wvalid_i (net)
                      0.000051    0.000026    2.000026 ^ _23_/C (sky130_fd_sc_hd__and3_2)
    17    0.083793    0.661296    0.810162    2.810187 ^ _23_/X (sky130_fd_sc_hd__and3_2)
                                                         axi_awready_o (net)
                      0.661516    0.001529    2.811717 ^ axi_awready_o (out)
                                              2.811717   data arrival time

                                 20.000000   20.000000   clock clk_i (rise edge)
                                  0.000000   20.000000   clock network delay (propagated)
                                 -0.250000   19.750002   clock uncertainty
                                  0.000000   19.750002   clock reconvergence pessimism
                                 -2.000000   17.750002   output external delay
                                             17.750002   data required time
---------------------------------------------------------------------------------------------
                                             17.750002   data required time
                                             -2.811717   data arrival time
---------------------------------------------------------------------------------------------
                                             14.938284   slack (MET)


Startpoint: _47_ (rising edge-triggered flip-flop clocked by clk_i)
Endpoint: _48_ (rising edge-triggered flip-flop clocked by clk_i)
Path Group: clk_i
Path Type: max

Fanout         Cap        Slew       Delay        Time   Description
---------------------------------------------------------------------------------------------
                                  0.000000    0.000000   clock clk_i (rise edge)
                                  0.000000    0.000000   clock source latency
     2    0.073694    0.000000    0.000000    0.000000 ^ clk_i (in)
                                                         clk_i (net)
                      0.005402    0.002701    0.002701 ^ clkbuf_regs_0_clk_i/A (sky130_fd_sc_hd__clkbuf_16)
     1    0.008368    0.052169    0.176432    0.179133 ^ clkbuf_regs_0_clk_i/X (sky130_fd_sc_hd__clkbuf_16)
                                                         clk_i_regs (net)
                      0.052169    0.000088    0.179222 ^ clkbuf_0_clk_i_regs/A (sky130_fd_sc_hd__clkbuf_16)
     2    0.018710    0.065828    0.211749    0.390970 ^ clkbuf_0_clk_i_regs/X (sky130_fd_sc_hd__clkbuf_16)
                                                         clknet_0_clk_i_regs (net)
                      0.065828    0.000157    0.391127 ^ clkbuf_1_0__f_clk_i_regs/A (sky130_fd_sc_hd__clkbuf_16)
     2    0.004874    0.047631    0.196001    0.587128 ^ clkbuf_1_0__f_clk_i_regs/X (sky130_fd_sc_hd__clkbuf_16)
                                                         clknet_1_0__leaf_clk_i_regs (net)
                      0.047631    0.000054    0.587182 ^ _47_/CLK (sky130_fd_sc_hd__dfrtp_2)
     1    0.002294    0.071828    0.775450    1.362632 v _47_/Q (sky130_fd_sc_hd__dfrtp_2)
                                                         state_q[2] (net)
                      0.071828    0.000015    1.362647 v hold1/A (sky130_fd_sc_hd__dlygate4sd3_1)
     1    0.003860    0.116417    1.142100    2.504747 v hold1/X (sky130_fd_sc_hd__dlygate4sd3_1)
                                                         net1 (net)
                      0.116417    0.000051    2.504798 v _27_/B1 (sky130_fd_sc_hd__a21o_2)
     1    0.003345    0.059596    0.355906    2.860704 v _27_/X (sky130_fd_sc_hd__a21o_2)
                                                         _03_ (net)
                      0.059596    0.000052    2.860756 v hold2/A (sky130_fd_sc_hd__dlygate4sd3_1)
     1    0.002857    0.106067    1.119890    3.980647 v hold2/X (sky130_fd_sc_hd__dlygate4sd3_1)
                                                         net2 (net)
                      0.106067    0.000035    3.980681 v _48_/D (sky130_fd_sc_hd__dfrtp_2)
                                              3.980681   data arrival time

                                 20.000000   20.000000   clock clk_i (rise edge)
                                  0.000000   20.000000   clock source latency
     2    0.073694    0.000000    0.000000   20.000000 ^ clk_i (in)
                                                         clk_i (net)
                      0.005402    0.002702   20.002703 ^ clkbuf_regs_0_clk_i/A (sky130_fd_sc_hd__clkbuf_16)
     1    0.008368    0.052169    0.176431   20.179134 ^ clkbuf_regs_0_clk_i/X (sky130_fd_sc_hd__clkbuf_16)
                                                         clk_i_regs (net)
                      0.052169    0.000089   20.179222 ^ clkbuf_0_clk_i_regs/A (sky130_fd_sc_hd__clkbuf_16)
     2    0.018710    0.065828    0.211749   20.390972 ^ clkbuf_0_clk_i_regs/X (sky130_fd_sc_hd__clkbuf_16)
                                                         clknet_0_clk_i_regs (net)
                      0.065828    0.000194   20.391165 ^ clkbuf_1_1__f_clk_i_regs/A (sky130_fd_sc_hd__clkbuf_16)
     3    0.007177    0.050738    0.200370   20.591534 ^ clkbuf_1_1__f_clk_i_regs/X (sky130_fd_sc_hd__clkbuf_16)
                                                         clknet_1_1__leaf_clk_i_regs (net)
                      0.050738    0.000066   20.591600 ^ _48_/CLK (sky130_fd_sc_hd__dfrtp_2)
                                 -0.250000   20.341600   clock uncertainty
                                  0.000000   20.341600   clock reconvergence pessimism
                                 -0.296815   20.044786   library setup time
                                             20.044786   data required time
---------------------------------------------------------------------------------------------
                                             20.044786   data required time
                                             -3.980681   data arrival time
---------------------------------------------------------------------------------------------
                                             16.064106   slack (MET)


Startpoint: _48_ (rising edge-triggered flip-flop clocked by clk_i)
Endpoint: axi_rvalid_o (output port clocked by clk_i)
Path Group: clk_i
Path Type: max

Fanout         Cap        Slew       Delay        Time   Description
---------------------------------------------------------------------------------------------
                                  0.000000    0.000000   clock clk_i (rise edge)
                                  0.000000    0.000000   clock source latency
     2    0.073694    0.000000    0.000000    0.000000 ^ clk_i (in)
                                                         clk_i (net)
                      0.005402    0.002701    0.002701 ^ clkbuf_regs_0_clk_i/A (sky130_fd_sc_hd__clkbuf_16)
     1    0.008368    0.052169    0.176432    0.179133 ^ clkbuf_regs_0_clk_i/X (sky130_fd_sc_hd__clkbuf_16)
                                                         clk_i_regs (net)
                      0.052169    0.000088    0.179222 ^ clkbuf_0_clk_i_regs/A (sky130_fd_sc_hd__clkbuf_16)
     2    0.018710    0.065828    0.211749    0.390970 ^ clkbuf_0_clk_i_regs/X (sky130_fd_sc_hd__clkbuf_16)
                                                         clknet_0_clk_i_regs (net)
                      0.065828    0.000195    0.391165 ^ clkbuf_1_1__f_clk_i_regs/A (sky130_fd_sc_hd__clkbuf_16)
     3    0.007177    0.050738    0.200369    0.591535 ^ clkbuf_1_1__f_clk_i_regs/X (sky130_fd_sc_hd__clkbuf_16)
                                                         clknet_1_1__leaf_clk_i_regs (net)
                      0.050738    0.000066    0.591600 ^ _48_/CLK (sky130_fd_sc_hd__dfrtp_2)
     3    0.010944    0.112777    0.842057    1.433657 v _48_/Q (sky130_fd_sc_hd__dfrtp_2)
                                                         axi_rvalid_o (net)
                      0.112777    0.000239    1.433895 v axi_rvalid_o (out)
                                              1.433895   data arrival time

                                 20.000000   20.000000   clock clk_i (rise edge)
                                  0.000000   20.000000   clock network delay (propagated)
                                 -0.250000   19.750002   clock uncertainty
                                  0.000000   19.750002   clock reconvergence pessimism
                                 -2.000000   17.750002   output external delay
                                             17.750002   data required time
---------------------------------------------------------------------------------------------
                                             17.750002   data required time
                                             -1.433895   data arrival time
---------------------------------------------------------------------------------------------
                                             16.316107   slack (MET)


Startpoint: _46_ (rising edge-triggered flip-flop clocked by clk_i)
Endpoint: axi_bvalid_o (output port clocked by clk_i)
Path Group: clk_i
Path Type: max

Fanout         Cap        Slew       Delay        Time   Description
---------------------------------------------------------------------------------------------
                                  0.000000    0.000000   clock clk_i (rise edge)
                                  0.000000    0.000000   clock source latency
     2    0.073694    0.000000    0.000000    0.000000 ^ clk_i (in)
                                                         clk_i (net)
                      0.005402    0.002701    0.002701 ^ clkbuf_regs_0_clk_i/A (sky130_fd_sc_hd__clkbuf_16)
     1    0.008368    0.052169    0.176432    0.179133 ^ clkbuf_regs_0_clk_i/X (sky130_fd_sc_hd__clkbuf_16)
                                                         clk_i_regs (net)
                      0.052169    0.000088    0.179222 ^ clkbuf_0_clk_i_regs/A (sky130_fd_sc_hd__clkbuf_16)
     2    0.018710    0.065828    0.211749    0.390970 ^ clkbuf_0_clk_i_regs/X (sky130_fd_sc_hd__clkbuf_16)
                                                         clknet_0_clk_i_regs (net)
                      0.065828    0.000195    0.391165 ^ clkbuf_1_1__f_clk_i_regs/A (sky130_fd_sc_hd__clkbuf_16)
     3    0.007177    0.050738    0.200369    0.591535 ^ clkbuf_1_1__f_clk_i_regs/X (sky130_fd_sc_hd__clkbuf_16)
                                                         clknet_1_1__leaf_clk_i_regs (net)
                      0.050738    0.000057    0.591591 ^ _46_/CLK (sky130_fd_sc_hd__dfrtp_2)
     3    0.009959    0.108130    0.836046    1.427637 v _46_/Q (sky130_fd_sc_hd__dfrtp_2)
                                                         axi_bvalid_o (net)
                      0.108130    0.000269    1.427906 v axi_bvalid_o (out)
                                              1.427906   data arrival time

                                 20.000000   20.000000   clock clk_i (rise edge)
                                  0.000000   20.000000   clock network delay (propagated)
                                 -0.250000   19.750002   clock uncertainty
                                  0.000000   19.750002   clock reconvergence pessimism
                                 -2.000000   17.750002   output external delay
                                             17.750002   data required time
---------------------------------------------------------------------------------------------
                                             17.750002   data required time
                                             -1.427906   data arrival time
---------------------------------------------------------------------------------------------
                                             16.322094   slack (MET)


Startpoint: axi_wvalid_i (input port clocked by clk_i)
Endpoint: u_sram (falling edge-triggered flip-flop clocked by clk_i)
Path Group: clk_i
Path Type: max

Fanout         Cap        Slew       Delay        Time   Description
---------------------------------------------------------------------------------------------
                                  0.000000    0.000000   clock clk_i (rise edge)
                                  0.000000    0.000000   clock network delay (propagated)
                                  2.000000    2.000000 ^ input external delay
     2    0.008620    0.000000    0.000000    2.000000 ^ axi_wvalid_i (in)
                                                         axi_wvalid_i (net)
                      0.000051    0.000026    2.000026 ^ _23_/C (sky130_fd_sc_hd__and3_2)
    17    0.083793    0.661296    0.810162    2.810187 ^ _23_/X (sky130_fd_sc_hd__and3_2)
                                                         axi_awready_o (net)
                      0.661640    0.007689    2.817877 ^ _42_/B (sky130_fd_sc_hd__and2_2)
     1    0.013627    0.148235    0.542945    3.360821 ^ _42_/X (sky130_fd_sc_hd__and2_2)
                                                         sram_wmask0[2] (net)
                      0.197647    0.000336    3.361157 ^ u_sram/wmask0[2] (sky130_sram_1kbyte_1rw1r_32x256_8)
                                              3.361157   data arrival time

                                 20.000000   20.000000   clock clk_i (rise edge)
                                  0.000000   20.000000   clock source latency
     2    0.073694    0.000000    0.000000   20.000000 ^ clk_i (in)
                                                         clk_i (net)
                      0.008592    0.004295   20.004295 ^ clkbuf_0_clk_i/A (sky130_fd_sc_hd__clkbuf_16)
     2    0.038551    0.092291    0.220696   20.224993 ^ clkbuf_0_clk_i/X (sky130_fd_sc_hd__clkbuf_16)
                                                         clknet_0_clk_i (net)
                      0.092306    0.001203   20.226194 ^ clkbuf_1_0__f_clk_i/A (sky130_fd_sc_hd__clkbuf_16)
     1    0.060543    0.121212    0.278728   20.504923 ^ clkbuf_1_0__f_clk_i/X (sky130_fd_sc_hd__clkbuf_16)
                                                         clknet_1_0__leaf_clk_i (net)
                      0.165221    0.014072   20.518995 ^ u_sram/clk0 (sky130_sram_1kbyte_1rw1r_32x256_8)
                                 -0.250000   20.268995   clock uncertainty
                                  0.000000   20.268995   clock reconvergence pessimism
                                 -0.103000   20.165997   library setup time
                                             20.165997   data required time
---------------------------------------------------------------------------------------------
                                             20.165997   data required time
                                             -3.361157   data arrival time
---------------------------------------------------------------------------------------------
                                             16.804838   slack (MET)


Startpoint: axi_wvalid_i (input port clocked by clk_i)
Endpoint: u_sram (falling edge-triggered flip-flop clocked by clk_i)
Path Group: clk_i
Path Type: max

Fanout         Cap        Slew       Delay        Time   Description
---------------------------------------------------------------------------------------------
                                  0.000000    0.000000   clock clk_i (rise edge)
                                  0.000000    0.000000   clock network delay (propagated)
                                  2.000000    2.000000 ^ input external delay
     2    0.008620    0.000000    0.000000    2.000000 ^ axi_wvalid_i (in)
                                                         axi_wvalid_i (net)
                      0.000051    0.000026    2.000026 ^ _23_/C (sky130_fd_sc_hd__and3_2)
    17    0.083793    0.661296    0.810162    2.810187 ^ _23_/X (sky130_fd_sc_hd__and3_2)
                                                         axi_awready_o (net)
                      0.661640    0.007698    2.817886 ^ _43_/B (sky130_fd_sc_hd__and2_2)
     1    0.013198    0.145105    0.540095    3.357981 ^ _43_/X (sky130_fd_sc_hd__and2_2)
                                                         sram_wmask0[3] (net)
                      0.193473    0.000271    3.358252 ^ u_sram/wmask0[3] (sky130_sram_1kbyte_1rw1r_32x256_8)
                                              3.358252   data arrival time

                                 20.000000   20.000000   clock clk_i (rise edge)
                                  0.000000   20.000000   clock source latency
     2    0.073694    0.000000    0.000000   20.000000 ^ clk_i (in)
                                                         clk_i (net)
                      0.008592    0.004295   20.004295 ^ clkbuf_0_clk_i/A (sky130_fd_sc_hd__clkbuf_16)
     2    0.038551    0.092291    0.220696   20.224993 ^ clkbuf_0_clk_i/X (sky130_fd_sc_hd__clkbuf_16)
                                                         clknet_0_clk_i (net)
                      0.092306    0.001203   20.226194 ^ clkbuf_1_0__f_clk_i/A (sky130_fd_sc_hd__clkbuf_16)
     1    0.060543    0.121212    0.278728   20.504923 ^ clkbuf_1_0__f_clk_i/X (sky130_fd_sc_hd__clkbuf_16)
                                                         clknet_1_0__leaf_clk_i (net)
                      0.165221    0.014072   20.518995 ^ u_sram/clk0 (sky130_sram_1kbyte_1rw1r_32x256_8)
                                 -0.250000   20.268995   clock uncertainty
                                  0.000000   20.268995   clock reconvergence pessimism
                                 -0.103000   20.165997   library setup time
                                             20.165997   data required time
---------------------------------------------------------------------------------------------
                                             20.165997   data required time
                                             -3.358252   data arrival time
---------------------------------------------------------------------------------------------
                                             16.807743   slack (MET)


Startpoint: axi_wvalid_i (input port clocked by clk_i)
Endpoint: u_sram (falling edge-triggered flip-flop clocked by clk_i)
Path Group: clk_i
Path Type: max

Fanout         Cap        Slew       Delay        Time   Description
---------------------------------------------------------------------------------------------
                                  0.000000    0.000000   clock clk_i (rise edge)
                                  0.000000    0.000000   clock network delay (propagated)
                                  2.000000    2.000000 ^ input external delay
     2    0.008620    0.000000    0.000000    2.000000 ^ axi_wvalid_i (in)
                                                         axi_wvalid_i (net)
                      0.000051    0.000026    2.000026 ^ _23_/C (sky130_fd_sc_hd__and3_2)
    17    0.083793    0.661296    0.810162    2.810187 ^ _23_/X (sky130_fd_sc_hd__and3_2)
                                                         axi_awready_o (net)
                      0.661638    0.007630    2.817817 ^ _40_/B (sky130_fd_sc_hd__and2_2)
     1    0.012679    0.141360    0.536582    3.354399 ^ _40_/X (sky130_fd_sc_hd__and2_2)
                                                         sram_wmask0[0] (net)
                      0.188481    0.000300    3.354699 ^ u_sram/wmask0[0] (sky130_sram_1kbyte_1rw1r_32x256_8)
                                              3.354699   data arrival time

                                 20.000000   20.000000   clock clk_i (rise edge)
                                  0.000000   20.000000   clock source latency
     2    0.073694    0.000000    0.000000   20.000000 ^ clk_i (in)
                                                         clk_i (net)
                      0.008592    0.004295   20.004295 ^ clkbuf_0_clk_i/A (sky130_fd_sc_hd__clkbuf_16)
     2    0.038551    0.092291    0.220696   20.224993 ^ clkbuf_0_clk_i/X (sky130_fd_sc_hd__clkbuf_16)
                                                         clknet_0_clk_i (net)
                      0.092306    0.001203   20.226194 ^ clkbuf_1_0__f_clk_i/A (sky130_fd_sc_hd__clkbuf_16)
     1    0.060543    0.121212    0.278728   20.504923 ^ clkbuf_1_0__f_clk_i/X (sky130_fd_sc_hd__clkbuf_16)
                                                         clknet_1_0__leaf_clk_i (net)
                      0.165221    0.014072   20.518995 ^ u_sram/clk0 (sky130_sram_1kbyte_1rw1r_32x256_8)
                                 -0.250000   20.268995   clock uncertainty
                                  0.000000   20.268995   clock reconvergence pessimism
                                 -0.103000   20.165997   library setup time
                                             20.165997   data required time
---------------------------------------------------------------------------------------------
                                             20.165997   data required time
                                             -3.354699   data arrival time
---------------------------------------------------------------------------------------------
                                             16.811296   slack (MET)


Startpoint: axi_wvalid_i (input port clocked by clk_i)
Endpoint: u_sram (falling edge-triggered flip-flop clocked by clk_i)
Path Group: clk_i
Path Type: max

Fanout         Cap        Slew       Delay        Time   Description
---------------------------------------------------------------------------------------------
                                  0.000000    0.000000   clock clk_i (rise edge)
                                  0.000000    0.000000   clock network delay (propagated)
                                  2.000000    2.000000 ^ input external delay
     2    0.008620    0.000000    0.000000    2.000000 ^ axi_wvalid_i (in)
                                                         axi_wvalid_i (net)
                      0.000051    0.000026    2.000026 ^ _23_/C (sky130_fd_sc_hd__and3_2)
    17    0.083793    0.661296    0.810162    2.810187 ^ _23_/X (sky130_fd_sc_hd__and3_2)
                                                         axi_awready_o (net)
                      0.661639    0.007658    2.817845 ^ _41_/B (sky130_fd_sc_hd__and2_2)
     1    0.012327    0.138832    0.534219    3.352065 ^ _41_/X (sky130_fd_sc_hd__and2_2)
                                                         sram_wmask0[1] (net)
                      0.185110    0.000284    3.352349 ^ u_sram/wmask0[1] (sky130_sram_1kbyte_1rw1r_32x256_8)
                                              3.352349   data arrival time

                                 20.000000   20.000000   clock clk_i (rise edge)
                                  0.000000   20.000000   clock source latency
     2    0.073694    0.000000    0.000000   20.000000 ^ clk_i (in)
                                                         clk_i (net)
                      0.008592    0.004295   20.004295 ^ clkbuf_0_clk_i/A (sky130_fd_sc_hd__clkbuf_16)
     2    0.038551    0.092291    0.220696   20.224993 ^ clkbuf_0_clk_i/X (sky130_fd_sc_hd__clkbuf_16)
                                                         clknet_0_clk_i (net)
                      0.092306    0.001203   20.226194 ^ clkbuf_1_0__f_clk_i/A (sky130_fd_sc_hd__clkbuf_16)
     1    0.060543    0.121212    0.278728   20.504923 ^ clkbuf_1_0__f_clk_i/X (sky130_fd_sc_hd__clkbuf_16)
                                                         clknet_1_0__leaf_clk_i (net)
                      0.165221    0.014072   20.518995 ^ u_sram/clk0 (sky130_sram_1kbyte_1rw1r_32x256_8)
                                 -0.250000   20.268995   clock uncertainty
                                  0.000000   20.268995   clock reconvergence pessimism
                                 -0.103000   20.165997   library setup time
                                             20.165997   data required time
---------------------------------------------------------------------------------------------
                                             20.165997   data required time
                                             -3.352349   data arrival time
---------------------------------------------------------------------------------------------
                                             16.813648   slack (MET)


Startpoint: axi_wvalid_i (input port clocked by clk_i)
Endpoint: u_sram (falling edge-triggered flip-flop clocked by clk_i)
Path Group: clk_i
Path Type: max

Fanout         Cap        Slew       Delay        Time   Description
---------------------------------------------------------------------------------------------
                                  0.000000    0.000000   clock clk_i (rise edge)
                                  0.000000    0.000000   clock network delay (propagated)
                                  2.000000    2.000000 ^ input external delay
     2    0.008620    0.000000    0.000000    2.000000 ^ axi_wvalid_i (in)
                                                         axi_wvalid_i (net)
                      0.000051    0.000026    2.000026 ^ _23_/C (sky130_fd_sc_hd__and3_2)
    17    0.083793    0.661296    0.810162    2.810187 ^ _23_/X (sky130_fd_sc_hd__and3_2)
                                                         axi_awready_o (net)
                      0.661620    0.007067    2.817254 ^ _32_/B1 (sky130_fd_sc_hd__a32o_2)
     1    0.015818    0.187322    0.531016    3.348270 ^ _32_/X (sky130_fd_sc_hd__a32o_2)
                                                         sram_addr0[0] (net)
                      0.249762    0.000604    3.348874 ^ u_sram/addr0[0] (sky130_sram_1kbyte_1rw1r_32x256_8)
                                              3.348874   data arrival time

                                 20.000000   20.000000   clock clk_i (rise edge)
                                  0.000000   20.000000   clock source latency
     2    0.073694    0.000000    0.000000   20.000000 ^ clk_i (in)
                                                         clk_i (net)
                      0.008592    0.004295   20.004295 ^ clkbuf_0_clk_i/A (sky130_fd_sc_hd__clkbuf_16)
     2    0.038551    0.092291    0.220696   20.224993 ^ clkbuf_0_clk_i/X (sky130_fd_sc_hd__clkbuf_16)
                                                         clknet_0_clk_i (net)
                      0.092306    0.001203   20.226194 ^ clkbuf_1_0__f_clk_i/A (sky130_fd_sc_hd__clkbuf_16)
     1    0.060543    0.121212    0.278728   20.504923 ^ clkbuf_1_0__f_clk_i/X (sky130_fd_sc_hd__clkbuf_16)
                                                         clknet_1_0__leaf_clk_i (net)
                      0.165221    0.014072   20.518995 ^ u_sram/clk0 (sky130_sram_1kbyte_1rw1r_32x256_8)
                                 -0.250000   20.268995   clock uncertainty
                                  0.000000   20.268995   clock reconvergence pessimism
                                 -0.103000   20.165997   library setup time
                                             20.165997   data required time
---------------------------------------------------------------------------------------------
                                             20.165997   data required time
                                             -3.348874   data arrival time
---------------------------------------------------------------------------------------------
                                             16.817122   slack (MET)


Startpoint: axi_wvalid_i (input port clocked by clk_i)
Endpoint: u_sram (falling edge-triggered flip-flop clocked by clk_i)
Path Group: clk_i
Path Type: max

Fanout         Cap        Slew       Delay        Time   Description
---------------------------------------------------------------------------------------------
                                  0.000000    0.000000   clock clk_i (rise edge)
                                  0.000000    0.000000   clock network delay (propagated)
                                  2.000000    2.000000 ^ input external delay
     2    0.008620    0.000000    0.000000    2.000000 ^ axi_wvalid_i (in)
                                                         axi_wvalid_i (net)
                      0.000051    0.000026    2.000026 ^ _23_/C (sky130_fd_sc_hd__and3_2)
    17    0.083793    0.661296    0.810162    2.810187 ^ _23_/X (sky130_fd_sc_hd__and3_2)
                                                         axi_awready_o (net)
                      0.661296    0.001306    2.811493 ^ _37_/B1 (sky130_fd_sc_hd__a32o_2)
     1    0.014994    0.180433    0.524687    3.336180 ^ _37_/X (sky130_fd_sc_hd__a32o_2)
                                                         sram_addr0[5] (net)
                      0.240577    0.000358    3.336538 ^ u_sram/addr0[5] (sky130_sram_1kbyte_1rw1r_32x256_8)
                                              3.336538   data arrival time

                                 20.000000   20.000000   clock clk_i (rise edge)
                                  0.000000   20.000000   clock source latency
     2    0.073694    0.000000    0.000000   20.000000 ^ clk_i (in)
                                                         clk_i (net)
                      0.008592    0.004295   20.004295 ^ clkbuf_0_clk_i/A (sky130_fd_sc_hd__clkbuf_16)
     2    0.038551    0.092291    0.220696   20.224993 ^ clkbuf_0_clk_i/X (sky130_fd_sc_hd__clkbuf_16)
                                                         clknet_0_clk_i (net)
                      0.092306    0.001203   20.226194 ^ clkbuf_1_0__f_clk_i/A (sky130_fd_sc_hd__clkbuf_16)
     1    0.060543    0.121212    0.278728   20.504923 ^ clkbuf_1_0__f_clk_i/X (sky130_fd_sc_hd__clkbuf_16)
                                                         clknet_1_0__leaf_clk_i (net)
                      0.165221    0.014072   20.518995 ^ u_sram/clk0 (sky130_sram_1kbyte_1rw1r_32x256_8)
                                 -0.250000   20.268995   clock uncertainty
                                  0.000000   20.268995   clock reconvergence pessimism
                                 -0.103000   20.165997   library setup time
                                             20.165997   data required time
---------------------------------------------------------------------------------------------
                                             20.165997   data required time
                                             -3.336538   data arrival time
---------------------------------------------------------------------------------------------
                                             16.829458   slack (MET)


Startpoint: axi_wvalid_i (input port clocked by clk_i)
Endpoint: u_sram (falling edge-triggered flip-flop clocked by clk_i)
Path Group: clk_i
Path Type: max

Fanout         Cap        Slew       Delay        Time   Description
---------------------------------------------------------------------------------------------
                                  0.000000    0.000000   clock clk_i (rise edge)
                                  0.000000    0.000000   clock network delay (propagated)
                                  2.000000    2.000000 ^ input external delay
     2    0.008620    0.000000    0.000000    2.000000 ^ axi_wvalid_i (in)
                                                         axi_wvalid_i (net)
                      0.000051    0.000026    2.000026 ^ _23_/C (sky130_fd_sc_hd__and3_2)
    17    0.083793    0.661296    0.810162    2.810187 ^ _23_/X (sky130_fd_sc_hd__and3_2)
                                                         axi_awready_o (net)
                      0.661296    0.001425    2.811613 ^ _39_/B1 (sky130_fd_sc_hd__a32o_2)
     1    0.014333    0.175030    0.519513    3.331125 ^ _39_/X (sky130_fd_sc_hd__a32o_2)
                                                         sram_addr0[7] (net)
                      0.233373    0.000463    3.331589 ^ u_sram/addr0[7] (sky130_sram_1kbyte_1rw1r_32x256_8)
                                              3.331589   data arrival time

                                 20.000000   20.000000   clock clk_i (rise edge)
                                  0.000000   20.000000   clock source latency
     2    0.073694    0.000000    0.000000   20.000000 ^ clk_i (in)
                                                         clk_i (net)
                      0.008592    0.004295   20.004295 ^ clkbuf_0_clk_i/A (sky130_fd_sc_hd__clkbuf_16)
     2    0.038551    0.092291    0.220696   20.224993 ^ clkbuf_0_clk_i/X (sky130_fd_sc_hd__clkbuf_16)
                                                         clknet_0_clk_i (net)
                      0.092306    0.001203   20.226194 ^ clkbuf_1_0__f_clk_i/A (sky130_fd_sc_hd__clkbuf_16)
     1    0.060543    0.121212    0.278728   20.504923 ^ clkbuf_1_0__f_clk_i/X (sky130_fd_sc_hd__clkbuf_16)
                                                         clknet_1_0__leaf_clk_i (net)
                      0.165221    0.014072   20.518995 ^ u_sram/clk0 (sky130_sram_1kbyte_1rw1r_32x256_8)
                                 -0.250000   20.268995   clock uncertainty
                                  0.000000   20.268995   clock reconvergence pessimism
                                 -0.103000   20.165997   library setup time
                                             20.165997   data required time
---------------------------------------------------------------------------------------------
                                             20.165997   data required time
                                             -3.331589   data arrival time
---------------------------------------------------------------------------------------------
                                             16.834406   slack (MET)


Startpoint: axi_wvalid_i (input port clocked by clk_i)
Endpoint: u_sram (falling edge-triggered flip-flop clocked by clk_i)
Path Group: clk_i
Path Type: max

Fanout         Cap        Slew       Delay        Time   Description
---------------------------------------------------------------------------------------------
                                  0.000000    0.000000   clock clk_i (rise edge)
                                  0.000000    0.000000   clock network delay (propagated)
                                  2.000000    2.000000 ^ input external delay
     2    0.008620    0.000000    0.000000    2.000000 ^ axi_wvalid_i (in)
                                                         axi_wvalid_i (net)
                      0.000051    0.000026    2.000026 ^ _23_/C (sky130_fd_sc_hd__and3_2)
    17    0.083793    0.661296    0.810162    2.810187 ^ _23_/X (sky130_fd_sc_hd__and3_2)
                                                         axi_awready_o (net)
                      0.661296    0.001387    2.811574 ^ _38_/B1 (sky130_fd_sc_hd__a32o_2)
     1    0.013970    0.172028    0.516757    3.328331 ^ _38_/X (sky130_fd_sc_hd__a32o_2)
                                                         sram_addr0[6] (net)
                      0.229370    0.000336    3.328667 ^ u_sram/addr0[6] (sky130_sram_1kbyte_1rw1r_32x256_8)
                                              3.328667   data arrival time

                                 20.000000   20.000000   clock clk_i (rise edge)
                                  0.000000   20.000000   clock source latency
     2    0.073694    0.000000    0.000000   20.000000 ^ clk_i (in)
                                                         clk_i (net)
                      0.008592    0.004295   20.004295 ^ clkbuf_0_clk_i/A (sky130_fd_sc_hd__clkbuf_16)
     2    0.038551    0.092291    0.220696   20.224993 ^ clkbuf_0_clk_i/X (sky130_fd_sc_hd__clkbuf_16)
                                                         clknet_0_clk_i (net)
                      0.092306    0.001203   20.226194 ^ clkbuf_1_0__f_clk_i/A (sky130_fd_sc_hd__clkbuf_16)
     1    0.060543    0.121212    0.278728   20.504923 ^ clkbuf_1_0__f_clk_i/X (sky130_fd_sc_hd__clkbuf_16)
                                                         clknet_1_0__leaf_clk_i (net)
                      0.165221    0.014072   20.518995 ^ u_sram/clk0 (sky130_sram_1kbyte_1rw1r_32x256_8)
                                 -0.250000   20.268995   clock uncertainty
                                  0.000000   20.268995   clock reconvergence pessimism
                                 -0.103000   20.165997   library setup time
                                             20.165997   data required time
---------------------------------------------------------------------------------------------
                                             20.165997   data required time
                                             -3.328667   data arrival time
---------------------------------------------------------------------------------------------
                                             16.837328   slack (MET)


Startpoint: axi_wvalid_i (input port clocked by clk_i)
Endpoint: u_sram (falling edge-triggered flip-flop clocked by clk_i)
Path Group: clk_i
Path Type: max

Fanout         Cap        Slew       Delay        Time   Description
---------------------------------------------------------------------------------------------
                                  0.000000    0.000000   clock clk_i (rise edge)
                                  0.000000    0.000000   clock network delay (propagated)
                                  2.000000    2.000000 ^ input external delay
     2    0.008620    0.000000    0.000000    2.000000 ^ axi_wvalid_i (in)
                                                         axi_wvalid_i (net)
                      0.000051    0.000026    2.000026 ^ _23_/C (sky130_fd_sc_hd__and3_2)
    17    0.083793    0.661296    0.810162    2.810187 ^ _23_/X (sky130_fd_sc_hd__and3_2)
                                                         axi_awready_o (net)
                      0.661296    0.001231    2.811419 ^ _35_/B1 (sky130_fd_sc_hd__a32o_2)
     1    0.013674    0.169588    0.514513    3.325932 ^ _35_/X (sky130_fd_sc_hd__a32o_2)
                                                         sram_addr0[3] (net)
                      0.226118    0.000244    3.326176 ^ u_sram/addr0[3] (sky130_sram_1kbyte_1rw1r_32x256_8)
                                              3.326176   data arrival time

                                 20.000000   20.000000   clock clk_i (rise edge)
                                  0.000000   20.000000   clock source latency
     2    0.073694    0.000000    0.000000   20.000000 ^ clk_i (in)
                                                         clk_i (net)
                      0.008592    0.004295   20.004295 ^ clkbuf_0_clk_i/A (sky130_fd_sc_hd__clkbuf_16)
     2    0.038551    0.092291    0.220696   20.224993 ^ clkbuf_0_clk_i/X (sky130_fd_sc_hd__clkbuf_16)
                                                         clknet_0_clk_i (net)
                      0.092306    0.001203   20.226194 ^ clkbuf_1_0__f_clk_i/A (sky130_fd_sc_hd__clkbuf_16)
     1    0.060543    0.121212    0.278728   20.504923 ^ clkbuf_1_0__f_clk_i/X (sky130_fd_sc_hd__clkbuf_16)
                                                         clknet_1_0__leaf_clk_i (net)
                      0.165221    0.014072   20.518995 ^ u_sram/clk0 (sky130_sram_1kbyte_1rw1r_32x256_8)
                                 -0.250000   20.268995   clock uncertainty
                                  0.000000   20.268995   clock reconvergence pessimism
                                 -0.103000   20.165997   library setup time
                                             20.165997   data required time
---------------------------------------------------------------------------------------------
                                             20.165997   data required time
                                             -3.326176   data arrival time
---------------------------------------------------------------------------------------------
                                             16.839821   slack (MET)


Startpoint: axi_wvalid_i (input port clocked by clk_i)
Endpoint: u_sram (falling edge-triggered flip-flop clocked by clk_i)
Path Group: clk_i
Path Type: max

Fanout         Cap        Slew       Delay        Time   Description
---------------------------------------------------------------------------------------------
                                  0.000000    0.000000   clock clk_i (rise edge)
                                  0.000000    0.000000   clock network delay (propagated)
                                  2.000000    2.000000 ^ input external delay
     2    0.008620    0.000000    0.000000    2.000000 ^ axi_wvalid_i (in)
                                                         axi_wvalid_i (net)
                      0.000051    0.000026    2.000026 ^ _23_/C (sky130_fd_sc_hd__and3_2)
    17    0.083793    0.661296    0.810162    2.810187 ^ _23_/X (sky130_fd_sc_hd__and3_2)
                                                         axi_awready_o (net)
                      0.661296    0.001271    2.811459 ^ _36_/B1 (sky130_fd_sc_hd__a32o_2)
     1    0.013535    0.168511    0.513337    3.324796 ^ _36_/X (sky130_fd_sc_hd__a32o_2)
                                                         sram_addr0[4] (net)
                      0.224681    0.000437    3.325233 ^ u_sram/addr0[4] (sky130_sram_1kbyte_1rw1r_32x256_8)
                                              3.325233   data arrival time

                                 20.000000   20.000000   clock clk_i (rise edge)
                                  0.000000   20.000000   clock source latency
     2    0.073694    0.000000    0.000000   20.000000 ^ clk_i (in)
                                                         clk_i (net)
                      0.008592    0.004295   20.004295 ^ clkbuf_0_clk_i/A (sky130_fd_sc_hd__clkbuf_16)
     2    0.038551    0.092291    0.220696   20.224993 ^ clkbuf_0_clk_i/X (sky130_fd_sc_hd__clkbuf_16)
                                                         clknet_0_clk_i (net)
                      0.092306    0.001203   20.226194 ^ clkbuf_1_0__f_clk_i/A (sky130_fd_sc_hd__clkbuf_16)
     1    0.060543    0.121212    0.278728   20.504923 ^ clkbuf_1_0__f_clk_i/X (sky130_fd_sc_hd__clkbuf_16)
                                                         clknet_1_0__leaf_clk_i (net)
                      0.165221    0.014072   20.518995 ^ u_sram/clk0 (sky130_sram_1kbyte_1rw1r_32x256_8)
                                 -0.250000   20.268995   clock uncertainty
                                  0.000000   20.268995   clock reconvergence pessimism
                                 -0.103000   20.165997   library setup time
                                             20.165997   data required time
---------------------------------------------------------------------------------------------
                                             20.165997   data required time
                                             -3.325233   data arrival time
---------------------------------------------------------------------------------------------
                                             16.840763   slack (MET)


Startpoint: axi_wvalid_i (input port clocked by clk_i)
Endpoint: u_sram (falling edge-triggered flip-flop clocked by clk_i)
Path Group: clk_i
Path Type: max

Fanout         Cap        Slew       Delay        Time   Description
---------------------------------------------------------------------------------------------
                                  0.000000    0.000000   clock clk_i (rise edge)
                                  0.000000    0.000000   clock network delay (propagated)
                                  2.000000    2.000000 ^ input external delay
     2    0.008620    0.000000    0.000000    2.000000 ^ axi_wvalid_i (in)
                                                         axi_wvalid_i (net)
                      0.000051    0.000026    2.000026 ^ _23_/C (sky130_fd_sc_hd__and3_2)
    17    0.083793    0.661296    0.810162    2.810187 ^ _23_/X (sky130_fd_sc_hd__and3_2)
                                                         axi_awready_o (net)
                      0.661296    0.001185    2.811372 ^ _34_/B1 (sky130_fd_sc_hd__a32o_2)
     1    0.012795    0.162505    0.507628    3.319000 ^ _34_/X (sky130_fd_sc_hd__a32o_2)
                                                         sram_addr0[2] (net)
                      0.216673    0.000364    3.319364 ^ u_sram/addr0[2] (sky130_sram_1kbyte_1rw1r_32x256_8)
                                              3.319364   data arrival time

                                 20.000000   20.000000   clock clk_i (rise edge)
                                  0.000000   20.000000   clock source latency
     2    0.073694    0.000000    0.000000   20.000000 ^ clk_i (in)
                                                         clk_i (net)
                      0.008592    0.004295   20.004295 ^ clkbuf_0_clk_i/A (sky130_fd_sc_hd__clkbuf_16)
     2    0.038551    0.092291    0.220696   20.224993 ^ clkbuf_0_clk_i/X (sky130_fd_sc_hd__clkbuf_16)
                                                         clknet_0_clk_i (net)
                      0.092306    0.001203   20.226194 ^ clkbuf_1_0__f_clk_i/A (sky130_fd_sc_hd__clkbuf_16)
     1    0.060543    0.121212    0.278728   20.504923 ^ clkbuf_1_0__f_clk_i/X (sky130_fd_sc_hd__clkbuf_16)
                                                         clknet_1_0__leaf_clk_i (net)
                      0.165221    0.014072   20.518995 ^ u_sram/clk0 (sky130_sram_1kbyte_1rw1r_32x256_8)
                                 -0.250000   20.268995   clock uncertainty
                                  0.000000   20.268995   clock reconvergence pessimism
                                 -0.103000   20.165997   library setup time
                                             20.165997   data required time
---------------------------------------------------------------------------------------------
                                             20.165997   data required time
                                             -3.319364   data arrival time
---------------------------------------------------------------------------------------------
                                             16.846632   slack (MET)


Startpoint: axi_wvalid_i (input port clocked by clk_i)
Endpoint: u_sram (falling edge-triggered flip-flop clocked by clk_i)
Path Group: clk_i
Path Type: max

Fanout         Cap        Slew       Delay        Time   Description
---------------------------------------------------------------------------------------------
                                  0.000000    0.000000   clock clk_i (rise edge)
                                  0.000000    0.000000   clock network delay (propagated)
                                  2.000000    2.000000 ^ input external delay
     2    0.008620    0.000000    0.000000    2.000000 ^ axi_wvalid_i (in)
                                                         axi_wvalid_i (net)
                      0.000051    0.000026    2.000026 ^ _23_/C (sky130_fd_sc_hd__and3_2)
    17    0.083793    0.661296    0.810162    2.810187 ^ _23_/X (sky130_fd_sc_hd__and3_2)
                                                         axi_awready_o (net)
                      0.661296    0.001312    2.811499 ^ _33_/B1 (sky130_fd_sc_hd__a32o_2)
     1    0.012246    0.158086    0.503401    3.314900 ^ _33_/X (sky130_fd_sc_hd__a32o_2)
                                                         sram_addr0[1] (net)
                      0.210782    0.000312    3.315212 ^ u_sram/addr0[1] (sky130_sram_1kbyte_1rw1r_32x256_8)
                                              3.315212   data arrival time

                                 20.000000   20.000000   clock clk_i (rise edge)
                                  0.000000   20.000000   clock source latency
     2    0.073694    0.000000    0.000000   20.000000 ^ clk_i (in)
                                                         clk_i (net)
                      0.008592    0.004295   20.004295 ^ clkbuf_0_clk_i/A (sky130_fd_sc_hd__clkbuf_16)
     2    0.038551    0.092291    0.220696   20.224993 ^ clkbuf_0_clk_i/X (sky130_fd_sc_hd__clkbuf_16)
                                                         clknet_0_clk_i (net)
                      0.092306    0.001203   20.226194 ^ clkbuf_1_0__f_clk_i/A (sky130_fd_sc_hd__clkbuf_16)
     1    0.060543    0.121212    0.278728   20.504923 ^ clkbuf_1_0__f_clk_i/X (sky130_fd_sc_hd__clkbuf_16)
                                                         clknet_1_0__leaf_clk_i (net)
                      0.165221    0.014072   20.518995 ^ u_sram/clk0 (sky130_sram_1kbyte_1rw1r_32x256_8)
                                 -0.250000   20.268995   clock uncertainty
                                  0.000000   20.268995   clock reconvergence pessimism
                                 -0.103000   20.165997   library setup time
                                             20.165997   data required time
---------------------------------------------------------------------------------------------
                                             20.165997   data required time
                                             -3.315212   data arrival time
---------------------------------------------------------------------------------------------
                                             16.850784   slack (MET)


Startpoint: axi_wvalid_i (input port clocked by clk_i)
Endpoint: _46_ (rising edge-triggered flip-flop clocked by clk_i)
Path Group: clk_i
Path Type: max

Fanout         Cap        Slew       Delay        Time   Description
---------------------------------------------------------------------------------------------
                                  0.000000    0.000000   clock clk_i (rise edge)
                                  0.000000    0.000000   clock network delay (propagated)
                                  2.000000    2.000000 v input external delay
     2    0.008132    0.000000    0.000000    2.000000 v axi_wvalid_i (in)
                                                         axi_wvalid_i (net)
                      0.000048    0.000024    2.000024 v _23_/C (sky130_fd_sc_hd__and3_2)
    17    0.080588    0.374361    0.708064    2.708088 v _23_/X (sky130_fd_sc_hd__and3_2)
                                                         axi_awready_o (net)
                      0.374361    0.001435    2.709523 v _28_/B1 (sky130_fd_sc_hd__a21o_2)
     1    0.006117    0.073617    0.482467    3.191990 v _28_/X (sky130_fd_sc_hd__a21o_2)
                                                         _02_ (net)
                      0.073617    0.000165    3.192155 v _46_/D (sky130_fd_sc_hd__dfrtp_2)
                                              3.192155   data arrival time

                                 20.000000   20.000000   clock clk_i (rise edge)
                                  0.000000   20.000000   clock source latency
     2    0.073694    0.000000    0.000000   20.000000 ^ clk_i (in)
                                                         clk_i (net)
                      0.005402    0.002702   20.002703 ^ clkbuf_regs_0_clk_i/A (sky130_fd_sc_hd__clkbuf_16)
     1    0.008368    0.052169    0.176431   20.179134 ^ clkbuf_regs_0_clk_i/X (sky130_fd_sc_hd__clkbuf_16)
                                                         clk_i_regs (net)
                      0.052169    0.000089   20.179222 ^ clkbuf_0_clk_i_regs/A (sky130_fd_sc_hd__clkbuf_16)
     2    0.018710    0.065828    0.211749   20.390972 ^ clkbuf_0_clk_i_regs/X (sky130_fd_sc_hd__clkbuf_16)
                                                         clknet_0_clk_i_regs (net)
                      0.065828    0.000194   20.391165 ^ clkbuf_1_1__f_clk_i_regs/A (sky130_fd_sc_hd__clkbuf_16)
     3    0.007177    0.050738    0.200370   20.591534 ^ clkbuf_1_1__f_clk_i_regs/X (sky130_fd_sc_hd__clkbuf_16)
                                                         clknet_1_1__leaf_clk_i_regs (net)
                      0.050738    0.000057   20.591591 ^ _46_/CLK (sky130_fd_sc_hd__dfrtp_2)
                                 -0.250000   20.341593   clock uncertainty
                                  0.000000   20.341593   clock reconvergence pessimism
                                 -0.283253   20.058340   library setup time
                                             20.058340   data required time
---------------------------------------------------------------------------------------------
                                             20.058340   data required time
                                             -3.192155   data arrival time
---------------------------------------------------------------------------------------------
                                             16.866186   slack (MET)


Startpoint: axi_arvalid_i (input port clocked by clk_i)
Endpoint: _47_ (rising edge-triggered flip-flop clocked by clk_i)
Path Group: clk_i
Path Type: max

Fanout         Cap        Slew       Delay        Time   Description
---------------------------------------------------------------------------------------------
                                  0.000000    0.000000   clock clk_i (rise edge)
                                  0.000000    0.000000   clock network delay (propagated)
                                  2.000000    2.000000 v input external delay
     2    0.007920    0.000000    0.000000    2.000000 v axi_arvalid_i (in)
                                                         axi_arvalid_i (net)
                      0.000035    0.000018    2.000018 v _25_/B (sky130_fd_sc_hd__and2_2)
    11    0.056008    0.278881    0.580161    2.580178 v _25_/X (sky130_fd_sc_hd__and2_2)
                                                         _08_ (net)
                      0.278881    0.000430    2.580609 v _44_/B (sky130_fd_sc_hd__and2_2)
     1    0.006678    0.087821    0.522042    3.102650 v _44_/X (sky130_fd_sc_hd__and2_2)
                                                         _00_ (net)
                      0.087821    0.000167    3.102818 v _47_/D (sky130_fd_sc_hd__dfrtp_2)
                                              3.102818   data arrival time

                                 20.000000   20.000000   clock clk_i (rise edge)
                                  0.000000   20.000000   clock source latency
     2    0.073694    0.000000    0.000000   20.000000 ^ clk_i (in)
                                                         clk_i (net)
                      0.005402    0.002702   20.002703 ^ clkbuf_regs_0_clk_i/A (sky130_fd_sc_hd__clkbuf_16)
     1    0.008368    0.052169    0.176431   20.179134 ^ clkbuf_regs_0_clk_i/X (sky130_fd_sc_hd__clkbuf_16)
                                                         clk_i_regs (net)
                      0.052169    0.000089   20.179222 ^ clkbuf_0_clk_i_regs/A (sky130_fd_sc_hd__clkbuf_16)
     2    0.018710    0.065828    0.211749   20.390972 ^ clkbuf_0_clk_i_regs/X (sky130_fd_sc_hd__clkbuf_16)
                                                         clknet_0_clk_i_regs (net)
                      0.065828    0.000156   20.391127 ^ clkbuf_1_0__f_clk_i_regs/A (sky130_fd_sc_hd__clkbuf_16)
     2    0.004874    0.047631    0.196001   20.587130 ^ clkbuf_1_0__f_clk_i_regs/X (sky130_fd_sc_hd__clkbuf_16)
                                                         clknet_1_0__leaf_clk_i_regs (net)
                      0.047631    0.000053   20.587183 ^ _47_/CLK (sky130_fd_sc_hd__dfrtp_2)
                                 -0.250000   20.337183   clock uncertainty
                                  0.000000   20.337183   clock reconvergence pessimism
                                 -0.290018   20.047165   library setup time
                                             20.047165   data required time
---------------------------------------------------------------------------------------------
                                             20.047165   data required time
                                             -3.102818   data arrival time
---------------------------------------------------------------------------------------------
                                             16.944347   slack (MET)


Startpoint: axi_wvalid_i (input port clocked by clk_i)
Endpoint: u_sram (falling edge-triggered flip-flop clocked by clk_i)
Path Group: clk_i
Path Type: max

Fanout         Cap        Slew       Delay        Time   Description
---------------------------------------------------------------------------------------------
                                  0.000000    0.000000   clock clk_i (rise edge)
                                  0.000000    0.000000   clock network delay (propagated)
                                  2.000000    2.000000 ^ input external delay
     2    0.008620    0.000000    0.000000    2.000000 ^ axi_wvalid_i (in)
                                                         axi_wvalid_i (net)
                      0.000051    0.000026    2.000026 ^ _23_/C (sky130_fd_sc_hd__and3_2)
    17    0.083793    0.661296    0.810162    2.810187 ^ _23_/X (sky130_fd_sc_hd__and3_2)
                                                         axi_awready_o (net)
                      0.661565    0.004974    2.815161 ^ _29_/A (sky130_fd_sc_hd__nor2_2)
     1    0.010851    0.153526    0.294604    3.109765 v _29_/Y (sky130_fd_sc_hd__nor2_2)
                                                         sram_csb0 (net)
                      0.204701    0.000217    3.109982 v u_sram/csb0 (sky130_sram_1kbyte_1rw1r_32x256_8)
                                              3.109982   data arrival time

                                 20.000000   20.000000   clock clk_i (rise edge)
                                  0.000000   20.000000   clock source latency
     2    0.073694    0.000000    0.000000   20.000000 ^ clk_i (in)
                                                         clk_i (net)
                      0.008592    0.004295   20.004295 ^ clkbuf_0_clk_i/A (sky130_fd_sc_hd__clkbuf_16)
     2    0.038551    0.092291    0.220696   20.224993 ^ clkbuf_0_clk_i/X (sky130_fd_sc_hd__clkbuf_16)
                                                         clknet_0_clk_i (net)
                      0.092306    0.001203   20.226194 ^ clkbuf_1_0__f_clk_i/A (sky130_fd_sc_hd__clkbuf_16)
     1    0.060543    0.121212    0.278728   20.504923 ^ clkbuf_1_0__f_clk_i/X (sky130_fd_sc_hd__clkbuf_16)
                                                         clknet_1_0__leaf_clk_i (net)
                      0.165221    0.014072   20.518995 ^ u_sram/clk0 (sky130_sram_1kbyte_1rw1r_32x256_8)
                                 -0.250000   20.268995   clock uncertainty
                                  0.000000   20.268995   clock reconvergence pessimism
                                 -0.103000   20.165997   library setup time
                                             20.165997   data required time
---------------------------------------------------------------------------------------------
                                             20.165997   data required time
                                             -3.109982   data arrival time
---------------------------------------------------------------------------------------------
                                             17.056013   slack (MET)


Startpoint: axi_wvalid_i (input port clocked by clk_i)
Endpoint: u_sram (falling edge-triggered flip-flop clocked by clk_i)
Path Group: clk_i
Path Type: max

Fanout         Cap        Slew       Delay        Time   Description
---------------------------------------------------------------------------------------------
                                  0.000000    0.000000   clock clk_i (rise edge)
                                  0.000000    0.000000   clock network delay (propagated)
                                  2.000000    2.000000 ^ input external delay
     2    0.008620    0.000000    0.000000    2.000000 ^ axi_wvalid_i (in)
                                                         axi_wvalid_i (net)
                      0.000051    0.000026    2.000026 ^ _23_/C (sky130_fd_sc_hd__and3_2)
    17    0.083793    0.661296    0.810162    2.810187 ^ _23_/X (sky130_fd_sc_hd__and3_2)
                                                         axi_awready_o (net)
                      0.661570    0.005237    2.815424 ^ _24_/A (sky130_fd_sc_hd__inv_2)
     1    0.008981    0.138061    0.243602    3.059026 v _24_/Y (sky130_fd_sc_hd__inv_2)
                                                         sram_web0 (net)
                      0.184081    0.000151    3.059177 v u_sram/web0 (sky130_sram_1kbyte_1rw1r_32x256_8)
                                              3.059177   data arrival time

                                 20.000000   20.000000   clock clk_i (rise edge)
                                  0.000000   20.000000   clock source latency
     2    0.073694    0.000000    0.000000   20.000000 ^ clk_i (in)
                                                         clk_i (net)
                      0.008592    0.004295   20.004295 ^ clkbuf_0_clk_i/A (sky130_fd_sc_hd__clkbuf_16)
     2    0.038551    0.092291    0.220696   20.224993 ^ clkbuf_0_clk_i/X (sky130_fd_sc_hd__clkbuf_16)
                                                         clknet_0_clk_i (net)
                      0.092306    0.001203   20.226194 ^ clkbuf_1_0__f_clk_i/A (sky130_fd_sc_hd__clkbuf_16)
     1    0.060543    0.121212    0.278728   20.504923 ^ clkbuf_1_0__f_clk_i/X (sky130_fd_sc_hd__clkbuf_16)
                                                         clknet_1_0__leaf_clk_i (net)
                      0.165221    0.014072   20.518995 ^ u_sram/clk0 (sky130_sram_1kbyte_1rw1r_32x256_8)
                                 -0.250000   20.268995   clock uncertainty
                                  0.000000   20.268995   clock reconvergence pessimism
                                 -0.103000   20.165997   library setup time
                                             20.165997   data required time
---------------------------------------------------------------------------------------------
                                             20.165997   data required time
                                             -3.059177   data arrival time
---------------------------------------------------------------------------------------------
                                             17.106817   slack (MET)


Startpoint: axi_wvalid_i (input port clocked by clk_i)
Endpoint: _45_ (rising edge-triggered flip-flop clocked by clk_i)
Path Group: clk_i
Path Type: max

Fanout         Cap        Slew       Delay        Time   Description
---------------------------------------------------------------------------------------------
                                  0.000000    0.000000   clock clk_i (rise edge)
                                  0.000000    0.000000   clock network delay (propagated)
                                  2.000000    2.000000 ^ input external delay
     2    0.008620    0.000000    0.000000    2.000000 ^ axi_wvalid_i (in)
                                                         axi_wvalid_i (net)
                      0.000053    0.000026    2.000026 ^ _22_/B (sky130_fd_sc_hd__nand2_2)
    11    0.053784    0.450462    0.360568    2.360595 v _22_/Y (sky130_fd_sc_hd__nand2_2)
                                                         _07_ (net)
                      0.450467    0.001266    2.361861 v _31_/A3 (sky130_fd_sc_hd__a31o_2)
     1    0.006732    0.081496    0.628564    2.990424 v _31_/X (sky130_fd_sc_hd__a31o_2)
                                                         _01_ (net)
                      0.081496    0.000170    2.990594 v _45_/D (sky130_fd_sc_hd__dfstp_2)
                                              2.990594   data arrival time

                                 20.000000   20.000000   clock clk_i (rise edge)
                                  0.000000   20.000000   clock source latency
     2    0.073694    0.000000    0.000000   20.000000 ^ clk_i (in)
                                                         clk_i (net)
                      0.005402    0.002702   20.002703 ^ clkbuf_regs_0_clk_i/A (sky130_fd_sc_hd__clkbuf_16)
     1    0.008368    0.052169    0.176431   20.179134 ^ clkbuf_regs_0_clk_i/X (sky130_fd_sc_hd__clkbuf_16)
                                                         clk_i_regs (net)
                      0.052169    0.000089   20.179222 ^ clkbuf_0_clk_i_regs/A (sky130_fd_sc_hd__clkbuf_16)
     2    0.018710    0.065828    0.211749   20.390972 ^ clkbuf_0_clk_i_regs/X (sky130_fd_sc_hd__clkbuf_16)
                                                         clknet_0_clk_i_regs (net)
                      0.065828    0.000156   20.391127 ^ clkbuf_1_0__f_clk_i_regs/A (sky130_fd_sc_hd__clkbuf_16)
     2    0.004874    0.047631    0.196001   20.587130 ^ clkbuf_1_0__f_clk_i_regs/X (sky130_fd_sc_hd__clkbuf_16)
                                                         clknet_1_0__leaf_clk_i_regs (net)
                      0.047631    0.000052   20.587181 ^ _45_/CLK (sky130_fd_sc_hd__dfstp_2)
                                 -0.250000   20.337181   clock uncertainty
                                  0.000000   20.337181   clock reconvergence pessimism
                                 -0.167125   20.170057   library setup time
                                             20.170057   data required time
---------------------------------------------------------------------------------------------
                                             20.170057   data required time
                                             -2.990594   data arrival time
---------------------------------------------------------------------------------------------
                                             17.179462   slack (MET)


Startpoint: axi_wdata_i[10] (input port clocked by clk_i)
Endpoint: u_sram (falling edge-triggered flip-flop clocked by clk_i)
Path Group: clk_i
Path Type: max

Fanout         Cap        Slew       Delay        Time   Description
---------------------------------------------------------------------------------------------
                                  0.000000    0.000000   clock clk_i (rise edge)
                                  0.000000    0.000000   clock network delay (propagated)
                                  2.000000    2.000000 ^ input external delay
     1    0.015266    0.000000    0.000000    2.000000 ^ axi_wdata_i[10] (in)
                                                         axi_wdata_i[10] (net)
                      0.001871    0.000443    2.000443 ^ u_sram/din0[10] (sky130_sram_1kbyte_1rw1r_32x256_8)
                                              2.000443   data arrival time

                                 20.000000   20.000000   clock clk_i (rise edge)
                                  0.000000   20.000000   clock source latency
     2    0.073694    0.000000    0.000000   20.000000 ^ clk_i (in)
                                                         clk_i (net)
                      0.008592    0.004295   20.004295 ^ clkbuf_0_clk_i/A (sky130_fd_sc_hd__clkbuf_16)
     2    0.038551    0.092291    0.220696   20.224993 ^ clkbuf_0_clk_i/X (sky130_fd_sc_hd__clkbuf_16)
                                                         clknet_0_clk_i (net)
                      0.092306    0.001203   20.226194 ^ clkbuf_1_0__f_clk_i/A (sky130_fd_sc_hd__clkbuf_16)
     1    0.060543    0.121212    0.278728   20.504923 ^ clkbuf_1_0__f_clk_i/X (sky130_fd_sc_hd__clkbuf_16)
                                                         clknet_1_0__leaf_clk_i (net)
                      0.165221    0.014072   20.518995 ^ u_sram/clk0 (sky130_sram_1kbyte_1rw1r_32x256_8)
                                 -0.250000   20.268995   clock uncertainty
                                  0.000000   20.268995   clock reconvergence pessimism
                                 -0.103000   20.165997   library setup time
                                             20.165997   data required time
---------------------------------------------------------------------------------------------
                                             20.165997   data required time
                                             -2.000443   data arrival time
---------------------------------------------------------------------------------------------
                                             18.165554   slack (MET)


Startpoint: axi_wdata_i[11] (input port clocked by clk_i)
Endpoint: u_sram (falling edge-triggered flip-flop clocked by clk_i)
Path Group: clk_i
Path Type: max

Fanout         Cap        Slew       Delay        Time   Description
---------------------------------------------------------------------------------------------
                                  0.000000    0.000000   clock clk_i (rise edge)
                                  0.000000    0.000000   clock network delay (propagated)
                                  2.000000    2.000000 ^ input external delay
     1    0.015299    0.000000    0.000000    2.000000 ^ axi_wdata_i[11] (in)
                                                         axi_wdata_i[11] (net)
                      0.001891    0.000447    2.000448 ^ u_sram/din0[11] (sky130_sram_1kbyte_1rw1r_32x256_8)
                                              2.000448   data arrival time

                                 20.000000   20.000000   clock clk_i (rise edge)
                                  0.000000   20.000000   clock source latency
     2    0.073694    0.000000    0.000000   20.000000 ^ clk_i (in)
                                                         clk_i (net)
                      0.008592    0.004295   20.004295 ^ clkbuf_0_clk_i/A (sky130_fd_sc_hd__clkbuf_16)
     2    0.038551    0.092291    0.220696   20.224993 ^ clkbuf_0_clk_i/X (sky130_fd_sc_hd__clkbuf_16)
                                                         clknet_0_clk_i (net)
                      0.092306    0.001203   20.226194 ^ clkbuf_1_0__f_clk_i/A (sky130_fd_sc_hd__clkbuf_16)
     1    0.060543    0.121212    0.278728   20.504923 ^ clkbuf_1_0__f_clk_i/X (sky130_fd_sc_hd__clkbuf_16)
                                                         clknet_1_0__leaf_clk_i (net)
                      0.165221    0.014072   20.518995 ^ u_sram/clk0 (sky130_sram_1kbyte_1rw1r_32x256_8)
                                 -0.250000   20.268995   clock uncertainty
                                  0.000000   20.268995   clock reconvergence pessimism
                                 -0.103000   20.165997   library setup time
                                             20.165997   data required time
---------------------------------------------------------------------------------------------
                                             20.165997   data required time
                                             -2.000448   data arrival time
---------------------------------------------------------------------------------------------
                                             18.165548   slack (MET)


Startpoint: axi_wdata_i[12] (input port clocked by clk_i)
Endpoint: u_sram (falling edge-triggered flip-flop clocked by clk_i)
Path Group: clk_i
Path Type: max

Fanout         Cap        Slew       Delay        Time   Description
---------------------------------------------------------------------------------------------
                                  0.000000    0.000000   clock clk_i (rise edge)
                                  0.000000    0.000000   clock network delay (propagated)
                                  2.000000    2.000000 ^ input external delay
     1    0.015228    0.000000    0.000000    2.000000 ^ axi_wdata_i[12] (in)
                                                         axi_wdata_i[12] (net)
                      0.001863    0.000441    2.000441 ^ u_sram/din0[12] (sky130_sram_1kbyte_1rw1r_32x256_8)
                                              2.000441   data arrival time

                                 20.000000   20.000000   clock clk_i (rise edge)
                                  0.000000   20.000000   clock source latency
     2    0.073694    0.000000    0.000000   20.000000 ^ clk_i (in)
                                                         clk_i (net)
                      0.008592    0.004295   20.004295 ^ clkbuf_0_clk_i/A (sky130_fd_sc_hd__clkbuf_16)
     2    0.038551    0.092291    0.220696   20.224993 ^ clkbuf_0_clk_i/X (sky130_fd_sc_hd__clkbuf_16)
                                                         clknet_0_clk_i (net)
                      0.092306    0.001203   20.226194 ^ clkbuf_1_0__f_clk_i/A (sky130_fd_sc_hd__clkbuf_16)
     1    0.060543    0.121212    0.278728   20.504923 ^ clkbuf_1_0__f_clk_i/X (sky130_fd_sc_hd__clkbuf_16)
                                                         clknet_1_0__leaf_clk_i (net)
                      0.165221    0.014072   20.518995 ^ u_sram/clk0 (sky130_sram_1kbyte_1rw1r_32x256_8)
                                 -0.250000   20.268995   clock uncertainty
                                  0.000000   20.268995   clock reconvergence pessimism
                                 -0.103000   20.165997   library setup time
                                             20.165997   data required time
---------------------------------------------------------------------------------------------
                                             20.165997   data required time
                                             -2.000441   data arrival time
---------------------------------------------------------------------------------------------
                                             18.165554   slack (MET)


Startpoint: axi_wdata_i[13] (input port clocked by clk_i)
Endpoint: u_sram (falling edge-triggered flip-flop clocked by clk_i)
Path Group: clk_i
Path Type: max

Fanout         Cap        Slew       Delay        Time   Description
---------------------------------------------------------------------------------------------
                                  0.000000    0.000000   clock clk_i (rise edge)
                                  0.000000    0.000000   clock network delay (propagated)
                                  2.000000    2.000000 ^ input external delay
     1    0.015234    0.000000    0.000000    2.000000 ^ axi_wdata_i[13] (in)
                                                         axi_wdata_i[13] (net)
                      0.001865    0.000441    2.000441 ^ u_sram/din0[13] (sky130_sram_1kbyte_1rw1r_32x256_8)
                                              2.000441   data arrival time

                                 20.000000   20.000000   clock clk_i (rise edge)
                                  0.000000   20.000000   clock source latency
     2    0.073694    0.000000    0.000000   20.000000 ^ clk_i (in)
                                                         clk_i (net)
                      0.008592    0.004295   20.004295 ^ clkbuf_0_clk_i/A (sky130_fd_sc_hd__clkbuf_16)
     2    0.038551    0.092291    0.220696   20.224993 ^ clkbuf_0_clk_i/X (sky130_fd_sc_hd__clkbuf_16)
                                                         clknet_0_clk_i (net)
                      0.092306    0.001203   20.226194 ^ clkbuf_1_0__f_clk_i/A (sky130_fd_sc_hd__clkbuf_16)
     1    0.060543    0.121212    0.278728   20.504923 ^ clkbuf_1_0__f_clk_i/X (sky130_fd_sc_hd__clkbuf_16)
                                                         clknet_1_0__leaf_clk_i (net)
                      0.165221    0.014072   20.518995 ^ u_sram/clk0 (sky130_sram_1kbyte_1rw1r_32x256_8)
                                 -0.250000   20.268995   clock uncertainty
                                  0.000000   20.268995   clock reconvergence pessimism
                                 -0.103000   20.165997   library setup time
                                             20.165997   data required time
---------------------------------------------------------------------------------------------
                                             20.165997   data required time
                                             -2.000441   data arrival time
---------------------------------------------------------------------------------------------
                                             18.165554   slack (MET)


Startpoint: axi_wdata_i[14] (input port clocked by clk_i)
Endpoint: u_sram (falling edge-triggered flip-flop clocked by clk_i)
Path Group: clk_i
Path Type: max

Fanout         Cap        Slew       Delay        Time   Description
---------------------------------------------------------------------------------------------
                                  0.000000    0.000000   clock clk_i (rise edge)
                                  0.000000    0.000000   clock network delay (propagated)
                                  2.000000    2.000000 ^ input external delay
     1    0.015250    0.000000    0.000000    2.000000 ^ axi_wdata_i[14] (in)
                                                         axi_wdata_i[14] (net)
                      0.001867    0.000442    2.000442 ^ u_sram/din0[14] (sky130_sram_1kbyte_1rw1r_32x256_8)
                                              2.000442   data arrival time

                                 20.000000   20.000000   clock clk_i (rise edge)
                                  0.000000   20.000000   clock source latency
     2    0.073694    0.000000    0.000000   20.000000 ^ clk_i (in)
                                                         clk_i (net)
                      0.008592    0.004295   20.004295 ^ clkbuf_0_clk_i/A (sky130_fd_sc_hd__clkbuf_16)
     2    0.038551    0.092291    0.220696   20.224993 ^ clkbuf_0_clk_i/X (sky130_fd_sc_hd__clkbuf_16)
                                                         clknet_0_clk_i (net)
                      0.092306    0.001203   20.226194 ^ clkbuf_1_0__f_clk_i/A (sky130_fd_sc_hd__clkbuf_16)
     1    0.060543    0.121212    0.278728   20.504923 ^ clkbuf_1_0__f_clk_i/X (sky130_fd_sc_hd__clkbuf_16)
                                                         clknet_1_0__leaf_clk_i (net)
                      0.165221    0.014072   20.518995 ^ u_sram/clk0 (sky130_sram_1kbyte_1rw1r_32x256_8)
                                 -0.250000   20.268995   clock uncertainty
                                  0.000000   20.268995   clock reconvergence pessimism
                                 -0.103000   20.165997   library setup time
                                             20.165997   data required time
---------------------------------------------------------------------------------------------
                                             20.165997   data required time
                                             -2.000442   data arrival time
---------------------------------------------------------------------------------------------
                                             18.165554   slack (MET)


Startpoint: axi_wdata_i[23] (input port clocked by clk_i)
Endpoint: u_sram (falling edge-triggered flip-flop clocked by clk_i)
Path Group: clk_i
Path Type: max

Fanout         Cap        Slew       Delay        Time   Description
---------------------------------------------------------------------------------------------
                                  0.000000    0.000000   clock clk_i (rise edge)
                                  0.000000    0.000000   clock network delay (propagated)
                                  2.000000    2.000000 ^ input external delay
     1    0.015058    0.000000    0.000000    2.000000 ^ axi_wdata_i[23] (in)
                                                         axi_wdata_i[23] (net)
                      0.001840    0.000435    2.000435 ^ u_sram/din0[23] (sky130_sram_1kbyte_1rw1r_32x256_8)
                                              2.000435   data arrival time

                                 20.000000   20.000000   clock clk_i (rise edge)
                                  0.000000   20.000000   clock source latency
     2    0.073694    0.000000    0.000000   20.000000 ^ clk_i (in)
                                                         clk_i (net)
                      0.008592    0.004295   20.004295 ^ clkbuf_0_clk_i/A (sky130_fd_sc_hd__clkbuf_16)
     2    0.038551    0.092291    0.220696   20.224993 ^ clkbuf_0_clk_i/X (sky130_fd_sc_hd__clkbuf_16)
                                                         clknet_0_clk_i (net)
                      0.092306    0.001203   20.226194 ^ clkbuf_1_0__f_clk_i/A (sky130_fd_sc_hd__clkbuf_16)
     1    0.060543    0.121212    0.278728   20.504923 ^ clkbuf_1_0__f_clk_i/X (sky130_fd_sc_hd__clkbuf_16)
                                                         clknet_1_0__leaf_clk_i (net)
                      0.165221    0.014072   20.518995 ^ u_sram/clk0 (sky130_sram_1kbyte_1rw1r_32x256_8)
                                 -0.250000   20.268995   clock uncertainty
                                  0.000000   20.268995   clock reconvergence pessimism
                                 -0.103000   20.165997   library setup time
                                             20.165997   data required time
---------------------------------------------------------------------------------------------
                                             20.165997   data required time
                                             -2.000435   data arrival time
---------------------------------------------------------------------------------------------
                                             18.165560   slack (MET)


Startpoint: axi_wdata_i[25] (input port clocked by clk_i)
Endpoint: u_sram (falling edge-triggered flip-flop clocked by clk_i)
Path Group: clk_i
Path Type: max

Fanout         Cap        Slew       Delay        Time   Description
---------------------------------------------------------------------------------------------
                                  0.000000    0.000000   clock clk_i (rise edge)
                                  0.000000    0.000000   clock network delay (propagated)
                                  2.000000    2.000000 ^ input external delay
     1    0.015498    0.000000    0.000000    2.000000 ^ axi_wdata_i[25] (in)
                                                         axi_wdata_i[25] (net)
                      0.001905    0.000451    2.000451 ^ u_sram/din0[25] (sky130_sram_1kbyte_1rw1r_32x256_8)
                                              2.000451   data arrival time

                                 20.000000   20.000000   clock clk_i (rise edge)
                                  0.000000   20.000000   clock source latency
     2    0.073694    0.000000    0.000000   20.000000 ^ clk_i (in)
                                                         clk_i (net)
                      0.008592    0.004295   20.004295 ^ clkbuf_0_clk_i/A (sky130_fd_sc_hd__clkbuf_16)
     2    0.038551    0.092291    0.220696   20.224993 ^ clkbuf_0_clk_i/X (sky130_fd_sc_hd__clkbuf_16)
                                                         clknet_0_clk_i (net)
                      0.092306    0.001203   20.226194 ^ clkbuf_1_0__f_clk_i/A (sky130_fd_sc_hd__clkbuf_16)
     1    0.060543    0.121212    0.278728   20.504923 ^ clkbuf_1_0__f_clk_i/X (sky130_fd_sc_hd__clkbuf_16)
                                                         clknet_1_0__leaf_clk_i (net)
                      0.165221    0.014072   20.518995 ^ u_sram/clk0 (sky130_sram_1kbyte_1rw1r_32x256_8)
                                 -0.250000   20.268995   clock uncertainty
                                  0.000000   20.268995   clock reconvergence pessimism
                                 -0.103000   20.165997   library setup time
                                             20.165997   data required time
---------------------------------------------------------------------------------------------
                                             20.165997   data required time
                                             -2.000451   data arrival time
---------------------------------------------------------------------------------------------
                                             18.165545   slack (MET)


Startpoint: axi_wdata_i[27] (input port clocked by clk_i)
Endpoint: u_sram (falling edge-triggered flip-flop clocked by clk_i)
Path Group: clk_i
Path Type: max

Fanout         Cap        Slew       Delay        Time   Description
---------------------------------------------------------------------------------------------
                                  0.000000    0.000000   clock clk_i (rise edge)
                                  0.000000    0.000000   clock network delay (propagated)
                                  2.000000    2.000000 ^ input external delay
     1    0.015298    0.000000    0.000000    2.000000 ^ axi_wdata_i[27] (in)
                                                         axi_wdata_i[27] (net)
                      0.001891    0.000447    2.000448 ^ u_sram/din0[27] (sky130_sram_1kbyte_1rw1r_32x256_8)
                                              2.000448   data arrival time

                                 20.000000   20.000000   clock clk_i (rise edge)
                                  0.000000   20.000000   clock source latency
     2    0.073694    0.000000    0.000000   20.000000 ^ clk_i (in)
                                                         clk_i (net)
                      0.008592    0.004295   20.004295 ^ clkbuf_0_clk_i/A (sky130_fd_sc_hd__clkbuf_16)
     2    0.038551    0.092291    0.220696   20.224993 ^ clkbuf_0_clk_i/X (sky130_fd_sc_hd__clkbuf_16)
                                                         clknet_0_clk_i (net)
                      0.092306    0.001203   20.226194 ^ clkbuf_1_0__f_clk_i/A (sky130_fd_sc_hd__clkbuf_16)
     1    0.060543    0.121212    0.278728   20.504923 ^ clkbuf_1_0__f_clk_i/X (sky130_fd_sc_hd__clkbuf_16)
                                                         clknet_1_0__leaf_clk_i (net)
                      0.165221    0.014072   20.518995 ^ u_sram/clk0 (sky130_sram_1kbyte_1rw1r_32x256_8)
                                 -0.250000   20.268995   clock uncertainty
                                  0.000000   20.268995   clock reconvergence pessimism
                                 -0.103000   20.165997   library setup time
                                             20.165997   data required time
---------------------------------------------------------------------------------------------
                                             20.165997   data required time
                                             -2.000448   data arrival time
---------------------------------------------------------------------------------------------
                                             18.165548   slack (MET)


Startpoint: axi_wdata_i[9] (input port clocked by clk_i)
Endpoint: u_sram (falling edge-triggered flip-flop clocked by clk_i)
Path Group: clk_i
Path Type: max

Fanout         Cap        Slew       Delay        Time   Description
---------------------------------------------------------------------------------------------
                                  0.000000    0.000000   clock clk_i (rise edge)
                                  0.000000    0.000000   clock network delay (propagated)
                                  2.000000    2.000000 ^ input external delay
     1    0.015250    0.000000    0.000000    2.000000 ^ axi_wdata_i[9] (in)
                                                         axi_wdata_i[9] (net)
                      0.001867    0.000442    2.000442 ^ u_sram/din0[9] (sky130_sram_1kbyte_1rw1r_32x256_8)
                                              2.000442   data arrival time

                                 20.000000   20.000000   clock clk_i (rise edge)
                                  0.000000   20.000000   clock source latency
     2    0.073694    0.000000    0.000000   20.000000 ^ clk_i (in)
                                                         clk_i (net)
                      0.008592    0.004295   20.004295 ^ clkbuf_0_clk_i/A (sky130_fd_sc_hd__clkbuf_16)
     2    0.038551    0.092291    0.220696   20.224993 ^ clkbuf_0_clk_i/X (sky130_fd_sc_hd__clkbuf_16)
                                                         clknet_0_clk_i (net)
                      0.092306    0.001203   20.226194 ^ clkbuf_1_0__f_clk_i/A (sky130_fd_sc_hd__clkbuf_16)
     1    0.060543    0.121212    0.278728   20.504923 ^ clkbuf_1_0__f_clk_i/X (sky130_fd_sc_hd__clkbuf_16)
                                                         clknet_1_0__leaf_clk_i (net)
                      0.165221    0.014072   20.518995 ^ u_sram/clk0 (sky130_sram_1kbyte_1rw1r_32x256_8)
                                 -0.250000   20.268995   clock uncertainty
                                  0.000000   20.268995   clock reconvergence pessimism
                                 -0.103000   20.165997   library setup time
                                             20.165997   data required time
---------------------------------------------------------------------------------------------
                                             20.165997   data required time
                                             -2.000442   data arrival time
---------------------------------------------------------------------------------------------
                                             18.165554   slack (MET)


Startpoint: axi_wdata_i[16] (input port clocked by clk_i)
Endpoint: u_sram (falling edge-triggered flip-flop clocked by clk_i)
Path Group: clk_i
Path Type: max

Fanout         Cap        Slew       Delay        Time   Description
---------------------------------------------------------------------------------------------
                                  0.000000    0.000000   clock clk_i (rise edge)
                                  0.000000    0.000000   clock network delay (propagated)
                                  2.000000    2.000000 ^ input external delay
     1    0.014487    0.000000    0.000000    2.000000 ^ axi_wdata_i[16] (in)
                                                         axi_wdata_i[16] (net)
                      0.001741    0.000412    2.000412 ^ u_sram/din0[16] (sky130_sram_1kbyte_1rw1r_32x256_8)
                                              2.000412   data arrival time

                                 20.000000   20.000000   clock clk_i (rise edge)
                                  0.000000   20.000000   clock source latency
     2    0.073694    0.000000    0.000000   20.000000 ^ clk_i (in)
                                                         clk_i (net)
                      0.008592    0.004295   20.004295 ^ clkbuf_0_clk_i/A (sky130_fd_sc_hd__clkbuf_16)
     2    0.038551    0.092291    0.220696   20.224993 ^ clkbuf_0_clk_i/X (sky130_fd_sc_hd__clkbuf_16)
                                                         clknet_0_clk_i (net)
                      0.092306    0.001203   20.226194 ^ clkbuf_1_0__f_clk_i/A (sky130_fd_sc_hd__clkbuf_16)
     1    0.060543    0.121212    0.278728   20.504923 ^ clkbuf_1_0__f_clk_i/X (sky130_fd_sc_hd__clkbuf_16)
                                                         clknet_1_0__leaf_clk_i (net)
                      0.165221    0.014072   20.518995 ^ u_sram/clk0 (sky130_sram_1kbyte_1rw1r_32x256_8)
                                 -0.250000   20.268995   clock uncertainty
                                  0.000000   20.268995   clock reconvergence pessimism
                                 -0.103000   20.165997   library setup time
                                             20.165997   data required time
---------------------------------------------------------------------------------------------
                                             20.165997   data required time
                                             -2.000412   data arrival time
---------------------------------------------------------------------------------------------
                                             18.165583   slack (MET)


Startpoint: axi_wdata_i[17] (input port clocked by clk_i)
Endpoint: u_sram (falling edge-triggered flip-flop clocked by clk_i)
Path Group: clk_i
Path Type: max

Fanout         Cap        Slew       Delay        Time   Description
---------------------------------------------------------------------------------------------
                                  0.000000    0.000000   clock clk_i (rise edge)
                                  0.000000    0.000000   clock network delay (propagated)
                                  2.000000    2.000000 ^ input external delay
     1    0.014483    0.000000    0.000000    2.000000 ^ axi_wdata_i[17] (in)
                                                         axi_wdata_i[17] (net)
                      0.001741    0.000412    2.000412 ^ u_sram/din0[17] (sky130_sram_1kbyte_1rw1r_32x256_8)
                                              2.000412   data arrival time

                                 20.000000   20.000000   clock clk_i (rise edge)
                                  0.000000   20.000000   clock source latency
     2    0.073694    0.000000    0.000000   20.000000 ^ clk_i (in)
                                                         clk_i (net)
                      0.008592    0.004295   20.004295 ^ clkbuf_0_clk_i/A (sky130_fd_sc_hd__clkbuf_16)
     2    0.038551    0.092291    0.220696   20.224993 ^ clkbuf_0_clk_i/X (sky130_fd_sc_hd__clkbuf_16)
                                                         clknet_0_clk_i (net)
                      0.092306    0.001203   20.226194 ^ clkbuf_1_0__f_clk_i/A (sky130_fd_sc_hd__clkbuf_16)
     1    0.060543    0.121212    0.278728   20.504923 ^ clkbuf_1_0__f_clk_i/X (sky130_fd_sc_hd__clkbuf_16)
                                                         clknet_1_0__leaf_clk_i (net)
                      0.165221    0.014072   20.518995 ^ u_sram/clk0 (sky130_sram_1kbyte_1rw1r_32x256_8)
                                 -0.250000   20.268995   clock uncertainty
                                  0.000000   20.268995   clock reconvergence pessimism
                                 -0.103000   20.165997   library setup time
                                             20.165997   data required time
---------------------------------------------------------------------------------------------
                                             20.165997   data required time
                                             -2.000412   data arrival time
---------------------------------------------------------------------------------------------
                                             18.165583   slack (MET)


Startpoint: axi_wdata_i[18] (input port clocked by clk_i)
Endpoint: u_sram (falling edge-triggered flip-flop clocked by clk_i)
Path Group: clk_i
Path Type: max

Fanout         Cap        Slew       Delay        Time   Description
---------------------------------------------------------------------------------------------
                                  0.000000    0.000000   clock clk_i (rise edge)
                                  0.000000    0.000000   clock network delay (propagated)
                                  2.000000    2.000000 ^ input external delay
     1    0.014501    0.000000    0.000000    2.000000 ^ axi_wdata_i[18] (in)
                                                         axi_wdata_i[18] (net)
                      0.001743    0.000413    2.000412 ^ u_sram/din0[18] (sky130_sram_1kbyte_1rw1r_32x256_8)
                                              2.000412   data arrival time

                                 20.000000   20.000000   clock clk_i (rise edge)
                                  0.000000   20.000000   clock source latency
     2    0.073694    0.000000    0.000000   20.000000 ^ clk_i (in)
                                                         clk_i (net)
                      0.008592    0.004295   20.004295 ^ clkbuf_0_clk_i/A (sky130_fd_sc_hd__clkbuf_16)
     2    0.038551    0.092291    0.220696   20.224993 ^ clkbuf_0_clk_i/X (sky130_fd_sc_hd__clkbuf_16)
                                                         clknet_0_clk_i (net)
                      0.092306    0.001203   20.226194 ^ clkbuf_1_0__f_clk_i/A (sky130_fd_sc_hd__clkbuf_16)
     1    0.060543    0.121212    0.278728   20.504923 ^ clkbuf_1_0__f_clk_i/X (sky130_fd_sc_hd__clkbuf_16)
                                                         clknet_1_0__leaf_clk_i (net)
                      0.165221    0.014072   20.518995 ^ u_sram/clk0 (sky130_sram_1kbyte_1rw1r_32x256_8)
                                 -0.250000   20.268995   clock uncertainty
                                  0.000000   20.268995   clock reconvergence pessimism
                                 -0.103000   20.165997   library setup time
                                             20.165997   data required time
---------------------------------------------------------------------------------------------
                                             20.165997   data required time
                                             -2.000412   data arrival time
---------------------------------------------------------------------------------------------
                                             18.165583   slack (MET)


Startpoint: axi_wdata_i[19] (input port clocked by clk_i)
Endpoint: u_sram (falling edge-triggered flip-flop clocked by clk_i)
Path Group: clk_i
Path Type: max

Fanout         Cap        Slew       Delay        Time   Description
---------------------------------------------------------------------------------------------
                                  0.000000    0.000000   clock clk_i (rise edge)
                                  0.000000    0.000000   clock network delay (propagated)
                                  2.000000    2.000000 ^ input external delay
     1    0.014580    0.000000    0.000000    2.000000 ^ axi_wdata_i[19] (in)
                                                         axi_wdata_i[19] (net)
                      0.001770    0.000419    2.000419 ^ u_sram/din0[19] (sky130_sram_1kbyte_1rw1r_32x256_8)
                                              2.000419   data arrival time

                                 20.000000   20.000000   clock clk_i (rise edge)
                                  0.000000   20.000000   clock source latency
     2    0.073694    0.000000    0.000000   20.000000 ^ clk_i (in)
                                                         clk_i (net)
                      0.008592    0.004295   20.004295 ^ clkbuf_0_clk_i/A (sky130_fd_sc_hd__clkbuf_16)
     2    0.038551    0.092291    0.220696   20.224993 ^ clkbuf_0_clk_i/X (sky130_fd_sc_hd__clkbuf_16)
                                                         clknet_0_clk_i (net)
                      0.092306    0.001203   20.226194 ^ clkbuf_1_0__f_clk_i/A (sky130_fd_sc_hd__clkbuf_16)
     1    0.060543    0.121212    0.278728   20.504923 ^ clkbuf_1_0__f_clk_i/X (sky130_fd_sc_hd__clkbuf_16)
                                                         clknet_1_0__leaf_clk_i (net)
                      0.165221    0.014072   20.518995 ^ u_sram/clk0 (sky130_sram_1kbyte_1rw1r_32x256_8)
                                 -0.250000   20.268995   clock uncertainty
                                  0.000000   20.268995   clock reconvergence pessimism
                                 -0.103000   20.165997   library setup time
                                             20.165997   data required time
---------------------------------------------------------------------------------------------
                                             20.165997   data required time
                                             -2.000419   data arrival time
---------------------------------------------------------------------------------------------
                                             18.165577   slack (MET)


Startpoint: axi_wdata_i[21] (input port clocked by clk_i)
Endpoint: u_sram (falling edge-triggered flip-flop clocked by clk_i)
Path Group: clk_i
Path Type: max

Fanout         Cap        Slew       Delay        Time   Description
---------------------------------------------------------------------------------------------
                                  0.000000    0.000000   clock clk_i (rise edge)
                                  0.000000    0.000000   clock network delay (propagated)
                                  2.000000    2.000000 ^ input external delay
     1    0.015002    0.000000    0.000000    2.000000 ^ axi_wdata_i[21] (in)
                                                         axi_wdata_i[21] (net)
                      0.001817    0.000430    2.000430 ^ u_sram/din0[21] (sky130_sram_1kbyte_1rw1r_32x256_8)
                                              2.000430   data arrival time

                                 20.000000   20.000000   clock clk_i (rise edge)
                                  0.000000   20.000000   clock source latency
     2    0.073694    0.000000    0.000000   20.000000 ^ clk_i (in)
                                                         clk_i (net)
                      0.008592    0.004295   20.004295 ^ clkbuf_0_clk_i/A (sky130_fd_sc_hd__clkbuf_16)
     2    0.038551    0.092291    0.220696   20.224993 ^ clkbuf_0_clk_i/X (sky130_fd_sc_hd__clkbuf_16)
                                                         clknet_0_clk_i (net)
                      0.092306    0.001203   20.226194 ^ clkbuf_1_0__f_clk_i/A (sky130_fd_sc_hd__clkbuf_16)
     1    0.060543    0.121212    0.278728   20.504923 ^ clkbuf_1_0__f_clk_i/X (sky130_fd_sc_hd__clkbuf_16)
                                                         clknet_1_0__leaf_clk_i (net)
                      0.165221    0.014072   20.518995 ^ u_sram/clk0 (sky130_sram_1kbyte_1rw1r_32x256_8)
                                 -0.250000   20.268995   clock uncertainty
                                  0.000000   20.268995   clock reconvergence pessimism
                                 -0.103000   20.165997   library setup time
                                             20.165997   data required time
---------------------------------------------------------------------------------------------
                                             20.165997   data required time
                                             -2.000430   data arrival time
---------------------------------------------------------------------------------------------
                                             18.165565   slack (MET)


Startpoint: axi_wdata_i[22] (input port clocked by clk_i)
Endpoint: u_sram (falling edge-triggered flip-flop clocked by clk_i)
Path Group: clk_i
Path Type: max

Fanout         Cap        Slew       Delay        Time   Description
---------------------------------------------------------------------------------------------
                                  0.000000    0.000000   clock clk_i (rise edge)
                                  0.000000    0.000000   clock network delay (propagated)
                                  2.000000    2.000000 ^ input external delay
     1    0.014501    0.000000    0.000000    2.000000 ^ axi_wdata_i[22] (in)
                                                         axi_wdata_i[22] (net)
                      0.001743    0.000412    2.000412 ^ u_sram/din0[22] (sky130_sram_1kbyte_1rw1r_32x256_8)
                                              2.000412   data arrival time

                                 20.000000   20.000000   clock clk_i (rise edge)
                                  0.000000   20.000000   clock source latency
     2    0.073694    0.000000    0.000000   20.000000 ^ clk_i (in)
                                                         clk_i (net)
                      0.008592    0.004295   20.004295 ^ clkbuf_0_clk_i/A (sky130_fd_sc_hd__clkbuf_16)
     2    0.038551    0.092291    0.220696   20.224993 ^ clkbuf_0_clk_i/X (sky130_fd_sc_hd__clkbuf_16)
                                                         clknet_0_clk_i (net)
                      0.092306    0.001203   20.226194 ^ clkbuf_1_0__f_clk_i/A (sky130_fd_sc_hd__clkbuf_16)
     1    0.060543    0.121212    0.278728   20.504923 ^ clkbuf_1_0__f_clk_i/X (sky130_fd_sc_hd__clkbuf_16)
                                                         clknet_1_0__leaf_clk_i (net)
                      0.165221    0.014072   20.518995 ^ u_sram/clk0 (sky130_sram_1kbyte_1rw1r_32x256_8)
                                 -0.250000   20.268995   clock uncertainty
                                  0.000000   20.268995   clock reconvergence pessimism
                                 -0.103000   20.165997   library setup time
                                             20.165997   data required time
---------------------------------------------------------------------------------------------
                                             20.165997   data required time
                                             -2.000412   data arrival time
---------------------------------------------------------------------------------------------
                                             18.165583   slack (MET)


Startpoint: axi_wdata_i[26] (input port clocked by clk_i)
Endpoint: u_sram (falling edge-triggered flip-flop clocked by clk_i)
Path Group: clk_i
Path Type: max

Fanout         Cap        Slew       Delay        Time   Description
---------------------------------------------------------------------------------------------
                                  0.000000    0.000000   clock clk_i (rise edge)
                                  0.000000    0.000000   clock network delay (propagated)
                                  2.000000    2.000000 ^ input external delay
     1    0.014520    0.000000    0.000000    2.000000 ^ axi_wdata_i[26] (in)
                                                         axi_wdata_i[26] (net)
                      0.001746    0.000413    2.000413 ^ u_sram/din0[26] (sky130_sram_1kbyte_1rw1r_32x256_8)
                                              2.000413   data arrival time

                                 20.000000   20.000000   clock clk_i (rise edge)
                                  0.000000   20.000000   clock source latency
     2    0.073694    0.000000    0.000000   20.000000 ^ clk_i (in)
                                                         clk_i (net)
                      0.008592    0.004295   20.004295 ^ clkbuf_0_clk_i/A (sky130_fd_sc_hd__clkbuf_16)
     2    0.038551    0.092291    0.220696   20.224993 ^ clkbuf_0_clk_i/X (sky130_fd_sc_hd__clkbuf_16)
                                                         clknet_0_clk_i (net)
                      0.092306    0.001203   20.226194 ^ clkbuf_1_0__f_clk_i/A (sky130_fd_sc_hd__clkbuf_16)
     1    0.060543    0.121212    0.278728   20.504923 ^ clkbuf_1_0__f_clk_i/X (sky130_fd_sc_hd__clkbuf_16)
                                                         clknet_1_0__leaf_clk_i (net)
                      0.165221    0.014072   20.518995 ^ u_sram/clk0 (sky130_sram_1kbyte_1rw1r_32x256_8)
                                 -0.250000   20.268995   clock uncertainty
                                  0.000000   20.268995   clock reconvergence pessimism
                                 -0.103000   20.165997   library setup time
                                             20.165997   data required time
---------------------------------------------------------------------------------------------
                                             20.165997   data required time
                                             -2.000413   data arrival time
---------------------------------------------------------------------------------------------
                                             18.165583   slack (MET)


Startpoint: axi_wdata_i[28] (input port clocked by clk_i)
Endpoint: u_sram (falling edge-triggered flip-flop clocked by clk_i)
Path Group: clk_i
Path Type: max

Fanout         Cap        Slew       Delay        Time   Description
---------------------------------------------------------------------------------------------
                                  0.000000    0.000000   clock clk_i (rise edge)
                                  0.000000    0.000000   clock network delay (propagated)
                                  2.000000    2.000000 ^ input external delay
     1    0.013891    0.000000    0.000000    2.000000 ^ axi_wdata_i[28] (in)
                                                         axi_wdata_i[28] (net)
                      0.001665    0.000394    2.000394 ^ u_sram/din0[28] (sky130_sram_1kbyte_1rw1r_32x256_8)
                                              2.000394   data arrival time

                                 20.000000   20.000000   clock clk_i (rise edge)
                                  0.000000   20.000000   clock source latency
     2    0.073694    0.000000    0.000000   20.000000 ^ clk_i (in)
                                                         clk_i (net)
                      0.008592    0.004295   20.004295 ^ clkbuf_0_clk_i/A (sky130_fd_sc_hd__clkbuf_16)
     2    0.038551    0.092291    0.220696   20.224993 ^ clkbuf_0_clk_i/X (sky130_fd_sc_hd__clkbuf_16)
                                                         clknet_0_clk_i (net)
                      0.092306    0.001203   20.226194 ^ clkbuf_1_0__f_clk_i/A (sky130_fd_sc_hd__clkbuf_16)
     1    0.060543    0.121212    0.278728   20.504923 ^ clkbuf_1_0__f_clk_i/X (sky130_fd_sc_hd__clkbuf_16)
                                                         clknet_1_0__leaf_clk_i (net)
                      0.165221    0.014072   20.518995 ^ u_sram/clk0 (sky130_sram_1kbyte_1rw1r_32x256_8)
                                 -0.250000   20.268995   clock uncertainty
                                  0.000000   20.268995   clock reconvergence pessimism
                                 -0.103000   20.165997   library setup time
                                             20.165997   data required time
---------------------------------------------------------------------------------------------
                                             20.165997   data required time
                                             -2.000394   data arrival time
---------------------------------------------------------------------------------------------
                                             18.165602   slack (MET)


Startpoint: axi_wdata_i[29] (input port clocked by clk_i)
Endpoint: u_sram (falling edge-triggered flip-flop clocked by clk_i)
Path Group: clk_i
Path Type: max

Fanout         Cap        Slew       Delay        Time   Description
---------------------------------------------------------------------------------------------
                                  0.000000    0.000000   clock clk_i (rise edge)
                                  0.000000    0.000000   clock network delay (propagated)
                                  2.000000    2.000000 ^ input external delay
     1    0.014489    0.000000    0.000000    2.000000 ^ axi_wdata_i[29] (in)
                                                         axi_wdata_i[29] (net)
                      0.001741    0.000412    2.000412 ^ u_sram/din0[29] (sky130_sram_1kbyte_1rw1r_32x256_8)
                                              2.000412   data arrival time

                                 20.000000   20.000000   clock clk_i (rise edge)
                                  0.000000   20.000000   clock source latency
     2    0.073694    0.000000    0.000000   20.000000 ^ clk_i (in)
                                                         clk_i (net)
                      0.008592    0.004295   20.004295 ^ clkbuf_0_clk_i/A (sky130_fd_sc_hd__clkbuf_16)
     2    0.038551    0.092291    0.220696   20.224993 ^ clkbuf_0_clk_i/X (sky130_fd_sc_hd__clkbuf_16)
                                                         clknet_0_clk_i (net)
                      0.092306    0.001203   20.226194 ^ clkbuf_1_0__f_clk_i/A (sky130_fd_sc_hd__clkbuf_16)
     1    0.060543    0.121212    0.278728   20.504923 ^ clkbuf_1_0__f_clk_i/X (sky130_fd_sc_hd__clkbuf_16)
                                                         clknet_1_0__leaf_clk_i (net)
                      0.165221    0.014072   20.518995 ^ u_sram/clk0 (sky130_sram_1kbyte_1rw1r_32x256_8)
                                 -0.250000   20.268995   clock uncertainty
                                  0.000000   20.268995   clock reconvergence pessimism
                                 -0.103000   20.165997   library setup time
                                             20.165997   data required time
---------------------------------------------------------------------------------------------
                                             20.165997   data required time
                                             -2.000412   data arrival time
---------------------------------------------------------------------------------------------
                                             18.165583   slack (MET)


Startpoint: axi_wdata_i[6] (input port clocked by clk_i)
Endpoint: u_sram (falling edge-triggered flip-flop clocked by clk_i)
Path Group: clk_i
Path Type: max

Fanout         Cap        Slew       Delay        Time   Description
---------------------------------------------------------------------------------------------
                                  0.000000    0.000000   clock clk_i (rise edge)
                                  0.000000    0.000000   clock network delay (propagated)
                                  2.000000    2.000000 ^ input external delay
     1    0.015007    0.000000    0.000000    2.000000 ^ axi_wdata_i[6] (in)
                                                         axi_wdata_i[6] (net)
                      0.001818    0.000430    2.000430 ^ u_sram/din0[6] (sky130_sram_1kbyte_1rw1r_32x256_8)
                                              2.000430   data arrival time

                                 20.000000   20.000000   clock clk_i (rise edge)
                                  0.000000   20.000000   clock source latency
     2    0.073694    0.000000    0.000000   20.000000 ^ clk_i (in)
                                                         clk_i (net)
                      0.008592    0.004295   20.004295 ^ clkbuf_0_clk_i/A (sky130_fd_sc_hd__clkbuf_16)
     2    0.038551    0.092291    0.220696   20.224993 ^ clkbuf_0_clk_i/X (sky130_fd_sc_hd__clkbuf_16)
                                                         clknet_0_clk_i (net)
                      0.092306    0.001203   20.226194 ^ clkbuf_1_0__f_clk_i/A (sky130_fd_sc_hd__clkbuf_16)
     1    0.060543    0.121212    0.278728   20.504923 ^ clkbuf_1_0__f_clk_i/X (sky130_fd_sc_hd__clkbuf_16)
                                                         clknet_1_0__leaf_clk_i (net)
                      0.165221    0.014072   20.518995 ^ u_sram/clk0 (sky130_sram_1kbyte_1rw1r_32x256_8)
                                 -0.250000   20.268995   clock uncertainty
                                  0.000000   20.268995   clock reconvergence pessimism
                                 -0.103000   20.165997   library setup time
                                             20.165997   data required time
---------------------------------------------------------------------------------------------
                                             20.165997   data required time
                                             -2.000430   data arrival time
---------------------------------------------------------------------------------------------
                                             18.165565   slack (MET)


Startpoint: axi_wdata_i[7] (input port clocked by clk_i)
Endpoint: u_sram (falling edge-triggered flip-flop clocked by clk_i)
Path Group: clk_i
Path Type: max

Fanout         Cap        Slew       Delay        Time   Description
---------------------------------------------------------------------------------------------
                                  0.000000    0.000000   clock clk_i (rise edge)
                                  0.000000    0.000000   clock network delay (propagated)
                                  2.000000    2.000000 ^ input external delay
     1    0.015007    0.000000    0.000000    2.000000 ^ axi_wdata_i[7] (in)
                                                         axi_wdata_i[7] (net)
                      0.001818    0.000430    2.000430 ^ u_sram/din0[7] (sky130_sram_1kbyte_1rw1r_32x256_8)
                                              2.000430   data arrival time

                                 20.000000   20.000000   clock clk_i (rise edge)
                                  0.000000   20.000000   clock source latency
     2    0.073694    0.000000    0.000000   20.000000 ^ clk_i (in)
                                                         clk_i (net)
                      0.008592    0.004295   20.004295 ^ clkbuf_0_clk_i/A (sky130_fd_sc_hd__clkbuf_16)
     2    0.038551    0.092291    0.220696   20.224993 ^ clkbuf_0_clk_i/X (sky130_fd_sc_hd__clkbuf_16)
                                                         clknet_0_clk_i (net)
                      0.092306    0.001203   20.226194 ^ clkbuf_1_0__f_clk_i/A (sky130_fd_sc_hd__clkbuf_16)
     1    0.060543    0.121212    0.278728   20.504923 ^ clkbuf_1_0__f_clk_i/X (sky130_fd_sc_hd__clkbuf_16)
                                                         clknet_1_0__leaf_clk_i (net)
                      0.165221    0.014072   20.518995 ^ u_sram/clk0 (sky130_sram_1kbyte_1rw1r_32x256_8)
                                 -0.250000   20.268995   clock uncertainty
                                  0.000000   20.268995   clock reconvergence pessimism
                                 -0.103000   20.165997   library setup time
                                             20.165997   data required time
---------------------------------------------------------------------------------------------
                                             20.165997   data required time
                                             -2.000430   data arrival time
---------------------------------------------------------------------------------------------
                                             18.165565   slack (MET)


Startpoint: axi_wdata_i[8] (input port clocked by clk_i)
Endpoint: u_sram (falling edge-triggered flip-flop clocked by clk_i)
Path Group: clk_i
Path Type: max

Fanout         Cap        Slew       Delay        Time   Description
---------------------------------------------------------------------------------------------
                                  0.000000    0.000000   clock clk_i (rise edge)
                                  0.000000    0.000000   clock network delay (propagated)
                                  2.000000    2.000000 ^ input external delay
     1    0.014994    0.000000    0.000000    2.000000 ^ axi_wdata_i[8] (in)
                                                         axi_wdata_i[8] (net)
                      0.001816    0.000430    2.000430 ^ u_sram/din0[8] (sky130_sram_1kbyte_1rw1r_32x256_8)
                                              2.000430   data arrival time

                                 20.000000   20.000000   clock clk_i (rise edge)
                                  0.000000   20.000000   clock source latency
     2    0.073694    0.000000    0.000000   20.000000 ^ clk_i (in)
                                                         clk_i (net)
                      0.008592    0.004295   20.004295 ^ clkbuf_0_clk_i/A (sky130_fd_sc_hd__clkbuf_16)
     2    0.038551    0.092291    0.220696   20.224993 ^ clkbuf_0_clk_i/X (sky130_fd_sc_hd__clkbuf_16)
                                                         clknet_0_clk_i (net)
                      0.092306    0.001203   20.226194 ^ clkbuf_1_0__f_clk_i/A (sky130_fd_sc_hd__clkbuf_16)
     1    0.060543    0.121212    0.278728   20.504923 ^ clkbuf_1_0__f_clk_i/X (sky130_fd_sc_hd__clkbuf_16)
                                                         clknet_1_0__leaf_clk_i (net)
                      0.165221    0.014072   20.518995 ^ u_sram/clk0 (sky130_sram_1kbyte_1rw1r_32x256_8)
                                 -0.250000   20.268995   clock uncertainty
                                  0.000000   20.268995   clock reconvergence pessimism
                                 -0.103000   20.165997   library setup time
                                             20.165997   data required time
---------------------------------------------------------------------------------------------
                                             20.165997   data required time
                                             -2.000430   data arrival time
---------------------------------------------------------------------------------------------
                                             18.165565   slack (MET)


Startpoint: axi_wdata_i[20] (input port clocked by clk_i)
Endpoint: u_sram (falling edge-triggered flip-flop clocked by clk_i)
Path Group: clk_i
Path Type: max

Fanout         Cap        Slew       Delay        Time   Description
---------------------------------------------------------------------------------------------
                                  0.000000    0.000000   clock clk_i (rise edge)
                                  0.000000    0.000000   clock network delay (propagated)
                                  2.000000    2.000000 ^ input external delay
     1    0.014463    0.000000    0.000000    2.000000 ^ axi_wdata_i[20] (in)
                                                         axi_wdata_i[20] (net)
                      0.001737    0.000411    2.000411 ^ u_sram/din0[20] (sky130_sram_1kbyte_1rw1r_32x256_8)
                                              2.000411   data arrival time

                                 20.000000   20.000000   clock clk_i (rise edge)
                                  0.000000   20.000000   clock source latency
     2    0.073694    0.000000    0.000000   20.000000 ^ clk_i (in)
                                                         clk_i (net)
                      0.008592    0.004295   20.004295 ^ clkbuf_0_clk_i/A (sky130_fd_sc_hd__clkbuf_16)
     2    0.038551    0.092291    0.220696   20.224993 ^ clkbuf_0_clk_i/X (sky130_fd_sc_hd__clkbuf_16)
                                                         clknet_0_clk_i (net)
                      0.092306    0.001203   20.226194 ^ clkbuf_1_0__f_clk_i/A (sky130_fd_sc_hd__clkbuf_16)
     1    0.060543    0.121212    0.278728   20.504923 ^ clkbuf_1_0__f_clk_i/X (sky130_fd_sc_hd__clkbuf_16)
                                                         clknet_1_0__leaf_clk_i (net)
                      0.165221    0.014072   20.518995 ^ u_sram/clk0 (sky130_sram_1kbyte_1rw1r_32x256_8)
                                 -0.250000   20.268995   clock uncertainty
                                  0.000000   20.268995   clock reconvergence pessimism
                                 -0.103000   20.165997   library setup time
                                             20.165997   data required time
---------------------------------------------------------------------------------------------
                                             20.165997   data required time
                                             -2.000411   data arrival time
---------------------------------------------------------------------------------------------
                                             18.165585   slack (MET)


Startpoint: axi_wdata_i[0] (input port clocked by clk_i)
Endpoint: u_sram (falling edge-triggered flip-flop clocked by clk_i)
Path Group: clk_i
Path Type: max

Fanout         Cap        Slew       Delay        Time   Description
---------------------------------------------------------------------------------------------
                                  0.000000    0.000000   clock clk_i (rise edge)
                                  0.000000    0.000000   clock network delay (propagated)
                                  2.000000    2.000000 ^ input external delay
     1    0.013148    0.000000    0.000000    2.000000 ^ axi_wdata_i[0] (in)
                                                         axi_wdata_i[0] (net)
                      0.001542    0.000365    2.000365 ^ u_sram/din0[0] (sky130_sram_1kbyte_1rw1r_32x256_8)
                                              2.000365   data arrival time

                                 20.000000   20.000000   clock clk_i (rise edge)
                                  0.000000   20.000000   clock source latency
     2    0.073694    0.000000    0.000000   20.000000 ^ clk_i (in)
                                                         clk_i (net)
                      0.008592    0.004295   20.004295 ^ clkbuf_0_clk_i/A (sky130_fd_sc_hd__clkbuf_16)
     2    0.038551    0.092291    0.220696   20.224993 ^ clkbuf_0_clk_i/X (sky130_fd_sc_hd__clkbuf_16)
                                                         clknet_0_clk_i (net)
                      0.092306    0.001203   20.226194 ^ clkbuf_1_0__f_clk_i/A (sky130_fd_sc_hd__clkbuf_16)
     1    0.060543    0.121212    0.278728   20.504923 ^ clkbuf_1_0__f_clk_i/X (sky130_fd_sc_hd__clkbuf_16)
                                                         clknet_1_0__leaf_clk_i (net)
                      0.165221    0.014072   20.518995 ^ u_sram/clk0 (sky130_sram_1kbyte_1rw1r_32x256_8)
                                 -0.250000   20.268995   clock uncertainty
                                  0.000000   20.268995   clock reconvergence pessimism
                                 -0.103000   20.165997   library setup time
                                             20.165997   data required time
---------------------------------------------------------------------------------------------
                                             20.165997   data required time
                                             -2.000365   data arrival time
---------------------------------------------------------------------------------------------
                                             18.165630   slack (MET)


Startpoint: axi_wdata_i[15] (input port clocked by clk_i)
Endpoint: u_sram (falling edge-triggered flip-flop clocked by clk_i)
Path Group: clk_i
Path Type: max

Fanout         Cap        Slew       Delay        Time   Description
---------------------------------------------------------------------------------------------
                                  0.000000    0.000000   clock clk_i (rise edge)
                                  0.000000    0.000000   clock network delay (propagated)
                                  2.000000    2.000000 ^ input external delay
     1    0.013252    0.000000    0.000000    2.000000 ^ axi_wdata_i[15] (in)
                                                         axi_wdata_i[15] (net)
                      0.001569    0.000371    2.000371 ^ u_sram/din0[15] (sky130_sram_1kbyte_1rw1r_32x256_8)
                                              2.000371   data arrival time

                                 20.000000   20.000000   clock clk_i (rise edge)
                                  0.000000   20.000000   clock source latency
     2    0.073694    0.000000    0.000000   20.000000 ^ clk_i (in)
                                                         clk_i (net)
                      0.008592    0.004295   20.004295 ^ clkbuf_0_clk_i/A (sky130_fd_sc_hd__clkbuf_16)
     2    0.038551    0.092291    0.220696   20.224993 ^ clkbuf_0_clk_i/X (sky130_fd_sc_hd__clkbuf_16)
                                                         clknet_0_clk_i (net)
                      0.092306    0.001203   20.226194 ^ clkbuf_1_0__f_clk_i/A (sky130_fd_sc_hd__clkbuf_16)
     1    0.060543    0.121212    0.278728   20.504923 ^ clkbuf_1_0__f_clk_i/X (sky130_fd_sc_hd__clkbuf_16)
                                                         clknet_1_0__leaf_clk_i (net)
                      0.165221    0.014072   20.518995 ^ u_sram/clk0 (sky130_sram_1kbyte_1rw1r_32x256_8)
                                 -0.250000   20.268995   clock uncertainty
                                  0.000000   20.268995   clock reconvergence pessimism
                                 -0.103000   20.165997   library setup time
                                             20.165997   data required time
---------------------------------------------------------------------------------------------
                                             20.165997   data required time
                                             -2.000371   data arrival time
---------------------------------------------------------------------------------------------
                                             18.165625   slack (MET)


Startpoint: axi_wdata_i[24] (input port clocked by clk_i)
Endpoint: u_sram (falling edge-triggered flip-flop clocked by clk_i)
Path Group: clk_i
Path Type: max

Fanout         Cap        Slew       Delay        Time   Description
---------------------------------------------------------------------------------------------
                                  0.000000    0.000000   clock clk_i (rise edge)
                                  0.000000    0.000000   clock network delay (propagated)
                                  2.000000    2.000000 ^ input external delay
     1    0.013715    0.000000    0.000000    2.000000 ^ axi_wdata_i[24] (in)
                                                         axi_wdata_i[24] (net)
                      0.001628    0.000385    2.000385 ^ u_sram/din0[24] (sky130_sram_1kbyte_1rw1r_32x256_8)
                                              2.000385   data arrival time

                                 20.000000   20.000000   clock clk_i (rise edge)
                                  0.000000   20.000000   clock source latency
     2    0.073694    0.000000    0.000000   20.000000 ^ clk_i (in)
                                                         clk_i (net)
                      0.008592    0.004295   20.004295 ^ clkbuf_0_clk_i/A (sky130_fd_sc_hd__clkbuf_16)
     2    0.038551    0.092291    0.220696   20.224993 ^ clkbuf_0_clk_i/X (sky130_fd_sc_hd__clkbuf_16)
                                                         clknet_0_clk_i (net)
                      0.092306    0.001203   20.226194 ^ clkbuf_1_0__f_clk_i/A (sky130_fd_sc_hd__clkbuf_16)
     1    0.060543    0.121212    0.278728   20.504923 ^ clkbuf_1_0__f_clk_i/X (sky130_fd_sc_hd__clkbuf_16)
                                                         clknet_1_0__leaf_clk_i (net)
                      0.165221    0.014072   20.518995 ^ u_sram/clk0 (sky130_sram_1kbyte_1rw1r_32x256_8)
                                 -0.250000   20.268995   clock uncertainty
                                  0.000000   20.268995   clock reconvergence pessimism
                                 -0.103000   20.165997   library setup time
                                             20.165997   data required time
---------------------------------------------------------------------------------------------
                                             20.165997   data required time
                                             -2.000385   data arrival time
---------------------------------------------------------------------------------------------
                                             18.165609   slack (MET)


Startpoint: axi_wdata_i[1] (input port clocked by clk_i)
Endpoint: u_sram (falling edge-triggered flip-flop clocked by clk_i)
Path Group: clk_i
Path Type: max

Fanout         Cap        Slew       Delay        Time   Description
---------------------------------------------------------------------------------------------
                                  0.000000    0.000000   clock clk_i (rise edge)
                                  0.000000    0.000000   clock network delay (propagated)
                                  2.000000    2.000000 ^ input external delay
     1    0.013179    0.000000    0.000000    2.000000 ^ axi_wdata_i[1] (in)
                                                         axi_wdata_i[1] (net)
                      0.001547    0.000366    2.000366 ^ u_sram/din0[1] (sky130_sram_1kbyte_1rw1r_32x256_8)
                                              2.000366   data arrival time

                                 20.000000   20.000000   clock clk_i (rise edge)
                                  0.000000   20.000000   clock source latency
     2    0.073694    0.000000    0.000000   20.000000 ^ clk_i (in)
                                                         clk_i (net)
                      0.008592    0.004295   20.004295 ^ clkbuf_0_clk_i/A (sky130_fd_sc_hd__clkbuf_16)
     2    0.038551    0.092291    0.220696   20.224993 ^ clkbuf_0_clk_i/X (sky130_fd_sc_hd__clkbuf_16)
                                                         clknet_0_clk_i (net)
                      0.092306    0.001203   20.226194 ^ clkbuf_1_0__f_clk_i/A (sky130_fd_sc_hd__clkbuf_16)
     1    0.060543    0.121212    0.278728   20.504923 ^ clkbuf_1_0__f_clk_i/X (sky130_fd_sc_hd__clkbuf_16)
                                                         clknet_1_0__leaf_clk_i (net)
                      0.165221    0.014072   20.518995 ^ u_sram/clk0 (sky130_sram_1kbyte_1rw1r_32x256_8)
                                 -0.250000   20.268995   clock uncertainty
                                  0.000000   20.268995   clock reconvergence pessimism
                                 -0.103000   20.165997   library setup time
                                             20.165997   data required time
---------------------------------------------------------------------------------------------
                                             20.165997   data required time
                                             -2.000366   data arrival time
---------------------------------------------------------------------------------------------
                                             18.165630   slack (MET)


Startpoint: axi_wdata_i[2] (input port clocked by clk_i)
Endpoint: u_sram (falling edge-triggered flip-flop clocked by clk_i)
Path Group: clk_i
Path Type: max

Fanout         Cap        Slew       Delay        Time   Description
---------------------------------------------------------------------------------------------
                                  0.000000    0.000000   clock clk_i (rise edge)
                                  0.000000    0.000000   clock network delay (propagated)
                                  2.000000    2.000000 ^ input external delay
     1    0.013189    0.000000    0.000000    2.000000 ^ axi_wdata_i[2] (in)
                                                         axi_wdata_i[2] (net)
                      0.001549    0.000366    2.000366 ^ u_sram/din0[2] (sky130_sram_1kbyte_1rw1r_32x256_8)
                                              2.000366   data arrival time

                                 20.000000   20.000000   clock clk_i (rise edge)
                                  0.000000   20.000000   clock source latency
     2    0.073694    0.000000    0.000000   20.000000 ^ clk_i (in)
                                                         clk_i (net)
                      0.008592    0.004295   20.004295 ^ clkbuf_0_clk_i/A (sky130_fd_sc_hd__clkbuf_16)
     2    0.038551    0.092291    0.220696   20.224993 ^ clkbuf_0_clk_i/X (sky130_fd_sc_hd__clkbuf_16)
                                                         clknet_0_clk_i (net)
                      0.092306    0.001203   20.226194 ^ clkbuf_1_0__f_clk_i/A (sky130_fd_sc_hd__clkbuf_16)
     1    0.060543    0.121212    0.278728   20.504923 ^ clkbuf_1_0__f_clk_i/X (sky130_fd_sc_hd__clkbuf_16)
                                                         clknet_1_0__leaf_clk_i (net)
                      0.165221    0.014072   20.518995 ^ u_sram/clk0 (sky130_sram_1kbyte_1rw1r_32x256_8)
                                 -0.250000   20.268995   clock uncertainty
                                  0.000000   20.268995   clock reconvergence pessimism
                                 -0.103000   20.165997   library setup time
                                             20.165997   data required time
---------------------------------------------------------------------------------------------
                                             20.165997   data required time
                                             -2.000366   data arrival time
---------------------------------------------------------------------------------------------
                                             18.165630   slack (MET)


Startpoint: axi_wdata_i[3] (input port clocked by clk_i)
Endpoint: u_sram (falling edge-triggered flip-flop clocked by clk_i)
Path Group: clk_i
Path Type: max

Fanout         Cap        Slew       Delay        Time   Description
---------------------------------------------------------------------------------------------
                                  0.000000    0.000000   clock clk_i (rise edge)
                                  0.000000    0.000000   clock network delay (propagated)
                                  2.000000    2.000000 ^ input external delay
     1    0.013151    0.000000    0.000000    2.000000 ^ axi_wdata_i[3] (in)
                                                         axi_wdata_i[3] (net)
                      0.001542    0.000365    2.000365 ^ u_sram/din0[3] (sky130_sram_1kbyte_1rw1r_32x256_8)
                                              2.000365   data arrival time

                                 20.000000   20.000000   clock clk_i (rise edge)
                                  0.000000   20.000000   clock source latency
     2    0.073694    0.000000    0.000000   20.000000 ^ clk_i (in)
                                                         clk_i (net)
                      0.008592    0.004295   20.004295 ^ clkbuf_0_clk_i/A (sky130_fd_sc_hd__clkbuf_16)
     2    0.038551    0.092291    0.220696   20.224993 ^ clkbuf_0_clk_i/X (sky130_fd_sc_hd__clkbuf_16)
                                                         clknet_0_clk_i (net)
                      0.092306    0.001203   20.226194 ^ clkbuf_1_0__f_clk_i/A (sky130_fd_sc_hd__clkbuf_16)
     1    0.060543    0.121212    0.278728   20.504923 ^ clkbuf_1_0__f_clk_i/X (sky130_fd_sc_hd__clkbuf_16)
                                                         clknet_1_0__leaf_clk_i (net)
                      0.165221    0.014072   20.518995 ^ u_sram/clk0 (sky130_sram_1kbyte_1rw1r_32x256_8)
                                 -0.250000   20.268995   clock uncertainty
                                  0.000000   20.268995   clock reconvergence pessimism
                                 -0.103000   20.165997   library setup time
                                             20.165997   data required time
---------------------------------------------------------------------------------------------
                                             20.165997   data required time
                                             -2.000365   data arrival time
---------------------------------------------------------------------------------------------
                                             18.165630   slack (MET)


Startpoint: axi_wdata_i[4] (input port clocked by clk_i)
Endpoint: u_sram (falling edge-triggered flip-flop clocked by clk_i)
Path Group: clk_i
Path Type: max

Fanout         Cap        Slew       Delay        Time   Description
---------------------------------------------------------------------------------------------
                                  0.000000    0.000000   clock clk_i (rise edge)
                                  0.000000    0.000000   clock network delay (propagated)
                                  2.000000    2.000000 ^ input external delay
     1    0.013151    0.000000    0.000000    2.000000 ^ axi_wdata_i[4] (in)
                                                         axi_wdata_i[4] (net)
                      0.001542    0.000365    2.000365 ^ u_sram/din0[4] (sky130_sram_1kbyte_1rw1r_32x256_8)
                                              2.000365   data arrival time

                                 20.000000   20.000000   clock clk_i (rise edge)
                                  0.000000   20.000000   clock source latency
     2    0.073694    0.000000    0.000000   20.000000 ^ clk_i (in)
                                                         clk_i (net)
                      0.008592    0.004295   20.004295 ^ clkbuf_0_clk_i/A (sky130_fd_sc_hd__clkbuf_16)
     2    0.038551    0.092291    0.220696   20.224993 ^ clkbuf_0_clk_i/X (sky130_fd_sc_hd__clkbuf_16)
                                                         clknet_0_clk_i (net)
                      0.092306    0.001203   20.226194 ^ clkbuf_1_0__f_clk_i/A (sky130_fd_sc_hd__clkbuf_16)
     1    0.060543    0.121212    0.278728   20.504923 ^ clkbuf_1_0__f_clk_i/X (sky130_fd_sc_hd__clkbuf_16)
                                                         clknet_1_0__leaf_clk_i (net)
                      0.165221    0.014072   20.518995 ^ u_sram/clk0 (sky130_sram_1kbyte_1rw1r_32x256_8)
                                 -0.250000   20.268995   clock uncertainty
                                  0.000000   20.268995   clock reconvergence pessimism
                                 -0.103000   20.165997   library setup time
                                             20.165997   data required time
---------------------------------------------------------------------------------------------
                                             20.165997   data required time
                                             -2.000365   data arrival time
---------------------------------------------------------------------------------------------
                                             18.165630   slack (MET)


Startpoint: axi_wdata_i[5] (input port clocked by clk_i)
Endpoint: u_sram (falling edge-triggered flip-flop clocked by clk_i)
Path Group: clk_i
Path Type: max

Fanout         Cap        Slew       Delay        Time   Description
---------------------------------------------------------------------------------------------
                                  0.000000    0.000000   clock clk_i (rise edge)
                                  0.000000    0.000000   clock network delay (propagated)
                                  2.000000    2.000000 ^ input external delay
     1    0.013168    0.000000    0.000000    2.000000 ^ axi_wdata_i[5] (in)
                                                         axi_wdata_i[5] (net)
                      0.001545    0.000365    2.000365 ^ u_sram/din0[5] (sky130_sram_1kbyte_1rw1r_32x256_8)
                                              2.000365   data arrival time

                                 20.000000   20.000000   clock clk_i (rise edge)
                                  0.000000   20.000000   clock source latency
     2    0.073694    0.000000    0.000000   20.000000 ^ clk_i (in)
                                                         clk_i (net)
                      0.008592    0.004295   20.004295 ^ clkbuf_0_clk_i/A (sky130_fd_sc_hd__clkbuf_16)
     2    0.038551    0.092291    0.220696   20.224993 ^ clkbuf_0_clk_i/X (sky130_fd_sc_hd__clkbuf_16)
                                                         clknet_0_clk_i (net)
                      0.092306    0.001203   20.226194 ^ clkbuf_1_0__f_clk_i/A (sky130_fd_sc_hd__clkbuf_16)
     1    0.060543    0.121212    0.278728   20.504923 ^ clkbuf_1_0__f_clk_i/X (sky130_fd_sc_hd__clkbuf_16)
                                                         clknet_1_0__leaf_clk_i (net)
                      0.165221    0.014072   20.518995 ^ u_sram/clk0 (sky130_sram_1kbyte_1rw1r_32x256_8)
                                 -0.250000   20.268995   clock uncertainty
                                  0.000000   20.268995   clock reconvergence pessimism
                                 -0.103000   20.165997   library setup time
                                             20.165997   data required time
---------------------------------------------------------------------------------------------
                                             20.165997   data required time
                                             -2.000365   data arrival time
---------------------------------------------------------------------------------------------
                                             18.165630   slack (MET)


Startpoint: axi_wdata_i[30] (input port clocked by clk_i)
Endpoint: u_sram (falling edge-triggered flip-flop clocked by clk_i)
Path Group: clk_i
Path Type: max

Fanout         Cap        Slew       Delay        Time   Description
---------------------------------------------------------------------------------------------
                                  0.000000    0.000000   clock clk_i (rise edge)
                                  0.000000    0.000000   clock network delay (propagated)
                                  2.000000    2.000000 ^ input external delay
     1    0.014679    0.000000    0.000000    2.000000 ^ axi_wdata_i[30] (in)
                                                         axi_wdata_i[30] (net)
                      0.001137    0.000269    2.000269 ^ u_sram/din0[30] (sky130_sram_1kbyte_1rw1r_32x256_8)
                                              2.000269   data arrival time

                                 20.000000   20.000000   clock clk_i (rise edge)
                                  0.000000   20.000000   clock source latency
     2    0.073694    0.000000    0.000000   20.000000 ^ clk_i (in)
                                                         clk_i (net)
                      0.008592    0.004295   20.004295 ^ clkbuf_0_clk_i/A (sky130_fd_sc_hd__clkbuf_16)
     2    0.038551    0.092291    0.220696   20.224993 ^ clkbuf_0_clk_i/X (sky130_fd_sc_hd__clkbuf_16)
                                                         clknet_0_clk_i (net)
                      0.092306    0.001203   20.226194 ^ clkbuf_1_0__f_clk_i/A (sky130_fd_sc_hd__clkbuf_16)
     1    0.060543    0.121212    0.278728   20.504923 ^ clkbuf_1_0__f_clk_i/X (sky130_fd_sc_hd__clkbuf_16)
                                                         clknet_1_0__leaf_clk_i (net)
                      0.165221    0.014072   20.518995 ^ u_sram/clk0 (sky130_sram_1kbyte_1rw1r_32x256_8)
                                 -0.250000   20.268995   clock uncertainty
                                  0.000000   20.268995   clock reconvergence pessimism
                                 -0.103000   20.165997   library setup time
                                             20.165997   data required time
---------------------------------------------------------------------------------------------
                                             20.165997   data required time
                                             -2.000269   data arrival time
---------------------------------------------------------------------------------------------
                                             18.165728   slack (MET)


Startpoint: axi_wdata_i[31] (input port clocked by clk_i)
Endpoint: u_sram (falling edge-triggered flip-flop clocked by clk_i)
Path Group: clk_i
Path Type: max

Fanout         Cap        Slew       Delay        Time   Description
---------------------------------------------------------------------------------------------
                                  0.000000    0.000000   clock clk_i (rise edge)
                                  0.000000    0.000000   clock network delay (propagated)
                                  2.000000    2.000000 ^ input external delay
     1    0.015120    0.000000    0.000000    2.000000 ^ axi_wdata_i[31] (in)
                                                         axi_wdata_i[31] (net)
                      0.001198    0.000283    2.000283 ^ u_sram/din0[31] (sky130_sram_1kbyte_1rw1r_32x256_8)
                                              2.000283   data arrival time

                                 20.000000   20.000000   clock clk_i (rise edge)
                                  0.000000   20.000000   clock source latency
     2    0.073694    0.000000    0.000000   20.000000 ^ clk_i (in)
                                                         clk_i (net)
                      0.008592    0.004295   20.004295 ^ clkbuf_0_clk_i/A (sky130_fd_sc_hd__clkbuf_16)
     2    0.038551    0.092291    0.220696   20.224993 ^ clkbuf_0_clk_i/X (sky130_fd_sc_hd__clkbuf_16)
                                                         clknet_0_clk_i (net)
                      0.092306    0.001203   20.226194 ^ clkbuf_1_0__f_clk_i/A (sky130_fd_sc_hd__clkbuf_16)
     1    0.060543    0.121212    0.278728   20.504923 ^ clkbuf_1_0__f_clk_i/X (sky130_fd_sc_hd__clkbuf_16)
                                                         clknet_1_0__leaf_clk_i (net)
                      0.165221    0.014072   20.518995 ^ u_sram/clk0 (sky130_sram_1kbyte_1rw1r_32x256_8)
                                 -0.250000   20.268995   clock uncertainty
                                  0.000000   20.268995   clock reconvergence pessimism
                                 -0.103000   20.165997   library setup time
                                             20.165997   data required time
---------------------------------------------------------------------------------------------
                                             20.165997   data required time
                                             -2.000283   data arrival time
---------------------------------------------------------------------------------------------
                                             18.165712   slack (MET)


Startpoint: rst_ni (input port clocked by clk_i)
Endpoint: _45_ (recovery check against rising-edge clock clk_i)
Path Group: asynchronous
Path Type: max

Fanout         Cap        Slew       Delay        Time   Description
---------------------------------------------------------------------------------------------
                                  0.000000    0.000000   clock clk_i (rise edge)
                                  0.000000    0.000000   clock network delay (propagated)
                                  2.000000    2.000000 ^ input external delay
     4    0.017955    0.000000    0.000000    2.000000 ^ rst_ni (in)
                                                         rst_ni (net)
                      0.000288    0.000144    2.000144 ^ _45_/SET_B (sky130_fd_sc_hd__dfstp_2)
                                              2.000144   data arrival time

                                 20.000000   20.000000   clock clk_i (rise edge)
                                  0.000000   20.000000   clock source latency
     2    0.073694    0.000000    0.000000   20.000000 ^ clk_i (in)
                                                         clk_i (net)
                      0.005402    0.002702   20.002703 ^ clkbuf_regs_0_clk_i/A (sky130_fd_sc_hd__clkbuf_16)
     1    0.008368    0.052169    0.176431   20.179134 ^ clkbuf_regs_0_clk_i/X (sky130_fd_sc_hd__clkbuf_16)
                                                         clk_i_regs (net)
                      0.052169    0.000089   20.179222 ^ clkbuf_0_clk_i_regs/A (sky130_fd_sc_hd__clkbuf_16)
     2    0.018710    0.065828    0.211749   20.390972 ^ clkbuf_0_clk_i_regs/X (sky130_fd_sc_hd__clkbuf_16)
                                                         clknet_0_clk_i_regs (net)
                      0.065828    0.000156   20.391127 ^ clkbuf_1_0__f_clk_i_regs/A (sky130_fd_sc_hd__clkbuf_16)
     2    0.004874    0.047631    0.196001   20.587130 ^ clkbuf_1_0__f_clk_i_regs/X (sky130_fd_sc_hd__clkbuf_16)
                                                         clknet_1_0__leaf_clk_i_regs (net)
                      0.047631    0.000052   20.587181 ^ _45_/CLK (sky130_fd_sc_hd__dfstp_2)
                                 -0.250000   20.337181   clock uncertainty
                                  0.000000   20.337181   clock reconvergence pessimism
                                  0.267012   20.604195   library recovery time
                                             20.604195   data required time
---------------------------------------------------------------------------------------------
                                             20.604195   data required time
                                             -2.000144   data arrival time
---------------------------------------------------------------------------------------------
                                             18.604050   slack (MET)


Startpoint: rst_ni (input port clocked by clk_i)
Endpoint: _47_ (recovery check against rising-edge clock clk_i)
Path Group: asynchronous
Path Type: max

Fanout         Cap        Slew       Delay        Time   Description
---------------------------------------------------------------------------------------------
                                  0.000000    0.000000   clock clk_i (rise edge)
                                  0.000000    0.000000   clock network delay (propagated)
                                  2.000000    2.000000 ^ input external delay
     4    0.017955    0.000000    0.000000    2.000000 ^ rst_ni (in)
                                                         rst_ni (net)
                      0.000271    0.000136    2.000136 ^ _47_/RESET_B (sky130_fd_sc_hd__dfrtp_2)
                                              2.000136   data arrival time

                                 20.000000   20.000000   clock clk_i (rise edge)
                                  0.000000   20.000000   clock source latency
     2    0.073694    0.000000    0.000000   20.000000 ^ clk_i (in)
                                                         clk_i (net)
                      0.005402    0.002702   20.002703 ^ clkbuf_regs_0_clk_i/A (sky130_fd_sc_hd__clkbuf_16)
     1    0.008368    0.052169    0.176431   20.179134 ^ clkbuf_regs_0_clk_i/X (sky130_fd_sc_hd__clkbuf_16)
                                                         clk_i_regs (net)
                      0.052169    0.000089   20.179222 ^ clkbuf_0_clk_i_regs/A (sky130_fd_sc_hd__clkbuf_16)
     2    0.018710    0.065828    0.211749   20.390972 ^ clkbuf_0_clk_i_regs/X (sky130_fd_sc_hd__clkbuf_16)
                                                         clknet_0_clk_i_regs (net)
                      0.065828    0.000156   20.391127 ^ clkbuf_1_0__f_clk_i_regs/A (sky130_fd_sc_hd__clkbuf_16)
     2    0.004874    0.047631    0.196001   20.587130 ^ clkbuf_1_0__f_clk_i_regs/X (sky130_fd_sc_hd__clkbuf_16)
                                                         clknet_1_0__leaf_clk_i_regs (net)
                      0.047631    0.000053   20.587183 ^ _47_/CLK (sky130_fd_sc_hd__dfrtp_2)
                                 -0.250000   20.337183   clock uncertainty
                                  0.000000   20.337183   clock reconvergence pessimism
                                  0.466937   20.804119   library recovery time
                                             20.804119   data required time
---------------------------------------------------------------------------------------------
                                             20.804119   data required time
                                             -2.000136   data arrival time
---------------------------------------------------------------------------------------------
                                             18.803986   slack (MET)


Startpoint: rst_ni (input port clocked by clk_i)
Endpoint: _46_ (recovery check against rising-edge clock clk_i)
Path Group: asynchronous
Path Type: max

Fanout         Cap        Slew       Delay        Time   Description
---------------------------------------------------------------------------------------------
                                  0.000000    0.000000   clock clk_i (rise edge)
                                  0.000000    0.000000   clock network delay (propagated)
                                  2.000000    2.000000 ^ input external delay
     4    0.017955    0.000000    0.000000    2.000000 ^ rst_ni (in)
                                                         rst_ni (net)
                      0.000277    0.000139    2.000139 ^ _46_/RESET_B (sky130_fd_sc_hd__dfrtp_2)
                                              2.000139   data arrival time

                                 20.000000   20.000000   clock clk_i (rise edge)
                                  0.000000   20.000000   clock source latency
     2    0.073694    0.000000    0.000000   20.000000 ^ clk_i (in)
                                                         clk_i (net)
                      0.005402    0.002702   20.002703 ^ clkbuf_regs_0_clk_i/A (sky130_fd_sc_hd__clkbuf_16)
     1    0.008368    0.052169    0.176431   20.179134 ^ clkbuf_regs_0_clk_i/X (sky130_fd_sc_hd__clkbuf_16)
                                                         clk_i_regs (net)
                      0.052169    0.000089   20.179222 ^ clkbuf_0_clk_i_regs/A (sky130_fd_sc_hd__clkbuf_16)
     2    0.018710    0.065828    0.211749   20.390972 ^ clkbuf_0_clk_i_regs/X (sky130_fd_sc_hd__clkbuf_16)
                                                         clknet_0_clk_i_regs (net)
                      0.065828    0.000194   20.391165 ^ clkbuf_1_1__f_clk_i_regs/A (sky130_fd_sc_hd__clkbuf_16)
     3    0.007177    0.050738    0.200370   20.591534 ^ clkbuf_1_1__f_clk_i_regs/X (sky130_fd_sc_hd__clkbuf_16)
                                                         clknet_1_1__leaf_clk_i_regs (net)
                      0.050738    0.000057   20.591591 ^ _46_/CLK (sky130_fd_sc_hd__dfrtp_2)
                                 -0.250000   20.341593   clock uncertainty
                                  0.000000   20.341593   clock reconvergence pessimism
                                  0.467966   20.809559   library recovery time
                                             20.809559   data required time
---------------------------------------------------------------------------------------------
                                             20.809559   data required time
                                             -2.000139   data arrival time
---------------------------------------------------------------------------------------------
                                             18.809420   slack (MET)


Startpoint: rst_ni (input port clocked by clk_i)
Endpoint: _48_ (recovery check against rising-edge clock clk_i)
Path Group: asynchronous
Path Type: max

Fanout         Cap        Slew       Delay        Time   Description
---------------------------------------------------------------------------------------------
                                  0.000000    0.000000   clock clk_i (rise edge)
                                  0.000000    0.000000   clock network delay (propagated)
                                  2.000000    2.000000 ^ input external delay
     4    0.017955    0.000000    0.000000    2.000000 ^ rst_ni (in)
                                                         rst_ni (net)
                      0.000216    0.000108    2.000108 ^ _48_/RESET_B (sky130_fd_sc_hd__dfrtp_2)
                                              2.000108   data arrival time

                                 20.000000   20.000000   clock clk_i (rise edge)
                                  0.000000   20.000000   clock source latency
     2    0.073694    0.000000    0.000000   20.000000 ^ clk_i (in)
                                                         clk_i (net)
                      0.005402    0.002702   20.002703 ^ clkbuf_regs_0_clk_i/A (sky130_fd_sc_hd__clkbuf_16)
     1    0.008368    0.052169    0.176431   20.179134 ^ clkbuf_regs_0_clk_i/X (sky130_fd_sc_hd__clkbuf_16)
                                                         clk_i_regs (net)
                      0.052169    0.000089   20.179222 ^ clkbuf_0_clk_i_regs/A (sky130_fd_sc_hd__clkbuf_16)
     2    0.018710    0.065828    0.211749   20.390972 ^ clkbuf_0_clk_i_regs/X (sky130_fd_sc_hd__clkbuf_16)
                                                         clknet_0_clk_i_regs (net)
                      0.065828    0.000194   20.391165 ^ clkbuf_1_1__f_clk_i_regs/A (sky130_fd_sc_hd__clkbuf_16)
     3    0.007177    0.050738    0.200370   20.591534 ^ clkbuf_1_1__f_clk_i_regs/X (sky130_fd_sc_hd__clkbuf_16)
                                                         clknet_1_1__leaf_clk_i_regs (net)
                      0.050738    0.000066   20.591600 ^ _48_/CLK (sky130_fd_sc_hd__dfrtp_2)
                                 -0.250000   20.341600   clock uncertainty
                                  0.000000   20.341600   clock reconvergence pessimism
                                  0.467992   20.809593   library recovery time
                                             20.809593   data required time
---------------------------------------------------------------------------------------------
                                             20.809593   data required time
                                             -2.000108   data arrival time
---------------------------------------------------------------------------------------------
                                             18.809484   slack (MET)



%OL_END_REPORT
%OL_CREATE_REPORT checks.rpt

===========================================================================
report_checks -unconstrained
===========================================================================
======================= min_ss_100C_1v60 Corner ===================================

Startpoint: rst_ni (input port clocked by clk_i)
Endpoint: _45_ (recovery check against rising-edge clock clk_i)
Path Group: asynchronous
Path Type: max

Fanout         Cap        Slew       Delay        Time   Description
---------------------------------------------------------------------------------------------
                                  0.000000    0.000000   clock clk_i (rise edge)
                                  0.000000    0.000000   clock network delay (propagated)
                                  2.000000    2.000000 ^ input external delay
     4    0.017955    0.000000    0.000000    2.000000 ^ rst_ni (in)
                                                         rst_ni (net)
                      0.000288    0.000144    2.000144 ^ _45_/SET_B (sky130_fd_sc_hd__dfstp_2)
                                              2.000144   data arrival time

                                 20.000000   20.000000   clock clk_i (rise edge)
                                  0.000000   20.000000   clock source latency
     2    0.073694    0.000000    0.000000   20.000000 ^ clk_i (in)
                                                         clk_i (net)
                      0.005402    0.002702   20.002703 ^ clkbuf_regs_0_clk_i/A (sky130_fd_sc_hd__clkbuf_16)
     1    0.008368    0.052169    0.176431   20.179134 ^ clkbuf_regs_0_clk_i/X (sky130_fd_sc_hd__clkbuf_16)
                                                         clk_i_regs (net)
                      0.052169    0.000089   20.179222 ^ clkbuf_0_clk_i_regs/A (sky130_fd_sc_hd__clkbuf_16)
     2    0.018710    0.065828    0.211749   20.390972 ^ clkbuf_0_clk_i_regs/X (sky130_fd_sc_hd__clkbuf_16)
                                                         clknet_0_clk_i_regs (net)
                      0.065828    0.000156   20.391127 ^ clkbuf_1_0__f_clk_i_regs/A (sky130_fd_sc_hd__clkbuf_16)
     2    0.004874    0.047631    0.196001   20.587130 ^ clkbuf_1_0__f_clk_i_regs/X (sky130_fd_sc_hd__clkbuf_16)
                                                         clknet_1_0__leaf_clk_i_regs (net)
                      0.047631    0.000052   20.587181 ^ _45_/CLK (sky130_fd_sc_hd__dfstp_2)
                                 -0.250000   20.337181   clock uncertainty
                                  0.000000   20.337181   clock reconvergence pessimism
                                  0.267012   20.604195   library recovery time
                                             20.604195   data required time
---------------------------------------------------------------------------------------------
                                             20.604195   data required time
                                             -2.000144   data arrival time
---------------------------------------------------------------------------------------------
                                             18.604050   slack (MET)


Startpoint: u_sram (falling edge-triggered flip-flop clocked by clk_i)
Endpoint: axi_rdata_o[18] (output port clocked by clk_i)
Path Group: clk_i
Path Type: max

Fanout         Cap        Slew       Delay        Time   Description
---------------------------------------------------------------------------------------------
                                 10.000000   10.000000   clock clk_i (fall edge)
                                  0.000000   10.000000   clock source latency
     2    0.071922    0.000000    0.000000   10.000000 v clk_i (in)
                                                         clk_i (net)
                      0.008305    0.004152   10.004152 v clkbuf_0_clk_i/A (sky130_fd_sc_hd__clkbuf_16)
     2    0.036779    0.073748    0.248130   10.252282 v clkbuf_0_clk_i/X (sky130_fd_sc_hd__clkbuf_16)
                                                         clknet_0_clk_i (net)
                      0.073766    0.001132   10.253413 v clkbuf_1_0__f_clk_i/A (sky130_fd_sc_hd__clkbuf_16)
     1    0.060543    0.093474    0.295804   10.549218 v clkbuf_1_0__f_clk_i/X (sky130_fd_sc_hd__clkbuf_16)
                                                         clknet_1_0__leaf_clk_i (net)
                      0.129325    0.013999   10.563217 v u_sram/clk0 (sky130_sram_1kbyte_1rw1r_32x256_8)
     1    0.009656    0.006472    0.383520   10.946737 ^ u_sram/dout0[18] (sky130_sram_1kbyte_1rw1r_32x256_8)
                                                         axi_rdata_o[18] (net)
                      0.004854    0.000091   10.946828 ^ axi_rdata_o[18] (out)
                                             10.946828   data arrival time

                                 20.000000   20.000000   clock clk_i (rise edge)
                                  0.000000   20.000000   clock network delay (propagated)
                                 -0.250000   19.750002   clock uncertainty
                                  0.000000   19.750002   clock reconvergence pessimism
                                 -2.000000   17.750002   output external delay
                                             17.750002   data required time
---------------------------------------------------------------------------------------------
                                             17.750002   data required time
                                            -10.946828   data arrival time
---------------------------------------------------------------------------------------------
                                              6.803174   slack (MET)




===========================================================================
report_checks --slack_max -0.01
============================================================================
======================= min_ss_100C_1v60 Corner ===================================

No paths found.


===========================================================================
 report_check_types -max_slew -max_cap -max_fanout -violators
============================================================================
======================= min_ss_100C_1v60 Corner ===================================

max slew

Pin                                        Limit        Slew       Slack
------------------------------------------------------------------------
u_sram/addr0[0]                         0.040000    0.249762   -0.209762 (VIOLATED)
u_sram/addr0[5]                         0.040000    0.240577   -0.200577 (VIOLATED)
u_sram/addr0[7]                         0.040000    0.233373   -0.193373 (VIOLATED)
u_sram/addr0[6]                         0.040000    0.229370   -0.189370 (VIOLATED)
u_sram/addr0[3]                         0.040000    0.226118   -0.186118 (VIOLATED)
u_sram/addr0[4]                         0.040000    0.224681   -0.184681 (VIOLATED)
u_sram/addr0[2]                         0.040000    0.216673   -0.176673 (VIOLATED)
u_sram/addr0[1]                         0.040000    0.210782   -0.170782 (VIOLATED)
u_sram/wmask0[2]                        0.040000    0.197647   -0.157647 (VIOLATED)
u_sram/wmask0[3]                        0.040000    0.193473   -0.153473 (VIOLATED)
u_sram/wmask0[0]                        0.040000    0.188481   -0.148481 (VIOLATED)
u_sram/wmask0[1]                        0.040000    0.185110   -0.145110 (VIOLATED)



===========================================================================
report_parasitic_annotation -report_unannotated
============================================================================
Found 100 unannotated drivers.
 axi_araddr_i[0]
 axi_araddr_i[10]
 axi_araddr_i[11]
 axi_araddr_i[12]
 axi_araddr_i[13]
 axi_araddr_i[14]
 axi_araddr_i[15]
 axi_araddr_i[16]
 axi_araddr_i[17]
 axi_araddr_i[18]
 axi_araddr_i[19]
 axi_araddr_i[1]
 axi_araddr_i[20]
 axi_araddr_i[21]
 axi_araddr_i[22]
 axi_araddr_i[23]
 axi_araddr_i[24]
 axi_araddr_i[25]
 axi_araddr_i[26]
 axi_araddr_i[27]
 axi_araddr_i[28]
 axi_araddr_i[29]
 axi_araddr_i[30]
 axi_araddr_i[31]
 axi_arprot_i[0]
 axi_arprot_i[1]
 axi_arprot_i[2]
 axi_awaddr_i[0]
 axi_awaddr_i[10]
 axi_awaddr_i[11]
 axi_awaddr_i[12]
 axi_awaddr_i[13]
 axi_awaddr_i[14]
 axi_awaddr_i[15]
 axi_awaddr_i[16]
 axi_awaddr_i[17]
 axi_awaddr_i[18]
 axi_awaddr_i[19]
 axi_awaddr_i[1]
 axi_awaddr_i[20]
 axi_awaddr_i[21]
 axi_awaddr_i[22]
 axi_awaddr_i[23]
 axi_awaddr_i[24]
 axi_awaddr_i[25]
 axi_awaddr_i[26]
 axi_awaddr_i[27]
 axi_awaddr_i[28]
 axi_awaddr_i[29]
 axi_awaddr_i[30]
 axi_awaddr_i[31]
 axi_awprot_i[0]
 axi_awprot_i[1]
 axi_awprot_i[2]
 _49_/LO
 _50_/HI
 _51_/HI
 _52_/HI
 _53_/HI
 _54_/HI
 _55_/HI
 _56_/HI
 _57_/HI
 _58_/HI
 _59_/HI
 _60_/HI
 _61_/HI
 clkload0/X
 u_sram/dout1[0]
 u_sram/dout1[10]
 u_sram/dout1[11]
 u_sram/dout1[12]
 u_sram/dout1[13]
 u_sram/dout1[14]
 u_sram/dout1[15]
 u_sram/dout1[16]
 u_sram/dout1[17]
 u_sram/dout1[18]
 u_sram/dout1[19]
 u_sram/dout1[1]
 u_sram/dout1[20]
 u_sram/dout1[21]
 u_sram/dout1[22]
 u_sram/dout1[23]
 u_sram/dout1[24]
 u_sram/dout1[25]
 u_sram/dout1[26]
 u_sram/dout1[27]
 u_sram/dout1[28]
 u_sram/dout1[29]
 u_sram/dout1[2]
 u_sram/dout1[30]
 u_sram/dout1[31]
 u_sram/dout1[3]
 u_sram/dout1[4]
 u_sram/dout1[5]
 u_sram/dout1[6]
 u_sram/dout1[7]
 u_sram/dout1[8]
 u_sram/dout1[9]
Found 0 partially unannotated drivers.

===========================================================================
max slew violation count 12
%OL_METRIC_I design__max_slew_violation__count__corner:min_ss_100C_1v60 12
max fanout violation count 0
%OL_METRIC_I design__max_fanout_violation__count__corner:min_ss_100C_1v60 0
max cap violation count 0
%OL_METRIC_I design__max_cap_violation__count__corner:min_ss_100C_1v60 0
============================================================================

===========================================================================
check_setup -verbose -unconstrained_endpoints -multiple_clock -no_clock -no_input_delay -loops -generated_clocks
===========================================================================
%OL_END_REPORT
%OL_CREATE_REPORT power.rpt

===========================================================================
 report_power
============================================================================
======================= min_ss_100C_1v60 Corner ===================================

Group                    Internal    Switching      Leakage        Total
                            Power        Power        Power        Power (Watts)
------------------------------------------------------------------------
Sequential           6.330904e-06 0.000000e+00 7.738301e-08 6.408287e-06   0.3%
Combinational        1.215844e-07 4.131843e-07 1.881504e-07 7.229191e-07   0.0%
Clock                5.094973e-05 1.992693e-05 2.287982e-07 7.110546e-05   3.5%
Macro                1.917893e-03 0.000000e+00 9.516000e-06 1.927409e-03  96.1%
Pad                  0.000000e+00 0.000000e+00 0.000000e+00 0.000000e+00   0.0%
------------------------------------------------------------------------
Total                1.975296e-03 2.034011e-05 1.001033e-05 2.005646e-03 100.0%
                            98.5%         1.0%         0.5%
%OL_METRIC_F power__internal__total 0.0019752955995500088
%OL_METRIC_F power__switching__total 2.0340114133432508e-5
%OL_METRIC_F power__leakage__total 1.0010331607190892e-5
%OL_METRIC_F power__total 0.0020056460052728653

%OL_END_REPORT
%OL_CREATE_REPORT skew.min.rpt

===========================================================================
Clock Skew (Hold)
============================================================================
%OL_METRIC_F clock__skew__worst_hold__corner:min_ss_100C_1v60 -0.25441824367375476
======================= min_ss_100C_1v60 Corner ===================================

Clock clk_i
0.587182 source latency _47_/CLK ^
-0.591600 target latency _48_/CLK ^
-0.250000 clock uncertainty
0.000000 CRPR
--------------
-0.254418 hold skew

%OL_END_REPORT
%OL_CREATE_REPORT skew.max.rpt

===========================================================================
Clock Skew (Setup)
============================================================================
%OL_METRIC_F clock__skew__worst_setup__corner:min_ss_100C_1v60 0.3181864584095455
======================= min_ss_100C_1v60 Corner ===================================

Clock clk_i
0.587180 source latency _45_/CLK ^
-0.518994 target latency u_sram/clk0 ^
0.250000 clock uncertainty
0.000000 CRPR
--------------
0.318186 setup skew

%OL_END_REPORT
%OL_CREATE_REPORT ws.min.rpt

===========================================================================
Worst Slack (Hold)
============================================================================
%OL_METRIC_F timing__hold__ws__corner:min_ss_100C_1v60 0.5283056364137175
min_ss_100C_1v60: 0.5283056364137175
%OL_END_REPORT
%OL_CREATE_REPORT ws.max.rpt

===========================================================================
Worst Slack (Setup)
============================================================================
%OL_METRIC_F timing__setup__ws__corner:min_ss_100C_1v60 6.803173328356573
min_ss_100C_1v60: 6.803173328356573
%OL_END_REPORT
%OL_CREATE_REPORT tns.min.rpt

===========================================================================
Total Negative Slack (Hold)
============================================================================
%OL_METRIC_F timing__hold__tns__corner:min_ss_100C_1v60 0.0
min_ss_100C_1v60: 0.0
%OL_END_REPORT
%OL_CREATE_REPORT tns.max.rpt

===========================================================================
Total Negative Slack (Setup)
============================================================================
%OL_METRIC_F timing__setup__tns__corner:min_ss_100C_1v60 0.0
min_ss_100C_1v60: 0.0
%OL_END_REPORT
%OL_CREATE_REPORT wns.min.rpt

===========================================================================
Worst Negative Slack (Hold)
============================================================================
%OL_METRIC_F timing__hold__wns__corner:min_ss_100C_1v60 0
min_ss_100C_1v60: 0
%OL_END_REPORT
%OL_CREATE_REPORT wns.max.rpt

===========================================================================
Worst Negative Slack (Setup)
============================================================================
%OL_METRIC_F timing__setup__wns__corner:min_ss_100C_1v60 0.0
min_ss_100C_1v60: 0.0
%OL_END_REPORT
%OL_CREATE_REPORT violator_list.rpt

===========================================================================
Violator List
============================================================================
%OL_METRIC_I timing__hold_vio__count__corner:min_ss_100C_1v60 0
%OL_METRIC_F timing__hold_r2r__ws__corner:min_ss_100C_1v60 0.881677
%OL_METRIC_I timing__hold_r2r_vio__count__corner:min_ss_100C_1v60 0
%OL_METRIC_I timing__setup_vio__count__corner:min_ss_100C_1v60 0
%OL_METRIC_F timing__setup_r2r__ws__corner:min_ss_100C_1v60 16.064106
%OL_METRIC_I timing__setup_r2r_vio__count__corner:min_ss_100C_1v60 0
%OL_END_REPORT
%OL_CREATE_REPORT unpropagated.rpt
%OL_END_REPORT
%OL_CREATE_REPORT clock.rpt
Clock: clk_i
Sources: clk_i 
Generated: no
Virtual: yes
Propagated: no
Period: 20.000000

===========================================================================
report_clock_properties
============================================================================
Clock                   Period          Waveform
----------------------------------------------------
clk_i                20.000000    0.000000 10.000000

===========================================================================
report_clock_latency
============================================================================
Clock clk_i
rise -> rise
    min     max
0.000000 0.000000 source latency
0.454472         network latency u_sram/clk1
        0.591600 network latency _48_/CLK
---------------
0.454472 0.591600 latency
        0.137128 skew

fall -> fall
    min     max
0.000000 0.000000 source latency
0.509440         network latency u_sram/clk1
        0.688963 network latency _48_/CLK
---------------
0.509440 0.688963 latency
        0.179522 skew



===========================================================================
report_clock_min_period
============================================================================
clk_i period_min = 3.94 fmax = 254.07
%OL_END_REPORT
Writing SDF files for all corners…
Removing Clock latencies before writing libs…
Writing timing models for all corners…
Writing timing models for the min_ss_100C_1v60 corner to /home/ubuntu/zuga-final/asic/runs/run1/54-openroad-stapostpnr/min_ss_100C_1v60/ram_axi__min_ss_100C_1v60.lib…
