
===========================================================================
report_checks -path_delay max (Setup)
============================================================================
======================= nom_tt_025C_1v80 Corner ===================================

Startpoint: u_sram (falling edge-triggered flip-flop clocked by clk_i)
Endpoint: axi_rdata_o[18] (output port clocked by clk_i)
Path Group: clk_i
Path Type: max

Fanout         Cap        Slew       Delay        Time   Description
---------------------------------------------------------------------------------------------
                                 10.000000   10.000000   clock clk_i (fall edge)
                                  0.000000   10.000000   clock source latency
     2    0.076354    0.000000    0.000000   10.000000 v clk_i (in)
                                                         clk_i (net)
                      0.011363    0.005682   10.005682 v clkbuf_0_clk_i/A (sky130_fd_sc_hd__clkbuf_16)
     2    0.038276    0.045211    0.143977   10.149659 v clkbuf_0_clk_i/X (sky130_fd_sc_hd__clkbuf_16)
                                                         clknet_0_clk_i (net)
                      0.045284    0.001583   10.151242 v clkbuf_1_0__f_clk_i/A (sky130_fd_sc_hd__clkbuf_16)
     1    0.064178    0.060988    0.167063   10.318305 v clkbuf_1_0__f_clk_i/X (sky130_fd_sc_hd__clkbuf_16)
                                                         clknet_1_0__leaf_clk_i (net)
                      0.092783    0.017563   10.335868 v u_sram/clk0 (sky130_sram_1kbyte_1rw1r_32x256_8)
     1    0.010184    0.006753    0.386487   10.722355 ^ u_sram/dout0[18] (sky130_sram_1kbyte_1rw1r_32x256_8)
                                                         axi_rdata_o[18] (net)
                      0.005065    0.000154   10.722508 ^ axi_rdata_o[18] (out)
                                             10.722508   data arrival time

                                 20.000000   20.000000   clock clk_i (rise edge)
                                  0.000000   20.000000   clock network delay (propagated)
                                 -0.250000   19.750002   clock uncertainty
                                  0.000000   19.750002   clock reconvergence pessimism
                                 -2.000000   17.750002   output external delay
                                             17.750002   data required time
---------------------------------------------------------------------------------------------
                                             17.750002   data required time
                                            -10.722508   data arrival time
---------------------------------------------------------------------------------------------
                                              7.027493   slack (MET)


Startpoint: u_sram (falling edge-triggered flip-flop clocked by clk_i)
Endpoint: axi_rdata_o[20] (output port clocked by clk_i)
Path Group: clk_i
Path Type: max

Fanout         Cap        Slew       Delay        Time   Description
---------------------------------------------------------------------------------------------
                                 10.000000   10.000000   clock clk_i (fall edge)
                                  0.000000   10.000000   clock source latency
     2    0.076354    0.000000    0.000000   10.000000 v clk_i (in)
                                                         clk_i (net)
                      0.011363    0.005682   10.005682 v clkbuf_0_clk_i/A (sky130_fd_sc_hd__clkbuf_16)
     2    0.038276    0.045211    0.143977   10.149659 v clkbuf_0_clk_i/X (sky130_fd_sc_hd__clkbuf_16)
                                                         clknet_0_clk_i (net)
                      0.045284    0.001583   10.151242 v clkbuf_1_0__f_clk_i/A (sky130_fd_sc_hd__clkbuf_16)
     1    0.064178    0.060988    0.167063   10.318305 v clkbuf_1_0__f_clk_i/X (sky130_fd_sc_hd__clkbuf_16)
                                                         clknet_1_0__leaf_clk_i (net)
                      0.092783    0.017563   10.335868 v u_sram/clk0 (sky130_sram_1kbyte_1rw1r_32x256_8)
     1    0.009569    0.006426    0.383036   10.718904 ^ u_sram/dout0[20] (sky130_sram_1kbyte_1rw1r_32x256_8)
                                                         axi_rdata_o[20] (net)
                      0.004819    0.000144   10.719048 ^ axi_rdata_o[20] (out)
                                             10.719048   data arrival time

                                 20.000000   20.000000   clock clk_i (rise edge)
                                  0.000000   20.000000   clock network delay (propagated)
                                 -0.250000   19.750002   clock uncertainty
                                  0.000000   19.750002   clock reconvergence pessimism
                                 -2.000000   17.750002   output external delay
                                             17.750002   data required time
---------------------------------------------------------------------------------------------
                                             17.750002   data required time
                                            -10.719048   data arrival time
---------------------------------------------------------------------------------------------
                                              7.030954   slack (MET)


Startpoint: u_sram (falling edge-triggered flip-flop clocked by clk_i)
Endpoint: axi_rdata_o[10] (output port clocked by clk_i)
Path Group: clk_i
Path Type: max

Fanout         Cap        Slew       Delay        Time   Description
---------------------------------------------------------------------------------------------
                                 10.000000   10.000000   clock clk_i (fall edge)
                                  0.000000   10.000000   clock source latency
     2    0.076354    0.000000    0.000000   10.000000 v clk_i (in)
                                                         clk_i (net)
                      0.011363    0.005682   10.005682 v clkbuf_0_clk_i/A (sky130_fd_sc_hd__clkbuf_16)
     2    0.038276    0.045211    0.143977   10.149659 v clkbuf_0_clk_i/X (sky130_fd_sc_hd__clkbuf_16)
                                                         clknet_0_clk_i (net)
                      0.045284    0.001583   10.151242 v clkbuf_1_0__f_clk_i/A (sky130_fd_sc_hd__clkbuf_16)
     1    0.064178    0.060988    0.167063   10.318305 v clkbuf_1_0__f_clk_i/X (sky130_fd_sc_hd__clkbuf_16)
                                                         clknet_1_0__leaf_clk_i (net)
                      0.092783    0.017563   10.335868 v u_sram/clk0 (sky130_sram_1kbyte_1rw1r_32x256_8)
     1    0.009382    0.006326    0.381985   10.717853 ^ u_sram/dout0[10] (sky130_sram_1kbyte_1rw1r_32x256_8)
                                                         axi_rdata_o[10] (net)
                      0.004745    0.000139   10.717992 ^ axi_rdata_o[10] (out)
                                             10.717992   data arrival time

                                 20.000000   20.000000   clock clk_i (rise edge)
                                  0.000000   20.000000   clock network delay (propagated)
                                 -0.250000   19.750002   clock uncertainty
                                  0.000000   19.750002   clock reconvergence pessimism
                                 -2.000000   17.750002   output external delay
                                             17.750002   data required time
---------------------------------------------------------------------------------------------
                                             17.750002   data required time
                                            -10.717992   data arrival time
---------------------------------------------------------------------------------------------
                                              7.032009   slack (MET)


Startpoint: u_sram (falling edge-triggered flip-flop clocked by clk_i)
Endpoint: axi_rdata_o[17] (output port clocked by clk_i)
Path Group: clk_i
Path Type: max

Fanout         Cap        Slew       Delay        Time   Description
---------------------------------------------------------------------------------------------
                                 10.000000   10.000000   clock clk_i (fall edge)
                                  0.000000   10.000000   clock source latency
     2    0.076354    0.000000    0.000000   10.000000 v clk_i (in)
                                                         clk_i (net)
                      0.011363    0.005682   10.005682 v clkbuf_0_clk_i/A (sky130_fd_sc_hd__clkbuf_16)
     2    0.038276    0.045211    0.143977   10.149659 v clkbuf_0_clk_i/X (sky130_fd_sc_hd__clkbuf_16)
                                                         clknet_0_clk_i (net)
                      0.045284    0.001583   10.151242 v clkbuf_1_0__f_clk_i/A (sky130_fd_sc_hd__clkbuf_16)
     1    0.064178    0.060988    0.167063   10.318305 v clkbuf_1_0__f_clk_i/X (sky130_fd_sc_hd__clkbuf_16)
                                                         clknet_1_0__leaf_clk_i (net)
                      0.092783    0.017563   10.335868 v u_sram/clk0 (sky130_sram_1kbyte_1rw1r_32x256_8)
     1    0.009082    0.006166    0.380299   10.716166 ^ u_sram/dout0[17] (sky130_sram_1kbyte_1rw1r_32x256_8)
                                                         axi_rdata_o[17] (net)
                      0.004625    0.000111   10.716278 ^ axi_rdata_o[17] (out)
                                             10.716278   data arrival time

                                 20.000000   20.000000   clock clk_i (rise edge)
                                  0.000000   20.000000   clock network delay (propagated)
                                 -0.250000   19.750002   clock uncertainty
                                  0.000000   19.750002   clock reconvergence pessimism
                                 -2.000000   17.750002   output external delay
                                             17.750002   data required time
---------------------------------------------------------------------------------------------
                                             17.750002   data required time
                                            -10.716278   data arrival time
---------------------------------------------------------------------------------------------
                                              7.033723   slack (MET)


Startpoint: u_sram (falling edge-triggered flip-flop clocked by clk_i)
Endpoint: axi_rdata_o[3] (output port clocked by clk_i)
Path Group: clk_i
Path Type: max

Fanout         Cap        Slew       Delay        Time   Description
---------------------------------------------------------------------------------------------
                                 10.000000   10.000000   clock clk_i (fall edge)
                                  0.000000   10.000000   clock source latency
     2    0.076354    0.000000    0.000000   10.000000 v clk_i (in)
                                                         clk_i (net)
                      0.011363    0.005682   10.005682 v clkbuf_0_clk_i/A (sky130_fd_sc_hd__clkbuf_16)
     2    0.038276    0.045211    0.143977   10.149659 v clkbuf_0_clk_i/X (sky130_fd_sc_hd__clkbuf_16)
                                                         clknet_0_clk_i (net)
                      0.045284    0.001583   10.151242 v clkbuf_1_0__f_clk_i/A (sky130_fd_sc_hd__clkbuf_16)
     1    0.064178    0.060988    0.167063   10.318305 v clkbuf_1_0__f_clk_i/X (sky130_fd_sc_hd__clkbuf_16)
                                                         clknet_1_0__leaf_clk_i (net)
                      0.092783    0.017563   10.335868 v u_sram/clk0 (sky130_sram_1kbyte_1rw1r_32x256_8)
     1    0.008980    0.006112    0.379729   10.715597 ^ u_sram/dout0[3] (sky130_sram_1kbyte_1rw1r_32x256_8)
                                                         axi_rdata_o[3] (net)
                      0.004584    0.000131   10.715728 ^ axi_rdata_o[3] (out)
                                             10.715728   data arrival time

                                 20.000000   20.000000   clock clk_i (rise edge)
                                  0.000000   20.000000   clock network delay (propagated)
                                 -0.250000   19.750002   clock uncertainty
                                  0.000000   19.750002   clock reconvergence pessimism
                                 -2.000000   17.750002   output external delay
                                             17.750002   data required time
---------------------------------------------------------------------------------------------
                                             17.750002   data required time
                                            -10.715728   data arrival time
---------------------------------------------------------------------------------------------
                                              7.034273   slack (MET)


Startpoint: u_sram (falling edge-triggered flip-flop clocked by clk_i)
Endpoint: axi_rdata_o[4] (output port clocked by clk_i)
Path Group: clk_i
Path Type: max

Fanout         Cap        Slew       Delay        Time   Description
---------------------------------------------------------------------------------------------
                                 10.000000   10.000000   clock clk_i (fall edge)
                                  0.000000   10.000000   clock source latency
     2    0.076354    0.000000    0.000000   10.000000 v clk_i (in)
                                                         clk_i (net)
                      0.011363    0.005682   10.005682 v clkbuf_0_clk_i/A (sky130_fd_sc_hd__clkbuf_16)
     2    0.038276    0.045211    0.143977   10.149659 v clkbuf_0_clk_i/X (sky130_fd_sc_hd__clkbuf_16)
                                                         clknet_0_clk_i (net)
                      0.045284    0.001583   10.151242 v clkbuf_1_0__f_clk_i/A (sky130_fd_sc_hd__clkbuf_16)
     1    0.064178    0.060988    0.167063   10.318305 v clkbuf_1_0__f_clk_i/X (sky130_fd_sc_hd__clkbuf_16)
                                                         clknet_1_0__leaf_clk_i (net)
                      0.092783    0.017563   10.335868 v u_sram/clk0 (sky130_sram_1kbyte_1rw1r_32x256_8)
     1    0.008955    0.006099    0.379586   10.715454 ^ u_sram/dout0[4] (sky130_sram_1kbyte_1rw1r_32x256_8)
                                                         axi_rdata_o[4] (net)
                      0.004574    0.000131   10.715585 ^ axi_rdata_o[4] (out)
                                             10.715585   data arrival time

                                 20.000000   20.000000   clock clk_i (rise edge)
                                  0.000000   20.000000   clock network delay (propagated)
                                 -0.250000   19.750002   clock uncertainty
                                  0.000000   19.750002   clock reconvergence pessimism
                                 -2.000000   17.750002   output external delay
                                             17.750002   data required time
---------------------------------------------------------------------------------------------
                                             17.750002   data required time
                                            -10.715585   data arrival time
---------------------------------------------------------------------------------------------
                                              7.034417   slack (MET)


Startpoint: u_sram (falling edge-triggered flip-flop clocked by clk_i)
Endpoint: axi_rdata_o[6] (output port clocked by clk_i)
Path Group: clk_i
Path Type: max

Fanout         Cap        Slew       Delay        Time   Description
---------------------------------------------------------------------------------------------
                                 10.000000   10.000000   clock clk_i (fall edge)
                                  0.000000   10.000000   clock source latency
     2    0.076354    0.000000    0.000000   10.000000 v clk_i (in)
                                                         clk_i (net)
                      0.011363    0.005682   10.005682 v clkbuf_0_clk_i/A (sky130_fd_sc_hd__clkbuf_16)
     2    0.038276    0.045211    0.143977   10.149659 v clkbuf_0_clk_i/X (sky130_fd_sc_hd__clkbuf_16)
                                                         clknet_0_clk_i (net)
                      0.045284    0.001583   10.151242 v clkbuf_1_0__f_clk_i/A (sky130_fd_sc_hd__clkbuf_16)
     1    0.064178    0.060988    0.167063   10.318305 v clkbuf_1_0__f_clk_i/X (sky130_fd_sc_hd__clkbuf_16)
                                                         clknet_1_0__leaf_clk_i (net)
                      0.092783    0.017563   10.335868 v u_sram/clk0 (sky130_sram_1kbyte_1rw1r_32x256_8)
     1    0.008952    0.006098    0.379574   10.715442 ^ u_sram/dout0[6] (sky130_sram_1kbyte_1rw1r_32x256_8)
                                                         axi_rdata_o[6] (net)
                      0.004573    0.000131   10.715571 ^ axi_rdata_o[6] (out)
                                             10.715571   data arrival time

                                 20.000000   20.000000   clock clk_i (rise edge)
                                  0.000000   20.000000   clock network delay (propagated)
                                 -0.250000   19.750002   clock uncertainty
                                  0.000000   19.750002   clock reconvergence pessimism
                                 -2.000000   17.750002   output external delay
                                             17.750002   data required time
---------------------------------------------------------------------------------------------
                                             17.750002   data required time
                                            -10.715571   data arrival time
---------------------------------------------------------------------------------------------
                                              7.034429   slack (MET)


Startpoint: u_sram (falling edge-triggered flip-flop clocked by clk_i)
Endpoint: axi_rdata_o[8] (output port clocked by clk_i)
Path Group: clk_i
Path Type: max

Fanout         Cap        Slew       Delay        Time   Description
---------------------------------------------------------------------------------------------
                                 10.000000   10.000000   clock clk_i (fall edge)
                                  0.000000   10.000000   clock source latency
     2    0.076354    0.000000    0.000000   10.000000 v clk_i (in)
                                                         clk_i (net)
                      0.011363    0.005682   10.005682 v clkbuf_0_clk_i/A (sky130_fd_sc_hd__clkbuf_16)
     2    0.038276    0.045211    0.143977   10.149659 v clkbuf_0_clk_i/X (sky130_fd_sc_hd__clkbuf_16)
                                                         clknet_0_clk_i (net)
                      0.045284    0.001583   10.151242 v clkbuf_1_0__f_clk_i/A (sky130_fd_sc_hd__clkbuf_16)
     1    0.064178    0.060988    0.167063   10.318305 v clkbuf_1_0__f_clk_i/X (sky130_fd_sc_hd__clkbuf_16)
                                                         clknet_1_0__leaf_clk_i (net)
                      0.092783    0.017563   10.335868 v u_sram/clk0 (sky130_sram_1kbyte_1rw1r_32x256_8)
     1    0.008953    0.006098    0.379580   10.715447 ^ u_sram/dout0[8] (sky130_sram_1kbyte_1rw1r_32x256_8)
                                                         axi_rdata_o[8] (net)
                      0.004574    0.000131   10.715578 ^ axi_rdata_o[8] (out)
                                             10.715578   data arrival time

                                 20.000000   20.000000   clock clk_i (rise edge)
                                  0.000000   20.000000   clock network delay (propagated)
                                 -0.250000   19.750002   clock uncertainty
                                  0.000000   19.750002   clock reconvergence pessimism
                                 -2.000000   17.750002   output external delay
                                             17.750002   data required time
---------------------------------------------------------------------------------------------
                                             17.750002   data required time
                                            -10.715578   data arrival time
---------------------------------------------------------------------------------------------
                                              7.034423   slack (MET)


Startpoint: u_sram (falling edge-triggered flip-flop clocked by clk_i)
Endpoint: axi_rdata_o[5] (output port clocked by clk_i)
Path Group: clk_i
Path Type: max

Fanout         Cap        Slew       Delay        Time   Description
---------------------------------------------------------------------------------------------
                                 10.000000   10.000000   clock clk_i (fall edge)
                                  0.000000   10.000000   clock source latency
     2    0.076354    0.000000    0.000000   10.000000 v clk_i (in)
                                                         clk_i (net)
                      0.011363    0.005682   10.005682 v clkbuf_0_clk_i/A (sky130_fd_sc_hd__clkbuf_16)
     2    0.038276    0.045211    0.143977   10.149659 v clkbuf_0_clk_i/X (sky130_fd_sc_hd__clkbuf_16)
                                                         clknet_0_clk_i (net)
                      0.045284    0.001583   10.151242 v clkbuf_1_0__f_clk_i/A (sky130_fd_sc_hd__clkbuf_16)
     1    0.064178    0.060988    0.167063   10.318305 v clkbuf_1_0__f_clk_i/X (sky130_fd_sc_hd__clkbuf_16)
                                                         clknet_1_0__leaf_clk_i (net)
                      0.092783    0.017563   10.335868 v u_sram/clk0 (sky130_sram_1kbyte_1rw1r_32x256_8)
     1    0.008902    0.006071    0.379291   10.715158 ^ u_sram/dout0[5] (sky130_sram_1kbyte_1rw1r_32x256_8)
                                                         axi_rdata_o[5] (net)
                      0.004553    0.000129   10.715287 ^ axi_rdata_o[5] (out)
                                             10.715287   data arrival time

                                 20.000000   20.000000   clock clk_i (rise edge)
                                  0.000000   20.000000   clock network delay (propagated)
                                 -0.250000   19.750002   clock uncertainty
                                  0.000000   19.750002   clock reconvergence pessimism
                                 -2.000000   17.750002   output external delay
                                             17.750002   data required time
---------------------------------------------------------------------------------------------
                                             17.750002   data required time
                                            -10.715287   data arrival time
---------------------------------------------------------------------------------------------
                                              7.034713   slack (MET)


Startpoint: u_sram (falling edge-triggered flip-flop clocked by clk_i)
Endpoint: axi_rdata_o[24] (output port clocked by clk_i)
Path Group: clk_i
Path Type: max

Fanout         Cap        Slew       Delay        Time   Description
---------------------------------------------------------------------------------------------
                                 10.000000   10.000000   clock clk_i (fall edge)
                                  0.000000   10.000000   clock source latency
     2    0.076354    0.000000    0.000000   10.000000 v clk_i (in)
                                                         clk_i (net)
                      0.011363    0.005682   10.005682 v clkbuf_0_clk_i/A (sky130_fd_sc_hd__clkbuf_16)
     2    0.038276    0.045211    0.143977   10.149659 v clkbuf_0_clk_i/X (sky130_fd_sc_hd__clkbuf_16)
                                                         clknet_0_clk_i (net)
                      0.045284    0.001583   10.151242 v clkbuf_1_0__f_clk_i/A (sky130_fd_sc_hd__clkbuf_16)
     1    0.064178    0.060988    0.167063   10.318305 v clkbuf_1_0__f_clk_i/X (sky130_fd_sc_hd__clkbuf_16)
                                                         clknet_1_0__leaf_clk_i (net)
                      0.092783    0.017563   10.335868 v u_sram/clk0 (sky130_sram_1kbyte_1rw1r_32x256_8)
     1    0.008850    0.006043    0.378998   10.714866 ^ u_sram/dout0[24] (sky130_sram_1kbyte_1rw1r_32x256_8)
                                                         axi_rdata_o[24] (net)
                      0.004532    0.000141   10.715007 ^ axi_rdata_o[24] (out)
                                             10.715007   data arrival time

                                 20.000000   20.000000   clock clk_i (rise edge)
                                  0.000000   20.000000   clock network delay (propagated)
                                 -0.250000   19.750002   clock uncertainty
                                  0.000000   19.750002   clock reconvergence pessimism
                                 -2.000000   17.750002   output external delay
                                             17.750002   data required time
---------------------------------------------------------------------------------------------
                                             17.750002   data required time
                                            -10.715007   data arrival time
---------------------------------------------------------------------------------------------
                                              7.034994   slack (MET)


Startpoint: u_sram (falling edge-triggered flip-flop clocked by clk_i)
Endpoint: axi_rdata_o[7] (output port clocked by clk_i)
Path Group: clk_i
Path Type: max

Fanout         Cap        Slew       Delay        Time   Description
---------------------------------------------------------------------------------------------
                                 10.000000   10.000000   clock clk_i (fall edge)
                                  0.000000   10.000000   clock source latency
     2    0.076354    0.000000    0.000000   10.000000 v clk_i (in)
                                                         clk_i (net)
                      0.011363    0.005682   10.005682 v clkbuf_0_clk_i/A (sky130_fd_sc_hd__clkbuf_16)
     2    0.038276    0.045211    0.143977   10.149659 v clkbuf_0_clk_i/X (sky130_fd_sc_hd__clkbuf_16)
                                                         clknet_0_clk_i (net)
                      0.045284    0.001583   10.151242 v clkbuf_1_0__f_clk_i/A (sky130_fd_sc_hd__clkbuf_16)
     1    0.064178    0.060988    0.167063   10.318305 v clkbuf_1_0__f_clk_i/X (sky130_fd_sc_hd__clkbuf_16)
                                                         clknet_1_0__leaf_clk_i (net)
                      0.092783    0.017563   10.335868 v u_sram/clk0 (sky130_sram_1kbyte_1rw1r_32x256_8)
     1    0.008846    0.006041    0.378977   10.714845 ^ u_sram/dout0[7] (sky130_sram_1kbyte_1rw1r_32x256_8)
                                                         axi_rdata_o[7] (net)
                      0.004531    0.000129   10.714973 ^ axi_rdata_o[7] (out)
                                             10.714973   data arrival time

                                 20.000000   20.000000   clock clk_i (rise edge)
                                  0.000000   20.000000   clock network delay (propagated)
                                 -0.250000   19.750002   clock uncertainty
                                  0.000000   19.750002   clock reconvergence pessimism
                                 -2.000000   17.750002   output external delay
                                             17.750002   data required time
---------------------------------------------------------------------------------------------
                                             17.750002   data required time
                                            -10.714973   data arrival time
---------------------------------------------------------------------------------------------
                                              7.035028   slack (MET)


Startpoint: u_sram (falling edge-triggered flip-flop clocked by clk_i)
Endpoint: axi_rdata_o[0] (output port clocked by clk_i)
Path Group: clk_i
Path Type: max

Fanout         Cap        Slew       Delay        Time   Description
---------------------------------------------------------------------------------------------
                                 10.000000   10.000000   clock clk_i (fall edge)
                                  0.000000   10.000000   clock source latency
     2    0.076354    0.000000    0.000000   10.000000 v clk_i (in)
                                                         clk_i (net)
                      0.011363    0.005682   10.005682 v clkbuf_0_clk_i/A (sky130_fd_sc_hd__clkbuf_16)
     2    0.038276    0.045211    0.143977   10.149659 v clkbuf_0_clk_i/X (sky130_fd_sc_hd__clkbuf_16)
                                                         clknet_0_clk_i (net)
                      0.045284    0.001583   10.151242 v clkbuf_1_0__f_clk_i/A (sky130_fd_sc_hd__clkbuf_16)
     1    0.064178    0.060988    0.167063   10.318305 v clkbuf_1_0__f_clk_i/X (sky130_fd_sc_hd__clkbuf_16)
                                                         clknet_1_0__leaf_clk_i (net)
                      0.092783    0.017563   10.335868 v u_sram/clk0 (sky130_sram_1kbyte_1rw1r_32x256_8)
     1    0.008614    0.005917    0.377674   10.713541 ^ u_sram/dout0[0] (sky130_sram_1kbyte_1rw1r_32x256_8)
                                                         axi_rdata_o[0] (net)
                      0.004438    0.000122   10.713663 ^ axi_rdata_o[0] (out)
                                             10.713663   data arrival time

                                 20.000000   20.000000   clock clk_i (rise edge)
                                  0.000000   20.000000   clock network delay (propagated)
                                 -0.250000   19.750002   clock uncertainty
                                  0.000000   19.750002   clock reconvergence pessimism
                                 -2.000000   17.750002   output external delay
                                             17.750002   data required time
---------------------------------------------------------------------------------------------
                                             17.750002   data required time
                                            -10.713663   data arrival time
---------------------------------------------------------------------------------------------
                                              7.036338   slack (MET)


Startpoint: u_sram (falling edge-triggered flip-flop clocked by clk_i)
Endpoint: axi_rdata_o[14] (output port clocked by clk_i)
Path Group: clk_i
Path Type: max

Fanout         Cap        Slew       Delay        Time   Description
---------------------------------------------------------------------------------------------
                                 10.000000   10.000000   clock clk_i (fall edge)
                                  0.000000   10.000000   clock source latency
     2    0.076354    0.000000    0.000000   10.000000 v clk_i (in)
                                                         clk_i (net)
                      0.011363    0.005682   10.005682 v clkbuf_0_clk_i/A (sky130_fd_sc_hd__clkbuf_16)
     2    0.038276    0.045211    0.143977   10.149659 v clkbuf_0_clk_i/X (sky130_fd_sc_hd__clkbuf_16)
                                                         clknet_0_clk_i (net)
                      0.045284    0.001583   10.151242 v clkbuf_1_0__f_clk_i/A (sky130_fd_sc_hd__clkbuf_16)
     1    0.064178    0.060988    0.167063   10.318305 v clkbuf_1_0__f_clk_i/X (sky130_fd_sc_hd__clkbuf_16)
                                                         clknet_1_0__leaf_clk_i (net)
                      0.092783    0.017563   10.335868 v u_sram/clk0 (sky130_sram_1kbyte_1rw1r_32x256_8)
     1    0.008607    0.005914    0.377635   10.713502 ^ u_sram/dout0[14] (sky130_sram_1kbyte_1rw1r_32x256_8)
                                                         axi_rdata_o[14] (net)
                      0.004435    0.000122   10.713624 ^ axi_rdata_o[14] (out)
                                             10.713624   data arrival time

                                 20.000000   20.000000   clock clk_i (rise edge)
                                  0.000000   20.000000   clock network delay (propagated)
                                 -0.250000   19.750002   clock uncertainty
                                  0.000000   19.750002   clock reconvergence pessimism
                                 -2.000000   17.750002   output external delay
                                             17.750002   data required time
---------------------------------------------------------------------------------------------
                                             17.750002   data required time
                                            -10.713624   data arrival time
---------------------------------------------------------------------------------------------
                                              7.036377   slack (MET)


Startpoint: u_sram (falling edge-triggered flip-flop clocked by clk_i)
Endpoint: axi_rdata_o[2] (output port clocked by clk_i)
Path Group: clk_i
Path Type: max

Fanout         Cap        Slew       Delay        Time   Description
---------------------------------------------------------------------------------------------
                                 10.000000   10.000000   clock clk_i (fall edge)
                                  0.000000   10.000000   clock source latency
     2    0.076354    0.000000    0.000000   10.000000 v clk_i (in)
                                                         clk_i (net)
                      0.011363    0.005682   10.005682 v clkbuf_0_clk_i/A (sky130_fd_sc_hd__clkbuf_16)
     2    0.038276    0.045211    0.143977   10.149659 v clkbuf_0_clk_i/X (sky130_fd_sc_hd__clkbuf_16)
                                                         clknet_0_clk_i (net)
                      0.045284    0.001583   10.151242 v clkbuf_1_0__f_clk_i/A (sky130_fd_sc_hd__clkbuf_16)
     1    0.064178    0.060988    0.167063   10.318305 v clkbuf_1_0__f_clk_i/X (sky130_fd_sc_hd__clkbuf_16)
                                                         clknet_1_0__leaf_clk_i (net)
                      0.092783    0.017563   10.335868 v u_sram/clk0 (sky130_sram_1kbyte_1rw1r_32x256_8)
     1    0.008589    0.005904    0.377537   10.713405 ^ u_sram/dout0[2] (sky130_sram_1kbyte_1rw1r_32x256_8)
                                                         axi_rdata_o[2] (net)
                      0.004428    0.000122   10.713527 ^ axi_rdata_o[2] (out)
                                             10.713527   data arrival time

                                 20.000000   20.000000   clock clk_i (rise edge)
                                  0.000000   20.000000   clock network delay (propagated)
                                 -0.250000   19.750002   clock uncertainty
                                  0.000000   19.750002   clock reconvergence pessimism
                                 -2.000000   17.750002   output external delay
                                             17.750002   data required time
---------------------------------------------------------------------------------------------
                                             17.750002   data required time
                                            -10.713527   data arrival time
---------------------------------------------------------------------------------------------
                                              7.036475   slack (MET)


Startpoint: u_sram (falling edge-triggered flip-flop clocked by clk_i)
Endpoint: axi_rdata_o[1] (output port clocked by clk_i)
Path Group: clk_i
Path Type: max

Fanout         Cap        Slew       Delay        Time   Description
---------------------------------------------------------------------------------------------
                                 10.000000   10.000000   clock clk_i (fall edge)
                                  0.000000   10.000000   clock source latency
     2    0.076354    0.000000    0.000000   10.000000 v clk_i (in)
                                                         clk_i (net)
                      0.011363    0.005682   10.005682 v clkbuf_0_clk_i/A (sky130_fd_sc_hd__clkbuf_16)
     2    0.038276    0.045211    0.143977   10.149659 v clkbuf_0_clk_i/X (sky130_fd_sc_hd__clkbuf_16)
                                                         clknet_0_clk_i (net)
                      0.045284    0.001583   10.151242 v clkbuf_1_0__f_clk_i/A (sky130_fd_sc_hd__clkbuf_16)
     1    0.064178    0.060988    0.167063   10.318305 v clkbuf_1_0__f_clk_i/X (sky130_fd_sc_hd__clkbuf_16)
                                                         clknet_1_0__leaf_clk_i (net)
                      0.092783    0.017563   10.335868 v u_sram/clk0 (sky130_sram_1kbyte_1rw1r_32x256_8)
     1    0.008576    0.005897    0.377461   10.713328 ^ u_sram/dout0[1] (sky130_sram_1kbyte_1rw1r_32x256_8)
                                                         axi_rdata_o[1] (net)
                      0.004423    0.000121   10.713449 ^ axi_rdata_o[1] (out)
                                             10.713449   data arrival time

                                 20.000000   20.000000   clock clk_i (rise edge)
                                  0.000000   20.000000   clock network delay (propagated)
                                 -0.250000   19.750002   clock uncertainty
                                  0.000000   19.750002   clock reconvergence pessimism
                                 -2.000000   17.750002   output external delay
                                             17.750002   data required time
---------------------------------------------------------------------------------------------
                                             17.750002   data required time
                                            -10.713449   data arrival time
---------------------------------------------------------------------------------------------
                                              7.036552   slack (MET)


Startpoint: u_sram (falling edge-triggered flip-flop clocked by clk_i)
Endpoint: axi_rdata_o[16] (output port clocked by clk_i)
Path Group: clk_i
Path Type: max

Fanout         Cap        Slew       Delay        Time   Description
---------------------------------------------------------------------------------------------
                                 10.000000   10.000000   clock clk_i (fall edge)
                                  0.000000   10.000000   clock source latency
     2    0.076354    0.000000    0.000000   10.000000 v clk_i (in)
                                                         clk_i (net)
                      0.011363    0.005682   10.005682 v clkbuf_0_clk_i/A (sky130_fd_sc_hd__clkbuf_16)
     2    0.038276    0.045211    0.143977   10.149659 v clkbuf_0_clk_i/X (sky130_fd_sc_hd__clkbuf_16)
                                                         clknet_0_clk_i (net)
                      0.045284    0.001583   10.151242 v clkbuf_1_0__f_clk_i/A (sky130_fd_sc_hd__clkbuf_16)
     1    0.064178    0.060988    0.167063   10.318305 v clkbuf_1_0__f_clk_i/X (sky130_fd_sc_hd__clkbuf_16)
                                                         clknet_1_0__leaf_clk_i (net)
                      0.092783    0.017563   10.335868 v u_sram/clk0 (sky130_sram_1kbyte_1rw1r_32x256_8)
     1    0.008566    0.005892    0.377405   10.713272 ^ u_sram/dout0[16] (sky130_sram_1kbyte_1rw1r_32x256_8)
                                                         axi_rdata_o[16] (net)
                      0.004419    0.000120   10.713392 ^ axi_rdata_o[16] (out)
                                             10.713392   data arrival time

                                 20.000000   20.000000   clock clk_i (rise edge)
                                  0.000000   20.000000   clock network delay (propagated)
                                 -0.250000   19.750002   clock uncertainty
                                  0.000000   19.750002   clock reconvergence pessimism
                                 -2.000000   17.750002   output external delay
                                             17.750002   data required time
---------------------------------------------------------------------------------------------
                                             17.750002   data required time
                                            -10.713392   data arrival time
---------------------------------------------------------------------------------------------
                                              7.036609   slack (MET)


Startpoint: u_sram (falling edge-triggered flip-flop clocked by clk_i)
Endpoint: axi_rdata_o[23] (output port clocked by clk_i)
Path Group: clk_i
Path Type: max

Fanout         Cap        Slew       Delay        Time   Description
---------------------------------------------------------------------------------------------
                                 10.000000   10.000000   clock clk_i (fall edge)
                                  0.000000   10.000000   clock source latency
     2    0.076354    0.000000    0.000000   10.000000 v clk_i (in)
                                                         clk_i (net)
                      0.011363    0.005682   10.005682 v clkbuf_0_clk_i/A (sky130_fd_sc_hd__clkbuf_16)
     2    0.038276    0.045211    0.143977   10.149659 v clkbuf_0_clk_i/X (sky130_fd_sc_hd__clkbuf_16)
                                                         clknet_0_clk_i (net)
                      0.045284    0.001583   10.151242 v clkbuf_1_0__f_clk_i/A (sky130_fd_sc_hd__clkbuf_16)
     1    0.064178    0.060988    0.167063   10.318305 v clkbuf_1_0__f_clk_i/X (sky130_fd_sc_hd__clkbuf_16)
                                                         clknet_1_0__leaf_clk_i (net)
                      0.092783    0.017563   10.335868 v u_sram/clk0 (sky130_sram_1kbyte_1rw1r_32x256_8)
     1    0.008269    0.005734    0.375738   10.711605 ^ u_sram/dout0[23] (sky130_sram_1kbyte_1rw1r_32x256_8)
                                                         axi_rdata_o[23] (net)
                      0.004300    0.000130   10.711735 ^ axi_rdata_o[23] (out)
                                             10.711735   data arrival time

                                 20.000000   20.000000   clock clk_i (rise edge)
                                  0.000000   20.000000   clock network delay (propagated)
                                 -0.250000   19.750002   clock uncertainty
                                  0.000000   19.750002   clock reconvergence pessimism
                                 -2.000000   17.750002   output external delay
                                             17.750002   data required time
---------------------------------------------------------------------------------------------
                                             17.750002   data required time
                                            -10.711735   data arrival time
---------------------------------------------------------------------------------------------
                                              7.038266   slack (MET)


Startpoint: u_sram (falling edge-triggered flip-flop clocked by clk_i)
Endpoint: axi_rdata_o[15] (output port clocked by clk_i)
Path Group: clk_i
Path Type: max

Fanout         Cap        Slew       Delay        Time   Description
---------------------------------------------------------------------------------------------
                                 10.000000   10.000000   clock clk_i (fall edge)
                                  0.000000   10.000000   clock source latency
     2    0.076354    0.000000    0.000000   10.000000 v clk_i (in)
                                                         clk_i (net)
                      0.011363    0.005682   10.005682 v clkbuf_0_clk_i/A (sky130_fd_sc_hd__clkbuf_16)
     2    0.038276    0.045211    0.143977   10.149659 v clkbuf_0_clk_i/X (sky130_fd_sc_hd__clkbuf_16)
                                                         clknet_0_clk_i (net)
                      0.045284    0.001583   10.151242 v clkbuf_1_0__f_clk_i/A (sky130_fd_sc_hd__clkbuf_16)
     1    0.064178    0.060988    0.167063   10.318305 v clkbuf_1_0__f_clk_i/X (sky130_fd_sc_hd__clkbuf_16)
                                                         clknet_1_0__leaf_clk_i (net)
                      0.092783    0.017563   10.335868 v u_sram/clk0 (sky130_sram_1kbyte_1rw1r_32x256_8)
     1    0.008107    0.005648    0.374829   10.710696 ^ u_sram/dout0[15] (sky130_sram_1kbyte_1rw1r_32x256_8)
                                                         axi_rdata_o[15] (net)
                      0.004236    0.000110   10.710807 ^ axi_rdata_o[15] (out)
                                             10.710807   data arrival time

                                 20.000000   20.000000   clock clk_i (rise edge)
                                  0.000000   20.000000   clock network delay (propagated)
                                 -0.250000   19.750002   clock uncertainty
                                  0.000000   19.750002   clock reconvergence pessimism
                                 -2.000000   17.750002   output external delay
                                             17.750002   data required time
---------------------------------------------------------------------------------------------
                                             17.750002   data required time
                                            -10.710807   data arrival time
---------------------------------------------------------------------------------------------
                                              7.039194   slack (MET)


Startpoint: u_sram (falling edge-triggered flip-flop clocked by clk_i)
Endpoint: axi_rdata_o[11] (output port clocked by clk_i)
Path Group: clk_i
Path Type: max

Fanout         Cap        Slew       Delay        Time   Description
---------------------------------------------------------------------------------------------
                                 10.000000   10.000000   clock clk_i (fall edge)
                                  0.000000   10.000000   clock source latency
     2    0.076354    0.000000    0.000000   10.000000 v clk_i (in)
                                                         clk_i (net)
                      0.011363    0.005682   10.005682 v clkbuf_0_clk_i/A (sky130_fd_sc_hd__clkbuf_16)
     2    0.038276    0.045211    0.143977   10.149659 v clkbuf_0_clk_i/X (sky130_fd_sc_hd__clkbuf_16)
                                                         clknet_0_clk_i (net)
                      0.045284    0.001583   10.151242 v clkbuf_1_0__f_clk_i/A (sky130_fd_sc_hd__clkbuf_16)
     1    0.064178    0.060988    0.167063   10.318305 v clkbuf_1_0__f_clk_i/X (sky130_fd_sc_hd__clkbuf_16)
                                                         clknet_1_0__leaf_clk_i (net)
                      0.092783    0.017563   10.335868 v u_sram/clk0 (sky130_sram_1kbyte_1rw1r_32x256_8)
     1    0.008092    0.005640    0.374748   10.710616 ^ u_sram/dout0[11] (sky130_sram_1kbyte_1rw1r_32x256_8)
                                                         axi_rdata_o[11] (net)
                      0.004230    0.000110   10.710726 ^ axi_rdata_o[11] (out)
                                             10.710726   data arrival time

                                 20.000000   20.000000   clock clk_i (rise edge)
                                  0.000000   20.000000   clock network delay (propagated)
                                 -0.250000   19.750002   clock uncertainty
                                  0.000000   19.750002   clock reconvergence pessimism
                                 -2.000000   17.750002   output external delay
                                             17.750002   data required time
---------------------------------------------------------------------------------------------
                                             17.750002   data required time
                                            -10.710726   data arrival time
---------------------------------------------------------------------------------------------
                                              7.039275   slack (MET)


Startpoint: u_sram (falling edge-triggered flip-flop clocked by clk_i)
Endpoint: axi_rdata_o[19] (output port clocked by clk_i)
Path Group: clk_i
Path Type: max

Fanout         Cap        Slew       Delay        Time   Description
---------------------------------------------------------------------------------------------
                                 10.000000   10.000000   clock clk_i (fall edge)
                                  0.000000   10.000000   clock source latency
     2    0.076354    0.000000    0.000000   10.000000 v clk_i (in)
                                                         clk_i (net)
                      0.011363    0.005682   10.005682 v clkbuf_0_clk_i/A (sky130_fd_sc_hd__clkbuf_16)
     2    0.038276    0.045211    0.143977   10.149659 v clkbuf_0_clk_i/X (sky130_fd_sc_hd__clkbuf_16)
                                                         clknet_0_clk_i (net)
                      0.045284    0.001583   10.151242 v clkbuf_1_0__f_clk_i/A (sky130_fd_sc_hd__clkbuf_16)
     1    0.064178    0.060988    0.167063   10.318305 v clkbuf_1_0__f_clk_i/X (sky130_fd_sc_hd__clkbuf_16)
                                                         clknet_1_0__leaf_clk_i (net)
                      0.092783    0.017563   10.335868 v u_sram/clk0 (sky130_sram_1kbyte_1rw1r_32x256_8)
     1    0.008089    0.005638    0.374730   10.710598 ^ u_sram/dout0[19] (sky130_sram_1kbyte_1rw1r_32x256_8)
                                                         axi_rdata_o[19] (net)
                      0.004229    0.000116   10.710714 ^ axi_rdata_o[19] (out)
                                             10.710714   data arrival time

                                 20.000000   20.000000   clock clk_i (rise edge)
                                  0.000000   20.000000   clock network delay (propagated)
                                 -0.250000   19.750002   clock uncertainty
                                  0.000000   19.750002   clock reconvergence pessimism
                                 -2.000000   17.750002   output external delay
                                             17.750002   data required time
---------------------------------------------------------------------------------------------
                                             17.750002   data required time
                                            -10.710714   data arrival time
---------------------------------------------------------------------------------------------
                                              7.039287   slack (MET)


Startpoint: u_sram (falling edge-triggered flip-flop clocked by clk_i)
Endpoint: axi_rdata_o[12] (output port clocked by clk_i)
Path Group: clk_i
Path Type: max

Fanout         Cap        Slew       Delay        Time   Description
---------------------------------------------------------------------------------------------
                                 10.000000   10.000000   clock clk_i (fall edge)
                                  0.000000   10.000000   clock source latency
     2    0.076354    0.000000    0.000000   10.000000 v clk_i (in)
                                                         clk_i (net)
                      0.011363    0.005682   10.005682 v clkbuf_0_clk_i/A (sky130_fd_sc_hd__clkbuf_16)
     2    0.038276    0.045211    0.143977   10.149659 v clkbuf_0_clk_i/X (sky130_fd_sc_hd__clkbuf_16)
                                                         clknet_0_clk_i (net)
                      0.045284    0.001583   10.151242 v clkbuf_1_0__f_clk_i/A (sky130_fd_sc_hd__clkbuf_16)
     1    0.064178    0.060988    0.167063   10.318305 v clkbuf_1_0__f_clk_i/X (sky130_fd_sc_hd__clkbuf_16)
                                                         clknet_1_0__leaf_clk_i (net)
                      0.092783    0.017563   10.335868 v u_sram/clk0 (sky130_sram_1kbyte_1rw1r_32x256_8)
     1    0.008082    0.005634    0.374688   10.710555 ^ u_sram/dout0[12] (sky130_sram_1kbyte_1rw1r_32x256_8)
                                                         axi_rdata_o[12] (net)
                      0.004226    0.000108   10.710664 ^ axi_rdata_o[12] (out)
                                             10.710664   data arrival time

                                 20.000000   20.000000   clock clk_i (rise edge)
                                  0.000000   20.000000   clock network delay (propagated)
                                 -0.250000   19.750002   clock uncertainty
                                  0.000000   19.750002   clock reconvergence pessimism
                                 -2.000000   17.750002   output external delay
                                             17.750002   data required time
---------------------------------------------------------------------------------------------
                                             17.750002   data required time
                                            -10.710664   data arrival time
---------------------------------------------------------------------------------------------
                                              7.039337   slack (MET)


Startpoint: u_sram (falling edge-triggered flip-flop clocked by clk_i)
Endpoint: axi_rdata_o[22] (output port clocked by clk_i)
Path Group: clk_i
Path Type: max

Fanout         Cap        Slew       Delay        Time   Description
---------------------------------------------------------------------------------------------
                                 10.000000   10.000000   clock clk_i (fall edge)
                                  0.000000   10.000000   clock source latency
     2    0.076354    0.000000    0.000000   10.000000 v clk_i (in)
                                                         clk_i (net)
                      0.011363    0.005682   10.005682 v clkbuf_0_clk_i/A (sky130_fd_sc_hd__clkbuf_16)
     2    0.038276    0.045211    0.143977   10.149659 v clkbuf_0_clk_i/X (sky130_fd_sc_hd__clkbuf_16)
                                                         clknet_0_clk_i (net)
                      0.045284    0.001583   10.151242 v clkbuf_1_0__f_clk_i/A (sky130_fd_sc_hd__clkbuf_16)
     1    0.064178    0.060988    0.167063   10.318305 v clkbuf_1_0__f_clk_i/X (sky130_fd_sc_hd__clkbuf_16)
                                                         clknet_1_0__leaf_clk_i (net)
                      0.092783    0.017563   10.335868 v u_sram/clk0 (sky130_sram_1kbyte_1rw1r_32x256_8)
     1    0.008033    0.005608    0.374417   10.710284 ^ u_sram/dout0[22] (sky130_sram_1kbyte_1rw1r_32x256_8)
                                                         axi_rdata_o[22] (net)
                      0.004206    0.000108   10.710393 ^ axi_rdata_o[22] (out)
                                             10.710393   data arrival time

                                 20.000000   20.000000   clock clk_i (rise edge)
                                  0.000000   20.000000   clock network delay (propagated)
                                 -0.250000   19.750002   clock uncertainty
                                  0.000000   19.750002   clock reconvergence pessimism
                                 -2.000000   17.750002   output external delay
                                             17.750002   data required time
---------------------------------------------------------------------------------------------
                                             17.750002   data required time
                                            -10.710393   data arrival time
---------------------------------------------------------------------------------------------
                                              7.039608   slack (MET)


Startpoint: u_sram (falling edge-triggered flip-flop clocked by clk_i)
Endpoint: axi_rdata_o[13] (output port clocked by clk_i)
Path Group: clk_i
Path Type: max

Fanout         Cap        Slew       Delay        Time   Description
---------------------------------------------------------------------------------------------
                                 10.000000   10.000000   clock clk_i (fall edge)
                                  0.000000   10.000000   clock source latency
     2    0.076354    0.000000    0.000000   10.000000 v clk_i (in)
                                                         clk_i (net)
                      0.011363    0.005682   10.005682 v clkbuf_0_clk_i/A (sky130_fd_sc_hd__clkbuf_16)
     2    0.038276    0.045211    0.143977   10.149659 v clkbuf_0_clk_i/X (sky130_fd_sc_hd__clkbuf_16)
                                                         clknet_0_clk_i (net)
                      0.045284    0.001583   10.151242 v clkbuf_1_0__f_clk_i/A (sky130_fd_sc_hd__clkbuf_16)
     1    0.064178    0.060988    0.167063   10.318305 v clkbuf_1_0__f_clk_i/X (sky130_fd_sc_hd__clkbuf_16)
                                                         clknet_1_0__leaf_clk_i (net)
                      0.092783    0.017563   10.335868 v u_sram/clk0 (sky130_sram_1kbyte_1rw1r_32x256_8)
     1    0.008026    0.005605    0.374377   10.710244 ^ u_sram/dout0[13] (sky130_sram_1kbyte_1rw1r_32x256_8)
                                                         axi_rdata_o[13] (net)
                      0.004204    0.000107   10.710352 ^ axi_rdata_o[13] (out)
                                             10.710352   data arrival time

                                 20.000000   20.000000   clock clk_i (rise edge)
                                  0.000000   20.000000   clock network delay (propagated)
                                 -0.250000   19.750002   clock uncertainty
                                  0.000000   19.750002   clock reconvergence pessimism
                                 -2.000000   17.750002   output external delay
                                             17.750002   data required time
---------------------------------------------------------------------------------------------
                                             17.750002   data required time
                                            -10.710352   data arrival time
---------------------------------------------------------------------------------------------
                                              7.039649   slack (MET)


Startpoint: u_sram (falling edge-triggered flip-flop clocked by clk_i)
Endpoint: axi_rdata_o[9] (output port clocked by clk_i)
Path Group: clk_i
Path Type: max

Fanout         Cap        Slew       Delay        Time   Description
---------------------------------------------------------------------------------------------
                                 10.000000   10.000000   clock clk_i (fall edge)
                                  0.000000   10.000000   clock source latency
     2    0.076354    0.000000    0.000000   10.000000 v clk_i (in)
                                                         clk_i (net)
                      0.011363    0.005682   10.005682 v clkbuf_0_clk_i/A (sky130_fd_sc_hd__clkbuf_16)
     2    0.038276    0.045211    0.143977   10.149659 v clkbuf_0_clk_i/X (sky130_fd_sc_hd__clkbuf_16)
                                                         clknet_0_clk_i (net)
                      0.045284    0.001583   10.151242 v clkbuf_1_0__f_clk_i/A (sky130_fd_sc_hd__clkbuf_16)
     1    0.064178    0.060988    0.167063   10.318305 v clkbuf_1_0__f_clk_i/X (sky130_fd_sc_hd__clkbuf_16)
                                                         clknet_1_0__leaf_clk_i (net)
                      0.092783    0.017563   10.335868 v u_sram/clk0 (sky130_sram_1kbyte_1rw1r_32x256_8)
     1    0.006796    0.004946    0.367475   10.703342 ^ u_sram/dout0[9] (sky130_sram_1kbyte_1rw1r_32x256_8)
                                                         axi_rdata_o[9] (net)
                      0.003709    0.000078   10.703421 ^ axi_rdata_o[9] (out)
                                             10.703421   data arrival time

                                 20.000000   20.000000   clock clk_i (rise edge)
                                  0.000000   20.000000   clock network delay (propagated)
                                 -0.250000   19.750002   clock uncertainty
                                  0.000000   19.750002   clock reconvergence pessimism
                                 -2.000000   17.750002   output external delay
                                             17.750002   data required time
---------------------------------------------------------------------------------------------
                                             17.750002   data required time
                                            -10.703421   data arrival time
---------------------------------------------------------------------------------------------
                                              7.046580   slack (MET)


Startpoint: u_sram (falling edge-triggered flip-flop clocked by clk_i)
Endpoint: axi_rdata_o[21] (output port clocked by clk_i)
Path Group: clk_i
Path Type: max

Fanout         Cap        Slew       Delay        Time   Description
---------------------------------------------------------------------------------------------
                                 10.000000   10.000000   clock clk_i (fall edge)
                                  0.000000   10.000000   clock source latency
     2    0.076354    0.000000    0.000000   10.000000 v clk_i (in)
                                                         clk_i (net)
                      0.011363    0.005682   10.005682 v clkbuf_0_clk_i/A (sky130_fd_sc_hd__clkbuf_16)
     2    0.038276    0.045211    0.143977   10.149659 v clkbuf_0_clk_i/X (sky130_fd_sc_hd__clkbuf_16)
                                                         clknet_0_clk_i (net)
                      0.045284    0.001583   10.151242 v clkbuf_1_0__f_clk_i/A (sky130_fd_sc_hd__clkbuf_16)
     1    0.064178    0.060988    0.167063   10.318305 v clkbuf_1_0__f_clk_i/X (sky130_fd_sc_hd__clkbuf_16)
                                                         clknet_1_0__leaf_clk_i (net)
                      0.092783    0.017563   10.335868 v u_sram/clk0 (sky130_sram_1kbyte_1rw1r_32x256_8)
     1    0.006736    0.004911    0.367136   10.703003 ^ u_sram/dout0[21] (sky130_sram_1kbyte_1rw1r_32x256_8)
                                                         axi_rdata_o[21] (net)
                      0.003683    0.000077   10.703080 ^ axi_rdata_o[21] (out)
                                             10.703080   data arrival time

                                 20.000000   20.000000   clock clk_i (rise edge)
                                  0.000000   20.000000   clock network delay (propagated)
                                 -0.250000   19.750002   clock uncertainty
                                  0.000000   19.750002   clock reconvergence pessimism
                                 -2.000000   17.750002   output external delay
                                             17.750002   data required time
---------------------------------------------------------------------------------------------
                                             17.750002   data required time
                                            -10.703080   data arrival time
---------------------------------------------------------------------------------------------
                                              7.046921   slack (MET)


Startpoint: u_sram (falling edge-triggered flip-flop clocked by clk_i)
Endpoint: axi_rdata_o[29] (output port clocked by clk_i)
Path Group: clk_i
Path Type: max

Fanout         Cap        Slew       Delay        Time   Description
---------------------------------------------------------------------------------------------
                                 10.000000   10.000000   clock clk_i (fall edge)
                                  0.000000   10.000000   clock source latency
     2    0.076354    0.000000    0.000000   10.000000 v clk_i (in)
                                                         clk_i (net)
                      0.011363    0.005682   10.005682 v clkbuf_0_clk_i/A (sky130_fd_sc_hd__clkbuf_16)
     2    0.038276    0.045211    0.143977   10.149659 v clkbuf_0_clk_i/X (sky130_fd_sc_hd__clkbuf_16)
                                                         clknet_0_clk_i (net)
                      0.045284    0.001583   10.151242 v clkbuf_1_0__f_clk_i/A (sky130_fd_sc_hd__clkbuf_16)
     1    0.064178    0.060988    0.167063   10.318305 v clkbuf_1_0__f_clk_i/X (sky130_fd_sc_hd__clkbuf_16)
                                                         clknet_1_0__leaf_clk_i (net)
                      0.092783    0.017563   10.335868 v u_sram/clk0 (sky130_sram_1kbyte_1rw1r_32x256_8)
     1    0.006675    0.004875    0.366793   10.702661 ^ u_sram/dout0[29] (sky130_sram_1kbyte_1rw1r_32x256_8)
                                                         axi_rdata_o[29] (net)
                      0.003656    0.000076   10.702737 ^ axi_rdata_o[29] (out)
                                             10.702737   data arrival time

                                 20.000000   20.000000   clock clk_i (rise edge)
                                  0.000000   20.000000   clock network delay (propagated)
                                 -0.250000   19.750002   clock uncertainty
                                  0.000000   19.750002   clock reconvergence pessimism
                                 -2.000000   17.750002   output external delay
                                             17.750002   data required time
---------------------------------------------------------------------------------------------
                                             17.750002   data required time
                                            -10.702737   data arrival time
---------------------------------------------------------------------------------------------
                                              7.047264   slack (MET)


Startpoint: u_sram (falling edge-triggered flip-flop clocked by clk_i)
Endpoint: axi_rdata_o[26] (output port clocked by clk_i)
Path Group: clk_i
Path Type: max

Fanout         Cap        Slew       Delay        Time   Description
---------------------------------------------------------------------------------------------
                                 10.000000   10.000000   clock clk_i (fall edge)
                                  0.000000   10.000000   clock source latency
     2    0.076354    0.000000    0.000000   10.000000 v clk_i (in)
                                                         clk_i (net)
                      0.011363    0.005682   10.005682 v clkbuf_0_clk_i/A (sky130_fd_sc_hd__clkbuf_16)
     2    0.038276    0.045211    0.143977   10.149659 v clkbuf_0_clk_i/X (sky130_fd_sc_hd__clkbuf_16)
                                                         clknet_0_clk_i (net)
                      0.045284    0.001583   10.151242 v clkbuf_1_0__f_clk_i/A (sky130_fd_sc_hd__clkbuf_16)
     1    0.064178    0.060988    0.167063   10.318305 v clkbuf_1_0__f_clk_i/X (sky130_fd_sc_hd__clkbuf_16)
                                                         clknet_1_0__leaf_clk_i (net)
                      0.092783    0.017563   10.335868 v u_sram/clk0 (sky130_sram_1kbyte_1rw1r_32x256_8)
     1    0.006648    0.004860    0.366642   10.702510 ^ u_sram/dout0[26] (sky130_sram_1kbyte_1rw1r_32x256_8)
                                                         axi_rdata_o[26] (net)
                      0.003645    0.000075   10.702585 ^ axi_rdata_o[26] (out)
                                             10.702585   data arrival time

                                 20.000000   20.000000   clock clk_i (rise edge)
                                  0.000000   20.000000   clock network delay (propagated)
                                 -0.250000   19.750002   clock uncertainty
                                  0.000000   19.750002   clock reconvergence pessimism
                                 -2.000000   17.750002   output external delay
                                             17.750002   data required time
---------------------------------------------------------------------------------------------
                                             17.750002   data required time
                                            -10.702585   data arrival time
---------------------------------------------------------------------------------------------
                                              7.047416   slack (MET)


Startpoint: u_sram (falling edge-triggered flip-flop clocked by clk_i)
Endpoint: axi_rdata_o[31] (output port clocked by clk_i)
Path Group: clk_i
Path Type: max

Fanout         Cap        Slew       Delay        Time   Description
---------------------------------------------------------------------------------------------
                                 10.000000   10.000000   clock clk_i (fall edge)
                                  0.000000   10.000000   clock source latency
     2    0.076354    0.000000    0.000000   10.000000 v clk_i (in)
                                                         clk_i (net)
                      0.011363    0.005682   10.005682 v clkbuf_0_clk_i/A (sky130_fd_sc_hd__clkbuf_16)
     2    0.038276    0.045211    0.143977   10.149659 v clkbuf_0_clk_i/X (sky130_fd_sc_hd__clkbuf_16)
                                                         clknet_0_clk_i (net)
                      0.045284    0.001583   10.151242 v clkbuf_1_0__f_clk_i/A (sky130_fd_sc_hd__clkbuf_16)
     1    0.064178    0.060988    0.167063   10.318305 v clkbuf_1_0__f_clk_i/X (sky130_fd_sc_hd__clkbuf_16)
                                                         clknet_1_0__leaf_clk_i (net)
                      0.092783    0.017563   10.335868 v u_sram/clk0 (sky130_sram_1kbyte_1rw1r_32x256_8)
     1    0.006648    0.004860    0.366642   10.702510 ^ u_sram/dout0[31] (sky130_sram_1kbyte_1rw1r_32x256_8)
                                                         axi_rdata_o[31] (net)
                      0.003645    0.000075   10.702585 ^ axi_rdata_o[31] (out)
                                             10.702585   data arrival time

                                 20.000000   20.000000   clock clk_i (rise edge)
                                  0.000000   20.000000   clock network delay (propagated)
                                 -0.250000   19.750002   clock uncertainty
                                  0.000000   19.750002   clock reconvergence pessimism
                                 -2.000000   17.750002   output external delay
                                             17.750002   data required time
---------------------------------------------------------------------------------------------
                                             17.750002   data required time
                                            -10.702585   data arrival time
---------------------------------------------------------------------------------------------
                                              7.047416   slack (MET)


Startpoint: u_sram (falling edge-triggered flip-flop clocked by clk_i)
Endpoint: axi_rdata_o[28] (output port clocked by clk_i)
Path Group: clk_i
Path Type: max

Fanout         Cap        Slew       Delay        Time   Description
---------------------------------------------------------------------------------------------
                                 10.000000   10.000000   clock clk_i (fall edge)
                                  0.000000   10.000000   clock source latency
     2    0.076354    0.000000    0.000000   10.000000 v clk_i (in)
                                                         clk_i (net)
                      0.011363    0.005682   10.005682 v clkbuf_0_clk_i/A (sky130_fd_sc_hd__clkbuf_16)
     2    0.038276    0.045211    0.143977   10.149659 v clkbuf_0_clk_i/X (sky130_fd_sc_hd__clkbuf_16)
                                                         clknet_0_clk_i (net)
                      0.045284    0.001583   10.151242 v clkbuf_1_0__f_clk_i/A (sky130_fd_sc_hd__clkbuf_16)
     1    0.064178    0.060988    0.167063   10.318305 v clkbuf_1_0__f_clk_i/X (sky130_fd_sc_hd__clkbuf_16)
                                                         clknet_1_0__leaf_clk_i (net)
                      0.092783    0.017563   10.335868 v u_sram/clk0 (sky130_sram_1kbyte_1rw1r_32x256_8)
     1    0.006645    0.004857    0.366622   10.702490 ^ u_sram/dout0[28] (sky130_sram_1kbyte_1rw1r_32x256_8)
                                                         axi_rdata_o[28] (net)
                      0.003643    0.000075   10.702565 ^ axi_rdata_o[28] (out)
                                             10.702565   data arrival time

                                 20.000000   20.000000   clock clk_i (rise edge)
                                  0.000000   20.000000   clock network delay (propagated)
                                 -0.250000   19.750002   clock uncertainty
                                  0.000000   19.750002   clock reconvergence pessimism
                                 -2.000000   17.750002   output external delay
                                             17.750002   data required time
---------------------------------------------------------------------------------------------
                                             17.750002   data required time
                                            -10.702565   data arrival time
---------------------------------------------------------------------------------------------
                                              7.047436   slack (MET)


Startpoint: u_sram (falling edge-triggered flip-flop clocked by clk_i)
Endpoint: axi_rdata_o[27] (output port clocked by clk_i)
Path Group: clk_i
Path Type: max

Fanout         Cap        Slew       Delay        Time   Description
---------------------------------------------------------------------------------------------
                                 10.000000   10.000000   clock clk_i (fall edge)
                                  0.000000   10.000000   clock source latency
     2    0.076354    0.000000    0.000000   10.000000 v clk_i (in)
                                                         clk_i (net)
                      0.011363    0.005682   10.005682 v clkbuf_0_clk_i/A (sky130_fd_sc_hd__clkbuf_16)
     2    0.038276    0.045211    0.143977   10.149659 v clkbuf_0_clk_i/X (sky130_fd_sc_hd__clkbuf_16)
                                                         clknet_0_clk_i (net)
                      0.045284    0.001583   10.151242 v clkbuf_1_0__f_clk_i/A (sky130_fd_sc_hd__clkbuf_16)
     1    0.064178    0.060988    0.167063   10.318305 v clkbuf_1_0__f_clk_i/X (sky130_fd_sc_hd__clkbuf_16)
                                                         clknet_1_0__leaf_clk_i (net)
                      0.092783    0.017563   10.335868 v u_sram/clk0 (sky130_sram_1kbyte_1rw1r_32x256_8)
     1    0.006632    0.004850    0.366554   10.702421 ^ u_sram/dout0[27] (sky130_sram_1kbyte_1rw1r_32x256_8)
                                                         axi_rdata_o[27] (net)
                      0.003638    0.000075   10.702497 ^ axi_rdata_o[27] (out)
                                             10.702497   data arrival time

                                 20.000000   20.000000   clock clk_i (rise edge)
                                  0.000000   20.000000   clock network delay (propagated)
                                 -0.250000   19.750002   clock uncertainty
                                  0.000000   19.750002   clock reconvergence pessimism
                                 -2.000000   17.750002   output external delay
                                             17.750002   data required time
---------------------------------------------------------------------------------------------
                                             17.750002   data required time
                                            -10.702497   data arrival time
---------------------------------------------------------------------------------------------
                                              7.047504   slack (MET)


Startpoint: u_sram (falling edge-triggered flip-flop clocked by clk_i)
Endpoint: axi_rdata_o[25] (output port clocked by clk_i)
Path Group: clk_i
Path Type: max

Fanout         Cap        Slew       Delay        Time   Description
---------------------------------------------------------------------------------------------
                                 10.000000   10.000000   clock clk_i (fall edge)
                                  0.000000   10.000000   clock source latency
     2    0.076354    0.000000    0.000000   10.000000 v clk_i (in)
                                                         clk_i (net)
                      0.011363    0.005682   10.005682 v clkbuf_0_clk_i/A (sky130_fd_sc_hd__clkbuf_16)
     2    0.038276    0.045211    0.143977   10.149659 v clkbuf_0_clk_i/X (sky130_fd_sc_hd__clkbuf_16)
                                                         clknet_0_clk_i (net)
                      0.045284    0.001583   10.151242 v clkbuf_1_0__f_clk_i/A (sky130_fd_sc_hd__clkbuf_16)
     1    0.064178    0.060988    0.167063   10.318305 v clkbuf_1_0__f_clk_i/X (sky130_fd_sc_hd__clkbuf_16)
                                                         clknet_1_0__leaf_clk_i (net)
                      0.092783    0.017563   10.335868 v u_sram/clk0 (sky130_sram_1kbyte_1rw1r_32x256_8)
     1    0.006629    0.004848    0.366534   10.702402 ^ u_sram/dout0[25] (sky130_sram_1kbyte_1rw1r_32x256_8)
                                                         axi_rdata_o[25] (net)
                      0.003636    0.000075   10.702477 ^ axi_rdata_o[25] (out)
                                             10.702477   data arrival time

                                 20.000000   20.000000   clock clk_i (rise edge)
                                  0.000000   20.000000   clock network delay (propagated)
                                 -0.250000   19.750002   clock uncertainty
                                  0.000000   19.750002   clock reconvergence pessimism
                                 -2.000000   17.750002   output external delay
                                             17.750002   data required time
---------------------------------------------------------------------------------------------
                                             17.750002   data required time
                                            -10.702477   data arrival time
---------------------------------------------------------------------------------------------
                                              7.047523   slack (MET)


Startpoint: u_sram (falling edge-triggered flip-flop clocked by clk_i)
Endpoint: axi_rdata_o[30] (output port clocked by clk_i)
Path Group: clk_i
Path Type: max

Fanout         Cap        Slew       Delay        Time   Description
---------------------------------------------------------------------------------------------
                                 10.000000   10.000000   clock clk_i (fall edge)
                                  0.000000   10.000000   clock source latency
     2    0.076354    0.000000    0.000000   10.000000 v clk_i (in)
                                                         clk_i (net)
                      0.011363    0.005682   10.005682 v clkbuf_0_clk_i/A (sky130_fd_sc_hd__clkbuf_16)
     2    0.038276    0.045211    0.143977   10.149659 v clkbuf_0_clk_i/X (sky130_fd_sc_hd__clkbuf_16)
                                                         clknet_0_clk_i (net)
                      0.045284    0.001583   10.151242 v clkbuf_1_0__f_clk_i/A (sky130_fd_sc_hd__clkbuf_16)
     1    0.064178    0.060988    0.167063   10.318305 v clkbuf_1_0__f_clk_i/X (sky130_fd_sc_hd__clkbuf_16)
                                                         clknet_1_0__leaf_clk_i (net)
                      0.092783    0.017563   10.335868 v u_sram/clk0 (sky130_sram_1kbyte_1rw1r_32x256_8)
     1    0.006629    0.004848    0.366534   10.702402 ^ u_sram/dout0[30] (sky130_sram_1kbyte_1rw1r_32x256_8)
                                                         axi_rdata_o[30] (net)
                      0.003636    0.000075   10.702477 ^ axi_rdata_o[30] (out)
                                             10.702477   data arrival time

                                 20.000000   20.000000   clock clk_i (rise edge)
                                  0.000000   20.000000   clock network delay (propagated)
                                 -0.250000   19.750002   clock uncertainty
                                  0.000000   19.750002   clock reconvergence pessimism
                                 -2.000000   17.750002   output external delay
                                             17.750002   data required time
---------------------------------------------------------------------------------------------
                                             17.750002   data required time
                                            -10.702477   data arrival time
---------------------------------------------------------------------------------------------
                                              7.047523   slack (MET)


Startpoint: axi_wvalid_i (input port clocked by clk_i)
Endpoint: axi_wready_o (output port clocked by clk_i)
Path Group: clk_i
Path Type: max

Fanout         Cap        Slew       Delay        Time   Description
---------------------------------------------------------------------------------------------
                                  0.000000    0.000000   clock clk_i (rise edge)
                                  0.000000    0.000000   clock network delay (propagated)
                                  2.000000    2.000000 ^ input external delay
     2    0.009001    0.000000    0.000000    2.000000 ^ axi_wvalid_i (in)
                                                         axi_wvalid_i (net)
                      0.000125    0.000063    2.000063 ^ _23_/C (sky130_fd_sc_hd__and3_2)
    17    0.088567    0.437307    0.454613    2.454675 ^ _23_/X (sky130_fd_sc_hd__and3_2)
                                                         axi_awready_o (net)
                      0.437369    0.004383    2.459058 ^ _62_/A (sky130_fd_sc_hd__buf_2)
     1    0.001341    0.031524    0.175115    2.634173 ^ _62_/X (sky130_fd_sc_hd__buf_2)
                                                         axi_wready_o (net)
                      0.031524    0.000016    2.634189 ^ axi_wready_o (out)
                                              2.634189   data arrival time

                                 20.000000   20.000000   clock clk_i (rise edge)
                                  0.000000   20.000000   clock network delay (propagated)
                                 -0.250000   19.750002   clock uncertainty
                                  0.000000   19.750002   clock reconvergence pessimism
                                 -2.000000   17.750002   output external delay
                                             17.750002   data required time
---------------------------------------------------------------------------------------------
                                             17.750002   data required time
                                             -2.634189   data arrival time
---------------------------------------------------------------------------------------------
                                             15.115811   slack (MET)


Startpoint: axi_arvalid_i (input port clocked by clk_i)
Endpoint: axi_arready_o (output port clocked by clk_i)
Path Group: clk_i
Path Type: max

Fanout         Cap        Slew       Delay        Time   Description
---------------------------------------------------------------------------------------------
                                  0.000000    0.000000   clock clk_i (rise edge)
                                  0.000000    0.000000   clock network delay (propagated)
                                  2.000000    2.000000 ^ input external delay
     2    0.008701    0.000000    0.000000    2.000000 ^ axi_arvalid_i (in)
                                                         axi_arvalid_i (net)
                      0.000104    0.000052    2.000052 ^ _25_/B (sky130_fd_sc_hd__and2_2)
    11    0.061679    0.314053    0.321589    2.321641 ^ _25_/X (sky130_fd_sc_hd__and2_2)
                                                         _08_ (net)
                      0.314071    0.002033    2.323674 ^ _26_/B (sky130_fd_sc_hd__and2_2)
     1    0.001525    0.036396    0.188022    2.511696 ^ _26_/X (sky130_fd_sc_hd__and2_2)
                                                         axi_arready_o (net)
                      0.036396    0.000020    2.511716 ^ axi_arready_o (out)
                                              2.511716   data arrival time

                                 20.000000   20.000000   clock clk_i (rise edge)
                                  0.000000   20.000000   clock network delay (propagated)
                                 -0.250000   19.750002   clock uncertainty
                                  0.000000   19.750002   clock reconvergence pessimism
                                 -2.000000   17.750002   output external delay
                                             17.750002   data required time
---------------------------------------------------------------------------------------------
                                             17.750002   data required time
                                             -2.511716   data arrival time
---------------------------------------------------------------------------------------------
                                             15.238286   slack (MET)


Startpoint: axi_wvalid_i (input port clocked by clk_i)
Endpoint: axi_awready_o (output port clocked by clk_i)
Path Group: clk_i
Path Type: max

Fanout         Cap        Slew       Delay        Time   Description
---------------------------------------------------------------------------------------------
                                  0.000000    0.000000   clock clk_i (rise edge)
                                  0.000000    0.000000   clock network delay (propagated)
                                  2.000000    2.000000 ^ input external delay
     2    0.009001    0.000000    0.000000    2.000000 ^ axi_wvalid_i (in)
                                                         axi_wvalid_i (net)
                      0.000125    0.000063    2.000063 ^ _23_/C (sky130_fd_sc_hd__and3_2)
    17    0.088567    0.437307    0.454613    2.454675 ^ _23_/X (sky130_fd_sc_hd__and3_2)
                                                         axi_awready_o (net)
                      0.437332    0.002777    2.457452 ^ axi_awready_o (out)
                                              2.457452   data arrival time

                                 20.000000   20.000000   clock clk_i (rise edge)
                                  0.000000   20.000000   clock network delay (propagated)
                                 -0.250000   19.750002   clock uncertainty
                                  0.000000   19.750002   clock reconvergence pessimism
                                 -2.000000   17.750002   output external delay
                                             17.750002   data required time
---------------------------------------------------------------------------------------------
                                             17.750002   data required time
                                             -2.457452   data arrival time
---------------------------------------------------------------------------------------------
                                             15.292550   slack (MET)


Startpoint: _48_ (rising edge-triggered flip-flop clocked by clk_i)
Endpoint: axi_rvalid_o (output port clocked by clk_i)
Path Group: clk_i
Path Type: max

Fanout         Cap        Slew       Delay        Time   Description
---------------------------------------------------------------------------------------------
                                  0.000000    0.000000   clock clk_i (rise edge)
                                  0.000000    0.000000   clock source latency
     2    0.078342    0.000000    0.000000    0.000000 ^ clk_i (in)
                                                         clk_i (net)
                      0.007178    0.003589    0.003589 ^ clkbuf_regs_0_clk_i/A (sky130_fd_sc_hd__clkbuf_16)
     1    0.008414    0.031996    0.100999    0.104588 ^ clkbuf_regs_0_clk_i/X (sky130_fd_sc_hd__clkbuf_16)
                                                         clk_i_regs (net)
                      0.031996    0.000261    0.104850 ^ clkbuf_0_clk_i_regs/A (sky130_fd_sc_hd__clkbuf_16)
     2    0.018956    0.040955    0.119616    0.224466 ^ clkbuf_0_clk_i_regs/X (sky130_fd_sc_hd__clkbuf_16)
                                                         clknet_0_clk_i_regs (net)
                      0.040956    0.000467    0.224933 ^ clkbuf_1_1__f_clk_i_regs/A (sky130_fd_sc_hd__clkbuf_16)
     3    0.007511    0.031186    0.111996    0.336930 ^ clkbuf_1_1__f_clk_i_regs/X (sky130_fd_sc_hd__clkbuf_16)
                                                         clknet_1_1__leaf_clk_i_regs (net)
                      0.031186    0.000172    0.337102 ^ _48_/CLK (sky130_fd_sc_hd__dfrtp_2)
     3    0.011618    0.062671    0.408143    0.745245 v _48_/Q (sky130_fd_sc_hd__dfrtp_2)
                                                         axi_rvalid_o (net)
                      0.062674    0.000437    0.745682 v axi_rvalid_o (out)
                                              0.745682   data arrival time

                                 20.000000   20.000000   clock clk_i (rise edge)
                                  0.000000   20.000000   clock network delay (propagated)
                                 -0.250000   19.750002   clock uncertainty
                                  0.000000   19.750002   clock reconvergence pessimism
                                 -2.000000   17.750002   output external delay
                                             17.750002   data required time
---------------------------------------------------------------------------------------------
                                             17.750002   data required time
                                             -0.745682   data arrival time
---------------------------------------------------------------------------------------------
                                             17.004318   slack (MET)


Startpoint: _46_ (rising edge-triggered flip-flop clocked by clk_i)
Endpoint: axi_bvalid_o (output port clocked by clk_i)
Path Group: clk_i
Path Type: max

Fanout         Cap        Slew       Delay        Time   Description
---------------------------------------------------------------------------------------------
                                  0.000000    0.000000   clock clk_i (rise edge)
                                  0.000000    0.000000   clock source latency
     2    0.078342    0.000000    0.000000    0.000000 ^ clk_i (in)
                                                         clk_i (net)
                      0.007178    0.003589    0.003589 ^ clkbuf_regs_0_clk_i/A (sky130_fd_sc_hd__clkbuf_16)
     1    0.008414    0.031996    0.100999    0.104588 ^ clkbuf_regs_0_clk_i/X (sky130_fd_sc_hd__clkbuf_16)
                                                         clk_i_regs (net)
                      0.031996    0.000261    0.104850 ^ clkbuf_0_clk_i_regs/A (sky130_fd_sc_hd__clkbuf_16)
     2    0.018956    0.040955    0.119616    0.224466 ^ clkbuf_0_clk_i_regs/X (sky130_fd_sc_hd__clkbuf_16)
                                                         clknet_0_clk_i_regs (net)
                      0.040956    0.000467    0.224933 ^ clkbuf_1_1__f_clk_i_regs/A (sky130_fd_sc_hd__clkbuf_16)
     3    0.007511    0.031186    0.111996    0.336930 ^ clkbuf_1_1__f_clk_i_regs/X (sky130_fd_sc_hd__clkbuf_16)
                                                         clknet_1_1__leaf_clk_i_regs (net)
                      0.031186    0.000158    0.337088 ^ _46_/CLK (sky130_fd_sc_hd__dfrtp_2)
     3    0.010575    0.059520    0.404220    0.741309 v _46_/Q (sky130_fd_sc_hd__dfrtp_2)
                                                         axi_bvalid_o (net)
                      0.059606    0.000597    0.741906 v axi_bvalid_o (out)
                                              0.741906   data arrival time

                                 20.000000   20.000000   clock clk_i (rise edge)
                                  0.000000   20.000000   clock network delay (propagated)
                                 -0.250000   19.750002   clock uncertainty
                                  0.000000   19.750002   clock reconvergence pessimism
                                 -2.000000   17.750002   output external delay
                                             17.750002   data required time
---------------------------------------------------------------------------------------------
                                             17.750002   data required time
                                             -0.741906   data arrival time
---------------------------------------------------------------------------------------------
                                             17.008095   slack (MET)


Startpoint: axi_rready_i (input port clocked by clk_i)
Endpoint: _48_ (rising edge-triggered flip-flop clocked by clk_i)
Path Group: clk_i
Path Type: max

Fanout         Cap        Slew       Delay        Time   Description
---------------------------------------------------------------------------------------------
                                  0.000000    0.000000   clock clk_i (rise edge)
                                  0.000000    0.000000   clock network delay (propagated)
                                  2.000000    2.000000 ^ input external delay
     2    0.010111    0.000000    0.000000    2.000000 ^ axi_rready_i (in)
                                                         axi_rready_i (net)
                      0.000211    0.000106    2.000106 ^ _19_/A (sky130_fd_sc_hd__inv_2)
     1    0.003178    0.009510    0.013368    2.013473 v _19_/Y (sky130_fd_sc_hd__inv_2)
                                                         _04_ (net)
                      0.009515    0.000092    2.013566 v _27_/A2 (sky130_fd_sc_hd__a21o_2)
     1    0.003606    0.035732    0.191613    2.205179 v _27_/X (sky130_fd_sc_hd__a21o_2)
                                                         _03_ (net)
                      0.035732    0.000125    2.205304 v hold2/A (sky130_fd_sc_hd__dlygate4sd3_1)
     1    0.003065    0.054778    0.546962    2.752266 v hold2/X (sky130_fd_sc_hd__dlygate4sd3_1)
                                                         net2 (net)
                      0.054778    0.000094    2.752361 v _48_/D (sky130_fd_sc_hd__dfrtp_2)
                                              2.752361   data arrival time

                                 20.000000   20.000000   clock clk_i (rise edge)
                                  0.000000   20.000000   clock source latency
     2    0.078342    0.000000    0.000000   20.000000 ^ clk_i (in)
                                                         clk_i (net)
                      0.007178    0.003588   20.003590 ^ clkbuf_regs_0_clk_i/A (sky130_fd_sc_hd__clkbuf_16)
     1    0.008414    0.031996    0.101000   20.104589 ^ clkbuf_regs_0_clk_i/X (sky130_fd_sc_hd__clkbuf_16)
                                                         clk_i_regs (net)
                      0.031996    0.000261   20.104851 ^ clkbuf_0_clk_i_regs/A (sky130_fd_sc_hd__clkbuf_16)
     2    0.018956    0.040955    0.119616   20.224466 ^ clkbuf_0_clk_i_regs/X (sky130_fd_sc_hd__clkbuf_16)
                                                         clknet_0_clk_i_regs (net)
                      0.040956    0.000467   20.224934 ^ clkbuf_1_1__f_clk_i_regs/A (sky130_fd_sc_hd__clkbuf_16)
     3    0.007511    0.031186    0.111998   20.336931 ^ clkbuf_1_1__f_clk_i_regs/X (sky130_fd_sc_hd__clkbuf_16)
                                                         clknet_1_1__leaf_clk_i_regs (net)
                      0.031186    0.000171   20.337101 ^ _48_/CLK (sky130_fd_sc_hd__dfrtp_2)
                                 -0.250000   20.087103   clock uncertainty
                                  0.000000   20.087103   clock reconvergence pessimism
                                 -0.122984   19.964119   library setup time
                                             19.964119   data required time
---------------------------------------------------------------------------------------------
                                             19.964119   data required time
                                             -2.752361   data arrival time
---------------------------------------------------------------------------------------------
                                             17.211758   slack (MET)


Startpoint: axi_wvalid_i (input port clocked by clk_i)
Endpoint: u_sram (falling edge-triggered flip-flop clocked by clk_i)
Path Group: clk_i
Path Type: max

Fanout         Cap        Slew       Delay        Time   Description
---------------------------------------------------------------------------------------------
                                  0.000000    0.000000   clock clk_i (rise edge)
                                  0.000000    0.000000   clock network delay (propagated)
                                  2.000000    2.000000 ^ input external delay
     2    0.009001    0.000000    0.000000    2.000000 ^ axi_wvalid_i (in)
                                                         axi_wvalid_i (net)
                      0.000125    0.000063    2.000063 ^ _23_/C (sky130_fd_sc_hd__and3_2)
    17    0.088567    0.437307    0.454613    2.454675 ^ _23_/X (sky130_fd_sc_hd__and3_2)
                                                         axi_awready_o (net)
                      0.437715    0.011032    2.465708 ^ _42_/B (sky130_fd_sc_hd__and2_2)
     1    0.014362    0.091855    0.264321    2.730028 ^ _42_/X (sky130_fd_sc_hd__and2_2)
                                                         sram_wmask0[2] (net)
                      0.122477    0.000606    2.730635 ^ u_sram/wmask0[2] (sky130_sram_1kbyte_1rw1r_32x256_8)
                                              2.730635   data arrival time

                                 20.000000   20.000000   clock clk_i (rise edge)
                                  0.000000   20.000000   clock source latency
     2    0.078342    0.000000    0.000000   20.000000 ^ clk_i (in)
                                                         clk_i (net)
                      0.011782    0.005890   20.005890 ^ clkbuf_0_clk_i/A (sky130_fd_sc_hd__clkbuf_16)
     2    0.040264    0.059881    0.129967   20.135859 ^ clkbuf_0_clk_i/X (sky130_fd_sc_hd__clkbuf_16)
                                                         clknet_0_clk_i (net)
                      0.059946    0.001695   20.137552 ^ clkbuf_1_0__f_clk_i/A (sky130_fd_sc_hd__clkbuf_16)
     1    0.064178    0.082493    0.158805   20.296358 ^ clkbuf_1_0__f_clk_i/X (sky130_fd_sc_hd__clkbuf_16)
                                                         clknet_1_0__leaf_clk_i (net)
                      0.118742    0.017963   20.314320 ^ u_sram/clk0 (sky130_sram_1kbyte_1rw1r_32x256_8)
                                 -0.250000   20.064320   clock uncertainty
                                  0.000000   20.064320   clock reconvergence pessimism
                                 -0.103000   19.961321   library setup time
                                             19.961321   data required time
---------------------------------------------------------------------------------------------
                                             19.961321   data required time
                                             -2.730635   data arrival time
---------------------------------------------------------------------------------------------
                                             17.230684   slack (MET)


Startpoint: axi_wvalid_i (input port clocked by clk_i)
Endpoint: u_sram (falling edge-triggered flip-flop clocked by clk_i)
Path Group: clk_i
Path Type: max

Fanout         Cap        Slew       Delay        Time   Description
---------------------------------------------------------------------------------------------
                                  0.000000    0.000000   clock clk_i (rise edge)
                                  0.000000    0.000000   clock network delay (propagated)
                                  2.000000    2.000000 ^ input external delay
     2    0.009001    0.000000    0.000000    2.000000 ^ axi_wvalid_i (in)
                                                         axi_wvalid_i (net)
                      0.000125    0.000063    2.000063 ^ _23_/C (sky130_fd_sc_hd__and3_2)
    17    0.088567    0.437307    0.454613    2.454675 ^ _23_/X (sky130_fd_sc_hd__and3_2)
                                                         axi_awready_o (net)
                      0.437717    0.011050    2.465725 ^ _43_/B (sky130_fd_sc_hd__and2_2)
     1    0.013848    0.089623    0.262538    2.728263 ^ _43_/X (sky130_fd_sc_hd__and2_2)
                                                         sram_wmask0[3] (net)
                      0.119499    0.000509    2.728773 ^ u_sram/wmask0[3] (sky130_sram_1kbyte_1rw1r_32x256_8)
                                              2.728773   data arrival time

                                 20.000000   20.000000   clock clk_i (rise edge)
                                  0.000000   20.000000   clock source latency
     2    0.078342    0.000000    0.000000   20.000000 ^ clk_i (in)
                                                         clk_i (net)
                      0.011782    0.005890   20.005890 ^ clkbuf_0_clk_i/A (sky130_fd_sc_hd__clkbuf_16)
     2    0.040264    0.059881    0.129967   20.135859 ^ clkbuf_0_clk_i/X (sky130_fd_sc_hd__clkbuf_16)
                                                         clknet_0_clk_i (net)
                      0.059946    0.001695   20.137552 ^ clkbuf_1_0__f_clk_i/A (sky130_fd_sc_hd__clkbuf_16)
     1    0.064178    0.082493    0.158805   20.296358 ^ clkbuf_1_0__f_clk_i/X (sky130_fd_sc_hd__clkbuf_16)
                                                         clknet_1_0__leaf_clk_i (net)
                      0.118742    0.017963   20.314320 ^ u_sram/clk0 (sky130_sram_1kbyte_1rw1r_32x256_8)
                                 -0.250000   20.064320   clock uncertainty
                                  0.000000   20.064320   clock reconvergence pessimism
                                 -0.103000   19.961321   library setup time
                                             19.961321   data required time
---------------------------------------------------------------------------------------------
                                             19.961321   data required time
                                             -2.728773   data arrival time
---------------------------------------------------------------------------------------------
                                             17.232548   slack (MET)


Startpoint: axi_wvalid_i (input port clocked by clk_i)
Endpoint: u_sram (falling edge-triggered flip-flop clocked by clk_i)
Path Group: clk_i
Path Type: max

Fanout         Cap        Slew       Delay        Time   Description
---------------------------------------------------------------------------------------------
                                  0.000000    0.000000   clock clk_i (rise edge)
                                  0.000000    0.000000   clock network delay (propagated)
                                  2.000000    2.000000 ^ input external delay
     2    0.009001    0.000000    0.000000    2.000000 ^ axi_wvalid_i (in)
                                                         axi_wvalid_i (net)
                      0.000125    0.000063    2.000063 ^ _23_/C (sky130_fd_sc_hd__and3_2)
    17    0.088567    0.437307    0.454613    2.454675 ^ _23_/X (sky130_fd_sc_hd__and3_2)
                                                         axi_awready_o (net)
                      0.437710    0.010956    2.465631 ^ _40_/B (sky130_fd_sc_hd__and2_2)
     1    0.013209    0.086680    0.260265    2.725897 ^ _40_/X (sky130_fd_sc_hd__and2_2)
                                                         sram_wmask0[0] (net)
                      0.115575    0.000536    2.726433 ^ u_sram/wmask0[0] (sky130_sram_1kbyte_1rw1r_32x256_8)
                                              2.726433   data arrival time

                                 20.000000   20.000000   clock clk_i (rise edge)
                                  0.000000   20.000000   clock source latency
     2    0.078342    0.000000    0.000000   20.000000 ^ clk_i (in)
                                                         clk_i (net)
                      0.011782    0.005890   20.005890 ^ clkbuf_0_clk_i/A (sky130_fd_sc_hd__clkbuf_16)
     2    0.040264    0.059881    0.129967   20.135859 ^ clkbuf_0_clk_i/X (sky130_fd_sc_hd__clkbuf_16)
                                                         clknet_0_clk_i (net)
                      0.059946    0.001695   20.137552 ^ clkbuf_1_0__f_clk_i/A (sky130_fd_sc_hd__clkbuf_16)
     1    0.064178    0.082493    0.158805   20.296358 ^ clkbuf_1_0__f_clk_i/X (sky130_fd_sc_hd__clkbuf_16)
                                                         clknet_1_0__leaf_clk_i (net)
                      0.118742    0.017963   20.314320 ^ u_sram/clk0 (sky130_sram_1kbyte_1rw1r_32x256_8)
                                 -0.250000   20.064320   clock uncertainty
                                  0.000000   20.064320   clock reconvergence pessimism
                                 -0.103000   19.961321   library setup time
                                             19.961321   data required time
---------------------------------------------------------------------------------------------
                                             19.961321   data required time
                                             -2.726433   data arrival time
---------------------------------------------------------------------------------------------
                                             17.234886   slack (MET)


Startpoint: axi_wvalid_i (input port clocked by clk_i)
Endpoint: u_sram (falling edge-triggered flip-flop clocked by clk_i)
Path Group: clk_i
Path Type: max

Fanout         Cap        Slew       Delay        Time   Description
---------------------------------------------------------------------------------------------
                                  0.000000    0.000000   clock clk_i (rise edge)
                                  0.000000    0.000000   clock network delay (propagated)
                                  2.000000    2.000000 ^ input external delay
     2    0.009001    0.000000    0.000000    2.000000 ^ axi_wvalid_i (in)
                                                         axi_wvalid_i (net)
                      0.000125    0.000063    2.000063 ^ _23_/C (sky130_fd_sc_hd__and3_2)
    17    0.088567    0.437307    0.454613    2.454675 ^ _23_/X (sky130_fd_sc_hd__and3_2)
                                                         axi_awready_o (net)
                      0.437712    0.010993    2.465668 ^ _41_/B (sky130_fd_sc_hd__and2_2)
     1    0.012719    0.084494    0.258538    2.724205 ^ _41_/X (sky130_fd_sc_hd__and2_2)
                                                         sram_wmask0[1] (net)
                      0.112660    0.000506    2.724711 ^ u_sram/wmask0[1] (sky130_sram_1kbyte_1rw1r_32x256_8)
                                              2.724711   data arrival time

                                 20.000000   20.000000   clock clk_i (rise edge)
                                  0.000000   20.000000   clock source latency
     2    0.078342    0.000000    0.000000   20.000000 ^ clk_i (in)
                                                         clk_i (net)
                      0.011782    0.005890   20.005890 ^ clkbuf_0_clk_i/A (sky130_fd_sc_hd__clkbuf_16)
     2    0.040264    0.059881    0.129967   20.135859 ^ clkbuf_0_clk_i/X (sky130_fd_sc_hd__clkbuf_16)
                                                         clknet_0_clk_i (net)
                      0.059946    0.001695   20.137552 ^ clkbuf_1_0__f_clk_i/A (sky130_fd_sc_hd__clkbuf_16)
     1    0.064178    0.082493    0.158805   20.296358 ^ clkbuf_1_0__f_clk_i/X (sky130_fd_sc_hd__clkbuf_16)
                                                         clknet_1_0__leaf_clk_i (net)
                      0.118742    0.017963   20.314320 ^ u_sram/clk0 (sky130_sram_1kbyte_1rw1r_32x256_8)
                                 -0.250000   20.064320   clock uncertainty
                                  0.000000   20.064320   clock reconvergence pessimism
                                 -0.103000   19.961321   library setup time
                                             19.961321   data required time
---------------------------------------------------------------------------------------------
                                             19.961321   data required time
                                             -2.724711   data arrival time
---------------------------------------------------------------------------------------------
                                             17.236609   slack (MET)


Startpoint: axi_wvalid_i (input port clocked by clk_i)
Endpoint: u_sram (falling edge-triggered flip-flop clocked by clk_i)
Path Group: clk_i
Path Type: max

Fanout         Cap        Slew       Delay        Time   Description
---------------------------------------------------------------------------------------------
                                  0.000000    0.000000   clock clk_i (rise edge)
                                  0.000000    0.000000   clock network delay (propagated)
                                  2.000000    2.000000 ^ input external delay
     2    0.009001    0.000000    0.000000    2.000000 ^ axi_wvalid_i (in)
                                                         axi_wvalid_i (net)
                      0.000125    0.000063    2.000063 ^ _23_/C (sky130_fd_sc_hd__and3_2)
    17    0.088567    0.437307    0.454613    2.454675 ^ _23_/X (sky130_fd_sc_hd__and3_2)
                                                         axi_awready_o (net)
                      0.437657    0.010228    2.464903 ^ _32_/B1 (sky130_fd_sc_hd__a32o_2)
     1    0.016754    0.116486    0.253026    2.717929 ^ _32_/X (sky130_fd_sc_hd__a32o_2)
                                                         sram_addr0[0] (net)
                      0.155322    0.000935    2.718863 ^ u_sram/addr0[0] (sky130_sram_1kbyte_1rw1r_32x256_8)
                                              2.718863   data arrival time

                                 20.000000   20.000000   clock clk_i (rise edge)
                                  0.000000   20.000000   clock source latency
     2    0.078342    0.000000    0.000000   20.000000 ^ clk_i (in)
                                                         clk_i (net)
                      0.011782    0.005890   20.005890 ^ clkbuf_0_clk_i/A (sky130_fd_sc_hd__clkbuf_16)
     2    0.040264    0.059881    0.129967   20.135859 ^ clkbuf_0_clk_i/X (sky130_fd_sc_hd__clkbuf_16)
                                                         clknet_0_clk_i (net)
                      0.059946    0.001695   20.137552 ^ clkbuf_1_0__f_clk_i/A (sky130_fd_sc_hd__clkbuf_16)
     1    0.064178    0.082493    0.158805   20.296358 ^ clkbuf_1_0__f_clk_i/X (sky130_fd_sc_hd__clkbuf_16)
                                                         clknet_1_0__leaf_clk_i (net)
                      0.118742    0.017963   20.314320 ^ u_sram/clk0 (sky130_sram_1kbyte_1rw1r_32x256_8)
                                 -0.250000   20.064320   clock uncertainty
                                  0.000000   20.064320   clock reconvergence pessimism
                                 -0.103000   19.961321   library setup time
                                             19.961321   data required time
---------------------------------------------------------------------------------------------
                                             19.961321   data required time
                                             -2.718863   data arrival time
---------------------------------------------------------------------------------------------
                                             17.242456   slack (MET)


Startpoint: axi_wvalid_i (input port clocked by clk_i)
Endpoint: u_sram (falling edge-triggered flip-flop clocked by clk_i)
Path Group: clk_i
Path Type: max

Fanout         Cap        Slew       Delay        Time   Description
---------------------------------------------------------------------------------------------
                                  0.000000    0.000000   clock clk_i (rise edge)
                                  0.000000    0.000000   clock network delay (propagated)
                                  2.000000    2.000000 ^ input external delay
     2    0.009001    0.000000    0.000000    2.000000 ^ axi_wvalid_i (in)
                                                         axi_wvalid_i (net)
                      0.000125    0.000063    2.000063 ^ _23_/C (sky130_fd_sc_hd__and3_2)
    17    0.088567    0.437307    0.454613    2.454675 ^ _23_/X (sky130_fd_sc_hd__and3_2)
                                                         axi_awready_o (net)
                      0.437327    0.002492    2.457167 ^ _37_/B1 (sky130_fd_sc_hd__a32o_2)
     1    0.015671    0.110882    0.248695    2.705863 ^ _37_/X (sky130_fd_sc_hd__a32o_2)
                                                         sram_addr0[5] (net)
                      0.147844    0.000596    2.706459 ^ u_sram/addr0[5] (sky130_sram_1kbyte_1rw1r_32x256_8)
                                              2.706459   data arrival time

                                 20.000000   20.000000   clock clk_i (rise edge)
                                  0.000000   20.000000   clock source latency
     2    0.078342    0.000000    0.000000   20.000000 ^ clk_i (in)
                                                         clk_i (net)
                      0.011782    0.005890   20.005890 ^ clkbuf_0_clk_i/A (sky130_fd_sc_hd__clkbuf_16)
     2    0.040264    0.059881    0.129967   20.135859 ^ clkbuf_0_clk_i/X (sky130_fd_sc_hd__clkbuf_16)
                                                         clknet_0_clk_i (net)
                      0.059946    0.001695   20.137552 ^ clkbuf_1_0__f_clk_i/A (sky130_fd_sc_hd__clkbuf_16)
     1    0.064178    0.082493    0.158805   20.296358 ^ clkbuf_1_0__f_clk_i/X (sky130_fd_sc_hd__clkbuf_16)
                                                         clknet_1_0__leaf_clk_i (net)
                      0.118742    0.017963   20.314320 ^ u_sram/clk0 (sky130_sram_1kbyte_1rw1r_32x256_8)
                                 -0.250000   20.064320   clock uncertainty
                                  0.000000   20.064320   clock reconvergence pessimism
                                 -0.103000   19.961321   library setup time
                                             19.961321   data required time
---------------------------------------------------------------------------------------------
                                             19.961321   data required time
                                             -2.706459   data arrival time
---------------------------------------------------------------------------------------------
                                             17.254862   slack (MET)


Startpoint: axi_wvalid_i (input port clocked by clk_i)
Endpoint: u_sram (falling edge-triggered flip-flop clocked by clk_i)
Path Group: clk_i
Path Type: max

Fanout         Cap        Slew       Delay        Time   Description
---------------------------------------------------------------------------------------------
                                  0.000000    0.000000   clock clk_i (rise edge)
                                  0.000000    0.000000   clock network delay (propagated)
                                  2.000000    2.000000 ^ input external delay
     2    0.009001    0.000000    0.000000    2.000000 ^ axi_wvalid_i (in)
                                                         axi_wvalid_i (net)
                      0.000125    0.000063    2.000063 ^ _23_/C (sky130_fd_sc_hd__and3_2)
    17    0.088567    0.437307    0.454613    2.454675 ^ _23_/X (sky130_fd_sc_hd__and3_2)
                                                         axi_awready_o (net)
                      0.437329    0.002641    2.457316 ^ _39_/B1 (sky130_fd_sc_hd__a32o_2)
     1    0.014896    0.106936    0.245458    2.702774 ^ _39_/X (sky130_fd_sc_hd__a32o_2)
                                                         sram_addr0[7] (net)
                      0.142585    0.000721    2.703495 ^ u_sram/addr0[7] (sky130_sram_1kbyte_1rw1r_32x256_8)
                                              2.703495   data arrival time

                                 20.000000   20.000000   clock clk_i (rise edge)
                                  0.000000   20.000000   clock source latency
     2    0.078342    0.000000    0.000000   20.000000 ^ clk_i (in)
                                                         clk_i (net)
                      0.011782    0.005890   20.005890 ^ clkbuf_0_clk_i/A (sky130_fd_sc_hd__clkbuf_16)
     2    0.040264    0.059881    0.129967   20.135859 ^ clkbuf_0_clk_i/X (sky130_fd_sc_hd__clkbuf_16)
                                                         clknet_0_clk_i (net)
                      0.059946    0.001695   20.137552 ^ clkbuf_1_0__f_clk_i/A (sky130_fd_sc_hd__clkbuf_16)
     1    0.064178    0.082493    0.158805   20.296358 ^ clkbuf_1_0__f_clk_i/X (sky130_fd_sc_hd__clkbuf_16)
                                                         clknet_1_0__leaf_clk_i (net)
                      0.118742    0.017963   20.314320 ^ u_sram/clk0 (sky130_sram_1kbyte_1rw1r_32x256_8)
                                 -0.250000   20.064320   clock uncertainty
                                  0.000000   20.064320   clock reconvergence pessimism
                                 -0.103000   19.961321   library setup time
                                             19.961321   data required time
---------------------------------------------------------------------------------------------
                                             19.961321   data required time
                                             -2.703495   data arrival time
---------------------------------------------------------------------------------------------
                                             17.257826   slack (MET)


Startpoint: axi_wvalid_i (input port clocked by clk_i)
Endpoint: u_sram (falling edge-triggered flip-flop clocked by clk_i)
Path Group: clk_i
Path Type: max

Fanout         Cap        Slew       Delay        Time   Description
---------------------------------------------------------------------------------------------
                                  0.000000    0.000000   clock clk_i (rise edge)
                                  0.000000    0.000000   clock network delay (propagated)
                                  2.000000    2.000000 ^ input external delay
     2    0.009001    0.000000    0.000000    2.000000 ^ axi_wvalid_i (in)
                                                         axi_wvalid_i (net)
                      0.000125    0.000063    2.000063 ^ _23_/C (sky130_fd_sc_hd__and3_2)
    17    0.088567    0.437307    0.454613    2.454675 ^ _23_/X (sky130_fd_sc_hd__and3_2)
                                                         axi_awready_o (net)
                      0.437328    0.002593    2.457268 ^ _38_/B1 (sky130_fd_sc_hd__a32o_2)
     1    0.014533    0.105070    0.244041    2.701308 ^ _38_/X (sky130_fd_sc_hd__a32o_2)
                                                         sram_addr0[6] (net)
                      0.140094    0.000556    2.701865 ^ u_sram/addr0[6] (sky130_sram_1kbyte_1rw1r_32x256_8)
                                              2.701865   data arrival time

                                 20.000000   20.000000   clock clk_i (rise edge)
                                  0.000000   20.000000   clock source latency
     2    0.078342    0.000000    0.000000   20.000000 ^ clk_i (in)
                                                         clk_i (net)
                      0.011782    0.005890   20.005890 ^ clkbuf_0_clk_i/A (sky130_fd_sc_hd__clkbuf_16)
     2    0.040264    0.059881    0.129967   20.135859 ^ clkbuf_0_clk_i/X (sky130_fd_sc_hd__clkbuf_16)
                                                         clknet_0_clk_i (net)
                      0.059946    0.001695   20.137552 ^ clkbuf_1_0__f_clk_i/A (sky130_fd_sc_hd__clkbuf_16)
     1    0.064178    0.082493    0.158805   20.296358 ^ clkbuf_1_0__f_clk_i/X (sky130_fd_sc_hd__clkbuf_16)
                                                         clknet_1_0__leaf_clk_i (net)
                      0.118742    0.017963   20.314320 ^ u_sram/clk0 (sky130_sram_1kbyte_1rw1r_32x256_8)
                                 -0.250000   20.064320   clock uncertainty
                                  0.000000   20.064320   clock reconvergence pessimism
                                 -0.103000   19.961321   library setup time
                                             19.961321   data required time
---------------------------------------------------------------------------------------------
                                             19.961321   data required time
                                             -2.701865   data arrival time
---------------------------------------------------------------------------------------------
                                             17.259455   slack (MET)


Startpoint: axi_wvalid_i (input port clocked by clk_i)
Endpoint: u_sram (falling edge-triggered flip-flop clocked by clk_i)
Path Group: clk_i
Path Type: max

Fanout         Cap        Slew       Delay        Time   Description
---------------------------------------------------------------------------------------------
                                  0.000000    0.000000   clock clk_i (rise edge)
                                  0.000000    0.000000   clock network delay (propagated)
                                  2.000000    2.000000 ^ input external delay
     2    0.009001    0.000000    0.000000    2.000000 ^ axi_wvalid_i (in)
                                                         axi_wvalid_i (net)
                      0.000125    0.000063    2.000063 ^ _23_/C (sky130_fd_sc_hd__and3_2)
    17    0.088567    0.437307    0.454613    2.454675 ^ _23_/X (sky130_fd_sc_hd__and3_2)
                                                         axi_awready_o (net)
                      0.437325    0.002400    2.457075 ^ _35_/B1 (sky130_fd_sc_hd__a32o_2)
     1    0.014151    0.103113    0.242525    2.699600 ^ _35_/X (sky130_fd_sc_hd__a32o_2)
                                                         sram_addr0[3] (net)
                      0.137485    0.000434    2.700034 ^ u_sram/addr0[3] (sky130_sram_1kbyte_1rw1r_32x256_8)
                                              2.700034   data arrival time

                                 20.000000   20.000000   clock clk_i (rise edge)
                                  0.000000   20.000000   clock source latency
     2    0.078342    0.000000    0.000000   20.000000 ^ clk_i (in)
                                                         clk_i (net)
                      0.011782    0.005890   20.005890 ^ clkbuf_0_clk_i/A (sky130_fd_sc_hd__clkbuf_16)
     2    0.040264    0.059881    0.129967   20.135859 ^ clkbuf_0_clk_i/X (sky130_fd_sc_hd__clkbuf_16)
                                                         clknet_0_clk_i (net)
                      0.059946    0.001695   20.137552 ^ clkbuf_1_0__f_clk_i/A (sky130_fd_sc_hd__clkbuf_16)
     1    0.064178    0.082493    0.158805   20.296358 ^ clkbuf_1_0__f_clk_i/X (sky130_fd_sc_hd__clkbuf_16)
                                                         clknet_1_0__leaf_clk_i (net)
                      0.118742    0.017963   20.314320 ^ u_sram/clk0 (sky130_sram_1kbyte_1rw1r_32x256_8)
                                 -0.250000   20.064320   clock uncertainty
                                  0.000000   20.064320   clock reconvergence pessimism
                                 -0.103000   19.961321   library setup time
                                             19.961321   data required time
---------------------------------------------------------------------------------------------
                                             19.961321   data required time
                                             -2.700034   data arrival time
---------------------------------------------------------------------------------------------
                                             17.261286   slack (MET)


Startpoint: axi_wvalid_i (input port clocked by clk_i)
Endpoint: u_sram (falling edge-triggered flip-flop clocked by clk_i)
Path Group: clk_i
Path Type: max

Fanout         Cap        Slew       Delay        Time   Description
---------------------------------------------------------------------------------------------
                                  0.000000    0.000000   clock clk_i (rise edge)
                                  0.000000    0.000000   clock network delay (propagated)
                                  2.000000    2.000000 ^ input external delay
     2    0.009001    0.000000    0.000000    2.000000 ^ axi_wvalid_i (in)
                                                         axi_wvalid_i (net)
                      0.000125    0.000063    2.000063 ^ _23_/C (sky130_fd_sc_hd__and3_2)
    17    0.088567    0.437307    0.454613    2.454675 ^ _23_/X (sky130_fd_sc_hd__and3_2)
                                                         axi_awready_o (net)
                      0.437326    0.002450    2.457125 ^ _36_/B1 (sky130_fd_sc_hd__a32o_2)
     1    0.014044    0.102597    0.241962    2.699087 ^ _36_/X (sky130_fd_sc_hd__a32o_2)
                                                         sram_addr0[4] (net)
                      0.136800    0.000697    2.699783 ^ u_sram/addr0[4] (sky130_sram_1kbyte_1rw1r_32x256_8)
                                              2.699783   data arrival time

                                 20.000000   20.000000   clock clk_i (rise edge)
                                  0.000000   20.000000   clock source latency
     2    0.078342    0.000000    0.000000   20.000000 ^ clk_i (in)
                                                         clk_i (net)
                      0.011782    0.005890   20.005890 ^ clkbuf_0_clk_i/A (sky130_fd_sc_hd__clkbuf_16)
     2    0.040264    0.059881    0.129967   20.135859 ^ clkbuf_0_clk_i/X (sky130_fd_sc_hd__clkbuf_16)
                                                         clknet_0_clk_i (net)
                      0.059946    0.001695   20.137552 ^ clkbuf_1_0__f_clk_i/A (sky130_fd_sc_hd__clkbuf_16)
     1    0.064178    0.082493    0.158805   20.296358 ^ clkbuf_1_0__f_clk_i/X (sky130_fd_sc_hd__clkbuf_16)
                                                         clknet_1_0__leaf_clk_i (net)
                      0.118742    0.017963   20.314320 ^ u_sram/clk0 (sky130_sram_1kbyte_1rw1r_32x256_8)
                                 -0.250000   20.064320   clock uncertainty
                                  0.000000   20.064320   clock reconvergence pessimism
                                 -0.103000   19.961321   library setup time
                                             19.961321   data required time
---------------------------------------------------------------------------------------------
                                             19.961321   data required time
                                             -2.699783   data arrival time
---------------------------------------------------------------------------------------------
                                             17.261538   slack (MET)


Startpoint: axi_wvalid_i (input port clocked by clk_i)
Endpoint: u_sram (falling edge-triggered flip-flop clocked by clk_i)
Path Group: clk_i
Path Type: max

Fanout         Cap        Slew       Delay        Time   Description
---------------------------------------------------------------------------------------------
                                  0.000000    0.000000   clock clk_i (rise edge)
                                  0.000000    0.000000   clock network delay (propagated)
                                  2.000000    2.000000 ^ input external delay
     2    0.009001    0.000000    0.000000    2.000000 ^ axi_wvalid_i (in)
                                                         axi_wvalid_i (net)
                      0.000125    0.000063    2.000063 ^ _23_/C (sky130_fd_sc_hd__and3_2)
    17    0.088567    0.437307    0.454613    2.454675 ^ _23_/X (sky130_fd_sc_hd__and3_2)
                                                         axi_awready_o (net)
                      0.437325    0.002343    2.457018 ^ _34_/B1 (sky130_fd_sc_hd__a32o_2)
     1    0.013226    0.098447    0.238639    2.695657 ^ _34_/X (sky130_fd_sc_hd__a32o_2)
                                                         sram_addr0[2] (net)
                      0.131265    0.000602    2.696259 ^ u_sram/addr0[2] (sky130_sram_1kbyte_1rw1r_32x256_8)
                                              2.696259   data arrival time

                                 20.000000   20.000000   clock clk_i (rise edge)
                                  0.000000   20.000000   clock source latency
     2    0.078342    0.000000    0.000000   20.000000 ^ clk_i (in)
                                                         clk_i (net)
                      0.011782    0.005890   20.005890 ^ clkbuf_0_clk_i/A (sky130_fd_sc_hd__clkbuf_16)
     2    0.040264    0.059881    0.129967   20.135859 ^ clkbuf_0_clk_i/X (sky130_fd_sc_hd__clkbuf_16)
                                                         clknet_0_clk_i (net)
                      0.059946    0.001695   20.137552 ^ clkbuf_1_0__f_clk_i/A (sky130_fd_sc_hd__clkbuf_16)
     1    0.064178    0.082493    0.158805   20.296358 ^ clkbuf_1_0__f_clk_i/X (sky130_fd_sc_hd__clkbuf_16)
                                                         clknet_1_0__leaf_clk_i (net)
                      0.118742    0.017963   20.314320 ^ u_sram/clk0 (sky130_sram_1kbyte_1rw1r_32x256_8)
                                 -0.250000   20.064320   clock uncertainty
                                  0.000000   20.064320   clock reconvergence pessimism
                                 -0.103000   19.961321   library setup time
                                             19.961321   data required time
---------------------------------------------------------------------------------------------
                                             19.961321   data required time
                                             -2.696259   data arrival time
---------------------------------------------------------------------------------------------
                                             17.265060   slack (MET)


Startpoint: axi_wvalid_i (input port clocked by clk_i)
Endpoint: u_sram (falling edge-triggered flip-flop clocked by clk_i)
Path Group: clk_i
Path Type: max

Fanout         Cap        Slew       Delay        Time   Description
---------------------------------------------------------------------------------------------
                                  0.000000    0.000000   clock clk_i (rise edge)
                                  0.000000    0.000000   clock network delay (propagated)
                                  2.000000    2.000000 ^ input external delay
     2    0.009001    0.000000    0.000000    2.000000 ^ axi_wvalid_i (in)
                                                         axi_wvalid_i (net)
                      0.000125    0.000063    2.000063 ^ _23_/C (sky130_fd_sc_hd__and3_2)
    17    0.088567    0.437307    0.454613    2.454675 ^ _23_/X (sky130_fd_sc_hd__and3_2)
                                                         axi_awready_o (net)
                      0.437327    0.002506    2.457181 ^ _33_/B1 (sky130_fd_sc_hd__a32o_2)
     1    0.012637    0.095391    0.236245    2.693425 ^ _33_/X (sky130_fd_sc_hd__a32o_2)
                                                         sram_addr0[1] (net)
                      0.127189    0.000546    2.693972 ^ u_sram/addr0[1] (sky130_sram_1kbyte_1rw1r_32x256_8)
                                              2.693972   data arrival time

                                 20.000000   20.000000   clock clk_i (rise edge)
                                  0.000000   20.000000   clock source latency
     2    0.078342    0.000000    0.000000   20.000000 ^ clk_i (in)
                                                         clk_i (net)
                      0.011782    0.005890   20.005890 ^ clkbuf_0_clk_i/A (sky130_fd_sc_hd__clkbuf_16)
     2    0.040264    0.059881    0.129967   20.135859 ^ clkbuf_0_clk_i/X (sky130_fd_sc_hd__clkbuf_16)
                                                         clknet_0_clk_i (net)
                      0.059946    0.001695   20.137552 ^ clkbuf_1_0__f_clk_i/A (sky130_fd_sc_hd__clkbuf_16)
     1    0.064178    0.082493    0.158805   20.296358 ^ clkbuf_1_0__f_clk_i/X (sky130_fd_sc_hd__clkbuf_16)
                                                         clknet_1_0__leaf_clk_i (net)
                      0.118742    0.017963   20.314320 ^ u_sram/clk0 (sky130_sram_1kbyte_1rw1r_32x256_8)
                                 -0.250000   20.064320   clock uncertainty
                                  0.000000   20.064320   clock reconvergence pessimism
                                 -0.103000   19.961321   library setup time
                                             19.961321   data required time
---------------------------------------------------------------------------------------------
                                             19.961321   data required time
                                             -2.693972   data arrival time
---------------------------------------------------------------------------------------------
                                             17.267349   slack (MET)


Startpoint: axi_wvalid_i (input port clocked by clk_i)
Endpoint: _46_ (rising edge-triggered flip-flop clocked by clk_i)
Path Group: clk_i
Path Type: max

Fanout         Cap        Slew       Delay        Time   Description
---------------------------------------------------------------------------------------------
                                  0.000000    0.000000   clock clk_i (rise edge)
                                  0.000000    0.000000   clock network delay (propagated)
                                  2.000000    2.000000 v input external delay
     2    0.008457    0.000000    0.000000    2.000000 v axi_wvalid_i (in)
                                                         axi_wvalid_i (net)
                      0.000117    0.000059    2.000059 v _23_/C (sky130_fd_sc_hd__and3_2)
    17    0.084395    0.210592    0.351537    2.351595 v _23_/X (sky130_fd_sc_hd__and3_2)
                                                         axi_awready_o (net)
                      0.210636    0.002599    2.354195 v _28_/B1 (sky130_fd_sc_hd__a21o_2)
     1    0.006599    0.043079    0.259388    2.613583 v _28_/X (sky130_fd_sc_hd__a21o_2)
                                                         _02_ (net)
                      0.043079    0.000266    2.613848 v _46_/D (sky130_fd_sc_hd__dfrtp_2)
                                              2.613848   data arrival time

                                 20.000000   20.000000   clock clk_i (rise edge)
                                  0.000000   20.000000   clock source latency
     2    0.078342    0.000000    0.000000   20.000000 ^ clk_i (in)
                                                         clk_i (net)
                      0.007178    0.003588   20.003590 ^ clkbuf_regs_0_clk_i/A (sky130_fd_sc_hd__clkbuf_16)
     1    0.008414    0.031996    0.101000   20.104589 ^ clkbuf_regs_0_clk_i/X (sky130_fd_sc_hd__clkbuf_16)
                                                         clk_i_regs (net)
                      0.031996    0.000261   20.104851 ^ clkbuf_0_clk_i_regs/A (sky130_fd_sc_hd__clkbuf_16)
     2    0.018956    0.040955    0.119616   20.224466 ^ clkbuf_0_clk_i_regs/X (sky130_fd_sc_hd__clkbuf_16)
                                                         clknet_0_clk_i_regs (net)
                      0.040956    0.000467   20.224934 ^ clkbuf_1_1__f_clk_i_regs/A (sky130_fd_sc_hd__clkbuf_16)
     3    0.007511    0.031186    0.111998   20.336931 ^ clkbuf_1_1__f_clk_i_regs/X (sky130_fd_sc_hd__clkbuf_16)
                                                         clknet_1_1__leaf_clk_i_regs (net)
                      0.031186    0.000158   20.337090 ^ _46_/CLK (sky130_fd_sc_hd__dfrtp_2)
                                 -0.250000   20.087090   clock uncertainty
                                  0.000000   20.087090   clock reconvergence pessimism
                                 -0.117846   19.969244   library setup time
                                             19.969244   data required time
---------------------------------------------------------------------------------------------
                                             19.969244   data required time
                                             -2.613848   data arrival time
---------------------------------------------------------------------------------------------
                                             17.355396   slack (MET)


Startpoint: axi_wvalid_i (input port clocked by clk_i)
Endpoint: u_sram (falling edge-triggered flip-flop clocked by clk_i)
Path Group: clk_i
Path Type: max

Fanout         Cap        Slew       Delay        Time   Description
---------------------------------------------------------------------------------------------
                                  0.000000    0.000000   clock clk_i (rise edge)
                                  0.000000    0.000000   clock network delay (propagated)
                                  2.000000    2.000000 v input external delay
     2    0.008457    0.000000    0.000000    2.000000 v axi_wvalid_i (in)
                                                         axi_wvalid_i (net)
                      0.000117    0.000059    2.000059 v _23_/C (sky130_fd_sc_hd__and3_2)
    17    0.084395    0.210592    0.351537    2.351595 v _23_/X (sky130_fd_sc_hd__and3_2)
                                                         axi_awready_o (net)
                      0.210943    0.007167    2.358763 v _29_/A (sky130_fd_sc_hd__nor2_2)
     1    0.011178    0.148269    0.218044    2.576807 ^ _29_/Y (sky130_fd_sc_hd__nor2_2)
                                                         sram_csb0 (net)
                      0.197692    0.000386    2.577193 ^ u_sram/csb0 (sky130_sram_1kbyte_1rw1r_32x256_8)
                                              2.577193   data arrival time

                                 20.000000   20.000000   clock clk_i (rise edge)
                                  0.000000   20.000000   clock source latency
     2    0.078342    0.000000    0.000000   20.000000 ^ clk_i (in)
                                                         clk_i (net)
                      0.011782    0.005890   20.005890 ^ clkbuf_0_clk_i/A (sky130_fd_sc_hd__clkbuf_16)
     2    0.040264    0.059881    0.129967   20.135859 ^ clkbuf_0_clk_i/X (sky130_fd_sc_hd__clkbuf_16)
                                                         clknet_0_clk_i (net)
                      0.059946    0.001695   20.137552 ^ clkbuf_1_0__f_clk_i/A (sky130_fd_sc_hd__clkbuf_16)
     1    0.064178    0.082493    0.158805   20.296358 ^ clkbuf_1_0__f_clk_i/X (sky130_fd_sc_hd__clkbuf_16)
                                                         clknet_1_0__leaf_clk_i (net)
                      0.118742    0.017963   20.314320 ^ u_sram/clk0 (sky130_sram_1kbyte_1rw1r_32x256_8)
                                 -0.250000   20.064320   clock uncertainty
                                  0.000000   20.064320   clock reconvergence pessimism
                                 -0.103000   19.961321   library setup time
                                             19.961321   data required time
---------------------------------------------------------------------------------------------
                                             19.961321   data required time
                                             -2.577193   data arrival time
---------------------------------------------------------------------------------------------
                                             17.384129   slack (MET)


Startpoint: axi_wvalid_i (input port clocked by clk_i)
Endpoint: u_sram (falling edge-triggered flip-flop clocked by clk_i)
Path Group: clk_i
Path Type: max

Fanout         Cap        Slew       Delay        Time   Description
---------------------------------------------------------------------------------------------
                                  0.000000    0.000000   clock clk_i (rise edge)
                                  0.000000    0.000000   clock network delay (propagated)
                                  2.000000    2.000000 ^ input external delay
     2    0.009001    0.000000    0.000000    2.000000 ^ axi_wvalid_i (in)
                                                         axi_wvalid_i (net)
                      0.000125    0.000063    2.000063 ^ _23_/C (sky130_fd_sc_hd__and3_2)
    17    0.088567    0.437307    0.454613    2.454675 ^ _23_/X (sky130_fd_sc_hd__and3_2)
                                                         axi_awready_o (net)
                      0.437513    0.007893    2.462568 ^ _24_/A (sky130_fd_sc_hd__inv_2)
     1    0.009149    0.086233    0.086283    2.548851 v _24_/Y (sky130_fd_sc_hd__inv_2)
                                                         sram_web0 (net)
                      0.114979    0.000283    2.549134 v u_sram/web0 (sky130_sram_1kbyte_1rw1r_32x256_8)
                                              2.549134   data arrival time

                                 20.000000   20.000000   clock clk_i (rise edge)
                                  0.000000   20.000000   clock source latency
     2    0.078342    0.000000    0.000000   20.000000 ^ clk_i (in)
                                                         clk_i (net)
                      0.011782    0.005890   20.005890 ^ clkbuf_0_clk_i/A (sky130_fd_sc_hd__clkbuf_16)
     2    0.040264    0.059881    0.129967   20.135859 ^ clkbuf_0_clk_i/X (sky130_fd_sc_hd__clkbuf_16)
                                                         clknet_0_clk_i (net)
                      0.059946    0.001695   20.137552 ^ clkbuf_1_0__f_clk_i/A (sky130_fd_sc_hd__clkbuf_16)
     1    0.064178    0.082493    0.158805   20.296358 ^ clkbuf_1_0__f_clk_i/X (sky130_fd_sc_hd__clkbuf_16)
                                                         clknet_1_0__leaf_clk_i (net)
                      0.118742    0.017963   20.314320 ^ u_sram/clk0 (sky130_sram_1kbyte_1rw1r_32x256_8)
                                 -0.250000   20.064320   clock uncertainty
                                  0.000000   20.064320   clock reconvergence pessimism
                                 -0.103000   19.961321   library setup time
                                             19.961321   data required time
---------------------------------------------------------------------------------------------
                                             19.961321   data required time
                                             -2.549134   data arrival time
---------------------------------------------------------------------------------------------
                                             17.412186   slack (MET)


Startpoint: axi_arvalid_i (input port clocked by clk_i)
Endpoint: _47_ (rising edge-triggered flip-flop clocked by clk_i)
Path Group: clk_i
Path Type: max

Fanout         Cap        Slew       Delay        Time   Description
---------------------------------------------------------------------------------------------
                                  0.000000    0.000000   clock clk_i (rise edge)
                                  0.000000    0.000000   clock network delay (propagated)
                                  2.000000    2.000000 v input external delay
     2    0.008197    0.000000    0.000000    2.000000 v axi_arvalid_i (in)
                                                         axi_arvalid_i (net)
                      0.000097    0.000048    2.000048 v _25_/B (sky130_fd_sc_hd__and2_2)
    11    0.058959    0.150537    0.284317    2.284365 v _25_/X (sky130_fd_sc_hd__and2_2)
                                                         _08_ (net)
                      0.150538    0.001005    2.285370 v _44_/B (sky130_fd_sc_hd__and2_2)
     1    0.007326    0.046594    0.247333    2.532703 v _44_/X (sky130_fd_sc_hd__and2_2)
                                                         _00_ (net)
                      0.046594    0.000283    2.532986 v _47_/D (sky130_fd_sc_hd__dfrtp_2)
                                              2.532986   data arrival time

                                 20.000000   20.000000   clock clk_i (rise edge)
                                  0.000000   20.000000   clock source latency
     2    0.078342    0.000000    0.000000   20.000000 ^ clk_i (in)
                                                         clk_i (net)
                      0.007178    0.003588   20.003590 ^ clkbuf_regs_0_clk_i/A (sky130_fd_sc_hd__clkbuf_16)
     1    0.008414    0.031996    0.101000   20.104589 ^ clkbuf_regs_0_clk_i/X (sky130_fd_sc_hd__clkbuf_16)
                                                         clk_i_regs (net)
                      0.031996    0.000261   20.104851 ^ clkbuf_0_clk_i_regs/A (sky130_fd_sc_hd__clkbuf_16)
     2    0.018956    0.040955    0.119616   20.224466 ^ clkbuf_0_clk_i_regs/X (sky130_fd_sc_hd__clkbuf_16)
                                                         clknet_0_clk_i_regs (net)
                      0.040956    0.000426   20.224892 ^ clkbuf_1_0__f_clk_i_regs/A (sky130_fd_sc_hd__clkbuf_16)
     2    0.005158    0.028910    0.109239   20.334131 ^ clkbuf_1_0__f_clk_i_regs/X (sky130_fd_sc_hd__clkbuf_16)
                                                         clknet_1_0__leaf_clk_i_regs (net)
                      0.028910    0.000133   20.334265 ^ _47_/CLK (sky130_fd_sc_hd__dfrtp_2)
                                 -0.250000   20.084265   clock uncertainty
                                  0.000000   20.084265   clock reconvergence pessimism
                                 -0.119916   19.964350   library setup time
                                             19.964350   data required time
---------------------------------------------------------------------------------------------
                                             19.964350   data required time
                                             -2.532986   data arrival time
---------------------------------------------------------------------------------------------
                                             17.431362   slack (MET)


Startpoint: axi_wvalid_i (input port clocked by clk_i)
Endpoint: _45_ (rising edge-triggered flip-flop clocked by clk_i)
Path Group: clk_i
Path Type: max

Fanout         Cap        Slew       Delay        Time   Description
---------------------------------------------------------------------------------------------
                                  0.000000    0.000000   clock clk_i (rise edge)
                                  0.000000    0.000000   clock network delay (propagated)
                                  2.000000    2.000000 ^ input external delay
     2    0.009001    0.000000    0.000000    2.000000 ^ axi_wvalid_i (in)
                                                         axi_wvalid_i (net)
                      0.000160    0.000080    2.000080 ^ _22_/B (sky130_fd_sc_hd__nand2_2)
    11    0.056586    0.222835    0.175981    2.176061 v _22_/Y (sky130_fd_sc_hd__nand2_2)
                                                         _07_ (net)
                      0.222870    0.002367    2.178428 v _31_/A3 (sky130_fd_sc_hd__a31o_2)
     1    0.007276    0.047629    0.326052    2.504480 v _31_/X (sky130_fd_sc_hd__a31o_2)
                                                         _01_ (net)
                      0.047629    0.000275    2.504755 v _45_/D (sky130_fd_sc_hd__dfstp_2)
                                              2.504755   data arrival time

                                 20.000000   20.000000   clock clk_i (rise edge)
                                  0.000000   20.000000   clock source latency
     2    0.078342    0.000000    0.000000   20.000000 ^ clk_i (in)
                                                         clk_i (net)
                      0.007178    0.003588   20.003590 ^ clkbuf_regs_0_clk_i/A (sky130_fd_sc_hd__clkbuf_16)
     1    0.008414    0.031996    0.101000   20.104589 ^ clkbuf_regs_0_clk_i/X (sky130_fd_sc_hd__clkbuf_16)
                                                         clk_i_regs (net)
                      0.031996    0.000261   20.104851 ^ clkbuf_0_clk_i_regs/A (sky130_fd_sc_hd__clkbuf_16)
     2    0.018956    0.040955    0.119616   20.224466 ^ clkbuf_0_clk_i_regs/X (sky130_fd_sc_hd__clkbuf_16)
                                                         clknet_0_clk_i_regs (net)
                      0.040956    0.000426   20.224892 ^ clkbuf_1_0__f_clk_i_regs/A (sky130_fd_sc_hd__clkbuf_16)
     2    0.005158    0.028910    0.109239   20.334131 ^ clkbuf_1_0__f_clk_i_regs/X (sky130_fd_sc_hd__clkbuf_16)
                                                         clknet_1_0__leaf_clk_i_regs (net)
                      0.028910    0.000130   20.334261 ^ _45_/CLK (sky130_fd_sc_hd__dfstp_2)
                                 -0.250000   20.084263   clock uncertainty
                                  0.000000   20.084263   clock reconvergence pessimism
                                 -0.076044   20.008219   library setup time
                                             20.008219   data required time
---------------------------------------------------------------------------------------------
                                             20.008219   data required time
                                             -2.504755   data arrival time
---------------------------------------------------------------------------------------------
                                             17.503464   slack (MET)


Startpoint: axi_wdata_i[10] (input port clocked by clk_i)
Endpoint: u_sram (falling edge-triggered flip-flop clocked by clk_i)
Path Group: clk_i
Path Type: max

Fanout         Cap        Slew       Delay        Time   Description
---------------------------------------------------------------------------------------------
                                  0.000000    0.000000   clock clk_i (rise edge)
                                  0.000000    0.000000   clock network delay (propagated)
                                  2.000000    2.000000 ^ input external delay
     1    0.015871    0.000000    0.000000    2.000000 ^ axi_wdata_i[10] (in)
                                                         axi_wdata_i[10] (net)
                      0.002416    0.000572    2.000572 ^ u_sram/din0[10] (sky130_sram_1kbyte_1rw1r_32x256_8)
                                              2.000572   data arrival time

                                 20.000000   20.000000   clock clk_i (rise edge)
                                  0.000000   20.000000   clock source latency
     2    0.078342    0.000000    0.000000   20.000000 ^ clk_i (in)
                                                         clk_i (net)
                      0.011782    0.005890   20.005890 ^ clkbuf_0_clk_i/A (sky130_fd_sc_hd__clkbuf_16)
     2    0.040264    0.059881    0.129967   20.135859 ^ clkbuf_0_clk_i/X (sky130_fd_sc_hd__clkbuf_16)
                                                         clknet_0_clk_i (net)
                      0.059946    0.001695   20.137552 ^ clkbuf_1_0__f_clk_i/A (sky130_fd_sc_hd__clkbuf_16)
     1    0.064178    0.082493    0.158805   20.296358 ^ clkbuf_1_0__f_clk_i/X (sky130_fd_sc_hd__clkbuf_16)
                                                         clknet_1_0__leaf_clk_i (net)
                      0.118742    0.017963   20.314320 ^ u_sram/clk0 (sky130_sram_1kbyte_1rw1r_32x256_8)
                                 -0.250000   20.064320   clock uncertainty
                                  0.000000   20.064320   clock reconvergence pessimism
                                 -0.103000   19.961321   library setup time
                                             19.961321   data required time
---------------------------------------------------------------------------------------------
                                             19.961321   data required time
                                             -2.000572   data arrival time
---------------------------------------------------------------------------------------------
                                             17.960749   slack (MET)


Startpoint: axi_wdata_i[11] (input port clocked by clk_i)
Endpoint: u_sram (falling edge-triggered flip-flop clocked by clk_i)
Path Group: clk_i
Path Type: max

Fanout         Cap        Slew       Delay        Time   Description
---------------------------------------------------------------------------------------------
                                  0.000000    0.000000   clock clk_i (rise edge)
                                  0.000000    0.000000   clock network delay (propagated)
                                  2.000000    2.000000 ^ input external delay
     1    0.015883    0.000000    0.000000    2.000000 ^ axi_wdata_i[11] (in)
                                                         axi_wdata_i[11] (net)
                      0.002434    0.000576    2.000576 ^ u_sram/din0[11] (sky130_sram_1kbyte_1rw1r_32x256_8)
                                              2.000576   data arrival time

                                 20.000000   20.000000   clock clk_i (rise edge)
                                  0.000000   20.000000   clock source latency
     2    0.078342    0.000000    0.000000   20.000000 ^ clk_i (in)
                                                         clk_i (net)
                      0.011782    0.005890   20.005890 ^ clkbuf_0_clk_i/A (sky130_fd_sc_hd__clkbuf_16)
     2    0.040264    0.059881    0.129967   20.135859 ^ clkbuf_0_clk_i/X (sky130_fd_sc_hd__clkbuf_16)
                                                         clknet_0_clk_i (net)
                      0.059946    0.001695   20.137552 ^ clkbuf_1_0__f_clk_i/A (sky130_fd_sc_hd__clkbuf_16)
     1    0.064178    0.082493    0.158805   20.296358 ^ clkbuf_1_0__f_clk_i/X (sky130_fd_sc_hd__clkbuf_16)
                                                         clknet_1_0__leaf_clk_i (net)
                      0.118742    0.017963   20.314320 ^ u_sram/clk0 (sky130_sram_1kbyte_1rw1r_32x256_8)
                                 -0.250000   20.064320   clock uncertainty
                                  0.000000   20.064320   clock reconvergence pessimism
                                 -0.103000   19.961321   library setup time
                                             19.961321   data required time
---------------------------------------------------------------------------------------------
                                             19.961321   data required time
                                             -2.000576   data arrival time
---------------------------------------------------------------------------------------------
                                             17.960745   slack (MET)


Startpoint: axi_wdata_i[12] (input port clocked by clk_i)
Endpoint: u_sram (falling edge-triggered flip-flop clocked by clk_i)
Path Group: clk_i
Path Type: max

Fanout         Cap        Slew       Delay        Time   Description
---------------------------------------------------------------------------------------------
                                  0.000000    0.000000   clock clk_i (rise edge)
                                  0.000000    0.000000   clock network delay (propagated)
                                  2.000000    2.000000 ^ input external delay
     1    0.015831    0.000000    0.000000    2.000000 ^ axi_wdata_i[12] (in)
                                                         axi_wdata_i[12] (net)
                      0.002406    0.000569    2.000569 ^ u_sram/din0[12] (sky130_sram_1kbyte_1rw1r_32x256_8)
                                              2.000569   data arrival time

                                 20.000000   20.000000   clock clk_i (rise edge)
                                  0.000000   20.000000   clock source latency
     2    0.078342    0.000000    0.000000   20.000000 ^ clk_i (in)
                                                         clk_i (net)
                      0.011782    0.005890   20.005890 ^ clkbuf_0_clk_i/A (sky130_fd_sc_hd__clkbuf_16)
     2    0.040264    0.059881    0.129967   20.135859 ^ clkbuf_0_clk_i/X (sky130_fd_sc_hd__clkbuf_16)
                                                         clknet_0_clk_i (net)
                      0.059946    0.001695   20.137552 ^ clkbuf_1_0__f_clk_i/A (sky130_fd_sc_hd__clkbuf_16)
     1    0.064178    0.082493    0.158805   20.296358 ^ clkbuf_1_0__f_clk_i/X (sky130_fd_sc_hd__clkbuf_16)
                                                         clknet_1_0__leaf_clk_i (net)
                      0.118742    0.017963   20.314320 ^ u_sram/clk0 (sky130_sram_1kbyte_1rw1r_32x256_8)
                                 -0.250000   20.064320   clock uncertainty
                                  0.000000   20.064320   clock reconvergence pessimism
                                 -0.103000   19.961321   library setup time
                                             19.961321   data required time
---------------------------------------------------------------------------------------------
                                             19.961321   data required time
                                             -2.000569   data arrival time
---------------------------------------------------------------------------------------------
                                             17.960752   slack (MET)


Startpoint: axi_wdata_i[13] (input port clocked by clk_i)
Endpoint: u_sram (falling edge-triggered flip-flop clocked by clk_i)
Path Group: clk_i
Path Type: max

Fanout         Cap        Slew       Delay        Time   Description
---------------------------------------------------------------------------------------------
                                  0.000000    0.000000   clock clk_i (rise edge)
                                  0.000000    0.000000   clock network delay (propagated)
                                  2.000000    2.000000 ^ input external delay
     1    0.015811    0.000000    0.000000    2.000000 ^ axi_wdata_i[13] (in)
                                                         axi_wdata_i[13] (net)
                      0.002402    0.000568    2.000568 ^ u_sram/din0[13] (sky130_sram_1kbyte_1rw1r_32x256_8)
                                              2.000568   data arrival time

                                 20.000000   20.000000   clock clk_i (rise edge)
                                  0.000000   20.000000   clock source latency
     2    0.078342    0.000000    0.000000   20.000000 ^ clk_i (in)
                                                         clk_i (net)
                      0.011782    0.005890   20.005890 ^ clkbuf_0_clk_i/A (sky130_fd_sc_hd__clkbuf_16)
     2    0.040264    0.059881    0.129967   20.135859 ^ clkbuf_0_clk_i/X (sky130_fd_sc_hd__clkbuf_16)
                                                         clknet_0_clk_i (net)
                      0.059946    0.001695   20.137552 ^ clkbuf_1_0__f_clk_i/A (sky130_fd_sc_hd__clkbuf_16)
     1    0.064178    0.082493    0.158805   20.296358 ^ clkbuf_1_0__f_clk_i/X (sky130_fd_sc_hd__clkbuf_16)
                                                         clknet_1_0__leaf_clk_i (net)
                      0.118742    0.017963   20.314320 ^ u_sram/clk0 (sky130_sram_1kbyte_1rw1r_32x256_8)
                                 -0.250000   20.064320   clock uncertainty
                                  0.000000   20.064320   clock reconvergence pessimism
                                 -0.103000   19.961321   library setup time
                                             19.961321   data required time
---------------------------------------------------------------------------------------------
                                             19.961321   data required time
                                             -2.000568   data arrival time
---------------------------------------------------------------------------------------------
                                             17.960752   slack (MET)


Startpoint: axi_wdata_i[14] (input port clocked by clk_i)
Endpoint: u_sram (falling edge-triggered flip-flop clocked by clk_i)
Path Group: clk_i
Path Type: max

Fanout         Cap        Slew       Delay        Time   Description
---------------------------------------------------------------------------------------------
                                  0.000000    0.000000   clock clk_i (rise edge)
                                  0.000000    0.000000   clock network delay (propagated)
                                  2.000000    2.000000 ^ input external delay
     1    0.015856    0.000000    0.000000    2.000000 ^ axi_wdata_i[14] (in)
                                                         axi_wdata_i[14] (net)
                      0.002411    0.000570    2.000571 ^ u_sram/din0[14] (sky130_sram_1kbyte_1rw1r_32x256_8)
                                              2.000571   data arrival time

                                 20.000000   20.000000   clock clk_i (rise edge)
                                  0.000000   20.000000   clock source latency
     2    0.078342    0.000000    0.000000   20.000000 ^ clk_i (in)
                                                         clk_i (net)
                      0.011782    0.005890   20.005890 ^ clkbuf_0_clk_i/A (sky130_fd_sc_hd__clkbuf_16)
     2    0.040264    0.059881    0.129967   20.135859 ^ clkbuf_0_clk_i/X (sky130_fd_sc_hd__clkbuf_16)
                                                         clknet_0_clk_i (net)
                      0.059946    0.001695   20.137552 ^ clkbuf_1_0__f_clk_i/A (sky130_fd_sc_hd__clkbuf_16)
     1    0.064178    0.082493    0.158805   20.296358 ^ clkbuf_1_0__f_clk_i/X (sky130_fd_sc_hd__clkbuf_16)
                                                         clknet_1_0__leaf_clk_i (net)
                      0.118742    0.017963   20.314320 ^ u_sram/clk0 (sky130_sram_1kbyte_1rw1r_32x256_8)
                                 -0.250000   20.064320   clock uncertainty
                                  0.000000   20.064320   clock reconvergence pessimism
                                 -0.103000   19.961321   library setup time
                                             19.961321   data required time
---------------------------------------------------------------------------------------------
                                             19.961321   data required time
                                             -2.000571   data arrival time
---------------------------------------------------------------------------------------------
                                             17.960751   slack (MET)


Startpoint: axi_wdata_i[25] (input port clocked by clk_i)
Endpoint: u_sram (falling edge-triggered flip-flop clocked by clk_i)
Path Group: clk_i
Path Type: max

Fanout         Cap        Slew       Delay        Time   Description
---------------------------------------------------------------------------------------------
                                  0.000000    0.000000   clock clk_i (rise edge)
                                  0.000000    0.000000   clock network delay (propagated)
                                  2.000000    2.000000 ^ input external delay
     1    0.016115    0.000000    0.000000    2.000000 ^ axi_wdata_i[25] (in)
                                                         axi_wdata_i[25] (net)
                      0.002459    0.000582    2.000582 ^ u_sram/din0[25] (sky130_sram_1kbyte_1rw1r_32x256_8)
                                              2.000582   data arrival time

                                 20.000000   20.000000   clock clk_i (rise edge)
                                  0.000000   20.000000   clock source latency
     2    0.078342    0.000000    0.000000   20.000000 ^ clk_i (in)
                                                         clk_i (net)
                      0.011782    0.005890   20.005890 ^ clkbuf_0_clk_i/A (sky130_fd_sc_hd__clkbuf_16)
     2    0.040264    0.059881    0.129967   20.135859 ^ clkbuf_0_clk_i/X (sky130_fd_sc_hd__clkbuf_16)
                                                         clknet_0_clk_i (net)
                      0.059946    0.001695   20.137552 ^ clkbuf_1_0__f_clk_i/A (sky130_fd_sc_hd__clkbuf_16)
     1    0.064178    0.082493    0.158805   20.296358 ^ clkbuf_1_0__f_clk_i/X (sky130_fd_sc_hd__clkbuf_16)
                                                         clknet_1_0__leaf_clk_i (net)
                      0.118742    0.017963   20.314320 ^ u_sram/clk0 (sky130_sram_1kbyte_1rw1r_32x256_8)
                                 -0.250000   20.064320   clock uncertainty
                                  0.000000   20.064320   clock reconvergence pessimism
                                 -0.103000   19.961321   library setup time
                                             19.961321   data required time
---------------------------------------------------------------------------------------------
                                             19.961321   data required time
                                             -2.000582   data arrival time
---------------------------------------------------------------------------------------------
                                             17.960739   slack (MET)


Startpoint: axi_wdata_i[23] (input port clocked by clk_i)
Endpoint: u_sram (falling edge-triggered flip-flop clocked by clk_i)
Path Group: clk_i
Path Type: max

Fanout         Cap        Slew       Delay        Time   Description
---------------------------------------------------------------------------------------------
                                  0.000000    0.000000   clock clk_i (rise edge)
                                  0.000000    0.000000   clock network delay (propagated)
                                  2.000000    2.000000 ^ input external delay
     1    0.015609    0.000000    0.000000    2.000000 ^ axi_wdata_i[23] (in)
                                                         axi_wdata_i[23] (net)
                      0.002366    0.000560    2.000560 ^ u_sram/din0[23] (sky130_sram_1kbyte_1rw1r_32x256_8)
                                              2.000560   data arrival time

                                 20.000000   20.000000   clock clk_i (rise edge)
                                  0.000000   20.000000   clock source latency
     2    0.078342    0.000000    0.000000   20.000000 ^ clk_i (in)
                                                         clk_i (net)
                      0.011782    0.005890   20.005890 ^ clkbuf_0_clk_i/A (sky130_fd_sc_hd__clkbuf_16)
     2    0.040264    0.059881    0.129967   20.135859 ^ clkbuf_0_clk_i/X (sky130_fd_sc_hd__clkbuf_16)
                                                         clknet_0_clk_i (net)
                      0.059946    0.001695   20.137552 ^ clkbuf_1_0__f_clk_i/A (sky130_fd_sc_hd__clkbuf_16)
     1    0.064178    0.082493    0.158805   20.296358 ^ clkbuf_1_0__f_clk_i/X (sky130_fd_sc_hd__clkbuf_16)
                                                         clknet_1_0__leaf_clk_i (net)
                      0.118742    0.017963   20.314320 ^ u_sram/clk0 (sky130_sram_1kbyte_1rw1r_32x256_8)
                                 -0.250000   20.064320   clock uncertainty
                                  0.000000   20.064320   clock reconvergence pessimism
                                 -0.103000   19.961321   library setup time
                                             19.961321   data required time
---------------------------------------------------------------------------------------------
                                             19.961321   data required time
                                             -2.000560   data arrival time
---------------------------------------------------------------------------------------------
                                             17.960760   slack (MET)


Startpoint: axi_wdata_i[27] (input port clocked by clk_i)
Endpoint: u_sram (falling edge-triggered flip-flop clocked by clk_i)
Path Group: clk_i
Path Type: max

Fanout         Cap        Slew       Delay        Time   Description
---------------------------------------------------------------------------------------------
                                  0.000000    0.000000   clock clk_i (rise edge)
                                  0.000000    0.000000   clock network delay (propagated)
                                  2.000000    2.000000 ^ input external delay
     1    0.015882    0.000000    0.000000    2.000000 ^ axi_wdata_i[27] (in)
                                                         axi_wdata_i[27] (net)
                      0.002434    0.000576    2.000576 ^ u_sram/din0[27] (sky130_sram_1kbyte_1rw1r_32x256_8)
                                              2.000576   data arrival time

                                 20.000000   20.000000   clock clk_i (rise edge)
                                  0.000000   20.000000   clock source latency
     2    0.078342    0.000000    0.000000   20.000000 ^ clk_i (in)
                                                         clk_i (net)
                      0.011782    0.005890   20.005890 ^ clkbuf_0_clk_i/A (sky130_fd_sc_hd__clkbuf_16)
     2    0.040264    0.059881    0.129967   20.135859 ^ clkbuf_0_clk_i/X (sky130_fd_sc_hd__clkbuf_16)
                                                         clknet_0_clk_i (net)
                      0.059946    0.001695   20.137552 ^ clkbuf_1_0__f_clk_i/A (sky130_fd_sc_hd__clkbuf_16)
     1    0.064178    0.082493    0.158805   20.296358 ^ clkbuf_1_0__f_clk_i/X (sky130_fd_sc_hd__clkbuf_16)
                                                         clknet_1_0__leaf_clk_i (net)
                      0.118742    0.017963   20.314320 ^ u_sram/clk0 (sky130_sram_1kbyte_1rw1r_32x256_8)
                                 -0.250000   20.064320   clock uncertainty
                                  0.000000   20.064320   clock reconvergence pessimism
                                 -0.103000   19.961321   library setup time
                                             19.961321   data required time
---------------------------------------------------------------------------------------------
                                             19.961321   data required time
                                             -2.000576   data arrival time
---------------------------------------------------------------------------------------------
                                             17.960745   slack (MET)


Startpoint: axi_wdata_i[19] (input port clocked by clk_i)
Endpoint: u_sram (falling edge-triggered flip-flop clocked by clk_i)
Path Group: clk_i
Path Type: max

Fanout         Cap        Slew       Delay        Time   Description
---------------------------------------------------------------------------------------------
                                  0.000000    0.000000   clock clk_i (rise edge)
                                  0.000000    0.000000   clock network delay (propagated)
                                  2.000000    2.000000 ^ input external delay
     1    0.015116    0.000000    0.000000    2.000000 ^ axi_wdata_i[19] (in)
                                                         axi_wdata_i[19] (net)
                      0.002280    0.000539    2.000539 ^ u_sram/din0[19] (sky130_sram_1kbyte_1rw1r_32x256_8)
                                              2.000539   data arrival time

                                 20.000000   20.000000   clock clk_i (rise edge)
                                  0.000000   20.000000   clock source latency
     2    0.078342    0.000000    0.000000   20.000000 ^ clk_i (in)
                                                         clk_i (net)
                      0.011782    0.005890   20.005890 ^ clkbuf_0_clk_i/A (sky130_fd_sc_hd__clkbuf_16)
     2    0.040264    0.059881    0.129967   20.135859 ^ clkbuf_0_clk_i/X (sky130_fd_sc_hd__clkbuf_16)
                                                         clknet_0_clk_i (net)
                      0.059946    0.001695   20.137552 ^ clkbuf_1_0__f_clk_i/A (sky130_fd_sc_hd__clkbuf_16)
     1    0.064178    0.082493    0.158805   20.296358 ^ clkbuf_1_0__f_clk_i/X (sky130_fd_sc_hd__clkbuf_16)
                                                         clknet_1_0__leaf_clk_i (net)
                      0.118742    0.017963   20.314320 ^ u_sram/clk0 (sky130_sram_1kbyte_1rw1r_32x256_8)
                                 -0.250000   20.064320   clock uncertainty
                                  0.000000   20.064320   clock reconvergence pessimism
                                 -0.103000   19.961321   library setup time
                                             19.961321   data required time
---------------------------------------------------------------------------------------------
                                             19.961321   data required time
                                             -2.000539   data arrival time
---------------------------------------------------------------------------------------------
                                             17.960779   slack (MET)


Startpoint: axi_wdata_i[21] (input port clocked by clk_i)
Endpoint: u_sram (falling edge-triggered flip-flop clocked by clk_i)
Path Group: clk_i
Path Type: max

Fanout         Cap        Slew       Delay        Time   Description
---------------------------------------------------------------------------------------------
                                  0.000000    0.000000   clock clk_i (rise edge)
                                  0.000000    0.000000   clock network delay (propagated)
                                  2.000000    2.000000 ^ input external delay
     1    0.015539    0.000000    0.000000    2.000000 ^ axi_wdata_i[21] (in)
                                                         axi_wdata_i[21] (net)
                      0.002337    0.000553    2.000553 ^ u_sram/din0[21] (sky130_sram_1kbyte_1rw1r_32x256_8)
                                              2.000553   data arrival time

                                 20.000000   20.000000   clock clk_i (rise edge)
                                  0.000000   20.000000   clock source latency
     2    0.078342    0.000000    0.000000   20.000000 ^ clk_i (in)
                                                         clk_i (net)
                      0.011782    0.005890   20.005890 ^ clkbuf_0_clk_i/A (sky130_fd_sc_hd__clkbuf_16)
     2    0.040264    0.059881    0.129967   20.135859 ^ clkbuf_0_clk_i/X (sky130_fd_sc_hd__clkbuf_16)
                                                         clknet_0_clk_i (net)
                      0.059946    0.001695   20.137552 ^ clkbuf_1_0__f_clk_i/A (sky130_fd_sc_hd__clkbuf_16)
     1    0.064178    0.082493    0.158805   20.296358 ^ clkbuf_1_0__f_clk_i/X (sky130_fd_sc_hd__clkbuf_16)
                                                         clknet_1_0__leaf_clk_i (net)
                      0.118742    0.017963   20.314320 ^ u_sram/clk0 (sky130_sram_1kbyte_1rw1r_32x256_8)
                                 -0.250000   20.064320   clock uncertainty
                                  0.000000   20.064320   clock reconvergence pessimism
                                 -0.103000   19.961321   library setup time
                                             19.961321   data required time
---------------------------------------------------------------------------------------------
                                             19.961321   data required time
                                             -2.000553   data arrival time
---------------------------------------------------------------------------------------------
                                             17.960768   slack (MET)


Startpoint: axi_wdata_i[6] (input port clocked by clk_i)
Endpoint: u_sram (falling edge-triggered flip-flop clocked by clk_i)
Path Group: clk_i
Path Type: max

Fanout         Cap        Slew       Delay        Time   Description
---------------------------------------------------------------------------------------------
                                  0.000000    0.000000   clock clk_i (rise edge)
                                  0.000000    0.000000   clock network delay (propagated)
                                  2.000000    2.000000 ^ input external delay
     1    0.015546    0.000000    0.000000    2.000000 ^ axi_wdata_i[6] (in)
                                                         axi_wdata_i[6] (net)
                      0.002338    0.000553    2.000553 ^ u_sram/din0[6] (sky130_sram_1kbyte_1rw1r_32x256_8)
                                              2.000553   data arrival time

                                 20.000000   20.000000   clock clk_i (rise edge)
                                  0.000000   20.000000   clock source latency
     2    0.078342    0.000000    0.000000   20.000000 ^ clk_i (in)
                                                         clk_i (net)
                      0.011782    0.005890   20.005890 ^ clkbuf_0_clk_i/A (sky130_fd_sc_hd__clkbuf_16)
     2    0.040264    0.059881    0.129967   20.135859 ^ clkbuf_0_clk_i/X (sky130_fd_sc_hd__clkbuf_16)
                                                         clknet_0_clk_i (net)
                      0.059946    0.001695   20.137552 ^ clkbuf_1_0__f_clk_i/A (sky130_fd_sc_hd__clkbuf_16)
     1    0.064178    0.082493    0.158805   20.296358 ^ clkbuf_1_0__f_clk_i/X (sky130_fd_sc_hd__clkbuf_16)
                                                         clknet_1_0__leaf_clk_i (net)
                      0.118742    0.017963   20.314320 ^ u_sram/clk0 (sky130_sram_1kbyte_1rw1r_32x256_8)
                                 -0.250000   20.064320   clock uncertainty
                                  0.000000   20.064320   clock reconvergence pessimism
                                 -0.103000   19.961321   library setup time
                                             19.961321   data required time
---------------------------------------------------------------------------------------------
                                             19.961321   data required time
                                             -2.000553   data arrival time
---------------------------------------------------------------------------------------------
                                             17.960768   slack (MET)


Startpoint: axi_wdata_i[7] (input port clocked by clk_i)
Endpoint: u_sram (falling edge-triggered flip-flop clocked by clk_i)
Path Group: clk_i
Path Type: max

Fanout         Cap        Slew       Delay        Time   Description
---------------------------------------------------------------------------------------------
                                  0.000000    0.000000   clock clk_i (rise edge)
                                  0.000000    0.000000   clock network delay (propagated)
                                  2.000000    2.000000 ^ input external delay
     1    0.015545    0.000000    0.000000    2.000000 ^ axi_wdata_i[7] (in)
                                                         axi_wdata_i[7] (net)
                      0.002338    0.000553    2.000553 ^ u_sram/din0[7] (sky130_sram_1kbyte_1rw1r_32x256_8)
                                              2.000553   data arrival time

                                 20.000000   20.000000   clock clk_i (rise edge)
                                  0.000000   20.000000   clock source latency
     2    0.078342    0.000000    0.000000   20.000000 ^ clk_i (in)
                                                         clk_i (net)
                      0.011782    0.005890   20.005890 ^ clkbuf_0_clk_i/A (sky130_fd_sc_hd__clkbuf_16)
     2    0.040264    0.059881    0.129967   20.135859 ^ clkbuf_0_clk_i/X (sky130_fd_sc_hd__clkbuf_16)
                                                         clknet_0_clk_i (net)
                      0.059946    0.001695   20.137552 ^ clkbuf_1_0__f_clk_i/A (sky130_fd_sc_hd__clkbuf_16)
     1    0.064178    0.082493    0.158805   20.296358 ^ clkbuf_1_0__f_clk_i/X (sky130_fd_sc_hd__clkbuf_16)
                                                         clknet_1_0__leaf_clk_i (net)
                      0.118742    0.017963   20.314320 ^ u_sram/clk0 (sky130_sram_1kbyte_1rw1r_32x256_8)
                                 -0.250000   20.064320   clock uncertainty
                                  0.000000   20.064320   clock reconvergence pessimism
                                 -0.103000   19.961321   library setup time
                                             19.961321   data required time
---------------------------------------------------------------------------------------------
                                             19.961321   data required time
                                             -2.000553   data arrival time
---------------------------------------------------------------------------------------------
                                             17.960768   slack (MET)


Startpoint: axi_wdata_i[8] (input port clocked by clk_i)
Endpoint: u_sram (falling edge-triggered flip-flop clocked by clk_i)
Path Group: clk_i
Path Type: max

Fanout         Cap        Slew       Delay        Time   Description
---------------------------------------------------------------------------------------------
                                  0.000000    0.000000   clock clk_i (rise edge)
                                  0.000000    0.000000   clock network delay (propagated)
                                  2.000000    2.000000 ^ input external delay
     1    0.015532    0.000000    0.000000    2.000000 ^ axi_wdata_i[8] (in)
                                                         axi_wdata_i[8] (net)
                      0.002335    0.000552    2.000552 ^ u_sram/din0[8] (sky130_sram_1kbyte_1rw1r_32x256_8)
                                              2.000552   data arrival time

                                 20.000000   20.000000   clock clk_i (rise edge)
                                  0.000000   20.000000   clock source latency
     2    0.078342    0.000000    0.000000   20.000000 ^ clk_i (in)
                                                         clk_i (net)
                      0.011782    0.005890   20.005890 ^ clkbuf_0_clk_i/A (sky130_fd_sc_hd__clkbuf_16)
     2    0.040264    0.059881    0.129967   20.135859 ^ clkbuf_0_clk_i/X (sky130_fd_sc_hd__clkbuf_16)
                                                         clknet_0_clk_i (net)
                      0.059946    0.001695   20.137552 ^ clkbuf_1_0__f_clk_i/A (sky130_fd_sc_hd__clkbuf_16)
     1    0.064178    0.082493    0.158805   20.296358 ^ clkbuf_1_0__f_clk_i/X (sky130_fd_sc_hd__clkbuf_16)
                                                         clknet_1_0__leaf_clk_i (net)
                      0.118742    0.017963   20.314320 ^ u_sram/clk0 (sky130_sram_1kbyte_1rw1r_32x256_8)
                                 -0.250000   20.064320   clock uncertainty
                                  0.000000   20.064320   clock reconvergence pessimism
                                 -0.103000   19.961321   library setup time
                                             19.961321   data required time
---------------------------------------------------------------------------------------------
                                             19.961321   data required time
                                             -2.000552   data arrival time
---------------------------------------------------------------------------------------------
                                             17.960768   slack (MET)


Startpoint: axi_wdata_i[9] (input port clocked by clk_i)
Endpoint: u_sram (falling edge-triggered flip-flop clocked by clk_i)
Path Group: clk_i
Path Type: max

Fanout         Cap        Slew       Delay        Time   Description
---------------------------------------------------------------------------------------------
                                  0.000000    0.000000   clock clk_i (rise edge)
                                  0.000000    0.000000   clock network delay (propagated)
                                  2.000000    2.000000 ^ input external delay
     1    0.015832    0.000000    0.000000    2.000000 ^ axi_wdata_i[9] (in)
                                                         axi_wdata_i[9] (net)
                      0.002407    0.000570    2.000570 ^ u_sram/din0[9] (sky130_sram_1kbyte_1rw1r_32x256_8)
                                              2.000570   data arrival time

                                 20.000000   20.000000   clock clk_i (rise edge)
                                  0.000000   20.000000   clock source latency
     2    0.078342    0.000000    0.000000   20.000000 ^ clk_i (in)
                                                         clk_i (net)
                      0.011782    0.005890   20.005890 ^ clkbuf_0_clk_i/A (sky130_fd_sc_hd__clkbuf_16)
     2    0.040264    0.059881    0.129967   20.135859 ^ clkbuf_0_clk_i/X (sky130_fd_sc_hd__clkbuf_16)
                                                         clknet_0_clk_i (net)
                      0.059946    0.001695   20.137552 ^ clkbuf_1_0__f_clk_i/A (sky130_fd_sc_hd__clkbuf_16)
     1    0.064178    0.082493    0.158805   20.296358 ^ clkbuf_1_0__f_clk_i/X (sky130_fd_sc_hd__clkbuf_16)
                                                         clknet_1_0__leaf_clk_i (net)
                      0.118742    0.017963   20.314320 ^ u_sram/clk0 (sky130_sram_1kbyte_1rw1r_32x256_8)
                                 -0.250000   20.064320   clock uncertainty
                                  0.000000   20.064320   clock reconvergence pessimism
                                 -0.103000   19.961321   library setup time
                                             19.961321   data required time
---------------------------------------------------------------------------------------------
                                             19.961321   data required time
                                             -2.000570   data arrival time
---------------------------------------------------------------------------------------------
                                             17.960752   slack (MET)


Startpoint: axi_wdata_i[16] (input port clocked by clk_i)
Endpoint: u_sram (falling edge-triggered flip-flop clocked by clk_i)
Path Group: clk_i
Path Type: max

Fanout         Cap        Slew       Delay        Time   Description
---------------------------------------------------------------------------------------------
                                  0.000000    0.000000   clock clk_i (rise edge)
                                  0.000000    0.000000   clock network delay (propagated)
                                  2.000000    2.000000 ^ input external delay
     1    0.015008    0.000000    0.000000    2.000000 ^ axi_wdata_i[16] (in)
                                                         axi_wdata_i[16] (net)
                      0.002242    0.000530    2.000530 ^ u_sram/din0[16] (sky130_sram_1kbyte_1rw1r_32x256_8)
                                              2.000530   data arrival time

                                 20.000000   20.000000   clock clk_i (rise edge)
                                  0.000000   20.000000   clock source latency
     2    0.078342    0.000000    0.000000   20.000000 ^ clk_i (in)
                                                         clk_i (net)
                      0.011782    0.005890   20.005890 ^ clkbuf_0_clk_i/A (sky130_fd_sc_hd__clkbuf_16)
     2    0.040264    0.059881    0.129967   20.135859 ^ clkbuf_0_clk_i/X (sky130_fd_sc_hd__clkbuf_16)
                                                         clknet_0_clk_i (net)
                      0.059946    0.001695   20.137552 ^ clkbuf_1_0__f_clk_i/A (sky130_fd_sc_hd__clkbuf_16)
     1    0.064178    0.082493    0.158805   20.296358 ^ clkbuf_1_0__f_clk_i/X (sky130_fd_sc_hd__clkbuf_16)
                                                         clknet_1_0__leaf_clk_i (net)
                      0.118742    0.017963   20.314320 ^ u_sram/clk0 (sky130_sram_1kbyte_1rw1r_32x256_8)
                                 -0.250000   20.064320   clock uncertainty
                                  0.000000   20.064320   clock reconvergence pessimism
                                 -0.103000   19.961321   library setup time
                                             19.961321   data required time
---------------------------------------------------------------------------------------------
                                             19.961321   data required time
                                             -2.000530   data arrival time
---------------------------------------------------------------------------------------------
                                             17.960791   slack (MET)


Startpoint: axi_wdata_i[17] (input port clocked by clk_i)
Endpoint: u_sram (falling edge-triggered flip-flop clocked by clk_i)
Path Group: clk_i
Path Type: max

Fanout         Cap        Slew       Delay        Time   Description
---------------------------------------------------------------------------------------------
                                  0.000000    0.000000   clock clk_i (rise edge)
                                  0.000000    0.000000   clock network delay (propagated)
                                  2.000000    2.000000 ^ input external delay
     1    0.015005    0.000000    0.000000    2.000000 ^ axi_wdata_i[17] (in)
                                                         axi_wdata_i[17] (net)
                      0.002242    0.000530    2.000530 ^ u_sram/din0[17] (sky130_sram_1kbyte_1rw1r_32x256_8)
                                              2.000530   data arrival time

                                 20.000000   20.000000   clock clk_i (rise edge)
                                  0.000000   20.000000   clock source latency
     2    0.078342    0.000000    0.000000   20.000000 ^ clk_i (in)
                                                         clk_i (net)
                      0.011782    0.005890   20.005890 ^ clkbuf_0_clk_i/A (sky130_fd_sc_hd__clkbuf_16)
     2    0.040264    0.059881    0.129967   20.135859 ^ clkbuf_0_clk_i/X (sky130_fd_sc_hd__clkbuf_16)
                                                         clknet_0_clk_i (net)
                      0.059946    0.001695   20.137552 ^ clkbuf_1_0__f_clk_i/A (sky130_fd_sc_hd__clkbuf_16)
     1    0.064178    0.082493    0.158805   20.296358 ^ clkbuf_1_0__f_clk_i/X (sky130_fd_sc_hd__clkbuf_16)
                                                         clknet_1_0__leaf_clk_i (net)
                      0.118742    0.017963   20.314320 ^ u_sram/clk0 (sky130_sram_1kbyte_1rw1r_32x256_8)
                                 -0.250000   20.064320   clock uncertainty
                                  0.000000   20.064320   clock reconvergence pessimism
                                 -0.103000   19.961321   library setup time
                                             19.961321   data required time
---------------------------------------------------------------------------------------------
                                             19.961321   data required time
                                             -2.000530   data arrival time
---------------------------------------------------------------------------------------------
                                             17.960791   slack (MET)


Startpoint: axi_wdata_i[18] (input port clocked by clk_i)
Endpoint: u_sram (falling edge-triggered flip-flop clocked by clk_i)
Path Group: clk_i
Path Type: max

Fanout         Cap        Slew       Delay        Time   Description
---------------------------------------------------------------------------------------------
                                  0.000000    0.000000   clock clk_i (rise edge)
                                  0.000000    0.000000   clock network delay (propagated)
                                  2.000000    2.000000 ^ input external delay
     1    0.015024    0.000000    0.000000    2.000000 ^ axi_wdata_i[18] (in)
                                                         axi_wdata_i[18] (net)
                      0.002246    0.000532    2.000532 ^ u_sram/din0[18] (sky130_sram_1kbyte_1rw1r_32x256_8)
                                              2.000532   data arrival time

                                 20.000000   20.000000   clock clk_i (rise edge)
                                  0.000000   20.000000   clock source latency
     2    0.078342    0.000000    0.000000   20.000000 ^ clk_i (in)
                                                         clk_i (net)
                      0.011782    0.005890   20.005890 ^ clkbuf_0_clk_i/A (sky130_fd_sc_hd__clkbuf_16)
     2    0.040264    0.059881    0.129967   20.135859 ^ clkbuf_0_clk_i/X (sky130_fd_sc_hd__clkbuf_16)
                                                         clknet_0_clk_i (net)
                      0.059946    0.001695   20.137552 ^ clkbuf_1_0__f_clk_i/A (sky130_fd_sc_hd__clkbuf_16)
     1    0.064178    0.082493    0.158805   20.296358 ^ clkbuf_1_0__f_clk_i/X (sky130_fd_sc_hd__clkbuf_16)
                                                         clknet_1_0__leaf_clk_i (net)
                      0.118742    0.017963   20.314320 ^ u_sram/clk0 (sky130_sram_1kbyte_1rw1r_32x256_8)
                                 -0.250000   20.064320   clock uncertainty
                                  0.000000   20.064320   clock reconvergence pessimism
                                 -0.103000   19.961321   library setup time
                                             19.961321   data required time
---------------------------------------------------------------------------------------------
                                             19.961321   data required time
                                             -2.000532   data arrival time
---------------------------------------------------------------------------------------------
                                             17.960789   slack (MET)


Startpoint: axi_wdata_i[20] (input port clocked by clk_i)
Endpoint: u_sram (falling edge-triggered flip-flop clocked by clk_i)
Path Group: clk_i
Path Type: max

Fanout         Cap        Slew       Delay        Time   Description
---------------------------------------------------------------------------------------------
                                  0.000000    0.000000   clock clk_i (rise edge)
                                  0.000000    0.000000   clock network delay (propagated)
                                  2.000000    2.000000 ^ input external delay
     1    0.014981    0.000000    0.000000    2.000000 ^ axi_wdata_i[20] (in)
                                                         axi_wdata_i[20] (net)
                      0.002237    0.000529    2.000529 ^ u_sram/din0[20] (sky130_sram_1kbyte_1rw1r_32x256_8)
                                              2.000529   data arrival time

                                 20.000000   20.000000   clock clk_i (rise edge)
                                  0.000000   20.000000   clock source latency
     2    0.078342    0.000000    0.000000   20.000000 ^ clk_i (in)
                                                         clk_i (net)
                      0.011782    0.005890   20.005890 ^ clkbuf_0_clk_i/A (sky130_fd_sc_hd__clkbuf_16)
     2    0.040264    0.059881    0.129967   20.135859 ^ clkbuf_0_clk_i/X (sky130_fd_sc_hd__clkbuf_16)
                                                         clknet_0_clk_i (net)
                      0.059946    0.001695   20.137552 ^ clkbuf_1_0__f_clk_i/A (sky130_fd_sc_hd__clkbuf_16)
     1    0.064178    0.082493    0.158805   20.296358 ^ clkbuf_1_0__f_clk_i/X (sky130_fd_sc_hd__clkbuf_16)
                                                         clknet_1_0__leaf_clk_i (net)
                      0.118742    0.017963   20.314320 ^ u_sram/clk0 (sky130_sram_1kbyte_1rw1r_32x256_8)
                                 -0.250000   20.064320   clock uncertainty
                                  0.000000   20.064320   clock reconvergence pessimism
                                 -0.103000   19.961321   library setup time
                                             19.961321   data required time
---------------------------------------------------------------------------------------------
                                             19.961321   data required time
                                             -2.000529   data arrival time
---------------------------------------------------------------------------------------------
                                             17.960791   slack (MET)


Startpoint: axi_wdata_i[22] (input port clocked by clk_i)
Endpoint: u_sram (falling edge-triggered flip-flop clocked by clk_i)
Path Group: clk_i
Path Type: max

Fanout         Cap        Slew       Delay        Time   Description
---------------------------------------------------------------------------------------------
                                  0.000000    0.000000   clock clk_i (rise edge)
                                  0.000000    0.000000   clock network delay (propagated)
                                  2.000000    2.000000 ^ input external delay
     1    0.015023    0.000000    0.000000    2.000000 ^ axi_wdata_i[22] (in)
                                                         axi_wdata_i[22] (net)
                      0.002245    0.000531    2.000531 ^ u_sram/din0[22] (sky130_sram_1kbyte_1rw1r_32x256_8)
                                              2.000531   data arrival time

                                 20.000000   20.000000   clock clk_i (rise edge)
                                  0.000000   20.000000   clock source latency
     2    0.078342    0.000000    0.000000   20.000000 ^ clk_i (in)
                                                         clk_i (net)
                      0.011782    0.005890   20.005890 ^ clkbuf_0_clk_i/A (sky130_fd_sc_hd__clkbuf_16)
     2    0.040264    0.059881    0.129967   20.135859 ^ clkbuf_0_clk_i/X (sky130_fd_sc_hd__clkbuf_16)
                                                         clknet_0_clk_i (net)
                      0.059946    0.001695   20.137552 ^ clkbuf_1_0__f_clk_i/A (sky130_fd_sc_hd__clkbuf_16)
     1    0.064178    0.082493    0.158805   20.296358 ^ clkbuf_1_0__f_clk_i/X (sky130_fd_sc_hd__clkbuf_16)
                                                         clknet_1_0__leaf_clk_i (net)
                      0.118742    0.017963   20.314320 ^ u_sram/clk0 (sky130_sram_1kbyte_1rw1r_32x256_8)
                                 -0.250000   20.064320   clock uncertainty
                                  0.000000   20.064320   clock reconvergence pessimism
                                 -0.103000   19.961321   library setup time
                                             19.961321   data required time
---------------------------------------------------------------------------------------------
                                             19.961321   data required time
                                             -2.000531   data arrival time
---------------------------------------------------------------------------------------------
                                             17.960789   slack (MET)


Startpoint: axi_wdata_i[26] (input port clocked by clk_i)
Endpoint: u_sram (falling edge-triggered flip-flop clocked by clk_i)
Path Group: clk_i
Path Type: max

Fanout         Cap        Slew       Delay        Time   Description
---------------------------------------------------------------------------------------------
                                  0.000000    0.000000   clock clk_i (rise edge)
                                  0.000000    0.000000   clock network delay (propagated)
                                  2.000000    2.000000 ^ input external delay
     1    0.015043    0.000000    0.000000    2.000000 ^ axi_wdata_i[26] (in)
                                                         axi_wdata_i[26] (net)
                      0.002250    0.000532    2.000532 ^ u_sram/din0[26] (sky130_sram_1kbyte_1rw1r_32x256_8)
                                              2.000532   data arrival time

                                 20.000000   20.000000   clock clk_i (rise edge)
                                  0.000000   20.000000   clock source latency
     2    0.078342    0.000000    0.000000   20.000000 ^ clk_i (in)
                                                         clk_i (net)
                      0.011782    0.005890   20.005890 ^ clkbuf_0_clk_i/A (sky130_fd_sc_hd__clkbuf_16)
     2    0.040264    0.059881    0.129967   20.135859 ^ clkbuf_0_clk_i/X (sky130_fd_sc_hd__clkbuf_16)
                                                         clknet_0_clk_i (net)
                      0.059946    0.001695   20.137552 ^ clkbuf_1_0__f_clk_i/A (sky130_fd_sc_hd__clkbuf_16)
     1    0.064178    0.082493    0.158805   20.296358 ^ clkbuf_1_0__f_clk_i/X (sky130_fd_sc_hd__clkbuf_16)
                                                         clknet_1_0__leaf_clk_i (net)
                      0.118742    0.017963   20.314320 ^ u_sram/clk0 (sky130_sram_1kbyte_1rw1r_32x256_8)
                                 -0.250000   20.064320   clock uncertainty
                                  0.000000   20.064320   clock reconvergence pessimism
                                 -0.103000   19.961321   library setup time
                                             19.961321   data required time
---------------------------------------------------------------------------------------------
                                             19.961321   data required time
                                             -2.000532   data arrival time
---------------------------------------------------------------------------------------------
                                             17.960787   slack (MET)


Startpoint: axi_wdata_i[29] (input port clocked by clk_i)
Endpoint: u_sram (falling edge-triggered flip-flop clocked by clk_i)
Path Group: clk_i
Path Type: max

Fanout         Cap        Slew       Delay        Time   Description
---------------------------------------------------------------------------------------------
                                  0.000000    0.000000   clock clk_i (rise edge)
                                  0.000000    0.000000   clock network delay (propagated)
                                  2.000000    2.000000 ^ input external delay
     1    0.015009    0.000000    0.000000    2.000000 ^ axi_wdata_i[29] (in)
                                                         axi_wdata_i[29] (net)
                      0.002242    0.000530    2.000530 ^ u_sram/din0[29] (sky130_sram_1kbyte_1rw1r_32x256_8)
                                              2.000530   data arrival time

                                 20.000000   20.000000   clock clk_i (rise edge)
                                  0.000000   20.000000   clock source latency
     2    0.078342    0.000000    0.000000   20.000000 ^ clk_i (in)
                                                         clk_i (net)
                      0.011782    0.005890   20.005890 ^ clkbuf_0_clk_i/A (sky130_fd_sc_hd__clkbuf_16)
     2    0.040264    0.059881    0.129967   20.135859 ^ clkbuf_0_clk_i/X (sky130_fd_sc_hd__clkbuf_16)
                                                         clknet_0_clk_i (net)
                      0.059946    0.001695   20.137552 ^ clkbuf_1_0__f_clk_i/A (sky130_fd_sc_hd__clkbuf_16)
     1    0.064178    0.082493    0.158805   20.296358 ^ clkbuf_1_0__f_clk_i/X (sky130_fd_sc_hd__clkbuf_16)
                                                         clknet_1_0__leaf_clk_i (net)
                      0.118742    0.017963   20.314320 ^ u_sram/clk0 (sky130_sram_1kbyte_1rw1r_32x256_8)
                                 -0.250000   20.064320   clock uncertainty
                                  0.000000   20.064320   clock reconvergence pessimism
                                 -0.103000   19.961321   library setup time
                                             19.961321   data required time
---------------------------------------------------------------------------------------------
                                             19.961321   data required time
                                             -2.000530   data arrival time
---------------------------------------------------------------------------------------------
                                             17.960791   slack (MET)


Startpoint: axi_wdata_i[28] (input port clocked by clk_i)
Endpoint: u_sram (falling edge-triggered flip-flop clocked by clk_i)
Path Group: clk_i
Path Type: max

Fanout         Cap        Slew       Delay        Time   Description
---------------------------------------------------------------------------------------------
                                  0.000000    0.000000   clock clk_i (rise edge)
                                  0.000000    0.000000   clock network delay (propagated)
                                  2.000000    2.000000 ^ input external delay
     1    0.014400    0.000000    0.000000    2.000000 ^ axi_wdata_i[28] (in)
                                                         axi_wdata_i[28] (net)
                      0.002150    0.000509    2.000509 ^ u_sram/din0[28] (sky130_sram_1kbyte_1rw1r_32x256_8)
                                              2.000509   data arrival time

                                 20.000000   20.000000   clock clk_i (rise edge)
                                  0.000000   20.000000   clock source latency
     2    0.078342    0.000000    0.000000   20.000000 ^ clk_i (in)
                                                         clk_i (net)
                      0.011782    0.005890   20.005890 ^ clkbuf_0_clk_i/A (sky130_fd_sc_hd__clkbuf_16)
     2    0.040264    0.059881    0.129967   20.135859 ^ clkbuf_0_clk_i/X (sky130_fd_sc_hd__clkbuf_16)
                                                         clknet_0_clk_i (net)
                      0.059946    0.001695   20.137552 ^ clkbuf_1_0__f_clk_i/A (sky130_fd_sc_hd__clkbuf_16)
     1    0.064178    0.082493    0.158805   20.296358 ^ clkbuf_1_0__f_clk_i/X (sky130_fd_sc_hd__clkbuf_16)
                                                         clknet_1_0__leaf_clk_i (net)
                      0.118742    0.017963   20.314320 ^ u_sram/clk0 (sky130_sram_1kbyte_1rw1r_32x256_8)
                                 -0.250000   20.064320   clock uncertainty
                                  0.000000   20.064320   clock reconvergence pessimism
                                 -0.103000   19.961321   library setup time
                                             19.961321   data required time
---------------------------------------------------------------------------------------------
                                             19.961321   data required time
                                             -2.000509   data arrival time
---------------------------------------------------------------------------------------------
                                             17.960812   slack (MET)


Startpoint: axi_wdata_i[0] (input port clocked by clk_i)
Endpoint: u_sram (falling edge-triggered flip-flop clocked by clk_i)
Path Group: clk_i
Path Type: max

Fanout         Cap        Slew       Delay        Time   Description
---------------------------------------------------------------------------------------------
                                  0.000000    0.000000   clock clk_i (rise edge)
                                  0.000000    0.000000   clock network delay (propagated)
                                  2.000000    2.000000 ^ input external delay
     1    0.013626    0.000000    0.000000    2.000000 ^ axi_wdata_i[0] (in)
                                                         axi_wdata_i[0] (net)
                      0.001996    0.000472    2.000472 ^ u_sram/din0[0] (sky130_sram_1kbyte_1rw1r_32x256_8)
                                              2.000472   data arrival time

                                 20.000000   20.000000   clock clk_i (rise edge)
                                  0.000000   20.000000   clock source latency
     2    0.078342    0.000000    0.000000   20.000000 ^ clk_i (in)
                                                         clk_i (net)
                      0.011782    0.005890   20.005890 ^ clkbuf_0_clk_i/A (sky130_fd_sc_hd__clkbuf_16)
     2    0.040264    0.059881    0.129967   20.135859 ^ clkbuf_0_clk_i/X (sky130_fd_sc_hd__clkbuf_16)
                                                         clknet_0_clk_i (net)
                      0.059946    0.001695   20.137552 ^ clkbuf_1_0__f_clk_i/A (sky130_fd_sc_hd__clkbuf_16)
     1    0.064178    0.082493    0.158805   20.296358 ^ clkbuf_1_0__f_clk_i/X (sky130_fd_sc_hd__clkbuf_16)
                                                         clknet_1_0__leaf_clk_i (net)
                      0.118742    0.017963   20.314320 ^ u_sram/clk0 (sky130_sram_1kbyte_1rw1r_32x256_8)
                                 -0.250000   20.064320   clock uncertainty
                                  0.000000   20.064320   clock reconvergence pessimism
                                 -0.103000   19.961321   library setup time
                                             19.961321   data required time
---------------------------------------------------------------------------------------------
                                             19.961321   data required time
                                             -2.000472   data arrival time
---------------------------------------------------------------------------------------------
                                             17.960848   slack (MET)


Startpoint: axi_wdata_i[15] (input port clocked by clk_i)
Endpoint: u_sram (falling edge-triggered flip-flop clocked by clk_i)
Path Group: clk_i
Path Type: max

Fanout         Cap        Slew       Delay        Time   Description
---------------------------------------------------------------------------------------------
                                  0.000000    0.000000   clock clk_i (rise edge)
                                  0.000000    0.000000   clock network delay (propagated)
                                  2.000000    2.000000 ^ input external delay
     1    0.013746    0.000000    0.000000    2.000000 ^ axi_wdata_i[15] (in)
                                                         axi_wdata_i[15] (net)
                      0.002033    0.000481    2.000481 ^ u_sram/din0[15] (sky130_sram_1kbyte_1rw1r_32x256_8)
                                              2.000481   data arrival time

                                 20.000000   20.000000   clock clk_i (rise edge)
                                  0.000000   20.000000   clock source latency
     2    0.078342    0.000000    0.000000   20.000000 ^ clk_i (in)
                                                         clk_i (net)
                      0.011782    0.005890   20.005890 ^ clkbuf_0_clk_i/A (sky130_fd_sc_hd__clkbuf_16)
     2    0.040264    0.059881    0.129967   20.135859 ^ clkbuf_0_clk_i/X (sky130_fd_sc_hd__clkbuf_16)
                                                         clknet_0_clk_i (net)
                      0.059946    0.001695   20.137552 ^ clkbuf_1_0__f_clk_i/A (sky130_fd_sc_hd__clkbuf_16)
     1    0.064178    0.082493    0.158805   20.296358 ^ clkbuf_1_0__f_clk_i/X (sky130_fd_sc_hd__clkbuf_16)
                                                         clknet_1_0__leaf_clk_i (net)
                      0.118742    0.017963   20.314320 ^ u_sram/clk0 (sky130_sram_1kbyte_1rw1r_32x256_8)
                                 -0.250000   20.064320   clock uncertainty
                                  0.000000   20.064320   clock reconvergence pessimism
                                 -0.103000   19.961321   library setup time
                                             19.961321   data required time
---------------------------------------------------------------------------------------------
                                             19.961321   data required time
                                             -2.000481   data arrival time
---------------------------------------------------------------------------------------------
                                             17.960838   slack (MET)


Startpoint: axi_wdata_i[24] (input port clocked by clk_i)
Endpoint: u_sram (falling edge-triggered flip-flop clocked by clk_i)
Path Group: clk_i
Path Type: max

Fanout         Cap        Slew       Delay        Time   Description
---------------------------------------------------------------------------------------------
                                  0.000000    0.000000   clock clk_i (rise edge)
                                  0.000000    0.000000   clock network delay (propagated)
                                  2.000000    2.000000 ^ input external delay
     1    0.014206    0.000000    0.000000    2.000000 ^ axi_wdata_i[24] (in)
                                                         axi_wdata_i[24] (net)
                      0.002107    0.000498    2.000499 ^ u_sram/din0[24] (sky130_sram_1kbyte_1rw1r_32x256_8)
                                              2.000499   data arrival time

                                 20.000000   20.000000   clock clk_i (rise edge)
                                  0.000000   20.000000   clock source latency
     2    0.078342    0.000000    0.000000   20.000000 ^ clk_i (in)
                                                         clk_i (net)
                      0.011782    0.005890   20.005890 ^ clkbuf_0_clk_i/A (sky130_fd_sc_hd__clkbuf_16)
     2    0.040264    0.059881    0.129967   20.135859 ^ clkbuf_0_clk_i/X (sky130_fd_sc_hd__clkbuf_16)
                                                         clknet_0_clk_i (net)
                      0.059946    0.001695   20.137552 ^ clkbuf_1_0__f_clk_i/A (sky130_fd_sc_hd__clkbuf_16)
     1    0.064178    0.082493    0.158805   20.296358 ^ clkbuf_1_0__f_clk_i/X (sky130_fd_sc_hd__clkbuf_16)
                                                         clknet_1_0__leaf_clk_i (net)
                      0.118742    0.017963   20.314320 ^ u_sram/clk0 (sky130_sram_1kbyte_1rw1r_32x256_8)
                                 -0.250000   20.064320   clock uncertainty
                                  0.000000   20.064320   clock reconvergence pessimism
                                 -0.103000   19.961321   library setup time
                                             19.961321   data required time
---------------------------------------------------------------------------------------------
                                             19.961321   data required time
                                             -2.000499   data arrival time
---------------------------------------------------------------------------------------------
                                             17.960823   slack (MET)


Startpoint: axi_wdata_i[1] (input port clocked by clk_i)
Endpoint: u_sram (falling edge-triggered flip-flop clocked by clk_i)
Path Group: clk_i
Path Type: max

Fanout         Cap        Slew       Delay        Time   Description
---------------------------------------------------------------------------------------------
                                  0.000000    0.000000   clock clk_i (rise edge)
                                  0.000000    0.000000   clock network delay (propagated)
                                  2.000000    2.000000 ^ input external delay
     1    0.013662    0.000000    0.000000    2.000000 ^ axi_wdata_i[1] (in)
                                                         axi_wdata_i[1] (net)
                      0.002004    0.000474    2.000474 ^ u_sram/din0[1] (sky130_sram_1kbyte_1rw1r_32x256_8)
                                              2.000474   data arrival time

                                 20.000000   20.000000   clock clk_i (rise edge)
                                  0.000000   20.000000   clock source latency
     2    0.078342    0.000000    0.000000   20.000000 ^ clk_i (in)
                                                         clk_i (net)
                      0.011782    0.005890   20.005890 ^ clkbuf_0_clk_i/A (sky130_fd_sc_hd__clkbuf_16)
     2    0.040264    0.059881    0.129967   20.135859 ^ clkbuf_0_clk_i/X (sky130_fd_sc_hd__clkbuf_16)
                                                         clknet_0_clk_i (net)
                      0.059946    0.001695   20.137552 ^ clkbuf_1_0__f_clk_i/A (sky130_fd_sc_hd__clkbuf_16)
     1    0.064178    0.082493    0.158805   20.296358 ^ clkbuf_1_0__f_clk_i/X (sky130_fd_sc_hd__clkbuf_16)
                                                         clknet_1_0__leaf_clk_i (net)
                      0.118742    0.017963   20.314320 ^ u_sram/clk0 (sky130_sram_1kbyte_1rw1r_32x256_8)
                                 -0.250000   20.064320   clock uncertainty
                                  0.000000   20.064320   clock reconvergence pessimism
                                 -0.103000   19.961321   library setup time
                                             19.961321   data required time
---------------------------------------------------------------------------------------------
                                             19.961321   data required time
                                             -2.000474   data arrival time
---------------------------------------------------------------------------------------------
                                             17.960846   slack (MET)


Startpoint: axi_wdata_i[2] (input port clocked by clk_i)
Endpoint: u_sram (falling edge-triggered flip-flop clocked by clk_i)
Path Group: clk_i
Path Type: max

Fanout         Cap        Slew       Delay        Time   Description
---------------------------------------------------------------------------------------------
                                  0.000000    0.000000   clock clk_i (rise edge)
                                  0.000000    0.000000   clock network delay (propagated)
                                  2.000000    2.000000 ^ input external delay
     1    0.013674    0.000000    0.000000    2.000000 ^ axi_wdata_i[2] (in)
                                                         axi_wdata_i[2] (net)
                      0.002006    0.000475    2.000475 ^ u_sram/din0[2] (sky130_sram_1kbyte_1rw1r_32x256_8)
                                              2.000475   data arrival time

                                 20.000000   20.000000   clock clk_i (rise edge)
                                  0.000000   20.000000   clock source latency
     2    0.078342    0.000000    0.000000   20.000000 ^ clk_i (in)
                                                         clk_i (net)
                      0.011782    0.005890   20.005890 ^ clkbuf_0_clk_i/A (sky130_fd_sc_hd__clkbuf_16)
     2    0.040264    0.059881    0.129967   20.135859 ^ clkbuf_0_clk_i/X (sky130_fd_sc_hd__clkbuf_16)
                                                         clknet_0_clk_i (net)
                      0.059946    0.001695   20.137552 ^ clkbuf_1_0__f_clk_i/A (sky130_fd_sc_hd__clkbuf_16)
     1    0.064178    0.082493    0.158805   20.296358 ^ clkbuf_1_0__f_clk_i/X (sky130_fd_sc_hd__clkbuf_16)
                                                         clknet_1_0__leaf_clk_i (net)
                      0.118742    0.017963   20.314320 ^ u_sram/clk0 (sky130_sram_1kbyte_1rw1r_32x256_8)
                                 -0.250000   20.064320   clock uncertainty
                                  0.000000   20.064320   clock reconvergence pessimism
                                 -0.103000   19.961321   library setup time
                                             19.961321   data required time
---------------------------------------------------------------------------------------------
                                             19.961321   data required time
                                             -2.000475   data arrival time
---------------------------------------------------------------------------------------------
                                             17.960846   slack (MET)


Startpoint: axi_wdata_i[3] (input port clocked by clk_i)
Endpoint: u_sram (falling edge-triggered flip-flop clocked by clk_i)
Path Group: clk_i
Path Type: max

Fanout         Cap        Slew       Delay        Time   Description
---------------------------------------------------------------------------------------------
                                  0.000000    0.000000   clock clk_i (rise edge)
                                  0.000000    0.000000   clock network delay (propagated)
                                  2.000000    2.000000 ^ input external delay
     1    0.013631    0.000000    0.000000    2.000000 ^ axi_wdata_i[3] (in)
                                                         axi_wdata_i[3] (net)
                      0.001997    0.000473    2.000473 ^ u_sram/din0[3] (sky130_sram_1kbyte_1rw1r_32x256_8)
                                              2.000473   data arrival time

                                 20.000000   20.000000   clock clk_i (rise edge)
                                  0.000000   20.000000   clock source latency
     2    0.078342    0.000000    0.000000   20.000000 ^ clk_i (in)
                                                         clk_i (net)
                      0.011782    0.005890   20.005890 ^ clkbuf_0_clk_i/A (sky130_fd_sc_hd__clkbuf_16)
     2    0.040264    0.059881    0.129967   20.135859 ^ clkbuf_0_clk_i/X (sky130_fd_sc_hd__clkbuf_16)
                                                         clknet_0_clk_i (net)
                      0.059946    0.001695   20.137552 ^ clkbuf_1_0__f_clk_i/A (sky130_fd_sc_hd__clkbuf_16)
     1    0.064178    0.082493    0.158805   20.296358 ^ clkbuf_1_0__f_clk_i/X (sky130_fd_sc_hd__clkbuf_16)
                                                         clknet_1_0__leaf_clk_i (net)
                      0.118742    0.017963   20.314320 ^ u_sram/clk0 (sky130_sram_1kbyte_1rw1r_32x256_8)
                                 -0.250000   20.064320   clock uncertainty
                                  0.000000   20.064320   clock reconvergence pessimism
                                 -0.103000   19.961321   library setup time
                                             19.961321   data required time
---------------------------------------------------------------------------------------------
                                             19.961321   data required time
                                             -2.000473   data arrival time
---------------------------------------------------------------------------------------------
                                             17.960848   slack (MET)


Startpoint: axi_wdata_i[4] (input port clocked by clk_i)
Endpoint: u_sram (falling edge-triggered flip-flop clocked by clk_i)
Path Group: clk_i
Path Type: max

Fanout         Cap        Slew       Delay        Time   Description
---------------------------------------------------------------------------------------------
                                  0.000000    0.000000   clock clk_i (rise edge)
                                  0.000000    0.000000   clock network delay (propagated)
                                  2.000000    2.000000 ^ input external delay
     1    0.013631    0.000000    0.000000    2.000000 ^ axi_wdata_i[4] (in)
                                                         axi_wdata_i[4] (net)
                      0.001997    0.000473    2.000473 ^ u_sram/din0[4] (sky130_sram_1kbyte_1rw1r_32x256_8)
                                              2.000473   data arrival time

                                 20.000000   20.000000   clock clk_i (rise edge)
                                  0.000000   20.000000   clock source latency
     2    0.078342    0.000000    0.000000   20.000000 ^ clk_i (in)
                                                         clk_i (net)
                      0.011782    0.005890   20.005890 ^ clkbuf_0_clk_i/A (sky130_fd_sc_hd__clkbuf_16)
     2    0.040264    0.059881    0.129967   20.135859 ^ clkbuf_0_clk_i/X (sky130_fd_sc_hd__clkbuf_16)
                                                         clknet_0_clk_i (net)
                      0.059946    0.001695   20.137552 ^ clkbuf_1_0__f_clk_i/A (sky130_fd_sc_hd__clkbuf_16)
     1    0.064178    0.082493    0.158805   20.296358 ^ clkbuf_1_0__f_clk_i/X (sky130_fd_sc_hd__clkbuf_16)
                                                         clknet_1_0__leaf_clk_i (net)
                      0.118742    0.017963   20.314320 ^ u_sram/clk0 (sky130_sram_1kbyte_1rw1r_32x256_8)
                                 -0.250000   20.064320   clock uncertainty
                                  0.000000   20.064320   clock reconvergence pessimism
                                 -0.103000   19.961321   library setup time
                                             19.961321   data required time
---------------------------------------------------------------------------------------------
                                             19.961321   data required time
                                             -2.000473   data arrival time
---------------------------------------------------------------------------------------------
                                             17.960848   slack (MET)


Startpoint: axi_wdata_i[5] (input port clocked by clk_i)
Endpoint: u_sram (falling edge-triggered flip-flop clocked by clk_i)
Path Group: clk_i
Path Type: max

Fanout         Cap        Slew       Delay        Time   Description
---------------------------------------------------------------------------------------------
                                  0.000000    0.000000   clock clk_i (rise edge)
                                  0.000000    0.000000   clock network delay (propagated)
                                  2.000000    2.000000 ^ input external delay
     1    0.013649    0.000000    0.000000    2.000000 ^ axi_wdata_i[5] (in)
                                                         axi_wdata_i[5] (net)
                      0.002002    0.000474    2.000474 ^ u_sram/din0[5] (sky130_sram_1kbyte_1rw1r_32x256_8)
                                              2.000474   data arrival time

                                 20.000000   20.000000   clock clk_i (rise edge)
                                  0.000000   20.000000   clock source latency
     2    0.078342    0.000000    0.000000   20.000000 ^ clk_i (in)
                                                         clk_i (net)
                      0.011782    0.005890   20.005890 ^ clkbuf_0_clk_i/A (sky130_fd_sc_hd__clkbuf_16)
     2    0.040264    0.059881    0.129967   20.135859 ^ clkbuf_0_clk_i/X (sky130_fd_sc_hd__clkbuf_16)
                                                         clknet_0_clk_i (net)
                      0.059946    0.001695   20.137552 ^ clkbuf_1_0__f_clk_i/A (sky130_fd_sc_hd__clkbuf_16)
     1    0.064178    0.082493    0.158805   20.296358 ^ clkbuf_1_0__f_clk_i/X (sky130_fd_sc_hd__clkbuf_16)
                                                         clknet_1_0__leaf_clk_i (net)
                      0.118742    0.017963   20.314320 ^ u_sram/clk0 (sky130_sram_1kbyte_1rw1r_32x256_8)
                                 -0.250000   20.064320   clock uncertainty
                                  0.000000   20.064320   clock reconvergence pessimism
                                 -0.103000   19.961321   library setup time
                                             19.961321   data required time
---------------------------------------------------------------------------------------------
                                             19.961321   data required time
                                             -2.000474   data arrival time
---------------------------------------------------------------------------------------------
                                             17.960848   slack (MET)


Startpoint: axi_wdata_i[31] (input port clocked by clk_i)
Endpoint: u_sram (falling edge-triggered flip-flop clocked by clk_i)
Path Group: clk_i
Path Type: max

Fanout         Cap        Slew       Delay        Time   Description
---------------------------------------------------------------------------------------------
                                  0.000000    0.000000   clock clk_i (rise edge)
                                  0.000000    0.000000   clock network delay (propagated)
                                  2.000000    2.000000 ^ input external delay
     1    0.015695    0.000000    0.000000    2.000000 ^ axi_wdata_i[31] (in)
                                                         axi_wdata_i[31] (net)
                      0.001699    0.000402    2.000402 ^ u_sram/din0[31] (sky130_sram_1kbyte_1rw1r_32x256_8)
                                              2.000402   data arrival time

                                 20.000000   20.000000   clock clk_i (rise edge)
                                  0.000000   20.000000   clock source latency
     2    0.078342    0.000000    0.000000   20.000000 ^ clk_i (in)
                                                         clk_i (net)
                      0.011782    0.005890   20.005890 ^ clkbuf_0_clk_i/A (sky130_fd_sc_hd__clkbuf_16)
     2    0.040264    0.059881    0.129967   20.135859 ^ clkbuf_0_clk_i/X (sky130_fd_sc_hd__clkbuf_16)
                                                         clknet_0_clk_i (net)
                      0.059946    0.001695   20.137552 ^ clkbuf_1_0__f_clk_i/A (sky130_fd_sc_hd__clkbuf_16)
     1    0.064178    0.082493    0.158805   20.296358 ^ clkbuf_1_0__f_clk_i/X (sky130_fd_sc_hd__clkbuf_16)
                                                         clknet_1_0__leaf_clk_i (net)
                      0.118742    0.017963   20.314320 ^ u_sram/clk0 (sky130_sram_1kbyte_1rw1r_32x256_8)
                                 -0.250000   20.064320   clock uncertainty
                                  0.000000   20.064320   clock reconvergence pessimism
                                 -0.103000   19.961321   library setup time
                                             19.961321   data required time
---------------------------------------------------------------------------------------------
                                             19.961321   data required time
                                             -2.000402   data arrival time
---------------------------------------------------------------------------------------------
                                             17.960918   slack (MET)


Startpoint: axi_wdata_i[30] (input port clocked by clk_i)
Endpoint: u_sram (falling edge-triggered flip-flop clocked by clk_i)
Path Group: clk_i
Path Type: max

Fanout         Cap        Slew       Delay        Time   Description
---------------------------------------------------------------------------------------------
                                  0.000000    0.000000   clock clk_i (rise edge)
                                  0.000000    0.000000   clock network delay (propagated)
                                  2.000000    2.000000 ^ input external delay
     1    0.015104    0.000000    0.000000    2.000000 ^ axi_wdata_i[30] (in)
                                                         axi_wdata_i[30] (net)
                      0.001596    0.000377    2.000377 ^ u_sram/din0[30] (sky130_sram_1kbyte_1rw1r_32x256_8)
                                              2.000377   data arrival time

                                 20.000000   20.000000   clock clk_i (rise edge)
                                  0.000000   20.000000   clock source latency
     2    0.078342    0.000000    0.000000   20.000000 ^ clk_i (in)
                                                         clk_i (net)
                      0.011782    0.005890   20.005890 ^ clkbuf_0_clk_i/A (sky130_fd_sc_hd__clkbuf_16)
     2    0.040264    0.059881    0.129967   20.135859 ^ clkbuf_0_clk_i/X (sky130_fd_sc_hd__clkbuf_16)
                                                         clknet_0_clk_i (net)
                      0.059946    0.001695   20.137552 ^ clkbuf_1_0__f_clk_i/A (sky130_fd_sc_hd__clkbuf_16)
     1    0.064178    0.082493    0.158805   20.296358 ^ clkbuf_1_0__f_clk_i/X (sky130_fd_sc_hd__clkbuf_16)
                                                         clknet_1_0__leaf_clk_i (net)
                      0.118742    0.017963   20.314320 ^ u_sram/clk0 (sky130_sram_1kbyte_1rw1r_32x256_8)
                                 -0.250000   20.064320   clock uncertainty
                                  0.000000   20.064320   clock reconvergence pessimism
                                 -0.103000   19.961321   library setup time
                                             19.961321   data required time
---------------------------------------------------------------------------------------------
                                             19.961321   data required time
                                             -2.000377   data arrival time
---------------------------------------------------------------------------------------------
                                             17.960943   slack (MET)


Startpoint: rst_ni (input port clocked by clk_i)
Endpoint: _45_ (recovery check against rising-edge clock clk_i)
Path Group: asynchronous
Path Type: max

Fanout         Cap        Slew       Delay        Time   Description
---------------------------------------------------------------------------------------------
                                  0.000000    0.000000   clock clk_i (rise edge)
                                  0.000000    0.000000   clock network delay (propagated)
                                  2.000000    2.000000 ^ input external delay
     4    0.019598    0.000000    0.000000    2.000000 ^ rst_ni (in)
                                                         rst_ni (net)
                      0.000545    0.000273    2.000273 ^ _45_/SET_B (sky130_fd_sc_hd__dfstp_2)
                                              2.000273   data arrival time

                                 20.000000   20.000000   clock clk_i (rise edge)
                                  0.000000   20.000000   clock source latency
     2    0.078342    0.000000    0.000000   20.000000 ^ clk_i (in)
                                                         clk_i (net)
                      0.007178    0.003588   20.003590 ^ clkbuf_regs_0_clk_i/A (sky130_fd_sc_hd__clkbuf_16)
     1    0.008414    0.031996    0.101000   20.104589 ^ clkbuf_regs_0_clk_i/X (sky130_fd_sc_hd__clkbuf_16)
                                                         clk_i_regs (net)
                      0.031996    0.000261   20.104851 ^ clkbuf_0_clk_i_regs/A (sky130_fd_sc_hd__clkbuf_16)
     2    0.018956    0.040955    0.119616   20.224466 ^ clkbuf_0_clk_i_regs/X (sky130_fd_sc_hd__clkbuf_16)
                                                         clknet_0_clk_i_regs (net)
                      0.040956    0.000426   20.224892 ^ clkbuf_1_0__f_clk_i_regs/A (sky130_fd_sc_hd__clkbuf_16)
     2    0.005158    0.028910    0.109239   20.334131 ^ clkbuf_1_0__f_clk_i_regs/X (sky130_fd_sc_hd__clkbuf_16)
                                                         clknet_1_0__leaf_clk_i_regs (net)
                      0.028910    0.000130   20.334261 ^ _45_/CLK (sky130_fd_sc_hd__dfstp_2)
                                 -0.250000   20.084263   clock uncertainty
                                  0.000000   20.084263   clock reconvergence pessimism
                                  0.136115   20.220377   library recovery time
                                             20.220377   data required time
---------------------------------------------------------------------------------------------
                                             20.220377   data required time
                                             -2.000273   data arrival time
---------------------------------------------------------------------------------------------
                                             18.220104   slack (MET)


Startpoint: rst_ni (input port clocked by clk_i)
Endpoint: _47_ (recovery check against rising-edge clock clk_i)
Path Group: asynchronous
Path Type: max

Fanout         Cap        Slew       Delay        Time   Description
---------------------------------------------------------------------------------------------
                                  0.000000    0.000000   clock clk_i (rise edge)
                                  0.000000    0.000000   clock network delay (propagated)
                                  2.000000    2.000000 ^ input external delay
     4    0.019598    0.000000    0.000000    2.000000 ^ rst_ni (in)
                                                         rst_ni (net)
                      0.000526    0.000263    2.000263 ^ _47_/RESET_B (sky130_fd_sc_hd__dfrtp_2)
                                              2.000263   data arrival time

                                 20.000000   20.000000   clock clk_i (rise edge)
                                  0.000000   20.000000   clock source latency
     2    0.078342    0.000000    0.000000   20.000000 ^ clk_i (in)
                                                         clk_i (net)
                      0.007178    0.003588   20.003590 ^ clkbuf_regs_0_clk_i/A (sky130_fd_sc_hd__clkbuf_16)
     1    0.008414    0.031996    0.101000   20.104589 ^ clkbuf_regs_0_clk_i/X (sky130_fd_sc_hd__clkbuf_16)
                                                         clk_i_regs (net)
                      0.031996    0.000261   20.104851 ^ clkbuf_0_clk_i_regs/A (sky130_fd_sc_hd__clkbuf_16)
     2    0.018956    0.040955    0.119616   20.224466 ^ clkbuf_0_clk_i_regs/X (sky130_fd_sc_hd__clkbuf_16)
                                                         clknet_0_clk_i_regs (net)
                      0.040956    0.000426   20.224892 ^ clkbuf_1_0__f_clk_i_regs/A (sky130_fd_sc_hd__clkbuf_16)
     2    0.005158    0.028910    0.109239   20.334131 ^ clkbuf_1_0__f_clk_i_regs/X (sky130_fd_sc_hd__clkbuf_16)
                                                         clknet_1_0__leaf_clk_i_regs (net)
                      0.028910    0.000133   20.334265 ^ _47_/CLK (sky130_fd_sc_hd__dfrtp_2)
                                 -0.250000   20.084265   clock uncertainty
                                  0.000000   20.084265   clock reconvergence pessimism
                                  0.227553   20.311819   library recovery time
                                             20.311819   data required time
---------------------------------------------------------------------------------------------
                                             20.311819   data required time
                                             -2.000263   data arrival time
---------------------------------------------------------------------------------------------
                                             18.311556   slack (MET)


Startpoint: rst_ni (input port clocked by clk_i)
Endpoint: _46_ (recovery check against rising-edge clock clk_i)
Path Group: asynchronous
Path Type: max

Fanout         Cap        Slew       Delay        Time   Description
---------------------------------------------------------------------------------------------
                                  0.000000    0.000000   clock clk_i (rise edge)
                                  0.000000    0.000000   clock network delay (propagated)
                                  2.000000    2.000000 ^ input external delay
     4    0.019598    0.000000    0.000000    2.000000 ^ rst_ni (in)
                                                         rst_ni (net)
                      0.000535    0.000267    2.000267 ^ _46_/RESET_B (sky130_fd_sc_hd__dfrtp_2)
                                              2.000267   data arrival time

                                 20.000000   20.000000   clock clk_i (rise edge)
                                  0.000000   20.000000   clock source latency
     2    0.078342    0.000000    0.000000   20.000000 ^ clk_i (in)
                                                         clk_i (net)
                      0.007178    0.003588   20.003590 ^ clkbuf_regs_0_clk_i/A (sky130_fd_sc_hd__clkbuf_16)
     1    0.008414    0.031996    0.101000   20.104589 ^ clkbuf_regs_0_clk_i/X (sky130_fd_sc_hd__clkbuf_16)
                                                         clk_i_regs (net)
                      0.031996    0.000261   20.104851 ^ clkbuf_0_clk_i_regs/A (sky130_fd_sc_hd__clkbuf_16)
     2    0.018956    0.040955    0.119616   20.224466 ^ clkbuf_0_clk_i_regs/X (sky130_fd_sc_hd__clkbuf_16)
                                                         clknet_0_clk_i_regs (net)
                      0.040956    0.000467   20.224934 ^ clkbuf_1_1__f_clk_i_regs/A (sky130_fd_sc_hd__clkbuf_16)
     3    0.007511    0.031186    0.111998   20.336931 ^ clkbuf_1_1__f_clk_i_regs/X (sky130_fd_sc_hd__clkbuf_16)
                                                         clknet_1_1__leaf_clk_i_regs (net)
                      0.031186    0.000158   20.337090 ^ _46_/CLK (sky130_fd_sc_hd__dfrtp_2)
                                 -0.250000   20.087090   clock uncertainty
                                  0.000000   20.087090   clock reconvergence pessimism
                                  0.228243   20.315334   library recovery time
                                             20.315334   data required time
---------------------------------------------------------------------------------------------
                                             20.315334   data required time
                                             -2.000267   data arrival time
---------------------------------------------------------------------------------------------
                                             18.315067   slack (MET)


Startpoint: rst_ni (input port clocked by clk_i)
Endpoint: _48_ (recovery check against rising-edge clock clk_i)
Path Group: asynchronous
Path Type: max

Fanout         Cap        Slew       Delay        Time   Description
---------------------------------------------------------------------------------------------
                                  0.000000    0.000000   clock clk_i (rise edge)
                                  0.000000    0.000000   clock network delay (propagated)
                                  2.000000    2.000000 ^ input external delay
     4    0.019598    0.000000    0.000000    2.000000 ^ rst_ni (in)
                                                         rst_ni (net)
                      0.000409    0.000204    2.000204 ^ _48_/RESET_B (sky130_fd_sc_hd__dfrtp_2)
                                              2.000204   data arrival time

                                 20.000000   20.000000   clock clk_i (rise edge)
                                  0.000000   20.000000   clock source latency
     2    0.078342    0.000000    0.000000   20.000000 ^ clk_i (in)
                                                         clk_i (net)
                      0.007178    0.003588   20.003590 ^ clkbuf_regs_0_clk_i/A (sky130_fd_sc_hd__clkbuf_16)
     1    0.008414    0.031996    0.101000   20.104589 ^ clkbuf_regs_0_clk_i/X (sky130_fd_sc_hd__clkbuf_16)
                                                         clk_i_regs (net)
                      0.031996    0.000261   20.104851 ^ clkbuf_0_clk_i_regs/A (sky130_fd_sc_hd__clkbuf_16)
     2    0.018956    0.040955    0.119616   20.224466 ^ clkbuf_0_clk_i_regs/X (sky130_fd_sc_hd__clkbuf_16)
                                                         clknet_0_clk_i_regs (net)
                      0.040956    0.000467   20.224934 ^ clkbuf_1_1__f_clk_i_regs/A (sky130_fd_sc_hd__clkbuf_16)
     3    0.007511    0.031186    0.111998   20.336931 ^ clkbuf_1_1__f_clk_i_regs/X (sky130_fd_sc_hd__clkbuf_16)
                                                         clknet_1_1__leaf_clk_i_regs (net)
                      0.031186    0.000171   20.337101 ^ _48_/CLK (sky130_fd_sc_hd__dfrtp_2)
                                 -0.250000   20.087103   clock uncertainty
                                  0.000000   20.087103   clock reconvergence pessimism
                                  0.228281   20.315384   library recovery time
                                             20.315384   data required time
---------------------------------------------------------------------------------------------
                                             20.315384   data required time
                                             -2.000204   data arrival time
---------------------------------------------------------------------------------------------
                                             18.315180   slack (MET)



