
===========================================================================
report_checks -path_delay min (Hold)
============================================================================
======================= nom_tt_025C_1v80 Corner ===================================

Startpoint: _45_ (rising edge-triggered flip-flop clocked by clk_i)
Endpoint: _45_ (rising edge-triggered flip-flop clocked by clk_i)
Path Group: clk_i
Path Type: min

Fanout         Cap        Slew       Delay        Time   Description
---------------------------------------------------------------------------------------------
                                  0.000000    0.000000   clock clk_i (rise edge)
                                  0.000000    0.000000   clock source latency
     2    0.078342    0.000000    0.000000    0.000000 ^ clk_i (in)
                                                         clk_i (net)
                      0.007178    0.003589    0.003589 ^ clkbuf_regs_0_clk_i/A (sky130_fd_sc_hd__clkbuf_16)
     1    0.008414    0.031996    0.100999    0.104588 ^ clkbuf_regs_0_clk_i/X (sky130_fd_sc_hd__clkbuf_16)
                                                         clk_i_regs (net)
                      0.031996    0.000261    0.104850 ^ clkbuf_0_clk_i_regs/A (sky130_fd_sc_hd__clkbuf_16)
     2    0.018956    0.040955    0.119616    0.224466 ^ clkbuf_0_clk_i_regs/X (sky130_fd_sc_hd__clkbuf_16)
                                                         clknet_0_clk_i_regs (net)
                      0.040956    0.000425    0.224891 ^ clkbuf_1_0__f_clk_i_regs/A (sky130_fd_sc_hd__clkbuf_16)
     2    0.005158    0.028910    0.109239    0.334130 ^ clkbuf_1_0__f_clk_i_regs/X (sky130_fd_sc_hd__clkbuf_16)
                                                         clknet_1_0__leaf_clk_i_regs (net)
                      0.028910    0.000131    0.334261 ^ _45_/CLK (sky130_fd_sc_hd__dfstp_2)
     3    0.012347    0.040662    0.370267    0.704527 v _45_/Q (sky130_fd_sc_hd__dfstp_2)
                                                         state_q[0] (net)
                      0.040662    0.000538    0.705065 v _31_/A1 (sky130_fd_sc_hd__a31o_2)
     1    0.007276    0.043855    0.207942    0.913007 v _31_/X (sky130_fd_sc_hd__a31o_2)
                                                         _01_ (net)
                      0.043856    0.000275    0.913282 v _45_/D (sky130_fd_sc_hd__dfstp_2)
                                              0.913282   data arrival time

                                  0.000000    0.000000   clock clk_i (rise edge)
                                  0.000000    0.000000   clock source latency
     2    0.078342    0.000000    0.000000    0.000000 ^ clk_i (in)
                                                         clk_i (net)
                      0.007178    0.003589    0.003589 ^ clkbuf_regs_0_clk_i/A (sky130_fd_sc_hd__clkbuf_16)
     1    0.008414    0.031996    0.100999    0.104588 ^ clkbuf_regs_0_clk_i/X (sky130_fd_sc_hd__clkbuf_16)
                                                         clk_i_regs (net)
                      0.031996    0.000261    0.104850 ^ clkbuf_0_clk_i_regs/A (sky130_fd_sc_hd__clkbuf_16)
     2    0.018956    0.040955    0.119616    0.224466 ^ clkbuf_0_clk_i_regs/X (sky130_fd_sc_hd__clkbuf_16)
                                                         clknet_0_clk_i_regs (net)
                      0.040956    0.000425    0.224891 ^ clkbuf_1_0__f_clk_i_regs/A (sky130_fd_sc_hd__clkbuf_16)
     2    0.005158    0.028910    0.109239    0.334130 ^ clkbuf_1_0__f_clk_i_regs/X (sky130_fd_sc_hd__clkbuf_16)
                                                         clknet_1_0__leaf_clk_i_regs (net)
                      0.028910    0.000131    0.334261 ^ _45_/CLK (sky130_fd_sc_hd__dfstp_2)
                                  0.250000    0.584261   clock uncertainty
                                  0.000000    0.584261   clock reconvergence pessimism
                                 -0.011527    0.572734   library hold time
                                              0.572734   data required time
---------------------------------------------------------------------------------------------
                                              0.572734   data required time
                                             -0.913282   data arrival time
---------------------------------------------------------------------------------------------
                                              0.340548   slack (MET)


Startpoint: _45_ (rising edge-triggered flip-flop clocked by clk_i)
Endpoint: u_sram (falling edge-triggered flip-flop clocked by clk_i)
Path Group: clk_i
Path Type: min

Fanout         Cap        Slew       Delay        Time   Description
---------------------------------------------------------------------------------------------
                                  0.000000    0.000000   clock clk_i (rise edge)
                                  0.000000    0.000000   clock source latency
     2    0.078342    0.000000    0.000000    0.000000 ^ clk_i (in)
                                                         clk_i (net)
                      0.007178    0.003589    0.003589 ^ clkbuf_regs_0_clk_i/A (sky130_fd_sc_hd__clkbuf_16)
     1    0.008414    0.031996    0.100999    0.104588 ^ clkbuf_regs_0_clk_i/X (sky130_fd_sc_hd__clkbuf_16)
                                                         clk_i_regs (net)
                      0.031996    0.000261    0.104850 ^ clkbuf_0_clk_i_regs/A (sky130_fd_sc_hd__clkbuf_16)
     2    0.018956    0.040955    0.119616    0.224466 ^ clkbuf_0_clk_i_regs/X (sky130_fd_sc_hd__clkbuf_16)
                                                         clknet_0_clk_i_regs (net)
                      0.040956    0.000425    0.224891 ^ clkbuf_1_0__f_clk_i_regs/A (sky130_fd_sc_hd__clkbuf_16)
     2    0.005158    0.028910    0.109239    0.334130 ^ clkbuf_1_0__f_clk_i_regs/X (sky130_fd_sc_hd__clkbuf_16)
                                                         clknet_1_0__leaf_clk_i_regs (net)
                      0.028910    0.000131    0.334261 ^ _45_/CLK (sky130_fd_sc_hd__dfstp_2)
     3    0.012347    0.040662    0.370267    0.704527 v _45_/Q (sky130_fd_sc_hd__dfstp_2)
                                                         state_q[0] (net)
                      0.040662    0.000600    0.705128 v _25_/A (sky130_fd_sc_hd__and2_2)
    11    0.058959    0.148859    0.279072    0.984200 v _25_/X (sky130_fd_sc_hd__and2_2)
                                                         _08_ (net)
                      0.149126    0.004373    0.988573 v _29_/B (sky130_fd_sc_hd__nor2_2)
     1    0.011178    0.146297    0.173186    1.161759 ^ _29_/Y (sky130_fd_sc_hd__nor2_2)
                                                         sram_csb0 (net)
                      0.195063    0.000386    1.162145 ^ u_sram/csb0 (sky130_sram_1kbyte_1rw1r_32x256_8)
                                              1.162145   data arrival time

                                  0.000000    0.000000   clock clk_i (rise edge)
                                  0.000000    0.000000   clock source latency
     2    0.078342    0.000000    0.000000    0.000000 ^ clk_i (in)
                                                         clk_i (net)
                      0.011782    0.005891    0.005891 ^ clkbuf_0_clk_i/A (sky130_fd_sc_hd__clkbuf_16)
     2    0.040264    0.059881    0.129967    0.135858 ^ clkbuf_0_clk_i/X (sky130_fd_sc_hd__clkbuf_16)
                                                         clknet_0_clk_i (net)
                      0.059946    0.001694    0.137552 ^ clkbuf_1_0__f_clk_i/A (sky130_fd_sc_hd__clkbuf_16)
     1    0.064178    0.082493    0.158805    0.296357 ^ clkbuf_1_0__f_clk_i/X (sky130_fd_sc_hd__clkbuf_16)
                                                         clknet_1_0__leaf_clk_i (net)
                      0.118742    0.017962    0.314319 ^ u_sram/clk0 (sky130_sram_1kbyte_1rw1r_32x256_8)
                                  0.250000    0.564319   clock uncertainty
                                  0.000000    0.564319   clock reconvergence pessimism
                                 -0.056000    0.508319   library hold time
                                              0.508319   data required time
---------------------------------------------------------------------------------------------
                                              0.508319   data required time
                                             -1.162145   data arrival time
---------------------------------------------------------------------------------------------
                                              0.653826   slack (MET)


Startpoint: _45_ (rising edge-triggered flip-flop clocked by clk_i)
Endpoint: u_sram (falling edge-triggered flip-flop clocked by clk_i)
Path Group: clk_i
Path Type: min

Fanout         Cap        Slew       Delay        Time   Description
---------------------------------------------------------------------------------------------
                                  0.000000    0.000000   clock clk_i (rise edge)
                                  0.000000    0.000000   clock source latency
     2    0.078342    0.000000    0.000000    0.000000 ^ clk_i (in)
                                                         clk_i (net)
                      0.007178    0.003589    0.003589 ^ clkbuf_regs_0_clk_i/A (sky130_fd_sc_hd__clkbuf_16)
     1    0.008414    0.031996    0.100999    0.104588 ^ clkbuf_regs_0_clk_i/X (sky130_fd_sc_hd__clkbuf_16)
                                                         clk_i_regs (net)
                      0.031996    0.000261    0.104850 ^ clkbuf_0_clk_i_regs/A (sky130_fd_sc_hd__clkbuf_16)
     2    0.018956    0.040955    0.119616    0.224466 ^ clkbuf_0_clk_i_regs/X (sky130_fd_sc_hd__clkbuf_16)
                                                         clknet_0_clk_i_regs (net)
                      0.040956    0.000425    0.224891 ^ clkbuf_1_0__f_clk_i_regs/A (sky130_fd_sc_hd__clkbuf_16)
     2    0.005158    0.028910    0.109239    0.334130 ^ clkbuf_1_0__f_clk_i_regs/X (sky130_fd_sc_hd__clkbuf_16)
                                                         clknet_1_0__leaf_clk_i_regs (net)
                      0.028910    0.000131    0.334261 ^ _45_/CLK (sky130_fd_sc_hd__dfstp_2)
     3    0.012347    0.040662    0.370267    0.704527 v _45_/Q (sky130_fd_sc_hd__dfstp_2)
                                                         state_q[0] (net)
                      0.040662    0.000636    0.705163 v _23_/B (sky130_fd_sc_hd__and3_2)
    17    0.084395    0.208179    0.353402    1.058565 v _23_/X (sky130_fd_sc_hd__and3_2)
                                                         axi_awready_o (net)
                      0.208577    0.007573    1.066138 v _24_/A (sky130_fd_sc_hd__inv_2)
     1    0.009149    0.076068    0.120606    1.186744 ^ _24_/Y (sky130_fd_sc_hd__inv_2)
                                                         sram_web0 (net)
                      0.101424    0.000283    1.187027 ^ u_sram/web0 (sky130_sram_1kbyte_1rw1r_32x256_8)
                                              1.187027   data arrival time

                                  0.000000    0.000000   clock clk_i (rise edge)
                                  0.000000    0.000000   clock source latency
     2    0.078342    0.000000    0.000000    0.000000 ^ clk_i (in)
                                                         clk_i (net)
                      0.011782    0.005891    0.005891 ^ clkbuf_0_clk_i/A (sky130_fd_sc_hd__clkbuf_16)
     2    0.040264    0.059881    0.129967    0.135858 ^ clkbuf_0_clk_i/X (sky130_fd_sc_hd__clkbuf_16)
                                                         clknet_0_clk_i (net)
                      0.059946    0.001694    0.137552 ^ clkbuf_1_0__f_clk_i/A (sky130_fd_sc_hd__clkbuf_16)
     1    0.064178    0.082493    0.158805    0.296357 ^ clkbuf_1_0__f_clk_i/X (sky130_fd_sc_hd__clkbuf_16)
                                                         clknet_1_0__leaf_clk_i (net)
                      0.118742    0.017962    0.314319 ^ u_sram/clk0 (sky130_sram_1kbyte_1rw1r_32x256_8)
                                  0.250000    0.564319   clock uncertainty
                                  0.000000    0.564319   clock reconvergence pessimism
                                 -0.056000    0.508319   library hold time
                                              0.508319   data required time
---------------------------------------------------------------------------------------------
                                              0.508319   data required time
                                             -1.187027   data arrival time
---------------------------------------------------------------------------------------------
                                              0.678708   slack (MET)


Startpoint: _45_ (rising edge-triggered flip-flop clocked by clk_i)
Endpoint: _47_ (rising edge-triggered flip-flop clocked by clk_i)
Path Group: clk_i
Path Type: min

Fanout         Cap        Slew       Delay        Time   Description
---------------------------------------------------------------------------------------------
                                  0.000000    0.000000   clock clk_i (rise edge)
                                  0.000000    0.000000   clock source latency
     2    0.078342    0.000000    0.000000    0.000000 ^ clk_i (in)
                                                         clk_i (net)
                      0.007178    0.003589    0.003589 ^ clkbuf_regs_0_clk_i/A (sky130_fd_sc_hd__clkbuf_16)
     1    0.008414    0.031996    0.100999    0.104588 ^ clkbuf_regs_0_clk_i/X (sky130_fd_sc_hd__clkbuf_16)
                                                         clk_i_regs (net)
                      0.031996    0.000261    0.104850 ^ clkbuf_0_clk_i_regs/A (sky130_fd_sc_hd__clkbuf_16)
     2    0.018956    0.040955    0.119616    0.224466 ^ clkbuf_0_clk_i_regs/X (sky130_fd_sc_hd__clkbuf_16)
                                                         clknet_0_clk_i_regs (net)
                      0.040956    0.000425    0.224891 ^ clkbuf_1_0__f_clk_i_regs/A (sky130_fd_sc_hd__clkbuf_16)
     2    0.005158    0.028910    0.109239    0.334130 ^ clkbuf_1_0__f_clk_i_regs/X (sky130_fd_sc_hd__clkbuf_16)
                                                         clknet_1_0__leaf_clk_i_regs (net)
                      0.028910    0.000131    0.334261 ^ _45_/CLK (sky130_fd_sc_hd__dfstp_2)
     3    0.012347    0.040662    0.370267    0.704527 v _45_/Q (sky130_fd_sc_hd__dfstp_2)
                                                         state_q[0] (net)
                      0.040662    0.000600    0.705128 v _25_/A (sky130_fd_sc_hd__and2_2)
    11    0.058959    0.148859    0.279072    0.984200 v _25_/X (sky130_fd_sc_hd__and2_2)
                                                         _08_ (net)
                      0.148860    0.001005    0.985204 v _44_/B (sky130_fd_sc_hd__and2_2)
     1    0.007326    0.045126    0.246533    1.231737 v _44_/X (sky130_fd_sc_hd__and2_2)
                                                         _00_ (net)
                      0.045126    0.000283    1.232020 v _47_/D (sky130_fd_sc_hd__dfrtp_2)
                                              1.232020   data arrival time

                                  0.000000    0.000000   clock clk_i (rise edge)
                                  0.000000    0.000000   clock source latency
     2    0.078342    0.000000    0.000000    0.000000 ^ clk_i (in)
                                                         clk_i (net)
                      0.007178    0.003589    0.003589 ^ clkbuf_regs_0_clk_i/A (sky130_fd_sc_hd__clkbuf_16)
     1    0.008414    0.031996    0.100999    0.104588 ^ clkbuf_regs_0_clk_i/X (sky130_fd_sc_hd__clkbuf_16)
                                                         clk_i_regs (net)
                      0.031996    0.000261    0.104850 ^ clkbuf_0_clk_i_regs/A (sky130_fd_sc_hd__clkbuf_16)
     2    0.018956    0.040955    0.119616    0.224466 ^ clkbuf_0_clk_i_regs/X (sky130_fd_sc_hd__clkbuf_16)
                                                         clknet_0_clk_i_regs (net)
                      0.040956    0.000425    0.224891 ^ clkbuf_1_0__f_clk_i_regs/A (sky130_fd_sc_hd__clkbuf_16)
     2    0.005158    0.028910    0.109239    0.334130 ^ clkbuf_1_0__f_clk_i_regs/X (sky130_fd_sc_hd__clkbuf_16)
                                                         clknet_1_0__leaf_clk_i_regs (net)
                      0.028910    0.000133    0.334263 ^ _47_/CLK (sky130_fd_sc_hd__dfrtp_2)
                                  0.250000    0.584263   clock uncertainty
                                  0.000000    0.584263   clock reconvergence pessimism
                                 -0.045835    0.538429   library hold time
                                              0.538429   data required time
---------------------------------------------------------------------------------------------
                                              0.538429   data required time
                                             -1.232020   data arrival time
---------------------------------------------------------------------------------------------
                                              0.693592   slack (MET)


Startpoint: _45_ (rising edge-triggered flip-flop clocked by clk_i)
Endpoint: _46_ (rising edge-triggered flip-flop clocked by clk_i)
Path Group: clk_i
Path Type: min

Fanout         Cap        Slew       Delay        Time   Description
---------------------------------------------------------------------------------------------
                                  0.000000    0.000000   clock clk_i (rise edge)
                                  0.000000    0.000000   clock source latency
     2    0.078342    0.000000    0.000000    0.000000 ^ clk_i (in)
                                                         clk_i (net)
                      0.007178    0.003589    0.003589 ^ clkbuf_regs_0_clk_i/A (sky130_fd_sc_hd__clkbuf_16)
     1    0.008414    0.031996    0.100999    0.104588 ^ clkbuf_regs_0_clk_i/X (sky130_fd_sc_hd__clkbuf_16)
                                                         clk_i_regs (net)
                      0.031996    0.000261    0.104850 ^ clkbuf_0_clk_i_regs/A (sky130_fd_sc_hd__clkbuf_16)
     2    0.018956    0.040955    0.119616    0.224466 ^ clkbuf_0_clk_i_regs/X (sky130_fd_sc_hd__clkbuf_16)
                                                         clknet_0_clk_i_regs (net)
                      0.040956    0.000425    0.224891 ^ clkbuf_1_0__f_clk_i_regs/A (sky130_fd_sc_hd__clkbuf_16)
     2    0.005158    0.028910    0.109239    0.334130 ^ clkbuf_1_0__f_clk_i_regs/X (sky130_fd_sc_hd__clkbuf_16)
                                                         clknet_1_0__leaf_clk_i_regs (net)
                      0.028910    0.000131    0.334261 ^ _45_/CLK (sky130_fd_sc_hd__dfstp_2)
     3    0.012347    0.040662    0.370267    0.704527 v _45_/Q (sky130_fd_sc_hd__dfstp_2)
                                                         state_q[0] (net)
                      0.040662    0.000636    0.705163 v _23_/B (sky130_fd_sc_hd__and3_2)
    17    0.084395    0.208179    0.353402    1.058565 v _23_/X (sky130_fd_sc_hd__and3_2)
                                                         axi_awready_o (net)
                      0.208224    0.002599    1.061164 v _28_/B1 (sky130_fd_sc_hd__a21o_2)
     1    0.006599    0.040676    0.258398    1.319562 v _28_/X (sky130_fd_sc_hd__a21o_2)
                                                         _02_ (net)
                      0.040702    0.000266    1.319828 v _46_/D (sky130_fd_sc_hd__dfrtp_2)
                                              1.319828   data arrival time

                                  0.000000    0.000000   clock clk_i (rise edge)
                                  0.000000    0.000000   clock source latency
     2    0.078342    0.000000    0.000000    0.000000 ^ clk_i (in)
                                                         clk_i (net)
                      0.007178    0.003589    0.003589 ^ clkbuf_regs_0_clk_i/A (sky130_fd_sc_hd__clkbuf_16)
     1    0.008414    0.031996    0.100999    0.104588 ^ clkbuf_regs_0_clk_i/X (sky130_fd_sc_hd__clkbuf_16)
                                                         clk_i_regs (net)
                      0.031996    0.000261    0.104850 ^ clkbuf_0_clk_i_regs/A (sky130_fd_sc_hd__clkbuf_16)
     2    0.018956    0.040955    0.119616    0.224466 ^ clkbuf_0_clk_i_regs/X (sky130_fd_sc_hd__clkbuf_16)
                                                         clknet_0_clk_i_regs (net)
                      0.040956    0.000467    0.224933 ^ clkbuf_1_1__f_clk_i_regs/A (sky130_fd_sc_hd__clkbuf_16)
     3    0.007511    0.031186    0.111996    0.336930 ^ clkbuf_1_1__f_clk_i_regs/X (sky130_fd_sc_hd__clkbuf_16)
                                                         clknet_1_1__leaf_clk_i_regs (net)
                      0.031186    0.000158    0.337088 ^ _46_/CLK (sky130_fd_sc_hd__dfrtp_2)
                                  0.250000    0.587088   clock uncertainty
                                  0.000000    0.587088   clock reconvergence pessimism
                                 -0.043515    0.543573   library hold time
                                              0.543573   data required time
---------------------------------------------------------------------------------------------
                                              0.543573   data required time
                                             -1.319828   data arrival time
---------------------------------------------------------------------------------------------
                                              0.776254   slack (MET)


Startpoint: _45_ (rising edge-triggered flip-flop clocked by clk_i)
Endpoint: u_sram (falling edge-triggered flip-flop clocked by clk_i)
Path Group: clk_i
Path Type: min

Fanout         Cap        Slew       Delay        Time   Description
---------------------------------------------------------------------------------------------
                                  0.000000    0.000000   clock clk_i (rise edge)
                                  0.000000    0.000000   clock source latency
     2    0.078342    0.000000    0.000000    0.000000 ^ clk_i (in)
                                                         clk_i (net)
                      0.007178    0.003589    0.003589 ^ clkbuf_regs_0_clk_i/A (sky130_fd_sc_hd__clkbuf_16)
     1    0.008414    0.031996    0.100999    0.104588 ^ clkbuf_regs_0_clk_i/X (sky130_fd_sc_hd__clkbuf_16)
                                                         clk_i_regs (net)
                      0.031996    0.000261    0.104850 ^ clkbuf_0_clk_i_regs/A (sky130_fd_sc_hd__clkbuf_16)
     2    0.018956    0.040955    0.119616    0.224466 ^ clkbuf_0_clk_i_regs/X (sky130_fd_sc_hd__clkbuf_16)
                                                         clknet_0_clk_i_regs (net)
                      0.040956    0.000425    0.224891 ^ clkbuf_1_0__f_clk_i_regs/A (sky130_fd_sc_hd__clkbuf_16)
     2    0.005158    0.028910    0.109239    0.334130 ^ clkbuf_1_0__f_clk_i_regs/X (sky130_fd_sc_hd__clkbuf_16)
                                                         clknet_1_0__leaf_clk_i_regs (net)
                      0.028910    0.000131    0.334261 ^ _45_/CLK (sky130_fd_sc_hd__dfstp_2)
     3    0.012347    0.040662    0.370267    0.704527 v _45_/Q (sky130_fd_sc_hd__dfstp_2)
                                                         state_q[0] (net)
                      0.040662    0.000600    0.705128 v _25_/A (sky130_fd_sc_hd__and2_2)
    11    0.058959    0.148859    0.279072    0.984200 v _25_/X (sky130_fd_sc_hd__and2_2)
                                                         _08_ (net)
                      0.148968    0.001803    0.986003 v _33_/A3 (sky130_fd_sc_hd__a32o_2)
     1    0.012637    0.059893    0.330967    1.316970 v _33_/X (sky130_fd_sc_hd__a32o_2)
                                                         sram_addr0[1] (net)
                      0.079864    0.000546    1.317515 v u_sram/addr0[1] (sky130_sram_1kbyte_1rw1r_32x256_8)
                                              1.317515   data arrival time

                                  0.000000    0.000000   clock clk_i (rise edge)
                                  0.000000    0.000000   clock source latency
     2    0.078342    0.000000    0.000000    0.000000 ^ clk_i (in)
                                                         clk_i (net)
                      0.011782    0.005891    0.005891 ^ clkbuf_0_clk_i/A (sky130_fd_sc_hd__clkbuf_16)
     2    0.040264    0.059881    0.129967    0.135858 ^ clkbuf_0_clk_i/X (sky130_fd_sc_hd__clkbuf_16)
                                                         clknet_0_clk_i (net)
                      0.059946    0.001694    0.137552 ^ clkbuf_1_0__f_clk_i/A (sky130_fd_sc_hd__clkbuf_16)
     1    0.064178    0.082493    0.158805    0.296357 ^ clkbuf_1_0__f_clk_i/X (sky130_fd_sc_hd__clkbuf_16)
                                                         clknet_1_0__leaf_clk_i (net)
                      0.118742    0.017962    0.314319 ^ u_sram/clk0 (sky130_sram_1kbyte_1rw1r_32x256_8)
                                  0.250000    0.564319   clock uncertainty
                                  0.000000    0.564319   clock reconvergence pessimism
                                 -0.056000    0.508319   library hold time
                                              0.508319   data required time
---------------------------------------------------------------------------------------------
                                              0.508319   data required time
                                             -1.317515   data arrival time
---------------------------------------------------------------------------------------------
                                              0.809197   slack (MET)


Startpoint: _48_ (rising edge-triggered flip-flop clocked by clk_i)
Endpoint: _48_ (rising edge-triggered flip-flop clocked by clk_i)
Path Group: clk_i
Path Type: min

Fanout         Cap        Slew       Delay        Time   Description
---------------------------------------------------------------------------------------------
                                  0.000000    0.000000   clock clk_i (rise edge)
                                  0.000000    0.000000   clock source latency
     2    0.078342    0.000000    0.000000    0.000000 ^ clk_i (in)
                                                         clk_i (net)
                      0.007178    0.003589    0.003589 ^ clkbuf_regs_0_clk_i/A (sky130_fd_sc_hd__clkbuf_16)
     1    0.008414    0.031996    0.100999    0.104588 ^ clkbuf_regs_0_clk_i/X (sky130_fd_sc_hd__clkbuf_16)
                                                         clk_i_regs (net)
                      0.031996    0.000261    0.104850 ^ clkbuf_0_clk_i_regs/A (sky130_fd_sc_hd__clkbuf_16)
     2    0.018956    0.040955    0.119616    0.224466 ^ clkbuf_0_clk_i_regs/X (sky130_fd_sc_hd__clkbuf_16)
                                                         clknet_0_clk_i_regs (net)
                      0.040956    0.000467    0.224933 ^ clkbuf_1_1__f_clk_i_regs/A (sky130_fd_sc_hd__clkbuf_16)
     3    0.007511    0.031186    0.111996    0.336930 ^ clkbuf_1_1__f_clk_i_regs/X (sky130_fd_sc_hd__clkbuf_16)
                                                         clknet_1_1__leaf_clk_i_regs (net)
                      0.031186    0.000172    0.337102 ^ _48_/CLK (sky130_fd_sc_hd__dfrtp_2)
     3    0.011973    0.077283    0.366854    0.703956 ^ _48_/Q (sky130_fd_sc_hd__dfrtp_2)
                                                         axi_rvalid_o (net)
                      0.077284    0.000420    0.704375 ^ _27_/A1 (sky130_fd_sc_hd__a21o_2)
     1    0.003771    0.030284    0.120626    0.825002 ^ _27_/X (sky130_fd_sc_hd__a21o_2)
                                                         _03_ (net)
                      0.030284    0.000132    0.825134 ^ hold2/A (sky130_fd_sc_hd__dlygate4sd3_1)
     1    0.003121    0.055688    0.533042    1.358176 ^ hold2/X (sky130_fd_sc_hd__dlygate4sd3_1)
                                                         net2 (net)
                      0.055688    0.000096    1.358272 ^ _48_/D (sky130_fd_sc_hd__dfrtp_2)
                                              1.358272   data arrival time

                                  0.000000    0.000000   clock clk_i (rise edge)
                                  0.000000    0.000000   clock source latency
     2    0.078342    0.000000    0.000000    0.000000 ^ clk_i (in)
                                                         clk_i (net)
                      0.007178    0.003589    0.003589 ^ clkbuf_regs_0_clk_i/A (sky130_fd_sc_hd__clkbuf_16)
     1    0.008414    0.031996    0.100999    0.104588 ^ clkbuf_regs_0_clk_i/X (sky130_fd_sc_hd__clkbuf_16)
                                                         clk_i_regs (net)
                      0.031996    0.000261    0.104850 ^ clkbuf_0_clk_i_regs/A (sky130_fd_sc_hd__clkbuf_16)
     2    0.018956    0.040955    0.119616    0.224466 ^ clkbuf_0_clk_i_regs/X (sky130_fd_sc_hd__clkbuf_16)
                                                         clknet_0_clk_i_regs (net)
                      0.040956    0.000467    0.224933 ^ clkbuf_1_1__f_clk_i_regs/A (sky130_fd_sc_hd__clkbuf_16)
     3    0.007511    0.031186    0.111996    0.336930 ^ clkbuf_1_1__f_clk_i_regs/X (sky130_fd_sc_hd__clkbuf_16)
                                                         clknet_1_1__leaf_clk_i_regs (net)
                      0.031186    0.000172    0.337102 ^ _48_/CLK (sky130_fd_sc_hd__dfrtp_2)
                                  0.250000    0.587102   clock uncertainty
                                  0.000000    0.587102   clock reconvergence pessimism
                                 -0.038782    0.548320   library hold time
                                              0.548320   data required time
---------------------------------------------------------------------------------------------
                                              0.548320   data required time
                                             -1.358272   data arrival time
---------------------------------------------------------------------------------------------
                                              0.809952   slack (MET)


Startpoint: _45_ (rising edge-triggered flip-flop clocked by clk_i)
Endpoint: u_sram (falling edge-triggered flip-flop clocked by clk_i)
Path Group: clk_i
Path Type: min

Fanout         Cap        Slew       Delay        Time   Description
---------------------------------------------------------------------------------------------
                                  0.000000    0.000000   clock clk_i (rise edge)
                                  0.000000    0.000000   clock source latency
     2    0.078342    0.000000    0.000000    0.000000 ^ clk_i (in)
                                                         clk_i (net)
                      0.007178    0.003589    0.003589 ^ clkbuf_regs_0_clk_i/A (sky130_fd_sc_hd__clkbuf_16)
     1    0.008414    0.031996    0.100999    0.104588 ^ clkbuf_regs_0_clk_i/X (sky130_fd_sc_hd__clkbuf_16)
                                                         clk_i_regs (net)
                      0.031996    0.000261    0.104850 ^ clkbuf_0_clk_i_regs/A (sky130_fd_sc_hd__clkbuf_16)
     2    0.018956    0.040955    0.119616    0.224466 ^ clkbuf_0_clk_i_regs/X (sky130_fd_sc_hd__clkbuf_16)
                                                         clknet_0_clk_i_regs (net)
                      0.040956    0.000425    0.224891 ^ clkbuf_1_0__f_clk_i_regs/A (sky130_fd_sc_hd__clkbuf_16)
     2    0.005158    0.028910    0.109239    0.334130 ^ clkbuf_1_0__f_clk_i_regs/X (sky130_fd_sc_hd__clkbuf_16)
                                                         clknet_1_0__leaf_clk_i_regs (net)
                      0.028910    0.000131    0.334261 ^ _45_/CLK (sky130_fd_sc_hd__dfstp_2)
     3    0.012347    0.040662    0.370267    0.704527 v _45_/Q (sky130_fd_sc_hd__dfstp_2)
                                                         state_q[0] (net)
                      0.040662    0.000600    0.705128 v _25_/A (sky130_fd_sc_hd__and2_2)
    11    0.058959    0.148859    0.279072    0.984200 v _25_/X (sky130_fd_sc_hd__and2_2)
                                                         _08_ (net)
                      0.148961    0.001613    0.985813 v _34_/A3 (sky130_fd_sc_hd__a32o_2)
     1    0.013226    0.061101    0.332335    1.318148 v _34_/X (sky130_fd_sc_hd__a32o_2)
                                                         sram_addr0[2] (net)
                      0.081475    0.000602    1.318750 v u_sram/addr0[2] (sky130_sram_1kbyte_1rw1r_32x256_8)
                                              1.318750   data arrival time

                                  0.000000    0.000000   clock clk_i (rise edge)
                                  0.000000    0.000000   clock source latency
     2    0.078342    0.000000    0.000000    0.000000 ^ clk_i (in)
                                                         clk_i (net)
                      0.011782    0.005891    0.005891 ^ clkbuf_0_clk_i/A (sky130_fd_sc_hd__clkbuf_16)
     2    0.040264    0.059881    0.129967    0.135858 ^ clkbuf_0_clk_i/X (sky130_fd_sc_hd__clkbuf_16)
                                                         clknet_0_clk_i (net)
                      0.059946    0.001694    0.137552 ^ clkbuf_1_0__f_clk_i/A (sky130_fd_sc_hd__clkbuf_16)
     1    0.064178    0.082493    0.158805    0.296357 ^ clkbuf_1_0__f_clk_i/X (sky130_fd_sc_hd__clkbuf_16)
                                                         clknet_1_0__leaf_clk_i (net)
                      0.118742    0.017962    0.314319 ^ u_sram/clk0 (sky130_sram_1kbyte_1rw1r_32x256_8)
                                  0.250000    0.564319   clock uncertainty
                                  0.000000    0.564319   clock reconvergence pessimism
                                 -0.056000    0.508319   library hold time
                                              0.508319   data required time
---------------------------------------------------------------------------------------------
                                              0.508319   data required time
                                             -1.318750   data arrival time
---------------------------------------------------------------------------------------------
                                              0.810431   slack (MET)


Startpoint: _45_ (rising edge-triggered flip-flop clocked by clk_i)
Endpoint: u_sram (falling edge-triggered flip-flop clocked by clk_i)
Path Group: clk_i
Path Type: min

Fanout         Cap        Slew       Delay        Time   Description
---------------------------------------------------------------------------------------------
                                  0.000000    0.000000   clock clk_i (rise edge)
                                  0.000000    0.000000   clock source latency
     2    0.078342    0.000000    0.000000    0.000000 ^ clk_i (in)
                                                         clk_i (net)
                      0.007178    0.003589    0.003589 ^ clkbuf_regs_0_clk_i/A (sky130_fd_sc_hd__clkbuf_16)
     1    0.008414    0.031996    0.100999    0.104588 ^ clkbuf_regs_0_clk_i/X (sky130_fd_sc_hd__clkbuf_16)
                                                         clk_i_regs (net)
                      0.031996    0.000261    0.104850 ^ clkbuf_0_clk_i_regs/A (sky130_fd_sc_hd__clkbuf_16)
     2    0.018956    0.040955    0.119616    0.224466 ^ clkbuf_0_clk_i_regs/X (sky130_fd_sc_hd__clkbuf_16)
                                                         clknet_0_clk_i_regs (net)
                      0.040956    0.000425    0.224891 ^ clkbuf_1_0__f_clk_i_regs/A (sky130_fd_sc_hd__clkbuf_16)
     2    0.005158    0.028910    0.109239    0.334130 ^ clkbuf_1_0__f_clk_i_regs/X (sky130_fd_sc_hd__clkbuf_16)
                                                         clknet_1_0__leaf_clk_i_regs (net)
                      0.028910    0.000131    0.334261 ^ _45_/CLK (sky130_fd_sc_hd__dfstp_2)
     3    0.012347    0.040662    0.370267    0.704527 v _45_/Q (sky130_fd_sc_hd__dfstp_2)
                                                         state_q[0] (net)
                      0.040662    0.000600    0.705128 v _25_/A (sky130_fd_sc_hd__and2_2)
    11    0.058959    0.148859    0.279072    0.984200 v _25_/X (sky130_fd_sc_hd__and2_2)
                                                         _08_ (net)
                      0.148866    0.001398    0.985598 v _36_/A3 (sky130_fd_sc_hd__a32o_2)
     1    0.014044    0.062813    0.334191    1.319789 v _36_/X (sky130_fd_sc_hd__a32o_2)
                                                         sram_addr0[4] (net)
                      0.083760    0.000696    1.320485 v u_sram/addr0[4] (sky130_sram_1kbyte_1rw1r_32x256_8)
                                              1.320485   data arrival time

                                  0.000000    0.000000   clock clk_i (rise edge)
                                  0.000000    0.000000   clock source latency
     2    0.078342    0.000000    0.000000    0.000000 ^ clk_i (in)
                                                         clk_i (net)
                      0.011782    0.005891    0.005891 ^ clkbuf_0_clk_i/A (sky130_fd_sc_hd__clkbuf_16)
     2    0.040264    0.059881    0.129967    0.135858 ^ clkbuf_0_clk_i/X (sky130_fd_sc_hd__clkbuf_16)
                                                         clknet_0_clk_i (net)
                      0.059946    0.001694    0.137552 ^ clkbuf_1_0__f_clk_i/A (sky130_fd_sc_hd__clkbuf_16)
     1    0.064178    0.082493    0.158805    0.296357 ^ clkbuf_1_0__f_clk_i/X (sky130_fd_sc_hd__clkbuf_16)
                                                         clknet_1_0__leaf_clk_i (net)
                      0.118742    0.017962    0.314319 ^ u_sram/clk0 (sky130_sram_1kbyte_1rw1r_32x256_8)
                                  0.250000    0.564319   clock uncertainty
                                  0.000000    0.564319   clock reconvergence pessimism
                                 -0.056000    0.508319   library hold time
                                              0.508319   data required time
---------------------------------------------------------------------------------------------
                                              0.508319   data required time
                                             -1.320485   data arrival time
---------------------------------------------------------------------------------------------
                                              0.812166   slack (MET)


Startpoint: _45_ (rising edge-triggered flip-flop clocked by clk_i)
Endpoint: u_sram (falling edge-triggered flip-flop clocked by clk_i)
Path Group: clk_i
Path Type: min

Fanout         Cap        Slew       Delay        Time   Description
---------------------------------------------------------------------------------------------
                                  0.000000    0.000000   clock clk_i (rise edge)
                                  0.000000    0.000000   clock source latency
     2    0.078342    0.000000    0.000000    0.000000 ^ clk_i (in)
                                                         clk_i (net)
                      0.007178    0.003589    0.003589 ^ clkbuf_regs_0_clk_i/A (sky130_fd_sc_hd__clkbuf_16)
     1    0.008414    0.031996    0.100999    0.104588 ^ clkbuf_regs_0_clk_i/X (sky130_fd_sc_hd__clkbuf_16)
                                                         clk_i_regs (net)
                      0.031996    0.000261    0.104850 ^ clkbuf_0_clk_i_regs/A (sky130_fd_sc_hd__clkbuf_16)
     2    0.018956    0.040955    0.119616    0.224466 ^ clkbuf_0_clk_i_regs/X (sky130_fd_sc_hd__clkbuf_16)
                                                         clknet_0_clk_i_regs (net)
                      0.040956    0.000425    0.224891 ^ clkbuf_1_0__f_clk_i_regs/A (sky130_fd_sc_hd__clkbuf_16)
     2    0.005158    0.028910    0.109239    0.334130 ^ clkbuf_1_0__f_clk_i_regs/X (sky130_fd_sc_hd__clkbuf_16)
                                                         clknet_1_0__leaf_clk_i_regs (net)
                      0.028910    0.000131    0.334261 ^ _45_/CLK (sky130_fd_sc_hd__dfstp_2)
     3    0.012347    0.040662    0.370267    0.704527 v _45_/Q (sky130_fd_sc_hd__dfstp_2)
                                                         state_q[0] (net)
                      0.040662    0.000600    0.705128 v _25_/A (sky130_fd_sc_hd__and2_2)
    11    0.058959    0.148859    0.279072    0.984200 v _25_/X (sky130_fd_sc_hd__and2_2)
                                                         _08_ (net)
                      0.148958    0.001509    0.985709 v _35_/A3 (sky130_fd_sc_hd__a32o_2)
     1    0.014151    0.063008    0.334586    1.320294 v _35_/X (sky130_fd_sc_hd__a32o_2)
                                                         sram_addr0[3] (net)
                      0.084013    0.000434    1.320728 v u_sram/addr0[3] (sky130_sram_1kbyte_1rw1r_32x256_8)
                                              1.320728   data arrival time

                                  0.000000    0.000000   clock clk_i (rise edge)
                                  0.000000    0.000000   clock source latency
     2    0.078342    0.000000    0.000000    0.000000 ^ clk_i (in)
                                                         clk_i (net)
                      0.011782    0.005891    0.005891 ^ clkbuf_0_clk_i/A (sky130_fd_sc_hd__clkbuf_16)
     2    0.040264    0.059881    0.129967    0.135858 ^ clkbuf_0_clk_i/X (sky130_fd_sc_hd__clkbuf_16)
                                                         clknet_0_clk_i (net)
                      0.059946    0.001694    0.137552 ^ clkbuf_1_0__f_clk_i/A (sky130_fd_sc_hd__clkbuf_16)
     1    0.064178    0.082493    0.158805    0.296357 ^ clkbuf_1_0__f_clk_i/X (sky130_fd_sc_hd__clkbuf_16)
                                                         clknet_1_0__leaf_clk_i (net)
                      0.118742    0.017962    0.314319 ^ u_sram/clk0 (sky130_sram_1kbyte_1rw1r_32x256_8)
                                  0.250000    0.564319   clock uncertainty
                                  0.000000    0.564319   clock reconvergence pessimism
                                 -0.056000    0.508319   library hold time
                                              0.508319   data required time
---------------------------------------------------------------------------------------------
                                              0.508319   data required time
                                             -1.320728   data arrival time
---------------------------------------------------------------------------------------------
                                              0.812409   slack (MET)


Startpoint: _45_ (rising edge-triggered flip-flop clocked by clk_i)
Endpoint: u_sram (falling edge-triggered flip-flop clocked by clk_i)
Path Group: clk_i
Path Type: min

Fanout         Cap        Slew       Delay        Time   Description
---------------------------------------------------------------------------------------------
                                  0.000000    0.000000   clock clk_i (rise edge)
                                  0.000000    0.000000   clock source latency
     2    0.078342    0.000000    0.000000    0.000000 ^ clk_i (in)
                                                         clk_i (net)
                      0.007178    0.003589    0.003589 ^ clkbuf_regs_0_clk_i/A (sky130_fd_sc_hd__clkbuf_16)
     1    0.008414    0.031996    0.100999    0.104588 ^ clkbuf_regs_0_clk_i/X (sky130_fd_sc_hd__clkbuf_16)
                                                         clk_i_regs (net)
                      0.031996    0.000261    0.104850 ^ clkbuf_0_clk_i_regs/A (sky130_fd_sc_hd__clkbuf_16)
     2    0.018956    0.040955    0.119616    0.224466 ^ clkbuf_0_clk_i_regs/X (sky130_fd_sc_hd__clkbuf_16)
                                                         clknet_0_clk_i_regs (net)
                      0.040956    0.000425    0.224891 ^ clkbuf_1_0__f_clk_i_regs/A (sky130_fd_sc_hd__clkbuf_16)
     2    0.005158    0.028910    0.109239    0.334130 ^ clkbuf_1_0__f_clk_i_regs/X (sky130_fd_sc_hd__clkbuf_16)
                                                         clknet_1_0__leaf_clk_i_regs (net)
                      0.028910    0.000131    0.334261 ^ _45_/CLK (sky130_fd_sc_hd__dfstp_2)
     3    0.012347    0.040662    0.370267    0.704527 v _45_/Q (sky130_fd_sc_hd__dfstp_2)
                                                         state_q[0] (net)
                      0.040662    0.000600    0.705128 v _25_/A (sky130_fd_sc_hd__and2_2)
    11    0.058959    0.148859    0.279072    0.984200 v _25_/X (sky130_fd_sc_hd__and2_2)
                                                         _08_ (net)
                      0.148861    0.001059    0.985259 v _38_/A3 (sky130_fd_sc_hd__a32o_2)
     1    0.014533    0.063831    0.335400    1.320659 v _38_/X (sky130_fd_sc_hd__a32o_2)
                                                         sram_addr0[6] (net)
                      0.085113    0.000556    1.321216 v u_sram/addr0[6] (sky130_sram_1kbyte_1rw1r_32x256_8)
                                              1.321216   data arrival time

                                  0.000000    0.000000   clock clk_i (rise edge)
                                  0.000000    0.000000   clock source latency
     2    0.078342    0.000000    0.000000    0.000000 ^ clk_i (in)
                                                         clk_i (net)
                      0.011782    0.005891    0.005891 ^ clkbuf_0_clk_i/A (sky130_fd_sc_hd__clkbuf_16)
     2    0.040264    0.059881    0.129967    0.135858 ^ clkbuf_0_clk_i/X (sky130_fd_sc_hd__clkbuf_16)
                                                         clknet_0_clk_i (net)
                      0.059946    0.001694    0.137552 ^ clkbuf_1_0__f_clk_i/A (sky130_fd_sc_hd__clkbuf_16)
     1    0.064178    0.082493    0.158805    0.296357 ^ clkbuf_1_0__f_clk_i/X (sky130_fd_sc_hd__clkbuf_16)
                                                         clknet_1_0__leaf_clk_i (net)
                      0.118742    0.017962    0.314319 ^ u_sram/clk0 (sky130_sram_1kbyte_1rw1r_32x256_8)
                                  0.250000    0.564319   clock uncertainty
                                  0.000000    0.564319   clock reconvergence pessimism
                                 -0.056000    0.508319   library hold time
                                              0.508319   data required time
---------------------------------------------------------------------------------------------
                                              0.508319   data required time
                                             -1.321216   data arrival time
---------------------------------------------------------------------------------------------
                                              0.812897   slack (MET)


Startpoint: _45_ (rising edge-triggered flip-flop clocked by clk_i)
Endpoint: u_sram (falling edge-triggered flip-flop clocked by clk_i)
Path Group: clk_i
Path Type: min

Fanout         Cap        Slew       Delay        Time   Description
---------------------------------------------------------------------------------------------
                                  0.000000    0.000000   clock clk_i (rise edge)
                                  0.000000    0.000000   clock source latency
     2    0.078342    0.000000    0.000000    0.000000 ^ clk_i (in)
                                                         clk_i (net)
                      0.007178    0.003589    0.003589 ^ clkbuf_regs_0_clk_i/A (sky130_fd_sc_hd__clkbuf_16)
     1    0.008414    0.031996    0.100999    0.104588 ^ clkbuf_regs_0_clk_i/X (sky130_fd_sc_hd__clkbuf_16)
                                                         clk_i_regs (net)
                      0.031996    0.000261    0.104850 ^ clkbuf_0_clk_i_regs/A (sky130_fd_sc_hd__clkbuf_16)
     2    0.018956    0.040955    0.119616    0.224466 ^ clkbuf_0_clk_i_regs/X (sky130_fd_sc_hd__clkbuf_16)
                                                         clknet_0_clk_i_regs (net)
                      0.040956    0.000425    0.224891 ^ clkbuf_1_0__f_clk_i_regs/A (sky130_fd_sc_hd__clkbuf_16)
     2    0.005158    0.028910    0.109239    0.334130 ^ clkbuf_1_0__f_clk_i_regs/X (sky130_fd_sc_hd__clkbuf_16)
                                                         clknet_1_0__leaf_clk_i_regs (net)
                      0.028910    0.000131    0.334261 ^ _45_/CLK (sky130_fd_sc_hd__dfstp_2)
     3    0.012347    0.040662    0.370267    0.704527 v _45_/Q (sky130_fd_sc_hd__dfstp_2)
                                                         state_q[0] (net)
                      0.040662    0.000600    0.705128 v _25_/A (sky130_fd_sc_hd__and2_2)
    11    0.058959    0.148859    0.279072    0.984200 v _25_/X (sky130_fd_sc_hd__and2_2)
                                                         _08_ (net)
                      0.148861    0.001101    0.985301 v _39_/A3 (sky130_fd_sc_hd__a32o_2)
     1    0.014896    0.064627    0.336189    1.321490 v _39_/X (sky130_fd_sc_hd__a32o_2)
                                                         sram_addr0[7] (net)
                      0.086180    0.000721    1.322211 v u_sram/addr0[7] (sky130_sram_1kbyte_1rw1r_32x256_8)
                                              1.322211   data arrival time

                                  0.000000    0.000000   clock clk_i (rise edge)
                                  0.000000    0.000000   clock source latency
     2    0.078342    0.000000    0.000000    0.000000 ^ clk_i (in)
                                                         clk_i (net)
                      0.011782    0.005891    0.005891 ^ clkbuf_0_clk_i/A (sky130_fd_sc_hd__clkbuf_16)
     2    0.040264    0.059881    0.129967    0.135858 ^ clkbuf_0_clk_i/X (sky130_fd_sc_hd__clkbuf_16)
                                                         clknet_0_clk_i (net)
                      0.059946    0.001694    0.137552 ^ clkbuf_1_0__f_clk_i/A (sky130_fd_sc_hd__clkbuf_16)
     1    0.064178    0.082493    0.158805    0.296357 ^ clkbuf_1_0__f_clk_i/X (sky130_fd_sc_hd__clkbuf_16)
                                                         clknet_1_0__leaf_clk_i (net)
                      0.118742    0.017962    0.314319 ^ u_sram/clk0 (sky130_sram_1kbyte_1rw1r_32x256_8)
                                  0.250000    0.564319   clock uncertainty
                                  0.000000    0.564319   clock reconvergence pessimism
                                 -0.056000    0.508319   library hold time
                                              0.508319   data required time
---------------------------------------------------------------------------------------------
                                              0.508319   data required time
                                             -1.322211   data arrival time
---------------------------------------------------------------------------------------------
                                              0.813892   slack (MET)


Startpoint: _45_ (rising edge-triggered flip-flop clocked by clk_i)
Endpoint: u_sram (falling edge-triggered flip-flop clocked by clk_i)
Path Group: clk_i
Path Type: min

Fanout         Cap        Slew       Delay        Time   Description
---------------------------------------------------------------------------------------------
                                  0.000000    0.000000   clock clk_i (rise edge)
                                  0.000000    0.000000   clock source latency
     2    0.078342    0.000000    0.000000    0.000000 ^ clk_i (in)
                                                         clk_i (net)
                      0.007178    0.003589    0.003589 ^ clkbuf_regs_0_clk_i/A (sky130_fd_sc_hd__clkbuf_16)
     1    0.008414    0.031996    0.100999    0.104588 ^ clkbuf_regs_0_clk_i/X (sky130_fd_sc_hd__clkbuf_16)
                                                         clk_i_regs (net)
                      0.031996    0.000261    0.104850 ^ clkbuf_0_clk_i_regs/A (sky130_fd_sc_hd__clkbuf_16)
     2    0.018956    0.040955    0.119616    0.224466 ^ clkbuf_0_clk_i_regs/X (sky130_fd_sc_hd__clkbuf_16)
                                                         clknet_0_clk_i_regs (net)
                      0.040956    0.000425    0.224891 ^ clkbuf_1_0__f_clk_i_regs/A (sky130_fd_sc_hd__clkbuf_16)
     2    0.005158    0.028910    0.109239    0.334130 ^ clkbuf_1_0__f_clk_i_regs/X (sky130_fd_sc_hd__clkbuf_16)
                                                         clknet_1_0__leaf_clk_i_regs (net)
                      0.028910    0.000131    0.334261 ^ _45_/CLK (sky130_fd_sc_hd__dfstp_2)
     3    0.012347    0.040662    0.370267    0.704527 v _45_/Q (sky130_fd_sc_hd__dfstp_2)
                                                         state_q[0] (net)
                      0.040662    0.000600    0.705128 v _25_/A (sky130_fd_sc_hd__and2_2)
    11    0.058959    0.148859    0.279072    0.984200 v _25_/X (sky130_fd_sc_hd__and2_2)
                                                         _08_ (net)
                      0.148861    0.001095    0.985294 v _37_/A3 (sky130_fd_sc_hd__a32o_2)
     1    0.015671    0.066335    0.338052    1.323346 v _37_/X (sky130_fd_sc_hd__a32o_2)
                                                         sram_addr0[5] (net)
                      0.088452    0.000596    1.323943 v u_sram/addr0[5] (sky130_sram_1kbyte_1rw1r_32x256_8)
                                              1.323943   data arrival time

                                  0.000000    0.000000   clock clk_i (rise edge)
                                  0.000000    0.000000   clock source latency
     2    0.078342    0.000000    0.000000    0.000000 ^ clk_i (in)
                                                         clk_i (net)
                      0.011782    0.005891    0.005891 ^ clkbuf_0_clk_i/A (sky130_fd_sc_hd__clkbuf_16)
     2    0.040264    0.059881    0.129967    0.135858 ^ clkbuf_0_clk_i/X (sky130_fd_sc_hd__clkbuf_16)
                                                         clknet_0_clk_i (net)
                      0.059946    0.001694    0.137552 ^ clkbuf_1_0__f_clk_i/A (sky130_fd_sc_hd__clkbuf_16)
     1    0.064178    0.082493    0.158805    0.296357 ^ clkbuf_1_0__f_clk_i/X (sky130_fd_sc_hd__clkbuf_16)
                                                         clknet_1_0__leaf_clk_i (net)
                      0.118742    0.017962    0.314319 ^ u_sram/clk0 (sky130_sram_1kbyte_1rw1r_32x256_8)
                                  0.250000    0.564319   clock uncertainty
                                  0.000000    0.564319   clock reconvergence pessimism
                                 -0.056000    0.508319   library hold time
                                              0.508319   data required time
---------------------------------------------------------------------------------------------
                                              0.508319   data required time
                                             -1.323943   data arrival time
---------------------------------------------------------------------------------------------
                                              0.815624   slack (MET)


Startpoint: _45_ (rising edge-triggered flip-flop clocked by clk_i)
Endpoint: u_sram (falling edge-triggered flip-flop clocked by clk_i)
Path Group: clk_i
Path Type: min

Fanout         Cap        Slew       Delay        Time   Description
---------------------------------------------------------------------------------------------
                                  0.000000    0.000000   clock clk_i (rise edge)
                                  0.000000    0.000000   clock source latency
     2    0.078342    0.000000    0.000000    0.000000 ^ clk_i (in)
                                                         clk_i (net)
                      0.007178    0.003589    0.003589 ^ clkbuf_regs_0_clk_i/A (sky130_fd_sc_hd__clkbuf_16)
     1    0.008414    0.031996    0.100999    0.104588 ^ clkbuf_regs_0_clk_i/X (sky130_fd_sc_hd__clkbuf_16)
                                                         clk_i_regs (net)
                      0.031996    0.000261    0.104850 ^ clkbuf_0_clk_i_regs/A (sky130_fd_sc_hd__clkbuf_16)
     2    0.018956    0.040955    0.119616    0.224466 ^ clkbuf_0_clk_i_regs/X (sky130_fd_sc_hd__clkbuf_16)
                                                         clknet_0_clk_i_regs (net)
                      0.040956    0.000425    0.224891 ^ clkbuf_1_0__f_clk_i_regs/A (sky130_fd_sc_hd__clkbuf_16)
     2    0.005158    0.028910    0.109239    0.334130 ^ clkbuf_1_0__f_clk_i_regs/X (sky130_fd_sc_hd__clkbuf_16)
                                                         clknet_1_0__leaf_clk_i_regs (net)
                      0.028910    0.000131    0.334261 ^ _45_/CLK (sky130_fd_sc_hd__dfstp_2)
     3    0.012347    0.040662    0.370267    0.704527 v _45_/Q (sky130_fd_sc_hd__dfstp_2)
                                                         state_q[0] (net)
                      0.040662    0.000600    0.705128 v _25_/A (sky130_fd_sc_hd__and2_2)
    11    0.058959    0.148859    0.279072    0.984200 v _25_/X (sky130_fd_sc_hd__and2_2)
                                                         _08_ (net)
                      0.149230    0.005404    0.989603 v _32_/A3 (sky130_fd_sc_hd__a32o_2)
     1    0.016754    0.068707    0.340601    1.330205 v _32_/X (sky130_fd_sc_hd__a32o_2)
                                                         sram_addr0[0] (net)
                      0.091627    0.000934    1.331139 v u_sram/addr0[0] (sky130_sram_1kbyte_1rw1r_32x256_8)
                                              1.331139   data arrival time

                                  0.000000    0.000000   clock clk_i (rise edge)
                                  0.000000    0.000000   clock source latency
     2    0.078342    0.000000    0.000000    0.000000 ^ clk_i (in)
                                                         clk_i (net)
                      0.011782    0.005891    0.005891 ^ clkbuf_0_clk_i/A (sky130_fd_sc_hd__clkbuf_16)
     2    0.040264    0.059881    0.129967    0.135858 ^ clkbuf_0_clk_i/X (sky130_fd_sc_hd__clkbuf_16)
                                                         clknet_0_clk_i (net)
                      0.059946    0.001694    0.137552 ^ clkbuf_1_0__f_clk_i/A (sky130_fd_sc_hd__clkbuf_16)
     1    0.064178    0.082493    0.158805    0.296357 ^ clkbuf_1_0__f_clk_i/X (sky130_fd_sc_hd__clkbuf_16)
                                                         clknet_1_0__leaf_clk_i (net)
                      0.118742    0.017962    0.314319 ^ u_sram/clk0 (sky130_sram_1kbyte_1rw1r_32x256_8)
                                  0.250000    0.564319   clock uncertainty
                                  0.000000    0.564319   clock reconvergence pessimism
                                 -0.056000    0.508319   library hold time
                                              0.508319   data required time
---------------------------------------------------------------------------------------------
                                              0.508319   data required time
                                             -1.331139   data arrival time
---------------------------------------------------------------------------------------------
                                              0.822820   slack (MET)


Startpoint: _45_ (rising edge-triggered flip-flop clocked by clk_i)
Endpoint: u_sram (falling edge-triggered flip-flop clocked by clk_i)
Path Group: clk_i
Path Type: min

Fanout         Cap        Slew       Delay        Time   Description
---------------------------------------------------------------------------------------------
                                  0.000000    0.000000   clock clk_i (rise edge)
                                  0.000000    0.000000   clock source latency
     2    0.078342    0.000000    0.000000    0.000000 ^ clk_i (in)
                                                         clk_i (net)
                      0.007178    0.003589    0.003589 ^ clkbuf_regs_0_clk_i/A (sky130_fd_sc_hd__clkbuf_16)
     1    0.008414    0.031996    0.100999    0.104588 ^ clkbuf_regs_0_clk_i/X (sky130_fd_sc_hd__clkbuf_16)
                                                         clk_i_regs (net)
                      0.031996    0.000261    0.104850 ^ clkbuf_0_clk_i_regs/A (sky130_fd_sc_hd__clkbuf_16)
     2    0.018956    0.040955    0.119616    0.224466 ^ clkbuf_0_clk_i_regs/X (sky130_fd_sc_hd__clkbuf_16)
                                                         clknet_0_clk_i_regs (net)
                      0.040956    0.000425    0.224891 ^ clkbuf_1_0__f_clk_i_regs/A (sky130_fd_sc_hd__clkbuf_16)
     2    0.005158    0.028910    0.109239    0.334130 ^ clkbuf_1_0__f_clk_i_regs/X (sky130_fd_sc_hd__clkbuf_16)
                                                         clknet_1_0__leaf_clk_i_regs (net)
                      0.028910    0.000131    0.334261 ^ _45_/CLK (sky130_fd_sc_hd__dfstp_2)
     3    0.012347    0.040662    0.370267    0.704527 v _45_/Q (sky130_fd_sc_hd__dfstp_2)
                                                         state_q[0] (net)
                      0.040662    0.000636    0.705163 v _23_/B (sky130_fd_sc_hd__and3_2)
    17    0.084395    0.208179    0.353402    1.058565 v _23_/X (sky130_fd_sc_hd__and3_2)
                                                         axi_awready_o (net)
                      0.208970    0.010548    1.069113 v _41_/B (sky130_fd_sc_hd__and2_2)
     1    0.012719    0.056154    0.291807    1.360921 v _41_/X (sky130_fd_sc_hd__and2_2)
                                                         sram_wmask0[1] (net)
                      0.074881    0.000506    1.361426 v u_sram/wmask0[1] (sky130_sram_1kbyte_1rw1r_32x256_8)
                                              1.361426   data arrival time

                                  0.000000    0.000000   clock clk_i (rise edge)
                                  0.000000    0.000000   clock source latency
     2    0.078342    0.000000    0.000000    0.000000 ^ clk_i (in)
                                                         clk_i (net)
                      0.011782    0.005891    0.005891 ^ clkbuf_0_clk_i/A (sky130_fd_sc_hd__clkbuf_16)
     2    0.040264    0.059881    0.129967    0.135858 ^ clkbuf_0_clk_i/X (sky130_fd_sc_hd__clkbuf_16)
                                                         clknet_0_clk_i (net)
                      0.059946    0.001694    0.137552 ^ clkbuf_1_0__f_clk_i/A (sky130_fd_sc_hd__clkbuf_16)
     1    0.064178    0.082493    0.158805    0.296357 ^ clkbuf_1_0__f_clk_i/X (sky130_fd_sc_hd__clkbuf_16)
                                                         clknet_1_0__leaf_clk_i (net)
                      0.118742    0.017962    0.314319 ^ u_sram/clk0 (sky130_sram_1kbyte_1rw1r_32x256_8)
                                  0.250000    0.564319   clock uncertainty
                                  0.000000    0.564319   clock reconvergence pessimism
                                 -0.056000    0.508319   library hold time
                                              0.508319   data required time
---------------------------------------------------------------------------------------------
                                              0.508319   data required time
                                             -1.361426   data arrival time
---------------------------------------------------------------------------------------------
                                              0.853108   slack (MET)


Startpoint: _45_ (rising edge-triggered flip-flop clocked by clk_i)
Endpoint: u_sram (falling edge-triggered flip-flop clocked by clk_i)
Path Group: clk_i
Path Type: min

Fanout         Cap        Slew       Delay        Time   Description
---------------------------------------------------------------------------------------------
                                  0.000000    0.000000   clock clk_i (rise edge)
                                  0.000000    0.000000   clock source latency
     2    0.078342    0.000000    0.000000    0.000000 ^ clk_i (in)
                                                         clk_i (net)
                      0.007178    0.003589    0.003589 ^ clkbuf_regs_0_clk_i/A (sky130_fd_sc_hd__clkbuf_16)
     1    0.008414    0.031996    0.100999    0.104588 ^ clkbuf_regs_0_clk_i/X (sky130_fd_sc_hd__clkbuf_16)
                                                         clk_i_regs (net)
                      0.031996    0.000261    0.104850 ^ clkbuf_0_clk_i_regs/A (sky130_fd_sc_hd__clkbuf_16)
     2    0.018956    0.040955    0.119616    0.224466 ^ clkbuf_0_clk_i_regs/X (sky130_fd_sc_hd__clkbuf_16)
                                                         clknet_0_clk_i_regs (net)
                      0.040956    0.000425    0.224891 ^ clkbuf_1_0__f_clk_i_regs/A (sky130_fd_sc_hd__clkbuf_16)
     2    0.005158    0.028910    0.109239    0.334130 ^ clkbuf_1_0__f_clk_i_regs/X (sky130_fd_sc_hd__clkbuf_16)
                                                         clknet_1_0__leaf_clk_i_regs (net)
                      0.028910    0.000131    0.334261 ^ _45_/CLK (sky130_fd_sc_hd__dfstp_2)
     3    0.012347    0.040662    0.370267    0.704527 v _45_/Q (sky130_fd_sc_hd__dfstp_2)
                                                         state_q[0] (net)
                      0.040662    0.000636    0.705163 v _23_/B (sky130_fd_sc_hd__and3_2)
    17    0.084395    0.208179    0.353402    1.058565 v _23_/X (sky130_fd_sc_hd__and3_2)
                                                         axi_awready_o (net)
                      0.208965    0.010514    1.069080 v _40_/B (sky130_fd_sc_hd__and2_2)
     1    0.013209    0.057074    0.292855    1.361935 v _40_/X (sky130_fd_sc_hd__and2_2)
                                                         sram_wmask0[0] (net)
                      0.076105    0.000536    1.362471 v u_sram/wmask0[0] (sky130_sram_1kbyte_1rw1r_32x256_8)
                                              1.362471   data arrival time

                                  0.000000    0.000000   clock clk_i (rise edge)
                                  0.000000    0.000000   clock source latency
     2    0.078342    0.000000    0.000000    0.000000 ^ clk_i (in)
                                                         clk_i (net)
                      0.011782    0.005891    0.005891 ^ clkbuf_0_clk_i/A (sky130_fd_sc_hd__clkbuf_16)
     2    0.040264    0.059881    0.129967    0.135858 ^ clkbuf_0_clk_i/X (sky130_fd_sc_hd__clkbuf_16)
                                                         clknet_0_clk_i (net)
                      0.059946    0.001694    0.137552 ^ clkbuf_1_0__f_clk_i/A (sky130_fd_sc_hd__clkbuf_16)
     1    0.064178    0.082493    0.158805    0.296357 ^ clkbuf_1_0__f_clk_i/X (sky130_fd_sc_hd__clkbuf_16)
                                                         clknet_1_0__leaf_clk_i (net)
                      0.118742    0.017962    0.314319 ^ u_sram/clk0 (sky130_sram_1kbyte_1rw1r_32x256_8)
                                  0.250000    0.564319   clock uncertainty
                                  0.000000    0.564319   clock reconvergence pessimism
                                 -0.056000    0.508319   library hold time
                                              0.508319   data required time
---------------------------------------------------------------------------------------------
                                              0.508319   data required time
                                             -1.362471   data arrival time
---------------------------------------------------------------------------------------------
                                              0.854152   slack (MET)


Startpoint: _45_ (rising edge-triggered flip-flop clocked by clk_i)
Endpoint: u_sram (falling edge-triggered flip-flop clocked by clk_i)
Path Group: clk_i
Path Type: min

Fanout         Cap        Slew       Delay        Time   Description
---------------------------------------------------------------------------------------------
                                  0.000000    0.000000   clock clk_i (rise edge)
                                  0.000000    0.000000   clock source latency
     2    0.078342    0.000000    0.000000    0.000000 ^ clk_i (in)
                                                         clk_i (net)
                      0.007178    0.003589    0.003589 ^ clkbuf_regs_0_clk_i/A (sky130_fd_sc_hd__clkbuf_16)
     1    0.008414    0.031996    0.100999    0.104588 ^ clkbuf_regs_0_clk_i/X (sky130_fd_sc_hd__clkbuf_16)
                                                         clk_i_regs (net)
                      0.031996    0.000261    0.104850 ^ clkbuf_0_clk_i_regs/A (sky130_fd_sc_hd__clkbuf_16)
     2    0.018956    0.040955    0.119616    0.224466 ^ clkbuf_0_clk_i_regs/X (sky130_fd_sc_hd__clkbuf_16)
                                                         clknet_0_clk_i_regs (net)
                      0.040956    0.000425    0.224891 ^ clkbuf_1_0__f_clk_i_regs/A (sky130_fd_sc_hd__clkbuf_16)
     2    0.005158    0.028910    0.109239    0.334130 ^ clkbuf_1_0__f_clk_i_regs/X (sky130_fd_sc_hd__clkbuf_16)
                                                         clknet_1_0__leaf_clk_i_regs (net)
                      0.028910    0.000131    0.334261 ^ _45_/CLK (sky130_fd_sc_hd__dfstp_2)
     3    0.012347    0.040662    0.370267    0.704527 v _45_/Q (sky130_fd_sc_hd__dfstp_2)
                                                         state_q[0] (net)
                      0.040662    0.000636    0.705163 v _23_/B (sky130_fd_sc_hd__and3_2)
    17    0.084395    0.208179    0.353402    1.058565 v _23_/X (sky130_fd_sc_hd__and3_2)
                                                         axi_awready_o (net)
                      0.208979    0.010602    1.069167 v _43_/B (sky130_fd_sc_hd__and2_2)
     1    0.013848    0.058286    0.294253    1.363420 v _43_/X (sky130_fd_sc_hd__and2_2)
                                                         sram_wmask0[3] (net)
                      0.077720    0.000509    1.363930 v u_sram/wmask0[3] (sky130_sram_1kbyte_1rw1r_32x256_8)
                                              1.363930   data arrival time

                                  0.000000    0.000000   clock clk_i (rise edge)
                                  0.000000    0.000000   clock source latency
     2    0.078342    0.000000    0.000000    0.000000 ^ clk_i (in)
                                                         clk_i (net)
                      0.011782    0.005891    0.005891 ^ clkbuf_0_clk_i/A (sky130_fd_sc_hd__clkbuf_16)
     2    0.040264    0.059881    0.129967    0.135858 ^ clkbuf_0_clk_i/X (sky130_fd_sc_hd__clkbuf_16)
                                                         clknet_0_clk_i (net)
                      0.059946    0.001694    0.137552 ^ clkbuf_1_0__f_clk_i/A (sky130_fd_sc_hd__clkbuf_16)
     1    0.064178    0.082493    0.158805    0.296357 ^ clkbuf_1_0__f_clk_i/X (sky130_fd_sc_hd__clkbuf_16)
                                                         clknet_1_0__leaf_clk_i (net)
                      0.118742    0.017962    0.314319 ^ u_sram/clk0 (sky130_sram_1kbyte_1rw1r_32x256_8)
                                  0.250000    0.564319   clock uncertainty
                                  0.000000    0.564319   clock reconvergence pessimism
                                 -0.056000    0.508319   library hold time
                                              0.508319   data required time
---------------------------------------------------------------------------------------------
                                              0.508319   data required time
                                             -1.363930   data arrival time
---------------------------------------------------------------------------------------------
                                              0.855611   slack (MET)


Startpoint: _45_ (rising edge-triggered flip-flop clocked by clk_i)
Endpoint: u_sram (falling edge-triggered flip-flop clocked by clk_i)
Path Group: clk_i
Path Type: min

Fanout         Cap        Slew       Delay        Time   Description
---------------------------------------------------------------------------------------------
                                  0.000000    0.000000   clock clk_i (rise edge)
                                  0.000000    0.000000   clock source latency
     2    0.078342    0.000000    0.000000    0.000000 ^ clk_i (in)
                                                         clk_i (net)
                      0.007178    0.003589    0.003589 ^ clkbuf_regs_0_clk_i/A (sky130_fd_sc_hd__clkbuf_16)
     1    0.008414    0.031996    0.100999    0.104588 ^ clkbuf_regs_0_clk_i/X (sky130_fd_sc_hd__clkbuf_16)
                                                         clk_i_regs (net)
                      0.031996    0.000261    0.104850 ^ clkbuf_0_clk_i_regs/A (sky130_fd_sc_hd__clkbuf_16)
     2    0.018956    0.040955    0.119616    0.224466 ^ clkbuf_0_clk_i_regs/X (sky130_fd_sc_hd__clkbuf_16)
                                                         clknet_0_clk_i_regs (net)
                      0.040956    0.000425    0.224891 ^ clkbuf_1_0__f_clk_i_regs/A (sky130_fd_sc_hd__clkbuf_16)
     2    0.005158    0.028910    0.109239    0.334130 ^ clkbuf_1_0__f_clk_i_regs/X (sky130_fd_sc_hd__clkbuf_16)
                                                         clknet_1_0__leaf_clk_i_regs (net)
                      0.028910    0.000131    0.334261 ^ _45_/CLK (sky130_fd_sc_hd__dfstp_2)
     3    0.012347    0.040662    0.370267    0.704527 v _45_/Q (sky130_fd_sc_hd__dfstp_2)
                                                         state_q[0] (net)
                      0.040662    0.000636    0.705163 v _23_/B (sky130_fd_sc_hd__and3_2)
    17    0.084395    0.208179    0.353402    1.058565 v _23_/X (sky130_fd_sc_hd__and3_2)
                                                         axi_awready_o (net)
                      0.208976    0.010585    1.069150 v _42_/B (sky130_fd_sc_hd__and2_2)
     1    0.014362    0.059283    0.295319    1.364470 v _42_/X (sky130_fd_sc_hd__and2_2)
                                                         sram_wmask0[2] (net)
                      0.079052    0.000606    1.365076 v u_sram/wmask0[2] (sky130_sram_1kbyte_1rw1r_32x256_8)
                                              1.365076   data arrival time

                                  0.000000    0.000000   clock clk_i (rise edge)
                                  0.000000    0.000000   clock source latency
     2    0.078342    0.000000    0.000000    0.000000 ^ clk_i (in)
                                                         clk_i (net)
                      0.011782    0.005891    0.005891 ^ clkbuf_0_clk_i/A (sky130_fd_sc_hd__clkbuf_16)
     2    0.040264    0.059881    0.129967    0.135858 ^ clkbuf_0_clk_i/X (sky130_fd_sc_hd__clkbuf_16)
                                                         clknet_0_clk_i (net)
                      0.059946    0.001694    0.137552 ^ clkbuf_1_0__f_clk_i/A (sky130_fd_sc_hd__clkbuf_16)
     1    0.064178    0.082493    0.158805    0.296357 ^ clkbuf_1_0__f_clk_i/X (sky130_fd_sc_hd__clkbuf_16)
                                                         clknet_1_0__leaf_clk_i (net)
                      0.118742    0.017962    0.314319 ^ u_sram/clk0 (sky130_sram_1kbyte_1rw1r_32x256_8)
                                  0.250000    0.564319   clock uncertainty
                                  0.000000    0.564319   clock reconvergence pessimism
                                 -0.056000    0.508319   library hold time
                                              0.508319   data required time
---------------------------------------------------------------------------------------------
                                              0.508319   data required time
                                             -1.365076   data arrival time
---------------------------------------------------------------------------------------------
                                              0.856757   slack (MET)


Startpoint: rst_ni (input port clocked by clk_i)
Endpoint: _48_ (removal check against rising-edge clock clk_i)
Path Group: asynchronous
Path Type: min

Fanout         Cap        Slew       Delay        Time   Description
---------------------------------------------------------------------------------------------
                                  0.000000    0.000000   clock clk_i (rise edge)
                                  0.000000    0.000000   clock network delay (propagated)
                                  2.000000    2.000000 ^ input external delay
     4    0.019598    0.000000    0.000000    2.000000 ^ rst_ni (in)
                                                         rst_ni (net)
                      0.000409    0.000204    2.000204 ^ _48_/RESET_B (sky130_fd_sc_hd__dfrtp_2)
                                              2.000204   data arrival time

                                  0.000000    0.000000   clock clk_i (rise edge)
                                  0.000000    0.000000   clock source latency
     2    0.078342    0.000000    0.000000    0.000000 ^ clk_i (in)
                                                         clk_i (net)
                      0.007178    0.003589    0.003589 ^ clkbuf_regs_0_clk_i/A (sky130_fd_sc_hd__clkbuf_16)
     1    0.008414    0.031996    0.100999    0.104588 ^ clkbuf_regs_0_clk_i/X (sky130_fd_sc_hd__clkbuf_16)
                                                         clk_i_regs (net)
                      0.031996    0.000261    0.104850 ^ clkbuf_0_clk_i_regs/A (sky130_fd_sc_hd__clkbuf_16)
     2    0.018956    0.040955    0.119616    0.224466 ^ clkbuf_0_clk_i_regs/X (sky130_fd_sc_hd__clkbuf_16)
                                                         clknet_0_clk_i_regs (net)
                      0.040956    0.000467    0.224933 ^ clkbuf_1_1__f_clk_i_regs/A (sky130_fd_sc_hd__clkbuf_16)
     3    0.007511    0.031186    0.111996    0.336930 ^ clkbuf_1_1__f_clk_i_regs/X (sky130_fd_sc_hd__clkbuf_16)
                                                         clknet_1_1__leaf_clk_i_regs (net)
                      0.031186    0.000172    0.337102 ^ _48_/CLK (sky130_fd_sc_hd__dfrtp_2)
                                  0.250000    0.587102   clock uncertainty
                                  0.000000    0.587102   clock reconvergence pessimism
                                  0.304289    0.891390   library removal time
                                              0.891390   data required time
---------------------------------------------------------------------------------------------
                                              0.891390   data required time
                                             -2.000204   data arrival time
---------------------------------------------------------------------------------------------
                                              1.108814   slack (MET)


Startpoint: rst_ni (input port clocked by clk_i)
Endpoint: _46_ (removal check against rising-edge clock clk_i)
Path Group: asynchronous
Path Type: min

Fanout         Cap        Slew       Delay        Time   Description
---------------------------------------------------------------------------------------------
                                  0.000000    0.000000   clock clk_i (rise edge)
                                  0.000000    0.000000   clock network delay (propagated)
                                  2.000000    2.000000 ^ input external delay
     4    0.019598    0.000000    0.000000    2.000000 ^ rst_ni (in)
                                                         rst_ni (net)
                      0.000535    0.000267    2.000267 ^ _46_/RESET_B (sky130_fd_sc_hd__dfrtp_2)
                                              2.000267   data arrival time

                                  0.000000    0.000000   clock clk_i (rise edge)
                                  0.000000    0.000000   clock source latency
     2    0.078342    0.000000    0.000000    0.000000 ^ clk_i (in)
                                                         clk_i (net)
                      0.007178    0.003589    0.003589 ^ clkbuf_regs_0_clk_i/A (sky130_fd_sc_hd__clkbuf_16)
     1    0.008414    0.031996    0.100999    0.104588 ^ clkbuf_regs_0_clk_i/X (sky130_fd_sc_hd__clkbuf_16)
                                                         clk_i_regs (net)
                      0.031996    0.000261    0.104850 ^ clkbuf_0_clk_i_regs/A (sky130_fd_sc_hd__clkbuf_16)
     2    0.018956    0.040955    0.119616    0.224466 ^ clkbuf_0_clk_i_regs/X (sky130_fd_sc_hd__clkbuf_16)
                                                         clknet_0_clk_i_regs (net)
                      0.040956    0.000467    0.224933 ^ clkbuf_1_1__f_clk_i_regs/A (sky130_fd_sc_hd__clkbuf_16)
     3    0.007511    0.031186    0.111996    0.336930 ^ clkbuf_1_1__f_clk_i_regs/X (sky130_fd_sc_hd__clkbuf_16)
                                                         clknet_1_1__leaf_clk_i_regs (net)
                      0.031186    0.000158    0.337088 ^ _46_/CLK (sky130_fd_sc_hd__dfrtp_2)
                                  0.250000    0.587088   clock uncertainty
                                  0.000000    0.587088   clock reconvergence pessimism
                                  0.304323    0.891411   library removal time
                                              0.891411   data required time
---------------------------------------------------------------------------------------------
                                              0.891411   data required time
                                             -2.000267   data arrival time
---------------------------------------------------------------------------------------------
                                              1.108856   slack (MET)


Startpoint: rst_ni (input port clocked by clk_i)
Endpoint: _47_ (removal check against rising-edge clock clk_i)
Path Group: asynchronous
Path Type: min

Fanout         Cap        Slew       Delay        Time   Description
---------------------------------------------------------------------------------------------
                                  0.000000    0.000000   clock clk_i (rise edge)
                                  0.000000    0.000000   clock network delay (propagated)
                                  2.000000    2.000000 ^ input external delay
     4    0.019598    0.000000    0.000000    2.000000 ^ rst_ni (in)
                                                         rst_ni (net)
                      0.000526    0.000263    2.000263 ^ _47_/RESET_B (sky130_fd_sc_hd__dfrtp_2)
                                              2.000263   data arrival time

                                  0.000000    0.000000   clock clk_i (rise edge)
                                  0.000000    0.000000   clock source latency
     2    0.078342    0.000000    0.000000    0.000000 ^ clk_i (in)
                                                         clk_i (net)
                      0.007178    0.003589    0.003589 ^ clkbuf_regs_0_clk_i/A (sky130_fd_sc_hd__clkbuf_16)
     1    0.008414    0.031996    0.100999    0.104588 ^ clkbuf_regs_0_clk_i/X (sky130_fd_sc_hd__clkbuf_16)
                                                         clk_i_regs (net)
                      0.031996    0.000261    0.104850 ^ clkbuf_0_clk_i_regs/A (sky130_fd_sc_hd__clkbuf_16)
     2    0.018956    0.040955    0.119616    0.224466 ^ clkbuf_0_clk_i_regs/X (sky130_fd_sc_hd__clkbuf_16)
                                                         clknet_0_clk_i_regs (net)
                      0.040956    0.000425    0.224891 ^ clkbuf_1_0__f_clk_i_regs/A (sky130_fd_sc_hd__clkbuf_16)
     2    0.005158    0.028910    0.109239    0.334130 ^ clkbuf_1_0__f_clk_i_regs/X (sky130_fd_sc_hd__clkbuf_16)
                                                         clknet_1_0__leaf_clk_i_regs (net)
                      0.028910    0.000133    0.334263 ^ _47_/CLK (sky130_fd_sc_hd__dfrtp_2)
                                  0.250000    0.584263   clock uncertainty
                                  0.000000    0.584263   clock reconvergence pessimism
                                  0.303694    0.887957   library removal time
                                              0.887957   data required time
---------------------------------------------------------------------------------------------
                                              0.887957   data required time
                                             -2.000263   data arrival time
---------------------------------------------------------------------------------------------
                                              1.112306   slack (MET)


Startpoint: rst_ni (input port clocked by clk_i)
Endpoint: _45_ (removal check against rising-edge clock clk_i)
Path Group: asynchronous
Path Type: min

Fanout         Cap        Slew       Delay        Time   Description
---------------------------------------------------------------------------------------------
                                  0.000000    0.000000   clock clk_i (rise edge)
                                  0.000000    0.000000   clock network delay (propagated)
                                  2.000000    2.000000 ^ input external delay
     4    0.019598    0.000000    0.000000    2.000000 ^ rst_ni (in)
                                                         rst_ni (net)
                      0.000545    0.000273    2.000273 ^ _45_/SET_B (sky130_fd_sc_hd__dfstp_2)
                                              2.000273   data arrival time

                                  0.000000    0.000000   clock clk_i (rise edge)
                                  0.000000    0.000000   clock source latency
     2    0.078342    0.000000    0.000000    0.000000 ^ clk_i (in)
                                                         clk_i (net)
                      0.007178    0.003589    0.003589 ^ clkbuf_regs_0_clk_i/A (sky130_fd_sc_hd__clkbuf_16)
     1    0.008414    0.031996    0.100999    0.104588 ^ clkbuf_regs_0_clk_i/X (sky130_fd_sc_hd__clkbuf_16)
                                                         clk_i_regs (net)
                      0.031996    0.000261    0.104850 ^ clkbuf_0_clk_i_regs/A (sky130_fd_sc_hd__clkbuf_16)
     2    0.018956    0.040955    0.119616    0.224466 ^ clkbuf_0_clk_i_regs/X (sky130_fd_sc_hd__clkbuf_16)
                                                         clknet_0_clk_i_regs (net)
                      0.040956    0.000425    0.224891 ^ clkbuf_1_0__f_clk_i_regs/A (sky130_fd_sc_hd__clkbuf_16)
     2    0.005158    0.028910    0.109239    0.334130 ^ clkbuf_1_0__f_clk_i_regs/X (sky130_fd_sc_hd__clkbuf_16)
                                                         clknet_1_0__leaf_clk_i_regs (net)
                      0.028910    0.000131    0.334261 ^ _45_/CLK (sky130_fd_sc_hd__dfstp_2)
                                  0.250000    0.584261   clock uncertainty
                                  0.000000    0.584261   clock reconvergence pessimism
                                  0.155748    0.740009   library removal time
                                              0.740009   data required time
---------------------------------------------------------------------------------------------
                                              0.740009   data required time
                                             -2.000273   data arrival time
---------------------------------------------------------------------------------------------
                                              1.260263   slack (MET)


Startpoint: axi_wdata_i[30] (input port clocked by clk_i)
Endpoint: u_sram (falling edge-triggered flip-flop clocked by clk_i)
Path Group: clk_i
Path Type: min

Fanout         Cap        Slew       Delay        Time   Description
---------------------------------------------------------------------------------------------
                                  0.000000    0.000000   clock clk_i (rise edge)
                                  0.000000    0.000000   clock network delay (propagated)
                                  2.000000    2.000000 ^ input external delay
     1    0.015104    0.000000    0.000000    2.000000 ^ axi_wdata_i[30] (in)
                                                         axi_wdata_i[30] (net)
                      0.001596    0.000377    2.000377 ^ u_sram/din0[30] (sky130_sram_1kbyte_1rw1r_32x256_8)
                                              2.000377   data arrival time

                                  0.000000    0.000000   clock clk_i (rise edge)
                                  0.000000    0.000000   clock source latency
     2    0.078342    0.000000    0.000000    0.000000 ^ clk_i (in)
                                                         clk_i (net)
                      0.011782    0.005891    0.005891 ^ clkbuf_0_clk_i/A (sky130_fd_sc_hd__clkbuf_16)
     2    0.040264    0.059881    0.129967    0.135858 ^ clkbuf_0_clk_i/X (sky130_fd_sc_hd__clkbuf_16)
                                                         clknet_0_clk_i (net)
                      0.059946    0.001694    0.137552 ^ clkbuf_1_0__f_clk_i/A (sky130_fd_sc_hd__clkbuf_16)
     1    0.064178    0.082493    0.158805    0.296357 ^ clkbuf_1_0__f_clk_i/X (sky130_fd_sc_hd__clkbuf_16)
                                                         clknet_1_0__leaf_clk_i (net)
                      0.118742    0.017962    0.314319 ^ u_sram/clk0 (sky130_sram_1kbyte_1rw1r_32x256_8)
                                  0.250000    0.564319   clock uncertainty
                                  0.000000    0.564319   clock reconvergence pessimism
                                 -0.056000    0.508319   library hold time
                                              0.508319   data required time
---------------------------------------------------------------------------------------------
                                              0.508319   data required time
                                             -2.000377   data arrival time
---------------------------------------------------------------------------------------------
                                              1.492059   slack (MET)


Startpoint: axi_wdata_i[31] (input port clocked by clk_i)
Endpoint: u_sram (falling edge-triggered flip-flop clocked by clk_i)
Path Group: clk_i
Path Type: min

Fanout         Cap        Slew       Delay        Time   Description
---------------------------------------------------------------------------------------------
                                  0.000000    0.000000   clock clk_i (rise edge)
                                  0.000000    0.000000   clock network delay (propagated)
                                  2.000000    2.000000 ^ input external delay
     1    0.015695    0.000000    0.000000    2.000000 ^ axi_wdata_i[31] (in)
                                                         axi_wdata_i[31] (net)
                      0.001699    0.000402    2.000402 ^ u_sram/din0[31] (sky130_sram_1kbyte_1rw1r_32x256_8)
                                              2.000402   data arrival time

                                  0.000000    0.000000   clock clk_i (rise edge)
                                  0.000000    0.000000   clock source latency
     2    0.078342    0.000000    0.000000    0.000000 ^ clk_i (in)
                                                         clk_i (net)
                      0.011782    0.005891    0.005891 ^ clkbuf_0_clk_i/A (sky130_fd_sc_hd__clkbuf_16)
     2    0.040264    0.059881    0.129967    0.135858 ^ clkbuf_0_clk_i/X (sky130_fd_sc_hd__clkbuf_16)
                                                         clknet_0_clk_i (net)
                      0.059946    0.001694    0.137552 ^ clkbuf_1_0__f_clk_i/A (sky130_fd_sc_hd__clkbuf_16)
     1    0.064178    0.082493    0.158805    0.296357 ^ clkbuf_1_0__f_clk_i/X (sky130_fd_sc_hd__clkbuf_16)
                                                         clknet_1_0__leaf_clk_i (net)
                      0.118742    0.017962    0.314319 ^ u_sram/clk0 (sky130_sram_1kbyte_1rw1r_32x256_8)
                                  0.250000    0.564319   clock uncertainty
                                  0.000000    0.564319   clock reconvergence pessimism
                                 -0.056000    0.508319   library hold time
                                              0.508319   data required time
---------------------------------------------------------------------------------------------
                                              0.508319   data required time
                                             -2.000402   data arrival time
---------------------------------------------------------------------------------------------
                                              1.492083   slack (MET)


Startpoint: axi_wdata_i[0] (input port clocked by clk_i)
Endpoint: u_sram (falling edge-triggered flip-flop clocked by clk_i)
Path Group: clk_i
Path Type: min

Fanout         Cap        Slew       Delay        Time   Description
---------------------------------------------------------------------------------------------
                                  0.000000    0.000000   clock clk_i (rise edge)
                                  0.000000    0.000000   clock network delay (propagated)
                                  2.000000    2.000000 ^ input external delay
     1    0.013626    0.000000    0.000000    2.000000 ^ axi_wdata_i[0] (in)
                                                         axi_wdata_i[0] (net)
                      0.001996    0.000472    2.000472 ^ u_sram/din0[0] (sky130_sram_1kbyte_1rw1r_32x256_8)
                                              2.000472   data arrival time

                                  0.000000    0.000000   clock clk_i (rise edge)
                                  0.000000    0.000000   clock source latency
     2    0.078342    0.000000    0.000000    0.000000 ^ clk_i (in)
                                                         clk_i (net)
                      0.011782    0.005891    0.005891 ^ clkbuf_0_clk_i/A (sky130_fd_sc_hd__clkbuf_16)
     2    0.040264    0.059881    0.129967    0.135858 ^ clkbuf_0_clk_i/X (sky130_fd_sc_hd__clkbuf_16)
                                                         clknet_0_clk_i (net)
                      0.059946    0.001694    0.137552 ^ clkbuf_1_0__f_clk_i/A (sky130_fd_sc_hd__clkbuf_16)
     1    0.064178    0.082493    0.158805    0.296357 ^ clkbuf_1_0__f_clk_i/X (sky130_fd_sc_hd__clkbuf_16)
                                                         clknet_1_0__leaf_clk_i (net)
                      0.118742    0.017962    0.314319 ^ u_sram/clk0 (sky130_sram_1kbyte_1rw1r_32x256_8)
                                  0.250000    0.564319   clock uncertainty
                                  0.000000    0.564319   clock reconvergence pessimism
                                 -0.056000    0.508319   library hold time
                                              0.508319   data required time
---------------------------------------------------------------------------------------------
                                              0.508319   data required time
                                             -2.000472   data arrival time
---------------------------------------------------------------------------------------------
                                              1.492154   slack (MET)


Startpoint: axi_wdata_i[3] (input port clocked by clk_i)
Endpoint: u_sram (falling edge-triggered flip-flop clocked by clk_i)
Path Group: clk_i
Path Type: min

Fanout         Cap        Slew       Delay        Time   Description
---------------------------------------------------------------------------------------------
                                  0.000000    0.000000   clock clk_i (rise edge)
                                  0.000000    0.000000   clock network delay (propagated)
                                  2.000000    2.000000 ^ input external delay
     1    0.013631    0.000000    0.000000    2.000000 ^ axi_wdata_i[3] (in)
                                                         axi_wdata_i[3] (net)
                      0.001997    0.000473    2.000473 ^ u_sram/din0[3] (sky130_sram_1kbyte_1rw1r_32x256_8)
                                              2.000473   data arrival time

                                  0.000000    0.000000   clock clk_i (rise edge)
                                  0.000000    0.000000   clock source latency
     2    0.078342    0.000000    0.000000    0.000000 ^ clk_i (in)
                                                         clk_i (net)
                      0.011782    0.005891    0.005891 ^ clkbuf_0_clk_i/A (sky130_fd_sc_hd__clkbuf_16)
     2    0.040264    0.059881    0.129967    0.135858 ^ clkbuf_0_clk_i/X (sky130_fd_sc_hd__clkbuf_16)
                                                         clknet_0_clk_i (net)
                      0.059946    0.001694    0.137552 ^ clkbuf_1_0__f_clk_i/A (sky130_fd_sc_hd__clkbuf_16)
     1    0.064178    0.082493    0.158805    0.296357 ^ clkbuf_1_0__f_clk_i/X (sky130_fd_sc_hd__clkbuf_16)
                                                         clknet_1_0__leaf_clk_i (net)
                      0.118742    0.017962    0.314319 ^ u_sram/clk0 (sky130_sram_1kbyte_1rw1r_32x256_8)
                                  0.250000    0.564319   clock uncertainty
                                  0.000000    0.564319   clock reconvergence pessimism
                                 -0.056000    0.508319   library hold time
                                              0.508319   data required time
---------------------------------------------------------------------------------------------
                                              0.508319   data required time
                                             -2.000473   data arrival time
---------------------------------------------------------------------------------------------
                                              1.492154   slack (MET)


Startpoint: axi_wdata_i[4] (input port clocked by clk_i)
Endpoint: u_sram (falling edge-triggered flip-flop clocked by clk_i)
Path Group: clk_i
Path Type: min

Fanout         Cap        Slew       Delay        Time   Description
---------------------------------------------------------------------------------------------
                                  0.000000    0.000000   clock clk_i (rise edge)
                                  0.000000    0.000000   clock network delay (propagated)
                                  2.000000    2.000000 ^ input external delay
     1    0.013631    0.000000    0.000000    2.000000 ^ axi_wdata_i[4] (in)
                                                         axi_wdata_i[4] (net)
                      0.001997    0.000473    2.000473 ^ u_sram/din0[4] (sky130_sram_1kbyte_1rw1r_32x256_8)
                                              2.000473   data arrival time

                                  0.000000    0.000000   clock clk_i (rise edge)
                                  0.000000    0.000000   clock source latency
     2    0.078342    0.000000    0.000000    0.000000 ^ clk_i (in)
                                                         clk_i (net)
                      0.011782    0.005891    0.005891 ^ clkbuf_0_clk_i/A (sky130_fd_sc_hd__clkbuf_16)
     2    0.040264    0.059881    0.129967    0.135858 ^ clkbuf_0_clk_i/X (sky130_fd_sc_hd__clkbuf_16)
                                                         clknet_0_clk_i (net)
                      0.059946    0.001694    0.137552 ^ clkbuf_1_0__f_clk_i/A (sky130_fd_sc_hd__clkbuf_16)
     1    0.064178    0.082493    0.158805    0.296357 ^ clkbuf_1_0__f_clk_i/X (sky130_fd_sc_hd__clkbuf_16)
                                                         clknet_1_0__leaf_clk_i (net)
                      0.118742    0.017962    0.314319 ^ u_sram/clk0 (sky130_sram_1kbyte_1rw1r_32x256_8)
                                  0.250000    0.564319   clock uncertainty
                                  0.000000    0.564319   clock reconvergence pessimism
                                 -0.056000    0.508319   library hold time
                                              0.508319   data required time
---------------------------------------------------------------------------------------------
                                              0.508319   data required time
                                             -2.000473   data arrival time
---------------------------------------------------------------------------------------------
                                              1.492154   slack (MET)


Startpoint: axi_wdata_i[1] (input port clocked by clk_i)
Endpoint: u_sram (falling edge-triggered flip-flop clocked by clk_i)
Path Group: clk_i
Path Type: min

Fanout         Cap        Slew       Delay        Time   Description
---------------------------------------------------------------------------------------------
                                  0.000000    0.000000   clock clk_i (rise edge)
                                  0.000000    0.000000   clock network delay (propagated)
                                  2.000000    2.000000 ^ input external delay
     1    0.013662    0.000000    0.000000    2.000000 ^ axi_wdata_i[1] (in)
                                                         axi_wdata_i[1] (net)
                      0.002004    0.000474    2.000474 ^ u_sram/din0[1] (sky130_sram_1kbyte_1rw1r_32x256_8)
                                              2.000474   data arrival time

                                  0.000000    0.000000   clock clk_i (rise edge)
                                  0.000000    0.000000   clock source latency
     2    0.078342    0.000000    0.000000    0.000000 ^ clk_i (in)
                                                         clk_i (net)
                      0.011782    0.005891    0.005891 ^ clkbuf_0_clk_i/A (sky130_fd_sc_hd__clkbuf_16)
     2    0.040264    0.059881    0.129967    0.135858 ^ clkbuf_0_clk_i/X (sky130_fd_sc_hd__clkbuf_16)
                                                         clknet_0_clk_i (net)
                      0.059946    0.001694    0.137552 ^ clkbuf_1_0__f_clk_i/A (sky130_fd_sc_hd__clkbuf_16)
     1    0.064178    0.082493    0.158805    0.296357 ^ clkbuf_1_0__f_clk_i/X (sky130_fd_sc_hd__clkbuf_16)
                                                         clknet_1_0__leaf_clk_i (net)
                      0.118742    0.017962    0.314319 ^ u_sram/clk0 (sky130_sram_1kbyte_1rw1r_32x256_8)
                                  0.250000    0.564319   clock uncertainty
                                  0.000000    0.564319   clock reconvergence pessimism
                                 -0.056000    0.508319   library hold time
                                              0.508319   data required time
---------------------------------------------------------------------------------------------
                                              0.508319   data required time
                                             -2.000474   data arrival time
---------------------------------------------------------------------------------------------
                                              1.492155   slack (MET)


Startpoint: axi_wdata_i[2] (input port clocked by clk_i)
Endpoint: u_sram (falling edge-triggered flip-flop clocked by clk_i)
Path Group: clk_i
Path Type: min

Fanout         Cap        Slew       Delay        Time   Description
---------------------------------------------------------------------------------------------
                                  0.000000    0.000000   clock clk_i (rise edge)
                                  0.000000    0.000000   clock network delay (propagated)
                                  2.000000    2.000000 ^ input external delay
     1    0.013674    0.000000    0.000000    2.000000 ^ axi_wdata_i[2] (in)
                                                         axi_wdata_i[2] (net)
                      0.002006    0.000475    2.000475 ^ u_sram/din0[2] (sky130_sram_1kbyte_1rw1r_32x256_8)
                                              2.000475   data arrival time

                                  0.000000    0.000000   clock clk_i (rise edge)
                                  0.000000    0.000000   clock source latency
     2    0.078342    0.000000    0.000000    0.000000 ^ clk_i (in)
                                                         clk_i (net)
                      0.011782    0.005891    0.005891 ^ clkbuf_0_clk_i/A (sky130_fd_sc_hd__clkbuf_16)
     2    0.040264    0.059881    0.129967    0.135858 ^ clkbuf_0_clk_i/X (sky130_fd_sc_hd__clkbuf_16)
                                                         clknet_0_clk_i (net)
                      0.059946    0.001694    0.137552 ^ clkbuf_1_0__f_clk_i/A (sky130_fd_sc_hd__clkbuf_16)
     1    0.064178    0.082493    0.158805    0.296357 ^ clkbuf_1_0__f_clk_i/X (sky130_fd_sc_hd__clkbuf_16)
                                                         clknet_1_0__leaf_clk_i (net)
                      0.118742    0.017962    0.314319 ^ u_sram/clk0 (sky130_sram_1kbyte_1rw1r_32x256_8)
                                  0.250000    0.564319   clock uncertainty
                                  0.000000    0.564319   clock reconvergence pessimism
                                 -0.056000    0.508319   library hold time
                                              0.508319   data required time
---------------------------------------------------------------------------------------------
                                              0.508319   data required time
                                             -2.000475   data arrival time
---------------------------------------------------------------------------------------------
                                              1.492156   slack (MET)


Startpoint: axi_wdata_i[5] (input port clocked by clk_i)
Endpoint: u_sram (falling edge-triggered flip-flop clocked by clk_i)
Path Group: clk_i
Path Type: min

Fanout         Cap        Slew       Delay        Time   Description
---------------------------------------------------------------------------------------------
                                  0.000000    0.000000   clock clk_i (rise edge)
                                  0.000000    0.000000   clock network delay (propagated)
                                  2.000000    2.000000 ^ input external delay
     1    0.013649    0.000000    0.000000    2.000000 ^ axi_wdata_i[5] (in)
                                                         axi_wdata_i[5] (net)
                      0.002002    0.000474    2.000474 ^ u_sram/din0[5] (sky130_sram_1kbyte_1rw1r_32x256_8)
                                              2.000474   data arrival time

                                  0.000000    0.000000   clock clk_i (rise edge)
                                  0.000000    0.000000   clock source latency
     2    0.078342    0.000000    0.000000    0.000000 ^ clk_i (in)
                                                         clk_i (net)
                      0.011782    0.005891    0.005891 ^ clkbuf_0_clk_i/A (sky130_fd_sc_hd__clkbuf_16)
     2    0.040264    0.059881    0.129967    0.135858 ^ clkbuf_0_clk_i/X (sky130_fd_sc_hd__clkbuf_16)
                                                         clknet_0_clk_i (net)
                      0.059946    0.001694    0.137552 ^ clkbuf_1_0__f_clk_i/A (sky130_fd_sc_hd__clkbuf_16)
     1    0.064178    0.082493    0.158805    0.296357 ^ clkbuf_1_0__f_clk_i/X (sky130_fd_sc_hd__clkbuf_16)
                                                         clknet_1_0__leaf_clk_i (net)
                      0.118742    0.017962    0.314319 ^ u_sram/clk0 (sky130_sram_1kbyte_1rw1r_32x256_8)
                                  0.250000    0.564319   clock uncertainty
                                  0.000000    0.564319   clock reconvergence pessimism
                                 -0.056000    0.508319   library hold time
                                              0.508319   data required time
---------------------------------------------------------------------------------------------
                                              0.508319   data required time
                                             -2.000474   data arrival time
---------------------------------------------------------------------------------------------
                                              1.492155   slack (MET)


Startpoint: axi_wdata_i[15] (input port clocked by clk_i)
Endpoint: u_sram (falling edge-triggered flip-flop clocked by clk_i)
Path Group: clk_i
Path Type: min

Fanout         Cap        Slew       Delay        Time   Description
---------------------------------------------------------------------------------------------
                                  0.000000    0.000000   clock clk_i (rise edge)
                                  0.000000    0.000000   clock network delay (propagated)
                                  2.000000    2.000000 ^ input external delay
     1    0.013746    0.000000    0.000000    2.000000 ^ axi_wdata_i[15] (in)
                                                         axi_wdata_i[15] (net)
                      0.002033    0.000481    2.000481 ^ u_sram/din0[15] (sky130_sram_1kbyte_1rw1r_32x256_8)
                                              2.000481   data arrival time

                                  0.000000    0.000000   clock clk_i (rise edge)
                                  0.000000    0.000000   clock source latency
     2    0.078342    0.000000    0.000000    0.000000 ^ clk_i (in)
                                                         clk_i (net)
                      0.011782    0.005891    0.005891 ^ clkbuf_0_clk_i/A (sky130_fd_sc_hd__clkbuf_16)
     2    0.040264    0.059881    0.129967    0.135858 ^ clkbuf_0_clk_i/X (sky130_fd_sc_hd__clkbuf_16)
                                                         clknet_0_clk_i (net)
                      0.059946    0.001694    0.137552 ^ clkbuf_1_0__f_clk_i/A (sky130_fd_sc_hd__clkbuf_16)
     1    0.064178    0.082493    0.158805    0.296357 ^ clkbuf_1_0__f_clk_i/X (sky130_fd_sc_hd__clkbuf_16)
                                                         clknet_1_0__leaf_clk_i (net)
                      0.118742    0.017962    0.314319 ^ u_sram/clk0 (sky130_sram_1kbyte_1rw1r_32x256_8)
                                  0.250000    0.564319   clock uncertainty
                                  0.000000    0.564319   clock reconvergence pessimism
                                 -0.056000    0.508319   library hold time
                                              0.508319   data required time
---------------------------------------------------------------------------------------------
                                              0.508319   data required time
                                             -2.000481   data arrival time
---------------------------------------------------------------------------------------------
                                              1.492162   slack (MET)


Startpoint: axi_wdata_i[24] (input port clocked by clk_i)
Endpoint: u_sram (falling edge-triggered flip-flop clocked by clk_i)
Path Group: clk_i
Path Type: min

Fanout         Cap        Slew       Delay        Time   Description
---------------------------------------------------------------------------------------------
                                  0.000000    0.000000   clock clk_i (rise edge)
                                  0.000000    0.000000   clock network delay (propagated)
                                  2.000000    2.000000 ^ input external delay
     1    0.014206    0.000000    0.000000    2.000000 ^ axi_wdata_i[24] (in)
                                                         axi_wdata_i[24] (net)
                      0.002107    0.000498    2.000499 ^ u_sram/din0[24] (sky130_sram_1kbyte_1rw1r_32x256_8)
                                              2.000499   data arrival time

                                  0.000000    0.000000   clock clk_i (rise edge)
                                  0.000000    0.000000   clock source latency
     2    0.078342    0.000000    0.000000    0.000000 ^ clk_i (in)
                                                         clk_i (net)
                      0.011782    0.005891    0.005891 ^ clkbuf_0_clk_i/A (sky130_fd_sc_hd__clkbuf_16)
     2    0.040264    0.059881    0.129967    0.135858 ^ clkbuf_0_clk_i/X (sky130_fd_sc_hd__clkbuf_16)
                                                         clknet_0_clk_i (net)
                      0.059946    0.001694    0.137552 ^ clkbuf_1_0__f_clk_i/A (sky130_fd_sc_hd__clkbuf_16)
     1    0.064178    0.082493    0.158805    0.296357 ^ clkbuf_1_0__f_clk_i/X (sky130_fd_sc_hd__clkbuf_16)
                                                         clknet_1_0__leaf_clk_i (net)
                      0.118742    0.017962    0.314319 ^ u_sram/clk0 (sky130_sram_1kbyte_1rw1r_32x256_8)
                                  0.250000    0.564319   clock uncertainty
                                  0.000000    0.564319   clock reconvergence pessimism
                                 -0.056000    0.508319   library hold time
                                              0.508319   data required time
---------------------------------------------------------------------------------------------
                                              0.508319   data required time
                                             -2.000499   data arrival time
---------------------------------------------------------------------------------------------
                                              1.492180   slack (MET)


Startpoint: axi_wdata_i[28] (input port clocked by clk_i)
Endpoint: u_sram (falling edge-triggered flip-flop clocked by clk_i)
Path Group: clk_i
Path Type: min

Fanout         Cap        Slew       Delay        Time   Description
---------------------------------------------------------------------------------------------
                                  0.000000    0.000000   clock clk_i (rise edge)
                                  0.000000    0.000000   clock network delay (propagated)
                                  2.000000    2.000000 ^ input external delay
     1    0.014400    0.000000    0.000000    2.000000 ^ axi_wdata_i[28] (in)
                                                         axi_wdata_i[28] (net)
                      0.002150    0.000509    2.000509 ^ u_sram/din0[28] (sky130_sram_1kbyte_1rw1r_32x256_8)
                                              2.000509   data arrival time

                                  0.000000    0.000000   clock clk_i (rise edge)
                                  0.000000    0.000000   clock source latency
     2    0.078342    0.000000    0.000000    0.000000 ^ clk_i (in)
                                                         clk_i (net)
                      0.011782    0.005891    0.005891 ^ clkbuf_0_clk_i/A (sky130_fd_sc_hd__clkbuf_16)
     2    0.040264    0.059881    0.129967    0.135858 ^ clkbuf_0_clk_i/X (sky130_fd_sc_hd__clkbuf_16)
                                                         clknet_0_clk_i (net)
                      0.059946    0.001694    0.137552 ^ clkbuf_1_0__f_clk_i/A (sky130_fd_sc_hd__clkbuf_16)
     1    0.064178    0.082493    0.158805    0.296357 ^ clkbuf_1_0__f_clk_i/X (sky130_fd_sc_hd__clkbuf_16)
                                                         clknet_1_0__leaf_clk_i (net)
                      0.118742    0.017962    0.314319 ^ u_sram/clk0 (sky130_sram_1kbyte_1rw1r_32x256_8)
                                  0.250000    0.564319   clock uncertainty
                                  0.000000    0.564319   clock reconvergence pessimism
                                 -0.056000    0.508319   library hold time
                                              0.508319   data required time
---------------------------------------------------------------------------------------------
                                              0.508319   data required time
                                             -2.000509   data arrival time
---------------------------------------------------------------------------------------------
                                              1.492190   slack (MET)


Startpoint: axi_wdata_i[16] (input port clocked by clk_i)
Endpoint: u_sram (falling edge-triggered flip-flop clocked by clk_i)
Path Group: clk_i
Path Type: min

Fanout         Cap        Slew       Delay        Time   Description
---------------------------------------------------------------------------------------------
                                  0.000000    0.000000   clock clk_i (rise edge)
                                  0.000000    0.000000   clock network delay (propagated)
                                  2.000000    2.000000 ^ input external delay
     1    0.015008    0.000000    0.000000    2.000000 ^ axi_wdata_i[16] (in)
                                                         axi_wdata_i[16] (net)
                      0.002242    0.000530    2.000530 ^ u_sram/din0[16] (sky130_sram_1kbyte_1rw1r_32x256_8)
                                              2.000530   data arrival time

                                  0.000000    0.000000   clock clk_i (rise edge)
                                  0.000000    0.000000   clock source latency
     2    0.078342    0.000000    0.000000    0.000000 ^ clk_i (in)
                                                         clk_i (net)
                      0.011782    0.005891    0.005891 ^ clkbuf_0_clk_i/A (sky130_fd_sc_hd__clkbuf_16)
     2    0.040264    0.059881    0.129967    0.135858 ^ clkbuf_0_clk_i/X (sky130_fd_sc_hd__clkbuf_16)
                                                         clknet_0_clk_i (net)
                      0.059946    0.001694    0.137552 ^ clkbuf_1_0__f_clk_i/A (sky130_fd_sc_hd__clkbuf_16)
     1    0.064178    0.082493    0.158805    0.296357 ^ clkbuf_1_0__f_clk_i/X (sky130_fd_sc_hd__clkbuf_16)
                                                         clknet_1_0__leaf_clk_i (net)
                      0.118742    0.017962    0.314319 ^ u_sram/clk0 (sky130_sram_1kbyte_1rw1r_32x256_8)
                                  0.250000    0.564319   clock uncertainty
                                  0.000000    0.564319   clock reconvergence pessimism
                                 -0.056000    0.508319   library hold time
                                              0.508319   data required time
---------------------------------------------------------------------------------------------
                                              0.508319   data required time
                                             -2.000530   data arrival time
---------------------------------------------------------------------------------------------
                                              1.492212   slack (MET)


Startpoint: axi_wdata_i[17] (input port clocked by clk_i)
Endpoint: u_sram (falling edge-triggered flip-flop clocked by clk_i)
Path Group: clk_i
Path Type: min

Fanout         Cap        Slew       Delay        Time   Description
---------------------------------------------------------------------------------------------
                                  0.000000    0.000000   clock clk_i (rise edge)
                                  0.000000    0.000000   clock network delay (propagated)
                                  2.000000    2.000000 ^ input external delay
     1    0.015005    0.000000    0.000000    2.000000 ^ axi_wdata_i[17] (in)
                                                         axi_wdata_i[17] (net)
                      0.002242    0.000530    2.000530 ^ u_sram/din0[17] (sky130_sram_1kbyte_1rw1r_32x256_8)
                                              2.000530   data arrival time

                                  0.000000    0.000000   clock clk_i (rise edge)
                                  0.000000    0.000000   clock source latency
     2    0.078342    0.000000    0.000000    0.000000 ^ clk_i (in)
                                                         clk_i (net)
                      0.011782    0.005891    0.005891 ^ clkbuf_0_clk_i/A (sky130_fd_sc_hd__clkbuf_16)
     2    0.040264    0.059881    0.129967    0.135858 ^ clkbuf_0_clk_i/X (sky130_fd_sc_hd__clkbuf_16)
                                                         clknet_0_clk_i (net)
                      0.059946    0.001694    0.137552 ^ clkbuf_1_0__f_clk_i/A (sky130_fd_sc_hd__clkbuf_16)
     1    0.064178    0.082493    0.158805    0.296357 ^ clkbuf_1_0__f_clk_i/X (sky130_fd_sc_hd__clkbuf_16)
                                                         clknet_1_0__leaf_clk_i (net)
                      0.118742    0.017962    0.314319 ^ u_sram/clk0 (sky130_sram_1kbyte_1rw1r_32x256_8)
                                  0.250000    0.564319   clock uncertainty
                                  0.000000    0.564319   clock reconvergence pessimism
                                 -0.056000    0.508319   library hold time
                                              0.508319   data required time
---------------------------------------------------------------------------------------------
                                              0.508319   data required time
                                             -2.000530   data arrival time
---------------------------------------------------------------------------------------------
                                              1.492212   slack (MET)


Startpoint: axi_wdata_i[20] (input port clocked by clk_i)
Endpoint: u_sram (falling edge-triggered flip-flop clocked by clk_i)
Path Group: clk_i
Path Type: min

Fanout         Cap        Slew       Delay        Time   Description
---------------------------------------------------------------------------------------------
                                  0.000000    0.000000   clock clk_i (rise edge)
                                  0.000000    0.000000   clock network delay (propagated)
                                  2.000000    2.000000 ^ input external delay
     1    0.014981    0.000000    0.000000    2.000000 ^ axi_wdata_i[20] (in)
                                                         axi_wdata_i[20] (net)
                      0.002237    0.000529    2.000529 ^ u_sram/din0[20] (sky130_sram_1kbyte_1rw1r_32x256_8)
                                              2.000529   data arrival time

                                  0.000000    0.000000   clock clk_i (rise edge)
                                  0.000000    0.000000   clock source latency
     2    0.078342    0.000000    0.000000    0.000000 ^ clk_i (in)
                                                         clk_i (net)
                      0.011782    0.005891    0.005891 ^ clkbuf_0_clk_i/A (sky130_fd_sc_hd__clkbuf_16)
     2    0.040264    0.059881    0.129967    0.135858 ^ clkbuf_0_clk_i/X (sky130_fd_sc_hd__clkbuf_16)
                                                         clknet_0_clk_i (net)
                      0.059946    0.001694    0.137552 ^ clkbuf_1_0__f_clk_i/A (sky130_fd_sc_hd__clkbuf_16)
     1    0.064178    0.082493    0.158805    0.296357 ^ clkbuf_1_0__f_clk_i/X (sky130_fd_sc_hd__clkbuf_16)
                                                         clknet_1_0__leaf_clk_i (net)
                      0.118742    0.017962    0.314319 ^ u_sram/clk0 (sky130_sram_1kbyte_1rw1r_32x256_8)
                                  0.250000    0.564319   clock uncertainty
                                  0.000000    0.564319   clock reconvergence pessimism
                                 -0.056000    0.508319   library hold time
                                              0.508319   data required time
---------------------------------------------------------------------------------------------
                                              0.508319   data required time
                                             -2.000529   data arrival time
---------------------------------------------------------------------------------------------
                                              1.492211   slack (MET)


Startpoint: axi_wdata_i[18] (input port clocked by clk_i)
Endpoint: u_sram (falling edge-triggered flip-flop clocked by clk_i)
Path Group: clk_i
Path Type: min

Fanout         Cap        Slew       Delay        Time   Description
---------------------------------------------------------------------------------------------
                                  0.000000    0.000000   clock clk_i (rise edge)
                                  0.000000    0.000000   clock network delay (propagated)
                                  2.000000    2.000000 ^ input external delay
     1    0.015024    0.000000    0.000000    2.000000 ^ axi_wdata_i[18] (in)
                                                         axi_wdata_i[18] (net)
                      0.002246    0.000532    2.000532 ^ u_sram/din0[18] (sky130_sram_1kbyte_1rw1r_32x256_8)
                                              2.000532   data arrival time

                                  0.000000    0.000000   clock clk_i (rise edge)
                                  0.000000    0.000000   clock source latency
     2    0.078342    0.000000    0.000000    0.000000 ^ clk_i (in)
                                                         clk_i (net)
                      0.011782    0.005891    0.005891 ^ clkbuf_0_clk_i/A (sky130_fd_sc_hd__clkbuf_16)
     2    0.040264    0.059881    0.129967    0.135858 ^ clkbuf_0_clk_i/X (sky130_fd_sc_hd__clkbuf_16)
                                                         clknet_0_clk_i (net)
                      0.059946    0.001694    0.137552 ^ clkbuf_1_0__f_clk_i/A (sky130_fd_sc_hd__clkbuf_16)
     1    0.064178    0.082493    0.158805    0.296357 ^ clkbuf_1_0__f_clk_i/X (sky130_fd_sc_hd__clkbuf_16)
                                                         clknet_1_0__leaf_clk_i (net)
                      0.118742    0.017962    0.314319 ^ u_sram/clk0 (sky130_sram_1kbyte_1rw1r_32x256_8)
                                  0.250000    0.564319   clock uncertainty
                                  0.000000    0.564319   clock reconvergence pessimism
                                 -0.056000    0.508319   library hold time
                                              0.508319   data required time
---------------------------------------------------------------------------------------------
                                              0.508319   data required time
                                             -2.000532   data arrival time
---------------------------------------------------------------------------------------------
                                              1.492213   slack (MET)


Startpoint: axi_wdata_i[22] (input port clocked by clk_i)
Endpoint: u_sram (falling edge-triggered flip-flop clocked by clk_i)
Path Group: clk_i
Path Type: min

Fanout         Cap        Slew       Delay        Time   Description
---------------------------------------------------------------------------------------------
                                  0.000000    0.000000   clock clk_i (rise edge)
                                  0.000000    0.000000   clock network delay (propagated)
                                  2.000000    2.000000 ^ input external delay
     1    0.015023    0.000000    0.000000    2.000000 ^ axi_wdata_i[22] (in)
                                                         axi_wdata_i[22] (net)
                      0.002245    0.000531    2.000531 ^ u_sram/din0[22] (sky130_sram_1kbyte_1rw1r_32x256_8)
                                              2.000531   data arrival time

                                  0.000000    0.000000   clock clk_i (rise edge)
                                  0.000000    0.000000   clock source latency
     2    0.078342    0.000000    0.000000    0.000000 ^ clk_i (in)
                                                         clk_i (net)
                      0.011782    0.005891    0.005891 ^ clkbuf_0_clk_i/A (sky130_fd_sc_hd__clkbuf_16)
     2    0.040264    0.059881    0.129967    0.135858 ^ clkbuf_0_clk_i/X (sky130_fd_sc_hd__clkbuf_16)
                                                         clknet_0_clk_i (net)
                      0.059946    0.001694    0.137552 ^ clkbuf_1_0__f_clk_i/A (sky130_fd_sc_hd__clkbuf_16)
     1    0.064178    0.082493    0.158805    0.296357 ^ clkbuf_1_0__f_clk_i/X (sky130_fd_sc_hd__clkbuf_16)
                                                         clknet_1_0__leaf_clk_i (net)
                      0.118742    0.017962    0.314319 ^ u_sram/clk0 (sky130_sram_1kbyte_1rw1r_32x256_8)
                                  0.250000    0.564319   clock uncertainty
                                  0.000000    0.564319   clock reconvergence pessimism
                                 -0.056000    0.508319   library hold time
                                              0.508319   data required time
---------------------------------------------------------------------------------------------
                                              0.508319   data required time
                                             -2.000531   data arrival time
---------------------------------------------------------------------------------------------
                                              1.492213   slack (MET)


Startpoint: axi_wdata_i[29] (input port clocked by clk_i)
Endpoint: u_sram (falling edge-triggered flip-flop clocked by clk_i)
Path Group: clk_i
Path Type: min

Fanout         Cap        Slew       Delay        Time   Description
---------------------------------------------------------------------------------------------
                                  0.000000    0.000000   clock clk_i (rise edge)
                                  0.000000    0.000000   clock network delay (propagated)
                                  2.000000    2.000000 ^ input external delay
     1    0.015009    0.000000    0.000000    2.000000 ^ axi_wdata_i[29] (in)
                                                         axi_wdata_i[29] (net)
                      0.002242    0.000530    2.000530 ^ u_sram/din0[29] (sky130_sram_1kbyte_1rw1r_32x256_8)
                                              2.000530   data arrival time

                                  0.000000    0.000000   clock clk_i (rise edge)
                                  0.000000    0.000000   clock source latency
     2    0.078342    0.000000    0.000000    0.000000 ^ clk_i (in)
                                                         clk_i (net)
                      0.011782    0.005891    0.005891 ^ clkbuf_0_clk_i/A (sky130_fd_sc_hd__clkbuf_16)
     2    0.040264    0.059881    0.129967    0.135858 ^ clkbuf_0_clk_i/X (sky130_fd_sc_hd__clkbuf_16)
                                                         clknet_0_clk_i (net)
                      0.059946    0.001694    0.137552 ^ clkbuf_1_0__f_clk_i/A (sky130_fd_sc_hd__clkbuf_16)
     1    0.064178    0.082493    0.158805    0.296357 ^ clkbuf_1_0__f_clk_i/X (sky130_fd_sc_hd__clkbuf_16)
                                                         clknet_1_0__leaf_clk_i (net)
                      0.118742    0.017962    0.314319 ^ u_sram/clk0 (sky130_sram_1kbyte_1rw1r_32x256_8)
                                  0.250000    0.564319   clock uncertainty
                                  0.000000    0.564319   clock reconvergence pessimism
                                 -0.056000    0.508319   library hold time
                                              0.508319   data required time
---------------------------------------------------------------------------------------------
                                              0.508319   data required time
                                             -2.000530   data arrival time
---------------------------------------------------------------------------------------------
                                              1.492212   slack (MET)


Startpoint: axi_wdata_i[26] (input port clocked by clk_i)
Endpoint: u_sram (falling edge-triggered flip-flop clocked by clk_i)
Path Group: clk_i
Path Type: min

Fanout         Cap        Slew       Delay        Time   Description
---------------------------------------------------------------------------------------------
                                  0.000000    0.000000   clock clk_i (rise edge)
                                  0.000000    0.000000   clock network delay (propagated)
                                  2.000000    2.000000 ^ input external delay
     1    0.015043    0.000000    0.000000    2.000000 ^ axi_wdata_i[26] (in)
                                                         axi_wdata_i[26] (net)
                      0.002250    0.000532    2.000532 ^ u_sram/din0[26] (sky130_sram_1kbyte_1rw1r_32x256_8)
                                              2.000532   data arrival time

                                  0.000000    0.000000   clock clk_i (rise edge)
                                  0.000000    0.000000   clock source latency
     2    0.078342    0.000000    0.000000    0.000000 ^ clk_i (in)
                                                         clk_i (net)
                      0.011782    0.005891    0.005891 ^ clkbuf_0_clk_i/A (sky130_fd_sc_hd__clkbuf_16)
     2    0.040264    0.059881    0.129967    0.135858 ^ clkbuf_0_clk_i/X (sky130_fd_sc_hd__clkbuf_16)
                                                         clknet_0_clk_i (net)
                      0.059946    0.001694    0.137552 ^ clkbuf_1_0__f_clk_i/A (sky130_fd_sc_hd__clkbuf_16)
     1    0.064178    0.082493    0.158805    0.296357 ^ clkbuf_1_0__f_clk_i/X (sky130_fd_sc_hd__clkbuf_16)
                                                         clknet_1_0__leaf_clk_i (net)
                      0.118742    0.017962    0.314319 ^ u_sram/clk0 (sky130_sram_1kbyte_1rw1r_32x256_8)
                                  0.250000    0.564319   clock uncertainty
                                  0.000000    0.564319   clock reconvergence pessimism
                                 -0.056000    0.508319   library hold time
                                              0.508319   data required time
---------------------------------------------------------------------------------------------
                                              0.508319   data required time
                                             -2.000532   data arrival time
---------------------------------------------------------------------------------------------
                                              1.492214   slack (MET)


Startpoint: axi_wdata_i[19] (input port clocked by clk_i)
Endpoint: u_sram (falling edge-triggered flip-flop clocked by clk_i)
Path Group: clk_i
Path Type: min

Fanout         Cap        Slew       Delay        Time   Description
---------------------------------------------------------------------------------------------
                                  0.000000    0.000000   clock clk_i (rise edge)
                                  0.000000    0.000000   clock network delay (propagated)
                                  2.000000    2.000000 ^ input external delay
     1    0.015116    0.000000    0.000000    2.000000 ^ axi_wdata_i[19] (in)
                                                         axi_wdata_i[19] (net)
                      0.002280    0.000539    2.000539 ^ u_sram/din0[19] (sky130_sram_1kbyte_1rw1r_32x256_8)
                                              2.000539   data arrival time

                                  0.000000    0.000000   clock clk_i (rise edge)
                                  0.000000    0.000000   clock source latency
     2    0.078342    0.000000    0.000000    0.000000 ^ clk_i (in)
                                                         clk_i (net)
                      0.011782    0.005891    0.005891 ^ clkbuf_0_clk_i/A (sky130_fd_sc_hd__clkbuf_16)
     2    0.040264    0.059881    0.129967    0.135858 ^ clkbuf_0_clk_i/X (sky130_fd_sc_hd__clkbuf_16)
                                                         clknet_0_clk_i (net)
                      0.059946    0.001694    0.137552 ^ clkbuf_1_0__f_clk_i/A (sky130_fd_sc_hd__clkbuf_16)
     1    0.064178    0.082493    0.158805    0.296357 ^ clkbuf_1_0__f_clk_i/X (sky130_fd_sc_hd__clkbuf_16)
                                                         clknet_1_0__leaf_clk_i (net)
                      0.118742    0.017962    0.314319 ^ u_sram/clk0 (sky130_sram_1kbyte_1rw1r_32x256_8)
                                  0.250000    0.564319   clock uncertainty
                                  0.000000    0.564319   clock reconvergence pessimism
                                 -0.056000    0.508319   library hold time
                                              0.508319   data required time
---------------------------------------------------------------------------------------------
                                              0.508319   data required time
                                             -2.000539   data arrival time
---------------------------------------------------------------------------------------------
                                              1.492221   slack (MET)


Startpoint: axi_wdata_i[21] (input port clocked by clk_i)
Endpoint: u_sram (falling edge-triggered flip-flop clocked by clk_i)
Path Group: clk_i
Path Type: min

Fanout         Cap        Slew       Delay        Time   Description
---------------------------------------------------------------------------------------------
                                  0.000000    0.000000   clock clk_i (rise edge)
                                  0.000000    0.000000   clock network delay (propagated)
                                  2.000000    2.000000 ^ input external delay
     1    0.015539    0.000000    0.000000    2.000000 ^ axi_wdata_i[21] (in)
                                                         axi_wdata_i[21] (net)
                      0.002337    0.000553    2.000553 ^ u_sram/din0[21] (sky130_sram_1kbyte_1rw1r_32x256_8)
                                              2.000553   data arrival time

                                  0.000000    0.000000   clock clk_i (rise edge)
                                  0.000000    0.000000   clock source latency
     2    0.078342    0.000000    0.000000    0.000000 ^ clk_i (in)
                                                         clk_i (net)
                      0.011782    0.005891    0.005891 ^ clkbuf_0_clk_i/A (sky130_fd_sc_hd__clkbuf_16)
     2    0.040264    0.059881    0.129967    0.135858 ^ clkbuf_0_clk_i/X (sky130_fd_sc_hd__clkbuf_16)
                                                         clknet_0_clk_i (net)
                      0.059946    0.001694    0.137552 ^ clkbuf_1_0__f_clk_i/A (sky130_fd_sc_hd__clkbuf_16)
     1    0.064178    0.082493    0.158805    0.296357 ^ clkbuf_1_0__f_clk_i/X (sky130_fd_sc_hd__clkbuf_16)
                                                         clknet_1_0__leaf_clk_i (net)
                      0.118742    0.017962    0.314319 ^ u_sram/clk0 (sky130_sram_1kbyte_1rw1r_32x256_8)
                                  0.250000    0.564319   clock uncertainty
                                  0.000000    0.564319   clock reconvergence pessimism
                                 -0.056000    0.508319   library hold time
                                              0.508319   data required time
---------------------------------------------------------------------------------------------
                                              0.508319   data required time
                                             -2.000553   data arrival time
---------------------------------------------------------------------------------------------
                                              1.492234   slack (MET)


Startpoint: axi_wdata_i[6] (input port clocked by clk_i)
Endpoint: u_sram (falling edge-triggered flip-flop clocked by clk_i)
Path Group: clk_i
Path Type: min

Fanout         Cap        Slew       Delay        Time   Description
---------------------------------------------------------------------------------------------
                                  0.000000    0.000000   clock clk_i (rise edge)
                                  0.000000    0.000000   clock network delay (propagated)
                                  2.000000    2.000000 ^ input external delay
     1    0.015546    0.000000    0.000000    2.000000 ^ axi_wdata_i[6] (in)
                                                         axi_wdata_i[6] (net)
                      0.002338    0.000553    2.000553 ^ u_sram/din0[6] (sky130_sram_1kbyte_1rw1r_32x256_8)
                                              2.000553   data arrival time

                                  0.000000    0.000000   clock clk_i (rise edge)
                                  0.000000    0.000000   clock source latency
     2    0.078342    0.000000    0.000000    0.000000 ^ clk_i (in)
                                                         clk_i (net)
                      0.011782    0.005891    0.005891 ^ clkbuf_0_clk_i/A (sky130_fd_sc_hd__clkbuf_16)
     2    0.040264    0.059881    0.129967    0.135858 ^ clkbuf_0_clk_i/X (sky130_fd_sc_hd__clkbuf_16)
                                                         clknet_0_clk_i (net)
                      0.059946    0.001694    0.137552 ^ clkbuf_1_0__f_clk_i/A (sky130_fd_sc_hd__clkbuf_16)
     1    0.064178    0.082493    0.158805    0.296357 ^ clkbuf_1_0__f_clk_i/X (sky130_fd_sc_hd__clkbuf_16)
                                                         clknet_1_0__leaf_clk_i (net)
                      0.118742    0.017962    0.314319 ^ u_sram/clk0 (sky130_sram_1kbyte_1rw1r_32x256_8)
                                  0.250000    0.564319   clock uncertainty
                                  0.000000    0.564319   clock reconvergence pessimism
                                 -0.056000    0.508319   library hold time
                                              0.508319   data required time
---------------------------------------------------------------------------------------------
                                              0.508319   data required time
                                             -2.000553   data arrival time
---------------------------------------------------------------------------------------------
                                              1.492234   slack (MET)


Startpoint: axi_wdata_i[7] (input port clocked by clk_i)
Endpoint: u_sram (falling edge-triggered flip-flop clocked by clk_i)
Path Group: clk_i
Path Type: min

Fanout         Cap        Slew       Delay        Time   Description
---------------------------------------------------------------------------------------------
                                  0.000000    0.000000   clock clk_i (rise edge)
                                  0.000000    0.000000   clock network delay (propagated)
                                  2.000000    2.000000 ^ input external delay
     1    0.015545    0.000000    0.000000    2.000000 ^ axi_wdata_i[7] (in)
                                                         axi_wdata_i[7] (net)
                      0.002338    0.000553    2.000553 ^ u_sram/din0[7] (sky130_sram_1kbyte_1rw1r_32x256_8)
                                              2.000553   data arrival time

                                  0.000000    0.000000   clock clk_i (rise edge)
                                  0.000000    0.000000   clock source latency
     2    0.078342    0.000000    0.000000    0.000000 ^ clk_i (in)
                                                         clk_i (net)
                      0.011782    0.005891    0.005891 ^ clkbuf_0_clk_i/A (sky130_fd_sc_hd__clkbuf_16)
     2    0.040264    0.059881    0.129967    0.135858 ^ clkbuf_0_clk_i/X (sky130_fd_sc_hd__clkbuf_16)
                                                         clknet_0_clk_i (net)
                      0.059946    0.001694    0.137552 ^ clkbuf_1_0__f_clk_i/A (sky130_fd_sc_hd__clkbuf_16)
     1    0.064178    0.082493    0.158805    0.296357 ^ clkbuf_1_0__f_clk_i/X (sky130_fd_sc_hd__clkbuf_16)
                                                         clknet_1_0__leaf_clk_i (net)
                      0.118742    0.017962    0.314319 ^ u_sram/clk0 (sky130_sram_1kbyte_1rw1r_32x256_8)
                                  0.250000    0.564319   clock uncertainty
                                  0.000000    0.564319   clock reconvergence pessimism
                                 -0.056000    0.508319   library hold time
                                              0.508319   data required time
---------------------------------------------------------------------------------------------
                                              0.508319   data required time
                                             -2.000553   data arrival time
---------------------------------------------------------------------------------------------
                                              1.492234   slack (MET)


Startpoint: axi_wdata_i[8] (input port clocked by clk_i)
Endpoint: u_sram (falling edge-triggered flip-flop clocked by clk_i)
Path Group: clk_i
Path Type: min

Fanout         Cap        Slew       Delay        Time   Description
---------------------------------------------------------------------------------------------
                                  0.000000    0.000000   clock clk_i (rise edge)
                                  0.000000    0.000000   clock network delay (propagated)
                                  2.000000    2.000000 ^ input external delay
     1    0.015532    0.000000    0.000000    2.000000 ^ axi_wdata_i[8] (in)
                                                         axi_wdata_i[8] (net)
                      0.002335    0.000552    2.000552 ^ u_sram/din0[8] (sky130_sram_1kbyte_1rw1r_32x256_8)
                                              2.000552   data arrival time

                                  0.000000    0.000000   clock clk_i (rise edge)
                                  0.000000    0.000000   clock source latency
     2    0.078342    0.000000    0.000000    0.000000 ^ clk_i (in)
                                                         clk_i (net)
                      0.011782    0.005891    0.005891 ^ clkbuf_0_clk_i/A (sky130_fd_sc_hd__clkbuf_16)
     2    0.040264    0.059881    0.129967    0.135858 ^ clkbuf_0_clk_i/X (sky130_fd_sc_hd__clkbuf_16)
                                                         clknet_0_clk_i (net)
                      0.059946    0.001694    0.137552 ^ clkbuf_1_0__f_clk_i/A (sky130_fd_sc_hd__clkbuf_16)
     1    0.064178    0.082493    0.158805    0.296357 ^ clkbuf_1_0__f_clk_i/X (sky130_fd_sc_hd__clkbuf_16)
                                                         clknet_1_0__leaf_clk_i (net)
                      0.118742    0.017962    0.314319 ^ u_sram/clk0 (sky130_sram_1kbyte_1rw1r_32x256_8)
                                  0.250000    0.564319   clock uncertainty
                                  0.000000    0.564319   clock reconvergence pessimism
                                 -0.056000    0.508319   library hold time
                                              0.508319   data required time
---------------------------------------------------------------------------------------------
                                              0.508319   data required time
                                             -2.000552   data arrival time
---------------------------------------------------------------------------------------------
                                              1.492234   slack (MET)


Startpoint: axi_wdata_i[23] (input port clocked by clk_i)
Endpoint: u_sram (falling edge-triggered flip-flop clocked by clk_i)
Path Group: clk_i
Path Type: min

Fanout         Cap        Slew       Delay        Time   Description
---------------------------------------------------------------------------------------------
                                  0.000000    0.000000   clock clk_i (rise edge)
                                  0.000000    0.000000   clock network delay (propagated)
                                  2.000000    2.000000 ^ input external delay
     1    0.015609    0.000000    0.000000    2.000000 ^ axi_wdata_i[23] (in)
                                                         axi_wdata_i[23] (net)
                      0.002366    0.000560    2.000560 ^ u_sram/din0[23] (sky130_sram_1kbyte_1rw1r_32x256_8)
                                              2.000560   data arrival time

                                  0.000000    0.000000   clock clk_i (rise edge)
                                  0.000000    0.000000   clock source latency
     2    0.078342    0.000000    0.000000    0.000000 ^ clk_i (in)
                                                         clk_i (net)
                      0.011782    0.005891    0.005891 ^ clkbuf_0_clk_i/A (sky130_fd_sc_hd__clkbuf_16)
     2    0.040264    0.059881    0.129967    0.135858 ^ clkbuf_0_clk_i/X (sky130_fd_sc_hd__clkbuf_16)
                                                         clknet_0_clk_i (net)
                      0.059946    0.001694    0.137552 ^ clkbuf_1_0__f_clk_i/A (sky130_fd_sc_hd__clkbuf_16)
     1    0.064178    0.082493    0.158805    0.296357 ^ clkbuf_1_0__f_clk_i/X (sky130_fd_sc_hd__clkbuf_16)
                                                         clknet_1_0__leaf_clk_i (net)
                      0.118742    0.017962    0.314319 ^ u_sram/clk0 (sky130_sram_1kbyte_1rw1r_32x256_8)
                                  0.250000    0.564319   clock uncertainty
                                  0.000000    0.564319   clock reconvergence pessimism
                                 -0.056000    0.508319   library hold time
                                              0.508319   data required time
---------------------------------------------------------------------------------------------
                                              0.508319   data required time
                                             -2.000560   data arrival time
---------------------------------------------------------------------------------------------
                                              1.492241   slack (MET)


Startpoint: axi_wdata_i[12] (input port clocked by clk_i)
Endpoint: u_sram (falling edge-triggered flip-flop clocked by clk_i)
Path Group: clk_i
Path Type: min

Fanout         Cap        Slew       Delay        Time   Description
---------------------------------------------------------------------------------------------
                                  0.000000    0.000000   clock clk_i (rise edge)
                                  0.000000    0.000000   clock network delay (propagated)
                                  2.000000    2.000000 ^ input external delay
     1    0.015831    0.000000    0.000000    2.000000 ^ axi_wdata_i[12] (in)
                                                         axi_wdata_i[12] (net)
                      0.002406    0.000569    2.000569 ^ u_sram/din0[12] (sky130_sram_1kbyte_1rw1r_32x256_8)
                                              2.000569   data arrival time

                                  0.000000    0.000000   clock clk_i (rise edge)
                                  0.000000    0.000000   clock source latency
     2    0.078342    0.000000    0.000000    0.000000 ^ clk_i (in)
                                                         clk_i (net)
                      0.011782    0.005891    0.005891 ^ clkbuf_0_clk_i/A (sky130_fd_sc_hd__clkbuf_16)
     2    0.040264    0.059881    0.129967    0.135858 ^ clkbuf_0_clk_i/X (sky130_fd_sc_hd__clkbuf_16)
                                                         clknet_0_clk_i (net)
                      0.059946    0.001694    0.137552 ^ clkbuf_1_0__f_clk_i/A (sky130_fd_sc_hd__clkbuf_16)
     1    0.064178    0.082493    0.158805    0.296357 ^ clkbuf_1_0__f_clk_i/X (sky130_fd_sc_hd__clkbuf_16)
                                                         clknet_1_0__leaf_clk_i (net)
                      0.118742    0.017962    0.314319 ^ u_sram/clk0 (sky130_sram_1kbyte_1rw1r_32x256_8)
                                  0.250000    0.564319   clock uncertainty
                                  0.000000    0.564319   clock reconvergence pessimism
                                 -0.056000    0.508319   library hold time
                                              0.508319   data required time
---------------------------------------------------------------------------------------------
                                              0.508319   data required time
                                             -2.000569   data arrival time
---------------------------------------------------------------------------------------------
                                              1.492251   slack (MET)


Startpoint: axi_wdata_i[13] (input port clocked by clk_i)
Endpoint: u_sram (falling edge-triggered flip-flop clocked by clk_i)
Path Group: clk_i
Path Type: min

Fanout         Cap        Slew       Delay        Time   Description
---------------------------------------------------------------------------------------------
                                  0.000000    0.000000   clock clk_i (rise edge)
                                  0.000000    0.000000   clock network delay (propagated)
                                  2.000000    2.000000 ^ input external delay
     1    0.015811    0.000000    0.000000    2.000000 ^ axi_wdata_i[13] (in)
                                                         axi_wdata_i[13] (net)
                      0.002402    0.000568    2.000568 ^ u_sram/din0[13] (sky130_sram_1kbyte_1rw1r_32x256_8)
                                              2.000568   data arrival time

                                  0.000000    0.000000   clock clk_i (rise edge)
                                  0.000000    0.000000   clock source latency
     2    0.078342    0.000000    0.000000    0.000000 ^ clk_i (in)
                                                         clk_i (net)
                      0.011782    0.005891    0.005891 ^ clkbuf_0_clk_i/A (sky130_fd_sc_hd__clkbuf_16)
     2    0.040264    0.059881    0.129967    0.135858 ^ clkbuf_0_clk_i/X (sky130_fd_sc_hd__clkbuf_16)
                                                         clknet_0_clk_i (net)
                      0.059946    0.001694    0.137552 ^ clkbuf_1_0__f_clk_i/A (sky130_fd_sc_hd__clkbuf_16)
     1    0.064178    0.082493    0.158805    0.296357 ^ clkbuf_1_0__f_clk_i/X (sky130_fd_sc_hd__clkbuf_16)
                                                         clknet_1_0__leaf_clk_i (net)
                      0.118742    0.017962    0.314319 ^ u_sram/clk0 (sky130_sram_1kbyte_1rw1r_32x256_8)
                                  0.250000    0.564319   clock uncertainty
                                  0.000000    0.564319   clock reconvergence pessimism
                                 -0.056000    0.508319   library hold time
                                              0.508319   data required time
---------------------------------------------------------------------------------------------
                                              0.508319   data required time
                                             -2.000568   data arrival time
---------------------------------------------------------------------------------------------
                                              1.492250   slack (MET)


Startpoint: axi_wdata_i[10] (input port clocked by clk_i)
Endpoint: u_sram (falling edge-triggered flip-flop clocked by clk_i)
Path Group: clk_i
Path Type: min

Fanout         Cap        Slew       Delay        Time   Description
---------------------------------------------------------------------------------------------
                                  0.000000    0.000000   clock clk_i (rise edge)
                                  0.000000    0.000000   clock network delay (propagated)
                                  2.000000    2.000000 ^ input external delay
     1    0.015871    0.000000    0.000000    2.000000 ^ axi_wdata_i[10] (in)
                                                         axi_wdata_i[10] (net)
                      0.002416    0.000572    2.000572 ^ u_sram/din0[10] (sky130_sram_1kbyte_1rw1r_32x256_8)
                                              2.000572   data arrival time

                                  0.000000    0.000000   clock clk_i (rise edge)
                                  0.000000    0.000000   clock source latency
     2    0.078342    0.000000    0.000000    0.000000 ^ clk_i (in)
                                                         clk_i (net)
                      0.011782    0.005891    0.005891 ^ clkbuf_0_clk_i/A (sky130_fd_sc_hd__clkbuf_16)
     2    0.040264    0.059881    0.129967    0.135858 ^ clkbuf_0_clk_i/X (sky130_fd_sc_hd__clkbuf_16)
                                                         clknet_0_clk_i (net)
                      0.059946    0.001694    0.137552 ^ clkbuf_1_0__f_clk_i/A (sky130_fd_sc_hd__clkbuf_16)
     1    0.064178    0.082493    0.158805    0.296357 ^ clkbuf_1_0__f_clk_i/X (sky130_fd_sc_hd__clkbuf_16)
                                                         clknet_1_0__leaf_clk_i (net)
                      0.118742    0.017962    0.314319 ^ u_sram/clk0 (sky130_sram_1kbyte_1rw1r_32x256_8)
                                  0.250000    0.564319   clock uncertainty
                                  0.000000    0.564319   clock reconvergence pessimism
                                 -0.056000    0.508319   library hold time
                                              0.508319   data required time
---------------------------------------------------------------------------------------------
                                              0.508319   data required time
                                             -2.000572   data arrival time
---------------------------------------------------------------------------------------------
                                              1.492253   slack (MET)


Startpoint: axi_wdata_i[14] (input port clocked by clk_i)
Endpoint: u_sram (falling edge-triggered flip-flop clocked by clk_i)
Path Group: clk_i
Path Type: min

Fanout         Cap        Slew       Delay        Time   Description
---------------------------------------------------------------------------------------------
                                  0.000000    0.000000   clock clk_i (rise edge)
                                  0.000000    0.000000   clock network delay (propagated)
                                  2.000000    2.000000 ^ input external delay
     1    0.015856    0.000000    0.000000    2.000000 ^ axi_wdata_i[14] (in)
                                                         axi_wdata_i[14] (net)
                      0.002411    0.000570    2.000571 ^ u_sram/din0[14] (sky130_sram_1kbyte_1rw1r_32x256_8)
                                              2.000571   data arrival time

                                  0.000000    0.000000   clock clk_i (rise edge)
                                  0.000000    0.000000   clock source latency
     2    0.078342    0.000000    0.000000    0.000000 ^ clk_i (in)
                                                         clk_i (net)
                      0.011782    0.005891    0.005891 ^ clkbuf_0_clk_i/A (sky130_fd_sc_hd__clkbuf_16)
     2    0.040264    0.059881    0.129967    0.135858 ^ clkbuf_0_clk_i/X (sky130_fd_sc_hd__clkbuf_16)
                                                         clknet_0_clk_i (net)
                      0.059946    0.001694    0.137552 ^ clkbuf_1_0__f_clk_i/A (sky130_fd_sc_hd__clkbuf_16)
     1    0.064178    0.082493    0.158805    0.296357 ^ clkbuf_1_0__f_clk_i/X (sky130_fd_sc_hd__clkbuf_16)
                                                         clknet_1_0__leaf_clk_i (net)
                      0.118742    0.017962    0.314319 ^ u_sram/clk0 (sky130_sram_1kbyte_1rw1r_32x256_8)
                                  0.250000    0.564319   clock uncertainty
                                  0.000000    0.564319   clock reconvergence pessimism
                                 -0.056000    0.508319   library hold time
                                              0.508319   data required time
---------------------------------------------------------------------------------------------
                                              0.508319   data required time
                                             -2.000571   data arrival time
---------------------------------------------------------------------------------------------
                                              1.492252   slack (MET)


Startpoint: axi_wdata_i[9] (input port clocked by clk_i)
Endpoint: u_sram (falling edge-triggered flip-flop clocked by clk_i)
Path Group: clk_i
Path Type: min

Fanout         Cap        Slew       Delay        Time   Description
---------------------------------------------------------------------------------------------
                                  0.000000    0.000000   clock clk_i (rise edge)
                                  0.000000    0.000000   clock network delay (propagated)
                                  2.000000    2.000000 ^ input external delay
     1    0.015832    0.000000    0.000000    2.000000 ^ axi_wdata_i[9] (in)
                                                         axi_wdata_i[9] (net)
                      0.002407    0.000570    2.000570 ^ u_sram/din0[9] (sky130_sram_1kbyte_1rw1r_32x256_8)
                                              2.000570   data arrival time

                                  0.000000    0.000000   clock clk_i (rise edge)
                                  0.000000    0.000000   clock source latency
     2    0.078342    0.000000    0.000000    0.000000 ^ clk_i (in)
                                                         clk_i (net)
                      0.011782    0.005891    0.005891 ^ clkbuf_0_clk_i/A (sky130_fd_sc_hd__clkbuf_16)
     2    0.040264    0.059881    0.129967    0.135858 ^ clkbuf_0_clk_i/X (sky130_fd_sc_hd__clkbuf_16)
                                                         clknet_0_clk_i (net)
                      0.059946    0.001694    0.137552 ^ clkbuf_1_0__f_clk_i/A (sky130_fd_sc_hd__clkbuf_16)
     1    0.064178    0.082493    0.158805    0.296357 ^ clkbuf_1_0__f_clk_i/X (sky130_fd_sc_hd__clkbuf_16)
                                                         clknet_1_0__leaf_clk_i (net)
                      0.118742    0.017962    0.314319 ^ u_sram/clk0 (sky130_sram_1kbyte_1rw1r_32x256_8)
                                  0.250000    0.564319   clock uncertainty
                                  0.000000    0.564319   clock reconvergence pessimism
                                 -0.056000    0.508319   library hold time
                                              0.508319   data required time
---------------------------------------------------------------------------------------------
                                              0.508319   data required time
                                             -2.000570   data arrival time
---------------------------------------------------------------------------------------------
                                              1.492251   slack (MET)


Startpoint: axi_wdata_i[11] (input port clocked by clk_i)
Endpoint: u_sram (falling edge-triggered flip-flop clocked by clk_i)
Path Group: clk_i
Path Type: min

Fanout         Cap        Slew       Delay        Time   Description
---------------------------------------------------------------------------------------------
                                  0.000000    0.000000   clock clk_i (rise edge)
                                  0.000000    0.000000   clock network delay (propagated)
                                  2.000000    2.000000 ^ input external delay
     1    0.015883    0.000000    0.000000    2.000000 ^ axi_wdata_i[11] (in)
                                                         axi_wdata_i[11] (net)
                      0.002434    0.000576    2.000576 ^ u_sram/din0[11] (sky130_sram_1kbyte_1rw1r_32x256_8)
                                              2.000576   data arrival time

                                  0.000000    0.000000   clock clk_i (rise edge)
                                  0.000000    0.000000   clock source latency
     2    0.078342    0.000000    0.000000    0.000000 ^ clk_i (in)
                                                         clk_i (net)
                      0.011782    0.005891    0.005891 ^ clkbuf_0_clk_i/A (sky130_fd_sc_hd__clkbuf_16)
     2    0.040264    0.059881    0.129967    0.135858 ^ clkbuf_0_clk_i/X (sky130_fd_sc_hd__clkbuf_16)
                                                         clknet_0_clk_i (net)
                      0.059946    0.001694    0.137552 ^ clkbuf_1_0__f_clk_i/A (sky130_fd_sc_hd__clkbuf_16)
     1    0.064178    0.082493    0.158805    0.296357 ^ clkbuf_1_0__f_clk_i/X (sky130_fd_sc_hd__clkbuf_16)
                                                         clknet_1_0__leaf_clk_i (net)
                      0.118742    0.017962    0.314319 ^ u_sram/clk0 (sky130_sram_1kbyte_1rw1r_32x256_8)
                                  0.250000    0.564319   clock uncertainty
                                  0.000000    0.564319   clock reconvergence pessimism
                                 -0.056000    0.508319   library hold time
                                              0.508319   data required time
---------------------------------------------------------------------------------------------
                                              0.508319   data required time
                                             -2.000576   data arrival time
---------------------------------------------------------------------------------------------
                                              1.492257   slack (MET)


Startpoint: axi_wdata_i[27] (input port clocked by clk_i)
Endpoint: u_sram (falling edge-triggered flip-flop clocked by clk_i)
Path Group: clk_i
Path Type: min

Fanout         Cap        Slew       Delay        Time   Description
---------------------------------------------------------------------------------------------
                                  0.000000    0.000000   clock clk_i (rise edge)
                                  0.000000    0.000000   clock network delay (propagated)
                                  2.000000    2.000000 ^ input external delay
     1    0.015882    0.000000    0.000000    2.000000 ^ axi_wdata_i[27] (in)
                                                         axi_wdata_i[27] (net)
                      0.002434    0.000576    2.000576 ^ u_sram/din0[27] (sky130_sram_1kbyte_1rw1r_32x256_8)
                                              2.000576   data arrival time

                                  0.000000    0.000000   clock clk_i (rise edge)
                                  0.000000    0.000000   clock source latency
     2    0.078342    0.000000    0.000000    0.000000 ^ clk_i (in)
                                                         clk_i (net)
                      0.011782    0.005891    0.005891 ^ clkbuf_0_clk_i/A (sky130_fd_sc_hd__clkbuf_16)
     2    0.040264    0.059881    0.129967    0.135858 ^ clkbuf_0_clk_i/X (sky130_fd_sc_hd__clkbuf_16)
                                                         clknet_0_clk_i (net)
                      0.059946    0.001694    0.137552 ^ clkbuf_1_0__f_clk_i/A (sky130_fd_sc_hd__clkbuf_16)
     1    0.064178    0.082493    0.158805    0.296357 ^ clkbuf_1_0__f_clk_i/X (sky130_fd_sc_hd__clkbuf_16)
                                                         clknet_1_0__leaf_clk_i (net)
                      0.118742    0.017962    0.314319 ^ u_sram/clk0 (sky130_sram_1kbyte_1rw1r_32x256_8)
                                  0.250000    0.564319   clock uncertainty
                                  0.000000    0.564319   clock reconvergence pessimism
                                 -0.056000    0.508319   library hold time
                                              0.508319   data required time
---------------------------------------------------------------------------------------------
                                              0.508319   data required time
                                             -2.000576   data arrival time
---------------------------------------------------------------------------------------------
                                              1.492257   slack (MET)


Startpoint: axi_wdata_i[25] (input port clocked by clk_i)
Endpoint: u_sram (falling edge-triggered flip-flop clocked by clk_i)
Path Group: clk_i
Path Type: min

Fanout         Cap        Slew       Delay        Time   Description
---------------------------------------------------------------------------------------------
                                  0.000000    0.000000   clock clk_i (rise edge)
                                  0.000000    0.000000   clock network delay (propagated)
                                  2.000000    2.000000 ^ input external delay
     1    0.016115    0.000000    0.000000    2.000000 ^ axi_wdata_i[25] (in)
                                                         axi_wdata_i[25] (net)
                      0.002459    0.000582    2.000582 ^ u_sram/din0[25] (sky130_sram_1kbyte_1rw1r_32x256_8)
                                              2.000582   data arrival time

                                  0.000000    0.000000   clock clk_i (rise edge)
                                  0.000000    0.000000   clock source latency
     2    0.078342    0.000000    0.000000    0.000000 ^ clk_i (in)
                                                         clk_i (net)
                      0.011782    0.005891    0.005891 ^ clkbuf_0_clk_i/A (sky130_fd_sc_hd__clkbuf_16)
     2    0.040264    0.059881    0.129967    0.135858 ^ clkbuf_0_clk_i/X (sky130_fd_sc_hd__clkbuf_16)
                                                         clknet_0_clk_i (net)
                      0.059946    0.001694    0.137552 ^ clkbuf_1_0__f_clk_i/A (sky130_fd_sc_hd__clkbuf_16)
     1    0.064178    0.082493    0.158805    0.296357 ^ clkbuf_1_0__f_clk_i/X (sky130_fd_sc_hd__clkbuf_16)
                                                         clknet_1_0__leaf_clk_i (net)
                      0.118742    0.017962    0.314319 ^ u_sram/clk0 (sky130_sram_1kbyte_1rw1r_32x256_8)
                                  0.250000    0.564319   clock uncertainty
                                  0.000000    0.564319   clock reconvergence pessimism
                                 -0.056000    0.508319   library hold time
                                              0.508319   data required time
---------------------------------------------------------------------------------------------
                                              0.508319   data required time
                                             -2.000582   data arrival time
---------------------------------------------------------------------------------------------
                                              1.492263   slack (MET)


Startpoint: _46_ (rising edge-triggered flip-flop clocked by clk_i)
Endpoint: axi_bvalid_o (output port clocked by clk_i)
Path Group: clk_i
Path Type: min

Fanout         Cap        Slew       Delay        Time   Description
---------------------------------------------------------------------------------------------
                                  0.000000    0.000000   clock clk_i (rise edge)
                                  0.000000    0.000000   clock source latency
     2    0.078342    0.000000    0.000000    0.000000 ^ clk_i (in)
                                                         clk_i (net)
                      0.007178    0.003589    0.003589 ^ clkbuf_regs_0_clk_i/A (sky130_fd_sc_hd__clkbuf_16)
     1    0.008414    0.031996    0.100999    0.104588 ^ clkbuf_regs_0_clk_i/X (sky130_fd_sc_hd__clkbuf_16)
                                                         clk_i_regs (net)
                      0.031996    0.000261    0.104850 ^ clkbuf_0_clk_i_regs/A (sky130_fd_sc_hd__clkbuf_16)
     2    0.018956    0.040955    0.119616    0.224466 ^ clkbuf_0_clk_i_regs/X (sky130_fd_sc_hd__clkbuf_16)
                                                         clknet_0_clk_i_regs (net)
                      0.040956    0.000467    0.224933 ^ clkbuf_1_1__f_clk_i_regs/A (sky130_fd_sc_hd__clkbuf_16)
     3    0.007511    0.031186    0.111996    0.336930 ^ clkbuf_1_1__f_clk_i_regs/X (sky130_fd_sc_hd__clkbuf_16)
                                                         clknet_1_1__leaf_clk_i_regs (net)
                      0.031186    0.000158    0.337088 ^ _46_/CLK (sky130_fd_sc_hd__dfrtp_2)
     3    0.011029    0.073714    0.362706    0.699794 ^ _46_/Q (sky130_fd_sc_hd__dfrtp_2)
                                                         axi_bvalid_o (net)
                      0.073718    0.000623    0.700417 ^ axi_bvalid_o (out)
                                              0.700417   data arrival time

                                  0.000000    0.000000   clock clk_i (rise edge)
                                  0.000000    0.000000   clock network delay (propagated)
                                  0.250000    0.250000   clock uncertainty
                                  0.000000    0.250000   clock reconvergence pessimism
                                 -2.000000   -1.750000   output external delay
                                             -1.750000   data required time
---------------------------------------------------------------------------------------------
                                             -1.750000   data required time
                                             -0.700417   data arrival time
---------------------------------------------------------------------------------------------
                                              2.450417   slack (MET)


Startpoint: _48_ (rising edge-triggered flip-flop clocked by clk_i)
Endpoint: axi_rvalid_o (output port clocked by clk_i)
Path Group: clk_i
Path Type: min

Fanout         Cap        Slew       Delay        Time   Description
---------------------------------------------------------------------------------------------
                                  0.000000    0.000000   clock clk_i (rise edge)
                                  0.000000    0.000000   clock source latency
     2    0.078342    0.000000    0.000000    0.000000 ^ clk_i (in)
                                                         clk_i (net)
                      0.007178    0.003589    0.003589 ^ clkbuf_regs_0_clk_i/A (sky130_fd_sc_hd__clkbuf_16)
     1    0.008414    0.031996    0.100999    0.104588 ^ clkbuf_regs_0_clk_i/X (sky130_fd_sc_hd__clkbuf_16)
                                                         clk_i_regs (net)
                      0.031996    0.000261    0.104850 ^ clkbuf_0_clk_i_regs/A (sky130_fd_sc_hd__clkbuf_16)
     2    0.018956    0.040955    0.119616    0.224466 ^ clkbuf_0_clk_i_regs/X (sky130_fd_sc_hd__clkbuf_16)
                                                         clknet_0_clk_i_regs (net)
                      0.040956    0.000467    0.224933 ^ clkbuf_1_1__f_clk_i_regs/A (sky130_fd_sc_hd__clkbuf_16)
     3    0.007511    0.031186    0.111996    0.336930 ^ clkbuf_1_1__f_clk_i_regs/X (sky130_fd_sc_hd__clkbuf_16)
                                                         clknet_1_1__leaf_clk_i_regs (net)
                      0.031186    0.000172    0.337102 ^ _48_/CLK (sky130_fd_sc_hd__dfrtp_2)
     3    0.011973    0.077283    0.366854    0.703956 ^ _48_/Q (sky130_fd_sc_hd__dfrtp_2)
                                                         axi_rvalid_o (net)
                      0.077284    0.000451    0.704407 ^ axi_rvalid_o (out)
                                              0.704407   data arrival time

                                  0.000000    0.000000   clock clk_i (rise edge)
                                  0.000000    0.000000   clock network delay (propagated)
                                  0.250000    0.250000   clock uncertainty
                                  0.000000    0.250000   clock reconvergence pessimism
                                 -2.000000   -1.750000   output external delay
                                             -1.750000   data required time
---------------------------------------------------------------------------------------------
                                             -1.750000   data required time
                                             -0.704407   data arrival time
---------------------------------------------------------------------------------------------
                                              2.454407   slack (MET)


Startpoint: _45_ (rising edge-triggered flip-flop clocked by clk_i)
Endpoint: axi_awready_o (output port clocked by clk_i)
Path Group: clk_i
Path Type: min

Fanout         Cap        Slew       Delay        Time   Description
---------------------------------------------------------------------------------------------
                                  0.000000    0.000000   clock clk_i (rise edge)
                                  0.000000    0.000000   clock source latency
     2    0.078342    0.000000    0.000000    0.000000 ^ clk_i (in)
                                                         clk_i (net)
                      0.007178    0.003589    0.003589 ^ clkbuf_regs_0_clk_i/A (sky130_fd_sc_hd__clkbuf_16)
     1    0.008414    0.031996    0.100999    0.104588 ^ clkbuf_regs_0_clk_i/X (sky130_fd_sc_hd__clkbuf_16)
                                                         clk_i_regs (net)
                      0.031996    0.000261    0.104850 ^ clkbuf_0_clk_i_regs/A (sky130_fd_sc_hd__clkbuf_16)
     2    0.018956    0.040955    0.119616    0.224466 ^ clkbuf_0_clk_i_regs/X (sky130_fd_sc_hd__clkbuf_16)
                                                         clknet_0_clk_i_regs (net)
                      0.040956    0.000425    0.224891 ^ clkbuf_1_0__f_clk_i_regs/A (sky130_fd_sc_hd__clkbuf_16)
     2    0.005158    0.028910    0.109239    0.334130 ^ clkbuf_1_0__f_clk_i_regs/X (sky130_fd_sc_hd__clkbuf_16)
                                                         clknet_1_0__leaf_clk_i_regs (net)
                      0.028910    0.000131    0.334261 ^ _45_/CLK (sky130_fd_sc_hd__dfstp_2)
     3    0.012347    0.040662    0.370267    0.704527 v _45_/Q (sky130_fd_sc_hd__dfstp_2)
                                                         state_q[0] (net)
                      0.040662    0.000636    0.705163 v _23_/B (sky130_fd_sc_hd__and3_2)
    17    0.084395    0.208179    0.353402    1.058565 v _23_/X (sky130_fd_sc_hd__and3_2)
                                                         axi_awready_o (net)
                      0.208225    0.002635    1.061200 v axi_awready_o (out)
                                              1.061200   data arrival time

                                  0.000000    0.000000   clock clk_i (rise edge)
                                  0.000000    0.000000   clock network delay (propagated)
                                  0.250000    0.250000   clock uncertainty
                                  0.000000    0.250000   clock reconvergence pessimism
                                 -2.000000   -1.750000   output external delay
                                             -1.750000   data required time
---------------------------------------------------------------------------------------------
                                             -1.750000   data required time
                                             -1.061200   data arrival time
---------------------------------------------------------------------------------------------
                                              2.811200   slack (MET)


Startpoint: _45_ (rising edge-triggered flip-flop clocked by clk_i)
Endpoint: axi_arready_o (output port clocked by clk_i)
Path Group: clk_i
Path Type: min

Fanout         Cap        Slew       Delay        Time   Description
---------------------------------------------------------------------------------------------
                                  0.000000    0.000000   clock clk_i (rise edge)
                                  0.000000    0.000000   clock source latency
     2    0.078342    0.000000    0.000000    0.000000 ^ clk_i (in)
                                                         clk_i (net)
                      0.007178    0.003589    0.003589 ^ clkbuf_regs_0_clk_i/A (sky130_fd_sc_hd__clkbuf_16)
     1    0.008414    0.031996    0.100999    0.104588 ^ clkbuf_regs_0_clk_i/X (sky130_fd_sc_hd__clkbuf_16)
                                                         clk_i_regs (net)
                      0.031996    0.000261    0.104850 ^ clkbuf_0_clk_i_regs/A (sky130_fd_sc_hd__clkbuf_16)
     2    0.018956    0.040955    0.119616    0.224466 ^ clkbuf_0_clk_i_regs/X (sky130_fd_sc_hd__clkbuf_16)
                                                         clknet_0_clk_i_regs (net)
                      0.040956    0.000425    0.224891 ^ clkbuf_1_0__f_clk_i_regs/A (sky130_fd_sc_hd__clkbuf_16)
     2    0.005158    0.028910    0.109239    0.334130 ^ clkbuf_1_0__f_clk_i_regs/X (sky130_fd_sc_hd__clkbuf_16)
                                                         clknet_1_0__leaf_clk_i_regs (net)
                      0.028910    0.000131    0.334261 ^ _45_/CLK (sky130_fd_sc_hd__dfstp_2)
     3    0.012347    0.040662    0.370267    0.704527 v _45_/Q (sky130_fd_sc_hd__dfstp_2)
                                                         state_q[0] (net)
                      0.040662    0.000600    0.705128 v _25_/A (sky130_fd_sc_hd__and2_2)
    11    0.058959    0.148859    0.279072    0.984200 v _25_/X (sky130_fd_sc_hd__and2_2)
                                                         _08_ (net)
                      0.148973    0.001949    0.986149 v _26_/B (sky130_fd_sc_hd__and2_2)
     1    0.001525    0.031408    0.224442    1.210591 v _26_/X (sky130_fd_sc_hd__and2_2)
                                                         axi_arready_o (net)
                      0.031408    0.000020    1.210611 v axi_arready_o (out)
                                              1.210611   data arrival time

                                  0.000000    0.000000   clock clk_i (rise edge)
                                  0.000000    0.000000   clock network delay (propagated)
                                  0.250000    0.250000   clock uncertainty
                                  0.000000    0.250000   clock reconvergence pessimism
                                 -2.000000   -1.750000   output external delay
                                             -1.750000   data required time
---------------------------------------------------------------------------------------------
                                             -1.750000   data required time
                                             -1.210611   data arrival time
---------------------------------------------------------------------------------------------
                                              2.960611   slack (MET)


Startpoint: _45_ (rising edge-triggered flip-flop clocked by clk_i)
Endpoint: axi_wready_o (output port clocked by clk_i)
Path Group: clk_i
Path Type: min

Fanout         Cap        Slew       Delay        Time   Description
---------------------------------------------------------------------------------------------
                                  0.000000    0.000000   clock clk_i (rise edge)
                                  0.000000    0.000000   clock source latency
     2    0.078342    0.000000    0.000000    0.000000 ^ clk_i (in)
                                                         clk_i (net)
                      0.007178    0.003589    0.003589 ^ clkbuf_regs_0_clk_i/A (sky130_fd_sc_hd__clkbuf_16)
     1    0.008414    0.031996    0.100999    0.104588 ^ clkbuf_regs_0_clk_i/X (sky130_fd_sc_hd__clkbuf_16)
                                                         clk_i_regs (net)
                      0.031996    0.000261    0.104850 ^ clkbuf_0_clk_i_regs/A (sky130_fd_sc_hd__clkbuf_16)
     2    0.018956    0.040955    0.119616    0.224466 ^ clkbuf_0_clk_i_regs/X (sky130_fd_sc_hd__clkbuf_16)
                                                         clknet_0_clk_i_regs (net)
                      0.040956    0.000425    0.224891 ^ clkbuf_1_0__f_clk_i_regs/A (sky130_fd_sc_hd__clkbuf_16)
     2    0.005158    0.028910    0.109239    0.334130 ^ clkbuf_1_0__f_clk_i_regs/X (sky130_fd_sc_hd__clkbuf_16)
                                                         clknet_1_0__leaf_clk_i_regs (net)
                      0.028910    0.000131    0.334261 ^ _45_/CLK (sky130_fd_sc_hd__dfstp_2)
     3    0.012347    0.040662    0.370267    0.704527 v _45_/Q (sky130_fd_sc_hd__dfstp_2)
                                                         state_q[0] (net)
                      0.040662    0.000636    0.705163 v _23_/B (sky130_fd_sc_hd__and3_2)
    17    0.084395    0.208179    0.353402    1.058565 v _23_/X (sky130_fd_sc_hd__and3_2)
                                                         axi_awready_o (net)
                      0.208298    0.004200    1.062765 v _62_/A (sky130_fd_sc_hd__buf_2)
     1    0.001341    0.022277    0.179721    1.242485 v _62_/X (sky130_fd_sc_hd__buf_2)
                                                         axi_wready_o (net)
                      0.022277    0.000016    1.242501 v axi_wready_o (out)
                                              1.242501   data arrival time

                                  0.000000    0.000000   clock clk_i (rise edge)
                                  0.000000    0.000000   clock network delay (propagated)
                                  0.250000    0.250000   clock uncertainty
                                  0.000000    0.250000   clock reconvergence pessimism
                                 -2.000000   -1.750000   output external delay
                                             -1.750000   data required time
---------------------------------------------------------------------------------------------
                                             -1.750000   data required time
                                             -1.242501   data arrival time
---------------------------------------------------------------------------------------------
                                              2.992501   slack (MET)


Startpoint: u_sram (falling edge-triggered flip-flop clocked by clk_i)
Endpoint: axi_rdata_o[25] (output port clocked by clk_i)
Path Group: clk_i
Path Type: min

Fanout         Cap        Slew       Delay        Time   Description
---------------------------------------------------------------------------------------------
                                 10.000000   10.000000   clock clk_i (fall edge)
                                  0.000000   10.000000   clock source latency
     2    0.076354    0.000000    0.000000   10.000000 v clk_i (in)
                                                         clk_i (net)
                      0.011363    0.005682   10.005682 v clkbuf_0_clk_i/A (sky130_fd_sc_hd__clkbuf_16)
     2    0.038276    0.045211    0.143977   10.149659 v clkbuf_0_clk_i/X (sky130_fd_sc_hd__clkbuf_16)
                                                         clknet_0_clk_i (net)
                      0.045284    0.001583   10.151242 v clkbuf_1_0__f_clk_i/A (sky130_fd_sc_hd__clkbuf_16)
     1    0.064178    0.060988    0.167063   10.318305 v clkbuf_1_0__f_clk_i/X (sky130_fd_sc_hd__clkbuf_16)
                                                         clknet_1_0__leaf_clk_i (net)
                      0.092783    0.017563   10.335868 v u_sram/clk0 (sky130_sram_1kbyte_1rw1r_32x256_8)
     1    0.006629    0.004848    0.366534   10.702402 ^ u_sram/dout0[25] (sky130_sram_1kbyte_1rw1r_32x256_8)
                                                         axi_rdata_o[25] (net)
                      0.003636    0.000075   10.702477 ^ axi_rdata_o[25] (out)
                                             10.702477   data arrival time

                                  0.000000    0.000000   clock clk_i (rise edge)
                                  0.000000    0.000000   clock network delay (propagated)
                                  0.250000    0.250000   clock uncertainty
                                  0.000000    0.250000   clock reconvergence pessimism
                                 -2.000000   -1.750000   output external delay
                                             -1.750000   data required time
---------------------------------------------------------------------------------------------
                                             -1.750000   data required time
                                            -10.702477   data arrival time
---------------------------------------------------------------------------------------------
                                             12.452477   slack (MET)


Startpoint: u_sram (falling edge-triggered flip-flop clocked by clk_i)
Endpoint: axi_rdata_o[30] (output port clocked by clk_i)
Path Group: clk_i
Path Type: min

Fanout         Cap        Slew       Delay        Time   Description
---------------------------------------------------------------------------------------------
                                 10.000000   10.000000   clock clk_i (fall edge)
                                  0.000000   10.000000   clock source latency
     2    0.076354    0.000000    0.000000   10.000000 v clk_i (in)
                                                         clk_i (net)
                      0.011363    0.005682   10.005682 v clkbuf_0_clk_i/A (sky130_fd_sc_hd__clkbuf_16)
     2    0.038276    0.045211    0.143977   10.149659 v clkbuf_0_clk_i/X (sky130_fd_sc_hd__clkbuf_16)
                                                         clknet_0_clk_i (net)
                      0.045284    0.001583   10.151242 v clkbuf_1_0__f_clk_i/A (sky130_fd_sc_hd__clkbuf_16)
     1    0.064178    0.060988    0.167063   10.318305 v clkbuf_1_0__f_clk_i/X (sky130_fd_sc_hd__clkbuf_16)
                                                         clknet_1_0__leaf_clk_i (net)
                      0.092783    0.017563   10.335868 v u_sram/clk0 (sky130_sram_1kbyte_1rw1r_32x256_8)
     1    0.006629    0.004848    0.366534   10.702402 ^ u_sram/dout0[30] (sky130_sram_1kbyte_1rw1r_32x256_8)
                                                         axi_rdata_o[30] (net)
                      0.003636    0.000075   10.702477 ^ axi_rdata_o[30] (out)
                                             10.702477   data arrival time

                                  0.000000    0.000000   clock clk_i (rise edge)
                                  0.000000    0.000000   clock network delay (propagated)
                                  0.250000    0.250000   clock uncertainty
                                  0.000000    0.250000   clock reconvergence pessimism
                                 -2.000000   -1.750000   output external delay
                                             -1.750000   data required time
---------------------------------------------------------------------------------------------
                                             -1.750000   data required time
                                            -10.702477   data arrival time
---------------------------------------------------------------------------------------------
                                             12.452477   slack (MET)


Startpoint: u_sram (falling edge-triggered flip-flop clocked by clk_i)
Endpoint: axi_rdata_o[27] (output port clocked by clk_i)
Path Group: clk_i
Path Type: min

Fanout         Cap        Slew       Delay        Time   Description
---------------------------------------------------------------------------------------------
                                 10.000000   10.000000   clock clk_i (fall edge)
                                  0.000000   10.000000   clock source latency
     2    0.076354    0.000000    0.000000   10.000000 v clk_i (in)
                                                         clk_i (net)
                      0.011363    0.005682   10.005682 v clkbuf_0_clk_i/A (sky130_fd_sc_hd__clkbuf_16)
     2    0.038276    0.045211    0.143977   10.149659 v clkbuf_0_clk_i/X (sky130_fd_sc_hd__clkbuf_16)
                                                         clknet_0_clk_i (net)
                      0.045284    0.001583   10.151242 v clkbuf_1_0__f_clk_i/A (sky130_fd_sc_hd__clkbuf_16)
     1    0.064178    0.060988    0.167063   10.318305 v clkbuf_1_0__f_clk_i/X (sky130_fd_sc_hd__clkbuf_16)
                                                         clknet_1_0__leaf_clk_i (net)
                      0.092783    0.017563   10.335868 v u_sram/clk0 (sky130_sram_1kbyte_1rw1r_32x256_8)
     1    0.006632    0.004850    0.366554   10.702421 ^ u_sram/dout0[27] (sky130_sram_1kbyte_1rw1r_32x256_8)
                                                         axi_rdata_o[27] (net)
                      0.003638    0.000075   10.702497 ^ axi_rdata_o[27] (out)
                                             10.702497   data arrival time

                                  0.000000    0.000000   clock clk_i (rise edge)
                                  0.000000    0.000000   clock network delay (propagated)
                                  0.250000    0.250000   clock uncertainty
                                  0.000000    0.250000   clock reconvergence pessimism
                                 -2.000000   -1.750000   output external delay
                                             -1.750000   data required time
---------------------------------------------------------------------------------------------
                                             -1.750000   data required time
                                            -10.702497   data arrival time
---------------------------------------------------------------------------------------------
                                             12.452497   slack (MET)


Startpoint: u_sram (falling edge-triggered flip-flop clocked by clk_i)
Endpoint: axi_rdata_o[28] (output port clocked by clk_i)
Path Group: clk_i
Path Type: min

Fanout         Cap        Slew       Delay        Time   Description
---------------------------------------------------------------------------------------------
                                 10.000000   10.000000   clock clk_i (fall edge)
                                  0.000000   10.000000   clock source latency
     2    0.076354    0.000000    0.000000   10.000000 v clk_i (in)
                                                         clk_i (net)
                      0.011363    0.005682   10.005682 v clkbuf_0_clk_i/A (sky130_fd_sc_hd__clkbuf_16)
     2    0.038276    0.045211    0.143977   10.149659 v clkbuf_0_clk_i/X (sky130_fd_sc_hd__clkbuf_16)
                                                         clknet_0_clk_i (net)
                      0.045284    0.001583   10.151242 v clkbuf_1_0__f_clk_i/A (sky130_fd_sc_hd__clkbuf_16)
     1    0.064178    0.060988    0.167063   10.318305 v clkbuf_1_0__f_clk_i/X (sky130_fd_sc_hd__clkbuf_16)
                                                         clknet_1_0__leaf_clk_i (net)
                      0.092783    0.017563   10.335868 v u_sram/clk0 (sky130_sram_1kbyte_1rw1r_32x256_8)
     1    0.006645    0.004857    0.366622   10.702490 ^ u_sram/dout0[28] (sky130_sram_1kbyte_1rw1r_32x256_8)
                                                         axi_rdata_o[28] (net)
                      0.003643    0.000075   10.702565 ^ axi_rdata_o[28] (out)
                                             10.702565   data arrival time

                                  0.000000    0.000000   clock clk_i (rise edge)
                                  0.000000    0.000000   clock network delay (propagated)
                                  0.250000    0.250000   clock uncertainty
                                  0.000000    0.250000   clock reconvergence pessimism
                                 -2.000000   -1.750000   output external delay
                                             -1.750000   data required time
---------------------------------------------------------------------------------------------
                                             -1.750000   data required time
                                            -10.702565   data arrival time
---------------------------------------------------------------------------------------------
                                             12.452565   slack (MET)


Startpoint: u_sram (falling edge-triggered flip-flop clocked by clk_i)
Endpoint: axi_rdata_o[26] (output port clocked by clk_i)
Path Group: clk_i
Path Type: min

Fanout         Cap        Slew       Delay        Time   Description
---------------------------------------------------------------------------------------------
                                 10.000000   10.000000   clock clk_i (fall edge)
                                  0.000000   10.000000   clock source latency
     2    0.076354    0.000000    0.000000   10.000000 v clk_i (in)
                                                         clk_i (net)
                      0.011363    0.005682   10.005682 v clkbuf_0_clk_i/A (sky130_fd_sc_hd__clkbuf_16)
     2    0.038276    0.045211    0.143977   10.149659 v clkbuf_0_clk_i/X (sky130_fd_sc_hd__clkbuf_16)
                                                         clknet_0_clk_i (net)
                      0.045284    0.001583   10.151242 v clkbuf_1_0__f_clk_i/A (sky130_fd_sc_hd__clkbuf_16)
     1    0.064178    0.060988    0.167063   10.318305 v clkbuf_1_0__f_clk_i/X (sky130_fd_sc_hd__clkbuf_16)
                                                         clknet_1_0__leaf_clk_i (net)
                      0.092783    0.017563   10.335868 v u_sram/clk0 (sky130_sram_1kbyte_1rw1r_32x256_8)
     1    0.006648    0.004860    0.366642   10.702510 ^ u_sram/dout0[26] (sky130_sram_1kbyte_1rw1r_32x256_8)
                                                         axi_rdata_o[26] (net)
                      0.003645    0.000075   10.702585 ^ axi_rdata_o[26] (out)
                                             10.702585   data arrival time

                                  0.000000    0.000000   clock clk_i (rise edge)
                                  0.000000    0.000000   clock network delay (propagated)
                                  0.250000    0.250000   clock uncertainty
                                  0.000000    0.250000   clock reconvergence pessimism
                                 -2.000000   -1.750000   output external delay
                                             -1.750000   data required time
---------------------------------------------------------------------------------------------
                                             -1.750000   data required time
                                            -10.702585   data arrival time
---------------------------------------------------------------------------------------------
                                             12.452585   slack (MET)


Startpoint: u_sram (falling edge-triggered flip-flop clocked by clk_i)
Endpoint: axi_rdata_o[31] (output port clocked by clk_i)
Path Group: clk_i
Path Type: min

Fanout         Cap        Slew       Delay        Time   Description
---------------------------------------------------------------------------------------------
                                 10.000000   10.000000   clock clk_i (fall edge)
                                  0.000000   10.000000   clock source latency
     2    0.076354    0.000000    0.000000   10.000000 v clk_i (in)
                                                         clk_i (net)
                      0.011363    0.005682   10.005682 v clkbuf_0_clk_i/A (sky130_fd_sc_hd__clkbuf_16)
     2    0.038276    0.045211    0.143977   10.149659 v clkbuf_0_clk_i/X (sky130_fd_sc_hd__clkbuf_16)
                                                         clknet_0_clk_i (net)
                      0.045284    0.001583   10.151242 v clkbuf_1_0__f_clk_i/A (sky130_fd_sc_hd__clkbuf_16)
     1    0.064178    0.060988    0.167063   10.318305 v clkbuf_1_0__f_clk_i/X (sky130_fd_sc_hd__clkbuf_16)
                                                         clknet_1_0__leaf_clk_i (net)
                      0.092783    0.017563   10.335868 v u_sram/clk0 (sky130_sram_1kbyte_1rw1r_32x256_8)
     1    0.006648    0.004860    0.366642   10.702510 ^ u_sram/dout0[31] (sky130_sram_1kbyte_1rw1r_32x256_8)
                                                         axi_rdata_o[31] (net)
                      0.003645    0.000075   10.702585 ^ axi_rdata_o[31] (out)
                                             10.702585   data arrival time

                                  0.000000    0.000000   clock clk_i (rise edge)
                                  0.000000    0.000000   clock network delay (propagated)
                                  0.250000    0.250000   clock uncertainty
                                  0.000000    0.250000   clock reconvergence pessimism
                                 -2.000000   -1.750000   output external delay
                                             -1.750000   data required time
---------------------------------------------------------------------------------------------
                                             -1.750000   data required time
                                            -10.702585   data arrival time
---------------------------------------------------------------------------------------------
                                             12.452585   slack (MET)


Startpoint: u_sram (falling edge-triggered flip-flop clocked by clk_i)
Endpoint: axi_rdata_o[29] (output port clocked by clk_i)
Path Group: clk_i
Path Type: min

Fanout         Cap        Slew       Delay        Time   Description
---------------------------------------------------------------------------------------------
                                 10.000000   10.000000   clock clk_i (fall edge)
                                  0.000000   10.000000   clock source latency
     2    0.076354    0.000000    0.000000   10.000000 v clk_i (in)
                                                         clk_i (net)
                      0.011363    0.005682   10.005682 v clkbuf_0_clk_i/A (sky130_fd_sc_hd__clkbuf_16)
     2    0.038276    0.045211    0.143977   10.149659 v clkbuf_0_clk_i/X (sky130_fd_sc_hd__clkbuf_16)
                                                         clknet_0_clk_i (net)
                      0.045284    0.001583   10.151242 v clkbuf_1_0__f_clk_i/A (sky130_fd_sc_hd__clkbuf_16)
     1    0.064178    0.060988    0.167063   10.318305 v clkbuf_1_0__f_clk_i/X (sky130_fd_sc_hd__clkbuf_16)
                                                         clknet_1_0__leaf_clk_i (net)
                      0.092783    0.017563   10.335868 v u_sram/clk0 (sky130_sram_1kbyte_1rw1r_32x256_8)
     1    0.006675    0.004875    0.366793   10.702661 ^ u_sram/dout0[29] (sky130_sram_1kbyte_1rw1r_32x256_8)
                                                         axi_rdata_o[29] (net)
                      0.003656    0.000076   10.702737 ^ axi_rdata_o[29] (out)
                                             10.702737   data arrival time

                                  0.000000    0.000000   clock clk_i (rise edge)
                                  0.000000    0.000000   clock network delay (propagated)
                                  0.250000    0.250000   clock uncertainty
                                  0.000000    0.250000   clock reconvergence pessimism
                                 -2.000000   -1.750000   output external delay
                                             -1.750000   data required time
---------------------------------------------------------------------------------------------
                                             -1.750000   data required time
                                            -10.702737   data arrival time
---------------------------------------------------------------------------------------------
                                             12.452737   slack (MET)


Startpoint: u_sram (falling edge-triggered flip-flop clocked by clk_i)
Endpoint: axi_rdata_o[21] (output port clocked by clk_i)
Path Group: clk_i
Path Type: min

Fanout         Cap        Slew       Delay        Time   Description
---------------------------------------------------------------------------------------------
                                 10.000000   10.000000   clock clk_i (fall edge)
                                  0.000000   10.000000   clock source latency
     2    0.076354    0.000000    0.000000   10.000000 v clk_i (in)
                                                         clk_i (net)
                      0.011363    0.005682   10.005682 v clkbuf_0_clk_i/A (sky130_fd_sc_hd__clkbuf_16)
     2    0.038276    0.045211    0.143977   10.149659 v clkbuf_0_clk_i/X (sky130_fd_sc_hd__clkbuf_16)
                                                         clknet_0_clk_i (net)
                      0.045284    0.001583   10.151242 v clkbuf_1_0__f_clk_i/A (sky130_fd_sc_hd__clkbuf_16)
     1    0.064178    0.060988    0.167063   10.318305 v clkbuf_1_0__f_clk_i/X (sky130_fd_sc_hd__clkbuf_16)
                                                         clknet_1_0__leaf_clk_i (net)
                      0.092783    0.017563   10.335868 v u_sram/clk0 (sky130_sram_1kbyte_1rw1r_32x256_8)
     1    0.006736    0.004911    0.367136   10.703003 ^ u_sram/dout0[21] (sky130_sram_1kbyte_1rw1r_32x256_8)
                                                         axi_rdata_o[21] (net)
                      0.003683    0.000077   10.703080 ^ axi_rdata_o[21] (out)
                                             10.703080   data arrival time

                                  0.000000    0.000000   clock clk_i (rise edge)
                                  0.000000    0.000000   clock network delay (propagated)
                                  0.250000    0.250000   clock uncertainty
                                  0.000000    0.250000   clock reconvergence pessimism
                                 -2.000000   -1.750000   output external delay
                                             -1.750000   data required time
---------------------------------------------------------------------------------------------
                                             -1.750000   data required time
                                            -10.703080   data arrival time
---------------------------------------------------------------------------------------------
                                             12.453081   slack (MET)


Startpoint: u_sram (falling edge-triggered flip-flop clocked by clk_i)
Endpoint: axi_rdata_o[9] (output port clocked by clk_i)
Path Group: clk_i
Path Type: min

Fanout         Cap        Slew       Delay        Time   Description
---------------------------------------------------------------------------------------------
                                 10.000000   10.000000   clock clk_i (fall edge)
                                  0.000000   10.000000   clock source latency
     2    0.076354    0.000000    0.000000   10.000000 v clk_i (in)
                                                         clk_i (net)
                      0.011363    0.005682   10.005682 v clkbuf_0_clk_i/A (sky130_fd_sc_hd__clkbuf_16)
     2    0.038276    0.045211    0.143977   10.149659 v clkbuf_0_clk_i/X (sky130_fd_sc_hd__clkbuf_16)
                                                         clknet_0_clk_i (net)
                      0.045284    0.001583   10.151242 v clkbuf_1_0__f_clk_i/A (sky130_fd_sc_hd__clkbuf_16)
     1    0.064178    0.060988    0.167063   10.318305 v clkbuf_1_0__f_clk_i/X (sky130_fd_sc_hd__clkbuf_16)
                                                         clknet_1_0__leaf_clk_i (net)
                      0.092783    0.017563   10.335868 v u_sram/clk0 (sky130_sram_1kbyte_1rw1r_32x256_8)
     1    0.006796    0.004946    0.367475   10.703342 ^ u_sram/dout0[9] (sky130_sram_1kbyte_1rw1r_32x256_8)
                                                         axi_rdata_o[9] (net)
                      0.003709    0.000078   10.703421 ^ axi_rdata_o[9] (out)
                                             10.703421   data arrival time

                                  0.000000    0.000000   clock clk_i (rise edge)
                                  0.000000    0.000000   clock network delay (propagated)
                                  0.250000    0.250000   clock uncertainty
                                  0.000000    0.250000   clock reconvergence pessimism
                                 -2.000000   -1.750000   output external delay
                                             -1.750000   data required time
---------------------------------------------------------------------------------------------
                                             -1.750000   data required time
                                            -10.703421   data arrival time
---------------------------------------------------------------------------------------------
                                             12.453421   slack (MET)


Startpoint: u_sram (falling edge-triggered flip-flop clocked by clk_i)
Endpoint: axi_rdata_o[13] (output port clocked by clk_i)
Path Group: clk_i
Path Type: min

Fanout         Cap        Slew       Delay        Time   Description
---------------------------------------------------------------------------------------------
                                 10.000000   10.000000   clock clk_i (fall edge)
                                  0.000000   10.000000   clock source latency
     2    0.076354    0.000000    0.000000   10.000000 v clk_i (in)
                                                         clk_i (net)
                      0.011363    0.005682   10.005682 v clkbuf_0_clk_i/A (sky130_fd_sc_hd__clkbuf_16)
     2    0.038276    0.045211    0.143977   10.149659 v clkbuf_0_clk_i/X (sky130_fd_sc_hd__clkbuf_16)
                                                         clknet_0_clk_i (net)
                      0.045284    0.001583   10.151242 v clkbuf_1_0__f_clk_i/A (sky130_fd_sc_hd__clkbuf_16)
     1    0.064178    0.060988    0.167063   10.318305 v clkbuf_1_0__f_clk_i/X (sky130_fd_sc_hd__clkbuf_16)
                                                         clknet_1_0__leaf_clk_i (net)
                      0.092783    0.017563   10.335868 v u_sram/clk0 (sky130_sram_1kbyte_1rw1r_32x256_8)
     1    0.008026    0.005605    0.374377   10.710244 ^ u_sram/dout0[13] (sky130_sram_1kbyte_1rw1r_32x256_8)
                                                         axi_rdata_o[13] (net)
                      0.004204    0.000107   10.710352 ^ axi_rdata_o[13] (out)
                                             10.710352   data arrival time

                                  0.000000    0.000000   clock clk_i (rise edge)
                                  0.000000    0.000000   clock network delay (propagated)
                                  0.250000    0.250000   clock uncertainty
                                  0.000000    0.250000   clock reconvergence pessimism
                                 -2.000000   -1.750000   output external delay
                                             -1.750000   data required time
---------------------------------------------------------------------------------------------
                                             -1.750000   data required time
                                            -10.710352   data arrival time
---------------------------------------------------------------------------------------------
                                             12.460352   slack (MET)


Startpoint: u_sram (falling edge-triggered flip-flop clocked by clk_i)
Endpoint: axi_rdata_o[22] (output port clocked by clk_i)
Path Group: clk_i
Path Type: min

Fanout         Cap        Slew       Delay        Time   Description
---------------------------------------------------------------------------------------------
                                 10.000000   10.000000   clock clk_i (fall edge)
                                  0.000000   10.000000   clock source latency
     2    0.076354    0.000000    0.000000   10.000000 v clk_i (in)
                                                         clk_i (net)
                      0.011363    0.005682   10.005682 v clkbuf_0_clk_i/A (sky130_fd_sc_hd__clkbuf_16)
     2    0.038276    0.045211    0.143977   10.149659 v clkbuf_0_clk_i/X (sky130_fd_sc_hd__clkbuf_16)
                                                         clknet_0_clk_i (net)
                      0.045284    0.001583   10.151242 v clkbuf_1_0__f_clk_i/A (sky130_fd_sc_hd__clkbuf_16)
     1    0.064178    0.060988    0.167063   10.318305 v clkbuf_1_0__f_clk_i/X (sky130_fd_sc_hd__clkbuf_16)
                                                         clknet_1_0__leaf_clk_i (net)
                      0.092783    0.017563   10.335868 v u_sram/clk0 (sky130_sram_1kbyte_1rw1r_32x256_8)
     1    0.008033    0.005608    0.374417   10.710284 ^ u_sram/dout0[22] (sky130_sram_1kbyte_1rw1r_32x256_8)
                                                         axi_rdata_o[22] (net)
                      0.004206    0.000108   10.710393 ^ axi_rdata_o[22] (out)
                                             10.710393   data arrival time

                                  0.000000    0.000000   clock clk_i (rise edge)
                                  0.000000    0.000000   clock network delay (propagated)
                                  0.250000    0.250000   clock uncertainty
                                  0.000000    0.250000   clock reconvergence pessimism
                                 -2.000000   -1.750000   output external delay
                                             -1.750000   data required time
---------------------------------------------------------------------------------------------
                                             -1.750000   data required time
                                            -10.710393   data arrival time
---------------------------------------------------------------------------------------------
                                             12.460393   slack (MET)


Startpoint: u_sram (falling edge-triggered flip-flop clocked by clk_i)
Endpoint: axi_rdata_o[12] (output port clocked by clk_i)
Path Group: clk_i
Path Type: min

Fanout         Cap        Slew       Delay        Time   Description
---------------------------------------------------------------------------------------------
                                 10.000000   10.000000   clock clk_i (fall edge)
                                  0.000000   10.000000   clock source latency
     2    0.076354    0.000000    0.000000   10.000000 v clk_i (in)
                                                         clk_i (net)
                      0.011363    0.005682   10.005682 v clkbuf_0_clk_i/A (sky130_fd_sc_hd__clkbuf_16)
     2    0.038276    0.045211    0.143977   10.149659 v clkbuf_0_clk_i/X (sky130_fd_sc_hd__clkbuf_16)
                                                         clknet_0_clk_i (net)
                      0.045284    0.001583   10.151242 v clkbuf_1_0__f_clk_i/A (sky130_fd_sc_hd__clkbuf_16)
     1    0.064178    0.060988    0.167063   10.318305 v clkbuf_1_0__f_clk_i/X (sky130_fd_sc_hd__clkbuf_16)
                                                         clknet_1_0__leaf_clk_i (net)
                      0.092783    0.017563   10.335868 v u_sram/clk0 (sky130_sram_1kbyte_1rw1r_32x256_8)
     1    0.008082    0.005634    0.374688   10.710555 ^ u_sram/dout0[12] (sky130_sram_1kbyte_1rw1r_32x256_8)
                                                         axi_rdata_o[12] (net)
                      0.004226    0.000108   10.710664 ^ axi_rdata_o[12] (out)
                                             10.710664   data arrival time

                                  0.000000    0.000000   clock clk_i (rise edge)
                                  0.000000    0.000000   clock network delay (propagated)
                                  0.250000    0.250000   clock uncertainty
                                  0.000000    0.250000   clock reconvergence pessimism
                                 -2.000000   -1.750000   output external delay
                                             -1.750000   data required time
---------------------------------------------------------------------------------------------
                                             -1.750000   data required time
                                            -10.710664   data arrival time
---------------------------------------------------------------------------------------------
                                             12.460664   slack (MET)


Startpoint: u_sram (falling edge-triggered flip-flop clocked by clk_i)
Endpoint: axi_rdata_o[11] (output port clocked by clk_i)
Path Group: clk_i
Path Type: min

Fanout         Cap        Slew       Delay        Time   Description
---------------------------------------------------------------------------------------------
                                 10.000000   10.000000   clock clk_i (fall edge)
                                  0.000000   10.000000   clock source latency
     2    0.076354    0.000000    0.000000   10.000000 v clk_i (in)
                                                         clk_i (net)
                      0.011363    0.005682   10.005682 v clkbuf_0_clk_i/A (sky130_fd_sc_hd__clkbuf_16)
     2    0.038276    0.045211    0.143977   10.149659 v clkbuf_0_clk_i/X (sky130_fd_sc_hd__clkbuf_16)
                                                         clknet_0_clk_i (net)
                      0.045284    0.001583   10.151242 v clkbuf_1_0__f_clk_i/A (sky130_fd_sc_hd__clkbuf_16)
     1    0.064178    0.060988    0.167063   10.318305 v clkbuf_1_0__f_clk_i/X (sky130_fd_sc_hd__clkbuf_16)
                                                         clknet_1_0__leaf_clk_i (net)
                      0.092783    0.017563   10.335868 v u_sram/clk0 (sky130_sram_1kbyte_1rw1r_32x256_8)
     1    0.008092    0.005640    0.374748   10.710616 ^ u_sram/dout0[11] (sky130_sram_1kbyte_1rw1r_32x256_8)
                                                         axi_rdata_o[11] (net)
                      0.004230    0.000110   10.710726 ^ axi_rdata_o[11] (out)
                                             10.710726   data arrival time

                                  0.000000    0.000000   clock clk_i (rise edge)
                                  0.000000    0.000000   clock network delay (propagated)
                                  0.250000    0.250000   clock uncertainty
                                  0.000000    0.250000   clock reconvergence pessimism
                                 -2.000000   -1.750000   output external delay
                                             -1.750000   data required time
---------------------------------------------------------------------------------------------
                                             -1.750000   data required time
                                            -10.710726   data arrival time
---------------------------------------------------------------------------------------------
                                             12.460726   slack (MET)


Startpoint: u_sram (falling edge-triggered flip-flop clocked by clk_i)
Endpoint: axi_rdata_o[19] (output port clocked by clk_i)
Path Group: clk_i
Path Type: min

Fanout         Cap        Slew       Delay        Time   Description
---------------------------------------------------------------------------------------------
                                 10.000000   10.000000   clock clk_i (fall edge)
                                  0.000000   10.000000   clock source latency
     2    0.076354    0.000000    0.000000   10.000000 v clk_i (in)
                                                         clk_i (net)
                      0.011363    0.005682   10.005682 v clkbuf_0_clk_i/A (sky130_fd_sc_hd__clkbuf_16)
     2    0.038276    0.045211    0.143977   10.149659 v clkbuf_0_clk_i/X (sky130_fd_sc_hd__clkbuf_16)
                                                         clknet_0_clk_i (net)
                      0.045284    0.001583   10.151242 v clkbuf_1_0__f_clk_i/A (sky130_fd_sc_hd__clkbuf_16)
     1    0.064178    0.060988    0.167063   10.318305 v clkbuf_1_0__f_clk_i/X (sky130_fd_sc_hd__clkbuf_16)
                                                         clknet_1_0__leaf_clk_i (net)
                      0.092783    0.017563   10.335868 v u_sram/clk0 (sky130_sram_1kbyte_1rw1r_32x256_8)
     1    0.008089    0.005638    0.374730   10.710598 ^ u_sram/dout0[19] (sky130_sram_1kbyte_1rw1r_32x256_8)
                                                         axi_rdata_o[19] (net)
                      0.004229    0.000116   10.710714 ^ axi_rdata_o[19] (out)
                                             10.710714   data arrival time

                                  0.000000    0.000000   clock clk_i (rise edge)
                                  0.000000    0.000000   clock network delay (propagated)
                                  0.250000    0.250000   clock uncertainty
                                  0.000000    0.250000   clock reconvergence pessimism
                                 -2.000000   -1.750000   output external delay
                                             -1.750000   data required time
---------------------------------------------------------------------------------------------
                                             -1.750000   data required time
                                            -10.710714   data arrival time
---------------------------------------------------------------------------------------------
                                             12.460714   slack (MET)


Startpoint: u_sram (falling edge-triggered flip-flop clocked by clk_i)
Endpoint: axi_rdata_o[15] (output port clocked by clk_i)
Path Group: clk_i
Path Type: min

Fanout         Cap        Slew       Delay        Time   Description
---------------------------------------------------------------------------------------------
                                 10.000000   10.000000   clock clk_i (fall edge)
                                  0.000000   10.000000   clock source latency
     2    0.076354    0.000000    0.000000   10.000000 v clk_i (in)
                                                         clk_i (net)
                      0.011363    0.005682   10.005682 v clkbuf_0_clk_i/A (sky130_fd_sc_hd__clkbuf_16)
     2    0.038276    0.045211    0.143977   10.149659 v clkbuf_0_clk_i/X (sky130_fd_sc_hd__clkbuf_16)
                                                         clknet_0_clk_i (net)
                      0.045284    0.001583   10.151242 v clkbuf_1_0__f_clk_i/A (sky130_fd_sc_hd__clkbuf_16)
     1    0.064178    0.060988    0.167063   10.318305 v clkbuf_1_0__f_clk_i/X (sky130_fd_sc_hd__clkbuf_16)
                                                         clknet_1_0__leaf_clk_i (net)
                      0.092783    0.017563   10.335868 v u_sram/clk0 (sky130_sram_1kbyte_1rw1r_32x256_8)
     1    0.008107    0.005648    0.374829   10.710696 ^ u_sram/dout0[15] (sky130_sram_1kbyte_1rw1r_32x256_8)
                                                         axi_rdata_o[15] (net)
                      0.004236    0.000110   10.710807 ^ axi_rdata_o[15] (out)
                                             10.710807   data arrival time

                                  0.000000    0.000000   clock clk_i (rise edge)
                                  0.000000    0.000000   clock network delay (propagated)
                                  0.250000    0.250000   clock uncertainty
                                  0.000000    0.250000   clock reconvergence pessimism
                                 -2.000000   -1.750000   output external delay
                                             -1.750000   data required time
---------------------------------------------------------------------------------------------
                                             -1.750000   data required time
                                            -10.710807   data arrival time
---------------------------------------------------------------------------------------------
                                             12.460807   slack (MET)


Startpoint: u_sram (falling edge-triggered flip-flop clocked by clk_i)
Endpoint: axi_rdata_o[23] (output port clocked by clk_i)
Path Group: clk_i
Path Type: min

Fanout         Cap        Slew       Delay        Time   Description
---------------------------------------------------------------------------------------------
                                 10.000000   10.000000   clock clk_i (fall edge)
                                  0.000000   10.000000   clock source latency
     2    0.076354    0.000000    0.000000   10.000000 v clk_i (in)
                                                         clk_i (net)
                      0.011363    0.005682   10.005682 v clkbuf_0_clk_i/A (sky130_fd_sc_hd__clkbuf_16)
     2    0.038276    0.045211    0.143977   10.149659 v clkbuf_0_clk_i/X (sky130_fd_sc_hd__clkbuf_16)
                                                         clknet_0_clk_i (net)
                      0.045284    0.001583   10.151242 v clkbuf_1_0__f_clk_i/A (sky130_fd_sc_hd__clkbuf_16)
     1    0.064178    0.060988    0.167063   10.318305 v clkbuf_1_0__f_clk_i/X (sky130_fd_sc_hd__clkbuf_16)
                                                         clknet_1_0__leaf_clk_i (net)
                      0.092783    0.017563   10.335868 v u_sram/clk0 (sky130_sram_1kbyte_1rw1r_32x256_8)
     1    0.008269    0.005734    0.375738   10.711605 ^ u_sram/dout0[23] (sky130_sram_1kbyte_1rw1r_32x256_8)
                                                         axi_rdata_o[23] (net)
                      0.004300    0.000130   10.711735 ^ axi_rdata_o[23] (out)
                                             10.711735   data arrival time

                                  0.000000    0.000000   clock clk_i (rise edge)
                                  0.000000    0.000000   clock network delay (propagated)
                                  0.250000    0.250000   clock uncertainty
                                  0.000000    0.250000   clock reconvergence pessimism
                                 -2.000000   -1.750000   output external delay
                                             -1.750000   data required time
---------------------------------------------------------------------------------------------
                                             -1.750000   data required time
                                            -10.711735   data arrival time
---------------------------------------------------------------------------------------------
                                             12.461735   slack (MET)


Startpoint: u_sram (falling edge-triggered flip-flop clocked by clk_i)
Endpoint: axi_rdata_o[16] (output port clocked by clk_i)
Path Group: clk_i
Path Type: min

Fanout         Cap        Slew       Delay        Time   Description
---------------------------------------------------------------------------------------------
                                 10.000000   10.000000   clock clk_i (fall edge)
                                  0.000000   10.000000   clock source latency
     2    0.076354    0.000000    0.000000   10.000000 v clk_i (in)
                                                         clk_i (net)
                      0.011363    0.005682   10.005682 v clkbuf_0_clk_i/A (sky130_fd_sc_hd__clkbuf_16)
     2    0.038276    0.045211    0.143977   10.149659 v clkbuf_0_clk_i/X (sky130_fd_sc_hd__clkbuf_16)
                                                         clknet_0_clk_i (net)
                      0.045284    0.001583   10.151242 v clkbuf_1_0__f_clk_i/A (sky130_fd_sc_hd__clkbuf_16)
     1    0.064178    0.060988    0.167063   10.318305 v clkbuf_1_0__f_clk_i/X (sky130_fd_sc_hd__clkbuf_16)
                                                         clknet_1_0__leaf_clk_i (net)
                      0.092783    0.017563   10.335868 v u_sram/clk0 (sky130_sram_1kbyte_1rw1r_32x256_8)
     1    0.008566    0.005892    0.377405   10.713272 ^ u_sram/dout0[16] (sky130_sram_1kbyte_1rw1r_32x256_8)
                                                         axi_rdata_o[16] (net)
                      0.004419    0.000120   10.713392 ^ axi_rdata_o[16] (out)
                                             10.713392   data arrival time

                                  0.000000    0.000000   clock clk_i (rise edge)
                                  0.000000    0.000000   clock network delay (propagated)
                                  0.250000    0.250000   clock uncertainty
                                  0.000000    0.250000   clock reconvergence pessimism
                                 -2.000000   -1.750000   output external delay
                                             -1.750000   data required time
---------------------------------------------------------------------------------------------
                                             -1.750000   data required time
                                            -10.713392   data arrival time
---------------------------------------------------------------------------------------------
                                             12.463392   slack (MET)


Startpoint: u_sram (falling edge-triggered flip-flop clocked by clk_i)
Endpoint: axi_rdata_o[1] (output port clocked by clk_i)
Path Group: clk_i
Path Type: min

Fanout         Cap        Slew       Delay        Time   Description
---------------------------------------------------------------------------------------------
                                 10.000000   10.000000   clock clk_i (fall edge)
                                  0.000000   10.000000   clock source latency
     2    0.076354    0.000000    0.000000   10.000000 v clk_i (in)
                                                         clk_i (net)
                      0.011363    0.005682   10.005682 v clkbuf_0_clk_i/A (sky130_fd_sc_hd__clkbuf_16)
     2    0.038276    0.045211    0.143977   10.149659 v clkbuf_0_clk_i/X (sky130_fd_sc_hd__clkbuf_16)
                                                         clknet_0_clk_i (net)
                      0.045284    0.001583   10.151242 v clkbuf_1_0__f_clk_i/A (sky130_fd_sc_hd__clkbuf_16)
     1    0.064178    0.060988    0.167063   10.318305 v clkbuf_1_0__f_clk_i/X (sky130_fd_sc_hd__clkbuf_16)
                                                         clknet_1_0__leaf_clk_i (net)
                      0.092783    0.017563   10.335868 v u_sram/clk0 (sky130_sram_1kbyte_1rw1r_32x256_8)
     1    0.008576    0.005897    0.377461   10.713328 ^ u_sram/dout0[1] (sky130_sram_1kbyte_1rw1r_32x256_8)
                                                         axi_rdata_o[1] (net)
                      0.004423    0.000121   10.713449 ^ axi_rdata_o[1] (out)
                                             10.713449   data arrival time

                                  0.000000    0.000000   clock clk_i (rise edge)
                                  0.000000    0.000000   clock network delay (propagated)
                                  0.250000    0.250000   clock uncertainty
                                  0.000000    0.250000   clock reconvergence pessimism
                                 -2.000000   -1.750000   output external delay
                                             -1.750000   data required time
---------------------------------------------------------------------------------------------
                                             -1.750000   data required time
                                            -10.713449   data arrival time
---------------------------------------------------------------------------------------------
                                             12.463449   slack (MET)


Startpoint: u_sram (falling edge-triggered flip-flop clocked by clk_i)
Endpoint: axi_rdata_o[2] (output port clocked by clk_i)
Path Group: clk_i
Path Type: min

Fanout         Cap        Slew       Delay        Time   Description
---------------------------------------------------------------------------------------------
                                 10.000000   10.000000   clock clk_i (fall edge)
                                  0.000000   10.000000   clock source latency
     2    0.076354    0.000000    0.000000   10.000000 v clk_i (in)
                                                         clk_i (net)
                      0.011363    0.005682   10.005682 v clkbuf_0_clk_i/A (sky130_fd_sc_hd__clkbuf_16)
     2    0.038276    0.045211    0.143977   10.149659 v clkbuf_0_clk_i/X (sky130_fd_sc_hd__clkbuf_16)
                                                         clknet_0_clk_i (net)
                      0.045284    0.001583   10.151242 v clkbuf_1_0__f_clk_i/A (sky130_fd_sc_hd__clkbuf_16)
     1    0.064178    0.060988    0.167063   10.318305 v clkbuf_1_0__f_clk_i/X (sky130_fd_sc_hd__clkbuf_16)
                                                         clknet_1_0__leaf_clk_i (net)
                      0.092783    0.017563   10.335868 v u_sram/clk0 (sky130_sram_1kbyte_1rw1r_32x256_8)
     1    0.008589    0.005904    0.377537   10.713405 ^ u_sram/dout0[2] (sky130_sram_1kbyte_1rw1r_32x256_8)
                                                         axi_rdata_o[2] (net)
                      0.004428    0.000122   10.713527 ^ axi_rdata_o[2] (out)
                                             10.713527   data arrival time

                                  0.000000    0.000000   clock clk_i (rise edge)
                                  0.000000    0.000000   clock network delay (propagated)
                                  0.250000    0.250000   clock uncertainty
                                  0.000000    0.250000   clock reconvergence pessimism
                                 -2.000000   -1.750000   output external delay
                                             -1.750000   data required time
---------------------------------------------------------------------------------------------
                                             -1.750000   data required time
                                            -10.713527   data arrival time
---------------------------------------------------------------------------------------------
                                             12.463527   slack (MET)


Startpoint: u_sram (falling edge-triggered flip-flop clocked by clk_i)
Endpoint: axi_rdata_o[14] (output port clocked by clk_i)
Path Group: clk_i
Path Type: min

Fanout         Cap        Slew       Delay        Time   Description
---------------------------------------------------------------------------------------------
                                 10.000000   10.000000   clock clk_i (fall edge)
                                  0.000000   10.000000   clock source latency
     2    0.076354    0.000000    0.000000   10.000000 v clk_i (in)
                                                         clk_i (net)
                      0.011363    0.005682   10.005682 v clkbuf_0_clk_i/A (sky130_fd_sc_hd__clkbuf_16)
     2    0.038276    0.045211    0.143977   10.149659 v clkbuf_0_clk_i/X (sky130_fd_sc_hd__clkbuf_16)
                                                         clknet_0_clk_i (net)
                      0.045284    0.001583   10.151242 v clkbuf_1_0__f_clk_i/A (sky130_fd_sc_hd__clkbuf_16)
     1    0.064178    0.060988    0.167063   10.318305 v clkbuf_1_0__f_clk_i/X (sky130_fd_sc_hd__clkbuf_16)
                                                         clknet_1_0__leaf_clk_i (net)
                      0.092783    0.017563   10.335868 v u_sram/clk0 (sky130_sram_1kbyte_1rw1r_32x256_8)
     1    0.008607    0.005914    0.377635   10.713502 ^ u_sram/dout0[14] (sky130_sram_1kbyte_1rw1r_32x256_8)
                                                         axi_rdata_o[14] (net)
                      0.004435    0.000122   10.713624 ^ axi_rdata_o[14] (out)
                                             10.713624   data arrival time

                                  0.000000    0.000000   clock clk_i (rise edge)
                                  0.000000    0.000000   clock network delay (propagated)
                                  0.250000    0.250000   clock uncertainty
                                  0.000000    0.250000   clock reconvergence pessimism
                                 -2.000000   -1.750000   output external delay
                                             -1.750000   data required time
---------------------------------------------------------------------------------------------
                                             -1.750000   data required time
                                            -10.713624   data arrival time
---------------------------------------------------------------------------------------------
                                             12.463624   slack (MET)


Startpoint: u_sram (falling edge-triggered flip-flop clocked by clk_i)
Endpoint: axi_rdata_o[0] (output port clocked by clk_i)
Path Group: clk_i
Path Type: min

Fanout         Cap        Slew       Delay        Time   Description
---------------------------------------------------------------------------------------------
                                 10.000000   10.000000   clock clk_i (fall edge)
                                  0.000000   10.000000   clock source latency
     2    0.076354    0.000000    0.000000   10.000000 v clk_i (in)
                                                         clk_i (net)
                      0.011363    0.005682   10.005682 v clkbuf_0_clk_i/A (sky130_fd_sc_hd__clkbuf_16)
     2    0.038276    0.045211    0.143977   10.149659 v clkbuf_0_clk_i/X (sky130_fd_sc_hd__clkbuf_16)
                                                         clknet_0_clk_i (net)
                      0.045284    0.001583   10.151242 v clkbuf_1_0__f_clk_i/A (sky130_fd_sc_hd__clkbuf_16)
     1    0.064178    0.060988    0.167063   10.318305 v clkbuf_1_0__f_clk_i/X (sky130_fd_sc_hd__clkbuf_16)
                                                         clknet_1_0__leaf_clk_i (net)
                      0.092783    0.017563   10.335868 v u_sram/clk0 (sky130_sram_1kbyte_1rw1r_32x256_8)
     1    0.008614    0.005917    0.377674   10.713541 ^ u_sram/dout0[0] (sky130_sram_1kbyte_1rw1r_32x256_8)
                                                         axi_rdata_o[0] (net)
                      0.004438    0.000122   10.713663 ^ axi_rdata_o[0] (out)
                                             10.713663   data arrival time

                                  0.000000    0.000000   clock clk_i (rise edge)
                                  0.000000    0.000000   clock network delay (propagated)
                                  0.250000    0.250000   clock uncertainty
                                  0.000000    0.250000   clock reconvergence pessimism
                                 -2.000000   -1.750000   output external delay
                                             -1.750000   data required time
---------------------------------------------------------------------------------------------
                                             -1.750000   data required time
                                            -10.713663   data arrival time
---------------------------------------------------------------------------------------------
                                             12.463663   slack (MET)


Startpoint: u_sram (falling edge-triggered flip-flop clocked by clk_i)
Endpoint: axi_rdata_o[7] (output port clocked by clk_i)
Path Group: clk_i
Path Type: min

Fanout         Cap        Slew       Delay        Time   Description
---------------------------------------------------------------------------------------------
                                 10.000000   10.000000   clock clk_i (fall edge)
                                  0.000000   10.000000   clock source latency
     2    0.076354    0.000000    0.000000   10.000000 v clk_i (in)
                                                         clk_i (net)
                      0.011363    0.005682   10.005682 v clkbuf_0_clk_i/A (sky130_fd_sc_hd__clkbuf_16)
     2    0.038276    0.045211    0.143977   10.149659 v clkbuf_0_clk_i/X (sky130_fd_sc_hd__clkbuf_16)
                                                         clknet_0_clk_i (net)
                      0.045284    0.001583   10.151242 v clkbuf_1_0__f_clk_i/A (sky130_fd_sc_hd__clkbuf_16)
     1    0.064178    0.060988    0.167063   10.318305 v clkbuf_1_0__f_clk_i/X (sky130_fd_sc_hd__clkbuf_16)
                                                         clknet_1_0__leaf_clk_i (net)
                      0.092783    0.017563   10.335868 v u_sram/clk0 (sky130_sram_1kbyte_1rw1r_32x256_8)
     1    0.008846    0.006041    0.378977   10.714845 ^ u_sram/dout0[7] (sky130_sram_1kbyte_1rw1r_32x256_8)
                                                         axi_rdata_o[7] (net)
                      0.004531    0.000129   10.714973 ^ axi_rdata_o[7] (out)
                                             10.714973   data arrival time

                                  0.000000    0.000000   clock clk_i (rise edge)
                                  0.000000    0.000000   clock network delay (propagated)
                                  0.250000    0.250000   clock uncertainty
                                  0.000000    0.250000   clock reconvergence pessimism
                                 -2.000000   -1.750000   output external delay
                                             -1.750000   data required time
---------------------------------------------------------------------------------------------
                                             -1.750000   data required time
                                            -10.714973   data arrival time
---------------------------------------------------------------------------------------------
                                             12.464973   slack (MET)


Startpoint: u_sram (falling edge-triggered flip-flop clocked by clk_i)
Endpoint: axi_rdata_o[24] (output port clocked by clk_i)
Path Group: clk_i
Path Type: min

Fanout         Cap        Slew       Delay        Time   Description
---------------------------------------------------------------------------------------------
                                 10.000000   10.000000   clock clk_i (fall edge)
                                  0.000000   10.000000   clock source latency
     2    0.076354    0.000000    0.000000   10.000000 v clk_i (in)
                                                         clk_i (net)
                      0.011363    0.005682   10.005682 v clkbuf_0_clk_i/A (sky130_fd_sc_hd__clkbuf_16)
     2    0.038276    0.045211    0.143977   10.149659 v clkbuf_0_clk_i/X (sky130_fd_sc_hd__clkbuf_16)
                                                         clknet_0_clk_i (net)
                      0.045284    0.001583   10.151242 v clkbuf_1_0__f_clk_i/A (sky130_fd_sc_hd__clkbuf_16)
     1    0.064178    0.060988    0.167063   10.318305 v clkbuf_1_0__f_clk_i/X (sky130_fd_sc_hd__clkbuf_16)
                                                         clknet_1_0__leaf_clk_i (net)
                      0.092783    0.017563   10.335868 v u_sram/clk0 (sky130_sram_1kbyte_1rw1r_32x256_8)
     1    0.008850    0.006043    0.378998   10.714866 ^ u_sram/dout0[24] (sky130_sram_1kbyte_1rw1r_32x256_8)
                                                         axi_rdata_o[24] (net)
                      0.004532    0.000141   10.715007 ^ axi_rdata_o[24] (out)
                                             10.715007   data arrival time

                                  0.000000    0.000000   clock clk_i (rise edge)
                                  0.000000    0.000000   clock network delay (propagated)
                                  0.250000    0.250000   clock uncertainty
                                  0.000000    0.250000   clock reconvergence pessimism
                                 -2.000000   -1.750000   output external delay
                                             -1.750000   data required time
---------------------------------------------------------------------------------------------
                                             -1.750000   data required time
                                            -10.715007   data arrival time
---------------------------------------------------------------------------------------------
                                             12.465007   slack (MET)


Startpoint: u_sram (falling edge-triggered flip-flop clocked by clk_i)
Endpoint: axi_rdata_o[5] (output port clocked by clk_i)
Path Group: clk_i
Path Type: min

Fanout         Cap        Slew       Delay        Time   Description
---------------------------------------------------------------------------------------------
                                 10.000000   10.000000   clock clk_i (fall edge)
                                  0.000000   10.000000   clock source latency
     2    0.076354    0.000000    0.000000   10.000000 v clk_i (in)
                                                         clk_i (net)
                      0.011363    0.005682   10.005682 v clkbuf_0_clk_i/A (sky130_fd_sc_hd__clkbuf_16)
     2    0.038276    0.045211    0.143977   10.149659 v clkbuf_0_clk_i/X (sky130_fd_sc_hd__clkbuf_16)
                                                         clknet_0_clk_i (net)
                      0.045284    0.001583   10.151242 v clkbuf_1_0__f_clk_i/A (sky130_fd_sc_hd__clkbuf_16)
     1    0.064178    0.060988    0.167063   10.318305 v clkbuf_1_0__f_clk_i/X (sky130_fd_sc_hd__clkbuf_16)
                                                         clknet_1_0__leaf_clk_i (net)
                      0.092783    0.017563   10.335868 v u_sram/clk0 (sky130_sram_1kbyte_1rw1r_32x256_8)
     1    0.008902    0.006071    0.379291   10.715158 ^ u_sram/dout0[5] (sky130_sram_1kbyte_1rw1r_32x256_8)
                                                         axi_rdata_o[5] (net)
                      0.004553    0.000129   10.715287 ^ axi_rdata_o[5] (out)
                                             10.715287   data arrival time

                                  0.000000    0.000000   clock clk_i (rise edge)
                                  0.000000    0.000000   clock network delay (propagated)
                                  0.250000    0.250000   clock uncertainty
                                  0.000000    0.250000   clock reconvergence pessimism
                                 -2.000000   -1.750000   output external delay
                                             -1.750000   data required time
---------------------------------------------------------------------------------------------
                                             -1.750000   data required time
                                            -10.715287   data arrival time
---------------------------------------------------------------------------------------------
                                             12.465288   slack (MET)


Startpoint: u_sram (falling edge-triggered flip-flop clocked by clk_i)
Endpoint: axi_rdata_o[4] (output port clocked by clk_i)
Path Group: clk_i
Path Type: min

Fanout         Cap        Slew       Delay        Time   Description
---------------------------------------------------------------------------------------------
                                 10.000000   10.000000   clock clk_i (fall edge)
                                  0.000000   10.000000   clock source latency
     2    0.076354    0.000000    0.000000   10.000000 v clk_i (in)
                                                         clk_i (net)
                      0.011363    0.005682   10.005682 v clkbuf_0_clk_i/A (sky130_fd_sc_hd__clkbuf_16)
     2    0.038276    0.045211    0.143977   10.149659 v clkbuf_0_clk_i/X (sky130_fd_sc_hd__clkbuf_16)
                                                         clknet_0_clk_i (net)
                      0.045284    0.001583   10.151242 v clkbuf_1_0__f_clk_i/A (sky130_fd_sc_hd__clkbuf_16)
     1    0.064178    0.060988    0.167063   10.318305 v clkbuf_1_0__f_clk_i/X (sky130_fd_sc_hd__clkbuf_16)
                                                         clknet_1_0__leaf_clk_i (net)
                      0.092783    0.017563   10.335868 v u_sram/clk0 (sky130_sram_1kbyte_1rw1r_32x256_8)
     1    0.008955    0.006099    0.379586   10.715454 ^ u_sram/dout0[4] (sky130_sram_1kbyte_1rw1r_32x256_8)
                                                         axi_rdata_o[4] (net)
                      0.004574    0.000131   10.715585 ^ axi_rdata_o[4] (out)
                                             10.715585   data arrival time

                                  0.000000    0.000000   clock clk_i (rise edge)
                                  0.000000    0.000000   clock network delay (propagated)
                                  0.250000    0.250000   clock uncertainty
                                  0.000000    0.250000   clock reconvergence pessimism
                                 -2.000000   -1.750000   output external delay
                                             -1.750000   data required time
---------------------------------------------------------------------------------------------
                                             -1.750000   data required time
                                            -10.715585   data arrival time
---------------------------------------------------------------------------------------------
                                             12.465585   slack (MET)


Startpoint: u_sram (falling edge-triggered flip-flop clocked by clk_i)
Endpoint: axi_rdata_o[6] (output port clocked by clk_i)
Path Group: clk_i
Path Type: min

Fanout         Cap        Slew       Delay        Time   Description
---------------------------------------------------------------------------------------------
                                 10.000000   10.000000   clock clk_i (fall edge)
                                  0.000000   10.000000   clock source latency
     2    0.076354    0.000000    0.000000   10.000000 v clk_i (in)
                                                         clk_i (net)
                      0.011363    0.005682   10.005682 v clkbuf_0_clk_i/A (sky130_fd_sc_hd__clkbuf_16)
     2    0.038276    0.045211    0.143977   10.149659 v clkbuf_0_clk_i/X (sky130_fd_sc_hd__clkbuf_16)
                                                         clknet_0_clk_i (net)
                      0.045284    0.001583   10.151242 v clkbuf_1_0__f_clk_i/A (sky130_fd_sc_hd__clkbuf_16)
     1    0.064178    0.060988    0.167063   10.318305 v clkbuf_1_0__f_clk_i/X (sky130_fd_sc_hd__clkbuf_16)
                                                         clknet_1_0__leaf_clk_i (net)
                      0.092783    0.017563   10.335868 v u_sram/clk0 (sky130_sram_1kbyte_1rw1r_32x256_8)
     1    0.008952    0.006098    0.379574   10.715442 ^ u_sram/dout0[6] (sky130_sram_1kbyte_1rw1r_32x256_8)
                                                         axi_rdata_o[6] (net)
                      0.004573    0.000131   10.715571 ^ axi_rdata_o[6] (out)
                                             10.715571   data arrival time

                                  0.000000    0.000000   clock clk_i (rise edge)
                                  0.000000    0.000000   clock network delay (propagated)
                                  0.250000    0.250000   clock uncertainty
                                  0.000000    0.250000   clock reconvergence pessimism
                                 -2.000000   -1.750000   output external delay
                                             -1.750000   data required time
---------------------------------------------------------------------------------------------
                                             -1.750000   data required time
                                            -10.715571   data arrival time
---------------------------------------------------------------------------------------------
                                             12.465572   slack (MET)


Startpoint: u_sram (falling edge-triggered flip-flop clocked by clk_i)
Endpoint: axi_rdata_o[8] (output port clocked by clk_i)
Path Group: clk_i
Path Type: min

Fanout         Cap        Slew       Delay        Time   Description
---------------------------------------------------------------------------------------------
                                 10.000000   10.000000   clock clk_i (fall edge)
                                  0.000000   10.000000   clock source latency
     2    0.076354    0.000000    0.000000   10.000000 v clk_i (in)
                                                         clk_i (net)
                      0.011363    0.005682   10.005682 v clkbuf_0_clk_i/A (sky130_fd_sc_hd__clkbuf_16)
     2    0.038276    0.045211    0.143977   10.149659 v clkbuf_0_clk_i/X (sky130_fd_sc_hd__clkbuf_16)
                                                         clknet_0_clk_i (net)
                      0.045284    0.001583   10.151242 v clkbuf_1_0__f_clk_i/A (sky130_fd_sc_hd__clkbuf_16)
     1    0.064178    0.060988    0.167063   10.318305 v clkbuf_1_0__f_clk_i/X (sky130_fd_sc_hd__clkbuf_16)
                                                         clknet_1_0__leaf_clk_i (net)
                      0.092783    0.017563   10.335868 v u_sram/clk0 (sky130_sram_1kbyte_1rw1r_32x256_8)
     1    0.008953    0.006098    0.379580   10.715447 ^ u_sram/dout0[8] (sky130_sram_1kbyte_1rw1r_32x256_8)
                                                         axi_rdata_o[8] (net)
                      0.004574    0.000131   10.715578 ^ axi_rdata_o[8] (out)
                                             10.715578   data arrival time

                                  0.000000    0.000000   clock clk_i (rise edge)
                                  0.000000    0.000000   clock network delay (propagated)
                                  0.250000    0.250000   clock uncertainty
                                  0.000000    0.250000   clock reconvergence pessimism
                                 -2.000000   -1.750000   output external delay
                                             -1.750000   data required time
---------------------------------------------------------------------------------------------
                                             -1.750000   data required time
                                            -10.715578   data arrival time
---------------------------------------------------------------------------------------------
                                             12.465578   slack (MET)


Startpoint: u_sram (falling edge-triggered flip-flop clocked by clk_i)
Endpoint: axi_rdata_o[3] (output port clocked by clk_i)
Path Group: clk_i
Path Type: min

Fanout         Cap        Slew       Delay        Time   Description
---------------------------------------------------------------------------------------------
                                 10.000000   10.000000   clock clk_i (fall edge)
                                  0.000000   10.000000   clock source latency
     2    0.076354    0.000000    0.000000   10.000000 v clk_i (in)
                                                         clk_i (net)
                      0.011363    0.005682   10.005682 v clkbuf_0_clk_i/A (sky130_fd_sc_hd__clkbuf_16)
     2    0.038276    0.045211    0.143977   10.149659 v clkbuf_0_clk_i/X (sky130_fd_sc_hd__clkbuf_16)
                                                         clknet_0_clk_i (net)
                      0.045284    0.001583   10.151242 v clkbuf_1_0__f_clk_i/A (sky130_fd_sc_hd__clkbuf_16)
     1    0.064178    0.060988    0.167063   10.318305 v clkbuf_1_0__f_clk_i/X (sky130_fd_sc_hd__clkbuf_16)
                                                         clknet_1_0__leaf_clk_i (net)
                      0.092783    0.017563   10.335868 v u_sram/clk0 (sky130_sram_1kbyte_1rw1r_32x256_8)
     1    0.008980    0.006112    0.379729   10.715597 ^ u_sram/dout0[3] (sky130_sram_1kbyte_1rw1r_32x256_8)
                                                         axi_rdata_o[3] (net)
                      0.004584    0.000131   10.715728 ^ axi_rdata_o[3] (out)
                                             10.715728   data arrival time

                                  0.000000    0.000000   clock clk_i (rise edge)
                                  0.000000    0.000000   clock network delay (propagated)
                                  0.250000    0.250000   clock uncertainty
                                  0.000000    0.250000   clock reconvergence pessimism
                                 -2.000000   -1.750000   output external delay
                                             -1.750000   data required time
---------------------------------------------------------------------------------------------
                                             -1.750000   data required time
                                            -10.715728   data arrival time
---------------------------------------------------------------------------------------------
                                             12.465729   slack (MET)


Startpoint: u_sram (falling edge-triggered flip-flop clocked by clk_i)
Endpoint: axi_rdata_o[17] (output port clocked by clk_i)
Path Group: clk_i
Path Type: min

Fanout         Cap        Slew       Delay        Time   Description
---------------------------------------------------------------------------------------------
                                 10.000000   10.000000   clock clk_i (fall edge)
                                  0.000000   10.000000   clock source latency
     2    0.076354    0.000000    0.000000   10.000000 v clk_i (in)
                                                         clk_i (net)
                      0.011363    0.005682   10.005682 v clkbuf_0_clk_i/A (sky130_fd_sc_hd__clkbuf_16)
     2    0.038276    0.045211    0.143977   10.149659 v clkbuf_0_clk_i/X (sky130_fd_sc_hd__clkbuf_16)
                                                         clknet_0_clk_i (net)
                      0.045284    0.001583   10.151242 v clkbuf_1_0__f_clk_i/A (sky130_fd_sc_hd__clkbuf_16)
     1    0.064178    0.060988    0.167063   10.318305 v clkbuf_1_0__f_clk_i/X (sky130_fd_sc_hd__clkbuf_16)
                                                         clknet_1_0__leaf_clk_i (net)
                      0.092783    0.017563   10.335868 v u_sram/clk0 (sky130_sram_1kbyte_1rw1r_32x256_8)
     1    0.009082    0.006166    0.380299   10.716166 ^ u_sram/dout0[17] (sky130_sram_1kbyte_1rw1r_32x256_8)
                                                         axi_rdata_o[17] (net)
                      0.004625    0.000111   10.716278 ^ axi_rdata_o[17] (out)
                                             10.716278   data arrival time

                                  0.000000    0.000000   clock clk_i (rise edge)
                                  0.000000    0.000000   clock network delay (propagated)
                                  0.250000    0.250000   clock uncertainty
                                  0.000000    0.250000   clock reconvergence pessimism
                                 -2.000000   -1.750000   output external delay
                                             -1.750000   data required time
---------------------------------------------------------------------------------------------
                                             -1.750000   data required time
                                            -10.716278   data arrival time
---------------------------------------------------------------------------------------------
                                             12.466278   slack (MET)


Startpoint: u_sram (falling edge-triggered flip-flop clocked by clk_i)
Endpoint: axi_rdata_o[10] (output port clocked by clk_i)
Path Group: clk_i
Path Type: min

Fanout         Cap        Slew       Delay        Time   Description
---------------------------------------------------------------------------------------------
                                 10.000000   10.000000   clock clk_i (fall edge)
                                  0.000000   10.000000   clock source latency
     2    0.076354    0.000000    0.000000   10.000000 v clk_i (in)
                                                         clk_i (net)
                      0.011363    0.005682   10.005682 v clkbuf_0_clk_i/A (sky130_fd_sc_hd__clkbuf_16)
     2    0.038276    0.045211    0.143977   10.149659 v clkbuf_0_clk_i/X (sky130_fd_sc_hd__clkbuf_16)
                                                         clknet_0_clk_i (net)
                      0.045284    0.001583   10.151242 v clkbuf_1_0__f_clk_i/A (sky130_fd_sc_hd__clkbuf_16)
     1    0.064178    0.060988    0.167063   10.318305 v clkbuf_1_0__f_clk_i/X (sky130_fd_sc_hd__clkbuf_16)
                                                         clknet_1_0__leaf_clk_i (net)
                      0.092783    0.017563   10.335868 v u_sram/clk0 (sky130_sram_1kbyte_1rw1r_32x256_8)
     1    0.009382    0.006326    0.381985   10.717853 ^ u_sram/dout0[10] (sky130_sram_1kbyte_1rw1r_32x256_8)
                                                         axi_rdata_o[10] (net)
                      0.004745    0.000139   10.717992 ^ axi_rdata_o[10] (out)
                                             10.717992   data arrival time

                                  0.000000    0.000000   clock clk_i (rise edge)
                                  0.000000    0.000000   clock network delay (propagated)
                                  0.250000    0.250000   clock uncertainty
                                  0.000000    0.250000   clock reconvergence pessimism
                                 -2.000000   -1.750000   output external delay
                                             -1.750000   data required time
---------------------------------------------------------------------------------------------
                                             -1.750000   data required time
                                            -10.717992   data arrival time
---------------------------------------------------------------------------------------------
                                             12.467993   slack (MET)


Startpoint: u_sram (falling edge-triggered flip-flop clocked by clk_i)
Endpoint: axi_rdata_o[20] (output port clocked by clk_i)
Path Group: clk_i
Path Type: min

Fanout         Cap        Slew       Delay        Time   Description
---------------------------------------------------------------------------------------------
                                 10.000000   10.000000   clock clk_i (fall edge)
                                  0.000000   10.000000   clock source latency
     2    0.076354    0.000000    0.000000   10.000000 v clk_i (in)
                                                         clk_i (net)
                      0.011363    0.005682   10.005682 v clkbuf_0_clk_i/A (sky130_fd_sc_hd__clkbuf_16)
     2    0.038276    0.045211    0.143977   10.149659 v clkbuf_0_clk_i/X (sky130_fd_sc_hd__clkbuf_16)
                                                         clknet_0_clk_i (net)
                      0.045284    0.001583   10.151242 v clkbuf_1_0__f_clk_i/A (sky130_fd_sc_hd__clkbuf_16)
     1    0.064178    0.060988    0.167063   10.318305 v clkbuf_1_0__f_clk_i/X (sky130_fd_sc_hd__clkbuf_16)
                                                         clknet_1_0__leaf_clk_i (net)
                      0.092783    0.017563   10.335868 v u_sram/clk0 (sky130_sram_1kbyte_1rw1r_32x256_8)
     1    0.009569    0.006426    0.383036   10.718904 ^ u_sram/dout0[20] (sky130_sram_1kbyte_1rw1r_32x256_8)
                                                         axi_rdata_o[20] (net)
                      0.004819    0.000144   10.719048 ^ axi_rdata_o[20] (out)
                                             10.719048   data arrival time

                                  0.000000    0.000000   clock clk_i (rise edge)
                                  0.000000    0.000000   clock network delay (propagated)
                                  0.250000    0.250000   clock uncertainty
                                  0.000000    0.250000   clock reconvergence pessimism
                                 -2.000000   -1.750000   output external delay
                                             -1.750000   data required time
---------------------------------------------------------------------------------------------
                                             -1.750000   data required time
                                            -10.719048   data arrival time
---------------------------------------------------------------------------------------------
                                             12.469048   slack (MET)


Startpoint: u_sram (falling edge-triggered flip-flop clocked by clk_i)
Endpoint: axi_rdata_o[18] (output port clocked by clk_i)
Path Group: clk_i
Path Type: min

Fanout         Cap        Slew       Delay        Time   Description
---------------------------------------------------------------------------------------------
                                 10.000000   10.000000   clock clk_i (fall edge)
                                  0.000000   10.000000   clock source latency
     2    0.076354    0.000000    0.000000   10.000000 v clk_i (in)
                                                         clk_i (net)
                      0.011363    0.005682   10.005682 v clkbuf_0_clk_i/A (sky130_fd_sc_hd__clkbuf_16)
     2    0.038276    0.045211    0.143977   10.149659 v clkbuf_0_clk_i/X (sky130_fd_sc_hd__clkbuf_16)
                                                         clknet_0_clk_i (net)
                      0.045284    0.001583   10.151242 v clkbuf_1_0__f_clk_i/A (sky130_fd_sc_hd__clkbuf_16)
     1    0.064178    0.060988    0.167063   10.318305 v clkbuf_1_0__f_clk_i/X (sky130_fd_sc_hd__clkbuf_16)
                                                         clknet_1_0__leaf_clk_i (net)
                      0.092783    0.017563   10.335868 v u_sram/clk0 (sky130_sram_1kbyte_1rw1r_32x256_8)
     1    0.010184    0.006753    0.386487   10.722355 ^ u_sram/dout0[18] (sky130_sram_1kbyte_1rw1r_32x256_8)
                                                         axi_rdata_o[18] (net)
                      0.005065    0.000154   10.722508 ^ axi_rdata_o[18] (out)
                                             10.722508   data arrival time

                                  0.000000    0.000000   clock clk_i (rise edge)
                                  0.000000    0.000000   clock network delay (propagated)
                                  0.250000    0.250000   clock uncertainty
                                  0.000000    0.250000   clock reconvergence pessimism
                                 -2.000000   -1.750000   output external delay
                                             -1.750000   data required time
---------------------------------------------------------------------------------------------
                                             -1.750000   data required time
                                            -10.722508   data arrival time
---------------------------------------------------------------------------------------------
                                             12.472508   slack (MET)



