
===========================================================================
report_checks -path_delay max (Setup)
============================================================================
======================= max_ff_n40C_1v95 Corner ===================================

Startpoint: u_sram (falling edge-triggered flip-flop clocked by clk_i)
Endpoint: axi_rdata_o[18] (output port clocked by clk_i)
Path Group: clk_i
Path Type: max

Fanout         Cap        Slew       Delay        Time   Description
---------------------------------------------------------------------------------------------
                                 10.000000   10.000000   clock clk_i (fall edge)
                                  0.000000   10.000000   clock source latency
     2    0.081042    0.000000    0.000000   10.000000 v clk_i (in)
                                                         clk_i (net)
                      0.015997    0.007999   10.007999 v clkbuf_0_clk_i/A (sky130_fd_sc_hd__clkbuf_16)
     2    0.039728    0.035058    0.102103   10.110103 v clkbuf_0_clk_i/X (sky130_fd_sc_hd__clkbuf_16)
                                                         clknet_0_clk_i (net)
                      0.035232    0.002228   10.112329 v clkbuf_1_0__f_clk_i/A (sky130_fd_sc_hd__clkbuf_16)
     1    0.066718    0.044914    0.113185   10.225515 v clkbuf_1_0__f_clk_i/X (sky130_fd_sc_hd__clkbuf_16)
                                                         clknet_1_0__leaf_clk_i (net)
                      0.083967    0.021893   10.247408 v u_sram/clk0 (sky130_sram_1kbyte_1rw1r_32x256_8)
     1    0.010521    0.006932    0.388375   10.635782 ^ u_sram/dout0[18] (sky130_sram_1kbyte_1rw1r_32x256_8)
                                                         axi_rdata_o[18] (net)
                      0.005199    0.000234   10.636017 ^ axi_rdata_o[18] (out)
                                             10.636017   data arrival time

                                 20.000000   20.000000   clock clk_i (rise edge)
                                  0.000000   20.000000   clock network delay (propagated)
                                 -0.250000   19.750002   clock uncertainty
                                  0.000000   19.750002   clock reconvergence pessimism
                                 -2.000000   17.750002   output external delay
                                             17.750002   data required time
---------------------------------------------------------------------------------------------
                                             17.750002   data required time
                                            -10.636017   data arrival time
---------------------------------------------------------------------------------------------
                                              7.113984   slack (MET)


Startpoint: u_sram (falling edge-triggered flip-flop clocked by clk_i)
Endpoint: axi_rdata_o[4] (output port clocked by clk_i)
Path Group: clk_i
Path Type: max

Fanout         Cap        Slew       Delay        Time   Description
---------------------------------------------------------------------------------------------
                                 10.000000   10.000000   clock clk_i (fall edge)
                                  0.000000   10.000000   clock source latency
     2    0.081042    0.000000    0.000000   10.000000 v clk_i (in)
                                                         clk_i (net)
                      0.015997    0.007999   10.007999 v clkbuf_0_clk_i/A (sky130_fd_sc_hd__clkbuf_16)
     2    0.039728    0.035058    0.102103   10.110103 v clkbuf_0_clk_i/X (sky130_fd_sc_hd__clkbuf_16)
                                                         clknet_0_clk_i (net)
                      0.035232    0.002228   10.112329 v clkbuf_1_0__f_clk_i/A (sky130_fd_sc_hd__clkbuf_16)
     1    0.066718    0.044914    0.113185   10.225515 v clkbuf_1_0__f_clk_i/X (sky130_fd_sc_hd__clkbuf_16)
                                                         clknet_1_0__leaf_clk_i (net)
                      0.083967    0.021893   10.247408 v u_sram/clk0 (sky130_sram_1kbyte_1rw1r_32x256_8)
     1    0.009566    0.006424    0.383021   10.630428 ^ u_sram/dout0[4] (sky130_sram_1kbyte_1rw1r_32x256_8)
                                                         axi_rdata_o[4] (net)
                      0.004818    0.000212   10.630641 ^ axi_rdata_o[4] (out)
                                             10.630641   data arrival time

                                 20.000000   20.000000   clock clk_i (rise edge)
                                  0.000000   20.000000   clock network delay (propagated)
                                 -0.250000   19.750002   clock uncertainty
                                  0.000000   19.750002   clock reconvergence pessimism
                                 -2.000000   17.750002   output external delay
                                             17.750002   data required time
---------------------------------------------------------------------------------------------
                                             17.750002   data required time
                                            -10.630641   data arrival time
---------------------------------------------------------------------------------------------
                                              7.119360   slack (MET)


Startpoint: u_sram (falling edge-triggered flip-flop clocked by clk_i)
Endpoint: axi_rdata_o[8] (output port clocked by clk_i)
Path Group: clk_i
Path Type: max

Fanout         Cap        Slew       Delay        Time   Description
---------------------------------------------------------------------------------------------
                                 10.000000   10.000000   clock clk_i (fall edge)
                                  0.000000   10.000000   clock source latency
     2    0.081042    0.000000    0.000000   10.000000 v clk_i (in)
                                                         clk_i (net)
                      0.015997    0.007999   10.007999 v clkbuf_0_clk_i/A (sky130_fd_sc_hd__clkbuf_16)
     2    0.039728    0.035058    0.102103   10.110103 v clkbuf_0_clk_i/X (sky130_fd_sc_hd__clkbuf_16)
                                                         clknet_0_clk_i (net)
                      0.035232    0.002228   10.112329 v clkbuf_1_0__f_clk_i/A (sky130_fd_sc_hd__clkbuf_16)
     1    0.066718    0.044914    0.113185   10.225515 v clkbuf_1_0__f_clk_i/X (sky130_fd_sc_hd__clkbuf_16)
                                                         clknet_1_0__leaf_clk_i (net)
                      0.083967    0.021893   10.247408 v u_sram/clk0 (sky130_sram_1kbyte_1rw1r_32x256_8)
     1    0.009567    0.006425    0.383024   10.630432 ^ u_sram/dout0[8] (sky130_sram_1kbyte_1rw1r_32x256_8)
                                                         axi_rdata_o[8] (net)
                      0.004819    0.000212   10.630644 ^ axi_rdata_o[8] (out)
                                             10.630644   data arrival time

                                 20.000000   20.000000   clock clk_i (rise edge)
                                  0.000000   20.000000   clock network delay (propagated)
                                 -0.250000   19.750002   clock uncertainty
                                  0.000000   19.750002   clock reconvergence pessimism
                                 -2.000000   17.750002   output external delay
                                             17.750002   data required time
---------------------------------------------------------------------------------------------
                                             17.750002   data required time
                                            -10.630644   data arrival time
---------------------------------------------------------------------------------------------
                                              7.119357   slack (MET)


Startpoint: u_sram (falling edge-triggered flip-flop clocked by clk_i)
Endpoint: axi_rdata_o[6] (output port clocked by clk_i)
Path Group: clk_i
Path Type: max

Fanout         Cap        Slew       Delay        Time   Description
---------------------------------------------------------------------------------------------
                                 10.000000   10.000000   clock clk_i (fall edge)
                                  0.000000   10.000000   clock source latency
     2    0.081042    0.000000    0.000000   10.000000 v clk_i (in)
                                                         clk_i (net)
                      0.015997    0.007999   10.007999 v clkbuf_0_clk_i/A (sky130_fd_sc_hd__clkbuf_16)
     2    0.039728    0.035058    0.102103   10.110103 v clkbuf_0_clk_i/X (sky130_fd_sc_hd__clkbuf_16)
                                                         clknet_0_clk_i (net)
                      0.035232    0.002228   10.112329 v clkbuf_1_0__f_clk_i/A (sky130_fd_sc_hd__clkbuf_16)
     1    0.066718    0.044914    0.113185   10.225515 v clkbuf_1_0__f_clk_i/X (sky130_fd_sc_hd__clkbuf_16)
                                                         clknet_1_0__leaf_clk_i (net)
                      0.083967    0.021893   10.247408 v u_sram/clk0 (sky130_sram_1kbyte_1rw1r_32x256_8)
     1    0.009556    0.006419    0.382962   10.630370 ^ u_sram/dout0[6] (sky130_sram_1kbyte_1rw1r_32x256_8)
                                                         axi_rdata_o[6] (net)
                      0.004814    0.000212   10.630582 ^ axi_rdata_o[6] (out)
                                             10.630582   data arrival time

                                 20.000000   20.000000   clock clk_i (rise edge)
                                  0.000000   20.000000   clock network delay (propagated)
                                 -0.250000   19.750002   clock uncertainty
                                  0.000000   19.750002   clock reconvergence pessimism
                                 -2.000000   17.750002   output external delay
                                             17.750002   data required time
---------------------------------------------------------------------------------------------
                                             17.750002   data required time
                                            -10.630582   data arrival time
---------------------------------------------------------------------------------------------
                                              7.119419   slack (MET)


Startpoint: u_sram (falling edge-triggered flip-flop clocked by clk_i)
Endpoint: axi_rdata_o[17] (output port clocked by clk_i)
Path Group: clk_i
Path Type: max

Fanout         Cap        Slew       Delay        Time   Description
---------------------------------------------------------------------------------------------
                                 10.000000   10.000000   clock clk_i (fall edge)
                                  0.000000   10.000000   clock source latency
     2    0.081042    0.000000    0.000000   10.000000 v clk_i (in)
                                                         clk_i (net)
                      0.015997    0.007999   10.007999 v clkbuf_0_clk_i/A (sky130_fd_sc_hd__clkbuf_16)
     2    0.039728    0.035058    0.102103   10.110103 v clkbuf_0_clk_i/X (sky130_fd_sc_hd__clkbuf_16)
                                                         clknet_0_clk_i (net)
                      0.035232    0.002228   10.112329 v clkbuf_1_0__f_clk_i/A (sky130_fd_sc_hd__clkbuf_16)
     1    0.066718    0.044914    0.113185   10.225515 v clkbuf_1_0__f_clk_i/X (sky130_fd_sc_hd__clkbuf_16)
                                                         clknet_1_0__leaf_clk_i (net)
                      0.083967    0.021893   10.247408 v u_sram/clk0 (sky130_sram_1kbyte_1rw1r_32x256_8)
     1    0.009538    0.006409    0.382863   10.630270 ^ u_sram/dout0[17] (sky130_sram_1kbyte_1rw1r_32x256_8)
                                                         axi_rdata_o[17] (net)
                      0.004807    0.000178   10.630448 ^ axi_rdata_o[17] (out)
                                             10.630448   data arrival time

                                 20.000000   20.000000   clock clk_i (rise edge)
                                  0.000000   20.000000   clock network delay (propagated)
                                 -0.250000   19.750002   clock uncertainty
                                  0.000000   19.750002   clock reconvergence pessimism
                                 -2.000000   17.750002   output external delay
                                             17.750002   data required time
---------------------------------------------------------------------------------------------
                                             17.750002   data required time
                                            -10.630448   data arrival time
---------------------------------------------------------------------------------------------
                                              7.119553   slack (MET)


Startpoint: u_sram (falling edge-triggered flip-flop clocked by clk_i)
Endpoint: axi_rdata_o[10] (output port clocked by clk_i)
Path Group: clk_i
Path Type: max

Fanout         Cap        Slew       Delay        Time   Description
---------------------------------------------------------------------------------------------
                                 10.000000   10.000000   clock clk_i (fall edge)
                                  0.000000   10.000000   clock source latency
     2    0.081042    0.000000    0.000000   10.000000 v clk_i (in)
                                                         clk_i (net)
                      0.015997    0.007999   10.007999 v clkbuf_0_clk_i/A (sky130_fd_sc_hd__clkbuf_16)
     2    0.039728    0.035058    0.102103   10.110103 v clkbuf_0_clk_i/X (sky130_fd_sc_hd__clkbuf_16)
                                                         clknet_0_clk_i (net)
                      0.035232    0.002228   10.112329 v clkbuf_1_0__f_clk_i/A (sky130_fd_sc_hd__clkbuf_16)
     1    0.066718    0.044914    0.113185   10.225515 v clkbuf_1_0__f_clk_i/X (sky130_fd_sc_hd__clkbuf_16)
                                                         clknet_1_0__leaf_clk_i (net)
                      0.083967    0.021893   10.247408 v u_sram/clk0 (sky130_sram_1kbyte_1rw1r_32x256_8)
     1    0.009475    0.006376    0.382508   10.629916 ^ u_sram/dout0[10] (sky130_sram_1kbyte_1rw1r_32x256_8)
                                                         axi_rdata_o[10] (net)
                      0.004782    0.000208   10.630124 ^ axi_rdata_o[10] (out)
                                             10.630124   data arrival time

                                 20.000000   20.000000   clock clk_i (rise edge)
                                  0.000000   20.000000   clock network delay (propagated)
                                 -0.250000   19.750002   clock uncertainty
                                  0.000000   19.750002   clock reconvergence pessimism
                                 -2.000000   17.750002   output external delay
                                             17.750002   data required time
---------------------------------------------------------------------------------------------
                                             17.750002   data required time
                                            -10.630124   data arrival time
---------------------------------------------------------------------------------------------
                                              7.119877   slack (MET)


Startpoint: u_sram (falling edge-triggered flip-flop clocked by clk_i)
Endpoint: axi_rdata_o[20] (output port clocked by clk_i)
Path Group: clk_i
Path Type: max

Fanout         Cap        Slew       Delay        Time   Description
---------------------------------------------------------------------------------------------
                                 10.000000   10.000000   clock clk_i (fall edge)
                                  0.000000   10.000000   clock source latency
     2    0.081042    0.000000    0.000000   10.000000 v clk_i (in)
                                                         clk_i (net)
                      0.015997    0.007999   10.007999 v clkbuf_0_clk_i/A (sky130_fd_sc_hd__clkbuf_16)
     2    0.039728    0.035058    0.102103   10.110103 v clkbuf_0_clk_i/X (sky130_fd_sc_hd__clkbuf_16)
                                                         clknet_0_clk_i (net)
                      0.035232    0.002228   10.112329 v clkbuf_1_0__f_clk_i/A (sky130_fd_sc_hd__clkbuf_16)
     1    0.066718    0.044914    0.113185   10.225515 v clkbuf_1_0__f_clk_i/X (sky130_fd_sc_hd__clkbuf_16)
                                                         clknet_1_0__leaf_clk_i (net)
                      0.083967    0.021893   10.247408 v u_sram/clk0 (sky130_sram_1kbyte_1rw1r_32x256_8)
     1    0.009470    0.006373    0.382481   10.629889 ^ u_sram/dout0[20] (sky130_sram_1kbyte_1rw1r_32x256_8)
                                                         axi_rdata_o[20] (net)
                      0.004780    0.000208   10.630096 ^ axi_rdata_o[20] (out)
                                             10.630096   data arrival time

                                 20.000000   20.000000   clock clk_i (rise edge)
                                  0.000000   20.000000   clock network delay (propagated)
                                 -0.250000   19.750002   clock uncertainty
                                  0.000000   19.750002   clock reconvergence pessimism
                                 -2.000000   17.750002   output external delay
                                             17.750002   data required time
---------------------------------------------------------------------------------------------
                                             17.750002   data required time
                                            -10.630096   data arrival time
---------------------------------------------------------------------------------------------
                                              7.119905   slack (MET)


Startpoint: u_sram (falling edge-triggered flip-flop clocked by clk_i)
Endpoint: axi_rdata_o[24] (output port clocked by clk_i)
Path Group: clk_i
Path Type: max

Fanout         Cap        Slew       Delay        Time   Description
---------------------------------------------------------------------------------------------
                                 10.000000   10.000000   clock clk_i (fall edge)
                                  0.000000   10.000000   clock source latency
     2    0.081042    0.000000    0.000000   10.000000 v clk_i (in)
                                                         clk_i (net)
                      0.015997    0.007999   10.007999 v clkbuf_0_clk_i/A (sky130_fd_sc_hd__clkbuf_16)
     2    0.039728    0.035058    0.102103   10.110103 v clkbuf_0_clk_i/X (sky130_fd_sc_hd__clkbuf_16)
                                                         clknet_0_clk_i (net)
                      0.035232    0.002228   10.112329 v clkbuf_1_0__f_clk_i/A (sky130_fd_sc_hd__clkbuf_16)
     1    0.066718    0.044914    0.113185   10.225515 v clkbuf_1_0__f_clk_i/X (sky130_fd_sc_hd__clkbuf_16)
                                                         clknet_1_0__leaf_clk_i (net)
                      0.083967    0.021893   10.247408 v u_sram/clk0 (sky130_sram_1kbyte_1rw1r_32x256_8)
     1    0.009297    0.006281    0.381510   10.628918 ^ u_sram/dout0[24] (sky130_sram_1kbyte_1rw1r_32x256_8)
                                                         axi_rdata_o[24] (net)
                      0.004711    0.000225   10.629143 ^ axi_rdata_o[24] (out)
                                             10.629143   data arrival time

                                 20.000000   20.000000   clock clk_i (rise edge)
                                  0.000000   20.000000   clock network delay (propagated)
                                 -0.250000   19.750002   clock uncertainty
                                  0.000000   19.750002   clock reconvergence pessimism
                                 -2.000000   17.750002   output external delay
                                             17.750002   data required time
---------------------------------------------------------------------------------------------
                                             17.750002   data required time
                                            -10.629143   data arrival time
---------------------------------------------------------------------------------------------
                                              7.120859   slack (MET)


Startpoint: u_sram (falling edge-triggered flip-flop clocked by clk_i)
Endpoint: axi_rdata_o[3] (output port clocked by clk_i)
Path Group: clk_i
Path Type: max

Fanout         Cap        Slew       Delay        Time   Description
---------------------------------------------------------------------------------------------
                                 10.000000   10.000000   clock clk_i (fall edge)
                                  0.000000   10.000000   clock source latency
     2    0.081042    0.000000    0.000000   10.000000 v clk_i (in)
                                                         clk_i (net)
                      0.015997    0.007999   10.007999 v clkbuf_0_clk_i/A (sky130_fd_sc_hd__clkbuf_16)
     2    0.039728    0.035058    0.102103   10.110103 v clkbuf_0_clk_i/X (sky130_fd_sc_hd__clkbuf_16)
                                                         clknet_0_clk_i (net)
                      0.035232    0.002228   10.112329 v clkbuf_1_0__f_clk_i/A (sky130_fd_sc_hd__clkbuf_16)
     1    0.066718    0.044914    0.113185   10.225515 v clkbuf_1_0__f_clk_i/X (sky130_fd_sc_hd__clkbuf_16)
                                                         clknet_1_0__leaf_clk_i (net)
                      0.083967    0.021893   10.247408 v u_sram/clk0 (sky130_sram_1kbyte_1rw1r_32x256_8)
     1    0.008994    0.006120    0.379808   10.627215 ^ u_sram/dout0[3] (sky130_sram_1kbyte_1rw1r_32x256_8)
                                                         axi_rdata_o[3] (net)
                      0.004590    0.000194   10.627410 ^ axi_rdata_o[3] (out)
                                             10.627410   data arrival time

                                 20.000000   20.000000   clock clk_i (rise edge)
                                  0.000000   20.000000   clock network delay (propagated)
                                 -0.250000   19.750002   clock uncertainty
                                  0.000000   19.750002   clock reconvergence pessimism
                                 -2.000000   17.750002   output external delay
                                             17.750002   data required time
---------------------------------------------------------------------------------------------
                                             17.750002   data required time
                                            -10.627410   data arrival time
---------------------------------------------------------------------------------------------
                                              7.122591   slack (MET)


Startpoint: u_sram (falling edge-triggered flip-flop clocked by clk_i)
Endpoint: axi_rdata_o[5] (output port clocked by clk_i)
Path Group: clk_i
Path Type: max

Fanout         Cap        Slew       Delay        Time   Description
---------------------------------------------------------------------------------------------
                                 10.000000   10.000000   clock clk_i (fall edge)
                                  0.000000   10.000000   clock source latency
     2    0.081042    0.000000    0.000000   10.000000 v clk_i (in)
                                                         clk_i (net)
                      0.015997    0.007999   10.007999 v clkbuf_0_clk_i/A (sky130_fd_sc_hd__clkbuf_16)
     2    0.039728    0.035058    0.102103   10.110103 v clkbuf_0_clk_i/X (sky130_fd_sc_hd__clkbuf_16)
                                                         clknet_0_clk_i (net)
                      0.035232    0.002228   10.112329 v clkbuf_1_0__f_clk_i/A (sky130_fd_sc_hd__clkbuf_16)
     1    0.066718    0.044914    0.113185   10.225515 v clkbuf_1_0__f_clk_i/X (sky130_fd_sc_hd__clkbuf_16)
                                                         clknet_1_0__leaf_clk_i (net)
                      0.083967    0.021893   10.247408 v u_sram/clk0 (sky130_sram_1kbyte_1rw1r_32x256_8)
     1    0.008907    0.006073    0.379318   10.626725 ^ u_sram/dout0[5] (sky130_sram_1kbyte_1rw1r_32x256_8)
                                                         axi_rdata_o[5] (net)
                      0.004555    0.000188   10.626914 ^ axi_rdata_o[5] (out)
                                             10.626914   data arrival time

                                 20.000000   20.000000   clock clk_i (rise edge)
                                  0.000000   20.000000   clock network delay (propagated)
                                 -0.250000   19.750002   clock uncertainty
                                  0.000000   19.750002   clock reconvergence pessimism
                                 -2.000000   17.750002   output external delay
                                             17.750002   data required time
---------------------------------------------------------------------------------------------
                                             17.750002   data required time
                                            -10.626914   data arrival time
---------------------------------------------------------------------------------------------
                                              7.123087   slack (MET)


Startpoint: u_sram (falling edge-triggered flip-flop clocked by clk_i)
Endpoint: axi_rdata_o[7] (output port clocked by clk_i)
Path Group: clk_i
Path Type: max

Fanout         Cap        Slew       Delay        Time   Description
---------------------------------------------------------------------------------------------
                                 10.000000   10.000000   clock clk_i (fall edge)
                                  0.000000   10.000000   clock source latency
     2    0.081042    0.000000    0.000000   10.000000 v clk_i (in)
                                                         clk_i (net)
                      0.015997    0.007999   10.007999 v clkbuf_0_clk_i/A (sky130_fd_sc_hd__clkbuf_16)
     2    0.039728    0.035058    0.102103   10.110103 v clkbuf_0_clk_i/X (sky130_fd_sc_hd__clkbuf_16)
                                                         clknet_0_clk_i (net)
                      0.035232    0.002228   10.112329 v clkbuf_1_0__f_clk_i/A (sky130_fd_sc_hd__clkbuf_16)
     1    0.066718    0.044914    0.113185   10.225515 v clkbuf_1_0__f_clk_i/X (sky130_fd_sc_hd__clkbuf_16)
                                                         clknet_1_0__leaf_clk_i (net)
                      0.083967    0.021893   10.247408 v u_sram/clk0 (sky130_sram_1kbyte_1rw1r_32x256_8)
     1    0.008855    0.006046    0.379028   10.626436 ^ u_sram/dout0[7] (sky130_sram_1kbyte_1rw1r_32x256_8)
                                                         axi_rdata_o[7] (net)
                      0.004534    0.000188   10.626624 ^ axi_rdata_o[7] (out)
                                             10.626624   data arrival time

                                 20.000000   20.000000   clock clk_i (rise edge)
                                  0.000000   20.000000   clock network delay (propagated)
                                 -0.250000   19.750002   clock uncertainty
                                  0.000000   19.750002   clock reconvergence pessimism
                                 -2.000000   17.750002   output external delay
                                             17.750002   data required time
---------------------------------------------------------------------------------------------
                                             17.750002   data required time
                                            -10.626624   data arrival time
---------------------------------------------------------------------------------------------
                                              7.123377   slack (MET)


Startpoint: u_sram (falling edge-triggered flip-flop clocked by clk_i)
Endpoint: axi_rdata_o[0] (output port clocked by clk_i)
Path Group: clk_i
Path Type: max

Fanout         Cap        Slew       Delay        Time   Description
---------------------------------------------------------------------------------------------
                                 10.000000   10.000000   clock clk_i (fall edge)
                                  0.000000   10.000000   clock source latency
     2    0.081042    0.000000    0.000000   10.000000 v clk_i (in)
                                                         clk_i (net)
                      0.015997    0.007999   10.007999 v clkbuf_0_clk_i/A (sky130_fd_sc_hd__clkbuf_16)
     2    0.039728    0.035058    0.102103   10.110103 v clkbuf_0_clk_i/X (sky130_fd_sc_hd__clkbuf_16)
                                                         clknet_0_clk_i (net)
                      0.035232    0.002228   10.112329 v clkbuf_1_0__f_clk_i/A (sky130_fd_sc_hd__clkbuf_16)
     1    0.066718    0.044914    0.113185   10.225515 v clkbuf_1_0__f_clk_i/X (sky130_fd_sc_hd__clkbuf_16)
                                                         clknet_1_0__leaf_clk_i (net)
                      0.083967    0.021893   10.247408 v u_sram/clk0 (sky130_sram_1kbyte_1rw1r_32x256_8)
     1    0.008638    0.005930    0.377808   10.625216 ^ u_sram/dout0[0] (sky130_sram_1kbyte_1rw1r_32x256_8)
                                                         axi_rdata_o[0] (net)
                      0.004448    0.000179   10.625394 ^ axi_rdata_o[0] (out)
                                             10.625394   data arrival time

                                 20.000000   20.000000   clock clk_i (rise edge)
                                  0.000000   20.000000   clock network delay (propagated)
                                 -0.250000   19.750002   clock uncertainty
                                  0.000000   19.750002   clock reconvergence pessimism
                                 -2.000000   17.750002   output external delay
                                             17.750002   data required time
---------------------------------------------------------------------------------------------
                                             17.750002   data required time
                                            -10.625394   data arrival time
---------------------------------------------------------------------------------------------
                                              7.124607   slack (MET)


Startpoint: u_sram (falling edge-triggered flip-flop clocked by clk_i)
Endpoint: axi_rdata_o[14] (output port clocked by clk_i)
Path Group: clk_i
Path Type: max

Fanout         Cap        Slew       Delay        Time   Description
---------------------------------------------------------------------------------------------
                                 10.000000   10.000000   clock clk_i (fall edge)
                                  0.000000   10.000000   clock source latency
     2    0.081042    0.000000    0.000000   10.000000 v clk_i (in)
                                                         clk_i (net)
                      0.015997    0.007999   10.007999 v clkbuf_0_clk_i/A (sky130_fd_sc_hd__clkbuf_16)
     2    0.039728    0.035058    0.102103   10.110103 v clkbuf_0_clk_i/X (sky130_fd_sc_hd__clkbuf_16)
                                                         clknet_0_clk_i (net)
                      0.035232    0.002228   10.112329 v clkbuf_1_0__f_clk_i/A (sky130_fd_sc_hd__clkbuf_16)
     1    0.066718    0.044914    0.113185   10.225515 v clkbuf_1_0__f_clk_i/X (sky130_fd_sc_hd__clkbuf_16)
                                                         clknet_1_0__leaf_clk_i (net)
                      0.083967    0.021893   10.247408 v u_sram/clk0 (sky130_sram_1kbyte_1rw1r_32x256_8)
     1    0.008630    0.005926    0.377766   10.625174 ^ u_sram/dout0[14] (sky130_sram_1kbyte_1rw1r_32x256_8)
                                                         axi_rdata_o[14] (net)
                      0.004445    0.000179   10.625353 ^ axi_rdata_o[14] (out)
                                             10.625353   data arrival time

                                 20.000000   20.000000   clock clk_i (rise edge)
                                  0.000000   20.000000   clock network delay (propagated)
                                 -0.250000   19.750002   clock uncertainty
                                  0.000000   19.750002   clock reconvergence pessimism
                                 -2.000000   17.750002   output external delay
                                             17.750002   data required time
---------------------------------------------------------------------------------------------
                                             17.750002   data required time
                                            -10.625353   data arrival time
---------------------------------------------------------------------------------------------
                                              7.124649   slack (MET)


Startpoint: u_sram (falling edge-triggered flip-flop clocked by clk_i)
Endpoint: axi_rdata_o[2] (output port clocked by clk_i)
Path Group: clk_i
Path Type: max

Fanout         Cap        Slew       Delay        Time   Description
---------------------------------------------------------------------------------------------
                                 10.000000   10.000000   clock clk_i (fall edge)
                                  0.000000   10.000000   clock source latency
     2    0.081042    0.000000    0.000000   10.000000 v clk_i (in)
                                                         clk_i (net)
                      0.015997    0.007999   10.007999 v clkbuf_0_clk_i/A (sky130_fd_sc_hd__clkbuf_16)
     2    0.039728    0.035058    0.102103   10.110103 v clkbuf_0_clk_i/X (sky130_fd_sc_hd__clkbuf_16)
                                                         clknet_0_clk_i (net)
                      0.035232    0.002228   10.112329 v clkbuf_1_0__f_clk_i/A (sky130_fd_sc_hd__clkbuf_16)
     1    0.066718    0.044914    0.113185   10.225515 v clkbuf_1_0__f_clk_i/X (sky130_fd_sc_hd__clkbuf_16)
                                                         clknet_1_0__leaf_clk_i (net)
                      0.083967    0.021893   10.247408 v u_sram/clk0 (sky130_sram_1kbyte_1rw1r_32x256_8)
     1    0.008612    0.005916    0.377663   10.625071 ^ u_sram/dout0[2] (sky130_sram_1kbyte_1rw1r_32x256_8)
                                                         axi_rdata_o[2] (net)
                      0.004437    0.000178   10.625249 ^ axi_rdata_o[2] (out)
                                             10.625249   data arrival time

                                 20.000000   20.000000   clock clk_i (rise edge)
                                  0.000000   20.000000   clock network delay (propagated)
                                 -0.250000   19.750002   clock uncertainty
                                  0.000000   19.750002   clock reconvergence pessimism
                                 -2.000000   17.750002   output external delay
                                             17.750002   data required time
---------------------------------------------------------------------------------------------
                                             17.750002   data required time
                                            -10.625249   data arrival time
---------------------------------------------------------------------------------------------
                                              7.124753   slack (MET)


Startpoint: u_sram (falling edge-triggered flip-flop clocked by clk_i)
Endpoint: axi_rdata_o[1] (output port clocked by clk_i)
Path Group: clk_i
Path Type: max

Fanout         Cap        Slew       Delay        Time   Description
---------------------------------------------------------------------------------------------
                                 10.000000   10.000000   clock clk_i (fall edge)
                                  0.000000   10.000000   clock source latency
     2    0.081042    0.000000    0.000000   10.000000 v clk_i (in)
                                                         clk_i (net)
                      0.015997    0.007999   10.007999 v clkbuf_0_clk_i/A (sky130_fd_sc_hd__clkbuf_16)
     2    0.039728    0.035058    0.102103   10.110103 v clkbuf_0_clk_i/X (sky130_fd_sc_hd__clkbuf_16)
                                                         clknet_0_clk_i (net)
                      0.035232    0.002228   10.112329 v clkbuf_1_0__f_clk_i/A (sky130_fd_sc_hd__clkbuf_16)
     1    0.066718    0.044914    0.113185   10.225515 v clkbuf_1_0__f_clk_i/X (sky130_fd_sc_hd__clkbuf_16)
                                                         clknet_1_0__leaf_clk_i (net)
                      0.083967    0.021893   10.247408 v u_sram/clk0 (sky130_sram_1kbyte_1rw1r_32x256_8)
     1    0.008598    0.005909    0.377587   10.624994 ^ u_sram/dout0[1] (sky130_sram_1kbyte_1rw1r_32x256_8)
                                                         axi_rdata_o[1] (net)
                      0.004432    0.000176   10.625171 ^ axi_rdata_o[1] (out)
                                             10.625171   data arrival time

                                 20.000000   20.000000   clock clk_i (rise edge)
                                  0.000000   20.000000   clock network delay (propagated)
                                 -0.250000   19.750002   clock uncertainty
                                  0.000000   19.750002   clock reconvergence pessimism
                                 -2.000000   17.750002   output external delay
                                             17.750002   data required time
---------------------------------------------------------------------------------------------
                                             17.750002   data required time
                                            -10.625171   data arrival time
---------------------------------------------------------------------------------------------
                                              7.124831   slack (MET)


Startpoint: u_sram (falling edge-triggered flip-flop clocked by clk_i)
Endpoint: axi_rdata_o[23] (output port clocked by clk_i)
Path Group: clk_i
Path Type: max

Fanout         Cap        Slew       Delay        Time   Description
---------------------------------------------------------------------------------------------
                                 10.000000   10.000000   clock clk_i (fall edge)
                                  0.000000   10.000000   clock source latency
     2    0.081042    0.000000    0.000000   10.000000 v clk_i (in)
                                                         clk_i (net)
                      0.015997    0.007999   10.007999 v clkbuf_0_clk_i/A (sky130_fd_sc_hd__clkbuf_16)
     2    0.039728    0.035058    0.102103   10.110103 v clkbuf_0_clk_i/X (sky130_fd_sc_hd__clkbuf_16)
                                                         clknet_0_clk_i (net)
                      0.035232    0.002228   10.112329 v clkbuf_1_0__f_clk_i/A (sky130_fd_sc_hd__clkbuf_16)
     1    0.066718    0.044914    0.113185   10.225515 v clkbuf_1_0__f_clk_i/X (sky130_fd_sc_hd__clkbuf_16)
                                                         clknet_1_0__leaf_clk_i (net)
                      0.083967    0.021893   10.247408 v u_sram/clk0 (sky130_sram_1kbyte_1rw1r_32x256_8)
     1    0.008592    0.005906    0.377550   10.624957 ^ u_sram/dout0[23] (sky130_sram_1kbyte_1rw1r_32x256_8)
                                                         axi_rdata_o[23] (net)
                      0.004429    0.000203   10.625159 ^ axi_rdata_o[23] (out)
                                             10.625159   data arrival time

                                 20.000000   20.000000   clock clk_i (rise edge)
                                  0.000000   20.000000   clock network delay (propagated)
                                 -0.250000   19.750002   clock uncertainty
                                  0.000000   19.750002   clock reconvergence pessimism
                                 -2.000000   17.750002   output external delay
                                             17.750002   data required time
---------------------------------------------------------------------------------------------
                                             17.750002   data required time
                                            -10.625159   data arrival time
---------------------------------------------------------------------------------------------
                                              7.124841   slack (MET)


Startpoint: u_sram (falling edge-triggered flip-flop clocked by clk_i)
Endpoint: axi_rdata_o[16] (output port clocked by clk_i)
Path Group: clk_i
Path Type: max

Fanout         Cap        Slew       Delay        Time   Description
---------------------------------------------------------------------------------------------
                                 10.000000   10.000000   clock clk_i (fall edge)
                                  0.000000   10.000000   clock source latency
     2    0.081042    0.000000    0.000000   10.000000 v clk_i (in)
                                                         clk_i (net)
                      0.015997    0.007999   10.007999 v clkbuf_0_clk_i/A (sky130_fd_sc_hd__clkbuf_16)
     2    0.039728    0.035058    0.102103   10.110103 v clkbuf_0_clk_i/X (sky130_fd_sc_hd__clkbuf_16)
                                                         clknet_0_clk_i (net)
                      0.035232    0.002228   10.112329 v clkbuf_1_0__f_clk_i/A (sky130_fd_sc_hd__clkbuf_16)
     1    0.066718    0.044914    0.113185   10.225515 v clkbuf_1_0__f_clk_i/X (sky130_fd_sc_hd__clkbuf_16)
                                                         clknet_1_0__leaf_clk_i (net)
                      0.083967    0.021893   10.247408 v u_sram/clk0 (sky130_sram_1kbyte_1rw1r_32x256_8)
     1    0.008578    0.005899    0.377475   10.624883 ^ u_sram/dout0[16] (sky130_sram_1kbyte_1rw1r_32x256_8)
                                                         axi_rdata_o[16] (net)
                      0.004424    0.000175   10.625057 ^ axi_rdata_o[16] (out)
                                             10.625057   data arrival time

                                 20.000000   20.000000   clock clk_i (rise edge)
                                  0.000000   20.000000   clock network delay (propagated)
                                 -0.250000   19.750002   clock uncertainty
                                  0.000000   19.750002   clock reconvergence pessimism
                                 -2.000000   17.750002   output external delay
                                             17.750002   data required time
---------------------------------------------------------------------------------------------
                                             17.750002   data required time
                                            -10.625057   data arrival time
---------------------------------------------------------------------------------------------
                                              7.124944   slack (MET)


Startpoint: u_sram (falling edge-triggered flip-flop clocked by clk_i)
Endpoint: axi_rdata_o[15] (output port clocked by clk_i)
Path Group: clk_i
Path Type: max

Fanout         Cap        Slew       Delay        Time   Description
---------------------------------------------------------------------------------------------
                                 10.000000   10.000000   clock clk_i (fall edge)
                                  0.000000   10.000000   clock source latency
     2    0.081042    0.000000    0.000000   10.000000 v clk_i (in)
                                                         clk_i (net)
                      0.015997    0.007999   10.007999 v clkbuf_0_clk_i/A (sky130_fd_sc_hd__clkbuf_16)
     2    0.039728    0.035058    0.102103   10.110103 v clkbuf_0_clk_i/X (sky130_fd_sc_hd__clkbuf_16)
                                                         clknet_0_clk_i (net)
                      0.035232    0.002228   10.112329 v clkbuf_1_0__f_clk_i/A (sky130_fd_sc_hd__clkbuf_16)
     1    0.066718    0.044914    0.113185   10.225515 v clkbuf_1_0__f_clk_i/X (sky130_fd_sc_hd__clkbuf_16)
                                                         clknet_1_0__leaf_clk_i (net)
                      0.083967    0.021893   10.247408 v u_sram/clk0 (sky130_sram_1kbyte_1rw1r_32x256_8)
     1    0.008406    0.005807    0.376510   10.623918 ^ u_sram/dout0[15] (sky130_sram_1kbyte_1rw1r_32x256_8)
                                                         axi_rdata_o[15] (net)
                      0.004355    0.000171   10.624088 ^ axi_rdata_o[15] (out)
                                             10.624088   data arrival time

                                 20.000000   20.000000   clock clk_i (rise edge)
                                  0.000000   20.000000   clock network delay (propagated)
                                 -0.250000   19.750002   clock uncertainty
                                  0.000000   19.750002   clock reconvergence pessimism
                                 -2.000000   17.750002   output external delay
                                             17.750002   data required time
---------------------------------------------------------------------------------------------
                                             17.750002   data required time
                                            -10.624088   data arrival time
---------------------------------------------------------------------------------------------
                                              7.125913   slack (MET)


Startpoint: u_sram (falling edge-triggered flip-flop clocked by clk_i)
Endpoint: axi_rdata_o[11] (output port clocked by clk_i)
Path Group: clk_i
Path Type: max

Fanout         Cap        Slew       Delay        Time   Description
---------------------------------------------------------------------------------------------
                                 10.000000   10.000000   clock clk_i (fall edge)
                                  0.000000   10.000000   clock source latency
     2    0.081042    0.000000    0.000000   10.000000 v clk_i (in)
                                                         clk_i (net)
                      0.015997    0.007999   10.007999 v clkbuf_0_clk_i/A (sky130_fd_sc_hd__clkbuf_16)
     2    0.039728    0.035058    0.102103   10.110103 v clkbuf_0_clk_i/X (sky130_fd_sc_hd__clkbuf_16)
                                                         clknet_0_clk_i (net)
                      0.035232    0.002228   10.112329 v clkbuf_1_0__f_clk_i/A (sky130_fd_sc_hd__clkbuf_16)
     1    0.066718    0.044914    0.113185   10.225515 v clkbuf_1_0__f_clk_i/X (sky130_fd_sc_hd__clkbuf_16)
                                                         clknet_1_0__leaf_clk_i (net)
                      0.083967    0.021893   10.247408 v u_sram/clk0 (sky130_sram_1kbyte_1rw1r_32x256_8)
     1    0.008393    0.005800    0.376438   10.623845 ^ u_sram/dout0[11] (sky130_sram_1kbyte_1rw1r_32x256_8)
                                                         axi_rdata_o[11] (net)
                      0.004350    0.000170   10.624015 ^ axi_rdata_o[11] (out)
                                             10.624015   data arrival time

                                 20.000000   20.000000   clock clk_i (rise edge)
                                  0.000000   20.000000   clock network delay (propagated)
                                 -0.250000   19.750002   clock uncertainty
                                  0.000000   19.750002   clock reconvergence pessimism
                                 -2.000000   17.750002   output external delay
                                             17.750002   data required time
---------------------------------------------------------------------------------------------
                                             17.750002   data required time
                                            -10.624015   data arrival time
---------------------------------------------------------------------------------------------
                                              7.125986   slack (MET)


Startpoint: u_sram (falling edge-triggered flip-flop clocked by clk_i)
Endpoint: axi_rdata_o[19] (output port clocked by clk_i)
Path Group: clk_i
Path Type: max

Fanout         Cap        Slew       Delay        Time   Description
---------------------------------------------------------------------------------------------
                                 10.000000   10.000000   clock clk_i (fall edge)
                                  0.000000   10.000000   clock source latency
     2    0.081042    0.000000    0.000000   10.000000 v clk_i (in)
                                                         clk_i (net)
                      0.015997    0.007999   10.007999 v clkbuf_0_clk_i/A (sky130_fd_sc_hd__clkbuf_16)
     2    0.039728    0.035058    0.102103   10.110103 v clkbuf_0_clk_i/X (sky130_fd_sc_hd__clkbuf_16)
                                                         clknet_0_clk_i (net)
                      0.035232    0.002228   10.112329 v clkbuf_1_0__f_clk_i/A (sky130_fd_sc_hd__clkbuf_16)
     1    0.066718    0.044914    0.113185   10.225515 v clkbuf_1_0__f_clk_i/X (sky130_fd_sc_hd__clkbuf_16)
                                                         clknet_1_0__leaf_clk_i (net)
                      0.083967    0.021893   10.247408 v u_sram/clk0 (sky130_sram_1kbyte_1rw1r_32x256_8)
     1    0.008376    0.005791    0.376341   10.623749 ^ u_sram/dout0[19] (sky130_sram_1kbyte_1rw1r_32x256_8)
                                                         axi_rdata_o[19] (net)
                      0.004343    0.000179   10.623927 ^ axi_rdata_o[19] (out)
                                             10.623927   data arrival time

                                 20.000000   20.000000   clock clk_i (rise edge)
                                  0.000000   20.000000   clock network delay (propagated)
                                 -0.250000   19.750002   clock uncertainty
                                  0.000000   19.750002   clock reconvergence pessimism
                                 -2.000000   17.750002   output external delay
                                             17.750002   data required time
---------------------------------------------------------------------------------------------
                                             17.750002   data required time
                                            -10.623927   data arrival time
---------------------------------------------------------------------------------------------
                                              7.126074   slack (MET)


Startpoint: u_sram (falling edge-triggered flip-flop clocked by clk_i)
Endpoint: axi_rdata_o[12] (output port clocked by clk_i)
Path Group: clk_i
Path Type: max

Fanout         Cap        Slew       Delay        Time   Description
---------------------------------------------------------------------------------------------
                                 10.000000   10.000000   clock clk_i (fall edge)
                                  0.000000   10.000000   clock source latency
     2    0.081042    0.000000    0.000000   10.000000 v clk_i (in)
                                                         clk_i (net)
                      0.015997    0.007999   10.007999 v clkbuf_0_clk_i/A (sky130_fd_sc_hd__clkbuf_16)
     2    0.039728    0.035058    0.102103   10.110103 v clkbuf_0_clk_i/X (sky130_fd_sc_hd__clkbuf_16)
                                                         clknet_0_clk_i (net)
                      0.035232    0.002228   10.112329 v clkbuf_1_0__f_clk_i/A (sky130_fd_sc_hd__clkbuf_16)
     1    0.066718    0.044914    0.113185   10.225515 v clkbuf_1_0__f_clk_i/X (sky130_fd_sc_hd__clkbuf_16)
                                                         clknet_1_0__leaf_clk_i (net)
                      0.083967    0.021893   10.247408 v u_sram/clk0 (sky130_sram_1kbyte_1rw1r_32x256_8)
     1    0.008364    0.005784    0.376272   10.623680 ^ u_sram/dout0[12] (sky130_sram_1kbyte_1rw1r_32x256_8)
                                                         axi_rdata_o[12] (net)
                      0.004338    0.000168   10.623848 ^ axi_rdata_o[12] (out)
                                             10.623848   data arrival time

                                 20.000000   20.000000   clock clk_i (rise edge)
                                  0.000000   20.000000   clock network delay (propagated)
                                 -0.250000   19.750002   clock uncertainty
                                  0.000000   19.750002   clock reconvergence pessimism
                                 -2.000000   17.750002   output external delay
                                             17.750002   data required time
---------------------------------------------------------------------------------------------
                                             17.750002   data required time
                                            -10.623848   data arrival time
---------------------------------------------------------------------------------------------
                                              7.126153   slack (MET)


Startpoint: u_sram (falling edge-triggered flip-flop clocked by clk_i)
Endpoint: axi_rdata_o[22] (output port clocked by clk_i)
Path Group: clk_i
Path Type: max

Fanout         Cap        Slew       Delay        Time   Description
---------------------------------------------------------------------------------------------
                                 10.000000   10.000000   clock clk_i (fall edge)
                                  0.000000   10.000000   clock source latency
     2    0.081042    0.000000    0.000000   10.000000 v clk_i (in)
                                                         clk_i (net)
                      0.015997    0.007999   10.007999 v clkbuf_0_clk_i/A (sky130_fd_sc_hd__clkbuf_16)
     2    0.039728    0.035058    0.102103   10.110103 v clkbuf_0_clk_i/X (sky130_fd_sc_hd__clkbuf_16)
                                                         clknet_0_clk_i (net)
                      0.035232    0.002228   10.112329 v clkbuf_1_0__f_clk_i/A (sky130_fd_sc_hd__clkbuf_16)
     1    0.066718    0.044914    0.113185   10.225515 v clkbuf_1_0__f_clk_i/X (sky130_fd_sc_hd__clkbuf_16)
                                                         clknet_1_0__leaf_clk_i (net)
                      0.083967    0.021893   10.247408 v u_sram/clk0 (sky130_sram_1kbyte_1rw1r_32x256_8)
     1    0.008329    0.005766    0.376073   10.623480 ^ u_sram/dout0[22] (sky130_sram_1kbyte_1rw1r_32x256_8)
                                                         axi_rdata_o[22] (net)
                      0.004324    0.000167   10.623647 ^ axi_rdata_o[22] (out)
                                             10.623647   data arrival time

                                 20.000000   20.000000   clock clk_i (rise edge)
                                  0.000000   20.000000   clock network delay (propagated)
                                 -0.250000   19.750002   clock uncertainty
                                  0.000000   19.750002   clock reconvergence pessimism
                                 -2.000000   17.750002   output external delay
                                             17.750002   data required time
---------------------------------------------------------------------------------------------
                                             17.750002   data required time
                                            -10.623647   data arrival time
---------------------------------------------------------------------------------------------
                                              7.126354   slack (MET)


Startpoint: u_sram (falling edge-triggered flip-flop clocked by clk_i)
Endpoint: axi_rdata_o[13] (output port clocked by clk_i)
Path Group: clk_i
Path Type: max

Fanout         Cap        Slew       Delay        Time   Description
---------------------------------------------------------------------------------------------
                                 10.000000   10.000000   clock clk_i (fall edge)
                                  0.000000   10.000000   clock source latency
     2    0.081042    0.000000    0.000000   10.000000 v clk_i (in)
                                                         clk_i (net)
                      0.015997    0.007999   10.007999 v clkbuf_0_clk_i/A (sky130_fd_sc_hd__clkbuf_16)
     2    0.039728    0.035058    0.102103   10.110103 v clkbuf_0_clk_i/X (sky130_fd_sc_hd__clkbuf_16)
                                                         clknet_0_clk_i (net)
                      0.035232    0.002228   10.112329 v clkbuf_1_0__f_clk_i/A (sky130_fd_sc_hd__clkbuf_16)
     1    0.066718    0.044914    0.113185   10.225515 v clkbuf_1_0__f_clk_i/X (sky130_fd_sc_hd__clkbuf_16)
                                                         clknet_1_0__leaf_clk_i (net)
                      0.083967    0.021893   10.247408 v u_sram/clk0 (sky130_sram_1kbyte_1rw1r_32x256_8)
     1    0.008326    0.005764    0.376058   10.623466 ^ u_sram/dout0[13] (sky130_sram_1kbyte_1rw1r_32x256_8)
                                                         axi_rdata_o[13] (net)
                      0.004323    0.000167   10.623633 ^ axi_rdata_o[13] (out)
                                             10.623633   data arrival time

                                 20.000000   20.000000   clock clk_i (rise edge)
                                  0.000000   20.000000   clock network delay (propagated)
                                 -0.250000   19.750002   clock uncertainty
                                  0.000000   19.750002   clock reconvergence pessimism
                                 -2.000000   17.750002   output external delay
                                             17.750002   data required time
---------------------------------------------------------------------------------------------
                                             17.750002   data required time
                                            -10.623633   data arrival time
---------------------------------------------------------------------------------------------
                                              7.126368   slack (MET)


Startpoint: u_sram (falling edge-triggered flip-flop clocked by clk_i)
Endpoint: axi_rdata_o[9] (output port clocked by clk_i)
Path Group: clk_i
Path Type: max

Fanout         Cap        Slew       Delay        Time   Description
---------------------------------------------------------------------------------------------
                                 10.000000   10.000000   clock clk_i (fall edge)
                                  0.000000   10.000000   clock source latency
     2    0.081042    0.000000    0.000000   10.000000 v clk_i (in)
                                                         clk_i (net)
                      0.015997    0.007999   10.007999 v clkbuf_0_clk_i/A (sky130_fd_sc_hd__clkbuf_16)
     2    0.039728    0.035058    0.102103   10.110103 v clkbuf_0_clk_i/X (sky130_fd_sc_hd__clkbuf_16)
                                                         clknet_0_clk_i (net)
                      0.035232    0.002228   10.112329 v clkbuf_1_0__f_clk_i/A (sky130_fd_sc_hd__clkbuf_16)
     1    0.066718    0.044914    0.113185   10.225515 v clkbuf_1_0__f_clk_i/X (sky130_fd_sc_hd__clkbuf_16)
                                                         clknet_1_0__leaf_clk_i (net)
                      0.083967    0.021893   10.247408 v u_sram/clk0 (sky130_sram_1kbyte_1rw1r_32x256_8)
     1    0.007287    0.005212    0.370231   10.617639 ^ u_sram/dout0[9] (sky130_sram_1kbyte_1rw1r_32x256_8)
                                                         axi_rdata_o[9] (net)
                      0.003909    0.000129   10.617767 ^ axi_rdata_o[9] (out)
                                             10.617767   data arrival time

                                 20.000000   20.000000   clock clk_i (rise edge)
                                  0.000000   20.000000   clock network delay (propagated)
                                 -0.250000   19.750002   clock uncertainty
                                  0.000000   19.750002   clock reconvergence pessimism
                                 -2.000000   17.750002   output external delay
                                             17.750002   data required time
---------------------------------------------------------------------------------------------
                                             17.750002   data required time
                                            -10.617767   data arrival time
---------------------------------------------------------------------------------------------
                                              7.132234   slack (MET)


Startpoint: u_sram (falling edge-triggered flip-flop clocked by clk_i)
Endpoint: axi_rdata_o[21] (output port clocked by clk_i)
Path Group: clk_i
Path Type: max

Fanout         Cap        Slew       Delay        Time   Description
---------------------------------------------------------------------------------------------
                                 10.000000   10.000000   clock clk_i (fall edge)
                                  0.000000   10.000000   clock source latency
     2    0.081042    0.000000    0.000000   10.000000 v clk_i (in)
                                                         clk_i (net)
                      0.015997    0.007999   10.007999 v clkbuf_0_clk_i/A (sky130_fd_sc_hd__clkbuf_16)
     2    0.039728    0.035058    0.102103   10.110103 v clkbuf_0_clk_i/X (sky130_fd_sc_hd__clkbuf_16)
                                                         clknet_0_clk_i (net)
                      0.035232    0.002228   10.112329 v clkbuf_1_0__f_clk_i/A (sky130_fd_sc_hd__clkbuf_16)
     1    0.066718    0.044914    0.113185   10.225515 v clkbuf_1_0__f_clk_i/X (sky130_fd_sc_hd__clkbuf_16)
                                                         clknet_1_0__leaf_clk_i (net)
                      0.083967    0.021893   10.247408 v u_sram/clk0 (sky130_sram_1kbyte_1rw1r_32x256_8)
     1    0.007228    0.005180    0.369899   10.617307 ^ u_sram/dout0[21] (sky130_sram_1kbyte_1rw1r_32x256_8)
                                                         axi_rdata_o[21] (net)
                      0.003885    0.000127   10.617434 ^ axi_rdata_o[21] (out)
                                             10.617434   data arrival time

                                 20.000000   20.000000   clock clk_i (rise edge)
                                  0.000000   20.000000   clock network delay (propagated)
                                 -0.250000   19.750002   clock uncertainty
                                  0.000000   19.750002   clock reconvergence pessimism
                                 -2.000000   17.750002   output external delay
                                             17.750002   data required time
---------------------------------------------------------------------------------------------
                                             17.750002   data required time
                                            -10.617434   data arrival time
---------------------------------------------------------------------------------------------
                                              7.132567   slack (MET)


Startpoint: u_sram (falling edge-triggered flip-flop clocked by clk_i)
Endpoint: axi_rdata_o[29] (output port clocked by clk_i)
Path Group: clk_i
Path Type: max

Fanout         Cap        Slew       Delay        Time   Description
---------------------------------------------------------------------------------------------
                                 10.000000   10.000000   clock clk_i (fall edge)
                                  0.000000   10.000000   clock source latency
     2    0.081042    0.000000    0.000000   10.000000 v clk_i (in)
                                                         clk_i (net)
                      0.015997    0.007999   10.007999 v clkbuf_0_clk_i/A (sky130_fd_sc_hd__clkbuf_16)
     2    0.039728    0.035058    0.102103   10.110103 v clkbuf_0_clk_i/X (sky130_fd_sc_hd__clkbuf_16)
                                                         clknet_0_clk_i (net)
                      0.035232    0.002228   10.112329 v clkbuf_1_0__f_clk_i/A (sky130_fd_sc_hd__clkbuf_16)
     1    0.066718    0.044914    0.113185   10.225515 v clkbuf_1_0__f_clk_i/X (sky130_fd_sc_hd__clkbuf_16)
                                                         clknet_1_0__leaf_clk_i (net)
                      0.083967    0.021893   10.247408 v u_sram/clk0 (sky130_sram_1kbyte_1rw1r_32x256_8)
     1    0.007173    0.005151    0.369590   10.616998 ^ u_sram/dout0[29] (sky130_sram_1kbyte_1rw1r_32x256_8)
                                                         axi_rdata_o[29] (net)
                      0.003863    0.000125   10.617123 ^ axi_rdata_o[29] (out)
                                             10.617123   data arrival time

                                 20.000000   20.000000   clock clk_i (rise edge)
                                  0.000000   20.000000   clock network delay (propagated)
                                 -0.250000   19.750002   clock uncertainty
                                  0.000000   19.750002   clock reconvergence pessimism
                                 -2.000000   17.750002   output external delay
                                             17.750002   data required time
---------------------------------------------------------------------------------------------
                                             17.750002   data required time
                                            -10.617123   data arrival time
---------------------------------------------------------------------------------------------
                                              7.132878   slack (MET)


Startpoint: u_sram (falling edge-triggered flip-flop clocked by clk_i)
Endpoint: axi_rdata_o[26] (output port clocked by clk_i)
Path Group: clk_i
Path Type: max

Fanout         Cap        Slew       Delay        Time   Description
---------------------------------------------------------------------------------------------
                                 10.000000   10.000000   clock clk_i (fall edge)
                                  0.000000   10.000000   clock source latency
     2    0.081042    0.000000    0.000000   10.000000 v clk_i (in)
                                                         clk_i (net)
                      0.015997    0.007999   10.007999 v clkbuf_0_clk_i/A (sky130_fd_sc_hd__clkbuf_16)
     2    0.039728    0.035058    0.102103   10.110103 v clkbuf_0_clk_i/X (sky130_fd_sc_hd__clkbuf_16)
                                                         clknet_0_clk_i (net)
                      0.035232    0.002228   10.112329 v clkbuf_1_0__f_clk_i/A (sky130_fd_sc_hd__clkbuf_16)
     1    0.066718    0.044914    0.113185   10.225515 v clkbuf_1_0__f_clk_i/X (sky130_fd_sc_hd__clkbuf_16)
                                                         clknet_1_0__leaf_clk_i (net)
                      0.083967    0.021893   10.247408 v u_sram/clk0 (sky130_sram_1kbyte_1rw1r_32x256_8)
     1    0.007145    0.005136    0.369430   10.616838 ^ u_sram/dout0[26] (sky130_sram_1kbyte_1rw1r_32x256_8)
                                                         axi_rdata_o[26] (net)
                      0.003852    0.000124   10.616961 ^ axi_rdata_o[26] (out)
                                             10.616961   data arrival time

                                 20.000000   20.000000   clock clk_i (rise edge)
                                  0.000000   20.000000   clock network delay (propagated)
                                 -0.250000   19.750002   clock uncertainty
                                  0.000000   19.750002   clock reconvergence pessimism
                                 -2.000000   17.750002   output external delay
                                             17.750002   data required time
---------------------------------------------------------------------------------------------
                                             17.750002   data required time
                                            -10.616961   data arrival time
---------------------------------------------------------------------------------------------
                                              7.133039   slack (MET)


Startpoint: u_sram (falling edge-triggered flip-flop clocked by clk_i)
Endpoint: axi_rdata_o[31] (output port clocked by clk_i)
Path Group: clk_i
Path Type: max

Fanout         Cap        Slew       Delay        Time   Description
---------------------------------------------------------------------------------------------
                                 10.000000   10.000000   clock clk_i (fall edge)
                                  0.000000   10.000000   clock source latency
     2    0.081042    0.000000    0.000000   10.000000 v clk_i (in)
                                                         clk_i (net)
                      0.015997    0.007999   10.007999 v clkbuf_0_clk_i/A (sky130_fd_sc_hd__clkbuf_16)
     2    0.039728    0.035058    0.102103   10.110103 v clkbuf_0_clk_i/X (sky130_fd_sc_hd__clkbuf_16)
                                                         clknet_0_clk_i (net)
                      0.035232    0.002228   10.112329 v clkbuf_1_0__f_clk_i/A (sky130_fd_sc_hd__clkbuf_16)
     1    0.066718    0.044914    0.113185   10.225515 v clkbuf_1_0__f_clk_i/X (sky130_fd_sc_hd__clkbuf_16)
                                                         clknet_1_0__leaf_clk_i (net)
                      0.083967    0.021893   10.247408 v u_sram/clk0 (sky130_sram_1kbyte_1rw1r_32x256_8)
     1    0.007145    0.005136    0.369430   10.616838 ^ u_sram/dout0[31] (sky130_sram_1kbyte_1rw1r_32x256_8)
                                                         axi_rdata_o[31] (net)
                      0.003852    0.000124   10.616961 ^ axi_rdata_o[31] (out)
                                             10.616961   data arrival time

                                 20.000000   20.000000   clock clk_i (rise edge)
                                  0.000000   20.000000   clock network delay (propagated)
                                 -0.250000   19.750002   clock uncertainty
                                  0.000000   19.750002   clock reconvergence pessimism
                                 -2.000000   17.750002   output external delay
                                             17.750002   data required time
---------------------------------------------------------------------------------------------
                                             17.750002   data required time
                                            -10.616961   data arrival time
---------------------------------------------------------------------------------------------
                                              7.133039   slack (MET)


Startpoint: u_sram (falling edge-triggered flip-flop clocked by clk_i)
Endpoint: axi_rdata_o[28] (output port clocked by clk_i)
Path Group: clk_i
Path Type: max

Fanout         Cap        Slew       Delay        Time   Description
---------------------------------------------------------------------------------------------
                                 10.000000   10.000000   clock clk_i (fall edge)
                                  0.000000   10.000000   clock source latency
     2    0.081042    0.000000    0.000000   10.000000 v clk_i (in)
                                                         clk_i (net)
                      0.015997    0.007999   10.007999 v clkbuf_0_clk_i/A (sky130_fd_sc_hd__clkbuf_16)
     2    0.039728    0.035058    0.102103   10.110103 v clkbuf_0_clk_i/X (sky130_fd_sc_hd__clkbuf_16)
                                                         clknet_0_clk_i (net)
                      0.035232    0.002228   10.112329 v clkbuf_1_0__f_clk_i/A (sky130_fd_sc_hd__clkbuf_16)
     1    0.066718    0.044914    0.113185   10.225515 v clkbuf_1_0__f_clk_i/X (sky130_fd_sc_hd__clkbuf_16)
                                                         clknet_1_0__leaf_clk_i (net)
                      0.083967    0.021893   10.247408 v u_sram/clk0 (sky130_sram_1kbyte_1rw1r_32x256_8)
     1    0.007141    0.005134    0.369409   10.616817 ^ u_sram/dout0[28] (sky130_sram_1kbyte_1rw1r_32x256_8)
                                                         axi_rdata_o[28] (net)
                      0.003850    0.000124   10.616941 ^ axi_rdata_o[28] (out)
                                             10.616941   data arrival time

                                 20.000000   20.000000   clock clk_i (rise edge)
                                  0.000000   20.000000   clock network delay (propagated)
                                 -0.250000   19.750002   clock uncertainty
                                  0.000000   19.750002   clock reconvergence pessimism
                                 -2.000000   17.750002   output external delay
                                             17.750002   data required time
---------------------------------------------------------------------------------------------
                                             17.750002   data required time
                                            -10.616941   data arrival time
---------------------------------------------------------------------------------------------
                                              7.133060   slack (MET)


Startpoint: u_sram (falling edge-triggered flip-flop clocked by clk_i)
Endpoint: axi_rdata_o[27] (output port clocked by clk_i)
Path Group: clk_i
Path Type: max

Fanout         Cap        Slew       Delay        Time   Description
---------------------------------------------------------------------------------------------
                                 10.000000   10.000000   clock clk_i (fall edge)
                                  0.000000   10.000000   clock source latency
     2    0.081042    0.000000    0.000000   10.000000 v clk_i (in)
                                                         clk_i (net)
                      0.015997    0.007999   10.007999 v clkbuf_0_clk_i/A (sky130_fd_sc_hd__clkbuf_16)
     2    0.039728    0.035058    0.102103   10.110103 v clkbuf_0_clk_i/X (sky130_fd_sc_hd__clkbuf_16)
                                                         clknet_0_clk_i (net)
                      0.035232    0.002228   10.112329 v clkbuf_1_0__f_clk_i/A (sky130_fd_sc_hd__clkbuf_16)
     1    0.066718    0.044914    0.113185   10.225515 v clkbuf_1_0__f_clk_i/X (sky130_fd_sc_hd__clkbuf_16)
                                                         clknet_1_0__leaf_clk_i (net)
                      0.083967    0.021893   10.247408 v u_sram/clk0 (sky130_sram_1kbyte_1rw1r_32x256_8)
     1    0.007128    0.005127    0.369337   10.616744 ^ u_sram/dout0[27] (sky130_sram_1kbyte_1rw1r_32x256_8)
                                                         axi_rdata_o[27] (net)
                      0.003845    0.000124   10.616869 ^ axi_rdata_o[27] (out)
                                             10.616869   data arrival time

                                 20.000000   20.000000   clock clk_i (rise edge)
                                  0.000000   20.000000   clock network delay (propagated)
                                 -0.250000   19.750002   clock uncertainty
                                  0.000000   19.750002   clock reconvergence pessimism
                                 -2.000000   17.750002   output external delay
                                             17.750002   data required time
---------------------------------------------------------------------------------------------
                                             17.750002   data required time
                                            -10.616869   data arrival time
---------------------------------------------------------------------------------------------
                                              7.133132   slack (MET)


Startpoint: u_sram (falling edge-triggered flip-flop clocked by clk_i)
Endpoint: axi_rdata_o[25] (output port clocked by clk_i)
Path Group: clk_i
Path Type: max

Fanout         Cap        Slew       Delay        Time   Description
---------------------------------------------------------------------------------------------
                                 10.000000   10.000000   clock clk_i (fall edge)
                                  0.000000   10.000000   clock source latency
     2    0.081042    0.000000    0.000000   10.000000 v clk_i (in)
                                                         clk_i (net)
                      0.015997    0.007999   10.007999 v clkbuf_0_clk_i/A (sky130_fd_sc_hd__clkbuf_16)
     2    0.039728    0.035058    0.102103   10.110103 v clkbuf_0_clk_i/X (sky130_fd_sc_hd__clkbuf_16)
                                                         clknet_0_clk_i (net)
                      0.035232    0.002228   10.112329 v clkbuf_1_0__f_clk_i/A (sky130_fd_sc_hd__clkbuf_16)
     1    0.066718    0.044914    0.113185   10.225515 v clkbuf_1_0__f_clk_i/X (sky130_fd_sc_hd__clkbuf_16)
                                                         clknet_1_0__leaf_clk_i (net)
                      0.083967    0.021893   10.247408 v u_sram/clk0 (sky130_sram_1kbyte_1rw1r_32x256_8)
     1    0.007125    0.005125    0.369316   10.616724 ^ u_sram/dout0[25] (sky130_sram_1kbyte_1rw1r_32x256_8)
                                                         axi_rdata_o[25] (net)
                      0.003844    0.000124   10.616848 ^ axi_rdata_o[25] (out)
                                             10.616848   data arrival time

                                 20.000000   20.000000   clock clk_i (rise edge)
                                  0.000000   20.000000   clock network delay (propagated)
                                 -0.250000   19.750002   clock uncertainty
                                  0.000000   19.750002   clock reconvergence pessimism
                                 -2.000000   17.750002   output external delay
                                             17.750002   data required time
---------------------------------------------------------------------------------------------
                                             17.750002   data required time
                                            -10.616848   data arrival time
---------------------------------------------------------------------------------------------
                                              7.133153   slack (MET)


Startpoint: u_sram (falling edge-triggered flip-flop clocked by clk_i)
Endpoint: axi_rdata_o[30] (output port clocked by clk_i)
Path Group: clk_i
Path Type: max

Fanout         Cap        Slew       Delay        Time   Description
---------------------------------------------------------------------------------------------
                                 10.000000   10.000000   clock clk_i (fall edge)
                                  0.000000   10.000000   clock source latency
     2    0.081042    0.000000    0.000000   10.000000 v clk_i (in)
                                                         clk_i (net)
                      0.015997    0.007999   10.007999 v clkbuf_0_clk_i/A (sky130_fd_sc_hd__clkbuf_16)
     2    0.039728    0.035058    0.102103   10.110103 v clkbuf_0_clk_i/X (sky130_fd_sc_hd__clkbuf_16)
                                                         clknet_0_clk_i (net)
                      0.035232    0.002228   10.112329 v clkbuf_1_0__f_clk_i/A (sky130_fd_sc_hd__clkbuf_16)
     1    0.066718    0.044914    0.113185   10.225515 v clkbuf_1_0__f_clk_i/X (sky130_fd_sc_hd__clkbuf_16)
                                                         clknet_1_0__leaf_clk_i (net)
                      0.083967    0.021893   10.247408 v u_sram/clk0 (sky130_sram_1kbyte_1rw1r_32x256_8)
     1    0.007125    0.005125    0.369316   10.616724 ^ u_sram/dout0[30] (sky130_sram_1kbyte_1rw1r_32x256_8)
                                                         axi_rdata_o[30] (net)
                      0.003844    0.000124   10.616848 ^ axi_rdata_o[30] (out)
                                             10.616848   data arrival time

                                 20.000000   20.000000   clock clk_i (rise edge)
                                  0.000000   20.000000   clock network delay (propagated)
                                 -0.250000   19.750002   clock uncertainty
                                  0.000000   19.750002   clock reconvergence pessimism
                                 -2.000000   17.750002   output external delay
                                             17.750002   data required time
---------------------------------------------------------------------------------------------
                                             17.750002   data required time
                                            -10.616848   data arrival time
---------------------------------------------------------------------------------------------
                                              7.133153   slack (MET)


Startpoint: axi_wvalid_i (input port clocked by clk_i)
Endpoint: axi_wready_o (output port clocked by clk_i)
Path Group: clk_i
Path Type: max

Fanout         Cap        Slew       Delay        Time   Description
---------------------------------------------------------------------------------------------
                                  0.000000    0.000000   clock clk_i (rise edge)
                                  0.000000    0.000000   clock network delay (propagated)
                                  2.000000    2.000000 ^ input external delay
     2    0.009242    0.000000    0.000000    2.000000 ^ axi_wvalid_i (in)
                                                         axi_wvalid_i (net)
                      0.000267    0.000134    2.000134 ^ _23_/C (sky130_fd_sc_hd__and3_2)
    17    0.093011    0.347110    0.317306    2.317440 ^ _23_/X (sky130_fd_sc_hd__and3_2)
                                                         axi_awready_o (net)
                      0.347375    0.007990    2.325430 ^ _62_/A (sky130_fd_sc_hd__buf_2)
     1    0.001415    0.024526    0.089972    2.415402 ^ _62_/X (sky130_fd_sc_hd__buf_2)
                                                         axi_wready_o (net)
                      0.024526    0.000048    2.415450 ^ axi_wready_o (out)
                                              2.415450   data arrival time

                                 20.000000   20.000000   clock clk_i (rise edge)
                                  0.000000   20.000000   clock network delay (propagated)
                                 -0.250000   19.750002   clock uncertainty
                                  0.000000   19.750002   clock reconvergence pessimism
                                 -2.000000   17.750002   output external delay
                                             17.750002   data required time
---------------------------------------------------------------------------------------------
                                             17.750002   data required time
                                             -2.415450   data arrival time
---------------------------------------------------------------------------------------------
                                             15.334552   slack (MET)


Startpoint: axi_arvalid_i (input port clocked by clk_i)
Endpoint: axi_arready_o (output port clocked by clk_i)
Path Group: clk_i
Path Type: max

Fanout         Cap        Slew       Delay        Time   Description
---------------------------------------------------------------------------------------------
                                  0.000000    0.000000   clock clk_i (rise edge)
                                  0.000000    0.000000   clock network delay (propagated)
                                  2.000000    2.000000 ^ input external delay
     2    0.008978    0.000000    0.000000    2.000000 ^ axi_arvalid_i (in)
                                                         axi_arvalid_i (net)
                      0.000232    0.000116    2.000116 ^ _25_/B (sky130_fd_sc_hd__and2_2)
    11    0.064456    0.246285    0.227896    2.228012 ^ _25_/X (sky130_fd_sc_hd__and2_2)
                                                         _08_ (net)
                      0.246368    0.003777    2.231789 ^ _26_/B (sky130_fd_sc_hd__and2_2)
     1    0.001591    0.026582    0.107347    2.339136 ^ _26_/X (sky130_fd_sc_hd__and2_2)
                                                         axi_arready_o (net)
                      0.026582    0.000053    2.339189 ^ axi_arready_o (out)
                                              2.339189   data arrival time

                                 20.000000   20.000000   clock clk_i (rise edge)
                                  0.000000   20.000000   clock network delay (propagated)
                                 -0.250000   19.750002   clock uncertainty
                                  0.000000   19.750002   clock reconvergence pessimism
                                 -2.000000   17.750002   output external delay
                                             17.750002   data required time
---------------------------------------------------------------------------------------------
                                             17.750002   data required time
                                             -2.339189   data arrival time
---------------------------------------------------------------------------------------------
                                             15.410812   slack (MET)


Startpoint: axi_wvalid_i (input port clocked by clk_i)
Endpoint: axi_awready_o (output port clocked by clk_i)
Path Group: clk_i
Path Type: max

Fanout         Cap        Slew       Delay        Time   Description
---------------------------------------------------------------------------------------------
                                  0.000000    0.000000   clock clk_i (rise edge)
                                  0.000000    0.000000   clock network delay (propagated)
                                  2.000000    2.000000 ^ input external delay
     2    0.009242    0.000000    0.000000    2.000000 ^ axi_wvalid_i (in)
                                                         axi_wvalid_i (net)
                      0.000267    0.000134    2.000134 ^ _23_/C (sky130_fd_sc_hd__and3_2)
    17    0.093011    0.347110    0.317306    2.317440 ^ _23_/X (sky130_fd_sc_hd__and3_2)
                                                         axi_awready_o (net)
                      0.347232    0.005479    2.322919 ^ axi_awready_o (out)
                                              2.322919   data arrival time

                                 20.000000   20.000000   clock clk_i (rise edge)
                                  0.000000   20.000000   clock network delay (propagated)
                                 -0.250000   19.750002   clock uncertainty
                                  0.000000   19.750002   clock reconvergence pessimism
                                 -2.000000   17.750002   output external delay
                                             17.750002   data required time
---------------------------------------------------------------------------------------------
                                             17.750002   data required time
                                             -2.322919   data arrival time
---------------------------------------------------------------------------------------------
                                             15.427082   slack (MET)


Startpoint: _48_ (rising edge-triggered flip-flop clocked by clk_i)
Endpoint: axi_rvalid_o (output port clocked by clk_i)
Path Group: clk_i
Path Type: max

Fanout         Cap        Slew       Delay        Time   Description
---------------------------------------------------------------------------------------------
                                  0.000000    0.000000   clock clk_i (rise edge)
                                  0.000000    0.000000   clock source latency
     2    0.082968    0.000000    0.000000    0.000000 ^ clk_i (in)
                                                         clk_i (net)
                      0.009513    0.004756    0.004756 ^ clkbuf_regs_0_clk_i/A (sky130_fd_sc_hd__clkbuf_16)
     1    0.008543    0.023545    0.070604    0.075360 ^ clkbuf_regs_0_clk_i/X (sky130_fd_sc_hd__clkbuf_16)
                                                         clk_i_regs (net)
                      0.023550    0.000671    0.076031 ^ clkbuf_0_clk_i_regs/A (sky130_fd_sc_hd__clkbuf_16)
     2    0.019396    0.030738    0.081661    0.157692 ^ clkbuf_0_clk_i_regs/X (sky130_fd_sc_hd__clkbuf_16)
                                                         clknet_0_clk_i_regs (net)
                      0.030749    0.001048    0.158740 ^ clkbuf_1_1__f_clk_i_regs/A (sky130_fd_sc_hd__clkbuf_16)
     3    0.007854    0.023077    0.076038    0.234778 ^ clkbuf_1_1__f_clk_i_regs/X (sky130_fd_sc_hd__clkbuf_16)
                                                         clknet_1_1__leaf_clk_i_regs (net)
                      0.023079    0.000426    0.235204 ^ _48_/CLK (sky130_fd_sc_hd__dfrtp_2)
     3    0.012170    0.046147    0.257548    0.492752 v _48_/Q (sky130_fd_sc_hd__dfrtp_2)
                                                         axi_rvalid_o (net)
                      0.046170    0.000961    0.493713 v axi_rvalid_o (out)
                                              0.493713   data arrival time

                                 20.000000   20.000000   clock clk_i (rise edge)
                                  0.000000   20.000000   clock network delay (propagated)
                                 -0.250000   19.750002   clock uncertainty
                                  0.000000   19.750002   clock reconvergence pessimism
                                 -2.000000   17.750002   output external delay
                                             17.750002   data required time
---------------------------------------------------------------------------------------------
                                             17.750002   data required time
                                             -0.493713   data arrival time
---------------------------------------------------------------------------------------------
                                             17.256287   slack (MET)


Startpoint: _46_ (rising edge-triggered flip-flop clocked by clk_i)
Endpoint: axi_bvalid_o (output port clocked by clk_i)
Path Group: clk_i
Path Type: max

Fanout         Cap        Slew       Delay        Time   Description
---------------------------------------------------------------------------------------------
                                  0.000000    0.000000   clock clk_i (rise edge)
                                  0.000000    0.000000   clock source latency
     2    0.082968    0.000000    0.000000    0.000000 ^ clk_i (in)
                                                         clk_i (net)
                      0.009513    0.004756    0.004756 ^ clkbuf_regs_0_clk_i/A (sky130_fd_sc_hd__clkbuf_16)
     1    0.008543    0.023545    0.070604    0.075360 ^ clkbuf_regs_0_clk_i/X (sky130_fd_sc_hd__clkbuf_16)
                                                         clk_i_regs (net)
                      0.023550    0.000671    0.076031 ^ clkbuf_0_clk_i_regs/A (sky130_fd_sc_hd__clkbuf_16)
     2    0.019396    0.030738    0.081661    0.157692 ^ clkbuf_0_clk_i_regs/X (sky130_fd_sc_hd__clkbuf_16)
                                                         clknet_0_clk_i_regs (net)
                      0.030749    0.001048    0.158740 ^ clkbuf_1_1__f_clk_i_regs/A (sky130_fd_sc_hd__clkbuf_16)
     3    0.007854    0.023077    0.076038    0.234778 ^ clkbuf_1_1__f_clk_i_regs/X (sky130_fd_sc_hd__clkbuf_16)
                                                         clknet_1_1__leaf_clk_i_regs (net)
                      0.023079    0.000403    0.235181 ^ _46_/CLK (sky130_fd_sc_hd__dfrtp_2)
     3    0.011300    0.044240    0.255249    0.490430 v _46_/Q (sky130_fd_sc_hd__dfrtp_2)
                                                         axi_bvalid_o (net)
                      0.044334    0.001354    0.491784 v axi_bvalid_o (out)
                                              0.491784   data arrival time

                                 20.000000   20.000000   clock clk_i (rise edge)
                                  0.000000   20.000000   clock network delay (propagated)
                                 -0.250000   19.750002   clock uncertainty
                                  0.000000   19.750002   clock reconvergence pessimism
                                 -2.000000   17.750002   output external delay
                                             17.750002   data required time
---------------------------------------------------------------------------------------------
                                             17.750002   data required time
                                             -0.491784   data arrival time
---------------------------------------------------------------------------------------------
                                             17.258217   slack (MET)


Startpoint: axi_wvalid_i (input port clocked by clk_i)
Endpoint: u_sram (falling edge-triggered flip-flop clocked by clk_i)
Path Group: clk_i
Path Type: max

Fanout         Cap        Slew       Delay        Time   Description
---------------------------------------------------------------------------------------------
                                  0.000000    0.000000   clock clk_i (rise edge)
                                  0.000000    0.000000   clock network delay (propagated)
                                  2.000000    2.000000 ^ input external delay
     2    0.009242    0.000000    0.000000    2.000000 ^ axi_wvalid_i (in)
                                                         axi_wvalid_i (net)
                      0.000267    0.000134    2.000134 ^ _23_/C (sky130_fd_sc_hd__and3_2)
    17    0.093011    0.347110    0.317306    2.317440 ^ _23_/X (sky130_fd_sc_hd__and3_2)
                                                         axi_awready_o (net)
                      0.348485    0.017750    2.335189 ^ _42_/B (sky130_fd_sc_hd__and2_2)
     1    0.014701    0.068243    0.153541    2.488730 ^ _42_/X (sky130_fd_sc_hd__and2_2)
                                                         sram_wmask0[2] (net)
                      0.091013    0.001030    2.489760 ^ u_sram/wmask0[2] (sky130_sram_1kbyte_1rw1r_32x256_8)
                                              2.489760   data arrival time

                                 20.000000   20.000000   clock clk_i (rise edge)
                                  0.000000   20.000000   clock source latency
     2    0.082968    0.000000    0.000000   20.000000 ^ clk_i (in)
                                                         clk_i (net)
                      0.016545    0.008272   20.008272 ^ clkbuf_0_clk_i/A (sky130_fd_sc_hd__clkbuf_16)
     2    0.041654    0.046201    0.093291   20.101564 ^ clkbuf_0_clk_i/X (sky130_fd_sc_hd__clkbuf_16)
                                                         clknet_0_clk_i (net)
                      0.046409    0.002377   20.103941 ^ clkbuf_1_0__f_clk_i/A (sky130_fd_sc_hd__clkbuf_16)
     1    0.066718    0.063087    0.107434   20.211374 ^ clkbuf_1_0__f_clk_i/X (sky130_fd_sc_hd__clkbuf_16)
                                                         clknet_1_0__leaf_clk_i (net)
                      0.102866    0.022702   20.234076 ^ u_sram/clk0 (sky130_sram_1kbyte_1rw1r_32x256_8)
                                 -0.250000   19.984077   clock uncertainty
                                  0.000000   19.984077   clock reconvergence pessimism
                                 -0.103000   19.881077   library setup time
                                             19.881077   data required time
---------------------------------------------------------------------------------------------
                                             19.881077   data required time
                                             -2.489760   data arrival time
---------------------------------------------------------------------------------------------
                                             17.391317   slack (MET)


Startpoint: axi_wvalid_i (input port clocked by clk_i)
Endpoint: u_sram (falling edge-triggered flip-flop clocked by clk_i)
Path Group: clk_i
Path Type: max

Fanout         Cap        Slew       Delay        Time   Description
---------------------------------------------------------------------------------------------
                                  0.000000    0.000000   clock clk_i (rise edge)
                                  0.000000    0.000000   clock network delay (propagated)
                                  2.000000    2.000000 ^ input external delay
     2    0.009242    0.000000    0.000000    2.000000 ^ axi_wvalid_i (in)
                                                         axi_wvalid_i (net)
                      0.000267    0.000134    2.000134 ^ _23_/C (sky130_fd_sc_hd__and3_2)
    17    0.093011    0.347110    0.317306    2.317440 ^ _23_/X (sky130_fd_sc_hd__and3_2)
                                                         axi_awready_o (net)
                      0.348490    0.017780    2.335220 ^ _43_/B (sky130_fd_sc_hd__and2_2)
     1    0.014245    0.066724    0.152395    2.487615 ^ _43_/X (sky130_fd_sc_hd__and2_2)
                                                         sram_wmask0[3] (net)
                      0.088983    0.000917    2.488532 ^ u_sram/wmask0[3] (sky130_sram_1kbyte_1rw1r_32x256_8)
                                              2.488532   data arrival time

                                 20.000000   20.000000   clock clk_i (rise edge)
                                  0.000000   20.000000   clock source latency
     2    0.082968    0.000000    0.000000   20.000000 ^ clk_i (in)
                                                         clk_i (net)
                      0.016545    0.008272   20.008272 ^ clkbuf_0_clk_i/A (sky130_fd_sc_hd__clkbuf_16)
     2    0.041654    0.046201    0.093291   20.101564 ^ clkbuf_0_clk_i/X (sky130_fd_sc_hd__clkbuf_16)
                                                         clknet_0_clk_i (net)
                      0.046409    0.002377   20.103941 ^ clkbuf_1_0__f_clk_i/A (sky130_fd_sc_hd__clkbuf_16)
     1    0.066718    0.063087    0.107434   20.211374 ^ clkbuf_1_0__f_clk_i/X (sky130_fd_sc_hd__clkbuf_16)
                                                         clknet_1_0__leaf_clk_i (net)
                      0.102866    0.022702   20.234076 ^ u_sram/clk0 (sky130_sram_1kbyte_1rw1r_32x256_8)
                                 -0.250000   19.984077   clock uncertainty
                                  0.000000   19.984077   clock reconvergence pessimism
                                 -0.103000   19.881077   library setup time
                                             19.881077   data required time
---------------------------------------------------------------------------------------------
                                             19.881077   data required time
                                             -2.488532   data arrival time
---------------------------------------------------------------------------------------------
                                             17.392546   slack (MET)


Startpoint: axi_wvalid_i (input port clocked by clk_i)
Endpoint: u_sram (falling edge-triggered flip-flop clocked by clk_i)
Path Group: clk_i
Path Type: max

Fanout         Cap        Slew       Delay        Time   Description
---------------------------------------------------------------------------------------------
                                  0.000000    0.000000   clock clk_i (rise edge)
                                  0.000000    0.000000   clock network delay (propagated)
                                  2.000000    2.000000 ^ input external delay
     2    0.009242    0.000000    0.000000    2.000000 ^ axi_wvalid_i (in)
                                                         axi_wvalid_i (net)
                      0.000267    0.000134    2.000134 ^ _23_/C (sky130_fd_sc_hd__and3_2)
    17    0.093011    0.347110    0.317306    2.317440 ^ _23_/X (sky130_fd_sc_hd__and3_2)
                                                         axi_awready_o (net)
                      0.348471    0.017658    2.335098 ^ _40_/B (sky130_fd_sc_hd__and2_2)
     1    0.013529    0.064880    0.150256    2.485354 ^ _40_/X (sky130_fd_sc_hd__and2_2)
                                                         sram_wmask0[0] (net)
                      0.086524    0.000918    2.486272 ^ u_sram/wmask0[0] (sky130_sram_1kbyte_1rw1r_32x256_8)
                                              2.486272   data arrival time

                                 20.000000   20.000000   clock clk_i (rise edge)
                                  0.000000   20.000000   clock source latency
     2    0.082968    0.000000    0.000000   20.000000 ^ clk_i (in)
                                                         clk_i (net)
                      0.016545    0.008272   20.008272 ^ clkbuf_0_clk_i/A (sky130_fd_sc_hd__clkbuf_16)
     2    0.041654    0.046201    0.093291   20.101564 ^ clkbuf_0_clk_i/X (sky130_fd_sc_hd__clkbuf_16)
                                                         clknet_0_clk_i (net)
                      0.046409    0.002377   20.103941 ^ clkbuf_1_0__f_clk_i/A (sky130_fd_sc_hd__clkbuf_16)
     1    0.066718    0.063087    0.107434   20.211374 ^ clkbuf_1_0__f_clk_i/X (sky130_fd_sc_hd__clkbuf_16)
                                                         clknet_1_0__leaf_clk_i (net)
                      0.102866    0.022702   20.234076 ^ u_sram/clk0 (sky130_sram_1kbyte_1rw1r_32x256_8)
                                 -0.250000   19.984077   clock uncertainty
                                  0.000000   19.984077   clock reconvergence pessimism
                                 -0.103000   19.881077   library setup time
                                             19.881077   data required time
---------------------------------------------------------------------------------------------
                                             19.881077   data required time
                                             -2.486272   data arrival time
---------------------------------------------------------------------------------------------
                                             17.394804   slack (MET)


Startpoint: axi_wvalid_i (input port clocked by clk_i)
Endpoint: u_sram (falling edge-triggered flip-flop clocked by clk_i)
Path Group: clk_i
Path Type: max

Fanout         Cap        Slew       Delay        Time   Description
---------------------------------------------------------------------------------------------
                                  0.000000    0.000000   clock clk_i (rise edge)
                                  0.000000    0.000000   clock network delay (propagated)
                                  2.000000    2.000000 ^ input external delay
     2    0.009242    0.000000    0.000000    2.000000 ^ axi_wvalid_i (in)
                                                         axi_wvalid_i (net)
                      0.000267    0.000134    2.000134 ^ _23_/C (sky130_fd_sc_hd__and3_2)
    17    0.093011    0.347110    0.317306    2.317440 ^ _23_/X (sky130_fd_sc_hd__and3_2)
                                                         axi_awready_o (net)
                      0.348478    0.017702    2.335141 ^ _41_/B (sky130_fd_sc_hd__and2_2)
     1    0.013067    0.063821    0.148856    2.483997 ^ _41_/X (sky130_fd_sc_hd__and2_2)
                                                         sram_wmask0[1] (net)
                      0.085112    0.000893    2.484890 ^ u_sram/wmask0[1] (sky130_sram_1kbyte_1rw1r_32x256_8)
                                              2.484890   data arrival time

                                 20.000000   20.000000   clock clk_i (rise edge)
                                  0.000000   20.000000   clock source latency
     2    0.082968    0.000000    0.000000   20.000000 ^ clk_i (in)
                                                         clk_i (net)
                      0.016545    0.008272   20.008272 ^ clkbuf_0_clk_i/A (sky130_fd_sc_hd__clkbuf_16)
     2    0.041654    0.046201    0.093291   20.101564 ^ clkbuf_0_clk_i/X (sky130_fd_sc_hd__clkbuf_16)
                                                         clknet_0_clk_i (net)
                      0.046409    0.002377   20.103941 ^ clkbuf_1_0__f_clk_i/A (sky130_fd_sc_hd__clkbuf_16)
     1    0.066718    0.063087    0.107434   20.211374 ^ clkbuf_1_0__f_clk_i/X (sky130_fd_sc_hd__clkbuf_16)
                                                         clknet_1_0__leaf_clk_i (net)
                      0.102866    0.022702   20.234076 ^ u_sram/clk0 (sky130_sram_1kbyte_1rw1r_32x256_8)
                                 -0.250000   19.984077   clock uncertainty
                                  0.000000   19.984077   clock reconvergence pessimism
                                 -0.103000   19.881077   library setup time
                                             19.881077   data required time
---------------------------------------------------------------------------------------------
                                             19.881077   data required time
                                             -2.484890   data arrival time
---------------------------------------------------------------------------------------------
                                             17.396187   slack (MET)


Startpoint: axi_rready_i (input port clocked by clk_i)
Endpoint: _48_ (rising edge-triggered flip-flop clocked by clk_i)
Path Group: clk_i
Path Type: max

Fanout         Cap        Slew       Delay        Time   Description
---------------------------------------------------------------------------------------------
                                  0.000000    0.000000   clock clk_i (rise edge)
                                  0.000000    0.000000   clock network delay (propagated)
                                  2.000000    2.000000 ^ input external delay
     2    0.010293    0.000000    0.000000    2.000000 ^ axi_rready_i (in)
                                                         axi_rready_i (net)
                      0.000471    0.000236    2.000236 ^ _19_/A (sky130_fd_sc_hd__inv_2)
     1    0.003256    0.005462    0.009912    2.010148 v _19_/Y (sky130_fd_sc_hd__inv_2)
                                                         _04_ (net)
                      0.005475    0.000209    2.010356 v _27_/A2 (sky130_fd_sc_hd__a21o_2)
     1    0.003823    0.026733    0.121875    2.132231 v _27_/X (sky130_fd_sc_hd__a21o_2)
                                                         _03_ (net)
                      0.026733    0.000255    2.132487 v hold2/A (sky130_fd_sc_hd__dlygate4sd3_1)
     1    0.003272    0.040260    0.361075    2.493562 v hold2/X (sky130_fd_sc_hd__dlygate4sd3_1)
                                                         net2 (net)
                      0.040260    0.000210    2.493772 v _48_/D (sky130_fd_sc_hd__dfrtp_2)
                                              2.493772   data arrival time

                                 20.000000   20.000000   clock clk_i (rise edge)
                                  0.000000   20.000000   clock source latency
     2    0.082968    0.000000    0.000000   20.000000 ^ clk_i (in)
                                                         clk_i (net)
                      0.009513    0.004757   20.004757 ^ clkbuf_regs_0_clk_i/A (sky130_fd_sc_hd__clkbuf_16)
     1    0.008543    0.023545    0.070603   20.075361 ^ clkbuf_regs_0_clk_i/X (sky130_fd_sc_hd__clkbuf_16)
                                                         clk_i_regs (net)
                      0.023550    0.000671   20.076033 ^ clkbuf_0_clk_i_regs/A (sky130_fd_sc_hd__clkbuf_16)
     2    0.019396    0.030738    0.081661   20.157694 ^ clkbuf_0_clk_i_regs/X (sky130_fd_sc_hd__clkbuf_16)
                                                         clknet_0_clk_i_regs (net)
                      0.030749    0.001048   20.158741 ^ clkbuf_1_1__f_clk_i_regs/A (sky130_fd_sc_hd__clkbuf_16)
     3    0.007854    0.023077    0.076037   20.234777 ^ clkbuf_1_1__f_clk_i_regs/X (sky130_fd_sc_hd__clkbuf_16)
                                                         clknet_1_1__leaf_clk_i_regs (net)
                      0.023079    0.000426   20.235205 ^ _48_/CLK (sky130_fd_sc_hd__dfrtp_2)
                                 -0.250000   19.985205   clock uncertainty
                                  0.000000   19.985205   clock reconvergence pessimism
                                 -0.077475   19.907730   library setup time
                                             19.907730   data required time
---------------------------------------------------------------------------------------------
                                             19.907730   data required time
                                             -2.493772   data arrival time
---------------------------------------------------------------------------------------------
                                             17.413958   slack (MET)


Startpoint: axi_wvalid_i (input port clocked by clk_i)
Endpoint: u_sram (falling edge-triggered flip-flop clocked by clk_i)
Path Group: clk_i
Path Type: max

Fanout         Cap        Slew       Delay        Time   Description
---------------------------------------------------------------------------------------------
                                  0.000000    0.000000   clock clk_i (rise edge)
                                  0.000000    0.000000   clock network delay (propagated)
                                  2.000000    2.000000 ^ input external delay
     2    0.009242    0.000000    0.000000    2.000000 ^ axi_wvalid_i (in)
                                                         axi_wvalid_i (net)
                      0.000267    0.000134    2.000134 ^ _23_/C (sky130_fd_sc_hd__and3_2)
    17    0.093011    0.347110    0.317306    2.317440 ^ _23_/X (sky130_fd_sc_hd__and3_2)
                                                         axi_awready_o (net)
                      0.348308    0.016608    2.334048 ^ _32_/B1 (sky130_fd_sc_hd__a32o_2)
     1    0.017015    0.086296    0.120580    2.454628 ^ _32_/X (sky130_fd_sc_hd__a32o_2)
                                                         sram_addr0[0] (net)
                      0.115094    0.001414    2.456043 ^ u_sram/addr0[0] (sky130_sram_1kbyte_1rw1r_32x256_8)
                                              2.456043   data arrival time

                                 20.000000   20.000000   clock clk_i (rise edge)
                                  0.000000   20.000000   clock source latency
     2    0.082968    0.000000    0.000000   20.000000 ^ clk_i (in)
                                                         clk_i (net)
                      0.016545    0.008272   20.008272 ^ clkbuf_0_clk_i/A (sky130_fd_sc_hd__clkbuf_16)
     2    0.041654    0.046201    0.093291   20.101564 ^ clkbuf_0_clk_i/X (sky130_fd_sc_hd__clkbuf_16)
                                                         clknet_0_clk_i (net)
                      0.046409    0.002377   20.103941 ^ clkbuf_1_0__f_clk_i/A (sky130_fd_sc_hd__clkbuf_16)
     1    0.066718    0.063087    0.107434   20.211374 ^ clkbuf_1_0__f_clk_i/X (sky130_fd_sc_hd__clkbuf_16)
                                                         clknet_1_0__leaf_clk_i (net)
                      0.102866    0.022702   20.234076 ^ u_sram/clk0 (sky130_sram_1kbyte_1rw1r_32x256_8)
                                 -0.250000   19.984077   clock uncertainty
                                  0.000000   19.984077   clock reconvergence pessimism
                                 -0.103000   19.881077   library setup time
                                             19.881077   data required time
---------------------------------------------------------------------------------------------
                                             19.881077   data required time
                                             -2.456043   data arrival time
---------------------------------------------------------------------------------------------
                                             17.425034   slack (MET)


Startpoint: axi_wvalid_i (input port clocked by clk_i)
Endpoint: u_sram (falling edge-triggered flip-flop clocked by clk_i)
Path Group: clk_i
Path Type: max

Fanout         Cap        Slew       Delay        Time   Description
---------------------------------------------------------------------------------------------
                                  0.000000    0.000000   clock clk_i (rise edge)
                                  0.000000    0.000000   clock network delay (propagated)
                                  2.000000    2.000000 ^ input external delay
     2    0.009242    0.000000    0.000000    2.000000 ^ axi_wvalid_i (in)
                                                         axi_wvalid_i (net)
                      0.000267    0.000134    2.000134 ^ _23_/C (sky130_fd_sc_hd__and3_2)
    17    0.093011    0.347110    0.317306    2.317440 ^ _23_/X (sky130_fd_sc_hd__and3_2)
                                                         axi_awready_o (net)
                      0.347215    0.005085    2.322525 ^ _37_/B1 (sky130_fd_sc_hd__a32o_2)
     1    0.016505    0.084157    0.119123    2.441647 ^ _37_/X (sky130_fd_sc_hd__a32o_2)
                                                         sram_addr0[5] (net)
                      0.112231    0.001176    2.442823 ^ u_sram/addr0[5] (sky130_sram_1kbyte_1rw1r_32x256_8)
                                              2.442823   data arrival time

                                 20.000000   20.000000   clock clk_i (rise edge)
                                  0.000000   20.000000   clock source latency
     2    0.082968    0.000000    0.000000   20.000000 ^ clk_i (in)
                                                         clk_i (net)
                      0.016545    0.008272   20.008272 ^ clkbuf_0_clk_i/A (sky130_fd_sc_hd__clkbuf_16)
     2    0.041654    0.046201    0.093291   20.101564 ^ clkbuf_0_clk_i/X (sky130_fd_sc_hd__clkbuf_16)
                                                         clknet_0_clk_i (net)
                      0.046409    0.002377   20.103941 ^ clkbuf_1_0__f_clk_i/A (sky130_fd_sc_hd__clkbuf_16)
     1    0.066718    0.063087    0.107434   20.211374 ^ clkbuf_1_0__f_clk_i/X (sky130_fd_sc_hd__clkbuf_16)
                                                         clknet_1_0__leaf_clk_i (net)
                      0.102866    0.022702   20.234076 ^ u_sram/clk0 (sky130_sram_1kbyte_1rw1r_32x256_8)
                                 -0.250000   19.984077   clock uncertainty
                                  0.000000   19.984077   clock reconvergence pessimism
                                 -0.103000   19.881077   library setup time
                                             19.881077   data required time
---------------------------------------------------------------------------------------------
                                             19.881077   data required time
                                             -2.442823   data arrival time
---------------------------------------------------------------------------------------------
                                             17.438253   slack (MET)


Startpoint: axi_wvalid_i (input port clocked by clk_i)
Endpoint: u_sram (falling edge-triggered flip-flop clocked by clk_i)
Path Group: clk_i
Path Type: max

Fanout         Cap        Slew       Delay        Time   Description
---------------------------------------------------------------------------------------------
                                  0.000000    0.000000   clock clk_i (rise edge)
                                  0.000000    0.000000   clock network delay (propagated)
                                  2.000000    2.000000 ^ input external delay
     2    0.009242    0.000000    0.000000    2.000000 ^ axi_wvalid_i (in)
                                                         axi_wvalid_i (net)
                      0.000267    0.000134    2.000134 ^ _23_/C (sky130_fd_sc_hd__and3_2)
    17    0.093011    0.347110    0.317306    2.317440 ^ _23_/X (sky130_fd_sc_hd__and3_2)
                                                         axi_awready_o (net)
                      0.347223    0.005266    2.322706 ^ _39_/B1 (sky130_fd_sc_hd__a32o_2)
     1    0.015375    0.079413    0.115767    2.438473 ^ _39_/X (sky130_fd_sc_hd__a32o_2)
                                                         sram_addr0[7] (net)
                      0.105908    0.001166    2.439638 ^ u_sram/addr0[7] (sky130_sram_1kbyte_1rw1r_32x256_8)
                                              2.439638   data arrival time

                                 20.000000   20.000000   clock clk_i (rise edge)
                                  0.000000   20.000000   clock source latency
     2    0.082968    0.000000    0.000000   20.000000 ^ clk_i (in)
                                                         clk_i (net)
                      0.016545    0.008272   20.008272 ^ clkbuf_0_clk_i/A (sky130_fd_sc_hd__clkbuf_16)
     2    0.041654    0.046201    0.093291   20.101564 ^ clkbuf_0_clk_i/X (sky130_fd_sc_hd__clkbuf_16)
                                                         clknet_0_clk_i (net)
                      0.046409    0.002377   20.103941 ^ clkbuf_1_0__f_clk_i/A (sky130_fd_sc_hd__clkbuf_16)
     1    0.066718    0.063087    0.107434   20.211374 ^ clkbuf_1_0__f_clk_i/X (sky130_fd_sc_hd__clkbuf_16)
                                                         clknet_1_0__leaf_clk_i (net)
                      0.102866    0.022702   20.234076 ^ u_sram/clk0 (sky130_sram_1kbyte_1rw1r_32x256_8)
                                 -0.250000   19.984077   clock uncertainty
                                  0.000000   19.984077   clock reconvergence pessimism
                                 -0.103000   19.881077   library setup time
                                             19.881077   data required time
---------------------------------------------------------------------------------------------
                                             19.881077   data required time
                                             -2.439638   data arrival time
---------------------------------------------------------------------------------------------
                                             17.441439   slack (MET)


Startpoint: axi_wvalid_i (input port clocked by clk_i)
Endpoint: u_sram (falling edge-triggered flip-flop clocked by clk_i)
Path Group: clk_i
Path Type: max

Fanout         Cap        Slew       Delay        Time   Description
---------------------------------------------------------------------------------------------
                                  0.000000    0.000000   clock clk_i (rise edge)
                                  0.000000    0.000000   clock network delay (propagated)
                                  2.000000    2.000000 ^ input external delay
     2    0.009242    0.000000    0.000000    2.000000 ^ axi_wvalid_i (in)
                                                         axi_wvalid_i (net)
                      0.000267    0.000134    2.000134 ^ _23_/C (sky130_fd_sc_hd__and3_2)
    17    0.093011    0.347110    0.317306    2.317440 ^ _23_/X (sky130_fd_sc_hd__and3_2)
                                                         axi_awready_o (net)
                      0.347220    0.005207    2.322647 ^ _38_/B1 (sky130_fd_sc_hd__a32o_2)
     1    0.015178    0.078587    0.115134    2.437781 ^ _38_/X (sky130_fd_sc_hd__a32o_2)
                                                         sram_addr0[6] (net)
                      0.104804    0.001097    2.438878 ^ u_sram/addr0[6] (sky130_sram_1kbyte_1rw1r_32x256_8)
                                              2.438878   data arrival time

                                 20.000000   20.000000   clock clk_i (rise edge)
                                  0.000000   20.000000   clock source latency
     2    0.082968    0.000000    0.000000   20.000000 ^ clk_i (in)
                                                         clk_i (net)
                      0.016545    0.008272   20.008272 ^ clkbuf_0_clk_i/A (sky130_fd_sc_hd__clkbuf_16)
     2    0.041654    0.046201    0.093291   20.101564 ^ clkbuf_0_clk_i/X (sky130_fd_sc_hd__clkbuf_16)
                                                         clknet_0_clk_i (net)
                      0.046409    0.002377   20.103941 ^ clkbuf_1_0__f_clk_i/A (sky130_fd_sc_hd__clkbuf_16)
     1    0.066718    0.063087    0.107434   20.211374 ^ clkbuf_1_0__f_clk_i/X (sky130_fd_sc_hd__clkbuf_16)
                                                         clknet_1_0__leaf_clk_i (net)
                      0.102866    0.022702   20.234076 ^ u_sram/clk0 (sky130_sram_1kbyte_1rw1r_32x256_8)
                                 -0.250000   19.984077   clock uncertainty
                                  0.000000   19.984077   clock reconvergence pessimism
                                 -0.103000   19.881077   library setup time
                                             19.881077   data required time
---------------------------------------------------------------------------------------------
                                             19.881077   data required time
                                             -2.438878   data arrival time
---------------------------------------------------------------------------------------------
                                             17.442200   slack (MET)


Startpoint: axi_wvalid_i (input port clocked by clk_i)
Endpoint: u_sram (falling edge-triggered flip-flop clocked by clk_i)
Path Group: clk_i
Path Type: max

Fanout         Cap        Slew       Delay        Time   Description
---------------------------------------------------------------------------------------------
                                  0.000000    0.000000   clock clk_i (rise edge)
                                  0.000000    0.000000   clock network delay (propagated)
                                  2.000000    2.000000 ^ input external delay
     2    0.009242    0.000000    0.000000    2.000000 ^ axi_wvalid_i (in)
                                                         axi_wvalid_i (net)
                      0.000267    0.000134    2.000134 ^ _23_/C (sky130_fd_sc_hd__and3_2)
    17    0.093011    0.347110    0.317306    2.317440 ^ _23_/X (sky130_fd_sc_hd__and3_2)
                                                         axi_awready_o (net)
                      0.347210    0.004973    2.322413 ^ _35_/B1 (sky130_fd_sc_hd__a32o_2)
     1    0.014750    0.076801    0.113907    2.436320 ^ _35_/X (sky130_fd_sc_hd__a32o_2)
                                                         sram_addr0[3] (net)
                      0.102416    0.000945    2.437266 ^ u_sram/addr0[3] (sky130_sram_1kbyte_1rw1r_32x256_8)
                                              2.437266   data arrival time

                                 20.000000   20.000000   clock clk_i (rise edge)
                                  0.000000   20.000000   clock source latency
     2    0.082968    0.000000    0.000000   20.000000 ^ clk_i (in)
                                                         clk_i (net)
                      0.016545    0.008272   20.008272 ^ clkbuf_0_clk_i/A (sky130_fd_sc_hd__clkbuf_16)
     2    0.041654    0.046201    0.093291   20.101564 ^ clkbuf_0_clk_i/X (sky130_fd_sc_hd__clkbuf_16)
                                                         clknet_0_clk_i (net)
                      0.046409    0.002377   20.103941 ^ clkbuf_1_0__f_clk_i/A (sky130_fd_sc_hd__clkbuf_16)
     1    0.066718    0.063087    0.107434   20.211374 ^ clkbuf_1_0__f_clk_i/X (sky130_fd_sc_hd__clkbuf_16)
                                                         clknet_1_0__leaf_clk_i (net)
                      0.102866    0.022702   20.234076 ^ u_sram/clk0 (sky130_sram_1kbyte_1rw1r_32x256_8)
                                 -0.250000   19.984077   clock uncertainty
                                  0.000000   19.984077   clock reconvergence pessimism
                                 -0.103000   19.881077   library setup time
                                             19.881077   data required time
---------------------------------------------------------------------------------------------
                                             19.881077   data required time
                                             -2.437266   data arrival time
---------------------------------------------------------------------------------------------
                                             17.443810   slack (MET)


Startpoint: axi_wvalid_i (input port clocked by clk_i)
Endpoint: u_sram (falling edge-triggered flip-flop clocked by clk_i)
Path Group: clk_i
Path Type: max

Fanout         Cap        Slew       Delay        Time   Description
---------------------------------------------------------------------------------------------
                                  0.000000    0.000000   clock clk_i (rise edge)
                                  0.000000    0.000000   clock network delay (propagated)
                                  2.000000    2.000000 ^ input external delay
     2    0.009242    0.000000    0.000000    2.000000 ^ axi_wvalid_i (in)
                                                         axi_wvalid_i (net)
                      0.000267    0.000134    2.000134 ^ _23_/C (sky130_fd_sc_hd__and3_2)
    17    0.093011    0.347110    0.317306    2.317440 ^ _23_/X (sky130_fd_sc_hd__and3_2)
                                                         axi_awready_o (net)
                      0.347213    0.005033    2.322473 ^ _36_/B1 (sky130_fd_sc_hd__a32o_2)
     1    0.014559    0.075989    0.113282    2.435755 ^ _36_/X (sky130_fd_sc_hd__a32o_2)
                                                         sram_addr0[4] (net)
                      0.101343    0.001147    2.436902 ^ u_sram/addr0[4] (sky130_sram_1kbyte_1rw1r_32x256_8)
                                              2.436902   data arrival time

                                 20.000000   20.000000   clock clk_i (rise edge)
                                  0.000000   20.000000   clock source latency
     2    0.082968    0.000000    0.000000   20.000000 ^ clk_i (in)
                                                         clk_i (net)
                      0.016545    0.008272   20.008272 ^ clkbuf_0_clk_i/A (sky130_fd_sc_hd__clkbuf_16)
     2    0.041654    0.046201    0.093291   20.101564 ^ clkbuf_0_clk_i/X (sky130_fd_sc_hd__clkbuf_16)
                                                         clknet_0_clk_i (net)
                      0.046409    0.002377   20.103941 ^ clkbuf_1_0__f_clk_i/A (sky130_fd_sc_hd__clkbuf_16)
     1    0.066718    0.063087    0.107434   20.211374 ^ clkbuf_1_0__f_clk_i/X (sky130_fd_sc_hd__clkbuf_16)
                                                         clknet_1_0__leaf_clk_i (net)
                      0.102866    0.022702   20.234076 ^ u_sram/clk0 (sky130_sram_1kbyte_1rw1r_32x256_8)
                                 -0.250000   19.984077   clock uncertainty
                                  0.000000   19.984077   clock reconvergence pessimism
                                 -0.103000   19.881077   library setup time
                                             19.881077   data required time
---------------------------------------------------------------------------------------------
                                             19.881077   data required time
                                             -2.436902   data arrival time
---------------------------------------------------------------------------------------------
                                             17.444174   slack (MET)


Startpoint: axi_wvalid_i (input port clocked by clk_i)
Endpoint: u_sram (falling edge-triggered flip-flop clocked by clk_i)
Path Group: clk_i
Path Type: max

Fanout         Cap        Slew       Delay        Time   Description
---------------------------------------------------------------------------------------------
                                  0.000000    0.000000   clock clk_i (rise edge)
                                  0.000000    0.000000   clock network delay (propagated)
                                  2.000000    2.000000 ^ input external delay
     2    0.009242    0.000000    0.000000    2.000000 ^ axi_wvalid_i (in)
                                                         axi_wvalid_i (net)
                      0.000267    0.000134    2.000134 ^ _23_/C (sky130_fd_sc_hd__and3_2)
    17    0.093011    0.347110    0.317306    2.317440 ^ _23_/X (sky130_fd_sc_hd__and3_2)
                                                         axi_awready_o (net)
                      0.347208    0.004905    2.322344 ^ _34_/B1 (sky130_fd_sc_hd__a32o_2)
     1    0.013636    0.072135    0.110565    2.432909 ^ _34_/X (sky130_fd_sc_hd__a32o_2)
                                                         sram_addr0[2] (net)
                      0.096197    0.000972    2.433881 ^ u_sram/addr0[2] (sky130_sram_1kbyte_1rw1r_32x256_8)
                                              2.433881   data arrival time

                                 20.000000   20.000000   clock clk_i (rise edge)
                                  0.000000   20.000000   clock source latency
     2    0.082968    0.000000    0.000000   20.000000 ^ clk_i (in)
                                                         clk_i (net)
                      0.016545    0.008272   20.008272 ^ clkbuf_0_clk_i/A (sky130_fd_sc_hd__clkbuf_16)
     2    0.041654    0.046201    0.093291   20.101564 ^ clkbuf_0_clk_i/X (sky130_fd_sc_hd__clkbuf_16)
                                                         clknet_0_clk_i (net)
                      0.046409    0.002377   20.103941 ^ clkbuf_1_0__f_clk_i/A (sky130_fd_sc_hd__clkbuf_16)
     1    0.066718    0.063087    0.107434   20.211374 ^ clkbuf_1_0__f_clk_i/X (sky130_fd_sc_hd__clkbuf_16)
                                                         clknet_1_0__leaf_clk_i (net)
                      0.102866    0.022702   20.234076 ^ u_sram/clk0 (sky130_sram_1kbyte_1rw1r_32x256_8)
                                 -0.250000   19.984077   clock uncertainty
                                  0.000000   19.984077   clock reconvergence pessimism
                                 -0.103000   19.881077   library setup time
                                             19.881077   data required time
---------------------------------------------------------------------------------------------
                                             19.881077   data required time
                                             -2.433881   data arrival time
---------------------------------------------------------------------------------------------
                                             17.447197   slack (MET)


Startpoint: axi_wvalid_i (input port clocked by clk_i)
Endpoint: u_sram (falling edge-triggered flip-flop clocked by clk_i)
Path Group: clk_i
Path Type: max

Fanout         Cap        Slew       Delay        Time   Description
---------------------------------------------------------------------------------------------
                                  0.000000    0.000000   clock clk_i (rise edge)
                                  0.000000    0.000000   clock network delay (propagated)
                                  2.000000    2.000000 ^ input external delay
     2    0.009242    0.000000    0.000000    2.000000 ^ axi_wvalid_i (in)
                                                         axi_wvalid_i (net)
                      0.000267    0.000134    2.000134 ^ _23_/C (sky130_fd_sc_hd__and3_2)
    17    0.093011    0.347110    0.317306    2.317440 ^ _23_/X (sky130_fd_sc_hd__and3_2)
                                                         axi_awready_o (net)
                      0.347216    0.005103    2.322543 ^ _33_/B1 (sky130_fd_sc_hd__a32o_2)
     1    0.013040    0.069717    0.108757    2.431301 ^ _33_/X (sky130_fd_sc_hd__a32o_2)
                                                         sram_addr0[1] (net)
                      0.092970    0.000889    2.432189 ^ u_sram/addr0[1] (sky130_sram_1kbyte_1rw1r_32x256_8)
                                              2.432189   data arrival time

                                 20.000000   20.000000   clock clk_i (rise edge)
                                  0.000000   20.000000   clock source latency
     2    0.082968    0.000000    0.000000   20.000000 ^ clk_i (in)
                                                         clk_i (net)
                      0.016545    0.008272   20.008272 ^ clkbuf_0_clk_i/A (sky130_fd_sc_hd__clkbuf_16)
     2    0.041654    0.046201    0.093291   20.101564 ^ clkbuf_0_clk_i/X (sky130_fd_sc_hd__clkbuf_16)
                                                         clknet_0_clk_i (net)
                      0.046409    0.002377   20.103941 ^ clkbuf_1_0__f_clk_i/A (sky130_fd_sc_hd__clkbuf_16)
     1    0.066718    0.063087    0.107434   20.211374 ^ clkbuf_1_0__f_clk_i/X (sky130_fd_sc_hd__clkbuf_16)
                                                         clknet_1_0__leaf_clk_i (net)
                      0.102866    0.022702   20.234076 ^ u_sram/clk0 (sky130_sram_1kbyte_1rw1r_32x256_8)
                                 -0.250000   19.984077   clock uncertainty
                                  0.000000   19.984077   clock reconvergence pessimism
                                 -0.103000   19.881077   library setup time
                                             19.881077   data required time
---------------------------------------------------------------------------------------------
                                             19.881077   data required time
                                             -2.432189   data arrival time
---------------------------------------------------------------------------------------------
                                             17.448887   slack (MET)


Startpoint: axi_wvalid_i (input port clocked by clk_i)
Endpoint: u_sram (falling edge-triggered flip-flop clocked by clk_i)
Path Group: clk_i
Path Type: max

Fanout         Cap        Slew       Delay        Time   Description
---------------------------------------------------------------------------------------------
                                  0.000000    0.000000   clock clk_i (rise edge)
                                  0.000000    0.000000   clock network delay (propagated)
                                  2.000000    2.000000 v input external delay
     2    0.008706    0.000000    0.000000    2.000000 v axi_wvalid_i (in)
                                                         axi_wvalid_i (net)
                      0.000250    0.000125    2.000125 v _23_/C (sky130_fd_sc_hd__and3_2)
    17    0.089277    0.157061    0.235682    2.235808 v _23_/X (sky130_fd_sc_hd__and3_2)
                                                         axi_awready_o (net)
                      0.158472    0.012116    2.247924 v _29_/A (sky130_fd_sc_hd__nor2_2)
     1    0.011601    0.111242    0.153828    2.401752 ^ _29_/Y (sky130_fd_sc_hd__nor2_2)
                                                         sram_csb0 (net)
                      0.148327    0.000781    2.402533 ^ u_sram/csb0 (sky130_sram_1kbyte_1rw1r_32x256_8)
                                              2.402533   data arrival time

                                 20.000000   20.000000   clock clk_i (rise edge)
                                  0.000000   20.000000   clock source latency
     2    0.082968    0.000000    0.000000   20.000000 ^ clk_i (in)
                                                         clk_i (net)
                      0.016545    0.008272   20.008272 ^ clkbuf_0_clk_i/A (sky130_fd_sc_hd__clkbuf_16)
     2    0.041654    0.046201    0.093291   20.101564 ^ clkbuf_0_clk_i/X (sky130_fd_sc_hd__clkbuf_16)
                                                         clknet_0_clk_i (net)
                      0.046409    0.002377   20.103941 ^ clkbuf_1_0__f_clk_i/A (sky130_fd_sc_hd__clkbuf_16)
     1    0.066718    0.063087    0.107434   20.211374 ^ clkbuf_1_0__f_clk_i/X (sky130_fd_sc_hd__clkbuf_16)
                                                         clknet_1_0__leaf_clk_i (net)
                      0.102866    0.022702   20.234076 ^ u_sram/clk0 (sky130_sram_1kbyte_1rw1r_32x256_8)
                                 -0.250000   19.984077   clock uncertainty
                                  0.000000   19.984077   clock reconvergence pessimism
                                 -0.103000   19.881077   library setup time
                                             19.881077   data required time
---------------------------------------------------------------------------------------------
                                             19.881077   data required time
                                             -2.402533   data arrival time
---------------------------------------------------------------------------------------------
                                             17.478544   slack (MET)


Startpoint: axi_wvalid_i (input port clocked by clk_i)
Endpoint: u_sram (falling edge-triggered flip-flop clocked by clk_i)
Path Group: clk_i
Path Type: max

Fanout         Cap        Slew       Delay        Time   Description
---------------------------------------------------------------------------------------------
                                  0.000000    0.000000   clock clk_i (rise edge)
                                  0.000000    0.000000   clock network delay (propagated)
                                  2.000000    2.000000 ^ input external delay
     2    0.009242    0.000000    0.000000    2.000000 ^ axi_wvalid_i (in)
                                                         axi_wvalid_i (net)
                      0.000267    0.000134    2.000134 ^ _23_/C (sky130_fd_sc_hd__and3_2)
    17    0.093011    0.347110    0.317306    2.317440 ^ _23_/X (sky130_fd_sc_hd__and3_2)
                                                         axi_awready_o (net)
                      0.347902    0.013598    2.331038 ^ _24_/A (sky130_fd_sc_hd__inv_2)
     1    0.009284    0.065169    0.021805    2.352842 v _24_/Y (sky130_fd_sc_hd__inv_2)
                                                         sram_web0 (net)
                      0.086903    0.000556    2.353399 v u_sram/web0 (sky130_sram_1kbyte_1rw1r_32x256_8)
                                              2.353399   data arrival time

                                 20.000000   20.000000   clock clk_i (rise edge)
                                  0.000000   20.000000   clock source latency
     2    0.082968    0.000000    0.000000   20.000000 ^ clk_i (in)
                                                         clk_i (net)
                      0.016545    0.008272   20.008272 ^ clkbuf_0_clk_i/A (sky130_fd_sc_hd__clkbuf_16)
     2    0.041654    0.046201    0.093291   20.101564 ^ clkbuf_0_clk_i/X (sky130_fd_sc_hd__clkbuf_16)
                                                         clknet_0_clk_i (net)
                      0.046409    0.002377   20.103941 ^ clkbuf_1_0__f_clk_i/A (sky130_fd_sc_hd__clkbuf_16)
     1    0.066718    0.063087    0.107434   20.211374 ^ clkbuf_1_0__f_clk_i/X (sky130_fd_sc_hd__clkbuf_16)
                                                         clknet_1_0__leaf_clk_i (net)
                      0.102866    0.022702   20.234076 ^ u_sram/clk0 (sky130_sram_1kbyte_1rw1r_32x256_8)
                                 -0.250000   19.984077   clock uncertainty
                                  0.000000   19.984077   clock reconvergence pessimism
                                 -0.103000   19.881077   library setup time
                                             19.881077   data required time
---------------------------------------------------------------------------------------------
                                             19.881077   data required time
                                             -2.353399   data arrival time
---------------------------------------------------------------------------------------------
                                             17.527678   slack (MET)


Startpoint: axi_wvalid_i (input port clocked by clk_i)
Endpoint: _46_ (rising edge-triggered flip-flop clocked by clk_i)
Path Group: clk_i
Path Type: max

Fanout         Cap        Slew       Delay        Time   Description
---------------------------------------------------------------------------------------------
                                  0.000000    0.000000   clock clk_i (rise edge)
                                  0.000000    0.000000   clock network delay (propagated)
                                  2.000000    2.000000 v input external delay
     2    0.008706    0.000000    0.000000    2.000000 v axi_wvalid_i (in)
                                                         axi_wvalid_i (net)
                      0.000250    0.000125    2.000125 v _23_/C (sky130_fd_sc_hd__and3_2)
    17    0.089277    0.157061    0.235682    2.235808 v _23_/X (sky130_fd_sc_hd__and3_2)
                                                         axi_awready_o (net)
                      0.157299    0.005188    2.240996 v _28_/B1 (sky130_fd_sc_hd__a21o_2)
     1    0.007021    0.032573    0.138249    2.379244 v _28_/X (sky130_fd_sc_hd__a21o_2)
                                                         _02_ (net)
                      0.032582    0.000482    2.379726 v _46_/D (sky130_fd_sc_hd__dfrtp_2)
                                              2.379726   data arrival time

                                 20.000000   20.000000   clock clk_i (rise edge)
                                  0.000000   20.000000   clock source latency
     2    0.082968    0.000000    0.000000   20.000000 ^ clk_i (in)
                                                         clk_i (net)
                      0.009513    0.004757   20.004757 ^ clkbuf_regs_0_clk_i/A (sky130_fd_sc_hd__clkbuf_16)
     1    0.008543    0.023545    0.070603   20.075361 ^ clkbuf_regs_0_clk_i/X (sky130_fd_sc_hd__clkbuf_16)
                                                         clk_i_regs (net)
                      0.023550    0.000671   20.076033 ^ clkbuf_0_clk_i_regs/A (sky130_fd_sc_hd__clkbuf_16)
     2    0.019396    0.030738    0.081661   20.157694 ^ clkbuf_0_clk_i_regs/X (sky130_fd_sc_hd__clkbuf_16)
                                                         clknet_0_clk_i_regs (net)
                      0.030749    0.001048   20.158741 ^ clkbuf_1_1__f_clk_i_regs/A (sky130_fd_sc_hd__clkbuf_16)
     3    0.007854    0.023077    0.076037   20.234777 ^ clkbuf_1_1__f_clk_i_regs/X (sky130_fd_sc_hd__clkbuf_16)
                                                         clknet_1_1__leaf_clk_i_regs (net)
                      0.023079    0.000403   20.235182 ^ _46_/CLK (sky130_fd_sc_hd__dfrtp_2)
                                 -0.250000   19.985182   clock uncertainty
                                  0.000000   19.985182   clock reconvergence pessimism
                                 -0.074732   19.910450   library setup time
                                             19.910450   data required time
---------------------------------------------------------------------------------------------
                                             19.910450   data required time
                                             -2.379726   data arrival time
---------------------------------------------------------------------------------------------
                                             17.530724   slack (MET)


Startpoint: axi_arvalid_i (input port clocked by clk_i)
Endpoint: _47_ (rising edge-triggered flip-flop clocked by clk_i)
Path Group: clk_i
Path Type: max

Fanout         Cap        Slew       Delay        Time   Description
---------------------------------------------------------------------------------------------
                                  0.000000    0.000000   clock clk_i (rise edge)
                                  0.000000    0.000000   clock network delay (propagated)
                                  2.000000    2.000000 v input external delay
     2    0.008474    0.000000    0.000000    2.000000 v axi_arvalid_i (in)
                                                         axi_arvalid_i (net)
                      0.000217    0.000109    2.000109 v _25_/B (sky130_fd_sc_hd__and2_2)
    11    0.061762    0.111151    0.189577    2.189686 v _25_/X (sky130_fd_sc_hd__and2_2)
                                                         _08_ (net)
                      0.111207    0.002094    2.191780 v _44_/B (sky130_fd_sc_hd__and2_2)
     1    0.007770    0.034906    0.158128    2.349908 v _44_/X (sky130_fd_sc_hd__and2_2)
                                                         _00_ (net)
                      0.034930    0.000470    2.350378 v _47_/D (sky130_fd_sc_hd__dfrtp_2)
                                              2.350378   data arrival time

                                 20.000000   20.000000   clock clk_i (rise edge)
                                  0.000000   20.000000   clock source latency
     2    0.082968    0.000000    0.000000   20.000000 ^ clk_i (in)
                                                         clk_i (net)
                      0.009513    0.004757   20.004757 ^ clkbuf_regs_0_clk_i/A (sky130_fd_sc_hd__clkbuf_16)
     1    0.008543    0.023545    0.070603   20.075361 ^ clkbuf_regs_0_clk_i/X (sky130_fd_sc_hd__clkbuf_16)
                                                         clk_i_regs (net)
                      0.023550    0.000671   20.076033 ^ clkbuf_0_clk_i_regs/A (sky130_fd_sc_hd__clkbuf_16)
     2    0.019396    0.030738    0.081661   20.157694 ^ clkbuf_0_clk_i_regs/X (sky130_fd_sc_hd__clkbuf_16)
                                                         clknet_0_clk_i_regs (net)
                      0.030749    0.001014   20.158707 ^ clkbuf_1_0__f_clk_i_regs/A (sky130_fd_sc_hd__clkbuf_16)
     2    0.005471    0.021323    0.074031   20.232738 ^ clkbuf_1_0__f_clk_i_regs/X (sky130_fd_sc_hd__clkbuf_16)
                                                         clknet_1_0__leaf_clk_i_regs (net)
                      0.021325    0.000323   20.233063 ^ _47_/CLK (sky130_fd_sc_hd__dfrtp_2)
                                 -0.250000   19.983063   clock uncertainty
                                  0.000000   19.983063   clock reconvergence pessimism
                                 -0.075740   19.907322   library setup time
                                             19.907322   data required time
---------------------------------------------------------------------------------------------
                                             19.907322   data required time
                                             -2.350378   data arrival time
---------------------------------------------------------------------------------------------
                                             17.556944   slack (MET)


Startpoint: axi_wvalid_i (input port clocked by clk_i)
Endpoint: _45_ (rising edge-triggered flip-flop clocked by clk_i)
Path Group: clk_i
Path Type: max

Fanout         Cap        Slew       Delay        Time   Description
---------------------------------------------------------------------------------------------
                                  0.000000    0.000000   clock clk_i (rise edge)
                                  0.000000    0.000000   clock network delay (propagated)
                                  2.000000    2.000000 ^ input external delay
     2    0.009242    0.000000    0.000000    2.000000 ^ axi_wvalid_i (in)
                                                         axi_wvalid_i (net)
                      0.000376    0.000188    2.000188 ^ _22_/B (sky130_fd_sc_hd__nand2_2)
    11    0.059183    0.148647    0.113568    2.113756 v _22_/Y (sky130_fd_sc_hd__nand2_2)
                                                         _07_ (net)
                      0.148920    0.005304    2.119060 v _31_/A3 (sky130_fd_sc_hd__a31o_2)
     1    0.007593    0.036629    0.206023    2.325083 v _31_/X (sky130_fd_sc_hd__a31o_2)
                                                         _01_ (net)
                      0.036629    0.000477    2.325560 v _45_/D (sky130_fd_sc_hd__dfstp_2)
                                              2.325560   data arrival time

                                 20.000000   20.000000   clock clk_i (rise edge)
                                  0.000000   20.000000   clock source latency
     2    0.082968    0.000000    0.000000   20.000000 ^ clk_i (in)
                                                         clk_i (net)
                      0.009513    0.004757   20.004757 ^ clkbuf_regs_0_clk_i/A (sky130_fd_sc_hd__clkbuf_16)
     1    0.008543    0.023545    0.070603   20.075361 ^ clkbuf_regs_0_clk_i/X (sky130_fd_sc_hd__clkbuf_16)
                                                         clk_i_regs (net)
                      0.023550    0.000671   20.076033 ^ clkbuf_0_clk_i_regs/A (sky130_fd_sc_hd__clkbuf_16)
     2    0.019396    0.030738    0.081661   20.157694 ^ clkbuf_0_clk_i_regs/X (sky130_fd_sc_hd__clkbuf_16)
                                                         clknet_0_clk_i_regs (net)
                      0.030749    0.001014   20.158707 ^ clkbuf_1_0__f_clk_i_regs/A (sky130_fd_sc_hd__clkbuf_16)
     2    0.005471    0.021323    0.074031   20.232738 ^ clkbuf_1_0__f_clk_i_regs/X (sky130_fd_sc_hd__clkbuf_16)
                                                         clknet_1_0__leaf_clk_i_regs (net)
                      0.021325    0.000318   20.233057 ^ _45_/CLK (sky130_fd_sc_hd__dfstp_2)
                                 -0.250000   19.983057   clock uncertainty
                                  0.000000   19.983057   clock reconvergence pessimism
                                 -0.050424   19.932634   library setup time
                                             19.932634   data required time
---------------------------------------------------------------------------------------------
                                             19.932634   data required time
                                             -2.325560   data arrival time
---------------------------------------------------------------------------------------------
                                             17.607073   slack (MET)


Startpoint: axi_wdata_i[10] (input port clocked by clk_i)
Endpoint: u_sram (falling edge-triggered flip-flop clocked by clk_i)
Path Group: clk_i
Path Type: max

Fanout         Cap        Slew       Delay        Time   Description
---------------------------------------------------------------------------------------------
                                  0.000000    0.000000   clock clk_i (rise edge)
                                  0.000000    0.000000   clock network delay (propagated)
                                  2.000000    2.000000 ^ input external delay
     1    0.016506    0.000000    0.000000    2.000000 ^ axi_wdata_i[10] (in)
                                                         axi_wdata_i[10] (net)
                      0.003058    0.000723    2.000723 ^ u_sram/din0[10] (sky130_sram_1kbyte_1rw1r_32x256_8)
                                              2.000723   data arrival time

                                 20.000000   20.000000   clock clk_i (rise edge)
                                  0.000000   20.000000   clock source latency
     2    0.082968    0.000000    0.000000   20.000000 ^ clk_i (in)
                                                         clk_i (net)
                      0.016545    0.008272   20.008272 ^ clkbuf_0_clk_i/A (sky130_fd_sc_hd__clkbuf_16)
     2    0.041654    0.046201    0.093291   20.101564 ^ clkbuf_0_clk_i/X (sky130_fd_sc_hd__clkbuf_16)
                                                         clknet_0_clk_i (net)
                      0.046409    0.002377   20.103941 ^ clkbuf_1_0__f_clk_i/A (sky130_fd_sc_hd__clkbuf_16)
     1    0.066718    0.063087    0.107434   20.211374 ^ clkbuf_1_0__f_clk_i/X (sky130_fd_sc_hd__clkbuf_16)
                                                         clknet_1_0__leaf_clk_i (net)
                      0.102866    0.022702   20.234076 ^ u_sram/clk0 (sky130_sram_1kbyte_1rw1r_32x256_8)
                                 -0.250000   19.984077   clock uncertainty
                                  0.000000   19.984077   clock reconvergence pessimism
                                 -0.103000   19.881077   library setup time
                                             19.881077   data required time
---------------------------------------------------------------------------------------------
                                             19.881077   data required time
                                             -2.000723   data arrival time
---------------------------------------------------------------------------------------------
                                             17.880354   slack (MET)


Startpoint: axi_wdata_i[12] (input port clocked by clk_i)
Endpoint: u_sram (falling edge-triggered flip-flop clocked by clk_i)
Path Group: clk_i
Path Type: max

Fanout         Cap        Slew       Delay        Time   Description
---------------------------------------------------------------------------------------------
                                  0.000000    0.000000   clock clk_i (rise edge)
                                  0.000000    0.000000   clock network delay (propagated)
                                  2.000000    2.000000 ^ input external delay
     1    0.016462    0.000000    0.000000    2.000000 ^ axi_wdata_i[12] (in)
                                                         axi_wdata_i[12] (net)
                      0.003044    0.000720    2.000720 ^ u_sram/din0[12] (sky130_sram_1kbyte_1rw1r_32x256_8)
                                              2.000720   data arrival time

                                 20.000000   20.000000   clock clk_i (rise edge)
                                  0.000000   20.000000   clock source latency
     2    0.082968    0.000000    0.000000   20.000000 ^ clk_i (in)
                                                         clk_i (net)
                      0.016545    0.008272   20.008272 ^ clkbuf_0_clk_i/A (sky130_fd_sc_hd__clkbuf_16)
     2    0.041654    0.046201    0.093291   20.101564 ^ clkbuf_0_clk_i/X (sky130_fd_sc_hd__clkbuf_16)
                                                         clknet_0_clk_i (net)
                      0.046409    0.002377   20.103941 ^ clkbuf_1_0__f_clk_i/A (sky130_fd_sc_hd__clkbuf_16)
     1    0.066718    0.063087    0.107434   20.211374 ^ clkbuf_1_0__f_clk_i/X (sky130_fd_sc_hd__clkbuf_16)
                                                         clknet_1_0__leaf_clk_i (net)
                      0.102866    0.022702   20.234076 ^ u_sram/clk0 (sky130_sram_1kbyte_1rw1r_32x256_8)
                                 -0.250000   19.984077   clock uncertainty
                                  0.000000   19.984077   clock reconvergence pessimism
                                 -0.103000   19.881077   library setup time
                                             19.881077   data required time
---------------------------------------------------------------------------------------------
                                             19.881077   data required time
                                             -2.000720   data arrival time
---------------------------------------------------------------------------------------------
                                             17.880358   slack (MET)


Startpoint: axi_wdata_i[14] (input port clocked by clk_i)
Endpoint: u_sram (falling edge-triggered flip-flop clocked by clk_i)
Path Group: clk_i
Path Type: max

Fanout         Cap        Slew       Delay        Time   Description
---------------------------------------------------------------------------------------------
                                  0.000000    0.000000   clock clk_i (rise edge)
                                  0.000000    0.000000   clock network delay (propagated)
                                  2.000000    2.000000 ^ input external delay
     1    0.016493    0.000000    0.000000    2.000000 ^ axi_wdata_i[14] (in)
                                                         axi_wdata_i[14] (net)
                      0.003052    0.000722    2.000722 ^ u_sram/din0[14] (sky130_sram_1kbyte_1rw1r_32x256_8)
                                              2.000722   data arrival time

                                 20.000000   20.000000   clock clk_i (rise edge)
                                  0.000000   20.000000   clock source latency
     2    0.082968    0.000000    0.000000   20.000000 ^ clk_i (in)
                                                         clk_i (net)
                      0.016545    0.008272   20.008272 ^ clkbuf_0_clk_i/A (sky130_fd_sc_hd__clkbuf_16)
     2    0.041654    0.046201    0.093291   20.101564 ^ clkbuf_0_clk_i/X (sky130_fd_sc_hd__clkbuf_16)
                                                         clknet_0_clk_i (net)
                      0.046409    0.002377   20.103941 ^ clkbuf_1_0__f_clk_i/A (sky130_fd_sc_hd__clkbuf_16)
     1    0.066718    0.063087    0.107434   20.211374 ^ clkbuf_1_0__f_clk_i/X (sky130_fd_sc_hd__clkbuf_16)
                                                         clknet_1_0__leaf_clk_i (net)
                      0.102866    0.022702   20.234076 ^ u_sram/clk0 (sky130_sram_1kbyte_1rw1r_32x256_8)
                                 -0.250000   19.984077   clock uncertainty
                                  0.000000   19.984077   clock reconvergence pessimism
                                 -0.103000   19.881077   library setup time
                                             19.881077   data required time
---------------------------------------------------------------------------------------------
                                             19.881077   data required time
                                             -2.000722   data arrival time
---------------------------------------------------------------------------------------------
                                             17.880356   slack (MET)


Startpoint: axi_wdata_i[11] (input port clocked by clk_i)
Endpoint: u_sram (falling edge-triggered flip-flop clocked by clk_i)
Path Group: clk_i
Path Type: max

Fanout         Cap        Slew       Delay        Time   Description
---------------------------------------------------------------------------------------------
                                  0.000000    0.000000   clock clk_i (rise edge)
                                  0.000000    0.000000   clock network delay (propagated)
                                  2.000000    2.000000 ^ input external delay
     1    0.015939    0.000000    0.000000    2.000000 ^ axi_wdata_i[11] (in)
                                                         axi_wdata_i[11] (net)
                      0.002955    0.000699    2.000699 ^ u_sram/din0[11] (sky130_sram_1kbyte_1rw1r_32x256_8)
                                              2.000699   data arrival time

                                 20.000000   20.000000   clock clk_i (rise edge)
                                  0.000000   20.000000   clock source latency
     2    0.082968    0.000000    0.000000   20.000000 ^ clk_i (in)
                                                         clk_i (net)
                      0.016545    0.008272   20.008272 ^ clkbuf_0_clk_i/A (sky130_fd_sc_hd__clkbuf_16)
     2    0.041654    0.046201    0.093291   20.101564 ^ clkbuf_0_clk_i/X (sky130_fd_sc_hd__clkbuf_16)
                                                         clknet_0_clk_i (net)
                      0.046409    0.002377   20.103941 ^ clkbuf_1_0__f_clk_i/A (sky130_fd_sc_hd__clkbuf_16)
     1    0.066718    0.063087    0.107434   20.211374 ^ clkbuf_1_0__f_clk_i/X (sky130_fd_sc_hd__clkbuf_16)
                                                         clknet_1_0__leaf_clk_i (net)
                      0.102866    0.022702   20.234076 ^ u_sram/clk0 (sky130_sram_1kbyte_1rw1r_32x256_8)
                                 -0.250000   19.984077   clock uncertainty
                                  0.000000   19.984077   clock reconvergence pessimism
                                 -0.103000   19.881077   library setup time
                                             19.881077   data required time
---------------------------------------------------------------------------------------------
                                             19.881077   data required time
                                             -2.000699   data arrival time
---------------------------------------------------------------------------------------------
                                             17.880379   slack (MET)


Startpoint: axi_wdata_i[25] (input port clocked by clk_i)
Endpoint: u_sram (falling edge-triggered flip-flop clocked by clk_i)
Path Group: clk_i
Path Type: max

Fanout         Cap        Slew       Delay        Time   Description
---------------------------------------------------------------------------------------------
                                  0.000000    0.000000   clock clk_i (rise edge)
                                  0.000000    0.000000   clock network delay (propagated)
                                  2.000000    2.000000 ^ input external delay
     1    0.016259    0.000000    0.000000    2.000000 ^ axi_wdata_i[25] (in)
                                                         axi_wdata_i[25] (net)
                      0.003008    0.000712    2.000712 ^ u_sram/din0[25] (sky130_sram_1kbyte_1rw1r_32x256_8)
                                              2.000712   data arrival time

                                 20.000000   20.000000   clock clk_i (rise edge)
                                  0.000000   20.000000   clock source latency
     2    0.082968    0.000000    0.000000   20.000000 ^ clk_i (in)
                                                         clk_i (net)
                      0.016545    0.008272   20.008272 ^ clkbuf_0_clk_i/A (sky130_fd_sc_hd__clkbuf_16)
     2    0.041654    0.046201    0.093291   20.101564 ^ clkbuf_0_clk_i/X (sky130_fd_sc_hd__clkbuf_16)
                                                         clknet_0_clk_i (net)
                      0.046409    0.002377   20.103941 ^ clkbuf_1_0__f_clk_i/A (sky130_fd_sc_hd__clkbuf_16)
     1    0.066718    0.063087    0.107434   20.211374 ^ clkbuf_1_0__f_clk_i/X (sky130_fd_sc_hd__clkbuf_16)
                                                         clknet_1_0__leaf_clk_i (net)
                      0.102866    0.022702   20.234076 ^ u_sram/clk0 (sky130_sram_1kbyte_1rw1r_32x256_8)
                                 -0.250000   19.984077   clock uncertainty
                                  0.000000   19.984077   clock reconvergence pessimism
                                 -0.103000   19.881077   library setup time
                                             19.881077   data required time
---------------------------------------------------------------------------------------------
                                             19.881077   data required time
                                             -2.000712   data arrival time
---------------------------------------------------------------------------------------------
                                             17.880363   slack (MET)


Startpoint: axi_wdata_i[13] (input port clocked by clk_i)
Endpoint: u_sram (falling edge-triggered flip-flop clocked by clk_i)
Path Group: clk_i
Path Type: max

Fanout         Cap        Slew       Delay        Time   Description
---------------------------------------------------------------------------------------------
                                  0.000000    0.000000   clock clk_i (rise edge)
                                  0.000000    0.000000   clock network delay (propagated)
                                  2.000000    2.000000 ^ input external delay
     1    0.015863    0.000000    0.000000    2.000000 ^ axi_wdata_i[13] (in)
                                                         axi_wdata_i[13] (net)
                      0.002918    0.000690    2.000690 ^ u_sram/din0[13] (sky130_sram_1kbyte_1rw1r_32x256_8)
                                              2.000690   data arrival time

                                 20.000000   20.000000   clock clk_i (rise edge)
                                  0.000000   20.000000   clock source latency
     2    0.082968    0.000000    0.000000   20.000000 ^ clk_i (in)
                                                         clk_i (net)
                      0.016545    0.008272   20.008272 ^ clkbuf_0_clk_i/A (sky130_fd_sc_hd__clkbuf_16)
     2    0.041654    0.046201    0.093291   20.101564 ^ clkbuf_0_clk_i/X (sky130_fd_sc_hd__clkbuf_16)
                                                         clknet_0_clk_i (net)
                      0.046409    0.002377   20.103941 ^ clkbuf_1_0__f_clk_i/A (sky130_fd_sc_hd__clkbuf_16)
     1    0.066718    0.063087    0.107434   20.211374 ^ clkbuf_1_0__f_clk_i/X (sky130_fd_sc_hd__clkbuf_16)
                                                         clknet_1_0__leaf_clk_i (net)
                      0.102866    0.022702   20.234076 ^ u_sram/clk0 (sky130_sram_1kbyte_1rw1r_32x256_8)
                                 -0.250000   19.984077   clock uncertainty
                                  0.000000   19.984077   clock reconvergence pessimism
                                 -0.103000   19.881077   library setup time
                                             19.881077   data required time
---------------------------------------------------------------------------------------------
                                             19.881077   data required time
                                             -2.000690   data arrival time
---------------------------------------------------------------------------------------------
                                             17.880386   slack (MET)


Startpoint: axi_wdata_i[23] (input port clocked by clk_i)
Endpoint: u_sram (falling edge-triggered flip-flop clocked by clk_i)
Path Group: clk_i
Path Type: max

Fanout         Cap        Slew       Delay        Time   Description
---------------------------------------------------------------------------------------------
                                  0.000000    0.000000   clock clk_i (rise edge)
                                  0.000000    0.000000   clock network delay (propagated)
                                  2.000000    2.000000 ^ input external delay
     1    0.015668    0.000000    0.000000    2.000000 ^ axi_wdata_i[23] (in)
                                                         axi_wdata_i[23] (net)
                      0.002875    0.000680    2.000680 ^ u_sram/din0[23] (sky130_sram_1kbyte_1rw1r_32x256_8)
                                              2.000680   data arrival time

                                 20.000000   20.000000   clock clk_i (rise edge)
                                  0.000000   20.000000   clock source latency
     2    0.082968    0.000000    0.000000   20.000000 ^ clk_i (in)
                                                         clk_i (net)
                      0.016545    0.008272   20.008272 ^ clkbuf_0_clk_i/A (sky130_fd_sc_hd__clkbuf_16)
     2    0.041654    0.046201    0.093291   20.101564 ^ clkbuf_0_clk_i/X (sky130_fd_sc_hd__clkbuf_16)
                                                         clknet_0_clk_i (net)
                      0.046409    0.002377   20.103941 ^ clkbuf_1_0__f_clk_i/A (sky130_fd_sc_hd__clkbuf_16)
     1    0.066718    0.063087    0.107434   20.211374 ^ clkbuf_1_0__f_clk_i/X (sky130_fd_sc_hd__clkbuf_16)
                                                         clknet_1_0__leaf_clk_i (net)
                      0.102866    0.022702   20.234076 ^ u_sram/clk0 (sky130_sram_1kbyte_1rw1r_32x256_8)
                                 -0.250000   19.984077   clock uncertainty
                                  0.000000   19.984077   clock reconvergence pessimism
                                 -0.103000   19.881077   library setup time
                                             19.881077   data required time
---------------------------------------------------------------------------------------------
                                             19.881077   data required time
                                             -2.000680   data arrival time
---------------------------------------------------------------------------------------------
                                             17.880396   slack (MET)


Startpoint: axi_wdata_i[27] (input port clocked by clk_i)
Endpoint: u_sram (falling edge-triggered flip-flop clocked by clk_i)
Path Group: clk_i
Path Type: max

Fanout         Cap        Slew       Delay        Time   Description
---------------------------------------------------------------------------------------------
                                  0.000000    0.000000   clock clk_i (rise edge)
                                  0.000000    0.000000   clock network delay (propagated)
                                  2.000000    2.000000 ^ input external delay
     1    0.015935    0.000000    0.000000    2.000000 ^ axi_wdata_i[27] (in)
                                                         axi_wdata_i[27] (net)
                      0.002954    0.000699    2.000699 ^ u_sram/din0[27] (sky130_sram_1kbyte_1rw1r_32x256_8)
                                              2.000699   data arrival time

                                 20.000000   20.000000   clock clk_i (rise edge)
                                  0.000000   20.000000   clock source latency
     2    0.082968    0.000000    0.000000   20.000000 ^ clk_i (in)
                                                         clk_i (net)
                      0.016545    0.008272   20.008272 ^ clkbuf_0_clk_i/A (sky130_fd_sc_hd__clkbuf_16)
     2    0.041654    0.046201    0.093291   20.101564 ^ clkbuf_0_clk_i/X (sky130_fd_sc_hd__clkbuf_16)
                                                         clknet_0_clk_i (net)
                      0.046409    0.002377   20.103941 ^ clkbuf_1_0__f_clk_i/A (sky130_fd_sc_hd__clkbuf_16)
     1    0.066718    0.063087    0.107434   20.211374 ^ clkbuf_1_0__f_clk_i/X (sky130_fd_sc_hd__clkbuf_16)
                                                         clknet_1_0__leaf_clk_i (net)
                      0.102866    0.022702   20.234076 ^ u_sram/clk0 (sky130_sram_1kbyte_1rw1r_32x256_8)
                                 -0.250000   19.984077   clock uncertainty
                                  0.000000   19.984077   clock reconvergence pessimism
                                 -0.103000   19.881077   library setup time
                                             19.881077   data required time
---------------------------------------------------------------------------------------------
                                             19.881077   data required time
                                             -2.000699   data arrival time
---------------------------------------------------------------------------------------------
                                             17.880379   slack (MET)


Startpoint: axi_wdata_i[16] (input port clocked by clk_i)
Endpoint: u_sram (falling edge-triggered flip-flop clocked by clk_i)
Path Group: clk_i
Path Type: max

Fanout         Cap        Slew       Delay        Time   Description
---------------------------------------------------------------------------------------------
                                  0.000000    0.000000   clock clk_i (rise edge)
                                  0.000000    0.000000   clock network delay (propagated)
                                  2.000000    2.000000 ^ input external delay
     1    0.015344    0.000000    0.000000    2.000000 ^ axi_wdata_i[16] (in)
                                                         axi_wdata_i[16] (net)
                      0.002790    0.000660    2.000660 ^ u_sram/din0[16] (sky130_sram_1kbyte_1rw1r_32x256_8)
                                              2.000660   data arrival time

                                 20.000000   20.000000   clock clk_i (rise edge)
                                  0.000000   20.000000   clock source latency
     2    0.082968    0.000000    0.000000   20.000000 ^ clk_i (in)
                                                         clk_i (net)
                      0.016545    0.008272   20.008272 ^ clkbuf_0_clk_i/A (sky130_fd_sc_hd__clkbuf_16)
     2    0.041654    0.046201    0.093291   20.101564 ^ clkbuf_0_clk_i/X (sky130_fd_sc_hd__clkbuf_16)
                                                         clknet_0_clk_i (net)
                      0.046409    0.002377   20.103941 ^ clkbuf_1_0__f_clk_i/A (sky130_fd_sc_hd__clkbuf_16)
     1    0.066718    0.063087    0.107434   20.211374 ^ clkbuf_1_0__f_clk_i/X (sky130_fd_sc_hd__clkbuf_16)
                                                         clknet_1_0__leaf_clk_i (net)
                      0.102866    0.022702   20.234076 ^ u_sram/clk0 (sky130_sram_1kbyte_1rw1r_32x256_8)
                                 -0.250000   19.984077   clock uncertainty
                                  0.000000   19.984077   clock reconvergence pessimism
                                 -0.103000   19.881077   library setup time
                                             19.881077   data required time
---------------------------------------------------------------------------------------------
                                             19.881077   data required time
                                             -2.000660   data arrival time
---------------------------------------------------------------------------------------------
                                             17.880417   slack (MET)


Startpoint: axi_wdata_i[20] (input port clocked by clk_i)
Endpoint: u_sram (falling edge-triggered flip-flop clocked by clk_i)
Path Group: clk_i
Path Type: max

Fanout         Cap        Slew       Delay        Time   Description
---------------------------------------------------------------------------------------------
                                  0.000000    0.000000   clock clk_i (rise edge)
                                  0.000000    0.000000   clock network delay (propagated)
                                  2.000000    2.000000 ^ input external delay
     1    0.015314    0.000000    0.000000    2.000000 ^ axi_wdata_i[20] (in)
                                                         axi_wdata_i[20] (net)
                      0.002784    0.000659    2.000659 ^ u_sram/din0[20] (sky130_sram_1kbyte_1rw1r_32x256_8)
                                              2.000659   data arrival time

                                 20.000000   20.000000   clock clk_i (rise edge)
                                  0.000000   20.000000   clock source latency
     2    0.082968    0.000000    0.000000   20.000000 ^ clk_i (in)
                                                         clk_i (net)
                      0.016545    0.008272   20.008272 ^ clkbuf_0_clk_i/A (sky130_fd_sc_hd__clkbuf_16)
     2    0.041654    0.046201    0.093291   20.101564 ^ clkbuf_0_clk_i/X (sky130_fd_sc_hd__clkbuf_16)
                                                         clknet_0_clk_i (net)
                      0.046409    0.002377   20.103941 ^ clkbuf_1_0__f_clk_i/A (sky130_fd_sc_hd__clkbuf_16)
     1    0.066718    0.063087    0.107434   20.211374 ^ clkbuf_1_0__f_clk_i/X (sky130_fd_sc_hd__clkbuf_16)
                                                         clknet_1_0__leaf_clk_i (net)
                      0.102866    0.022702   20.234076 ^ u_sram/clk0 (sky130_sram_1kbyte_1rw1r_32x256_8)
                                 -0.250000   19.984077   clock uncertainty
                                  0.000000   19.984077   clock reconvergence pessimism
                                 -0.103000   19.881077   library setup time
                                             19.881077   data required time
---------------------------------------------------------------------------------------------
                                             19.881077   data required time
                                             -2.000659   data arrival time
---------------------------------------------------------------------------------------------
                                             17.880417   slack (MET)


Startpoint: axi_wdata_i[21] (input port clocked by clk_i)
Endpoint: u_sram (falling edge-triggered flip-flop clocked by clk_i)
Path Group: clk_i
Path Type: max

Fanout         Cap        Slew       Delay        Time   Description
---------------------------------------------------------------------------------------------
                                  0.000000    0.000000   clock clk_i (rise edge)
                                  0.000000    0.000000   clock network delay (propagated)
                                  2.000000    2.000000 ^ input external delay
     1    0.015599    0.000000    0.000000    2.000000 ^ axi_wdata_i[21] (in)
                                                         axi_wdata_i[21] (net)
                      0.002844    0.000673    2.000673 ^ u_sram/din0[21] (sky130_sram_1kbyte_1rw1r_32x256_8)
                                              2.000673   data arrival time

                                 20.000000   20.000000   clock clk_i (rise edge)
                                  0.000000   20.000000   clock source latency
     2    0.082968    0.000000    0.000000   20.000000 ^ clk_i (in)
                                                         clk_i (net)
                      0.016545    0.008272   20.008272 ^ clkbuf_0_clk_i/A (sky130_fd_sc_hd__clkbuf_16)
     2    0.041654    0.046201    0.093291   20.101564 ^ clkbuf_0_clk_i/X (sky130_fd_sc_hd__clkbuf_16)
                                                         clknet_0_clk_i (net)
                      0.046409    0.002377   20.103941 ^ clkbuf_1_0__f_clk_i/A (sky130_fd_sc_hd__clkbuf_16)
     1    0.066718    0.063087    0.107434   20.211374 ^ clkbuf_1_0__f_clk_i/X (sky130_fd_sc_hd__clkbuf_16)
                                                         clknet_1_0__leaf_clk_i (net)
                      0.102866    0.022702   20.234076 ^ u_sram/clk0 (sky130_sram_1kbyte_1rw1r_32x256_8)
                                 -0.250000   19.984077   clock uncertainty
                                  0.000000   19.984077   clock reconvergence pessimism
                                 -0.103000   19.881077   library setup time
                                             19.881077   data required time
---------------------------------------------------------------------------------------------
                                             19.881077   data required time
                                             -2.000673   data arrival time
---------------------------------------------------------------------------------------------
                                             17.880404   slack (MET)


Startpoint: axi_wdata_i[22] (input port clocked by clk_i)
Endpoint: u_sram (falling edge-triggered flip-flop clocked by clk_i)
Path Group: clk_i
Path Type: max

Fanout         Cap        Slew       Delay        Time   Description
---------------------------------------------------------------------------------------------
                                  0.000000    0.000000   clock clk_i (rise edge)
                                  0.000000    0.000000   clock network delay (propagated)
                                  2.000000    2.000000 ^ input external delay
     1    0.015359    0.000000    0.000000    2.000000 ^ axi_wdata_i[22] (in)
                                                         axi_wdata_i[22] (net)
                      0.002794    0.000661    2.000661 ^ u_sram/din0[22] (sky130_sram_1kbyte_1rw1r_32x256_8)
                                              2.000661   data arrival time

                                 20.000000   20.000000   clock clk_i (rise edge)
                                  0.000000   20.000000   clock source latency
     2    0.082968    0.000000    0.000000   20.000000 ^ clk_i (in)
                                                         clk_i (net)
                      0.016545    0.008272   20.008272 ^ clkbuf_0_clk_i/A (sky130_fd_sc_hd__clkbuf_16)
     2    0.041654    0.046201    0.093291   20.101564 ^ clkbuf_0_clk_i/X (sky130_fd_sc_hd__clkbuf_16)
                                                         clknet_0_clk_i (net)
                      0.046409    0.002377   20.103941 ^ clkbuf_1_0__f_clk_i/A (sky130_fd_sc_hd__clkbuf_16)
     1    0.066718    0.063087    0.107434   20.211374 ^ clkbuf_1_0__f_clk_i/X (sky130_fd_sc_hd__clkbuf_16)
                                                         clknet_1_0__leaf_clk_i (net)
                      0.102866    0.022702   20.234076 ^ u_sram/clk0 (sky130_sram_1kbyte_1rw1r_32x256_8)
                                 -0.250000   19.984077   clock uncertainty
                                  0.000000   19.984077   clock reconvergence pessimism
                                 -0.103000   19.881077   library setup time
                                             19.881077   data required time
---------------------------------------------------------------------------------------------
                                             19.881077   data required time
                                             -2.000661   data arrival time
---------------------------------------------------------------------------------------------
                                             17.880415   slack (MET)


Startpoint: axi_wdata_i[26] (input port clocked by clk_i)
Endpoint: u_sram (falling edge-triggered flip-flop clocked by clk_i)
Path Group: clk_i
Path Type: max

Fanout         Cap        Slew       Delay        Time   Description
---------------------------------------------------------------------------------------------
                                  0.000000    0.000000   clock clk_i (rise edge)
                                  0.000000    0.000000   clock network delay (propagated)
                                  2.000000    2.000000 ^ input external delay
     1    0.015382    0.000000    0.000000    2.000000 ^ axi_wdata_i[26] (in)
                                                         axi_wdata_i[26] (net)
                      0.002799    0.000662    2.000662 ^ u_sram/din0[26] (sky130_sram_1kbyte_1rw1r_32x256_8)
                                              2.000662   data arrival time

                                 20.000000   20.000000   clock clk_i (rise edge)
                                  0.000000   20.000000   clock source latency
     2    0.082968    0.000000    0.000000   20.000000 ^ clk_i (in)
                                                         clk_i (net)
                      0.016545    0.008272   20.008272 ^ clkbuf_0_clk_i/A (sky130_fd_sc_hd__clkbuf_16)
     2    0.041654    0.046201    0.093291   20.101564 ^ clkbuf_0_clk_i/X (sky130_fd_sc_hd__clkbuf_16)
                                                         clknet_0_clk_i (net)
                      0.046409    0.002377   20.103941 ^ clkbuf_1_0__f_clk_i/A (sky130_fd_sc_hd__clkbuf_16)
     1    0.066718    0.063087    0.107434   20.211374 ^ clkbuf_1_0__f_clk_i/X (sky130_fd_sc_hd__clkbuf_16)
                                                         clknet_1_0__leaf_clk_i (net)
                      0.102866    0.022702   20.234076 ^ u_sram/clk0 (sky130_sram_1kbyte_1rw1r_32x256_8)
                                 -0.250000   19.984077   clock uncertainty
                                  0.000000   19.984077   clock reconvergence pessimism
                                 -0.103000   19.881077   library setup time
                                             19.881077   data required time
---------------------------------------------------------------------------------------------
                                             19.881077   data required time
                                             -2.000662   data arrival time
---------------------------------------------------------------------------------------------
                                             17.880415   slack (MET)


Startpoint: axi_wdata_i[29] (input port clocked by clk_i)
Endpoint: u_sram (falling edge-triggered flip-flop clocked by clk_i)
Path Group: clk_i
Path Type: max

Fanout         Cap        Slew       Delay        Time   Description
---------------------------------------------------------------------------------------------
                                  0.000000    0.000000   clock clk_i (rise edge)
                                  0.000000    0.000000   clock network delay (propagated)
                                  2.000000    2.000000 ^ input external delay
     1    0.015342    0.000000    0.000000    2.000000 ^ axi_wdata_i[29] (in)
                                                         axi_wdata_i[29] (net)
                      0.002789    0.000660    2.000660 ^ u_sram/din0[29] (sky130_sram_1kbyte_1rw1r_32x256_8)
                                              2.000660   data arrival time

                                 20.000000   20.000000   clock clk_i (rise edge)
                                  0.000000   20.000000   clock source latency
     2    0.082968    0.000000    0.000000   20.000000 ^ clk_i (in)
                                                         clk_i (net)
                      0.016545    0.008272   20.008272 ^ clkbuf_0_clk_i/A (sky130_fd_sc_hd__clkbuf_16)
     2    0.041654    0.046201    0.093291   20.101564 ^ clkbuf_0_clk_i/X (sky130_fd_sc_hd__clkbuf_16)
                                                         clknet_0_clk_i (net)
                      0.046409    0.002377   20.103941 ^ clkbuf_1_0__f_clk_i/A (sky130_fd_sc_hd__clkbuf_16)
     1    0.066718    0.063087    0.107434   20.211374 ^ clkbuf_1_0__f_clk_i/X (sky130_fd_sc_hd__clkbuf_16)
                                                         clknet_1_0__leaf_clk_i (net)
                      0.102866    0.022702   20.234076 ^ u_sram/clk0 (sky130_sram_1kbyte_1rw1r_32x256_8)
                                 -0.250000   19.984077   clock uncertainty
                                  0.000000   19.984077   clock reconvergence pessimism
                                 -0.103000   19.881077   library setup time
                                             19.881077   data required time
---------------------------------------------------------------------------------------------
                                             19.881077   data required time
                                             -2.000660   data arrival time
---------------------------------------------------------------------------------------------
                                             17.880417   slack (MET)


Startpoint: axi_wdata_i[6] (input port clocked by clk_i)
Endpoint: u_sram (falling edge-triggered flip-flop clocked by clk_i)
Path Group: clk_i
Path Type: max

Fanout         Cap        Slew       Delay        Time   Description
---------------------------------------------------------------------------------------------
                                  0.000000    0.000000   clock clk_i (rise edge)
                                  0.000000    0.000000   clock network delay (propagated)
                                  2.000000    2.000000 ^ input external delay
     1    0.015609    0.000000    0.000000    2.000000 ^ axi_wdata_i[6] (in)
                                                         axi_wdata_i[6] (net)
                      0.002845    0.000673    2.000673 ^ u_sram/din0[6] (sky130_sram_1kbyte_1rw1r_32x256_8)
                                              2.000673   data arrival time

                                 20.000000   20.000000   clock clk_i (rise edge)
                                  0.000000   20.000000   clock source latency
     2    0.082968    0.000000    0.000000   20.000000 ^ clk_i (in)
                                                         clk_i (net)
                      0.016545    0.008272   20.008272 ^ clkbuf_0_clk_i/A (sky130_fd_sc_hd__clkbuf_16)
     2    0.041654    0.046201    0.093291   20.101564 ^ clkbuf_0_clk_i/X (sky130_fd_sc_hd__clkbuf_16)
                                                         clknet_0_clk_i (net)
                      0.046409    0.002377   20.103941 ^ clkbuf_1_0__f_clk_i/A (sky130_fd_sc_hd__clkbuf_16)
     1    0.066718    0.063087    0.107434   20.211374 ^ clkbuf_1_0__f_clk_i/X (sky130_fd_sc_hd__clkbuf_16)
                                                         clknet_1_0__leaf_clk_i (net)
                      0.102866    0.022702   20.234076 ^ u_sram/clk0 (sky130_sram_1kbyte_1rw1r_32x256_8)
                                 -0.250000   19.984077   clock uncertainty
                                  0.000000   19.984077   clock reconvergence pessimism
                                 -0.103000   19.881077   library setup time
                                             19.881077   data required time
---------------------------------------------------------------------------------------------
                                             19.881077   data required time
                                             -2.000673   data arrival time
---------------------------------------------------------------------------------------------
                                             17.880404   slack (MET)


Startpoint: axi_wdata_i[7] (input port clocked by clk_i)
Endpoint: u_sram (falling edge-triggered flip-flop clocked by clk_i)
Path Group: clk_i
Path Type: max

Fanout         Cap        Slew       Delay        Time   Description
---------------------------------------------------------------------------------------------
                                  0.000000    0.000000   clock clk_i (rise edge)
                                  0.000000    0.000000   clock network delay (propagated)
                                  2.000000    2.000000 ^ input external delay
     1    0.015606    0.000000    0.000000    2.000000 ^ axi_wdata_i[7] (in)
                                                         axi_wdata_i[7] (net)
                      0.002846    0.000673    2.000673 ^ u_sram/din0[7] (sky130_sram_1kbyte_1rw1r_32x256_8)
                                              2.000673   data arrival time

                                 20.000000   20.000000   clock clk_i (rise edge)
                                  0.000000   20.000000   clock source latency
     2    0.082968    0.000000    0.000000   20.000000 ^ clk_i (in)
                                                         clk_i (net)
                      0.016545    0.008272   20.008272 ^ clkbuf_0_clk_i/A (sky130_fd_sc_hd__clkbuf_16)
     2    0.041654    0.046201    0.093291   20.101564 ^ clkbuf_0_clk_i/X (sky130_fd_sc_hd__clkbuf_16)
                                                         clknet_0_clk_i (net)
                      0.046409    0.002377   20.103941 ^ clkbuf_1_0__f_clk_i/A (sky130_fd_sc_hd__clkbuf_16)
     1    0.066718    0.063087    0.107434   20.211374 ^ clkbuf_1_0__f_clk_i/X (sky130_fd_sc_hd__clkbuf_16)
                                                         clknet_1_0__leaf_clk_i (net)
                      0.102866    0.022702   20.234076 ^ u_sram/clk0 (sky130_sram_1kbyte_1rw1r_32x256_8)
                                 -0.250000   19.984077   clock uncertainty
                                  0.000000   19.984077   clock reconvergence pessimism
                                 -0.103000   19.881077   library setup time
                                             19.881077   data required time
---------------------------------------------------------------------------------------------
                                             19.881077   data required time
                                             -2.000673   data arrival time
---------------------------------------------------------------------------------------------
                                             17.880404   slack (MET)


Startpoint: axi_wdata_i[9] (input port clocked by clk_i)
Endpoint: u_sram (falling edge-triggered flip-flop clocked by clk_i)
Path Group: clk_i
Path Type: max

Fanout         Cap        Slew       Delay        Time   Description
---------------------------------------------------------------------------------------------
                                  0.000000    0.000000   clock clk_i (rise edge)
                                  0.000000    0.000000   clock network delay (propagated)
                                  2.000000    2.000000 ^ input external delay
     1    0.015868    0.000000    0.000000    2.000000 ^ axi_wdata_i[9] (in)
                                                         axi_wdata_i[9] (net)
                      0.002923    0.000692    2.000692 ^ u_sram/din0[9] (sky130_sram_1kbyte_1rw1r_32x256_8)
                                              2.000692   data arrival time

                                 20.000000   20.000000   clock clk_i (rise edge)
                                  0.000000   20.000000   clock source latency
     2    0.082968    0.000000    0.000000   20.000000 ^ clk_i (in)
                                                         clk_i (net)
                      0.016545    0.008272   20.008272 ^ clkbuf_0_clk_i/A (sky130_fd_sc_hd__clkbuf_16)
     2    0.041654    0.046201    0.093291   20.101564 ^ clkbuf_0_clk_i/X (sky130_fd_sc_hd__clkbuf_16)
                                                         clknet_0_clk_i (net)
                      0.046409    0.002377   20.103941 ^ clkbuf_1_0__f_clk_i/A (sky130_fd_sc_hd__clkbuf_16)
     1    0.066718    0.063087    0.107434   20.211374 ^ clkbuf_1_0__f_clk_i/X (sky130_fd_sc_hd__clkbuf_16)
                                                         clknet_1_0__leaf_clk_i (net)
                      0.102866    0.022702   20.234076 ^ u_sram/clk0 (sky130_sram_1kbyte_1rw1r_32x256_8)
                                 -0.250000   19.984077   clock uncertainty
                                  0.000000   19.984077   clock reconvergence pessimism
                                 -0.103000   19.881077   library setup time
                                             19.881077   data required time
---------------------------------------------------------------------------------------------
                                             19.881077   data required time
                                             -2.000692   data arrival time
---------------------------------------------------------------------------------------------
                                             17.880386   slack (MET)


Startpoint: axi_wdata_i[17] (input port clocked by clk_i)
Endpoint: u_sram (falling edge-triggered flip-flop clocked by clk_i)
Path Group: clk_i
Path Type: max

Fanout         Cap        Slew       Delay        Time   Description
---------------------------------------------------------------------------------------------
                                  0.000000    0.000000   clock clk_i (rise edge)
                                  0.000000    0.000000   clock network delay (propagated)
                                  2.000000    2.000000 ^ input external delay
     1    0.015345    0.000000    0.000000    2.000000 ^ axi_wdata_i[17] (in)
                                                         axi_wdata_i[17] (net)
                      0.002792    0.000661    2.000661 ^ u_sram/din0[17] (sky130_sram_1kbyte_1rw1r_32x256_8)
                                              2.000661   data arrival time

                                 20.000000   20.000000   clock clk_i (rise edge)
                                  0.000000   20.000000   clock source latency
     2    0.082968    0.000000    0.000000   20.000000 ^ clk_i (in)
                                                         clk_i (net)
                      0.016545    0.008272   20.008272 ^ clkbuf_0_clk_i/A (sky130_fd_sc_hd__clkbuf_16)
     2    0.041654    0.046201    0.093291   20.101564 ^ clkbuf_0_clk_i/X (sky130_fd_sc_hd__clkbuf_16)
                                                         clknet_0_clk_i (net)
                      0.046409    0.002377   20.103941 ^ clkbuf_1_0__f_clk_i/A (sky130_fd_sc_hd__clkbuf_16)
     1    0.066718    0.063087    0.107434   20.211374 ^ clkbuf_1_0__f_clk_i/X (sky130_fd_sc_hd__clkbuf_16)
                                                         clknet_1_0__leaf_clk_i (net)
                      0.102866    0.022702   20.234076 ^ u_sram/clk0 (sky130_sram_1kbyte_1rw1r_32x256_8)
                                 -0.250000   19.984077   clock uncertainty
                                  0.000000   19.984077   clock reconvergence pessimism
                                 -0.103000   19.881077   library setup time
                                             19.881077   data required time
---------------------------------------------------------------------------------------------
                                             19.881077   data required time
                                             -2.000661   data arrival time
---------------------------------------------------------------------------------------------
                                             17.880415   slack (MET)


Startpoint: axi_wdata_i[18] (input port clocked by clk_i)
Endpoint: u_sram (falling edge-triggered flip-flop clocked by clk_i)
Path Group: clk_i
Path Type: max

Fanout         Cap        Slew       Delay        Time   Description
---------------------------------------------------------------------------------------------
                                  0.000000    0.000000   clock clk_i (rise edge)
                                  0.000000    0.000000   clock network delay (propagated)
                                  2.000000    2.000000 ^ input external delay
     1    0.015366    0.000000    0.000000    2.000000 ^ axi_wdata_i[18] (in)
                                                         axi_wdata_i[18] (net)
                      0.002797    0.000662    2.000662 ^ u_sram/din0[18] (sky130_sram_1kbyte_1rw1r_32x256_8)
                                              2.000662   data arrival time

                                 20.000000   20.000000   clock clk_i (rise edge)
                                  0.000000   20.000000   clock source latency
     2    0.082968    0.000000    0.000000   20.000000 ^ clk_i (in)
                                                         clk_i (net)
                      0.016545    0.008272   20.008272 ^ clkbuf_0_clk_i/A (sky130_fd_sc_hd__clkbuf_16)
     2    0.041654    0.046201    0.093291   20.101564 ^ clkbuf_0_clk_i/X (sky130_fd_sc_hd__clkbuf_16)
                                                         clknet_0_clk_i (net)
                      0.046409    0.002377   20.103941 ^ clkbuf_1_0__f_clk_i/A (sky130_fd_sc_hd__clkbuf_16)
     1    0.066718    0.063087    0.107434   20.211374 ^ clkbuf_1_0__f_clk_i/X (sky130_fd_sc_hd__clkbuf_16)
                                                         clknet_1_0__leaf_clk_i (net)
                      0.102866    0.022702   20.234076 ^ u_sram/clk0 (sky130_sram_1kbyte_1rw1r_32x256_8)
                                 -0.250000   19.984077   clock uncertainty
                                  0.000000   19.984077   clock reconvergence pessimism
                                 -0.103000   19.881077   library setup time
                                             19.881077   data required time
---------------------------------------------------------------------------------------------
                                             19.881077   data required time
                                             -2.000662   data arrival time
---------------------------------------------------------------------------------------------
                                             17.880415   slack (MET)


Startpoint: axi_wdata_i[19] (input port clocked by clk_i)
Endpoint: u_sram (falling edge-triggered flip-flop clocked by clk_i)
Path Group: clk_i
Path Type: max

Fanout         Cap        Slew       Delay        Time   Description
---------------------------------------------------------------------------------------------
                                  0.000000    0.000000   clock clk_i (rise edge)
                                  0.000000    0.000000   clock network delay (propagated)
                                  2.000000    2.000000 ^ input external delay
     1    0.015448    0.000000    0.000000    2.000000 ^ axi_wdata_i[19] (in)
                                                         axi_wdata_i[19] (net)
                      0.002832    0.000670    2.000670 ^ u_sram/din0[19] (sky130_sram_1kbyte_1rw1r_32x256_8)
                                              2.000670   data arrival time

                                 20.000000   20.000000   clock clk_i (rise edge)
                                  0.000000   20.000000   clock source latency
     2    0.082968    0.000000    0.000000   20.000000 ^ clk_i (in)
                                                         clk_i (net)
                      0.016545    0.008272   20.008272 ^ clkbuf_0_clk_i/A (sky130_fd_sc_hd__clkbuf_16)
     2    0.041654    0.046201    0.093291   20.101564 ^ clkbuf_0_clk_i/X (sky130_fd_sc_hd__clkbuf_16)
                                                         clknet_0_clk_i (net)
                      0.046409    0.002377   20.103941 ^ clkbuf_1_0__f_clk_i/A (sky130_fd_sc_hd__clkbuf_16)
     1    0.066718    0.063087    0.107434   20.211374 ^ clkbuf_1_0__f_clk_i/X (sky130_fd_sc_hd__clkbuf_16)
                                                         clknet_1_0__leaf_clk_i (net)
                      0.102866    0.022702   20.234076 ^ u_sram/clk0 (sky130_sram_1kbyte_1rw1r_32x256_8)
                                 -0.250000   19.984077   clock uncertainty
                                  0.000000   19.984077   clock reconvergence pessimism
                                 -0.103000   19.881077   library setup time
                                             19.881077   data required time
---------------------------------------------------------------------------------------------
                                             19.881077   data required time
                                             -2.000670   data arrival time
---------------------------------------------------------------------------------------------
                                             17.880407   slack (MET)


Startpoint: axi_wdata_i[8] (input port clocked by clk_i)
Endpoint: u_sram (falling edge-triggered flip-flop clocked by clk_i)
Path Group: clk_i
Path Type: max

Fanout         Cap        Slew       Delay        Time   Description
---------------------------------------------------------------------------------------------
                                  0.000000    0.000000   clock clk_i (rise edge)
                                  0.000000    0.000000   clock network delay (propagated)
                                  2.000000    2.000000 ^ input external delay
     1    0.015590    0.000000    0.000000    2.000000 ^ axi_wdata_i[8] (in)
                                                         axi_wdata_i[8] (net)
                      0.002840    0.000672    2.000672 ^ u_sram/din0[8] (sky130_sram_1kbyte_1rw1r_32x256_8)
                                              2.000672   data arrival time

                                 20.000000   20.000000   clock clk_i (rise edge)
                                  0.000000   20.000000   clock source latency
     2    0.082968    0.000000    0.000000   20.000000 ^ clk_i (in)
                                                         clk_i (net)
                      0.016545    0.008272   20.008272 ^ clkbuf_0_clk_i/A (sky130_fd_sc_hd__clkbuf_16)
     2    0.041654    0.046201    0.093291   20.101564 ^ clkbuf_0_clk_i/X (sky130_fd_sc_hd__clkbuf_16)
                                                         clknet_0_clk_i (net)
                      0.046409    0.002377   20.103941 ^ clkbuf_1_0__f_clk_i/A (sky130_fd_sc_hd__clkbuf_16)
     1    0.066718    0.063087    0.107434   20.211374 ^ clkbuf_1_0__f_clk_i/X (sky130_fd_sc_hd__clkbuf_16)
                                                         clknet_1_0__leaf_clk_i (net)
                      0.102866    0.022702   20.234076 ^ u_sram/clk0 (sky130_sram_1kbyte_1rw1r_32x256_8)
                                 -0.250000   19.984077   clock uncertainty
                                  0.000000   19.984077   clock reconvergence pessimism
                                 -0.103000   19.881077   library setup time
                                             19.881077   data required time
---------------------------------------------------------------------------------------------
                                             19.881077   data required time
                                             -2.000672   data arrival time
---------------------------------------------------------------------------------------------
                                             17.880405   slack (MET)


Startpoint: axi_wdata_i[24] (input port clocked by clk_i)
Endpoint: u_sram (falling edge-triggered flip-flop clocked by clk_i)
Path Group: clk_i
Path Type: max

Fanout         Cap        Slew       Delay        Time   Description
---------------------------------------------------------------------------------------------
                                  0.000000    0.000000   clock clk_i (rise edge)
                                  0.000000    0.000000   clock network delay (propagated)
                                  2.000000    2.000000 ^ input external delay
     1    0.014665    0.000000    0.000000    2.000000 ^ axi_wdata_i[24] (in)
                                                         axi_wdata_i[24] (net)
                      0.002664    0.000630    2.000630 ^ u_sram/din0[24] (sky130_sram_1kbyte_1rw1r_32x256_8)
                                              2.000630   data arrival time

                                 20.000000   20.000000   clock clk_i (rise edge)
                                  0.000000   20.000000   clock source latency
     2    0.082968    0.000000    0.000000   20.000000 ^ clk_i (in)
                                                         clk_i (net)
                      0.016545    0.008272   20.008272 ^ clkbuf_0_clk_i/A (sky130_fd_sc_hd__clkbuf_16)
     2    0.041654    0.046201    0.093291   20.101564 ^ clkbuf_0_clk_i/X (sky130_fd_sc_hd__clkbuf_16)
                                                         clknet_0_clk_i (net)
                      0.046409    0.002377   20.103941 ^ clkbuf_1_0__f_clk_i/A (sky130_fd_sc_hd__clkbuf_16)
     1    0.066718    0.063087    0.107434   20.211374 ^ clkbuf_1_0__f_clk_i/X (sky130_fd_sc_hd__clkbuf_16)
                                                         clknet_1_0__leaf_clk_i (net)
                      0.102866    0.022702   20.234076 ^ u_sram/clk0 (sky130_sram_1kbyte_1rw1r_32x256_8)
                                 -0.250000   19.984077   clock uncertainty
                                  0.000000   19.984077   clock reconvergence pessimism
                                 -0.103000   19.881077   library setup time
                                             19.881077   data required time
---------------------------------------------------------------------------------------------
                                             19.881077   data required time
                                             -2.000630   data arrival time
---------------------------------------------------------------------------------------------
                                             17.880445   slack (MET)


Startpoint: axi_wdata_i[28] (input port clocked by clk_i)
Endpoint: u_sram (falling edge-triggered flip-flop clocked by clk_i)
Path Group: clk_i
Path Type: max

Fanout         Cap        Slew       Delay        Time   Description
---------------------------------------------------------------------------------------------
                                  0.000000    0.000000   clock clk_i (rise edge)
                                  0.000000    0.000000   clock network delay (propagated)
                                  2.000000    2.000000 ^ input external delay
     1    0.014834    0.000000    0.000000    2.000000 ^ axi_wdata_i[28] (in)
                                                         axi_wdata_i[28] (net)
                      0.002702    0.000639    2.000639 ^ u_sram/din0[28] (sky130_sram_1kbyte_1rw1r_32x256_8)
                                              2.000639   data arrival time

                                 20.000000   20.000000   clock clk_i (rise edge)
                                  0.000000   20.000000   clock source latency
     2    0.082968    0.000000    0.000000   20.000000 ^ clk_i (in)
                                                         clk_i (net)
                      0.016545    0.008272   20.008272 ^ clkbuf_0_clk_i/A (sky130_fd_sc_hd__clkbuf_16)
     2    0.041654    0.046201    0.093291   20.101564 ^ clkbuf_0_clk_i/X (sky130_fd_sc_hd__clkbuf_16)
                                                         clknet_0_clk_i (net)
                      0.046409    0.002377   20.103941 ^ clkbuf_1_0__f_clk_i/A (sky130_fd_sc_hd__clkbuf_16)
     1    0.066718    0.063087    0.107434   20.211374 ^ clkbuf_1_0__f_clk_i/X (sky130_fd_sc_hd__clkbuf_16)
                                                         clknet_1_0__leaf_clk_i (net)
                      0.102866    0.022702   20.234076 ^ u_sram/clk0 (sky130_sram_1kbyte_1rw1r_32x256_8)
                                 -0.250000   19.984077   clock uncertainty
                                  0.000000   19.984077   clock reconvergence pessimism
                                 -0.103000   19.881077   library setup time
                                             19.881077   data required time
---------------------------------------------------------------------------------------------
                                             19.881077   data required time
                                             -2.000639   data arrival time
---------------------------------------------------------------------------------------------
                                             17.880438   slack (MET)


Startpoint: axi_wdata_i[0] (input port clocked by clk_i)
Endpoint: u_sram (falling edge-triggered flip-flop clocked by clk_i)
Path Group: clk_i
Path Type: max

Fanout         Cap        Slew       Delay        Time   Description
---------------------------------------------------------------------------------------------
                                  0.000000    0.000000   clock clk_i (rise edge)
                                  0.000000    0.000000   clock network delay (propagated)
                                  2.000000    2.000000 ^ input external delay
     1    0.014158    0.000000    0.000000    2.000000 ^ axi_wdata_i[0] (in)
                                                         axi_wdata_i[0] (net)
                      0.002543    0.000602    2.000602 ^ u_sram/din0[0] (sky130_sram_1kbyte_1rw1r_32x256_8)
                                              2.000602   data arrival time

                                 20.000000   20.000000   clock clk_i (rise edge)
                                  0.000000   20.000000   clock source latency
     2    0.082968    0.000000    0.000000   20.000000 ^ clk_i (in)
                                                         clk_i (net)
                      0.016545    0.008272   20.008272 ^ clkbuf_0_clk_i/A (sky130_fd_sc_hd__clkbuf_16)
     2    0.041654    0.046201    0.093291   20.101564 ^ clkbuf_0_clk_i/X (sky130_fd_sc_hd__clkbuf_16)
                                                         clknet_0_clk_i (net)
                      0.046409    0.002377   20.103941 ^ clkbuf_1_0__f_clk_i/A (sky130_fd_sc_hd__clkbuf_16)
     1    0.066718    0.063087    0.107434   20.211374 ^ clkbuf_1_0__f_clk_i/X (sky130_fd_sc_hd__clkbuf_16)
                                                         clknet_1_0__leaf_clk_i (net)
                      0.102866    0.022702   20.234076 ^ u_sram/clk0 (sky130_sram_1kbyte_1rw1r_32x256_8)
                                 -0.250000   19.984077   clock uncertainty
                                  0.000000   19.984077   clock reconvergence pessimism
                                 -0.103000   19.881077   library setup time
                                             19.881077   data required time
---------------------------------------------------------------------------------------------
                                             19.881077   data required time
                                             -2.000602   data arrival time
---------------------------------------------------------------------------------------------
                                             17.880474   slack (MET)


Startpoint: axi_wdata_i[15] (input port clocked by clk_i)
Endpoint: u_sram (falling edge-triggered flip-flop clocked by clk_i)
Path Group: clk_i
Path Type: max

Fanout         Cap        Slew       Delay        Time   Description
---------------------------------------------------------------------------------------------
                                  0.000000    0.000000   clock clk_i (rise edge)
                                  0.000000    0.000000   clock network delay (propagated)
                                  2.000000    2.000000 ^ input external delay
     1    0.014279    0.000000    0.000000    2.000000 ^ axi_wdata_i[15] (in)
                                                         axi_wdata_i[15] (net)
                      0.002587    0.000612    2.000612 ^ u_sram/din0[15] (sky130_sram_1kbyte_1rw1r_32x256_8)
                                              2.000612   data arrival time

                                 20.000000   20.000000   clock clk_i (rise edge)
                                  0.000000   20.000000   clock source latency
     2    0.082968    0.000000    0.000000   20.000000 ^ clk_i (in)
                                                         clk_i (net)
                      0.016545    0.008272   20.008272 ^ clkbuf_0_clk_i/A (sky130_fd_sc_hd__clkbuf_16)
     2    0.041654    0.046201    0.093291   20.101564 ^ clkbuf_0_clk_i/X (sky130_fd_sc_hd__clkbuf_16)
                                                         clknet_0_clk_i (net)
                      0.046409    0.002377   20.103941 ^ clkbuf_1_0__f_clk_i/A (sky130_fd_sc_hd__clkbuf_16)
     1    0.066718    0.063087    0.107434   20.211374 ^ clkbuf_1_0__f_clk_i/X (sky130_fd_sc_hd__clkbuf_16)
                                                         clknet_1_0__leaf_clk_i (net)
                      0.102866    0.022702   20.234076 ^ u_sram/clk0 (sky130_sram_1kbyte_1rw1r_32x256_8)
                                 -0.250000   19.984077   clock uncertainty
                                  0.000000   19.984077   clock reconvergence pessimism
                                 -0.103000   19.881077   library setup time
                                             19.881077   data required time
---------------------------------------------------------------------------------------------
                                             19.881077   data required time
                                             -2.000612   data arrival time
---------------------------------------------------------------------------------------------
                                             17.880466   slack (MET)


Startpoint: axi_wdata_i[1] (input port clocked by clk_i)
Endpoint: u_sram (falling edge-triggered flip-flop clocked by clk_i)
Path Group: clk_i
Path Type: max

Fanout         Cap        Slew       Delay        Time   Description
---------------------------------------------------------------------------------------------
                                  0.000000    0.000000   clock clk_i (rise edge)
                                  0.000000    0.000000   clock network delay (propagated)
                                  2.000000    2.000000 ^ input external delay
     1    0.014204    0.000000    0.000000    2.000000 ^ axi_wdata_i[1] (in)
                                                         axi_wdata_i[1] (net)
                      0.002554    0.000604    2.000604 ^ u_sram/din0[1] (sky130_sram_1kbyte_1rw1r_32x256_8)
                                              2.000604   data arrival time

                                 20.000000   20.000000   clock clk_i (rise edge)
                                  0.000000   20.000000   clock source latency
     2    0.082968    0.000000    0.000000   20.000000 ^ clk_i (in)
                                                         clk_i (net)
                      0.016545    0.008272   20.008272 ^ clkbuf_0_clk_i/A (sky130_fd_sc_hd__clkbuf_16)
     2    0.041654    0.046201    0.093291   20.101564 ^ clkbuf_0_clk_i/X (sky130_fd_sc_hd__clkbuf_16)
                                                         clknet_0_clk_i (net)
                      0.046409    0.002377   20.103941 ^ clkbuf_1_0__f_clk_i/A (sky130_fd_sc_hd__clkbuf_16)
     1    0.066718    0.063087    0.107434   20.211374 ^ clkbuf_1_0__f_clk_i/X (sky130_fd_sc_hd__clkbuf_16)
                                                         clknet_1_0__leaf_clk_i (net)
                      0.102866    0.022702   20.234076 ^ u_sram/clk0 (sky130_sram_1kbyte_1rw1r_32x256_8)
                                 -0.250000   19.984077   clock uncertainty
                                  0.000000   19.984077   clock reconvergence pessimism
                                 -0.103000   19.881077   library setup time
                                             19.881077   data required time
---------------------------------------------------------------------------------------------
                                             19.881077   data required time
                                             -2.000604   data arrival time
---------------------------------------------------------------------------------------------
                                             17.880472   slack (MET)


Startpoint: axi_wdata_i[2] (input port clocked by clk_i)
Endpoint: u_sram (falling edge-triggered flip-flop clocked by clk_i)
Path Group: clk_i
Path Type: max

Fanout         Cap        Slew       Delay        Time   Description
---------------------------------------------------------------------------------------------
                                  0.000000    0.000000   clock clk_i (rise edge)
                                  0.000000    0.000000   clock network delay (propagated)
                                  2.000000    2.000000 ^ input external delay
     1    0.014218    0.000000    0.000000    2.000000 ^ axi_wdata_i[2] (in)
                                                         axi_wdata_i[2] (net)
                      0.002558    0.000605    2.000605 ^ u_sram/din0[2] (sky130_sram_1kbyte_1rw1r_32x256_8)
                                              2.000605   data arrival time

                                 20.000000   20.000000   clock clk_i (rise edge)
                                  0.000000   20.000000   clock source latency
     2    0.082968    0.000000    0.000000   20.000000 ^ clk_i (in)
                                                         clk_i (net)
                      0.016545    0.008272   20.008272 ^ clkbuf_0_clk_i/A (sky130_fd_sc_hd__clkbuf_16)
     2    0.041654    0.046201    0.093291   20.101564 ^ clkbuf_0_clk_i/X (sky130_fd_sc_hd__clkbuf_16)
                                                         clknet_0_clk_i (net)
                      0.046409    0.002377   20.103941 ^ clkbuf_1_0__f_clk_i/A (sky130_fd_sc_hd__clkbuf_16)
     1    0.066718    0.063087    0.107434   20.211374 ^ clkbuf_1_0__f_clk_i/X (sky130_fd_sc_hd__clkbuf_16)
                                                         clknet_1_0__leaf_clk_i (net)
                      0.102866    0.022702   20.234076 ^ u_sram/clk0 (sky130_sram_1kbyte_1rw1r_32x256_8)
                                 -0.250000   19.984077   clock uncertainty
                                  0.000000   19.984077   clock reconvergence pessimism
                                 -0.103000   19.881077   library setup time
                                             19.881077   data required time
---------------------------------------------------------------------------------------------
                                             19.881077   data required time
                                             -2.000605   data arrival time
---------------------------------------------------------------------------------------------
                                             17.880470   slack (MET)


Startpoint: axi_wdata_i[3] (input port clocked by clk_i)
Endpoint: u_sram (falling edge-triggered flip-flop clocked by clk_i)
Path Group: clk_i
Path Type: max

Fanout         Cap        Slew       Delay        Time   Description
---------------------------------------------------------------------------------------------
                                  0.000000    0.000000   clock clk_i (rise edge)
                                  0.000000    0.000000   clock network delay (propagated)
                                  2.000000    2.000000 ^ input external delay
     1    0.014167    0.000000    0.000000    2.000000 ^ axi_wdata_i[3] (in)
                                                         axi_wdata_i[3] (net)
                      0.002545    0.000602    2.000602 ^ u_sram/din0[3] (sky130_sram_1kbyte_1rw1r_32x256_8)
                                              2.000602   data arrival time

                                 20.000000   20.000000   clock clk_i (rise edge)
                                  0.000000   20.000000   clock source latency
     2    0.082968    0.000000    0.000000   20.000000 ^ clk_i (in)
                                                         clk_i (net)
                      0.016545    0.008272   20.008272 ^ clkbuf_0_clk_i/A (sky130_fd_sc_hd__clkbuf_16)
     2    0.041654    0.046201    0.093291   20.101564 ^ clkbuf_0_clk_i/X (sky130_fd_sc_hd__clkbuf_16)
                                                         clknet_0_clk_i (net)
                      0.046409    0.002377   20.103941 ^ clkbuf_1_0__f_clk_i/A (sky130_fd_sc_hd__clkbuf_16)
     1    0.066718    0.063087    0.107434   20.211374 ^ clkbuf_1_0__f_clk_i/X (sky130_fd_sc_hd__clkbuf_16)
                                                         clknet_1_0__leaf_clk_i (net)
                      0.102866    0.022702   20.234076 ^ u_sram/clk0 (sky130_sram_1kbyte_1rw1r_32x256_8)
                                 -0.250000   19.984077   clock uncertainty
                                  0.000000   19.984077   clock reconvergence pessimism
                                 -0.103000   19.881077   library setup time
                                             19.881077   data required time
---------------------------------------------------------------------------------------------
                                             19.881077   data required time
                                             -2.000602   data arrival time
---------------------------------------------------------------------------------------------
                                             17.880474   slack (MET)


Startpoint: axi_wdata_i[4] (input port clocked by clk_i)
Endpoint: u_sram (falling edge-triggered flip-flop clocked by clk_i)
Path Group: clk_i
Path Type: max

Fanout         Cap        Slew       Delay        Time   Description
---------------------------------------------------------------------------------------------
                                  0.000000    0.000000   clock clk_i (rise edge)
                                  0.000000    0.000000   clock network delay (propagated)
                                  2.000000    2.000000 ^ input external delay
     1    0.014167    0.000000    0.000000    2.000000 ^ axi_wdata_i[4] (in)
                                                         axi_wdata_i[4] (net)
                      0.002545    0.000602    2.000602 ^ u_sram/din0[4] (sky130_sram_1kbyte_1rw1r_32x256_8)
                                              2.000602   data arrival time

                                 20.000000   20.000000   clock clk_i (rise edge)
                                  0.000000   20.000000   clock source latency
     2    0.082968    0.000000    0.000000   20.000000 ^ clk_i (in)
                                                         clk_i (net)
                      0.016545    0.008272   20.008272 ^ clkbuf_0_clk_i/A (sky130_fd_sc_hd__clkbuf_16)
     2    0.041654    0.046201    0.093291   20.101564 ^ clkbuf_0_clk_i/X (sky130_fd_sc_hd__clkbuf_16)
                                                         clknet_0_clk_i (net)
                      0.046409    0.002377   20.103941 ^ clkbuf_1_0__f_clk_i/A (sky130_fd_sc_hd__clkbuf_16)
     1    0.066718    0.063087    0.107434   20.211374 ^ clkbuf_1_0__f_clk_i/X (sky130_fd_sc_hd__clkbuf_16)
                                                         clknet_1_0__leaf_clk_i (net)
                      0.102866    0.022702   20.234076 ^ u_sram/clk0 (sky130_sram_1kbyte_1rw1r_32x256_8)
                                 -0.250000   19.984077   clock uncertainty
                                  0.000000   19.984077   clock reconvergence pessimism
                                 -0.103000   19.881077   library setup time
                                             19.881077   data required time
---------------------------------------------------------------------------------------------
                                             19.881077   data required time
                                             -2.000602   data arrival time
---------------------------------------------------------------------------------------------
                                             17.880474   slack (MET)


Startpoint: axi_wdata_i[5] (input port clocked by clk_i)
Endpoint: u_sram (falling edge-triggered flip-flop clocked by clk_i)
Path Group: clk_i
Path Type: max

Fanout         Cap        Slew       Delay        Time   Description
---------------------------------------------------------------------------------------------
                                  0.000000    0.000000   clock clk_i (rise edge)
                                  0.000000    0.000000   clock network delay (propagated)
                                  2.000000    2.000000 ^ input external delay
     1    0.014187    0.000000    0.000000    2.000000 ^ axi_wdata_i[5] (in)
                                                         axi_wdata_i[5] (net)
                      0.002551    0.000604    2.000604 ^ u_sram/din0[5] (sky130_sram_1kbyte_1rw1r_32x256_8)
                                              2.000604   data arrival time

                                 20.000000   20.000000   clock clk_i (rise edge)
                                  0.000000   20.000000   clock source latency
     2    0.082968    0.000000    0.000000   20.000000 ^ clk_i (in)
                                                         clk_i (net)
                      0.016545    0.008272   20.008272 ^ clkbuf_0_clk_i/A (sky130_fd_sc_hd__clkbuf_16)
     2    0.041654    0.046201    0.093291   20.101564 ^ clkbuf_0_clk_i/X (sky130_fd_sc_hd__clkbuf_16)
                                                         clknet_0_clk_i (net)
                      0.046409    0.002377   20.103941 ^ clkbuf_1_0__f_clk_i/A (sky130_fd_sc_hd__clkbuf_16)
     1    0.066718    0.063087    0.107434   20.211374 ^ clkbuf_1_0__f_clk_i/X (sky130_fd_sc_hd__clkbuf_16)
                                                         clknet_1_0__leaf_clk_i (net)
                      0.102866    0.022702   20.234076 ^ u_sram/clk0 (sky130_sram_1kbyte_1rw1r_32x256_8)
                                 -0.250000   19.984077   clock uncertainty
                                  0.000000   19.984077   clock reconvergence pessimism
                                 -0.103000   19.881077   library setup time
                                             19.881077   data required time
---------------------------------------------------------------------------------------------
                                             19.881077   data required time
                                             -2.000604   data arrival time
---------------------------------------------------------------------------------------------
                                             17.880472   slack (MET)


Startpoint: axi_wdata_i[31] (input port clocked by clk_i)
Endpoint: u_sram (falling edge-triggered flip-flop clocked by clk_i)
Path Group: clk_i
Path Type: max

Fanout         Cap        Slew       Delay        Time   Description
---------------------------------------------------------------------------------------------
                                  0.000000    0.000000   clock clk_i (rise edge)
                                  0.000000    0.000000   clock network delay (propagated)
                                  2.000000    2.000000 ^ input external delay
     1    0.016098    0.000000    0.000000    2.000000 ^ axi_wdata_i[31] (in)
                                                         axi_wdata_i[31] (net)
                      0.002346    0.000555    2.000555 ^ u_sram/din0[31] (sky130_sram_1kbyte_1rw1r_32x256_8)
                                              2.000555   data arrival time

                                 20.000000   20.000000   clock clk_i (rise edge)
                                  0.000000   20.000000   clock source latency
     2    0.082968    0.000000    0.000000   20.000000 ^ clk_i (in)
                                                         clk_i (net)
                      0.016545    0.008272   20.008272 ^ clkbuf_0_clk_i/A (sky130_fd_sc_hd__clkbuf_16)
     2    0.041654    0.046201    0.093291   20.101564 ^ clkbuf_0_clk_i/X (sky130_fd_sc_hd__clkbuf_16)
                                                         clknet_0_clk_i (net)
                      0.046409    0.002377   20.103941 ^ clkbuf_1_0__f_clk_i/A (sky130_fd_sc_hd__clkbuf_16)
     1    0.066718    0.063087    0.107434   20.211374 ^ clkbuf_1_0__f_clk_i/X (sky130_fd_sc_hd__clkbuf_16)
                                                         clknet_1_0__leaf_clk_i (net)
                      0.102866    0.022702   20.234076 ^ u_sram/clk0 (sky130_sram_1kbyte_1rw1r_32x256_8)
                                 -0.250000   19.984077   clock uncertainty
                                  0.000000   19.984077   clock reconvergence pessimism
                                 -0.103000   19.881077   library setup time
                                             19.881077   data required time
---------------------------------------------------------------------------------------------
                                             19.881077   data required time
                                             -2.000555   data arrival time
---------------------------------------------------------------------------------------------
                                             17.880522   slack (MET)


Startpoint: axi_wdata_i[30] (input port clocked by clk_i)
Endpoint: u_sram (falling edge-triggered flip-flop clocked by clk_i)
Path Group: clk_i
Path Type: max

Fanout         Cap        Slew       Delay        Time   Description
---------------------------------------------------------------------------------------------
                                  0.000000    0.000000   clock clk_i (rise edge)
                                  0.000000    0.000000   clock network delay (propagated)
                                  2.000000    2.000000 ^ input external delay
     1    0.015393    0.000000    0.000000    2.000000 ^ axi_wdata_i[30] (in)
                                                         axi_wdata_i[30] (net)
                      0.002197    0.000520    2.000520 ^ u_sram/din0[30] (sky130_sram_1kbyte_1rw1r_32x256_8)
                                              2.000520   data arrival time

                                 20.000000   20.000000   clock clk_i (rise edge)
                                  0.000000   20.000000   clock source latency
     2    0.082968    0.000000    0.000000   20.000000 ^ clk_i (in)
                                                         clk_i (net)
                      0.016545    0.008272   20.008272 ^ clkbuf_0_clk_i/A (sky130_fd_sc_hd__clkbuf_16)
     2    0.041654    0.046201    0.093291   20.101564 ^ clkbuf_0_clk_i/X (sky130_fd_sc_hd__clkbuf_16)
                                                         clknet_0_clk_i (net)
                      0.046409    0.002377   20.103941 ^ clkbuf_1_0__f_clk_i/A (sky130_fd_sc_hd__clkbuf_16)
     1    0.066718    0.063087    0.107434   20.211374 ^ clkbuf_1_0__f_clk_i/X (sky130_fd_sc_hd__clkbuf_16)
                                                         clknet_1_0__leaf_clk_i (net)
                      0.102866    0.022702   20.234076 ^ u_sram/clk0 (sky130_sram_1kbyte_1rw1r_32x256_8)
                                 -0.250000   19.984077   clock uncertainty
                                  0.000000   19.984077   clock reconvergence pessimism
                                 -0.103000   19.881077   library setup time
                                             19.881077   data required time
---------------------------------------------------------------------------------------------
                                             19.881077   data required time
                                             -2.000520   data arrival time
---------------------------------------------------------------------------------------------
                                             17.880556   slack (MET)


Startpoint: rst_ni (input port clocked by clk_i)
Endpoint: _45_ (recovery check against rising-edge clock clk_i)
Path Group: asynchronous
Path Type: max

Fanout         Cap        Slew       Delay        Time   Description
---------------------------------------------------------------------------------------------
                                  0.000000    0.000000   clock clk_i (rise edge)
                                  0.000000    0.000000   clock network delay (propagated)
                                  2.000000    2.000000 ^ input external delay
     4    0.020156    0.000000    0.000000    2.000000 ^ rst_ni (in)
                                                         rst_ni (net)
                      0.001219    0.000610    2.000610 ^ _45_/SET_B (sky130_fd_sc_hd__dfstp_2)
                                              2.000610   data arrival time

                                 20.000000   20.000000   clock clk_i (rise edge)
                                  0.000000   20.000000   clock source latency
     2    0.082968    0.000000    0.000000   20.000000 ^ clk_i (in)
                                                         clk_i (net)
                      0.009513    0.004757   20.004757 ^ clkbuf_regs_0_clk_i/A (sky130_fd_sc_hd__clkbuf_16)
     1    0.008543    0.023545    0.070603   20.075361 ^ clkbuf_regs_0_clk_i/X (sky130_fd_sc_hd__clkbuf_16)
                                                         clk_i_regs (net)
                      0.023550    0.000671   20.076033 ^ clkbuf_0_clk_i_regs/A (sky130_fd_sc_hd__clkbuf_16)
     2    0.019396    0.030738    0.081661   20.157694 ^ clkbuf_0_clk_i_regs/X (sky130_fd_sc_hd__clkbuf_16)
                                                         clknet_0_clk_i_regs (net)
                      0.030749    0.001014   20.158707 ^ clkbuf_1_0__f_clk_i_regs/A (sky130_fd_sc_hd__clkbuf_16)
     2    0.005471    0.021323    0.074031   20.232738 ^ clkbuf_1_0__f_clk_i_regs/X (sky130_fd_sc_hd__clkbuf_16)
                                                         clknet_1_0__leaf_clk_i_regs (net)
                      0.021325    0.000318   20.233057 ^ _45_/CLK (sky130_fd_sc_hd__dfstp_2)
                                 -0.250000   19.983057   clock uncertainty
                                  0.000000   19.983057   clock reconvergence pessimism
                                  0.082375   20.065434   library recovery time
                                             20.065434   data required time
---------------------------------------------------------------------------------------------
                                             20.065434   data required time
                                             -2.000610   data arrival time
---------------------------------------------------------------------------------------------
                                             18.064823   slack (MET)


Startpoint: rst_ni (input port clocked by clk_i)
Endpoint: _47_ (recovery check against rising-edge clock clk_i)
Path Group: asynchronous
Path Type: max

Fanout         Cap        Slew       Delay        Time   Description
---------------------------------------------------------------------------------------------
                                  0.000000    0.000000   clock clk_i (rise edge)
                                  0.000000    0.000000   clock network delay (propagated)
                                  2.000000    2.000000 ^ input external delay
     4    0.020156    0.000000    0.000000    2.000000 ^ rst_ni (in)
                                                         rst_ni (net)
                      0.001192    0.000596    2.000596 ^ _47_/RESET_B (sky130_fd_sc_hd__dfrtp_2)
                                              2.000596   data arrival time

                                 20.000000   20.000000   clock clk_i (rise edge)
                                  0.000000   20.000000   clock source latency
     2    0.082968    0.000000    0.000000   20.000000 ^ clk_i (in)
                                                         clk_i (net)
                      0.009513    0.004757   20.004757 ^ clkbuf_regs_0_clk_i/A (sky130_fd_sc_hd__clkbuf_16)
     1    0.008543    0.023545    0.070603   20.075361 ^ clkbuf_regs_0_clk_i/X (sky130_fd_sc_hd__clkbuf_16)
                                                         clk_i_regs (net)
                      0.023550    0.000671   20.076033 ^ clkbuf_0_clk_i_regs/A (sky130_fd_sc_hd__clkbuf_16)
     2    0.019396    0.030738    0.081661   20.157694 ^ clkbuf_0_clk_i_regs/X (sky130_fd_sc_hd__clkbuf_16)
                                                         clknet_0_clk_i_regs (net)
                      0.030749    0.001014   20.158707 ^ clkbuf_1_0__f_clk_i_regs/A (sky130_fd_sc_hd__clkbuf_16)
     2    0.005471    0.021323    0.074031   20.232738 ^ clkbuf_1_0__f_clk_i_regs/X (sky130_fd_sc_hd__clkbuf_16)
                                                         clknet_1_0__leaf_clk_i_regs (net)
                      0.021325    0.000323   20.233063 ^ _47_/CLK (sky130_fd_sc_hd__dfrtp_2)
                                 -0.250000   19.983063   clock uncertainty
                                  0.000000   19.983063   clock reconvergence pessimism
                                  0.139912   20.122974   library recovery time
                                             20.122974   data required time
---------------------------------------------------------------------------------------------
                                             20.122974   data required time
                                             -2.000596   data arrival time
---------------------------------------------------------------------------------------------
                                             18.122379   slack (MET)


Startpoint: rst_ni (input port clocked by clk_i)
Endpoint: _46_ (recovery check against rising-edge clock clk_i)
Path Group: asynchronous
Path Type: max

Fanout         Cap        Slew       Delay        Time   Description
---------------------------------------------------------------------------------------------
                                  0.000000    0.000000   clock clk_i (rise edge)
                                  0.000000    0.000000   clock network delay (propagated)
                                  2.000000    2.000000 ^ input external delay
     4    0.020156    0.000000    0.000000    2.000000 ^ rst_ni (in)
                                                         rst_ni (net)
                      0.001208    0.000604    2.000604 ^ _46_/RESET_B (sky130_fd_sc_hd__dfrtp_2)
                                              2.000604   data arrival time

                                 20.000000   20.000000   clock clk_i (rise edge)
                                  0.000000   20.000000   clock source latency
     2    0.082968    0.000000    0.000000   20.000000 ^ clk_i (in)
                                                         clk_i (net)
                      0.009513    0.004757   20.004757 ^ clkbuf_regs_0_clk_i/A (sky130_fd_sc_hd__clkbuf_16)
     1    0.008543    0.023545    0.070603   20.075361 ^ clkbuf_regs_0_clk_i/X (sky130_fd_sc_hd__clkbuf_16)
                                                         clk_i_regs (net)
                      0.023550    0.000671   20.076033 ^ clkbuf_0_clk_i_regs/A (sky130_fd_sc_hd__clkbuf_16)
     2    0.019396    0.030738    0.081661   20.157694 ^ clkbuf_0_clk_i_regs/X (sky130_fd_sc_hd__clkbuf_16)
                                                         clknet_0_clk_i_regs (net)
                      0.030749    0.001048   20.158741 ^ clkbuf_1_1__f_clk_i_regs/A (sky130_fd_sc_hd__clkbuf_16)
     3    0.007854    0.023077    0.076037   20.234777 ^ clkbuf_1_1__f_clk_i_regs/X (sky130_fd_sc_hd__clkbuf_16)
                                                         clknet_1_1__leaf_clk_i_regs (net)
                      0.023079    0.000403   20.235182 ^ _46_/CLK (sky130_fd_sc_hd__dfrtp_2)
                                 -0.250000   19.985182   clock uncertainty
                                  0.000000   19.985182   clock reconvergence pessimism
                                  0.140172   20.125355   library recovery time
                                             20.125355   data required time
---------------------------------------------------------------------------------------------
                                             20.125355   data required time
                                             -2.000604   data arrival time
---------------------------------------------------------------------------------------------
                                             18.124750   slack (MET)


Startpoint: rst_ni (input port clocked by clk_i)
Endpoint: _48_ (recovery check against rising-edge clock clk_i)
Path Group: asynchronous
Path Type: max

Fanout         Cap        Slew       Delay        Time   Description
---------------------------------------------------------------------------------------------
                                  0.000000    0.000000   clock clk_i (rise edge)
                                  0.000000    0.000000   clock network delay (propagated)
                                  2.000000    2.000000 ^ input external delay
     4    0.020156    0.000000    0.000000    2.000000 ^ rst_ni (in)
                                                         rst_ni (net)
                      0.000840    0.000420    2.000420 ^ _48_/RESET_B (sky130_fd_sc_hd__dfrtp_2)
                                              2.000420   data arrival time

                                 20.000000   20.000000   clock clk_i (rise edge)
                                  0.000000   20.000000   clock source latency
     2    0.082968    0.000000    0.000000   20.000000 ^ clk_i (in)
                                                         clk_i (net)
                      0.009513    0.004757   20.004757 ^ clkbuf_regs_0_clk_i/A (sky130_fd_sc_hd__clkbuf_16)
     1    0.008543    0.023545    0.070603   20.075361 ^ clkbuf_regs_0_clk_i/X (sky130_fd_sc_hd__clkbuf_16)
                                                         clk_i_regs (net)
                      0.023550    0.000671   20.076033 ^ clkbuf_0_clk_i_regs/A (sky130_fd_sc_hd__clkbuf_16)
     2    0.019396    0.030738    0.081661   20.157694 ^ clkbuf_0_clk_i_regs/X (sky130_fd_sc_hd__clkbuf_16)
                                                         clknet_0_clk_i_regs (net)
                      0.030749    0.001048   20.158741 ^ clkbuf_1_1__f_clk_i_regs/A (sky130_fd_sc_hd__clkbuf_16)
     3    0.007854    0.023077    0.076037   20.234777 ^ clkbuf_1_1__f_clk_i_regs/X (sky130_fd_sc_hd__clkbuf_16)
                                                         clknet_1_1__leaf_clk_i_regs (net)
                      0.023079    0.000426   20.235205 ^ _48_/CLK (sky130_fd_sc_hd__dfrtp_2)
                                 -0.250000   19.985205   clock uncertainty
                                  0.000000   19.985205   clock reconvergence pessimism
                                  0.140266   20.125471   library recovery time
                                             20.125471   data required time
---------------------------------------------------------------------------------------------
                                             20.125471   data required time
                                             -2.000420   data arrival time
---------------------------------------------------------------------------------------------
                                             18.125051   slack (MET)



