+ define_corners max_ff_n40C_1v95
Reading timing models for corner max_ff_n40C_1v95…
Reading cell library for the 'max_ff_n40C_1v95' corner at '/home/ubuntu/.ciel/ciel/sky130/versions/8afc8346a57fe1ab7934ba5a6056ea8b43078e71/sky130A/libs.ref/sky130_fd_sc_hd/lib/sky130_fd_sc_hd__ff_n40C_1v95.lib'…
Reading cell library for the 'max_ff_n40C_1v95' corner at '/home/ubuntu/zuga-final/asic/macros/sky130_sram_1kbyte_1rw1r_32x256_8/lib/sky130_sram_1kbyte_1rw1r_32x256_8_TT_1p8V_25C.lib'…
Reading top-level netlist at '/home/ubuntu/zuga-final/asic/runs/run1/51-openroad-fillinsertion/ram_axi.nl.v'…
Linking design 'ram_axi' from netlist…
Warning: /home/ubuntu/zuga-final/asic/runs/run1/51-openroad-fillinsertion/ram_axi.nl.v line 251, module sky130_fd_sc_hd__fill_1 not found. Creating black box for FILLER_0_1363.
Warning: /home/ubuntu/zuga-final/asic/runs/run1/51-openroad-fillinsertion/ram_axi.nl.v line 656, module sky130_fd_sc_hd__fill_2 not found. Creating black box for FILLER_101_113.
Warning: /home/ubuntu/zuga-final/asic/runs/run1/51-openroad-fillinsertion/ram_axi.nl.v line 31217, module sky130_fd_sc_hd__tapvpwrvgnd_1 not found. Creating black box for TAP_TAPCELL_ROW_0_688.
Reading design constraints file at '/home/ubuntu/zuga-final/asic/constraints/design.sdc'…
[INFO] No information on clock propagation in input SDC file-- propagating all clocks.
Reading top-level design parasitics for the 'max_ff_n40C_1v95' corner at '/home/ubuntu/zuga-final/asic/runs/run1/53-openroad-rcx/max/ram_axi.max.spef'…
%OL_CREATE_REPORT min.rpt

===========================================================================
report_checks -path_delay min (Hold)
============================================================================
======================= max_ff_n40C_1v95 Corner ===================================

Startpoint: _45_ (rising edge-triggered flip-flop clocked by clk_i)
Endpoint: _45_ (rising edge-triggered flip-flop clocked by clk_i)
Path Group: clk_i
Path Type: min

Fanout         Cap        Slew       Delay        Time   Description
---------------------------------------------------------------------------------------------
                                  0.000000    0.000000   clock clk_i (rise edge)
                                  0.000000    0.000000   clock source latency
     2    0.082968    0.000000    0.000000    0.000000 ^ clk_i (in)
                                                         clk_i (net)
                      0.009513    0.004756    0.004756 ^ clkbuf_regs_0_clk_i/A (sky130_fd_sc_hd__clkbuf_16)
     1    0.008543    0.023545    0.070604    0.075360 ^ clkbuf_regs_0_clk_i/X (sky130_fd_sc_hd__clkbuf_16)
                                                         clk_i_regs (net)
                      0.023550    0.000671    0.076031 ^ clkbuf_0_clk_i_regs/A (sky130_fd_sc_hd__clkbuf_16)
     2    0.019396    0.030738    0.081661    0.157692 ^ clkbuf_0_clk_i_regs/X (sky130_fd_sc_hd__clkbuf_16)
                                                         clknet_0_clk_i_regs (net)
                      0.030749    0.001015    0.158707 ^ clkbuf_1_0__f_clk_i_regs/A (sky130_fd_sc_hd__clkbuf_16)
     2    0.005471    0.021323    0.074032    0.232739 ^ clkbuf_1_0__f_clk_i_regs/X (sky130_fd_sc_hd__clkbuf_16)
                                                         clknet_1_0__leaf_clk_i_regs (net)
                      0.021325    0.000318    0.233057 ^ _45_/CLK (sky130_fd_sc_hd__dfstp_2)
     3    0.013212    0.031200    0.234231    0.467288 v _45_/Q (sky130_fd_sc_hd__dfstp_2)
                                                         state_q[0] (net)
                      0.031212    0.001009    0.468297 v _31_/A1 (sky130_fd_sc_hd__a31o_2)
     1    0.007593    0.026085    0.132743    0.601040 v _31_/X (sky130_fd_sc_hd__a31o_2)
                                                         _01_ (net)
                      0.026094    0.000477    0.601517 v _45_/D (sky130_fd_sc_hd__dfstp_2)
                                              0.601517   data arrival time

                                  0.000000    0.000000   clock clk_i (rise edge)
                                  0.000000    0.000000   clock source latency
     2    0.082968    0.000000    0.000000    0.000000 ^ clk_i (in)
                                                         clk_i (net)
                      0.009513    0.004756    0.004756 ^ clkbuf_regs_0_clk_i/A (sky130_fd_sc_hd__clkbuf_16)
     1    0.008543    0.023545    0.070604    0.075360 ^ clkbuf_regs_0_clk_i/X (sky130_fd_sc_hd__clkbuf_16)
                                                         clk_i_regs (net)
                      0.023550    0.000671    0.076031 ^ clkbuf_0_clk_i_regs/A (sky130_fd_sc_hd__clkbuf_16)
     2    0.019396    0.030738    0.081661    0.157692 ^ clkbuf_0_clk_i_regs/X (sky130_fd_sc_hd__clkbuf_16)
                                                         clknet_0_clk_i_regs (net)
                      0.030749    0.001015    0.158707 ^ clkbuf_1_0__f_clk_i_regs/A (sky130_fd_sc_hd__clkbuf_16)
     2    0.005471    0.021323    0.074032    0.232739 ^ clkbuf_1_0__f_clk_i_regs/X (sky130_fd_sc_hd__clkbuf_16)
                                                         clknet_1_0__leaf_clk_i_regs (net)
                      0.021325    0.000318    0.233057 ^ _45_/CLK (sky130_fd_sc_hd__dfstp_2)
                                  0.250000    0.483057   clock uncertainty
                                  0.000000    0.483057   clock reconvergence pessimism
                                 -0.009678    0.473379   library hold time
                                              0.473379   data required time
---------------------------------------------------------------------------------------------
                                              0.473379   data required time
                                             -0.601517   data arrival time
---------------------------------------------------------------------------------------------
                                              0.128138   slack (MET)


Startpoint: _45_ (rising edge-triggered flip-flop clocked by clk_i)
Endpoint: u_sram (falling edge-triggered flip-flop clocked by clk_i)
Path Group: clk_i
Path Type: min

Fanout         Cap        Slew       Delay        Time   Description
---------------------------------------------------------------------------------------------
                                  0.000000    0.000000   clock clk_i (rise edge)
                                  0.000000    0.000000   clock source latency
     2    0.082968    0.000000    0.000000    0.000000 ^ clk_i (in)
                                                         clk_i (net)
                      0.009513    0.004756    0.004756 ^ clkbuf_regs_0_clk_i/A (sky130_fd_sc_hd__clkbuf_16)
     1    0.008543    0.023545    0.070604    0.075360 ^ clkbuf_regs_0_clk_i/X (sky130_fd_sc_hd__clkbuf_16)
                                                         clk_i_regs (net)
                      0.023550    0.000671    0.076031 ^ clkbuf_0_clk_i_regs/A (sky130_fd_sc_hd__clkbuf_16)
     2    0.019396    0.030738    0.081661    0.157692 ^ clkbuf_0_clk_i_regs/X (sky130_fd_sc_hd__clkbuf_16)
                                                         clknet_0_clk_i_regs (net)
                      0.030749    0.001015    0.158707 ^ clkbuf_1_0__f_clk_i_regs/A (sky130_fd_sc_hd__clkbuf_16)
     2    0.005471    0.021323    0.074032    0.232739 ^ clkbuf_1_0__f_clk_i_regs/X (sky130_fd_sc_hd__clkbuf_16)
                                                         clknet_1_0__leaf_clk_i_regs (net)
                      0.021325    0.000318    0.233057 ^ _45_/CLK (sky130_fd_sc_hd__dfstp_2)
     3    0.013212    0.031200    0.234231    0.467288 v _45_/Q (sky130_fd_sc_hd__dfstp_2)
                                                         state_q[0] (net)
                      0.031292    0.001153    0.468440 v _25_/A (sky130_fd_sc_hd__and2_2)
    11    0.061762    0.110021    0.186457    0.654897 v _25_/X (sky130_fd_sc_hd__and2_2)
                                                         _08_ (net)
                      0.110742    0.007189    0.662087 v _29_/B (sky130_fd_sc_hd__nor2_2)
     1    0.011601    0.108416    0.123918    0.786004 ^ _29_/Y (sky130_fd_sc_hd__nor2_2)
                                                         sram_csb0 (net)
                      0.144567    0.000781    0.786785 ^ u_sram/csb0 (sky130_sram_1kbyte_1rw1r_32x256_8)
                                              0.786785   data arrival time

                                  0.000000    0.000000   clock clk_i (rise edge)
                                  0.000000    0.000000   clock source latency
     2    0.082968    0.000000    0.000000    0.000000 ^ clk_i (in)
                                                         clk_i (net)
                      0.016545    0.008272    0.008272 ^ clkbuf_0_clk_i/A (sky130_fd_sc_hd__clkbuf_16)
     2    0.041654    0.046201    0.093291    0.101564 ^ clkbuf_0_clk_i/X (sky130_fd_sc_hd__clkbuf_16)
                                                         clknet_0_clk_i (net)
                      0.046409    0.002376    0.103940 ^ clkbuf_1_0__f_clk_i/A (sky130_fd_sc_hd__clkbuf_16)
     1    0.066718    0.063087    0.107435    0.211374 ^ clkbuf_1_0__f_clk_i/X (sky130_fd_sc_hd__clkbuf_16)
                                                         clknet_1_0__leaf_clk_i (net)
                      0.102866    0.022702    0.234076 ^ u_sram/clk0 (sky130_sram_1kbyte_1rw1r_32x256_8)
                                  0.250000    0.484076   clock uncertainty
                                  0.000000    0.484076   clock reconvergence pessimism
                                 -0.056000    0.428076   library hold time
                                              0.428076   data required time
---------------------------------------------------------------------------------------------
                                              0.428076   data required time
                                             -0.786785   data arrival time
---------------------------------------------------------------------------------------------
                                              0.358709   slack (MET)


Startpoint: _45_ (rising edge-triggered flip-flop clocked by clk_i)
Endpoint: _47_ (rising edge-triggered flip-flop clocked by clk_i)
Path Group: clk_i
Path Type: min

Fanout         Cap        Slew       Delay        Time   Description
---------------------------------------------------------------------------------------------
                                  0.000000    0.000000   clock clk_i (rise edge)
                                  0.000000    0.000000   clock source latency
     2    0.082968    0.000000    0.000000    0.000000 ^ clk_i (in)
                                                         clk_i (net)
                      0.009513    0.004756    0.004756 ^ clkbuf_regs_0_clk_i/A (sky130_fd_sc_hd__clkbuf_16)
     1    0.008543    0.023545    0.070604    0.075360 ^ clkbuf_regs_0_clk_i/X (sky130_fd_sc_hd__clkbuf_16)
                                                         clk_i_regs (net)
                      0.023550    0.000671    0.076031 ^ clkbuf_0_clk_i_regs/A (sky130_fd_sc_hd__clkbuf_16)
     2    0.019396    0.030738    0.081661    0.157692 ^ clkbuf_0_clk_i_regs/X (sky130_fd_sc_hd__clkbuf_16)
                                                         clknet_0_clk_i_regs (net)
                      0.030749    0.001015    0.158707 ^ clkbuf_1_0__f_clk_i_regs/A (sky130_fd_sc_hd__clkbuf_16)
     2    0.005471    0.021323    0.074032    0.232739 ^ clkbuf_1_0__f_clk_i_regs/X (sky130_fd_sc_hd__clkbuf_16)
                                                         clknet_1_0__leaf_clk_i_regs (net)
                      0.021325    0.000318    0.233057 ^ _45_/CLK (sky130_fd_sc_hd__dfstp_2)
     3    0.013212    0.031200    0.234231    0.467288 v _45_/Q (sky130_fd_sc_hd__dfstp_2)
                                                         state_q[0] (net)
                      0.031292    0.001153    0.468440 v _25_/A (sky130_fd_sc_hd__and2_2)
    11    0.061762    0.110021    0.186457    0.654897 v _25_/X (sky130_fd_sc_hd__and2_2)
                                                         _08_ (net)
                      0.110077    0.002094    0.656991 v _44_/B (sky130_fd_sc_hd__and2_2)
     1    0.007770    0.033794    0.157655    0.814647 v _44_/X (sky130_fd_sc_hd__and2_2)
                                                         _00_ (net)
                      0.033818    0.000470    0.815116 v _47_/D (sky130_fd_sc_hd__dfrtp_2)
                                              0.815116   data arrival time

                                  0.000000    0.000000   clock clk_i (rise edge)
                                  0.000000    0.000000   clock source latency
     2    0.082968    0.000000    0.000000    0.000000 ^ clk_i (in)
                                                         clk_i (net)
                      0.009513    0.004756    0.004756 ^ clkbuf_regs_0_clk_i/A (sky130_fd_sc_hd__clkbuf_16)
     1    0.008543    0.023545    0.070604    0.075360 ^ clkbuf_regs_0_clk_i/X (sky130_fd_sc_hd__clkbuf_16)
                                                         clk_i_regs (net)
                      0.023550    0.000671    0.076031 ^ clkbuf_0_clk_i_regs/A (sky130_fd_sc_hd__clkbuf_16)
     2    0.019396    0.030738    0.081661    0.157692 ^ clkbuf_0_clk_i_regs/X (sky130_fd_sc_hd__clkbuf_16)
                                                         clknet_0_clk_i_regs (net)
                      0.030749    0.001015    0.158707 ^ clkbuf_1_0__f_clk_i_regs/A (sky130_fd_sc_hd__clkbuf_16)
     2    0.005471    0.021323    0.074032    0.232739 ^ clkbuf_1_0__f_clk_i_regs/X (sky130_fd_sc_hd__clkbuf_16)
                                                         clknet_1_0__leaf_clk_i_regs (net)
                      0.021325    0.000322    0.233061 ^ _47_/CLK (sky130_fd_sc_hd__dfrtp_2)
                                  0.250000    0.483061   clock uncertainty
                                  0.000000    0.483061   clock reconvergence pessimism
                                 -0.031339    0.451722   library hold time
                                              0.451722   data required time
---------------------------------------------------------------------------------------------
                                              0.451722   data required time
                                             -0.815116   data arrival time
---------------------------------------------------------------------------------------------
                                              0.363394   slack (MET)


Startpoint: _45_ (rising edge-triggered flip-flop clocked by clk_i)
Endpoint: u_sram (falling edge-triggered flip-flop clocked by clk_i)
Path Group: clk_i
Path Type: min

Fanout         Cap        Slew       Delay        Time   Description
---------------------------------------------------------------------------------------------
                                  0.000000    0.000000   clock clk_i (rise edge)
                                  0.000000    0.000000   clock source latency
     2    0.082968    0.000000    0.000000    0.000000 ^ clk_i (in)
                                                         clk_i (net)
                      0.009513    0.004756    0.004756 ^ clkbuf_regs_0_clk_i/A (sky130_fd_sc_hd__clkbuf_16)
     1    0.008543    0.023545    0.070604    0.075360 ^ clkbuf_regs_0_clk_i/X (sky130_fd_sc_hd__clkbuf_16)
                                                         clk_i_regs (net)
                      0.023550    0.000671    0.076031 ^ clkbuf_0_clk_i_regs/A (sky130_fd_sc_hd__clkbuf_16)
     2    0.019396    0.030738    0.081661    0.157692 ^ clkbuf_0_clk_i_regs/X (sky130_fd_sc_hd__clkbuf_16)
                                                         clknet_0_clk_i_regs (net)
                      0.030749    0.001015    0.158707 ^ clkbuf_1_0__f_clk_i_regs/A (sky130_fd_sc_hd__clkbuf_16)
     2    0.005471    0.021323    0.074032    0.232739 ^ clkbuf_1_0__f_clk_i_regs/X (sky130_fd_sc_hd__clkbuf_16)
                                                         clknet_1_0__leaf_clk_i_regs (net)
                      0.021325    0.000318    0.233057 ^ _45_/CLK (sky130_fd_sc_hd__dfstp_2)
     3    0.013212    0.031200    0.234231    0.467288 v _45_/Q (sky130_fd_sc_hd__dfstp_2)
                                                         state_q[0] (net)
                      0.031296    0.001193    0.468480 v _23_/B (sky130_fd_sc_hd__and3_2)
    17    0.089277    0.155963    0.236551    0.705031 v _23_/X (sky130_fd_sc_hd__and3_2)
                                                         axi_awready_o (net)
                      0.157615    0.013017    0.718048 v _24_/A (sky130_fd_sc_hd__inv_2)
     1    0.009284    0.057069    0.085759    0.803807 ^ _24_/Y (sky130_fd_sc_hd__inv_2)
                                                         sram_web0 (net)
                      0.076098    0.000556    0.804363 ^ u_sram/web0 (sky130_sram_1kbyte_1rw1r_32x256_8)
                                              0.804363   data arrival time

                                  0.000000    0.000000   clock clk_i (rise edge)
                                  0.000000    0.000000   clock source latency
     2    0.082968    0.000000    0.000000    0.000000 ^ clk_i (in)
                                                         clk_i (net)
                      0.016545    0.008272    0.008272 ^ clkbuf_0_clk_i/A (sky130_fd_sc_hd__clkbuf_16)
     2    0.041654    0.046201    0.093291    0.101564 ^ clkbuf_0_clk_i/X (sky130_fd_sc_hd__clkbuf_16)
                                                         clknet_0_clk_i (net)
                      0.046409    0.002376    0.103940 ^ clkbuf_1_0__f_clk_i/A (sky130_fd_sc_hd__clkbuf_16)
     1    0.066718    0.063087    0.107435    0.211374 ^ clkbuf_1_0__f_clk_i/X (sky130_fd_sc_hd__clkbuf_16)
                                                         clknet_1_0__leaf_clk_i (net)
                      0.102866    0.022702    0.234076 ^ u_sram/clk0 (sky130_sram_1kbyte_1rw1r_32x256_8)
                                  0.250000    0.484076   clock uncertainty
                                  0.000000    0.484076   clock reconvergence pessimism
                                 -0.056000    0.428076   library hold time
                                              0.428076   data required time
---------------------------------------------------------------------------------------------
                                              0.428076   data required time
                                             -0.804363   data arrival time
---------------------------------------------------------------------------------------------
                                              0.376287   slack (MET)


Startpoint: _45_ (rising edge-triggered flip-flop clocked by clk_i)
Endpoint: _46_ (rising edge-triggered flip-flop clocked by clk_i)
Path Group: clk_i
Path Type: min

Fanout         Cap        Slew       Delay        Time   Description
---------------------------------------------------------------------------------------------
                                  0.000000    0.000000   clock clk_i (rise edge)
                                  0.000000    0.000000   clock source latency
     2    0.082968    0.000000    0.000000    0.000000 ^ clk_i (in)
                                                         clk_i (net)
                      0.009513    0.004756    0.004756 ^ clkbuf_regs_0_clk_i/A (sky130_fd_sc_hd__clkbuf_16)
     1    0.008543    0.023545    0.070604    0.075360 ^ clkbuf_regs_0_clk_i/X (sky130_fd_sc_hd__clkbuf_16)
                                                         clk_i_regs (net)
                      0.023550    0.000671    0.076031 ^ clkbuf_0_clk_i_regs/A (sky130_fd_sc_hd__clkbuf_16)
     2    0.019396    0.030738    0.081661    0.157692 ^ clkbuf_0_clk_i_regs/X (sky130_fd_sc_hd__clkbuf_16)
                                                         clknet_0_clk_i_regs (net)
                      0.030749    0.001015    0.158707 ^ clkbuf_1_0__f_clk_i_regs/A (sky130_fd_sc_hd__clkbuf_16)
     2    0.005471    0.021323    0.074032    0.232739 ^ clkbuf_1_0__f_clk_i_regs/X (sky130_fd_sc_hd__clkbuf_16)
                                                         clknet_1_0__leaf_clk_i_regs (net)
                      0.021325    0.000318    0.233057 ^ _45_/CLK (sky130_fd_sc_hd__dfstp_2)
     3    0.013212    0.031200    0.234231    0.467288 v _45_/Q (sky130_fd_sc_hd__dfstp_2)
                                                         state_q[0] (net)
                      0.031296    0.001193    0.468480 v _23_/B (sky130_fd_sc_hd__and3_2)
    17    0.089277    0.155963    0.236551    0.705031 v _23_/X (sky130_fd_sc_hd__and3_2)
                                                         axi_awready_o (net)
                      0.156202    0.005188    0.710219 v _28_/B1 (sky130_fd_sc_hd__a21o_2)
     1    0.007021    0.027555    0.137874    0.848092 v _28_/X (sky130_fd_sc_hd__a21o_2)
                                                         _02_ (net)
                      0.027579    0.000482    0.848574 v _46_/D (sky130_fd_sc_hd__dfrtp_2)
                                              0.848574   data arrival time

                                  0.000000    0.000000   clock clk_i (rise edge)
                                  0.000000    0.000000   clock source latency
     2    0.082968    0.000000    0.000000    0.000000 ^ clk_i (in)
                                                         clk_i (net)
                      0.009513    0.004756    0.004756 ^ clkbuf_regs_0_clk_i/A (sky130_fd_sc_hd__clkbuf_16)
     1    0.008543    0.023545    0.070604    0.075360 ^ clkbuf_regs_0_clk_i/X (sky130_fd_sc_hd__clkbuf_16)
                                                         clk_i_regs (net)
                      0.023550    0.000671    0.076031 ^ clkbuf_0_clk_i_regs/A (sky130_fd_sc_hd__clkbuf_16)
     2    0.019396    0.030738    0.081661    0.157692 ^ clkbuf_0_clk_i_regs/X (sky130_fd_sc_hd__clkbuf_16)
                                                         clknet_0_clk_i_regs (net)
                      0.030749    0.001048    0.158740 ^ clkbuf_1_1__f_clk_i_regs/A (sky130_fd_sc_hd__clkbuf_16)
     3    0.007854    0.023077    0.076038    0.234778 ^ clkbuf_1_1__f_clk_i_regs/X (sky130_fd_sc_hd__clkbuf_16)
                                                         clknet_1_1__leaf_clk_i_regs (net)
                      0.023079    0.000403    0.235181 ^ _46_/CLK (sky130_fd_sc_hd__dfrtp_2)
                                  0.250000    0.485181   clock uncertainty
                                  0.000000    0.485181   clock reconvergence pessimism
                                 -0.029164    0.456016   library hold time
                                              0.456016   data required time
---------------------------------------------------------------------------------------------
                                              0.456016   data required time
                                             -0.848574   data arrival time
---------------------------------------------------------------------------------------------
                                              0.392557   slack (MET)


Startpoint: _45_ (rising edge-triggered flip-flop clocked by clk_i)
Endpoint: u_sram (falling edge-triggered flip-flop clocked by clk_i)
Path Group: clk_i
Path Type: min

Fanout         Cap        Slew       Delay        Time   Description
---------------------------------------------------------------------------------------------
                                  0.000000    0.000000   clock clk_i (rise edge)
                                  0.000000    0.000000   clock source latency
     2    0.082968    0.000000    0.000000    0.000000 ^ clk_i (in)
                                                         clk_i (net)
                      0.009513    0.004756    0.004756 ^ clkbuf_regs_0_clk_i/A (sky130_fd_sc_hd__clkbuf_16)
     1    0.008543    0.023545    0.070604    0.075360 ^ clkbuf_regs_0_clk_i/X (sky130_fd_sc_hd__clkbuf_16)
                                                         clk_i_regs (net)
                      0.023550    0.000671    0.076031 ^ clkbuf_0_clk_i_regs/A (sky130_fd_sc_hd__clkbuf_16)
     2    0.019396    0.030738    0.081661    0.157692 ^ clkbuf_0_clk_i_regs/X (sky130_fd_sc_hd__clkbuf_16)
                                                         clknet_0_clk_i_regs (net)
                      0.030749    0.001015    0.158707 ^ clkbuf_1_0__f_clk_i_regs/A (sky130_fd_sc_hd__clkbuf_16)
     2    0.005471    0.021323    0.074032    0.232739 ^ clkbuf_1_0__f_clk_i_regs/X (sky130_fd_sc_hd__clkbuf_16)
                                                         clknet_1_0__leaf_clk_i_regs (net)
                      0.021325    0.000318    0.233057 ^ _45_/CLK (sky130_fd_sc_hd__dfstp_2)
     3    0.013212    0.031200    0.234231    0.467288 v _45_/Q (sky130_fd_sc_hd__dfstp_2)
                                                         state_q[0] (net)
                      0.031292    0.001153    0.468440 v _25_/A (sky130_fd_sc_hd__and2_2)
    11    0.061762    0.110021    0.186457    0.654897 v _25_/X (sky130_fd_sc_hd__and2_2)
                                                         _08_ (net)
                      0.110178    0.003454    0.658352 v _33_/A3 (sky130_fd_sc_hd__a32o_2)
     1    0.013040    0.036462    0.182355    0.840706 v _33_/X (sky130_fd_sc_hd__a32o_2)
                                                         sram_addr0[1] (net)
                      0.048654    0.000888    0.841594 v u_sram/addr0[1] (sky130_sram_1kbyte_1rw1r_32x256_8)
                                              0.841594   data arrival time

                                  0.000000    0.000000   clock clk_i (rise edge)
                                  0.000000    0.000000   clock source latency
     2    0.082968    0.000000    0.000000    0.000000 ^ clk_i (in)
                                                         clk_i (net)
                      0.016545    0.008272    0.008272 ^ clkbuf_0_clk_i/A (sky130_fd_sc_hd__clkbuf_16)
     2    0.041654    0.046201    0.093291    0.101564 ^ clkbuf_0_clk_i/X (sky130_fd_sc_hd__clkbuf_16)
                                                         clknet_0_clk_i (net)
                      0.046409    0.002376    0.103940 ^ clkbuf_1_0__f_clk_i/A (sky130_fd_sc_hd__clkbuf_16)
     1    0.066718    0.063087    0.107435    0.211374 ^ clkbuf_1_0__f_clk_i/X (sky130_fd_sc_hd__clkbuf_16)
                                                         clknet_1_0__leaf_clk_i (net)
                      0.102866    0.022702    0.234076 ^ u_sram/clk0 (sky130_sram_1kbyte_1rw1r_32x256_8)
                                  0.250000    0.484076   clock uncertainty
                                  0.000000    0.484076   clock reconvergence pessimism
                                 -0.056000    0.428076   library hold time
                                              0.428076   data required time
---------------------------------------------------------------------------------------------
                                              0.428076   data required time
                                             -0.841594   data arrival time
---------------------------------------------------------------------------------------------
                                              0.413518   slack (MET)


Startpoint: _45_ (rising edge-triggered flip-flop clocked by clk_i)
Endpoint: u_sram (falling edge-triggered flip-flop clocked by clk_i)
Path Group: clk_i
Path Type: min

Fanout         Cap        Slew       Delay        Time   Description
---------------------------------------------------------------------------------------------
                                  0.000000    0.000000   clock clk_i (rise edge)
                                  0.000000    0.000000   clock source latency
     2    0.082968    0.000000    0.000000    0.000000 ^ clk_i (in)
                                                         clk_i (net)
                      0.009513    0.004756    0.004756 ^ clkbuf_regs_0_clk_i/A (sky130_fd_sc_hd__clkbuf_16)
     1    0.008543    0.023545    0.070604    0.075360 ^ clkbuf_regs_0_clk_i/X (sky130_fd_sc_hd__clkbuf_16)
                                                         clk_i_regs (net)
                      0.023550    0.000671    0.076031 ^ clkbuf_0_clk_i_regs/A (sky130_fd_sc_hd__clkbuf_16)
     2    0.019396    0.030738    0.081661    0.157692 ^ clkbuf_0_clk_i_regs/X (sky130_fd_sc_hd__clkbuf_16)
                                                         clknet_0_clk_i_regs (net)
                      0.030749    0.001015    0.158707 ^ clkbuf_1_0__f_clk_i_regs/A (sky130_fd_sc_hd__clkbuf_16)
     2    0.005471    0.021323    0.074032    0.232739 ^ clkbuf_1_0__f_clk_i_regs/X (sky130_fd_sc_hd__clkbuf_16)
                                                         clknet_1_0__leaf_clk_i_regs (net)
                      0.021325    0.000318    0.233057 ^ _45_/CLK (sky130_fd_sc_hd__dfstp_2)
     3    0.013212    0.031200    0.234231    0.467288 v _45_/Q (sky130_fd_sc_hd__dfstp_2)
                                                         state_q[0] (net)
                      0.031292    0.001153    0.468440 v _25_/A (sky130_fd_sc_hd__and2_2)
    11    0.061762    0.110021    0.186457    0.654897 v _25_/X (sky130_fd_sc_hd__and2_2)
                                                         _08_ (net)
                      0.110157    0.003223    0.658120 v _34_/A3 (sky130_fd_sc_hd__a32o_2)
     1    0.013636    0.037311    0.183398    0.841518 v _34_/X (sky130_fd_sc_hd__a32o_2)
                                                         sram_addr0[2] (net)
                      0.049793    0.000971    0.842489 v u_sram/addr0[2] (sky130_sram_1kbyte_1rw1r_32x256_8)
                                              0.842489   data arrival time

                                  0.000000    0.000000   clock clk_i (rise edge)
                                  0.000000    0.000000   clock source latency
     2    0.082968    0.000000    0.000000    0.000000 ^ clk_i (in)
                                                         clk_i (net)
                      0.016545    0.008272    0.008272 ^ clkbuf_0_clk_i/A (sky130_fd_sc_hd__clkbuf_16)
     2    0.041654    0.046201    0.093291    0.101564 ^ clkbuf_0_clk_i/X (sky130_fd_sc_hd__clkbuf_16)
                                                         clknet_0_clk_i (net)
                      0.046409    0.002376    0.103940 ^ clkbuf_1_0__f_clk_i/A (sky130_fd_sc_hd__clkbuf_16)
     1    0.066718    0.063087    0.107435    0.211374 ^ clkbuf_1_0__f_clk_i/X (sky130_fd_sc_hd__clkbuf_16)
                                                         clknet_1_0__leaf_clk_i (net)
                      0.102866    0.022702    0.234076 ^ u_sram/clk0 (sky130_sram_1kbyte_1rw1r_32x256_8)
                                  0.250000    0.484076   clock uncertainty
                                  0.000000    0.484076   clock reconvergence pessimism
                                 -0.056000    0.428076   library hold time
                                              0.428076   data required time
---------------------------------------------------------------------------------------------
                                              0.428076   data required time
                                             -0.842489   data arrival time
---------------------------------------------------------------------------------------------
                                              0.414413   slack (MET)


Startpoint: _45_ (rising edge-triggered flip-flop clocked by clk_i)
Endpoint: u_sram (falling edge-triggered flip-flop clocked by clk_i)
Path Group: clk_i
Path Type: min

Fanout         Cap        Slew       Delay        Time   Description
---------------------------------------------------------------------------------------------
                                  0.000000    0.000000   clock clk_i (rise edge)
                                  0.000000    0.000000   clock source latency
     2    0.082968    0.000000    0.000000    0.000000 ^ clk_i (in)
                                                         clk_i (net)
                      0.009513    0.004756    0.004756 ^ clkbuf_regs_0_clk_i/A (sky130_fd_sc_hd__clkbuf_16)
     1    0.008543    0.023545    0.070604    0.075360 ^ clkbuf_regs_0_clk_i/X (sky130_fd_sc_hd__clkbuf_16)
                                                         clk_i_regs (net)
                      0.023550    0.000671    0.076031 ^ clkbuf_0_clk_i_regs/A (sky130_fd_sc_hd__clkbuf_16)
     2    0.019396    0.030738    0.081661    0.157692 ^ clkbuf_0_clk_i_regs/X (sky130_fd_sc_hd__clkbuf_16)
                                                         clknet_0_clk_i_regs (net)
                      0.030749    0.001015    0.158707 ^ clkbuf_1_0__f_clk_i_regs/A (sky130_fd_sc_hd__clkbuf_16)
     2    0.005471    0.021323    0.074032    0.232739 ^ clkbuf_1_0__f_clk_i_regs/X (sky130_fd_sc_hd__clkbuf_16)
                                                         clknet_1_0__leaf_clk_i_regs (net)
                      0.021325    0.000318    0.233057 ^ _45_/CLK (sky130_fd_sc_hd__dfstp_2)
     3    0.013212    0.031200    0.234231    0.467288 v _45_/Q (sky130_fd_sc_hd__dfstp_2)
                                                         state_q[0] (net)
                      0.031292    0.001153    0.468440 v _25_/A (sky130_fd_sc_hd__and2_2)
    11    0.061762    0.110021    0.186457    0.654897 v _25_/X (sky130_fd_sc_hd__and2_2)
                                                         _08_ (net)
                      0.110136    0.002961    0.657858 v _36_/A3 (sky130_fd_sc_hd__a32o_2)
     1    0.014559    0.038558    0.184725    0.842584 v _36_/X (sky130_fd_sc_hd__a32o_2)
                                                         sram_addr0[4] (net)
                      0.051470    0.001146    0.843730 v u_sram/addr0[4] (sky130_sram_1kbyte_1rw1r_32x256_8)
                                              0.843730   data arrival time

                                  0.000000    0.000000   clock clk_i (rise edge)
                                  0.000000    0.000000   clock source latency
     2    0.082968    0.000000    0.000000    0.000000 ^ clk_i (in)
                                                         clk_i (net)
                      0.016545    0.008272    0.008272 ^ clkbuf_0_clk_i/A (sky130_fd_sc_hd__clkbuf_16)
     2    0.041654    0.046201    0.093291    0.101564 ^ clkbuf_0_clk_i/X (sky130_fd_sc_hd__clkbuf_16)
                                                         clknet_0_clk_i (net)
                      0.046409    0.002376    0.103940 ^ clkbuf_1_0__f_clk_i/A (sky130_fd_sc_hd__clkbuf_16)
     1    0.066718    0.063087    0.107435    0.211374 ^ clkbuf_1_0__f_clk_i/X (sky130_fd_sc_hd__clkbuf_16)
                                                         clknet_1_0__leaf_clk_i (net)
                      0.102866    0.022702    0.234076 ^ u_sram/clk0 (sky130_sram_1kbyte_1rw1r_32x256_8)
                                  0.250000    0.484076   clock uncertainty
                                  0.000000    0.484076   clock reconvergence pessimism
                                 -0.056000    0.428076   library hold time
                                              0.428076   data required time
---------------------------------------------------------------------------------------------
                                              0.428076   data required time
                                             -0.843730   data arrival time
---------------------------------------------------------------------------------------------
                                              0.415654   slack (MET)


Startpoint: _45_ (rising edge-triggered flip-flop clocked by clk_i)
Endpoint: u_sram (falling edge-triggered flip-flop clocked by clk_i)
Path Group: clk_i
Path Type: min

Fanout         Cap        Slew       Delay        Time   Description
---------------------------------------------------------------------------------------------
                                  0.000000    0.000000   clock clk_i (rise edge)
                                  0.000000    0.000000   clock source latency
     2    0.082968    0.000000    0.000000    0.000000 ^ clk_i (in)
                                                         clk_i (net)
                      0.009513    0.004756    0.004756 ^ clkbuf_regs_0_clk_i/A (sky130_fd_sc_hd__clkbuf_16)
     1    0.008543    0.023545    0.070604    0.075360 ^ clkbuf_regs_0_clk_i/X (sky130_fd_sc_hd__clkbuf_16)
                                                         clk_i_regs (net)
                      0.023550    0.000671    0.076031 ^ clkbuf_0_clk_i_regs/A (sky130_fd_sc_hd__clkbuf_16)
     2    0.019396    0.030738    0.081661    0.157692 ^ clkbuf_0_clk_i_regs/X (sky130_fd_sc_hd__clkbuf_16)
                                                         clknet_0_clk_i_regs (net)
                      0.030749    0.001015    0.158707 ^ clkbuf_1_0__f_clk_i_regs/A (sky130_fd_sc_hd__clkbuf_16)
     2    0.005471    0.021323    0.074032    0.232739 ^ clkbuf_1_0__f_clk_i_regs/X (sky130_fd_sc_hd__clkbuf_16)
                                                         clknet_1_0__leaf_clk_i_regs (net)
                      0.021325    0.000318    0.233057 ^ _45_/CLK (sky130_fd_sc_hd__dfstp_2)
     3    0.013212    0.031200    0.234231    0.467288 v _45_/Q (sky130_fd_sc_hd__dfstp_2)
                                                         state_q[0] (net)
                      0.031292    0.001153    0.468440 v _25_/A (sky130_fd_sc_hd__and2_2)
    11    0.061762    0.110021    0.186457    0.654897 v _25_/X (sky130_fd_sc_hd__and2_2)
                                                         _08_ (net)
                      0.110083    0.002200    0.657098 v _38_/A3 (sky130_fd_sc_hd__a32o_2)
     1    0.015178    0.039413    0.185626    0.842723 v _38_/X (sky130_fd_sc_hd__a32o_2)
                                                         sram_addr0[6] (net)
                      0.052604    0.001096    0.843819 v u_sram/addr0[6] (sky130_sram_1kbyte_1rw1r_32x256_8)
                                              0.843819   data arrival time

                                  0.000000    0.000000   clock clk_i (rise edge)
                                  0.000000    0.000000   clock source latency
     2    0.082968    0.000000    0.000000    0.000000 ^ clk_i (in)
                                                         clk_i (net)
                      0.016545    0.008272    0.008272 ^ clkbuf_0_clk_i/A (sky130_fd_sc_hd__clkbuf_16)
     2    0.041654    0.046201    0.093291    0.101564 ^ clkbuf_0_clk_i/X (sky130_fd_sc_hd__clkbuf_16)
                                                         clknet_0_clk_i (net)
                      0.046409    0.002376    0.103940 ^ clkbuf_1_0__f_clk_i/A (sky130_fd_sc_hd__clkbuf_16)
     1    0.066718    0.063087    0.107435    0.211374 ^ clkbuf_1_0__f_clk_i/X (sky130_fd_sc_hd__clkbuf_16)
                                                         clknet_1_0__leaf_clk_i (net)
                      0.102866    0.022702    0.234076 ^ u_sram/clk0 (sky130_sram_1kbyte_1rw1r_32x256_8)
                                  0.250000    0.484076   clock uncertainty
                                  0.000000    0.484076   clock reconvergence pessimism
                                 -0.056000    0.428076   library hold time
                                              0.428076   data required time
---------------------------------------------------------------------------------------------
                                              0.428076   data required time
                                             -0.843819   data arrival time
---------------------------------------------------------------------------------------------
                                              0.415743   slack (MET)


Startpoint: _45_ (rising edge-triggered flip-flop clocked by clk_i)
Endpoint: u_sram (falling edge-triggered flip-flop clocked by clk_i)
Path Group: clk_i
Path Type: min

Fanout         Cap        Slew       Delay        Time   Description
---------------------------------------------------------------------------------------------
                                  0.000000    0.000000   clock clk_i (rise edge)
                                  0.000000    0.000000   clock source latency
     2    0.082968    0.000000    0.000000    0.000000 ^ clk_i (in)
                                                         clk_i (net)
                      0.009513    0.004756    0.004756 ^ clkbuf_regs_0_clk_i/A (sky130_fd_sc_hd__clkbuf_16)
     1    0.008543    0.023545    0.070604    0.075360 ^ clkbuf_regs_0_clk_i/X (sky130_fd_sc_hd__clkbuf_16)
                                                         clk_i_regs (net)
                      0.023550    0.000671    0.076031 ^ clkbuf_0_clk_i_regs/A (sky130_fd_sc_hd__clkbuf_16)
     2    0.019396    0.030738    0.081661    0.157692 ^ clkbuf_0_clk_i_regs/X (sky130_fd_sc_hd__clkbuf_16)
                                                         clknet_0_clk_i_regs (net)
                      0.030749    0.001015    0.158707 ^ clkbuf_1_0__f_clk_i_regs/A (sky130_fd_sc_hd__clkbuf_16)
     2    0.005471    0.021323    0.074032    0.232739 ^ clkbuf_1_0__f_clk_i_regs/X (sky130_fd_sc_hd__clkbuf_16)
                                                         clknet_1_0__leaf_clk_i_regs (net)
                      0.021325    0.000318    0.233057 ^ _45_/CLK (sky130_fd_sc_hd__dfstp_2)
     3    0.013212    0.031200    0.234231    0.467288 v _45_/Q (sky130_fd_sc_hd__dfstp_2)
                                                         state_q[0] (net)
                      0.031292    0.001153    0.468440 v _25_/A (sky130_fd_sc_hd__and2_2)
    11    0.061762    0.110021    0.186457    0.654897 v _25_/X (sky130_fd_sc_hd__and2_2)
                                                         _08_ (net)
                      0.110146    0.003096    0.657993 v _35_/A3 (sky130_fd_sc_hd__a32o_2)
     1    0.014750    0.038820    0.185060    0.843053 v _35_/X (sky130_fd_sc_hd__a32o_2)
                                                         sram_addr0[3] (net)
                      0.051800    0.000944    0.843997 v u_sram/addr0[3] (sky130_sram_1kbyte_1rw1r_32x256_8)
                                              0.843997   data arrival time

                                  0.000000    0.000000   clock clk_i (rise edge)
                                  0.000000    0.000000   clock source latency
     2    0.082968    0.000000    0.000000    0.000000 ^ clk_i (in)
                                                         clk_i (net)
                      0.016545    0.008272    0.008272 ^ clkbuf_0_clk_i/A (sky130_fd_sc_hd__clkbuf_16)
     2    0.041654    0.046201    0.093291    0.101564 ^ clkbuf_0_clk_i/X (sky130_fd_sc_hd__clkbuf_16)
                                                         clknet_0_clk_i (net)
                      0.046409    0.002376    0.103940 ^ clkbuf_1_0__f_clk_i/A (sky130_fd_sc_hd__clkbuf_16)
     1    0.066718    0.063087    0.107435    0.211374 ^ clkbuf_1_0__f_clk_i/X (sky130_fd_sc_hd__clkbuf_16)
                                                         clknet_1_0__leaf_clk_i (net)
                      0.102866    0.022702    0.234076 ^ u_sram/clk0 (sky130_sram_1kbyte_1rw1r_32x256_8)
                                  0.250000    0.484076   clock uncertainty
                                  0.000000    0.484076   clock reconvergence pessimism
                                 -0.056000    0.428076   library hold time
                                              0.428076   data required time
---------------------------------------------------------------------------------------------
                                              0.428076   data required time
                                             -0.843997   data arrival time
---------------------------------------------------------------------------------------------
                                              0.415921   slack (MET)


Startpoint: _45_ (rising edge-triggered flip-flop clocked by clk_i)
Endpoint: u_sram (falling edge-triggered flip-flop clocked by clk_i)
Path Group: clk_i
Path Type: min

Fanout         Cap        Slew       Delay        Time   Description
---------------------------------------------------------------------------------------------
                                  0.000000    0.000000   clock clk_i (rise edge)
                                  0.000000    0.000000   clock source latency
     2    0.082968    0.000000    0.000000    0.000000 ^ clk_i (in)
                                                         clk_i (net)
                      0.009513    0.004756    0.004756 ^ clkbuf_regs_0_clk_i/A (sky130_fd_sc_hd__clkbuf_16)
     1    0.008543    0.023545    0.070604    0.075360 ^ clkbuf_regs_0_clk_i/X (sky130_fd_sc_hd__clkbuf_16)
                                                         clk_i_regs (net)
                      0.023550    0.000671    0.076031 ^ clkbuf_0_clk_i_regs/A (sky130_fd_sc_hd__clkbuf_16)
     2    0.019396    0.030738    0.081661    0.157692 ^ clkbuf_0_clk_i_regs/X (sky130_fd_sc_hd__clkbuf_16)
                                                         clknet_0_clk_i_regs (net)
                      0.030749    0.001015    0.158707 ^ clkbuf_1_0__f_clk_i_regs/A (sky130_fd_sc_hd__clkbuf_16)
     2    0.005471    0.021323    0.074032    0.232739 ^ clkbuf_1_0__f_clk_i_regs/X (sky130_fd_sc_hd__clkbuf_16)
                                                         clknet_1_0__leaf_clk_i_regs (net)
                      0.021325    0.000318    0.233057 ^ _45_/CLK (sky130_fd_sc_hd__dfstp_2)
     3    0.013212    0.031200    0.234231    0.467288 v _45_/Q (sky130_fd_sc_hd__dfstp_2)
                                                         state_q[0] (net)
                      0.031292    0.001153    0.468440 v _25_/A (sky130_fd_sc_hd__and2_2)
    11    0.061762    0.110021    0.186457    0.654897 v _25_/X (sky130_fd_sc_hd__and2_2)
                                                         _08_ (net)
                      0.110089    0.002299    0.657196 v _39_/A3 (sky130_fd_sc_hd__a32o_2)
     1    0.015375    0.039663    0.185959    0.843154 v _39_/X (sky130_fd_sc_hd__a32o_2)
                                                         sram_addr0[7] (net)
                      0.052943    0.001164    0.844319 v u_sram/addr0[7] (sky130_sram_1kbyte_1rw1r_32x256_8)
                                              0.844319   data arrival time

                                  0.000000    0.000000   clock clk_i (rise edge)
                                  0.000000    0.000000   clock source latency
     2    0.082968    0.000000    0.000000    0.000000 ^ clk_i (in)
                                                         clk_i (net)
                      0.016545    0.008272    0.008272 ^ clkbuf_0_clk_i/A (sky130_fd_sc_hd__clkbuf_16)
     2    0.041654    0.046201    0.093291    0.101564 ^ clkbuf_0_clk_i/X (sky130_fd_sc_hd__clkbuf_16)
                                                         clknet_0_clk_i (net)
                      0.046409    0.002376    0.103940 ^ clkbuf_1_0__f_clk_i/A (sky130_fd_sc_hd__clkbuf_16)
     1    0.066718    0.063087    0.107435    0.211374 ^ clkbuf_1_0__f_clk_i/X (sky130_fd_sc_hd__clkbuf_16)
                                                         clknet_1_0__leaf_clk_i (net)
                      0.102866    0.022702    0.234076 ^ u_sram/clk0 (sky130_sram_1kbyte_1rw1r_32x256_8)
                                  0.250000    0.484076   clock uncertainty
                                  0.000000    0.484076   clock reconvergence pessimism
                                 -0.056000    0.428076   library hold time
                                              0.428076   data required time
---------------------------------------------------------------------------------------------
                                              0.428076   data required time
                                             -0.844319   data arrival time
---------------------------------------------------------------------------------------------
                                              0.416242   slack (MET)


Startpoint: _45_ (rising edge-triggered flip-flop clocked by clk_i)
Endpoint: u_sram (falling edge-triggered flip-flop clocked by clk_i)
Path Group: clk_i
Path Type: min

Fanout         Cap        Slew       Delay        Time   Description
---------------------------------------------------------------------------------------------
                                  0.000000    0.000000   clock clk_i (rise edge)
                                  0.000000    0.000000   clock source latency
     2    0.082968    0.000000    0.000000    0.000000 ^ clk_i (in)
                                                         clk_i (net)
                      0.009513    0.004756    0.004756 ^ clkbuf_regs_0_clk_i/A (sky130_fd_sc_hd__clkbuf_16)
     1    0.008543    0.023545    0.070604    0.075360 ^ clkbuf_regs_0_clk_i/X (sky130_fd_sc_hd__clkbuf_16)
                                                         clk_i_regs (net)
                      0.023550    0.000671    0.076031 ^ clkbuf_0_clk_i_regs/A (sky130_fd_sc_hd__clkbuf_16)
     2    0.019396    0.030738    0.081661    0.157692 ^ clkbuf_0_clk_i_regs/X (sky130_fd_sc_hd__clkbuf_16)
                                                         clknet_0_clk_i_regs (net)
                      0.030749    0.001015    0.158707 ^ clkbuf_1_0__f_clk_i_regs/A (sky130_fd_sc_hd__clkbuf_16)
     2    0.005471    0.021323    0.074032    0.232739 ^ clkbuf_1_0__f_clk_i_regs/X (sky130_fd_sc_hd__clkbuf_16)
                                                         clknet_1_0__leaf_clk_i_regs (net)
                      0.021325    0.000318    0.233057 ^ _45_/CLK (sky130_fd_sc_hd__dfstp_2)
     3    0.013212    0.031200    0.234231    0.467288 v _45_/Q (sky130_fd_sc_hd__dfstp_2)
                                                         state_q[0] (net)
                      0.031292    0.001153    0.468440 v _25_/A (sky130_fd_sc_hd__and2_2)
    11    0.061762    0.110021    0.186457    0.654897 v _25_/X (sky130_fd_sc_hd__and2_2)
                                                         _08_ (net)
                      0.110078    0.002101    0.656998 v _37_/A3 (sky130_fd_sc_hd__a32o_2)
     1    0.016505    0.041247    0.187610    0.844608 v _37_/X (sky130_fd_sc_hd__a32o_2)
                                                         sram_addr0[5] (net)
                      0.055053    0.001174    0.845782 v u_sram/addr0[5] (sky130_sram_1kbyte_1rw1r_32x256_8)
                                              0.845782   data arrival time

                                  0.000000    0.000000   clock clk_i (rise edge)
                                  0.000000    0.000000   clock source latency
     2    0.082968    0.000000    0.000000    0.000000 ^ clk_i (in)
                                                         clk_i (net)
                      0.016545    0.008272    0.008272 ^ clkbuf_0_clk_i/A (sky130_fd_sc_hd__clkbuf_16)
     2    0.041654    0.046201    0.093291    0.101564 ^ clkbuf_0_clk_i/X (sky130_fd_sc_hd__clkbuf_16)
                                                         clknet_0_clk_i (net)
                      0.046409    0.002376    0.103940 ^ clkbuf_1_0__f_clk_i/A (sky130_fd_sc_hd__clkbuf_16)
     1    0.066718    0.063087    0.107435    0.211374 ^ clkbuf_1_0__f_clk_i/X (sky130_fd_sc_hd__clkbuf_16)
                                                         clknet_1_0__leaf_clk_i (net)
                      0.102866    0.022702    0.234076 ^ u_sram/clk0 (sky130_sram_1kbyte_1rw1r_32x256_8)
                                  0.250000    0.484076   clock uncertainty
                                  0.000000    0.484076   clock reconvergence pessimism
                                 -0.056000    0.428076   library hold time
                                              0.428076   data required time
---------------------------------------------------------------------------------------------
                                              0.428076   data required time
                                             -0.845782   data arrival time
---------------------------------------------------------------------------------------------
                                              0.417706   slack (MET)


Startpoint: _45_ (rising edge-triggered flip-flop clocked by clk_i)
Endpoint: u_sram (falling edge-triggered flip-flop clocked by clk_i)
Path Group: clk_i
Path Type: min

Fanout         Cap        Slew       Delay        Time   Description
---------------------------------------------------------------------------------------------
                                  0.000000    0.000000   clock clk_i (rise edge)
                                  0.000000    0.000000   clock source latency
     2    0.082968    0.000000    0.000000    0.000000 ^ clk_i (in)
                                                         clk_i (net)
                      0.009513    0.004756    0.004756 ^ clkbuf_regs_0_clk_i/A (sky130_fd_sc_hd__clkbuf_16)
     1    0.008543    0.023545    0.070604    0.075360 ^ clkbuf_regs_0_clk_i/X (sky130_fd_sc_hd__clkbuf_16)
                                                         clk_i_regs (net)
                      0.023550    0.000671    0.076031 ^ clkbuf_0_clk_i_regs/A (sky130_fd_sc_hd__clkbuf_16)
     2    0.019396    0.030738    0.081661    0.157692 ^ clkbuf_0_clk_i_regs/X (sky130_fd_sc_hd__clkbuf_16)
                                                         clknet_0_clk_i_regs (net)
                      0.030749    0.001015    0.158707 ^ clkbuf_1_0__f_clk_i_regs/A (sky130_fd_sc_hd__clkbuf_16)
     2    0.005471    0.021323    0.074032    0.232739 ^ clkbuf_1_0__f_clk_i_regs/X (sky130_fd_sc_hd__clkbuf_16)
                                                         clknet_1_0__leaf_clk_i_regs (net)
                      0.021325    0.000318    0.233057 ^ _45_/CLK (sky130_fd_sc_hd__dfstp_2)
     3    0.013212    0.031200    0.234231    0.467288 v _45_/Q (sky130_fd_sc_hd__dfstp_2)
                                                         state_q[0] (net)
                      0.031292    0.001153    0.468440 v _25_/A (sky130_fd_sc_hd__and2_2)
    11    0.061762    0.110021    0.186457    0.654897 v _25_/X (sky130_fd_sc_hd__and2_2)
                                                         _08_ (net)
                      0.111015    0.008397    0.663294 v _32_/A3 (sky130_fd_sc_hd__a32o_2)
     1    0.017015    0.041957    0.188715    0.852009 v _32_/X (sky130_fd_sc_hd__a32o_2)
                                                         sram_addr0[0] (net)
                      0.056025    0.001412    0.853421 v u_sram/addr0[0] (sky130_sram_1kbyte_1rw1r_32x256_8)
                                              0.853421   data arrival time

                                  0.000000    0.000000   clock clk_i (rise edge)
                                  0.000000    0.000000   clock source latency
     2    0.082968    0.000000    0.000000    0.000000 ^ clk_i (in)
                                                         clk_i (net)
                      0.016545    0.008272    0.008272 ^ clkbuf_0_clk_i/A (sky130_fd_sc_hd__clkbuf_16)
     2    0.041654    0.046201    0.093291    0.101564 ^ clkbuf_0_clk_i/X (sky130_fd_sc_hd__clkbuf_16)
                                                         clknet_0_clk_i (net)
                      0.046409    0.002376    0.103940 ^ clkbuf_1_0__f_clk_i/A (sky130_fd_sc_hd__clkbuf_16)
     1    0.066718    0.063087    0.107435    0.211374 ^ clkbuf_1_0__f_clk_i/X (sky130_fd_sc_hd__clkbuf_16)
                                                         clknet_1_0__leaf_clk_i (net)
                      0.102866    0.022702    0.234076 ^ u_sram/clk0 (sky130_sram_1kbyte_1rw1r_32x256_8)
                                  0.250000    0.484076   clock uncertainty
                                  0.000000    0.484076   clock reconvergence pessimism
                                 -0.056000    0.428076   library hold time
                                              0.428076   data required time
---------------------------------------------------------------------------------------------
                                              0.428076   data required time
                                             -0.853421   data arrival time
---------------------------------------------------------------------------------------------
                                              0.425345   slack (MET)


Startpoint: _48_ (rising edge-triggered flip-flop clocked by clk_i)
Endpoint: _48_ (rising edge-triggered flip-flop clocked by clk_i)
Path Group: clk_i
Path Type: min

Fanout         Cap        Slew       Delay        Time   Description
---------------------------------------------------------------------------------------------
                                  0.000000    0.000000   clock clk_i (rise edge)
                                  0.000000    0.000000   clock source latency
     2    0.082968    0.000000    0.000000    0.000000 ^ clk_i (in)
                                                         clk_i (net)
                      0.009513    0.004756    0.004756 ^ clkbuf_regs_0_clk_i/A (sky130_fd_sc_hd__clkbuf_16)
     1    0.008543    0.023545    0.070604    0.075360 ^ clkbuf_regs_0_clk_i/X (sky130_fd_sc_hd__clkbuf_16)
                                                         clk_i_regs (net)
                      0.023550    0.000671    0.076031 ^ clkbuf_0_clk_i_regs/A (sky130_fd_sc_hd__clkbuf_16)
     2    0.019396    0.030738    0.081661    0.157692 ^ clkbuf_0_clk_i_regs/X (sky130_fd_sc_hd__clkbuf_16)
                                                         clknet_0_clk_i_regs (net)
                      0.030749    0.001048    0.158740 ^ clkbuf_1_1__f_clk_i_regs/A (sky130_fd_sc_hd__clkbuf_16)
     3    0.007854    0.023077    0.076038    0.234778 ^ clkbuf_1_1__f_clk_i_regs/X (sky130_fd_sc_hd__clkbuf_16)
                                                         clknet_1_1__leaf_clk_i_regs (net)
                      0.023079    0.000426    0.235204 ^ _48_/CLK (sky130_fd_sc_hd__dfrtp_2)
     3    0.012561    0.057000    0.233114    0.468318 ^ _48_/Q (sky130_fd_sc_hd__dfrtp_2)
                                                         axi_rvalid_o (net)
                      0.057016    0.000920    0.469238 ^ _27_/A1 (sky130_fd_sc_hd__a21o_2)
     1    0.003993    0.022178    0.074244    0.543482 ^ _27_/X (sky130_fd_sc_hd__a21o_2)
                                                         _03_ (net)
                      0.022181    0.000270    0.543752 ^ hold2/A (sky130_fd_sc_hd__dlygate4sd3_1)
     1    0.003300    0.041005    0.372022    0.915774 ^ hold2/X (sky130_fd_sc_hd__dlygate4sd3_1)
                                                         net2 (net)
                      0.041005    0.000213    0.915987 ^ _48_/D (sky130_fd_sc_hd__dfrtp_2)
                                              0.915987   data arrival time

                                  0.000000    0.000000   clock clk_i (rise edge)
                                  0.000000    0.000000   clock source latency
     2    0.082968    0.000000    0.000000    0.000000 ^ clk_i (in)
                                                         clk_i (net)
                      0.009513    0.004756    0.004756 ^ clkbuf_regs_0_clk_i/A (sky130_fd_sc_hd__clkbuf_16)
     1    0.008543    0.023545    0.070604    0.075360 ^ clkbuf_regs_0_clk_i/X (sky130_fd_sc_hd__clkbuf_16)
                                                         clk_i_regs (net)
                      0.023550    0.000671    0.076031 ^ clkbuf_0_clk_i_regs/A (sky130_fd_sc_hd__clkbuf_16)
     2    0.019396    0.030738    0.081661    0.157692 ^ clkbuf_0_clk_i_regs/X (sky130_fd_sc_hd__clkbuf_16)
                                                         clknet_0_clk_i_regs (net)
                      0.030749    0.001048    0.158740 ^ clkbuf_1_1__f_clk_i_regs/A (sky130_fd_sc_hd__clkbuf_16)
     3    0.007854    0.023077    0.076038    0.234778 ^ clkbuf_1_1__f_clk_i_regs/X (sky130_fd_sc_hd__clkbuf_16)
                                                         clknet_1_1__leaf_clk_i_regs (net)
                      0.023079    0.000426    0.235204 ^ _48_/CLK (sky130_fd_sc_hd__dfrtp_2)
                                  0.250000    0.485204   clock uncertainty
                                  0.000000    0.485204   clock reconvergence pessimism
                                 -0.020684    0.464520   library hold time
                                              0.464520   data required time
---------------------------------------------------------------------------------------------
                                              0.464520   data required time
                                             -0.915987   data arrival time
---------------------------------------------------------------------------------------------
                                              0.451467   slack (MET)


Startpoint: _45_ (rising edge-triggered flip-flop clocked by clk_i)
Endpoint: u_sram (falling edge-triggered flip-flop clocked by clk_i)
Path Group: clk_i
Path Type: min

Fanout         Cap        Slew       Delay        Time   Description
---------------------------------------------------------------------------------------------
                                  0.000000    0.000000   clock clk_i (rise edge)
                                  0.000000    0.000000   clock source latency
     2    0.082968    0.000000    0.000000    0.000000 ^ clk_i (in)
                                                         clk_i (net)
                      0.009513    0.004756    0.004756 ^ clkbuf_regs_0_clk_i/A (sky130_fd_sc_hd__clkbuf_16)
     1    0.008543    0.023545    0.070604    0.075360 ^ clkbuf_regs_0_clk_i/X (sky130_fd_sc_hd__clkbuf_16)
                                                         clk_i_regs (net)
                      0.023550    0.000671    0.076031 ^ clkbuf_0_clk_i_regs/A (sky130_fd_sc_hd__clkbuf_16)
     2    0.019396    0.030738    0.081661    0.157692 ^ clkbuf_0_clk_i_regs/X (sky130_fd_sc_hd__clkbuf_16)
                                                         clknet_0_clk_i_regs (net)
                      0.030749    0.001015    0.158707 ^ clkbuf_1_0__f_clk_i_regs/A (sky130_fd_sc_hd__clkbuf_16)
     2    0.005471    0.021323    0.074032    0.232739 ^ clkbuf_1_0__f_clk_i_regs/X (sky130_fd_sc_hd__clkbuf_16)
                                                         clknet_1_0__leaf_clk_i_regs (net)
                      0.021325    0.000318    0.233057 ^ _45_/CLK (sky130_fd_sc_hd__dfstp_2)
     3    0.013212    0.031200    0.234231    0.467288 v _45_/Q (sky130_fd_sc_hd__dfstp_2)
                                                         state_q[0] (net)
                      0.031296    0.001193    0.468480 v _23_/B (sky130_fd_sc_hd__and3_2)
    17    0.089277    0.155963    0.236551    0.705031 v _23_/X (sky130_fd_sc_hd__and3_2)
                                                         axi_awready_o (net)
                      0.158826    0.016911    0.721942 v _41_/B (sky130_fd_sc_hd__and2_2)
     1    0.013067    0.042122    0.189158    0.911100 v _41_/X (sky130_fd_sc_hd__and2_2)
                                                         sram_wmask0[1] (net)
                      0.056192    0.000892    0.911991 v u_sram/wmask0[1] (sky130_sram_1kbyte_1rw1r_32x256_8)
                                              0.911991   data arrival time

                                  0.000000    0.000000   clock clk_i (rise edge)
                                  0.000000    0.000000   clock source latency
     2    0.082968    0.000000    0.000000    0.000000 ^ clk_i (in)
                                                         clk_i (net)
                      0.016545    0.008272    0.008272 ^ clkbuf_0_clk_i/A (sky130_fd_sc_hd__clkbuf_16)
     2    0.041654    0.046201    0.093291    0.101564 ^ clkbuf_0_clk_i/X (sky130_fd_sc_hd__clkbuf_16)
                                                         clknet_0_clk_i (net)
                      0.046409    0.002376    0.103940 ^ clkbuf_1_0__f_clk_i/A (sky130_fd_sc_hd__clkbuf_16)
     1    0.066718    0.063087    0.107435    0.211374 ^ clkbuf_1_0__f_clk_i/X (sky130_fd_sc_hd__clkbuf_16)
                                                         clknet_1_0__leaf_clk_i (net)
                      0.102866    0.022702    0.234076 ^ u_sram/clk0 (sky130_sram_1kbyte_1rw1r_32x256_8)
                                  0.250000    0.484076   clock uncertainty
                                  0.000000    0.484076   clock reconvergence pessimism
                                 -0.056000    0.428076   library hold time
                                              0.428076   data required time
---------------------------------------------------------------------------------------------
                                              0.428076   data required time
                                             -0.911991   data arrival time
---------------------------------------------------------------------------------------------
                                              0.483915   slack (MET)


Startpoint: _45_ (rising edge-triggered flip-flop clocked by clk_i)
Endpoint: u_sram (falling edge-triggered flip-flop clocked by clk_i)
Path Group: clk_i
Path Type: min

Fanout         Cap        Slew       Delay        Time   Description
---------------------------------------------------------------------------------------------
                                  0.000000    0.000000   clock clk_i (rise edge)
                                  0.000000    0.000000   clock source latency
     2    0.082968    0.000000    0.000000    0.000000 ^ clk_i (in)
                                                         clk_i (net)
                      0.009513    0.004756    0.004756 ^ clkbuf_regs_0_clk_i/A (sky130_fd_sc_hd__clkbuf_16)
     1    0.008543    0.023545    0.070604    0.075360 ^ clkbuf_regs_0_clk_i/X (sky130_fd_sc_hd__clkbuf_16)
                                                         clk_i_regs (net)
                      0.023550    0.000671    0.076031 ^ clkbuf_0_clk_i_regs/A (sky130_fd_sc_hd__clkbuf_16)
     2    0.019396    0.030738    0.081661    0.157692 ^ clkbuf_0_clk_i_regs/X (sky130_fd_sc_hd__clkbuf_16)
                                                         clknet_0_clk_i_regs (net)
                      0.030749    0.001015    0.158707 ^ clkbuf_1_0__f_clk_i_regs/A (sky130_fd_sc_hd__clkbuf_16)
     2    0.005471    0.021323    0.074032    0.232739 ^ clkbuf_1_0__f_clk_i_regs/X (sky130_fd_sc_hd__clkbuf_16)
                                                         clknet_1_0__leaf_clk_i_regs (net)
                      0.021325    0.000318    0.233057 ^ _45_/CLK (sky130_fd_sc_hd__dfstp_2)
     3    0.013212    0.031200    0.234231    0.467288 v _45_/Q (sky130_fd_sc_hd__dfstp_2)
                                                         state_q[0] (net)
                      0.031296    0.001193    0.468480 v _23_/B (sky130_fd_sc_hd__and3_2)
    17    0.089277    0.155963    0.236551    0.705031 v _23_/X (sky130_fd_sc_hd__and3_2)
                                                         axi_awready_o (net)
                      0.158812    0.016871    0.721902 v _40_/B (sky130_fd_sc_hd__and2_2)
     1    0.013529    0.042081    0.190205    0.912106 v _40_/X (sky130_fd_sc_hd__and2_2)
                                                         sram_wmask0[0] (net)
                      0.056139    0.000917    0.913023 v u_sram/wmask0[0] (sky130_sram_1kbyte_1rw1r_32x256_8)
                                              0.913023   data arrival time

                                  0.000000    0.000000   clock clk_i (rise edge)
                                  0.000000    0.000000   clock source latency
     2    0.082968    0.000000    0.000000    0.000000 ^ clk_i (in)
                                                         clk_i (net)
                      0.016545    0.008272    0.008272 ^ clkbuf_0_clk_i/A (sky130_fd_sc_hd__clkbuf_16)
     2    0.041654    0.046201    0.093291    0.101564 ^ clkbuf_0_clk_i/X (sky130_fd_sc_hd__clkbuf_16)
                                                         clknet_0_clk_i (net)
                      0.046409    0.002376    0.103940 ^ clkbuf_1_0__f_clk_i/A (sky130_fd_sc_hd__clkbuf_16)
     1    0.066718    0.063087    0.107435    0.211374 ^ clkbuf_1_0__f_clk_i/X (sky130_fd_sc_hd__clkbuf_16)
                                                         clknet_1_0__leaf_clk_i (net)
                      0.102866    0.022702    0.234076 ^ u_sram/clk0 (sky130_sram_1kbyte_1rw1r_32x256_8)
                                  0.250000    0.484076   clock uncertainty
                                  0.000000    0.484076   clock reconvergence pessimism
                                 -0.056000    0.428076   library hold time
                                              0.428076   data required time
---------------------------------------------------------------------------------------------
                                              0.428076   data required time
                                             -0.913023   data arrival time
---------------------------------------------------------------------------------------------
                                              0.484947   slack (MET)


Startpoint: _45_ (rising edge-triggered flip-flop clocked by clk_i)
Endpoint: u_sram (falling edge-triggered flip-flop clocked by clk_i)
Path Group: clk_i
Path Type: min

Fanout         Cap        Slew       Delay        Time   Description
---------------------------------------------------------------------------------------------
                                  0.000000    0.000000   clock clk_i (rise edge)
                                  0.000000    0.000000   clock source latency
     2    0.082968    0.000000    0.000000    0.000000 ^ clk_i (in)
                                                         clk_i (net)
                      0.009513    0.004756    0.004756 ^ clkbuf_regs_0_clk_i/A (sky130_fd_sc_hd__clkbuf_16)
     1    0.008543    0.023545    0.070604    0.075360 ^ clkbuf_regs_0_clk_i/X (sky130_fd_sc_hd__clkbuf_16)
                                                         clk_i_regs (net)
                      0.023550    0.000671    0.076031 ^ clkbuf_0_clk_i_regs/A (sky130_fd_sc_hd__clkbuf_16)
     2    0.019396    0.030738    0.081661    0.157692 ^ clkbuf_0_clk_i_regs/X (sky130_fd_sc_hd__clkbuf_16)
                                                         clknet_0_clk_i_regs (net)
                      0.030749    0.001015    0.158707 ^ clkbuf_1_0__f_clk_i_regs/A (sky130_fd_sc_hd__clkbuf_16)
     2    0.005471    0.021323    0.074032    0.232739 ^ clkbuf_1_0__f_clk_i_regs/X (sky130_fd_sc_hd__clkbuf_16)
                                                         clknet_1_0__leaf_clk_i_regs (net)
                      0.021325    0.000318    0.233057 ^ _45_/CLK (sky130_fd_sc_hd__dfstp_2)
     3    0.013212    0.031200    0.234231    0.467288 v _45_/Q (sky130_fd_sc_hd__dfstp_2)
                                                         state_q[0] (net)
                      0.031296    0.001193    0.468480 v _23_/B (sky130_fd_sc_hd__and3_2)
    17    0.089277    0.155963    0.236551    0.705031 v _23_/X (sky130_fd_sc_hd__and3_2)
                                                         axi_awready_o (net)
                      0.158852    0.016984    0.722015 v _43_/B (sky130_fd_sc_hd__and2_2)
     1    0.014245    0.042664    0.191823    0.913838 v _43_/X (sky130_fd_sc_hd__and2_2)
                                                         sram_wmask0[3] (net)
                      0.056962    0.000916    0.914754 v u_sram/wmask0[3] (sky130_sram_1kbyte_1rw1r_32x256_8)
                                              0.914754   data arrival time

                                  0.000000    0.000000   clock clk_i (rise edge)
                                  0.000000    0.000000   clock source latency
     2    0.082968    0.000000    0.000000    0.000000 ^ clk_i (in)
                                                         clk_i (net)
                      0.016545    0.008272    0.008272 ^ clkbuf_0_clk_i/A (sky130_fd_sc_hd__clkbuf_16)
     2    0.041654    0.046201    0.093291    0.101564 ^ clkbuf_0_clk_i/X (sky130_fd_sc_hd__clkbuf_16)
                                                         clknet_0_clk_i (net)
                      0.046409    0.002376    0.103940 ^ clkbuf_1_0__f_clk_i/A (sky130_fd_sc_hd__clkbuf_16)
     1    0.066718    0.063087    0.107435    0.211374 ^ clkbuf_1_0__f_clk_i/X (sky130_fd_sc_hd__clkbuf_16)
                                                         clknet_1_0__leaf_clk_i (net)
                      0.102866    0.022702    0.234076 ^ u_sram/clk0 (sky130_sram_1kbyte_1rw1r_32x256_8)
                                  0.250000    0.484076   clock uncertainty
                                  0.000000    0.484076   clock reconvergence pessimism
                                 -0.056000    0.428076   library hold time
                                              0.428076   data required time
---------------------------------------------------------------------------------------------
                                              0.428076   data required time
                                             -0.914754   data arrival time
---------------------------------------------------------------------------------------------
                                              0.486678   slack (MET)


Startpoint: _45_ (rising edge-triggered flip-flop clocked by clk_i)
Endpoint: u_sram (falling edge-triggered flip-flop clocked by clk_i)
Path Group: clk_i
Path Type: min

Fanout         Cap        Slew       Delay        Time   Description
---------------------------------------------------------------------------------------------
                                  0.000000    0.000000   clock clk_i (rise edge)
                                  0.000000    0.000000   clock source latency
     2    0.082968    0.000000    0.000000    0.000000 ^ clk_i (in)
                                                         clk_i (net)
                      0.009513    0.004756    0.004756 ^ clkbuf_regs_0_clk_i/A (sky130_fd_sc_hd__clkbuf_16)
     1    0.008543    0.023545    0.070604    0.075360 ^ clkbuf_regs_0_clk_i/X (sky130_fd_sc_hd__clkbuf_16)
                                                         clk_i_regs (net)
                      0.023550    0.000671    0.076031 ^ clkbuf_0_clk_i_regs/A (sky130_fd_sc_hd__clkbuf_16)
     2    0.019396    0.030738    0.081661    0.157692 ^ clkbuf_0_clk_i_regs/X (sky130_fd_sc_hd__clkbuf_16)
                                                         clknet_0_clk_i_regs (net)
                      0.030749    0.001015    0.158707 ^ clkbuf_1_0__f_clk_i_regs/A (sky130_fd_sc_hd__clkbuf_16)
     2    0.005471    0.021323    0.074032    0.232739 ^ clkbuf_1_0__f_clk_i_regs/X (sky130_fd_sc_hd__clkbuf_16)
                                                         clknet_1_0__leaf_clk_i_regs (net)
                      0.021325    0.000318    0.233057 ^ _45_/CLK (sky130_fd_sc_hd__dfstp_2)
     3    0.013212    0.031200    0.234231    0.467288 v _45_/Q (sky130_fd_sc_hd__dfstp_2)
                                                         state_q[0] (net)
                      0.031296    0.001193    0.468480 v _23_/B (sky130_fd_sc_hd__and3_2)
    17    0.089277    0.155963    0.236551    0.705031 v _23_/X (sky130_fd_sc_hd__and3_2)
                                                         axi_awready_o (net)
                      0.158842    0.016955    0.721986 v _42_/B (sky130_fd_sc_hd__and2_2)
     1    0.014701    0.043340    0.192545    0.914531 v _42_/X (sky130_fd_sc_hd__and2_2)
                                                         sram_wmask0[2] (net)
                      0.057833    0.001029    0.915560 v u_sram/wmask0[2] (sky130_sram_1kbyte_1rw1r_32x256_8)
                                              0.915560   data arrival time

                                  0.000000    0.000000   clock clk_i (rise edge)
                                  0.000000    0.000000   clock source latency
     2    0.082968    0.000000    0.000000    0.000000 ^ clk_i (in)
                                                         clk_i (net)
                      0.016545    0.008272    0.008272 ^ clkbuf_0_clk_i/A (sky130_fd_sc_hd__clkbuf_16)
     2    0.041654    0.046201    0.093291    0.101564 ^ clkbuf_0_clk_i/X (sky130_fd_sc_hd__clkbuf_16)
                                                         clknet_0_clk_i (net)
                      0.046409    0.002376    0.103940 ^ clkbuf_1_0__f_clk_i/A (sky130_fd_sc_hd__clkbuf_16)
     1    0.066718    0.063087    0.107435    0.211374 ^ clkbuf_1_0__f_clk_i/X (sky130_fd_sc_hd__clkbuf_16)
                                                         clknet_1_0__leaf_clk_i (net)
                      0.102866    0.022702    0.234076 ^ u_sram/clk0 (sky130_sram_1kbyte_1rw1r_32x256_8)
                                  0.250000    0.484076   clock uncertainty
                                  0.000000    0.484076   clock reconvergence pessimism
                                 -0.056000    0.428076   library hold time
                                              0.428076   data required time
---------------------------------------------------------------------------------------------
                                              0.428076   data required time
                                             -0.915560   data arrival time
---------------------------------------------------------------------------------------------
                                              0.487484   slack (MET)


Startpoint: rst_ni (input port clocked by clk_i)
Endpoint: _48_ (removal check against rising-edge clock clk_i)
Path Group: asynchronous
Path Type: min

Fanout         Cap        Slew       Delay        Time   Description
---------------------------------------------------------------------------------------------
                                  0.000000    0.000000   clock clk_i (rise edge)
                                  0.000000    0.000000   clock network delay (propagated)
                                  2.000000    2.000000 ^ input external delay
     4    0.020156    0.000000    0.000000    2.000000 ^ rst_ni (in)
                                                         rst_ni (net)
                      0.000840    0.000420    2.000420 ^ _48_/RESET_B (sky130_fd_sc_hd__dfrtp_2)
                                              2.000420   data arrival time

                                  0.000000    0.000000   clock clk_i (rise edge)
                                  0.000000    0.000000   clock source latency
     2    0.082968    0.000000    0.000000    0.000000 ^ clk_i (in)
                                                         clk_i (net)
                      0.009513    0.004756    0.004756 ^ clkbuf_regs_0_clk_i/A (sky130_fd_sc_hd__clkbuf_16)
     1    0.008543    0.023545    0.070604    0.075360 ^ clkbuf_regs_0_clk_i/X (sky130_fd_sc_hd__clkbuf_16)
                                                         clk_i_regs (net)
                      0.023550    0.000671    0.076031 ^ clkbuf_0_clk_i_regs/A (sky130_fd_sc_hd__clkbuf_16)
     2    0.019396    0.030738    0.081661    0.157692 ^ clkbuf_0_clk_i_regs/X (sky130_fd_sc_hd__clkbuf_16)
                                                         clknet_0_clk_i_regs (net)
                      0.030749    0.001048    0.158740 ^ clkbuf_1_1__f_clk_i_regs/A (sky130_fd_sc_hd__clkbuf_16)
     3    0.007854    0.023077    0.076038    0.234778 ^ clkbuf_1_1__f_clk_i_regs/X (sky130_fd_sc_hd__clkbuf_16)
                                                         clknet_1_1__leaf_clk_i_regs (net)
                      0.023079    0.000426    0.235204 ^ _48_/CLK (sky130_fd_sc_hd__dfrtp_2)
                                  0.250000    0.485204   clock uncertainty
                                  0.000000    0.485204   clock reconvergence pessimism
                                  0.188193    0.673397   library removal time
                                              0.673397   data required time
---------------------------------------------------------------------------------------------
                                              0.673397   data required time
                                             -2.000420   data arrival time
---------------------------------------------------------------------------------------------
                                              1.327023   slack (MET)


Startpoint: rst_ni (input port clocked by clk_i)
Endpoint: _46_ (removal check against rising-edge clock clk_i)
Path Group: asynchronous
Path Type: min

Fanout         Cap        Slew       Delay        Time   Description
---------------------------------------------------------------------------------------------
                                  0.000000    0.000000   clock clk_i (rise edge)
                                  0.000000    0.000000   clock network delay (propagated)
                                  2.000000    2.000000 ^ input external delay
     4    0.020156    0.000000    0.000000    2.000000 ^ rst_ni (in)
                                                         rst_ni (net)
                      0.001208    0.000604    2.000604 ^ _46_/RESET_B (sky130_fd_sc_hd__dfrtp_2)
                                              2.000604   data arrival time

                                  0.000000    0.000000   clock clk_i (rise edge)
                                  0.000000    0.000000   clock source latency
     2    0.082968    0.000000    0.000000    0.000000 ^ clk_i (in)
                                                         clk_i (net)
                      0.009513    0.004756    0.004756 ^ clkbuf_regs_0_clk_i/A (sky130_fd_sc_hd__clkbuf_16)
     1    0.008543    0.023545    0.070604    0.075360 ^ clkbuf_regs_0_clk_i/X (sky130_fd_sc_hd__clkbuf_16)
                                                         clk_i_regs (net)
                      0.023550    0.000671    0.076031 ^ clkbuf_0_clk_i_regs/A (sky130_fd_sc_hd__clkbuf_16)
     2    0.019396    0.030738    0.081661    0.157692 ^ clkbuf_0_clk_i_regs/X (sky130_fd_sc_hd__clkbuf_16)
                                                         clknet_0_clk_i_regs (net)
                      0.030749    0.001048    0.158740 ^ clkbuf_1_1__f_clk_i_regs/A (sky130_fd_sc_hd__clkbuf_16)
     3    0.007854    0.023077    0.076038    0.234778 ^ clkbuf_1_1__f_clk_i_regs/X (sky130_fd_sc_hd__clkbuf_16)
                                                         clknet_1_1__leaf_clk_i_regs (net)
                      0.023079    0.000403    0.235181 ^ _46_/CLK (sky130_fd_sc_hd__dfrtp_2)
                                  0.250000    0.485181   clock uncertainty
                                  0.000000    0.485181   clock reconvergence pessimism
                                  0.188288    0.673469   library removal time
                                              0.673469   data required time
---------------------------------------------------------------------------------------------
                                              0.673469   data required time
                                             -2.000604   data arrival time
---------------------------------------------------------------------------------------------
                                              1.327134   slack (MET)


Startpoint: rst_ni (input port clocked by clk_i)
Endpoint: _47_ (removal check against rising-edge clock clk_i)
Path Group: asynchronous
Path Type: min

Fanout         Cap        Slew       Delay        Time   Description
---------------------------------------------------------------------------------------------
                                  0.000000    0.000000   clock clk_i (rise edge)
                                  0.000000    0.000000   clock network delay (propagated)
                                  2.000000    2.000000 ^ input external delay
     4    0.020156    0.000000    0.000000    2.000000 ^ rst_ni (in)
                                                         rst_ni (net)
                      0.001192    0.000596    2.000596 ^ _47_/RESET_B (sky130_fd_sc_hd__dfrtp_2)
                                              2.000596   data arrival time

                                  0.000000    0.000000   clock clk_i (rise edge)
                                  0.000000    0.000000   clock source latency
     2    0.082968    0.000000    0.000000    0.000000 ^ clk_i (in)
                                                         clk_i (net)
                      0.009513    0.004756    0.004756 ^ clkbuf_regs_0_clk_i/A (sky130_fd_sc_hd__clkbuf_16)
     1    0.008543    0.023545    0.070604    0.075360 ^ clkbuf_regs_0_clk_i/X (sky130_fd_sc_hd__clkbuf_16)
                                                         clk_i_regs (net)
                      0.023550    0.000671    0.076031 ^ clkbuf_0_clk_i_regs/A (sky130_fd_sc_hd__clkbuf_16)
     2    0.019396    0.030738    0.081661    0.157692 ^ clkbuf_0_clk_i_regs/X (sky130_fd_sc_hd__clkbuf_16)
                                                         clknet_0_clk_i_regs (net)
                      0.030749    0.001015    0.158707 ^ clkbuf_1_0__f_clk_i_regs/A (sky130_fd_sc_hd__clkbuf_16)
     2    0.005471    0.021323    0.074032    0.232739 ^ clkbuf_1_0__f_clk_i_regs/X (sky130_fd_sc_hd__clkbuf_16)
                                                         clknet_1_0__leaf_clk_i_regs (net)
                      0.021325    0.000322    0.233061 ^ _47_/CLK (sky130_fd_sc_hd__dfrtp_2)
                                  0.250000    0.483061   clock uncertainty
                                  0.000000    0.483061   clock reconvergence pessimism
                                  0.188042    0.671103   library removal time
                                              0.671103   data required time
---------------------------------------------------------------------------------------------
                                              0.671103   data required time
                                             -2.000596   data arrival time
---------------------------------------------------------------------------------------------
                                              1.329493   slack (MET)


Startpoint: rst_ni (input port clocked by clk_i)
Endpoint: _45_ (removal check against rising-edge clock clk_i)
Path Group: asynchronous
Path Type: min

Fanout         Cap        Slew       Delay        Time   Description
---------------------------------------------------------------------------------------------
                                  0.000000    0.000000   clock clk_i (rise edge)
                                  0.000000    0.000000   clock network delay (propagated)
                                  2.000000    2.000000 ^ input external delay
     4    0.020156    0.000000    0.000000    2.000000 ^ rst_ni (in)
                                                         rst_ni (net)
                      0.001219    0.000610    2.000610 ^ _45_/SET_B (sky130_fd_sc_hd__dfstp_2)
                                              2.000610   data arrival time

                                  0.000000    0.000000   clock clk_i (rise edge)
                                  0.000000    0.000000   clock source latency
     2    0.082968    0.000000    0.000000    0.000000 ^ clk_i (in)
                                                         clk_i (net)
                      0.009513    0.004756    0.004756 ^ clkbuf_regs_0_clk_i/A (sky130_fd_sc_hd__clkbuf_16)
     1    0.008543    0.023545    0.070604    0.075360 ^ clkbuf_regs_0_clk_i/X (sky130_fd_sc_hd__clkbuf_16)
                                                         clk_i_regs (net)
                      0.023550    0.000671    0.076031 ^ clkbuf_0_clk_i_regs/A (sky130_fd_sc_hd__clkbuf_16)
     2    0.019396    0.030738    0.081661    0.157692 ^ clkbuf_0_clk_i_regs/X (sky130_fd_sc_hd__clkbuf_16)
                                                         clknet_0_clk_i_regs (net)
                      0.030749    0.001015    0.158707 ^ clkbuf_1_0__f_clk_i_regs/A (sky130_fd_sc_hd__clkbuf_16)
     2    0.005471    0.021323    0.074032    0.232739 ^ clkbuf_1_0__f_clk_i_regs/X (sky130_fd_sc_hd__clkbuf_16)
                                                         clknet_1_0__leaf_clk_i_regs (net)
                      0.021325    0.000318    0.233057 ^ _45_/CLK (sky130_fd_sc_hd__dfstp_2)
                                  0.250000    0.483057   clock uncertainty
                                  0.000000    0.483057   clock reconvergence pessimism
                                  0.098482    0.581539   library removal time
                                              0.581539   data required time
---------------------------------------------------------------------------------------------
                                              0.581539   data required time
                                             -2.000610   data arrival time
---------------------------------------------------------------------------------------------
                                              1.419071   slack (MET)


Startpoint: axi_wdata_i[30] (input port clocked by clk_i)
Endpoint: u_sram (falling edge-triggered flip-flop clocked by clk_i)
Path Group: clk_i
Path Type: min

Fanout         Cap        Slew       Delay        Time   Description
---------------------------------------------------------------------------------------------
                                  0.000000    0.000000   clock clk_i (rise edge)
                                  0.000000    0.000000   clock network delay (propagated)
                                  2.000000    2.000000 ^ input external delay
     1    0.015393    0.000000    0.000000    2.000000 ^ axi_wdata_i[30] (in)
                                                         axi_wdata_i[30] (net)
                      0.002197    0.000520    2.000520 ^ u_sram/din0[30] (sky130_sram_1kbyte_1rw1r_32x256_8)
                                              2.000520   data arrival time

                                  0.000000    0.000000   clock clk_i (rise edge)
                                  0.000000    0.000000   clock source latency
     2    0.082968    0.000000    0.000000    0.000000 ^ clk_i (in)
                                                         clk_i (net)
                      0.016545    0.008272    0.008272 ^ clkbuf_0_clk_i/A (sky130_fd_sc_hd__clkbuf_16)
     2    0.041654    0.046201    0.093291    0.101564 ^ clkbuf_0_clk_i/X (sky130_fd_sc_hd__clkbuf_16)
                                                         clknet_0_clk_i (net)
                      0.046409    0.002376    0.103940 ^ clkbuf_1_0__f_clk_i/A (sky130_fd_sc_hd__clkbuf_16)
     1    0.066718    0.063087    0.107435    0.211374 ^ clkbuf_1_0__f_clk_i/X (sky130_fd_sc_hd__clkbuf_16)
                                                         clknet_1_0__leaf_clk_i (net)
                      0.102866    0.022702    0.234076 ^ u_sram/clk0 (sky130_sram_1kbyte_1rw1r_32x256_8)
                                  0.250000    0.484076   clock uncertainty
                                  0.000000    0.484076   clock reconvergence pessimism
                                 -0.056000    0.428076   library hold time
                                              0.428076   data required time
---------------------------------------------------------------------------------------------
                                              0.428076   data required time
                                             -2.000520   data arrival time
---------------------------------------------------------------------------------------------
                                              1.572443   slack (MET)


Startpoint: axi_wdata_i[31] (input port clocked by clk_i)
Endpoint: u_sram (falling edge-triggered flip-flop clocked by clk_i)
Path Group: clk_i
Path Type: min

Fanout         Cap        Slew       Delay        Time   Description
---------------------------------------------------------------------------------------------
                                  0.000000    0.000000   clock clk_i (rise edge)
                                  0.000000    0.000000   clock network delay (propagated)
                                  2.000000    2.000000 ^ input external delay
     1    0.016098    0.000000    0.000000    2.000000 ^ axi_wdata_i[31] (in)
                                                         axi_wdata_i[31] (net)
                      0.002346    0.000555    2.000555 ^ u_sram/din0[31] (sky130_sram_1kbyte_1rw1r_32x256_8)
                                              2.000555   data arrival time

                                  0.000000    0.000000   clock clk_i (rise edge)
                                  0.000000    0.000000   clock source latency
     2    0.082968    0.000000    0.000000    0.000000 ^ clk_i (in)
                                                         clk_i (net)
                      0.016545    0.008272    0.008272 ^ clkbuf_0_clk_i/A (sky130_fd_sc_hd__clkbuf_16)
     2    0.041654    0.046201    0.093291    0.101564 ^ clkbuf_0_clk_i/X (sky130_fd_sc_hd__clkbuf_16)
                                                         clknet_0_clk_i (net)
                      0.046409    0.002376    0.103940 ^ clkbuf_1_0__f_clk_i/A (sky130_fd_sc_hd__clkbuf_16)
     1    0.066718    0.063087    0.107435    0.211374 ^ clkbuf_1_0__f_clk_i/X (sky130_fd_sc_hd__clkbuf_16)
                                                         clknet_1_0__leaf_clk_i (net)
                      0.102866    0.022702    0.234076 ^ u_sram/clk0 (sky130_sram_1kbyte_1rw1r_32x256_8)
                                  0.250000    0.484076   clock uncertainty
                                  0.000000    0.484076   clock reconvergence pessimism
                                 -0.056000    0.428076   library hold time
                                              0.428076   data required time
---------------------------------------------------------------------------------------------
                                              0.428076   data required time
                                             -2.000555   data arrival time
---------------------------------------------------------------------------------------------
                                              1.572479   slack (MET)


Startpoint: axi_wdata_i[0] (input port clocked by clk_i)
Endpoint: u_sram (falling edge-triggered flip-flop clocked by clk_i)
Path Group: clk_i
Path Type: min

Fanout         Cap        Slew       Delay        Time   Description
---------------------------------------------------------------------------------------------
                                  0.000000    0.000000   clock clk_i (rise edge)
                                  0.000000    0.000000   clock network delay (propagated)
                                  2.000000    2.000000 ^ input external delay
     1    0.014158    0.000000    0.000000    2.000000 ^ axi_wdata_i[0] (in)
                                                         axi_wdata_i[0] (net)
                      0.002543    0.000602    2.000602 ^ u_sram/din0[0] (sky130_sram_1kbyte_1rw1r_32x256_8)
                                              2.000602   data arrival time

                                  0.000000    0.000000   clock clk_i (rise edge)
                                  0.000000    0.000000   clock source latency
     2    0.082968    0.000000    0.000000    0.000000 ^ clk_i (in)
                                                         clk_i (net)
                      0.016545    0.008272    0.008272 ^ clkbuf_0_clk_i/A (sky130_fd_sc_hd__clkbuf_16)
     2    0.041654    0.046201    0.093291    0.101564 ^ clkbuf_0_clk_i/X (sky130_fd_sc_hd__clkbuf_16)
                                                         clknet_0_clk_i (net)
                      0.046409    0.002376    0.103940 ^ clkbuf_1_0__f_clk_i/A (sky130_fd_sc_hd__clkbuf_16)
     1    0.066718    0.063087    0.107435    0.211374 ^ clkbuf_1_0__f_clk_i/X (sky130_fd_sc_hd__clkbuf_16)
                                                         clknet_1_0__leaf_clk_i (net)
                      0.102866    0.022702    0.234076 ^ u_sram/clk0 (sky130_sram_1kbyte_1rw1r_32x256_8)
                                  0.250000    0.484076   clock uncertainty
                                  0.000000    0.484076   clock reconvergence pessimism
                                 -0.056000    0.428076   library hold time
                                              0.428076   data required time
---------------------------------------------------------------------------------------------
                                              0.428076   data required time
                                             -2.000602   data arrival time
---------------------------------------------------------------------------------------------
                                              1.572525   slack (MET)


Startpoint: axi_wdata_i[3] (input port clocked by clk_i)
Endpoint: u_sram (falling edge-triggered flip-flop clocked by clk_i)
Path Group: clk_i
Path Type: min

Fanout         Cap        Slew       Delay        Time   Description
---------------------------------------------------------------------------------------------
                                  0.000000    0.000000   clock clk_i (rise edge)
                                  0.000000    0.000000   clock network delay (propagated)
                                  2.000000    2.000000 ^ input external delay
     1    0.014167    0.000000    0.000000    2.000000 ^ axi_wdata_i[3] (in)
                                                         axi_wdata_i[3] (net)
                      0.002545    0.000602    2.000602 ^ u_sram/din0[3] (sky130_sram_1kbyte_1rw1r_32x256_8)
                                              2.000602   data arrival time

                                  0.000000    0.000000   clock clk_i (rise edge)
                                  0.000000    0.000000   clock source latency
     2    0.082968    0.000000    0.000000    0.000000 ^ clk_i (in)
                                                         clk_i (net)
                      0.016545    0.008272    0.008272 ^ clkbuf_0_clk_i/A (sky130_fd_sc_hd__clkbuf_16)
     2    0.041654    0.046201    0.093291    0.101564 ^ clkbuf_0_clk_i/X (sky130_fd_sc_hd__clkbuf_16)
                                                         clknet_0_clk_i (net)
                      0.046409    0.002376    0.103940 ^ clkbuf_1_0__f_clk_i/A (sky130_fd_sc_hd__clkbuf_16)
     1    0.066718    0.063087    0.107435    0.211374 ^ clkbuf_1_0__f_clk_i/X (sky130_fd_sc_hd__clkbuf_16)
                                                         clknet_1_0__leaf_clk_i (net)
                      0.102866    0.022702    0.234076 ^ u_sram/clk0 (sky130_sram_1kbyte_1rw1r_32x256_8)
                                  0.250000    0.484076   clock uncertainty
                                  0.000000    0.484076   clock reconvergence pessimism
                                 -0.056000    0.428076   library hold time
                                              0.428076   data required time
---------------------------------------------------------------------------------------------
                                              0.428076   data required time
                                             -2.000602   data arrival time
---------------------------------------------------------------------------------------------
                                              1.572526   slack (MET)


Startpoint: axi_wdata_i[4] (input port clocked by clk_i)
Endpoint: u_sram (falling edge-triggered flip-flop clocked by clk_i)
Path Group: clk_i
Path Type: min

Fanout         Cap        Slew       Delay        Time   Description
---------------------------------------------------------------------------------------------
                                  0.000000    0.000000   clock clk_i (rise edge)
                                  0.000000    0.000000   clock network delay (propagated)
                                  2.000000    2.000000 ^ input external delay
     1    0.014167    0.000000    0.000000    2.000000 ^ axi_wdata_i[4] (in)
                                                         axi_wdata_i[4] (net)
                      0.002545    0.000602    2.000602 ^ u_sram/din0[4] (sky130_sram_1kbyte_1rw1r_32x256_8)
                                              2.000602   data arrival time

                                  0.000000    0.000000   clock clk_i (rise edge)
                                  0.000000    0.000000   clock source latency
     2    0.082968    0.000000    0.000000    0.000000 ^ clk_i (in)
                                                         clk_i (net)
                      0.016545    0.008272    0.008272 ^ clkbuf_0_clk_i/A (sky130_fd_sc_hd__clkbuf_16)
     2    0.041654    0.046201    0.093291    0.101564 ^ clkbuf_0_clk_i/X (sky130_fd_sc_hd__clkbuf_16)
                                                         clknet_0_clk_i (net)
                      0.046409    0.002376    0.103940 ^ clkbuf_1_0__f_clk_i/A (sky130_fd_sc_hd__clkbuf_16)
     1    0.066718    0.063087    0.107435    0.211374 ^ clkbuf_1_0__f_clk_i/X (sky130_fd_sc_hd__clkbuf_16)
                                                         clknet_1_0__leaf_clk_i (net)
                      0.102866    0.022702    0.234076 ^ u_sram/clk0 (sky130_sram_1kbyte_1rw1r_32x256_8)
                                  0.250000    0.484076   clock uncertainty
                                  0.000000    0.484076   clock reconvergence pessimism
                                 -0.056000    0.428076   library hold time
                                              0.428076   data required time
---------------------------------------------------------------------------------------------
                                              0.428076   data required time
                                             -2.000602   data arrival time
---------------------------------------------------------------------------------------------
                                              1.572526   slack (MET)


Startpoint: axi_wdata_i[1] (input port clocked by clk_i)
Endpoint: u_sram (falling edge-triggered flip-flop clocked by clk_i)
Path Group: clk_i
Path Type: min

Fanout         Cap        Slew       Delay        Time   Description
---------------------------------------------------------------------------------------------
                                  0.000000    0.000000   clock clk_i (rise edge)
                                  0.000000    0.000000   clock network delay (propagated)
                                  2.000000    2.000000 ^ input external delay
     1    0.014204    0.000000    0.000000    2.000000 ^ axi_wdata_i[1] (in)
                                                         axi_wdata_i[1] (net)
                      0.002554    0.000604    2.000604 ^ u_sram/din0[1] (sky130_sram_1kbyte_1rw1r_32x256_8)
                                              2.000604   data arrival time

                                  0.000000    0.000000   clock clk_i (rise edge)
                                  0.000000    0.000000   clock source latency
     2    0.082968    0.000000    0.000000    0.000000 ^ clk_i (in)
                                                         clk_i (net)
                      0.016545    0.008272    0.008272 ^ clkbuf_0_clk_i/A (sky130_fd_sc_hd__clkbuf_16)
     2    0.041654    0.046201    0.093291    0.101564 ^ clkbuf_0_clk_i/X (sky130_fd_sc_hd__clkbuf_16)
                                                         clknet_0_clk_i (net)
                      0.046409    0.002376    0.103940 ^ clkbuf_1_0__f_clk_i/A (sky130_fd_sc_hd__clkbuf_16)
     1    0.066718    0.063087    0.107435    0.211374 ^ clkbuf_1_0__f_clk_i/X (sky130_fd_sc_hd__clkbuf_16)
                                                         clknet_1_0__leaf_clk_i (net)
                      0.102866    0.022702    0.234076 ^ u_sram/clk0 (sky130_sram_1kbyte_1rw1r_32x256_8)
                                  0.250000    0.484076   clock uncertainty
                                  0.000000    0.484076   clock reconvergence pessimism
                                 -0.056000    0.428076   library hold time
                                              0.428076   data required time
---------------------------------------------------------------------------------------------
                                              0.428076   data required time
                                             -2.000604   data arrival time
---------------------------------------------------------------------------------------------
                                              1.572528   slack (MET)


Startpoint: axi_wdata_i[2] (input port clocked by clk_i)
Endpoint: u_sram (falling edge-triggered flip-flop clocked by clk_i)
Path Group: clk_i
Path Type: min

Fanout         Cap        Slew       Delay        Time   Description
---------------------------------------------------------------------------------------------
                                  0.000000    0.000000   clock clk_i (rise edge)
                                  0.000000    0.000000   clock network delay (propagated)
                                  2.000000    2.000000 ^ input external delay
     1    0.014218    0.000000    0.000000    2.000000 ^ axi_wdata_i[2] (in)
                                                         axi_wdata_i[2] (net)
                      0.002558    0.000605    2.000605 ^ u_sram/din0[2] (sky130_sram_1kbyte_1rw1r_32x256_8)
                                              2.000605   data arrival time

                                  0.000000    0.000000   clock clk_i (rise edge)
                                  0.000000    0.000000   clock source latency
     2    0.082968    0.000000    0.000000    0.000000 ^ clk_i (in)
                                                         clk_i (net)
                      0.016545    0.008272    0.008272 ^ clkbuf_0_clk_i/A (sky130_fd_sc_hd__clkbuf_16)
     2    0.041654    0.046201    0.093291    0.101564 ^ clkbuf_0_clk_i/X (sky130_fd_sc_hd__clkbuf_16)
                                                         clknet_0_clk_i (net)
                      0.046409    0.002376    0.103940 ^ clkbuf_1_0__f_clk_i/A (sky130_fd_sc_hd__clkbuf_16)
     1    0.066718    0.063087    0.107435    0.211374 ^ clkbuf_1_0__f_clk_i/X (sky130_fd_sc_hd__clkbuf_16)
                                                         clknet_1_0__leaf_clk_i (net)
                      0.102866    0.022702    0.234076 ^ u_sram/clk0 (sky130_sram_1kbyte_1rw1r_32x256_8)
                                  0.250000    0.484076   clock uncertainty
                                  0.000000    0.484076   clock reconvergence pessimism
                                 -0.056000    0.428076   library hold time
                                              0.428076   data required time
---------------------------------------------------------------------------------------------
                                              0.428076   data required time
                                             -2.000605   data arrival time
---------------------------------------------------------------------------------------------
                                              1.572529   slack (MET)


Startpoint: axi_wdata_i[5] (input port clocked by clk_i)
Endpoint: u_sram (falling edge-triggered flip-flop clocked by clk_i)
Path Group: clk_i
Path Type: min

Fanout         Cap        Slew       Delay        Time   Description
---------------------------------------------------------------------------------------------
                                  0.000000    0.000000   clock clk_i (rise edge)
                                  0.000000    0.000000   clock network delay (propagated)
                                  2.000000    2.000000 ^ input external delay
     1    0.014187    0.000000    0.000000    2.000000 ^ axi_wdata_i[5] (in)
                                                         axi_wdata_i[5] (net)
                      0.002551    0.000604    2.000604 ^ u_sram/din0[5] (sky130_sram_1kbyte_1rw1r_32x256_8)
                                              2.000604   data arrival time

                                  0.000000    0.000000   clock clk_i (rise edge)
                                  0.000000    0.000000   clock source latency
     2    0.082968    0.000000    0.000000    0.000000 ^ clk_i (in)
                                                         clk_i (net)
                      0.016545    0.008272    0.008272 ^ clkbuf_0_clk_i/A (sky130_fd_sc_hd__clkbuf_16)
     2    0.041654    0.046201    0.093291    0.101564 ^ clkbuf_0_clk_i/X (sky130_fd_sc_hd__clkbuf_16)
                                                         clknet_0_clk_i (net)
                      0.046409    0.002376    0.103940 ^ clkbuf_1_0__f_clk_i/A (sky130_fd_sc_hd__clkbuf_16)
     1    0.066718    0.063087    0.107435    0.211374 ^ clkbuf_1_0__f_clk_i/X (sky130_fd_sc_hd__clkbuf_16)
                                                         clknet_1_0__leaf_clk_i (net)
                      0.102866    0.022702    0.234076 ^ u_sram/clk0 (sky130_sram_1kbyte_1rw1r_32x256_8)
                                  0.250000    0.484076   clock uncertainty
                                  0.000000    0.484076   clock reconvergence pessimism
                                 -0.056000    0.428076   library hold time
                                              0.428076   data required time
---------------------------------------------------------------------------------------------
                                              0.428076   data required time
                                             -2.000604   data arrival time
---------------------------------------------------------------------------------------------
                                              1.572527   slack (MET)


Startpoint: axi_wdata_i[15] (input port clocked by clk_i)
Endpoint: u_sram (falling edge-triggered flip-flop clocked by clk_i)
Path Group: clk_i
Path Type: min

Fanout         Cap        Slew       Delay        Time   Description
---------------------------------------------------------------------------------------------
                                  0.000000    0.000000   clock clk_i (rise edge)
                                  0.000000    0.000000   clock network delay (propagated)
                                  2.000000    2.000000 ^ input external delay
     1    0.014279    0.000000    0.000000    2.000000 ^ axi_wdata_i[15] (in)
                                                         axi_wdata_i[15] (net)
                      0.002587    0.000612    2.000612 ^ u_sram/din0[15] (sky130_sram_1kbyte_1rw1r_32x256_8)
                                              2.000612   data arrival time

                                  0.000000    0.000000   clock clk_i (rise edge)
                                  0.000000    0.000000   clock source latency
     2    0.082968    0.000000    0.000000    0.000000 ^ clk_i (in)
                                                         clk_i (net)
                      0.016545    0.008272    0.008272 ^ clkbuf_0_clk_i/A (sky130_fd_sc_hd__clkbuf_16)
     2    0.041654    0.046201    0.093291    0.101564 ^ clkbuf_0_clk_i/X (sky130_fd_sc_hd__clkbuf_16)
                                                         clknet_0_clk_i (net)
                      0.046409    0.002376    0.103940 ^ clkbuf_1_0__f_clk_i/A (sky130_fd_sc_hd__clkbuf_16)
     1    0.066718    0.063087    0.107435    0.211374 ^ clkbuf_1_0__f_clk_i/X (sky130_fd_sc_hd__clkbuf_16)
                                                         clknet_1_0__leaf_clk_i (net)
                      0.102866    0.022702    0.234076 ^ u_sram/clk0 (sky130_sram_1kbyte_1rw1r_32x256_8)
                                  0.250000    0.484076   clock uncertainty
                                  0.000000    0.484076   clock reconvergence pessimism
                                 -0.056000    0.428076   library hold time
                                              0.428076   data required time
---------------------------------------------------------------------------------------------
                                              0.428076   data required time
                                             -2.000612   data arrival time
---------------------------------------------------------------------------------------------
                                              1.572536   slack (MET)


Startpoint: axi_wdata_i[24] (input port clocked by clk_i)
Endpoint: u_sram (falling edge-triggered flip-flop clocked by clk_i)
Path Group: clk_i
Path Type: min

Fanout         Cap        Slew       Delay        Time   Description
---------------------------------------------------------------------------------------------
                                  0.000000    0.000000   clock clk_i (rise edge)
                                  0.000000    0.000000   clock network delay (propagated)
                                  2.000000    2.000000 ^ input external delay
     1    0.014665    0.000000    0.000000    2.000000 ^ axi_wdata_i[24] (in)
                                                         axi_wdata_i[24] (net)
                      0.002664    0.000630    2.000630 ^ u_sram/din0[24] (sky130_sram_1kbyte_1rw1r_32x256_8)
                                              2.000630   data arrival time

                                  0.000000    0.000000   clock clk_i (rise edge)
                                  0.000000    0.000000   clock source latency
     2    0.082968    0.000000    0.000000    0.000000 ^ clk_i (in)
                                                         clk_i (net)
                      0.016545    0.008272    0.008272 ^ clkbuf_0_clk_i/A (sky130_fd_sc_hd__clkbuf_16)
     2    0.041654    0.046201    0.093291    0.101564 ^ clkbuf_0_clk_i/X (sky130_fd_sc_hd__clkbuf_16)
                                                         clknet_0_clk_i (net)
                      0.046409    0.002376    0.103940 ^ clkbuf_1_0__f_clk_i/A (sky130_fd_sc_hd__clkbuf_16)
     1    0.066718    0.063087    0.107435    0.211374 ^ clkbuf_1_0__f_clk_i/X (sky130_fd_sc_hd__clkbuf_16)
                                                         clknet_1_0__leaf_clk_i (net)
                      0.102866    0.022702    0.234076 ^ u_sram/clk0 (sky130_sram_1kbyte_1rw1r_32x256_8)
                                  0.250000    0.484076   clock uncertainty
                                  0.000000    0.484076   clock reconvergence pessimism
                                 -0.056000    0.428076   library hold time
                                              0.428076   data required time
---------------------------------------------------------------------------------------------
                                              0.428076   data required time
                                             -2.000630   data arrival time
---------------------------------------------------------------------------------------------
                                              1.572554   slack (MET)


Startpoint: axi_wdata_i[28] (input port clocked by clk_i)
Endpoint: u_sram (falling edge-triggered flip-flop clocked by clk_i)
Path Group: clk_i
Path Type: min

Fanout         Cap        Slew       Delay        Time   Description
---------------------------------------------------------------------------------------------
                                  0.000000    0.000000   clock clk_i (rise edge)
                                  0.000000    0.000000   clock network delay (propagated)
                                  2.000000    2.000000 ^ input external delay
     1    0.014834    0.000000    0.000000    2.000000 ^ axi_wdata_i[28] (in)
                                                         axi_wdata_i[28] (net)
                      0.002702    0.000639    2.000639 ^ u_sram/din0[28] (sky130_sram_1kbyte_1rw1r_32x256_8)
                                              2.000639   data arrival time

                                  0.000000    0.000000   clock clk_i (rise edge)
                                  0.000000    0.000000   clock source latency
     2    0.082968    0.000000    0.000000    0.000000 ^ clk_i (in)
                                                         clk_i (net)
                      0.016545    0.008272    0.008272 ^ clkbuf_0_clk_i/A (sky130_fd_sc_hd__clkbuf_16)
     2    0.041654    0.046201    0.093291    0.101564 ^ clkbuf_0_clk_i/X (sky130_fd_sc_hd__clkbuf_16)
                                                         clknet_0_clk_i (net)
                      0.046409    0.002376    0.103940 ^ clkbuf_1_0__f_clk_i/A (sky130_fd_sc_hd__clkbuf_16)
     1    0.066718    0.063087    0.107435    0.211374 ^ clkbuf_1_0__f_clk_i/X (sky130_fd_sc_hd__clkbuf_16)
                                                         clknet_1_0__leaf_clk_i (net)
                      0.102866    0.022702    0.234076 ^ u_sram/clk0 (sky130_sram_1kbyte_1rw1r_32x256_8)
                                  0.250000    0.484076   clock uncertainty
                                  0.000000    0.484076   clock reconvergence pessimism
                                 -0.056000    0.428076   library hold time
                                              0.428076   data required time
---------------------------------------------------------------------------------------------
                                              0.428076   data required time
                                             -2.000639   data arrival time
---------------------------------------------------------------------------------------------
                                              1.572563   slack (MET)


Startpoint: axi_wdata_i[16] (input port clocked by clk_i)
Endpoint: u_sram (falling edge-triggered flip-flop clocked by clk_i)
Path Group: clk_i
Path Type: min

Fanout         Cap        Slew       Delay        Time   Description
---------------------------------------------------------------------------------------------
                                  0.000000    0.000000   clock clk_i (rise edge)
                                  0.000000    0.000000   clock network delay (propagated)
                                  2.000000    2.000000 ^ input external delay
     1    0.015344    0.000000    0.000000    2.000000 ^ axi_wdata_i[16] (in)
                                                         axi_wdata_i[16] (net)
                      0.002790    0.000660    2.000660 ^ u_sram/din0[16] (sky130_sram_1kbyte_1rw1r_32x256_8)
                                              2.000660   data arrival time

                                  0.000000    0.000000   clock clk_i (rise edge)
                                  0.000000    0.000000   clock source latency
     2    0.082968    0.000000    0.000000    0.000000 ^ clk_i (in)
                                                         clk_i (net)
                      0.016545    0.008272    0.008272 ^ clkbuf_0_clk_i/A (sky130_fd_sc_hd__clkbuf_16)
     2    0.041654    0.046201    0.093291    0.101564 ^ clkbuf_0_clk_i/X (sky130_fd_sc_hd__clkbuf_16)
                                                         clknet_0_clk_i (net)
                      0.046409    0.002376    0.103940 ^ clkbuf_1_0__f_clk_i/A (sky130_fd_sc_hd__clkbuf_16)
     1    0.066718    0.063087    0.107435    0.211374 ^ clkbuf_1_0__f_clk_i/X (sky130_fd_sc_hd__clkbuf_16)
                                                         clknet_1_0__leaf_clk_i (net)
                      0.102866    0.022702    0.234076 ^ u_sram/clk0 (sky130_sram_1kbyte_1rw1r_32x256_8)
                                  0.250000    0.484076   clock uncertainty
                                  0.000000    0.484076   clock reconvergence pessimism
                                 -0.056000    0.428076   library hold time
                                              0.428076   data required time
---------------------------------------------------------------------------------------------
                                              0.428076   data required time
                                             -2.000660   data arrival time
---------------------------------------------------------------------------------------------
                                              1.572584   slack (MET)


Startpoint: axi_wdata_i[20] (input port clocked by clk_i)
Endpoint: u_sram (falling edge-triggered flip-flop clocked by clk_i)
Path Group: clk_i
Path Type: min

Fanout         Cap        Slew       Delay        Time   Description
---------------------------------------------------------------------------------------------
                                  0.000000    0.000000   clock clk_i (rise edge)
                                  0.000000    0.000000   clock network delay (propagated)
                                  2.000000    2.000000 ^ input external delay
     1    0.015314    0.000000    0.000000    2.000000 ^ axi_wdata_i[20] (in)
                                                         axi_wdata_i[20] (net)
                      0.002784    0.000659    2.000659 ^ u_sram/din0[20] (sky130_sram_1kbyte_1rw1r_32x256_8)
                                              2.000659   data arrival time

                                  0.000000    0.000000   clock clk_i (rise edge)
                                  0.000000    0.000000   clock source latency
     2    0.082968    0.000000    0.000000    0.000000 ^ clk_i (in)
                                                         clk_i (net)
                      0.016545    0.008272    0.008272 ^ clkbuf_0_clk_i/A (sky130_fd_sc_hd__clkbuf_16)
     2    0.041654    0.046201    0.093291    0.101564 ^ clkbuf_0_clk_i/X (sky130_fd_sc_hd__clkbuf_16)
                                                         clknet_0_clk_i (net)
                      0.046409    0.002376    0.103940 ^ clkbuf_1_0__f_clk_i/A (sky130_fd_sc_hd__clkbuf_16)
     1    0.066718    0.063087    0.107435    0.211374 ^ clkbuf_1_0__f_clk_i/X (sky130_fd_sc_hd__clkbuf_16)
                                                         clknet_1_0__leaf_clk_i (net)
                      0.102866    0.022702    0.234076 ^ u_sram/clk0 (sky130_sram_1kbyte_1rw1r_32x256_8)
                                  0.250000    0.484076   clock uncertainty
                                  0.000000    0.484076   clock reconvergence pessimism
                                 -0.056000    0.428076   library hold time
                                              0.428076   data required time
---------------------------------------------------------------------------------------------
                                              0.428076   data required time
                                             -2.000659   data arrival time
---------------------------------------------------------------------------------------------
                                              1.572582   slack (MET)


Startpoint: axi_wdata_i[17] (input port clocked by clk_i)
Endpoint: u_sram (falling edge-triggered flip-flop clocked by clk_i)
Path Group: clk_i
Path Type: min

Fanout         Cap        Slew       Delay        Time   Description
---------------------------------------------------------------------------------------------
                                  0.000000    0.000000   clock clk_i (rise edge)
                                  0.000000    0.000000   clock network delay (propagated)
                                  2.000000    2.000000 ^ input external delay
     1    0.015345    0.000000    0.000000    2.000000 ^ axi_wdata_i[17] (in)
                                                         axi_wdata_i[17] (net)
                      0.002792    0.000661    2.000661 ^ u_sram/din0[17] (sky130_sram_1kbyte_1rw1r_32x256_8)
                                              2.000661   data arrival time

                                  0.000000    0.000000   clock clk_i (rise edge)
                                  0.000000    0.000000   clock source latency
     2    0.082968    0.000000    0.000000    0.000000 ^ clk_i (in)
                                                         clk_i (net)
                      0.016545    0.008272    0.008272 ^ clkbuf_0_clk_i/A (sky130_fd_sc_hd__clkbuf_16)
     2    0.041654    0.046201    0.093291    0.101564 ^ clkbuf_0_clk_i/X (sky130_fd_sc_hd__clkbuf_16)
                                                         clknet_0_clk_i (net)
                      0.046409    0.002376    0.103940 ^ clkbuf_1_0__f_clk_i/A (sky130_fd_sc_hd__clkbuf_16)
     1    0.066718    0.063087    0.107435    0.211374 ^ clkbuf_1_0__f_clk_i/X (sky130_fd_sc_hd__clkbuf_16)
                                                         clknet_1_0__leaf_clk_i (net)
                      0.102866    0.022702    0.234076 ^ u_sram/clk0 (sky130_sram_1kbyte_1rw1r_32x256_8)
                                  0.250000    0.484076   clock uncertainty
                                  0.000000    0.484076   clock reconvergence pessimism
                                 -0.056000    0.428076   library hold time
                                              0.428076   data required time
---------------------------------------------------------------------------------------------
                                              0.428076   data required time
                                             -2.000661   data arrival time
---------------------------------------------------------------------------------------------
                                              1.572584   slack (MET)


Startpoint: axi_wdata_i[18] (input port clocked by clk_i)
Endpoint: u_sram (falling edge-triggered flip-flop clocked by clk_i)
Path Group: clk_i
Path Type: min

Fanout         Cap        Slew       Delay        Time   Description
---------------------------------------------------------------------------------------------
                                  0.000000    0.000000   clock clk_i (rise edge)
                                  0.000000    0.000000   clock network delay (propagated)
                                  2.000000    2.000000 ^ input external delay
     1    0.015366    0.000000    0.000000    2.000000 ^ axi_wdata_i[18] (in)
                                                         axi_wdata_i[18] (net)
                      0.002797    0.000662    2.000662 ^ u_sram/din0[18] (sky130_sram_1kbyte_1rw1r_32x256_8)
                                              2.000662   data arrival time

                                  0.000000    0.000000   clock clk_i (rise edge)
                                  0.000000    0.000000   clock source latency
     2    0.082968    0.000000    0.000000    0.000000 ^ clk_i (in)
                                                         clk_i (net)
                      0.016545    0.008272    0.008272 ^ clkbuf_0_clk_i/A (sky130_fd_sc_hd__clkbuf_16)
     2    0.041654    0.046201    0.093291    0.101564 ^ clkbuf_0_clk_i/X (sky130_fd_sc_hd__clkbuf_16)
                                                         clknet_0_clk_i (net)
                      0.046409    0.002376    0.103940 ^ clkbuf_1_0__f_clk_i/A (sky130_fd_sc_hd__clkbuf_16)
     1    0.066718    0.063087    0.107435    0.211374 ^ clkbuf_1_0__f_clk_i/X (sky130_fd_sc_hd__clkbuf_16)
                                                         clknet_1_0__leaf_clk_i (net)
                      0.102866    0.022702    0.234076 ^ u_sram/clk0 (sky130_sram_1kbyte_1rw1r_32x256_8)
                                  0.250000    0.484076   clock uncertainty
                                  0.000000    0.484076   clock reconvergence pessimism
                                 -0.056000    0.428076   library hold time
                                              0.428076   data required time
---------------------------------------------------------------------------------------------
                                              0.428076   data required time
                                             -2.000662   data arrival time
---------------------------------------------------------------------------------------------
                                              1.572585   slack (MET)


Startpoint: axi_wdata_i[22] (input port clocked by clk_i)
Endpoint: u_sram (falling edge-triggered flip-flop clocked by clk_i)
Path Group: clk_i
Path Type: min

Fanout         Cap        Slew       Delay        Time   Description
---------------------------------------------------------------------------------------------
                                  0.000000    0.000000   clock clk_i (rise edge)
                                  0.000000    0.000000   clock network delay (propagated)
                                  2.000000    2.000000 ^ input external delay
     1    0.015359    0.000000    0.000000    2.000000 ^ axi_wdata_i[22] (in)
                                                         axi_wdata_i[22] (net)
                      0.002794    0.000661    2.000661 ^ u_sram/din0[22] (sky130_sram_1kbyte_1rw1r_32x256_8)
                                              2.000661   data arrival time

                                  0.000000    0.000000   clock clk_i (rise edge)
                                  0.000000    0.000000   clock source latency
     2    0.082968    0.000000    0.000000    0.000000 ^ clk_i (in)
                                                         clk_i (net)
                      0.016545    0.008272    0.008272 ^ clkbuf_0_clk_i/A (sky130_fd_sc_hd__clkbuf_16)
     2    0.041654    0.046201    0.093291    0.101564 ^ clkbuf_0_clk_i/X (sky130_fd_sc_hd__clkbuf_16)
                                                         clknet_0_clk_i (net)
                      0.046409    0.002376    0.103940 ^ clkbuf_1_0__f_clk_i/A (sky130_fd_sc_hd__clkbuf_16)
     1    0.066718    0.063087    0.107435    0.211374 ^ clkbuf_1_0__f_clk_i/X (sky130_fd_sc_hd__clkbuf_16)
                                                         clknet_1_0__leaf_clk_i (net)
                      0.102866    0.022702    0.234076 ^ u_sram/clk0 (sky130_sram_1kbyte_1rw1r_32x256_8)
                                  0.250000    0.484076   clock uncertainty
                                  0.000000    0.484076   clock reconvergence pessimism
                                 -0.056000    0.428076   library hold time
                                              0.428076   data required time
---------------------------------------------------------------------------------------------
                                              0.428076   data required time
                                             -2.000661   data arrival time
---------------------------------------------------------------------------------------------
                                              1.572585   slack (MET)


Startpoint: axi_wdata_i[29] (input port clocked by clk_i)
Endpoint: u_sram (falling edge-triggered flip-flop clocked by clk_i)
Path Group: clk_i
Path Type: min

Fanout         Cap        Slew       Delay        Time   Description
---------------------------------------------------------------------------------------------
                                  0.000000    0.000000   clock clk_i (rise edge)
                                  0.000000    0.000000   clock network delay (propagated)
                                  2.000000    2.000000 ^ input external delay
     1    0.015342    0.000000    0.000000    2.000000 ^ axi_wdata_i[29] (in)
                                                         axi_wdata_i[29] (net)
                      0.002789    0.000660    2.000660 ^ u_sram/din0[29] (sky130_sram_1kbyte_1rw1r_32x256_8)
                                              2.000660   data arrival time

                                  0.000000    0.000000   clock clk_i (rise edge)
                                  0.000000    0.000000   clock source latency
     2    0.082968    0.000000    0.000000    0.000000 ^ clk_i (in)
                                                         clk_i (net)
                      0.016545    0.008272    0.008272 ^ clkbuf_0_clk_i/A (sky130_fd_sc_hd__clkbuf_16)
     2    0.041654    0.046201    0.093291    0.101564 ^ clkbuf_0_clk_i/X (sky130_fd_sc_hd__clkbuf_16)
                                                         clknet_0_clk_i (net)
                      0.046409    0.002376    0.103940 ^ clkbuf_1_0__f_clk_i/A (sky130_fd_sc_hd__clkbuf_16)
     1    0.066718    0.063087    0.107435    0.211374 ^ clkbuf_1_0__f_clk_i/X (sky130_fd_sc_hd__clkbuf_16)
                                                         clknet_1_0__leaf_clk_i (net)
                      0.102866    0.022702    0.234076 ^ u_sram/clk0 (sky130_sram_1kbyte_1rw1r_32x256_8)
                                  0.250000    0.484076   clock uncertainty
                                  0.000000    0.484076   clock reconvergence pessimism
                                 -0.056000    0.428076   library hold time
                                              0.428076   data required time
---------------------------------------------------------------------------------------------
                                              0.428076   data required time
                                             -2.000660   data arrival time
---------------------------------------------------------------------------------------------
                                              1.572584   slack (MET)


Startpoint: axi_wdata_i[26] (input port clocked by clk_i)
Endpoint: u_sram (falling edge-triggered flip-flop clocked by clk_i)
Path Group: clk_i
Path Type: min

Fanout         Cap        Slew       Delay        Time   Description
---------------------------------------------------------------------------------------------
                                  0.000000    0.000000   clock clk_i (rise edge)
                                  0.000000    0.000000   clock network delay (propagated)
                                  2.000000    2.000000 ^ input external delay
     1    0.015382    0.000000    0.000000    2.000000 ^ axi_wdata_i[26] (in)
                                                         axi_wdata_i[26] (net)
                      0.002799    0.000662    2.000662 ^ u_sram/din0[26] (sky130_sram_1kbyte_1rw1r_32x256_8)
                                              2.000662   data arrival time

                                  0.000000    0.000000   clock clk_i (rise edge)
                                  0.000000    0.000000   clock source latency
     2    0.082968    0.000000    0.000000    0.000000 ^ clk_i (in)
                                                         clk_i (net)
                      0.016545    0.008272    0.008272 ^ clkbuf_0_clk_i/A (sky130_fd_sc_hd__clkbuf_16)
     2    0.041654    0.046201    0.093291    0.101564 ^ clkbuf_0_clk_i/X (sky130_fd_sc_hd__clkbuf_16)
                                                         clknet_0_clk_i (net)
                      0.046409    0.002376    0.103940 ^ clkbuf_1_0__f_clk_i/A (sky130_fd_sc_hd__clkbuf_16)
     1    0.066718    0.063087    0.107435    0.211374 ^ clkbuf_1_0__f_clk_i/X (sky130_fd_sc_hd__clkbuf_16)
                                                         clknet_1_0__leaf_clk_i (net)
                      0.102866    0.022702    0.234076 ^ u_sram/clk0 (sky130_sram_1kbyte_1rw1r_32x256_8)
                                  0.250000    0.484076   clock uncertainty
                                  0.000000    0.484076   clock reconvergence pessimism
                                 -0.056000    0.428076   library hold time
                                              0.428076   data required time
---------------------------------------------------------------------------------------------
                                              0.428076   data required time
                                             -2.000662   data arrival time
---------------------------------------------------------------------------------------------
                                              1.572586   slack (MET)


Startpoint: axi_wdata_i[19] (input port clocked by clk_i)
Endpoint: u_sram (falling edge-triggered flip-flop clocked by clk_i)
Path Group: clk_i
Path Type: min

Fanout         Cap        Slew       Delay        Time   Description
---------------------------------------------------------------------------------------------
                                  0.000000    0.000000   clock clk_i (rise edge)
                                  0.000000    0.000000   clock network delay (propagated)
                                  2.000000    2.000000 ^ input external delay
     1    0.015448    0.000000    0.000000    2.000000 ^ axi_wdata_i[19] (in)
                                                         axi_wdata_i[19] (net)
                      0.002832    0.000670    2.000670 ^ u_sram/din0[19] (sky130_sram_1kbyte_1rw1r_32x256_8)
                                              2.000670   data arrival time

                                  0.000000    0.000000   clock clk_i (rise edge)
                                  0.000000    0.000000   clock source latency
     2    0.082968    0.000000    0.000000    0.000000 ^ clk_i (in)
                                                         clk_i (net)
                      0.016545    0.008272    0.008272 ^ clkbuf_0_clk_i/A (sky130_fd_sc_hd__clkbuf_16)
     2    0.041654    0.046201    0.093291    0.101564 ^ clkbuf_0_clk_i/X (sky130_fd_sc_hd__clkbuf_16)
                                                         clknet_0_clk_i (net)
                      0.046409    0.002376    0.103940 ^ clkbuf_1_0__f_clk_i/A (sky130_fd_sc_hd__clkbuf_16)
     1    0.066718    0.063087    0.107435    0.211374 ^ clkbuf_1_0__f_clk_i/X (sky130_fd_sc_hd__clkbuf_16)
                                                         clknet_1_0__leaf_clk_i (net)
                      0.102866    0.022702    0.234076 ^ u_sram/clk0 (sky130_sram_1kbyte_1rw1r_32x256_8)
                                  0.250000    0.484076   clock uncertainty
                                  0.000000    0.484076   clock reconvergence pessimism
                                 -0.056000    0.428076   library hold time
                                              0.428076   data required time
---------------------------------------------------------------------------------------------
                                              0.428076   data required time
                                             -2.000670   data arrival time
---------------------------------------------------------------------------------------------
                                              1.572594   slack (MET)


Startpoint: axi_wdata_i[21] (input port clocked by clk_i)
Endpoint: u_sram (falling edge-triggered flip-flop clocked by clk_i)
Path Group: clk_i
Path Type: min

Fanout         Cap        Slew       Delay        Time   Description
---------------------------------------------------------------------------------------------
                                  0.000000    0.000000   clock clk_i (rise edge)
                                  0.000000    0.000000   clock network delay (propagated)
                                  2.000000    2.000000 ^ input external delay
     1    0.015599    0.000000    0.000000    2.000000 ^ axi_wdata_i[21] (in)
                                                         axi_wdata_i[21] (net)
                      0.002844    0.000673    2.000673 ^ u_sram/din0[21] (sky130_sram_1kbyte_1rw1r_32x256_8)
                                              2.000673   data arrival time

                                  0.000000    0.000000   clock clk_i (rise edge)
                                  0.000000    0.000000   clock source latency
     2    0.082968    0.000000    0.000000    0.000000 ^ clk_i (in)
                                                         clk_i (net)
                      0.016545    0.008272    0.008272 ^ clkbuf_0_clk_i/A (sky130_fd_sc_hd__clkbuf_16)
     2    0.041654    0.046201    0.093291    0.101564 ^ clkbuf_0_clk_i/X (sky130_fd_sc_hd__clkbuf_16)
                                                         clknet_0_clk_i (net)
                      0.046409    0.002376    0.103940 ^ clkbuf_1_0__f_clk_i/A (sky130_fd_sc_hd__clkbuf_16)
     1    0.066718    0.063087    0.107435    0.211374 ^ clkbuf_1_0__f_clk_i/X (sky130_fd_sc_hd__clkbuf_16)
                                                         clknet_1_0__leaf_clk_i (net)
                      0.102866    0.022702    0.234076 ^ u_sram/clk0 (sky130_sram_1kbyte_1rw1r_32x256_8)
                                  0.250000    0.484076   clock uncertainty
                                  0.000000    0.484076   clock reconvergence pessimism
                                 -0.056000    0.428076   library hold time
                                              0.428076   data required time
---------------------------------------------------------------------------------------------
                                              0.428076   data required time
                                             -2.000673   data arrival time
---------------------------------------------------------------------------------------------
                                              1.572596   slack (MET)


Startpoint: axi_wdata_i[6] (input port clocked by clk_i)
Endpoint: u_sram (falling edge-triggered flip-flop clocked by clk_i)
Path Group: clk_i
Path Type: min

Fanout         Cap        Slew       Delay        Time   Description
---------------------------------------------------------------------------------------------
                                  0.000000    0.000000   clock clk_i (rise edge)
                                  0.000000    0.000000   clock network delay (propagated)
                                  2.000000    2.000000 ^ input external delay
     1    0.015609    0.000000    0.000000    2.000000 ^ axi_wdata_i[6] (in)
                                                         axi_wdata_i[6] (net)
                      0.002845    0.000673    2.000673 ^ u_sram/din0[6] (sky130_sram_1kbyte_1rw1r_32x256_8)
                                              2.000673   data arrival time

                                  0.000000    0.000000   clock clk_i (rise edge)
                                  0.000000    0.000000   clock source latency
     2    0.082968    0.000000    0.000000    0.000000 ^ clk_i (in)
                                                         clk_i (net)
                      0.016545    0.008272    0.008272 ^ clkbuf_0_clk_i/A (sky130_fd_sc_hd__clkbuf_16)
     2    0.041654    0.046201    0.093291    0.101564 ^ clkbuf_0_clk_i/X (sky130_fd_sc_hd__clkbuf_16)
                                                         clknet_0_clk_i (net)
                      0.046409    0.002376    0.103940 ^ clkbuf_1_0__f_clk_i/A (sky130_fd_sc_hd__clkbuf_16)
     1    0.066718    0.063087    0.107435    0.211374 ^ clkbuf_1_0__f_clk_i/X (sky130_fd_sc_hd__clkbuf_16)
                                                         clknet_1_0__leaf_clk_i (net)
                      0.102866    0.022702    0.234076 ^ u_sram/clk0 (sky130_sram_1kbyte_1rw1r_32x256_8)
                                  0.250000    0.484076   clock uncertainty
                                  0.000000    0.484076   clock reconvergence pessimism
                                 -0.056000    0.428076   library hold time
                                              0.428076   data required time
---------------------------------------------------------------------------------------------
                                              0.428076   data required time
                                             -2.000673   data arrival time
---------------------------------------------------------------------------------------------
                                              1.572597   slack (MET)


Startpoint: axi_wdata_i[7] (input port clocked by clk_i)
Endpoint: u_sram (falling edge-triggered flip-flop clocked by clk_i)
Path Group: clk_i
Path Type: min

Fanout         Cap        Slew       Delay        Time   Description
---------------------------------------------------------------------------------------------
                                  0.000000    0.000000   clock clk_i (rise edge)
                                  0.000000    0.000000   clock network delay (propagated)
                                  2.000000    2.000000 ^ input external delay
     1    0.015606    0.000000    0.000000    2.000000 ^ axi_wdata_i[7] (in)
                                                         axi_wdata_i[7] (net)
                      0.002846    0.000673    2.000673 ^ u_sram/din0[7] (sky130_sram_1kbyte_1rw1r_32x256_8)
                                              2.000673   data arrival time

                                  0.000000    0.000000   clock clk_i (rise edge)
                                  0.000000    0.000000   clock source latency
     2    0.082968    0.000000    0.000000    0.000000 ^ clk_i (in)
                                                         clk_i (net)
                      0.016545    0.008272    0.008272 ^ clkbuf_0_clk_i/A (sky130_fd_sc_hd__clkbuf_16)
     2    0.041654    0.046201    0.093291    0.101564 ^ clkbuf_0_clk_i/X (sky130_fd_sc_hd__clkbuf_16)
                                                         clknet_0_clk_i (net)
                      0.046409    0.002376    0.103940 ^ clkbuf_1_0__f_clk_i/A (sky130_fd_sc_hd__clkbuf_16)
     1    0.066718    0.063087    0.107435    0.211374 ^ clkbuf_1_0__f_clk_i/X (sky130_fd_sc_hd__clkbuf_16)
                                                         clknet_1_0__leaf_clk_i (net)
                      0.102866    0.022702    0.234076 ^ u_sram/clk0 (sky130_sram_1kbyte_1rw1r_32x256_8)
                                  0.250000    0.484076   clock uncertainty
                                  0.000000    0.484076   clock reconvergence pessimism
                                 -0.056000    0.428076   library hold time
                                              0.428076   data required time
---------------------------------------------------------------------------------------------
                                              0.428076   data required time
                                             -2.000673   data arrival time
---------------------------------------------------------------------------------------------
                                              1.572597   slack (MET)


Startpoint: axi_wdata_i[8] (input port clocked by clk_i)
Endpoint: u_sram (falling edge-triggered flip-flop clocked by clk_i)
Path Group: clk_i
Path Type: min

Fanout         Cap        Slew       Delay        Time   Description
---------------------------------------------------------------------------------------------
                                  0.000000    0.000000   clock clk_i (rise edge)
                                  0.000000    0.000000   clock network delay (propagated)
                                  2.000000    2.000000 ^ input external delay
     1    0.015590    0.000000    0.000000    2.000000 ^ axi_wdata_i[8] (in)
                                                         axi_wdata_i[8] (net)
                      0.002840    0.000672    2.000672 ^ u_sram/din0[8] (sky130_sram_1kbyte_1rw1r_32x256_8)
                                              2.000672   data arrival time

                                  0.000000    0.000000   clock clk_i (rise edge)
                                  0.000000    0.000000   clock source latency
     2    0.082968    0.000000    0.000000    0.000000 ^ clk_i (in)
                                                         clk_i (net)
                      0.016545    0.008272    0.008272 ^ clkbuf_0_clk_i/A (sky130_fd_sc_hd__clkbuf_16)
     2    0.041654    0.046201    0.093291    0.101564 ^ clkbuf_0_clk_i/X (sky130_fd_sc_hd__clkbuf_16)
                                                         clknet_0_clk_i (net)
                      0.046409    0.002376    0.103940 ^ clkbuf_1_0__f_clk_i/A (sky130_fd_sc_hd__clkbuf_16)
     1    0.066718    0.063087    0.107435    0.211374 ^ clkbuf_1_0__f_clk_i/X (sky130_fd_sc_hd__clkbuf_16)
                                                         clknet_1_0__leaf_clk_i (net)
                      0.102866    0.022702    0.234076 ^ u_sram/clk0 (sky130_sram_1kbyte_1rw1r_32x256_8)
                                  0.250000    0.484076   clock uncertainty
                                  0.000000    0.484076   clock reconvergence pessimism
                                 -0.056000    0.428076   library hold time
                                              0.428076   data required time
---------------------------------------------------------------------------------------------
                                              0.428076   data required time
                                             -2.000672   data arrival time
---------------------------------------------------------------------------------------------
                                              1.572596   slack (MET)


Startpoint: axi_wdata_i[23] (input port clocked by clk_i)
Endpoint: u_sram (falling edge-triggered flip-flop clocked by clk_i)
Path Group: clk_i
Path Type: min

Fanout         Cap        Slew       Delay        Time   Description
---------------------------------------------------------------------------------------------
                                  0.000000    0.000000   clock clk_i (rise edge)
                                  0.000000    0.000000   clock network delay (propagated)
                                  2.000000    2.000000 ^ input external delay
     1    0.015668    0.000000    0.000000    2.000000 ^ axi_wdata_i[23] (in)
                                                         axi_wdata_i[23] (net)
                      0.002875    0.000680    2.000680 ^ u_sram/din0[23] (sky130_sram_1kbyte_1rw1r_32x256_8)
                                              2.000680   data arrival time

                                  0.000000    0.000000   clock clk_i (rise edge)
                                  0.000000    0.000000   clock source latency
     2    0.082968    0.000000    0.000000    0.000000 ^ clk_i (in)
                                                         clk_i (net)
                      0.016545    0.008272    0.008272 ^ clkbuf_0_clk_i/A (sky130_fd_sc_hd__clkbuf_16)
     2    0.041654    0.046201    0.093291    0.101564 ^ clkbuf_0_clk_i/X (sky130_fd_sc_hd__clkbuf_16)
                                                         clknet_0_clk_i (net)
                      0.046409    0.002376    0.103940 ^ clkbuf_1_0__f_clk_i/A (sky130_fd_sc_hd__clkbuf_16)
     1    0.066718    0.063087    0.107435    0.211374 ^ clkbuf_1_0__f_clk_i/X (sky130_fd_sc_hd__clkbuf_16)
                                                         clknet_1_0__leaf_clk_i (net)
                      0.102866    0.022702    0.234076 ^ u_sram/clk0 (sky130_sram_1kbyte_1rw1r_32x256_8)
                                  0.250000    0.484076   clock uncertainty
                                  0.000000    0.484076   clock reconvergence pessimism
                                 -0.056000    0.428076   library hold time
                                              0.428076   data required time
---------------------------------------------------------------------------------------------
                                              0.428076   data required time
                                             -2.000680   data arrival time
---------------------------------------------------------------------------------------------
                                              1.572604   slack (MET)


Startpoint: axi_wdata_i[13] (input port clocked by clk_i)
Endpoint: u_sram (falling edge-triggered flip-flop clocked by clk_i)
Path Group: clk_i
Path Type: min

Fanout         Cap        Slew       Delay        Time   Description
---------------------------------------------------------------------------------------------
                                  0.000000    0.000000   clock clk_i (rise edge)
                                  0.000000    0.000000   clock network delay (propagated)
                                  2.000000    2.000000 ^ input external delay
     1    0.015863    0.000000    0.000000    2.000000 ^ axi_wdata_i[13] (in)
                                                         axi_wdata_i[13] (net)
                      0.002918    0.000690    2.000690 ^ u_sram/din0[13] (sky130_sram_1kbyte_1rw1r_32x256_8)
                                              2.000690   data arrival time

                                  0.000000    0.000000   clock clk_i (rise edge)
                                  0.000000    0.000000   clock source latency
     2    0.082968    0.000000    0.000000    0.000000 ^ clk_i (in)
                                                         clk_i (net)
                      0.016545    0.008272    0.008272 ^ clkbuf_0_clk_i/A (sky130_fd_sc_hd__clkbuf_16)
     2    0.041654    0.046201    0.093291    0.101564 ^ clkbuf_0_clk_i/X (sky130_fd_sc_hd__clkbuf_16)
                                                         clknet_0_clk_i (net)
                      0.046409    0.002376    0.103940 ^ clkbuf_1_0__f_clk_i/A (sky130_fd_sc_hd__clkbuf_16)
     1    0.066718    0.063087    0.107435    0.211374 ^ clkbuf_1_0__f_clk_i/X (sky130_fd_sc_hd__clkbuf_16)
                                                         clknet_1_0__leaf_clk_i (net)
                      0.102866    0.022702    0.234076 ^ u_sram/clk0 (sky130_sram_1kbyte_1rw1r_32x256_8)
                                  0.250000    0.484076   clock uncertainty
                                  0.000000    0.484076   clock reconvergence pessimism
                                 -0.056000    0.428076   library hold time
                                              0.428076   data required time
---------------------------------------------------------------------------------------------
                                              0.428076   data required time
                                             -2.000690   data arrival time
---------------------------------------------------------------------------------------------
                                              1.572614   slack (MET)


Startpoint: axi_wdata_i[9] (input port clocked by clk_i)
Endpoint: u_sram (falling edge-triggered flip-flop clocked by clk_i)
Path Group: clk_i
Path Type: min

Fanout         Cap        Slew       Delay        Time   Description
---------------------------------------------------------------------------------------------
                                  0.000000    0.000000   clock clk_i (rise edge)
                                  0.000000    0.000000   clock network delay (propagated)
                                  2.000000    2.000000 ^ input external delay
     1    0.015868    0.000000    0.000000    2.000000 ^ axi_wdata_i[9] (in)
                                                         axi_wdata_i[9] (net)
                      0.002923    0.000692    2.000692 ^ u_sram/din0[9] (sky130_sram_1kbyte_1rw1r_32x256_8)
                                              2.000692   data arrival time

                                  0.000000    0.000000   clock clk_i (rise edge)
                                  0.000000    0.000000   clock source latency
     2    0.082968    0.000000    0.000000    0.000000 ^ clk_i (in)
                                                         clk_i (net)
                      0.016545    0.008272    0.008272 ^ clkbuf_0_clk_i/A (sky130_fd_sc_hd__clkbuf_16)
     2    0.041654    0.046201    0.093291    0.101564 ^ clkbuf_0_clk_i/X (sky130_fd_sc_hd__clkbuf_16)
                                                         clknet_0_clk_i (net)
                      0.046409    0.002376    0.103940 ^ clkbuf_1_0__f_clk_i/A (sky130_fd_sc_hd__clkbuf_16)
     1    0.066718    0.063087    0.107435    0.211374 ^ clkbuf_1_0__f_clk_i/X (sky130_fd_sc_hd__clkbuf_16)
                                                         clknet_1_0__leaf_clk_i (net)
                      0.102866    0.022702    0.234076 ^ u_sram/clk0 (sky130_sram_1kbyte_1rw1r_32x256_8)
                                  0.250000    0.484076   clock uncertainty
                                  0.000000    0.484076   clock reconvergence pessimism
                                 -0.056000    0.428076   library hold time
                                              0.428076   data required time
---------------------------------------------------------------------------------------------
                                              0.428076   data required time
                                             -2.000692   data arrival time
---------------------------------------------------------------------------------------------
                                              1.572615   slack (MET)


Startpoint: axi_wdata_i[11] (input port clocked by clk_i)
Endpoint: u_sram (falling edge-triggered flip-flop clocked by clk_i)
Path Group: clk_i
Path Type: min

Fanout         Cap        Slew       Delay        Time   Description
---------------------------------------------------------------------------------------------
                                  0.000000    0.000000   clock clk_i (rise edge)
                                  0.000000    0.000000   clock network delay (propagated)
                                  2.000000    2.000000 ^ input external delay
     1    0.015939    0.000000    0.000000    2.000000 ^ axi_wdata_i[11] (in)
                                                         axi_wdata_i[11] (net)
                      0.002955    0.000699    2.000699 ^ u_sram/din0[11] (sky130_sram_1kbyte_1rw1r_32x256_8)
                                              2.000699   data arrival time

                                  0.000000    0.000000   clock clk_i (rise edge)
                                  0.000000    0.000000   clock source latency
     2    0.082968    0.000000    0.000000    0.000000 ^ clk_i (in)
                                                         clk_i (net)
                      0.016545    0.008272    0.008272 ^ clkbuf_0_clk_i/A (sky130_fd_sc_hd__clkbuf_16)
     2    0.041654    0.046201    0.093291    0.101564 ^ clkbuf_0_clk_i/X (sky130_fd_sc_hd__clkbuf_16)
                                                         clknet_0_clk_i (net)
                      0.046409    0.002376    0.103940 ^ clkbuf_1_0__f_clk_i/A (sky130_fd_sc_hd__clkbuf_16)
     1    0.066718    0.063087    0.107435    0.211374 ^ clkbuf_1_0__f_clk_i/X (sky130_fd_sc_hd__clkbuf_16)
                                                         clknet_1_0__leaf_clk_i (net)
                      0.102866    0.022702    0.234076 ^ u_sram/clk0 (sky130_sram_1kbyte_1rw1r_32x256_8)
                                  0.250000    0.484076   clock uncertainty
                                  0.000000    0.484076   clock reconvergence pessimism
                                 -0.056000    0.428076   library hold time
                                              0.428076   data required time
---------------------------------------------------------------------------------------------
                                              0.428076   data required time
                                             -2.000699   data arrival time
---------------------------------------------------------------------------------------------
                                              1.572623   slack (MET)


Startpoint: axi_wdata_i[27] (input port clocked by clk_i)
Endpoint: u_sram (falling edge-triggered flip-flop clocked by clk_i)
Path Group: clk_i
Path Type: min

Fanout         Cap        Slew       Delay        Time   Description
---------------------------------------------------------------------------------------------
                                  0.000000    0.000000   clock clk_i (rise edge)
                                  0.000000    0.000000   clock network delay (propagated)
                                  2.000000    2.000000 ^ input external delay
     1    0.015935    0.000000    0.000000    2.000000 ^ axi_wdata_i[27] (in)
                                                         axi_wdata_i[27] (net)
                      0.002954    0.000699    2.000699 ^ u_sram/din0[27] (sky130_sram_1kbyte_1rw1r_32x256_8)
                                              2.000699   data arrival time

                                  0.000000    0.000000   clock clk_i (rise edge)
                                  0.000000    0.000000   clock source latency
     2    0.082968    0.000000    0.000000    0.000000 ^ clk_i (in)
                                                         clk_i (net)
                      0.016545    0.008272    0.008272 ^ clkbuf_0_clk_i/A (sky130_fd_sc_hd__clkbuf_16)
     2    0.041654    0.046201    0.093291    0.101564 ^ clkbuf_0_clk_i/X (sky130_fd_sc_hd__clkbuf_16)
                                                         clknet_0_clk_i (net)
                      0.046409    0.002376    0.103940 ^ clkbuf_1_0__f_clk_i/A (sky130_fd_sc_hd__clkbuf_16)
     1    0.066718    0.063087    0.107435    0.211374 ^ clkbuf_1_0__f_clk_i/X (sky130_fd_sc_hd__clkbuf_16)
                                                         clknet_1_0__leaf_clk_i (net)
                      0.102866    0.022702    0.234076 ^ u_sram/clk0 (sky130_sram_1kbyte_1rw1r_32x256_8)
                                  0.250000    0.484076   clock uncertainty
                                  0.000000    0.484076   clock reconvergence pessimism
                                 -0.056000    0.428076   library hold time
                                              0.428076   data required time
---------------------------------------------------------------------------------------------
                                              0.428076   data required time
                                             -2.000699   data arrival time
---------------------------------------------------------------------------------------------
                                              1.572623   slack (MET)


Startpoint: axi_wdata_i[25] (input port clocked by clk_i)
Endpoint: u_sram (falling edge-triggered flip-flop clocked by clk_i)
Path Group: clk_i
Path Type: min

Fanout         Cap        Slew       Delay        Time   Description
---------------------------------------------------------------------------------------------
                                  0.000000    0.000000   clock clk_i (rise edge)
                                  0.000000    0.000000   clock network delay (propagated)
                                  2.000000    2.000000 ^ input external delay
     1    0.016259    0.000000    0.000000    2.000000 ^ axi_wdata_i[25] (in)
                                                         axi_wdata_i[25] (net)
                      0.003008    0.000712    2.000712 ^ u_sram/din0[25] (sky130_sram_1kbyte_1rw1r_32x256_8)
                                              2.000712   data arrival time

                                  0.000000    0.000000   clock clk_i (rise edge)
                                  0.000000    0.000000   clock source latency
     2    0.082968    0.000000    0.000000    0.000000 ^ clk_i (in)
                                                         clk_i (net)
                      0.016545    0.008272    0.008272 ^ clkbuf_0_clk_i/A (sky130_fd_sc_hd__clkbuf_16)
     2    0.041654    0.046201    0.093291    0.101564 ^ clkbuf_0_clk_i/X (sky130_fd_sc_hd__clkbuf_16)
                                                         clknet_0_clk_i (net)
                      0.046409    0.002376    0.103940 ^ clkbuf_1_0__f_clk_i/A (sky130_fd_sc_hd__clkbuf_16)
     1    0.066718    0.063087    0.107435    0.211374 ^ clkbuf_1_0__f_clk_i/X (sky130_fd_sc_hd__clkbuf_16)
                                                         clknet_1_0__leaf_clk_i (net)
                      0.102866    0.022702    0.234076 ^ u_sram/clk0 (sky130_sram_1kbyte_1rw1r_32x256_8)
                                  0.250000    0.484076   clock uncertainty
                                  0.000000    0.484076   clock reconvergence pessimism
                                 -0.056000    0.428076   library hold time
                                              0.428076   data required time
---------------------------------------------------------------------------------------------
                                              0.428076   data required time
                                             -2.000712   data arrival time
---------------------------------------------------------------------------------------------
                                              1.572635   slack (MET)


Startpoint: axi_wdata_i[12] (input port clocked by clk_i)
Endpoint: u_sram (falling edge-triggered flip-flop clocked by clk_i)
Path Group: clk_i
Path Type: min

Fanout         Cap        Slew       Delay        Time   Description
---------------------------------------------------------------------------------------------
                                  0.000000    0.000000   clock clk_i (rise edge)
                                  0.000000    0.000000   clock network delay (propagated)
                                  2.000000    2.000000 ^ input external delay
     1    0.016462    0.000000    0.000000    2.000000 ^ axi_wdata_i[12] (in)
                                                         axi_wdata_i[12] (net)
                      0.003044    0.000720    2.000720 ^ u_sram/din0[12] (sky130_sram_1kbyte_1rw1r_32x256_8)
                                              2.000720   data arrival time

                                  0.000000    0.000000   clock clk_i (rise edge)
                                  0.000000    0.000000   clock source latency
     2    0.082968    0.000000    0.000000    0.000000 ^ clk_i (in)
                                                         clk_i (net)
                      0.016545    0.008272    0.008272 ^ clkbuf_0_clk_i/A (sky130_fd_sc_hd__clkbuf_16)
     2    0.041654    0.046201    0.093291    0.101564 ^ clkbuf_0_clk_i/X (sky130_fd_sc_hd__clkbuf_16)
                                                         clknet_0_clk_i (net)
                      0.046409    0.002376    0.103940 ^ clkbuf_1_0__f_clk_i/A (sky130_fd_sc_hd__clkbuf_16)
     1    0.066718    0.063087    0.107435    0.211374 ^ clkbuf_1_0__f_clk_i/X (sky130_fd_sc_hd__clkbuf_16)
                                                         clknet_1_0__leaf_clk_i (net)
                      0.102866    0.022702    0.234076 ^ u_sram/clk0 (sky130_sram_1kbyte_1rw1r_32x256_8)
                                  0.250000    0.484076   clock uncertainty
                                  0.000000    0.484076   clock reconvergence pessimism
                                 -0.056000    0.428076   library hold time
                                              0.428076   data required time
---------------------------------------------------------------------------------------------
                                              0.428076   data required time
                                             -2.000720   data arrival time
---------------------------------------------------------------------------------------------
                                              1.572644   slack (MET)


Startpoint: axi_wdata_i[10] (input port clocked by clk_i)
Endpoint: u_sram (falling edge-triggered flip-flop clocked by clk_i)
Path Group: clk_i
Path Type: min

Fanout         Cap        Slew       Delay        Time   Description
---------------------------------------------------------------------------------------------
                                  0.000000    0.000000   clock clk_i (rise edge)
                                  0.000000    0.000000   clock network delay (propagated)
                                  2.000000    2.000000 ^ input external delay
     1    0.016506    0.000000    0.000000    2.000000 ^ axi_wdata_i[10] (in)
                                                         axi_wdata_i[10] (net)
                      0.003058    0.000723    2.000723 ^ u_sram/din0[10] (sky130_sram_1kbyte_1rw1r_32x256_8)
                                              2.000723   data arrival time

                                  0.000000    0.000000   clock clk_i (rise edge)
                                  0.000000    0.000000   clock source latency
     2    0.082968    0.000000    0.000000    0.000000 ^ clk_i (in)
                                                         clk_i (net)
                      0.016545    0.008272    0.008272 ^ clkbuf_0_clk_i/A (sky130_fd_sc_hd__clkbuf_16)
     2    0.041654    0.046201    0.093291    0.101564 ^ clkbuf_0_clk_i/X (sky130_fd_sc_hd__clkbuf_16)
                                                         clknet_0_clk_i (net)
                      0.046409    0.002376    0.103940 ^ clkbuf_1_0__f_clk_i/A (sky130_fd_sc_hd__clkbuf_16)
     1    0.066718    0.063087    0.107435    0.211374 ^ clkbuf_1_0__f_clk_i/X (sky130_fd_sc_hd__clkbuf_16)
                                                         clknet_1_0__leaf_clk_i (net)
                      0.102866    0.022702    0.234076 ^ u_sram/clk0 (sky130_sram_1kbyte_1rw1r_32x256_8)
                                  0.250000    0.484076   clock uncertainty
                                  0.000000    0.484076   clock reconvergence pessimism
                                 -0.056000    0.428076   library hold time
                                              0.428076   data required time
---------------------------------------------------------------------------------------------
                                              0.428076   data required time
                                             -2.000723   data arrival time
---------------------------------------------------------------------------------------------
                                              1.572647   slack (MET)


Startpoint: axi_wdata_i[14] (input port clocked by clk_i)
Endpoint: u_sram (falling edge-triggered flip-flop clocked by clk_i)
Path Group: clk_i
Path Type: min

Fanout         Cap        Slew       Delay        Time   Description
---------------------------------------------------------------------------------------------
                                  0.000000    0.000000   clock clk_i (rise edge)
                                  0.000000    0.000000   clock network delay (propagated)
                                  2.000000    2.000000 ^ input external delay
     1    0.016493    0.000000    0.000000    2.000000 ^ axi_wdata_i[14] (in)
                                                         axi_wdata_i[14] (net)
                      0.003052    0.000722    2.000722 ^ u_sram/din0[14] (sky130_sram_1kbyte_1rw1r_32x256_8)
                                              2.000722   data arrival time

                                  0.000000    0.000000   clock clk_i (rise edge)
                                  0.000000    0.000000   clock source latency
     2    0.082968    0.000000    0.000000    0.000000 ^ clk_i (in)
                                                         clk_i (net)
                      0.016545    0.008272    0.008272 ^ clkbuf_0_clk_i/A (sky130_fd_sc_hd__clkbuf_16)
     2    0.041654    0.046201    0.093291    0.101564 ^ clkbuf_0_clk_i/X (sky130_fd_sc_hd__clkbuf_16)
                                                         clknet_0_clk_i (net)
                      0.046409    0.002376    0.103940 ^ clkbuf_1_0__f_clk_i/A (sky130_fd_sc_hd__clkbuf_16)
     1    0.066718    0.063087    0.107435    0.211374 ^ clkbuf_1_0__f_clk_i/X (sky130_fd_sc_hd__clkbuf_16)
                                                         clknet_1_0__leaf_clk_i (net)
                      0.102866    0.022702    0.234076 ^ u_sram/clk0 (sky130_sram_1kbyte_1rw1r_32x256_8)
                                  0.250000    0.484076   clock uncertainty
                                  0.000000    0.484076   clock reconvergence pessimism
                                 -0.056000    0.428076   library hold time
                                              0.428076   data required time
---------------------------------------------------------------------------------------------
                                              0.428076   data required time
                                             -2.000722   data arrival time
---------------------------------------------------------------------------------------------
                                              1.572646   slack (MET)


Startpoint: _46_ (rising edge-triggered flip-flop clocked by clk_i)
Endpoint: axi_bvalid_o (output port clocked by clk_i)
Path Group: clk_i
Path Type: min

Fanout         Cap        Slew       Delay        Time   Description
---------------------------------------------------------------------------------------------
                                  0.000000    0.000000   clock clk_i (rise edge)
                                  0.000000    0.000000   clock source latency
     2    0.082968    0.000000    0.000000    0.000000 ^ clk_i (in)
                                                         clk_i (net)
                      0.009513    0.004756    0.004756 ^ clkbuf_regs_0_clk_i/A (sky130_fd_sc_hd__clkbuf_16)
     1    0.008543    0.023545    0.070604    0.075360 ^ clkbuf_regs_0_clk_i/X (sky130_fd_sc_hd__clkbuf_16)
                                                         clk_i_regs (net)
                      0.023550    0.000671    0.076031 ^ clkbuf_0_clk_i_regs/A (sky130_fd_sc_hd__clkbuf_16)
     2    0.019396    0.030738    0.081661    0.157692 ^ clkbuf_0_clk_i_regs/X (sky130_fd_sc_hd__clkbuf_16)
                                                         clknet_0_clk_i_regs (net)
                      0.030749    0.001048    0.158740 ^ clkbuf_1_1__f_clk_i_regs/A (sky130_fd_sc_hd__clkbuf_16)
     3    0.007854    0.023077    0.076038    0.234778 ^ clkbuf_1_1__f_clk_i_regs/X (sky130_fd_sc_hd__clkbuf_16)
                                                         clknet_1_1__leaf_clk_i_regs (net)
                      0.023079    0.000403    0.235181 ^ _46_/CLK (sky130_fd_sc_hd__dfrtp_2)
     3    0.011737    0.054327    0.230513    0.465694 ^ _46_/Q (sky130_fd_sc_hd__dfrtp_2)
                                                         axi_bvalid_o (net)
                      0.054371    0.001409    0.467103 ^ axi_bvalid_o (out)
                                              0.467103   data arrival time

                                  0.000000    0.000000   clock clk_i (rise edge)
                                  0.000000    0.000000   clock network delay (propagated)
                                  0.250000    0.250000   clock uncertainty
                                  0.000000    0.250000   clock reconvergence pessimism
                                 -2.000000   -1.750000   output external delay
                                             -1.750000   data required time
---------------------------------------------------------------------------------------------
                                             -1.750000   data required time
                                             -0.467103   data arrival time
---------------------------------------------------------------------------------------------
                                              2.217103   slack (MET)


Startpoint: _48_ (rising edge-triggered flip-flop clocked by clk_i)
Endpoint: axi_rvalid_o (output port clocked by clk_i)
Path Group: clk_i
Path Type: min

Fanout         Cap        Slew       Delay        Time   Description
---------------------------------------------------------------------------------------------
                                  0.000000    0.000000   clock clk_i (rise edge)
                                  0.000000    0.000000   clock source latency
     2    0.082968    0.000000    0.000000    0.000000 ^ clk_i (in)
                                                         clk_i (net)
                      0.009513    0.004756    0.004756 ^ clkbuf_regs_0_clk_i/A (sky130_fd_sc_hd__clkbuf_16)
     1    0.008543    0.023545    0.070604    0.075360 ^ clkbuf_regs_0_clk_i/X (sky130_fd_sc_hd__clkbuf_16)
                                                         clk_i_regs (net)
                      0.023550    0.000671    0.076031 ^ clkbuf_0_clk_i_regs/A (sky130_fd_sc_hd__clkbuf_16)
     2    0.019396    0.030738    0.081661    0.157692 ^ clkbuf_0_clk_i_regs/X (sky130_fd_sc_hd__clkbuf_16)
                                                         clknet_0_clk_i_regs (net)
                      0.030749    0.001048    0.158740 ^ clkbuf_1_1__f_clk_i_regs/A (sky130_fd_sc_hd__clkbuf_16)
     3    0.007854    0.023077    0.076038    0.234778 ^ clkbuf_1_1__f_clk_i_regs/X (sky130_fd_sc_hd__clkbuf_16)
                                                         clknet_1_1__leaf_clk_i_regs (net)
                      0.023079    0.000426    0.235204 ^ _48_/CLK (sky130_fd_sc_hd__dfrtp_2)
     3    0.012561    0.057000    0.233114    0.468318 ^ _48_/Q (sky130_fd_sc_hd__dfrtp_2)
                                                         axi_rvalid_o (net)
                      0.057020    0.000994    0.469312 ^ axi_rvalid_o (out)
                                              0.469312   data arrival time

                                  0.000000    0.000000   clock clk_i (rise edge)
                                  0.000000    0.000000   clock network delay (propagated)
                                  0.250000    0.250000   clock uncertainty
                                  0.000000    0.250000   clock reconvergence pessimism
                                 -2.000000   -1.750000   output external delay
                                             -1.750000   data required time
---------------------------------------------------------------------------------------------
                                             -1.750000   data required time
                                             -0.469312   data arrival time
---------------------------------------------------------------------------------------------
                                              2.219312   slack (MET)


Startpoint: _45_ (rising edge-triggered flip-flop clocked by clk_i)
Endpoint: axi_awready_o (output port clocked by clk_i)
Path Group: clk_i
Path Type: min

Fanout         Cap        Slew       Delay        Time   Description
---------------------------------------------------------------------------------------------
                                  0.000000    0.000000   clock clk_i (rise edge)
                                  0.000000    0.000000   clock source latency
     2    0.082968    0.000000    0.000000    0.000000 ^ clk_i (in)
                                                         clk_i (net)
                      0.009513    0.004756    0.004756 ^ clkbuf_regs_0_clk_i/A (sky130_fd_sc_hd__clkbuf_16)
     1    0.008543    0.023545    0.070604    0.075360 ^ clkbuf_regs_0_clk_i/X (sky130_fd_sc_hd__clkbuf_16)
                                                         clk_i_regs (net)
                      0.023550    0.000671    0.076031 ^ clkbuf_0_clk_i_regs/A (sky130_fd_sc_hd__clkbuf_16)
     2    0.019396    0.030738    0.081661    0.157692 ^ clkbuf_0_clk_i_regs/X (sky130_fd_sc_hd__clkbuf_16)
                                                         clknet_0_clk_i_regs (net)
                      0.030749    0.001015    0.158707 ^ clkbuf_1_0__f_clk_i_regs/A (sky130_fd_sc_hd__clkbuf_16)
     2    0.005471    0.021323    0.074032    0.232739 ^ clkbuf_1_0__f_clk_i_regs/X (sky130_fd_sc_hd__clkbuf_16)
                                                         clknet_1_0__leaf_clk_i_regs (net)
                      0.021325    0.000318    0.233057 ^ _45_/CLK (sky130_fd_sc_hd__dfstp_2)
     3    0.013212    0.031200    0.234231    0.467288 v _45_/Q (sky130_fd_sc_hd__dfstp_2)
                                                         state_q[0] (net)
                      0.031296    0.001193    0.468480 v _23_/B (sky130_fd_sc_hd__and3_2)
    17    0.089277    0.155963    0.236551    0.705031 v _23_/X (sky130_fd_sc_hd__and3_2)
                                                         axi_awready_o (net)
                      0.156207    0.005235    0.710266 v axi_awready_o (out)
                                              0.710266   data arrival time

                                  0.000000    0.000000   clock clk_i (rise edge)
                                  0.000000    0.000000   clock network delay (propagated)
                                  0.250000    0.250000   clock uncertainty
                                  0.000000    0.250000   clock reconvergence pessimism
                                 -2.000000   -1.750000   output external delay
                                             -1.750000   data required time
---------------------------------------------------------------------------------------------
                                             -1.750000   data required time
                                             -0.710266   data arrival time
---------------------------------------------------------------------------------------------
                                              2.460266   slack (MET)


Startpoint: _45_ (rising edge-triggered flip-flop clocked by clk_i)
Endpoint: axi_arready_o (output port clocked by clk_i)
Path Group: clk_i
Path Type: min

Fanout         Cap        Slew       Delay        Time   Description
---------------------------------------------------------------------------------------------
                                  0.000000    0.000000   clock clk_i (rise edge)
                                  0.000000    0.000000   clock source latency
     2    0.082968    0.000000    0.000000    0.000000 ^ clk_i (in)
                                                         clk_i (net)
                      0.009513    0.004756    0.004756 ^ clkbuf_regs_0_clk_i/A (sky130_fd_sc_hd__clkbuf_16)
     1    0.008543    0.023545    0.070604    0.075360 ^ clkbuf_regs_0_clk_i/X (sky130_fd_sc_hd__clkbuf_16)
                                                         clk_i_regs (net)
                      0.023550    0.000671    0.076031 ^ clkbuf_0_clk_i_regs/A (sky130_fd_sc_hd__clkbuf_16)
     2    0.019396    0.030738    0.081661    0.157692 ^ clkbuf_0_clk_i_regs/X (sky130_fd_sc_hd__clkbuf_16)
                                                         clknet_0_clk_i_regs (net)
                      0.030749    0.001015    0.158707 ^ clkbuf_1_0__f_clk_i_regs/A (sky130_fd_sc_hd__clkbuf_16)
     2    0.005471    0.021323    0.074032    0.232739 ^ clkbuf_1_0__f_clk_i_regs/X (sky130_fd_sc_hd__clkbuf_16)
                                                         clknet_1_0__leaf_clk_i_regs (net)
                      0.021325    0.000318    0.233057 ^ _45_/CLK (sky130_fd_sc_hd__dfstp_2)
     3    0.013212    0.031200    0.234231    0.467288 v _45_/Q (sky130_fd_sc_hd__dfstp_2)
                                                         state_q[0] (net)
                      0.031292    0.001153    0.468440 v _25_/A (sky130_fd_sc_hd__and2_2)
    11    0.061762    0.110021    0.186457    0.654897 v _25_/X (sky130_fd_sc_hd__and2_2)
                                                         _08_ (net)
                      0.110194    0.003620    0.658517 v _26_/B (sky130_fd_sc_hd__and2_2)
     1    0.001591    0.023201    0.141457    0.799974 v _26_/X (sky130_fd_sc_hd__and2_2)
                                                         axi_arready_o (net)
                      0.023202    0.000053    0.800027 v axi_arready_o (out)
                                              0.800027   data arrival time

                                  0.000000    0.000000   clock clk_i (rise edge)
                                  0.000000    0.000000   clock network delay (propagated)
                                  0.250000    0.250000   clock uncertainty
                                  0.000000    0.250000   clock reconvergence pessimism
                                 -2.000000   -1.750000   output external delay
                                             -1.750000   data required time
---------------------------------------------------------------------------------------------
                                             -1.750000   data required time
                                             -0.800027   data arrival time
---------------------------------------------------------------------------------------------
                                              2.550027   slack (MET)


Startpoint: _45_ (rising edge-triggered flip-flop clocked by clk_i)
Endpoint: axi_wready_o (output port clocked by clk_i)
Path Group: clk_i
Path Type: min

Fanout         Cap        Slew       Delay        Time   Description
---------------------------------------------------------------------------------------------
                                  0.000000    0.000000   clock clk_i (rise edge)
                                  0.000000    0.000000   clock source latency
     2    0.082968    0.000000    0.000000    0.000000 ^ clk_i (in)
                                                         clk_i (net)
                      0.009513    0.004756    0.004756 ^ clkbuf_regs_0_clk_i/A (sky130_fd_sc_hd__clkbuf_16)
     1    0.008543    0.023545    0.070604    0.075360 ^ clkbuf_regs_0_clk_i/X (sky130_fd_sc_hd__clkbuf_16)
                                                         clk_i_regs (net)
                      0.023550    0.000671    0.076031 ^ clkbuf_0_clk_i_regs/A (sky130_fd_sc_hd__clkbuf_16)
     2    0.019396    0.030738    0.081661    0.157692 ^ clkbuf_0_clk_i_regs/X (sky130_fd_sc_hd__clkbuf_16)
                                                         clknet_0_clk_i_regs (net)
                      0.030749    0.001015    0.158707 ^ clkbuf_1_0__f_clk_i_regs/A (sky130_fd_sc_hd__clkbuf_16)
     2    0.005471    0.021323    0.074032    0.232739 ^ clkbuf_1_0__f_clk_i_regs/X (sky130_fd_sc_hd__clkbuf_16)
                                                         clknet_1_0__leaf_clk_i_regs (net)
                      0.021325    0.000318    0.233057 ^ _45_/CLK (sky130_fd_sc_hd__dfstp_2)
     3    0.013212    0.031200    0.234231    0.467288 v _45_/Q (sky130_fd_sc_hd__dfstp_2)
                                                         state_q[0] (net)
                      0.031296    0.001193    0.468480 v _23_/B (sky130_fd_sc_hd__and3_2)
    17    0.089277    0.155963    0.236551    0.705031 v _23_/X (sky130_fd_sc_hd__and3_2)
                                                         axi_awready_o (net)
                      0.156502    0.007663    0.712694 v _62_/A (sky130_fd_sc_hd__buf_2)
     1    0.001415    0.017198    0.114538    0.827232 v _62_/X (sky130_fd_sc_hd__buf_2)
                                                         axi_wready_o (net)
                      0.017198    0.000048    0.827280 v axi_wready_o (out)
                                              0.827280   data arrival time

                                  0.000000    0.000000   clock clk_i (rise edge)
                                  0.000000    0.000000   clock network delay (propagated)
                                  0.250000    0.250000   clock uncertainty
                                  0.000000    0.250000   clock reconvergence pessimism
                                 -2.000000   -1.750000   output external delay
                                             -1.750000   data required time
---------------------------------------------------------------------------------------------
                                             -1.750000   data required time
                                             -0.827280   data arrival time
---------------------------------------------------------------------------------------------
                                              2.577280   slack (MET)


Startpoint: u_sram (falling edge-triggered flip-flop clocked by clk_i)
Endpoint: axi_rdata_o[25] (output port clocked by clk_i)
Path Group: clk_i
Path Type: min

Fanout         Cap        Slew       Delay        Time   Description
---------------------------------------------------------------------------------------------
                                 10.000000   10.000000   clock clk_i (fall edge)
                                  0.000000   10.000000   clock source latency
     2    0.081042    0.000000    0.000000   10.000000 v clk_i (in)
                                                         clk_i (net)
                      0.015997    0.007999   10.007999 v clkbuf_0_clk_i/A (sky130_fd_sc_hd__clkbuf_16)
     2    0.039728    0.035058    0.102103   10.110103 v clkbuf_0_clk_i/X (sky130_fd_sc_hd__clkbuf_16)
                                                         clknet_0_clk_i (net)
                      0.035232    0.002228   10.112329 v clkbuf_1_0__f_clk_i/A (sky130_fd_sc_hd__clkbuf_16)
     1    0.066718    0.044914    0.113185   10.225515 v clkbuf_1_0__f_clk_i/X (sky130_fd_sc_hd__clkbuf_16)
                                                         clknet_1_0__leaf_clk_i (net)
                      0.083967    0.021893   10.247408 v u_sram/clk0 (sky130_sram_1kbyte_1rw1r_32x256_8)
     1    0.007125    0.005125    0.369316   10.616724 ^ u_sram/dout0[25] (sky130_sram_1kbyte_1rw1r_32x256_8)
                                                         axi_rdata_o[25] (net)
                      0.003844    0.000124   10.616848 ^ axi_rdata_o[25] (out)
                                             10.616848   data arrival time

                                  0.000000    0.000000   clock clk_i (rise edge)
                                  0.000000    0.000000   clock network delay (propagated)
                                  0.250000    0.250000   clock uncertainty
                                  0.000000    0.250000   clock reconvergence pessimism
                                 -2.000000   -1.750000   output external delay
                                             -1.750000   data required time
---------------------------------------------------------------------------------------------
                                             -1.750000   data required time
                                            -10.616848   data arrival time
---------------------------------------------------------------------------------------------
                                             12.366848   slack (MET)


Startpoint: u_sram (falling edge-triggered flip-flop clocked by clk_i)
Endpoint: axi_rdata_o[30] (output port clocked by clk_i)
Path Group: clk_i
Path Type: min

Fanout         Cap        Slew       Delay        Time   Description
---------------------------------------------------------------------------------------------
                                 10.000000   10.000000   clock clk_i (fall edge)
                                  0.000000   10.000000   clock source latency
     2    0.081042    0.000000    0.000000   10.000000 v clk_i (in)
                                                         clk_i (net)
                      0.015997    0.007999   10.007999 v clkbuf_0_clk_i/A (sky130_fd_sc_hd__clkbuf_16)
     2    0.039728    0.035058    0.102103   10.110103 v clkbuf_0_clk_i/X (sky130_fd_sc_hd__clkbuf_16)
                                                         clknet_0_clk_i (net)
                      0.035232    0.002228   10.112329 v clkbuf_1_0__f_clk_i/A (sky130_fd_sc_hd__clkbuf_16)
     1    0.066718    0.044914    0.113185   10.225515 v clkbuf_1_0__f_clk_i/X (sky130_fd_sc_hd__clkbuf_16)
                                                         clknet_1_0__leaf_clk_i (net)
                      0.083967    0.021893   10.247408 v u_sram/clk0 (sky130_sram_1kbyte_1rw1r_32x256_8)
     1    0.007125    0.005125    0.369316   10.616724 ^ u_sram/dout0[30] (sky130_sram_1kbyte_1rw1r_32x256_8)
                                                         axi_rdata_o[30] (net)
                      0.003844    0.000124   10.616848 ^ axi_rdata_o[30] (out)
                                             10.616848   data arrival time

                                  0.000000    0.000000   clock clk_i (rise edge)
                                  0.000000    0.000000   clock network delay (propagated)
                                  0.250000    0.250000   clock uncertainty
                                  0.000000    0.250000   clock reconvergence pessimism
                                 -2.000000   -1.750000   output external delay
                                             -1.750000   data required time
---------------------------------------------------------------------------------------------
                                             -1.750000   data required time
                                            -10.616848   data arrival time
---------------------------------------------------------------------------------------------
                                             12.366848   slack (MET)


Startpoint: u_sram (falling edge-triggered flip-flop clocked by clk_i)
Endpoint: axi_rdata_o[27] (output port clocked by clk_i)
Path Group: clk_i
Path Type: min

Fanout         Cap        Slew       Delay        Time   Description
---------------------------------------------------------------------------------------------
                                 10.000000   10.000000   clock clk_i (fall edge)
                                  0.000000   10.000000   clock source latency
     2    0.081042    0.000000    0.000000   10.000000 v clk_i (in)
                                                         clk_i (net)
                      0.015997    0.007999   10.007999 v clkbuf_0_clk_i/A (sky130_fd_sc_hd__clkbuf_16)
     2    0.039728    0.035058    0.102103   10.110103 v clkbuf_0_clk_i/X (sky130_fd_sc_hd__clkbuf_16)
                                                         clknet_0_clk_i (net)
                      0.035232    0.002228   10.112329 v clkbuf_1_0__f_clk_i/A (sky130_fd_sc_hd__clkbuf_16)
     1    0.066718    0.044914    0.113185   10.225515 v clkbuf_1_0__f_clk_i/X (sky130_fd_sc_hd__clkbuf_16)
                                                         clknet_1_0__leaf_clk_i (net)
                      0.083967    0.021893   10.247408 v u_sram/clk0 (sky130_sram_1kbyte_1rw1r_32x256_8)
     1    0.007128    0.005127    0.369337   10.616744 ^ u_sram/dout0[27] (sky130_sram_1kbyte_1rw1r_32x256_8)
                                                         axi_rdata_o[27] (net)
                      0.003845    0.000124   10.616869 ^ axi_rdata_o[27] (out)
                                             10.616869   data arrival time

                                  0.000000    0.000000   clock clk_i (rise edge)
                                  0.000000    0.000000   clock network delay (propagated)
                                  0.250000    0.250000   clock uncertainty
                                  0.000000    0.250000   clock reconvergence pessimism
                                 -2.000000   -1.750000   output external delay
                                             -1.750000   data required time
---------------------------------------------------------------------------------------------
                                             -1.750000   data required time
                                            -10.616869   data arrival time
---------------------------------------------------------------------------------------------
                                             12.366869   slack (MET)


Startpoint: u_sram (falling edge-triggered flip-flop clocked by clk_i)
Endpoint: axi_rdata_o[28] (output port clocked by clk_i)
Path Group: clk_i
Path Type: min

Fanout         Cap        Slew       Delay        Time   Description
---------------------------------------------------------------------------------------------
                                 10.000000   10.000000   clock clk_i (fall edge)
                                  0.000000   10.000000   clock source latency
     2    0.081042    0.000000    0.000000   10.000000 v clk_i (in)
                                                         clk_i (net)
                      0.015997    0.007999   10.007999 v clkbuf_0_clk_i/A (sky130_fd_sc_hd__clkbuf_16)
     2    0.039728    0.035058    0.102103   10.110103 v clkbuf_0_clk_i/X (sky130_fd_sc_hd__clkbuf_16)
                                                         clknet_0_clk_i (net)
                      0.035232    0.002228   10.112329 v clkbuf_1_0__f_clk_i/A (sky130_fd_sc_hd__clkbuf_16)
     1    0.066718    0.044914    0.113185   10.225515 v clkbuf_1_0__f_clk_i/X (sky130_fd_sc_hd__clkbuf_16)
                                                         clknet_1_0__leaf_clk_i (net)
                      0.083967    0.021893   10.247408 v u_sram/clk0 (sky130_sram_1kbyte_1rw1r_32x256_8)
     1    0.007141    0.005134    0.369409   10.616817 ^ u_sram/dout0[28] (sky130_sram_1kbyte_1rw1r_32x256_8)
                                                         axi_rdata_o[28] (net)
                      0.003850    0.000124   10.616941 ^ axi_rdata_o[28] (out)
                                             10.616941   data arrival time

                                  0.000000    0.000000   clock clk_i (rise edge)
                                  0.000000    0.000000   clock network delay (propagated)
                                  0.250000    0.250000   clock uncertainty
                                  0.000000    0.250000   clock reconvergence pessimism
                                 -2.000000   -1.750000   output external delay
                                             -1.750000   data required time
---------------------------------------------------------------------------------------------
                                             -1.750000   data required time
                                            -10.616941   data arrival time
---------------------------------------------------------------------------------------------
                                             12.366941   slack (MET)


Startpoint: u_sram (falling edge-triggered flip-flop clocked by clk_i)
Endpoint: axi_rdata_o[26] (output port clocked by clk_i)
Path Group: clk_i
Path Type: min

Fanout         Cap        Slew       Delay        Time   Description
---------------------------------------------------------------------------------------------
                                 10.000000   10.000000   clock clk_i (fall edge)
                                  0.000000   10.000000   clock source latency
     2    0.081042    0.000000    0.000000   10.000000 v clk_i (in)
                                                         clk_i (net)
                      0.015997    0.007999   10.007999 v clkbuf_0_clk_i/A (sky130_fd_sc_hd__clkbuf_16)
     2    0.039728    0.035058    0.102103   10.110103 v clkbuf_0_clk_i/X (sky130_fd_sc_hd__clkbuf_16)
                                                         clknet_0_clk_i (net)
                      0.035232    0.002228   10.112329 v clkbuf_1_0__f_clk_i/A (sky130_fd_sc_hd__clkbuf_16)
     1    0.066718    0.044914    0.113185   10.225515 v clkbuf_1_0__f_clk_i/X (sky130_fd_sc_hd__clkbuf_16)
                                                         clknet_1_0__leaf_clk_i (net)
                      0.083967    0.021893   10.247408 v u_sram/clk0 (sky130_sram_1kbyte_1rw1r_32x256_8)
     1    0.007145    0.005136    0.369430   10.616838 ^ u_sram/dout0[26] (sky130_sram_1kbyte_1rw1r_32x256_8)
                                                         axi_rdata_o[26] (net)
                      0.003852    0.000124   10.616961 ^ axi_rdata_o[26] (out)
                                             10.616961   data arrival time

                                  0.000000    0.000000   clock clk_i (rise edge)
                                  0.000000    0.000000   clock network delay (propagated)
                                  0.250000    0.250000   clock uncertainty
                                  0.000000    0.250000   clock reconvergence pessimism
                                 -2.000000   -1.750000   output external delay
                                             -1.750000   data required time
---------------------------------------------------------------------------------------------
                                             -1.750000   data required time
                                            -10.616961   data arrival time
---------------------------------------------------------------------------------------------
                                             12.366962   slack (MET)


Startpoint: u_sram (falling edge-triggered flip-flop clocked by clk_i)
Endpoint: axi_rdata_o[31] (output port clocked by clk_i)
Path Group: clk_i
Path Type: min

Fanout         Cap        Slew       Delay        Time   Description
---------------------------------------------------------------------------------------------
                                 10.000000   10.000000   clock clk_i (fall edge)
                                  0.000000   10.000000   clock source latency
     2    0.081042    0.000000    0.000000   10.000000 v clk_i (in)
                                                         clk_i (net)
                      0.015997    0.007999   10.007999 v clkbuf_0_clk_i/A (sky130_fd_sc_hd__clkbuf_16)
     2    0.039728    0.035058    0.102103   10.110103 v clkbuf_0_clk_i/X (sky130_fd_sc_hd__clkbuf_16)
                                                         clknet_0_clk_i (net)
                      0.035232    0.002228   10.112329 v clkbuf_1_0__f_clk_i/A (sky130_fd_sc_hd__clkbuf_16)
     1    0.066718    0.044914    0.113185   10.225515 v clkbuf_1_0__f_clk_i/X (sky130_fd_sc_hd__clkbuf_16)
                                                         clknet_1_0__leaf_clk_i (net)
                      0.083967    0.021893   10.247408 v u_sram/clk0 (sky130_sram_1kbyte_1rw1r_32x256_8)
     1    0.007145    0.005136    0.369430   10.616838 ^ u_sram/dout0[31] (sky130_sram_1kbyte_1rw1r_32x256_8)
                                                         axi_rdata_o[31] (net)
                      0.003852    0.000124   10.616961 ^ axi_rdata_o[31] (out)
                                             10.616961   data arrival time

                                  0.000000    0.000000   clock clk_i (rise edge)
                                  0.000000    0.000000   clock network delay (propagated)
                                  0.250000    0.250000   clock uncertainty
                                  0.000000    0.250000   clock reconvergence pessimism
                                 -2.000000   -1.750000   output external delay
                                             -1.750000   data required time
---------------------------------------------------------------------------------------------
                                             -1.750000   data required time
                                            -10.616961   data arrival time
---------------------------------------------------------------------------------------------
                                             12.366962   slack (MET)


Startpoint: u_sram (falling edge-triggered flip-flop clocked by clk_i)
Endpoint: axi_rdata_o[29] (output port clocked by clk_i)
Path Group: clk_i
Path Type: min

Fanout         Cap        Slew       Delay        Time   Description
---------------------------------------------------------------------------------------------
                                 10.000000   10.000000   clock clk_i (fall edge)
                                  0.000000   10.000000   clock source latency
     2    0.081042    0.000000    0.000000   10.000000 v clk_i (in)
                                                         clk_i (net)
                      0.015997    0.007999   10.007999 v clkbuf_0_clk_i/A (sky130_fd_sc_hd__clkbuf_16)
     2    0.039728    0.035058    0.102103   10.110103 v clkbuf_0_clk_i/X (sky130_fd_sc_hd__clkbuf_16)
                                                         clknet_0_clk_i (net)
                      0.035232    0.002228   10.112329 v clkbuf_1_0__f_clk_i/A (sky130_fd_sc_hd__clkbuf_16)
     1    0.066718    0.044914    0.113185   10.225515 v clkbuf_1_0__f_clk_i/X (sky130_fd_sc_hd__clkbuf_16)
                                                         clknet_1_0__leaf_clk_i (net)
                      0.083967    0.021893   10.247408 v u_sram/clk0 (sky130_sram_1kbyte_1rw1r_32x256_8)
     1    0.007173    0.005151    0.369590   10.616998 ^ u_sram/dout0[29] (sky130_sram_1kbyte_1rw1r_32x256_8)
                                                         axi_rdata_o[29] (net)
                      0.003863    0.000125   10.617123 ^ axi_rdata_o[29] (out)
                                             10.617123   data arrival time

                                  0.000000    0.000000   clock clk_i (rise edge)
                                  0.000000    0.000000   clock network delay (propagated)
                                  0.250000    0.250000   clock uncertainty
                                  0.000000    0.250000   clock reconvergence pessimism
                                 -2.000000   -1.750000   output external delay
                                             -1.750000   data required time
---------------------------------------------------------------------------------------------
                                             -1.750000   data required time
                                            -10.617123   data arrival time
---------------------------------------------------------------------------------------------
                                             12.367123   slack (MET)


Startpoint: u_sram (falling edge-triggered flip-flop clocked by clk_i)
Endpoint: axi_rdata_o[21] (output port clocked by clk_i)
Path Group: clk_i
Path Type: min

Fanout         Cap        Slew       Delay        Time   Description
---------------------------------------------------------------------------------------------
                                 10.000000   10.000000   clock clk_i (fall edge)
                                  0.000000   10.000000   clock source latency
     2    0.081042    0.000000    0.000000   10.000000 v clk_i (in)
                                                         clk_i (net)
                      0.015997    0.007999   10.007999 v clkbuf_0_clk_i/A (sky130_fd_sc_hd__clkbuf_16)
     2    0.039728    0.035058    0.102103   10.110103 v clkbuf_0_clk_i/X (sky130_fd_sc_hd__clkbuf_16)
                                                         clknet_0_clk_i (net)
                      0.035232    0.002228   10.112329 v clkbuf_1_0__f_clk_i/A (sky130_fd_sc_hd__clkbuf_16)
     1    0.066718    0.044914    0.113185   10.225515 v clkbuf_1_0__f_clk_i/X (sky130_fd_sc_hd__clkbuf_16)
                                                         clknet_1_0__leaf_clk_i (net)
                      0.083967    0.021893   10.247408 v u_sram/clk0 (sky130_sram_1kbyte_1rw1r_32x256_8)
     1    0.007228    0.005180    0.369899   10.617307 ^ u_sram/dout0[21] (sky130_sram_1kbyte_1rw1r_32x256_8)
                                                         axi_rdata_o[21] (net)
                      0.003885    0.000127   10.617434 ^ axi_rdata_o[21] (out)
                                             10.617434   data arrival time

                                  0.000000    0.000000   clock clk_i (rise edge)
                                  0.000000    0.000000   clock network delay (propagated)
                                  0.250000    0.250000   clock uncertainty
                                  0.000000    0.250000   clock reconvergence pessimism
                                 -2.000000   -1.750000   output external delay
                                             -1.750000   data required time
---------------------------------------------------------------------------------------------
                                             -1.750000   data required time
                                            -10.617434   data arrival time
---------------------------------------------------------------------------------------------
                                             12.367434   slack (MET)


Startpoint: u_sram (falling edge-triggered flip-flop clocked by clk_i)
Endpoint: axi_rdata_o[9] (output port clocked by clk_i)
Path Group: clk_i
Path Type: min

Fanout         Cap        Slew       Delay        Time   Description
---------------------------------------------------------------------------------------------
                                 10.000000   10.000000   clock clk_i (fall edge)
                                  0.000000   10.000000   clock source latency
     2    0.081042    0.000000    0.000000   10.000000 v clk_i (in)
                                                         clk_i (net)
                      0.015997    0.007999   10.007999 v clkbuf_0_clk_i/A (sky130_fd_sc_hd__clkbuf_16)
     2    0.039728    0.035058    0.102103   10.110103 v clkbuf_0_clk_i/X (sky130_fd_sc_hd__clkbuf_16)
                                                         clknet_0_clk_i (net)
                      0.035232    0.002228   10.112329 v clkbuf_1_0__f_clk_i/A (sky130_fd_sc_hd__clkbuf_16)
     1    0.066718    0.044914    0.113185   10.225515 v clkbuf_1_0__f_clk_i/X (sky130_fd_sc_hd__clkbuf_16)
                                                         clknet_1_0__leaf_clk_i (net)
                      0.083967    0.021893   10.247408 v u_sram/clk0 (sky130_sram_1kbyte_1rw1r_32x256_8)
     1    0.007287    0.005212    0.370231   10.617639 ^ u_sram/dout0[9] (sky130_sram_1kbyte_1rw1r_32x256_8)
                                                         axi_rdata_o[9] (net)
                      0.003909    0.000129   10.617767 ^ axi_rdata_o[9] (out)
                                             10.617767   data arrival time

                                  0.000000    0.000000   clock clk_i (rise edge)
                                  0.000000    0.000000   clock network delay (propagated)
                                  0.250000    0.250000   clock uncertainty
                                  0.000000    0.250000   clock reconvergence pessimism
                                 -2.000000   -1.750000   output external delay
                                             -1.750000   data required time
---------------------------------------------------------------------------------------------
                                             -1.750000   data required time
                                            -10.617767   data arrival time
---------------------------------------------------------------------------------------------
                                             12.367767   slack (MET)


Startpoint: u_sram (falling edge-triggered flip-flop clocked by clk_i)
Endpoint: axi_rdata_o[13] (output port clocked by clk_i)
Path Group: clk_i
Path Type: min

Fanout         Cap        Slew       Delay        Time   Description
---------------------------------------------------------------------------------------------
                                 10.000000   10.000000   clock clk_i (fall edge)
                                  0.000000   10.000000   clock source latency
     2    0.081042    0.000000    0.000000   10.000000 v clk_i (in)
                                                         clk_i (net)
                      0.015997    0.007999   10.007999 v clkbuf_0_clk_i/A (sky130_fd_sc_hd__clkbuf_16)
     2    0.039728    0.035058    0.102103   10.110103 v clkbuf_0_clk_i/X (sky130_fd_sc_hd__clkbuf_16)
                                                         clknet_0_clk_i (net)
                      0.035232    0.002228   10.112329 v clkbuf_1_0__f_clk_i/A (sky130_fd_sc_hd__clkbuf_16)
     1    0.066718    0.044914    0.113185   10.225515 v clkbuf_1_0__f_clk_i/X (sky130_fd_sc_hd__clkbuf_16)
                                                         clknet_1_0__leaf_clk_i (net)
                      0.083967    0.021893   10.247408 v u_sram/clk0 (sky130_sram_1kbyte_1rw1r_32x256_8)
     1    0.008326    0.005764    0.376058   10.623466 ^ u_sram/dout0[13] (sky130_sram_1kbyte_1rw1r_32x256_8)
                                                         axi_rdata_o[13] (net)
                      0.004323    0.000167   10.623633 ^ axi_rdata_o[13] (out)
                                             10.623633   data arrival time

                                  0.000000    0.000000   clock clk_i (rise edge)
                                  0.000000    0.000000   clock network delay (propagated)
                                  0.250000    0.250000   clock uncertainty
                                  0.000000    0.250000   clock reconvergence pessimism
                                 -2.000000   -1.750000   output external delay
                                             -1.750000   data required time
---------------------------------------------------------------------------------------------
                                             -1.750000   data required time
                                            -10.623633   data arrival time
---------------------------------------------------------------------------------------------
                                             12.373633   slack (MET)


Startpoint: u_sram (falling edge-triggered flip-flop clocked by clk_i)
Endpoint: axi_rdata_o[22] (output port clocked by clk_i)
Path Group: clk_i
Path Type: min

Fanout         Cap        Slew       Delay        Time   Description
---------------------------------------------------------------------------------------------
                                 10.000000   10.000000   clock clk_i (fall edge)
                                  0.000000   10.000000   clock source latency
     2    0.081042    0.000000    0.000000   10.000000 v clk_i (in)
                                                         clk_i (net)
                      0.015997    0.007999   10.007999 v clkbuf_0_clk_i/A (sky130_fd_sc_hd__clkbuf_16)
     2    0.039728    0.035058    0.102103   10.110103 v clkbuf_0_clk_i/X (sky130_fd_sc_hd__clkbuf_16)
                                                         clknet_0_clk_i (net)
                      0.035232    0.002228   10.112329 v clkbuf_1_0__f_clk_i/A (sky130_fd_sc_hd__clkbuf_16)
     1    0.066718    0.044914    0.113185   10.225515 v clkbuf_1_0__f_clk_i/X (sky130_fd_sc_hd__clkbuf_16)
                                                         clknet_1_0__leaf_clk_i (net)
                      0.083967    0.021893   10.247408 v u_sram/clk0 (sky130_sram_1kbyte_1rw1r_32x256_8)
     1    0.008329    0.005766    0.376073   10.623480 ^ u_sram/dout0[22] (sky130_sram_1kbyte_1rw1r_32x256_8)
                                                         axi_rdata_o[22] (net)
                      0.004324    0.000167   10.623647 ^ axi_rdata_o[22] (out)
                                             10.623647   data arrival time

                                  0.000000    0.000000   clock clk_i (rise edge)
                                  0.000000    0.000000   clock network delay (propagated)
                                  0.250000    0.250000   clock uncertainty
                                  0.000000    0.250000   clock reconvergence pessimism
                                 -2.000000   -1.750000   output external delay
                                             -1.750000   data required time
---------------------------------------------------------------------------------------------
                                             -1.750000   data required time
                                            -10.623647   data arrival time
---------------------------------------------------------------------------------------------
                                             12.373648   slack (MET)


Startpoint: u_sram (falling edge-triggered flip-flop clocked by clk_i)
Endpoint: axi_rdata_o[12] (output port clocked by clk_i)
Path Group: clk_i
Path Type: min

Fanout         Cap        Slew       Delay        Time   Description
---------------------------------------------------------------------------------------------
                                 10.000000   10.000000   clock clk_i (fall edge)
                                  0.000000   10.000000   clock source latency
     2    0.081042    0.000000    0.000000   10.000000 v clk_i (in)
                                                         clk_i (net)
                      0.015997    0.007999   10.007999 v clkbuf_0_clk_i/A (sky130_fd_sc_hd__clkbuf_16)
     2    0.039728    0.035058    0.102103   10.110103 v clkbuf_0_clk_i/X (sky130_fd_sc_hd__clkbuf_16)
                                                         clknet_0_clk_i (net)
                      0.035232    0.002228   10.112329 v clkbuf_1_0__f_clk_i/A (sky130_fd_sc_hd__clkbuf_16)
     1    0.066718    0.044914    0.113185   10.225515 v clkbuf_1_0__f_clk_i/X (sky130_fd_sc_hd__clkbuf_16)
                                                         clknet_1_0__leaf_clk_i (net)
                      0.083967    0.021893   10.247408 v u_sram/clk0 (sky130_sram_1kbyte_1rw1r_32x256_8)
     1    0.008364    0.005784    0.376272   10.623680 ^ u_sram/dout0[12] (sky130_sram_1kbyte_1rw1r_32x256_8)
                                                         axi_rdata_o[12] (net)
                      0.004338    0.000168   10.623848 ^ axi_rdata_o[12] (out)
                                             10.623848   data arrival time

                                  0.000000    0.000000   clock clk_i (rise edge)
                                  0.000000    0.000000   clock network delay (propagated)
                                  0.250000    0.250000   clock uncertainty
                                  0.000000    0.250000   clock reconvergence pessimism
                                 -2.000000   -1.750000   output external delay
                                             -1.750000   data required time
---------------------------------------------------------------------------------------------
                                             -1.750000   data required time
                                            -10.623848   data arrival time
---------------------------------------------------------------------------------------------
                                             12.373848   slack (MET)


Startpoint: u_sram (falling edge-triggered flip-flop clocked by clk_i)
Endpoint: axi_rdata_o[19] (output port clocked by clk_i)
Path Group: clk_i
Path Type: min

Fanout         Cap        Slew       Delay        Time   Description
---------------------------------------------------------------------------------------------
                                 10.000000   10.000000   clock clk_i (fall edge)
                                  0.000000   10.000000   clock source latency
     2    0.081042    0.000000    0.000000   10.000000 v clk_i (in)
                                                         clk_i (net)
                      0.015997    0.007999   10.007999 v clkbuf_0_clk_i/A (sky130_fd_sc_hd__clkbuf_16)
     2    0.039728    0.035058    0.102103   10.110103 v clkbuf_0_clk_i/X (sky130_fd_sc_hd__clkbuf_16)
                                                         clknet_0_clk_i (net)
                      0.035232    0.002228   10.112329 v clkbuf_1_0__f_clk_i/A (sky130_fd_sc_hd__clkbuf_16)
     1    0.066718    0.044914    0.113185   10.225515 v clkbuf_1_0__f_clk_i/X (sky130_fd_sc_hd__clkbuf_16)
                                                         clknet_1_0__leaf_clk_i (net)
                      0.083967    0.021893   10.247408 v u_sram/clk0 (sky130_sram_1kbyte_1rw1r_32x256_8)
     1    0.008376    0.005791    0.376341   10.623749 ^ u_sram/dout0[19] (sky130_sram_1kbyte_1rw1r_32x256_8)
                                                         axi_rdata_o[19] (net)
                      0.004343    0.000179   10.623927 ^ axi_rdata_o[19] (out)
                                             10.623927   data arrival time

                                  0.000000    0.000000   clock clk_i (rise edge)
                                  0.000000    0.000000   clock network delay (propagated)
                                  0.250000    0.250000   clock uncertainty
                                  0.000000    0.250000   clock reconvergence pessimism
                                 -2.000000   -1.750000   output external delay
                                             -1.750000   data required time
---------------------------------------------------------------------------------------------
                                             -1.750000   data required time
                                            -10.623927   data arrival time
---------------------------------------------------------------------------------------------
                                             12.373927   slack (MET)


Startpoint: u_sram (falling edge-triggered flip-flop clocked by clk_i)
Endpoint: axi_rdata_o[11] (output port clocked by clk_i)
Path Group: clk_i
Path Type: min

Fanout         Cap        Slew       Delay        Time   Description
---------------------------------------------------------------------------------------------
                                 10.000000   10.000000   clock clk_i (fall edge)
                                  0.000000   10.000000   clock source latency
     2    0.081042    0.000000    0.000000   10.000000 v clk_i (in)
                                                         clk_i (net)
                      0.015997    0.007999   10.007999 v clkbuf_0_clk_i/A (sky130_fd_sc_hd__clkbuf_16)
     2    0.039728    0.035058    0.102103   10.110103 v clkbuf_0_clk_i/X (sky130_fd_sc_hd__clkbuf_16)
                                                         clknet_0_clk_i (net)
                      0.035232    0.002228   10.112329 v clkbuf_1_0__f_clk_i/A (sky130_fd_sc_hd__clkbuf_16)
     1    0.066718    0.044914    0.113185   10.225515 v clkbuf_1_0__f_clk_i/X (sky130_fd_sc_hd__clkbuf_16)
                                                         clknet_1_0__leaf_clk_i (net)
                      0.083967    0.021893   10.247408 v u_sram/clk0 (sky130_sram_1kbyte_1rw1r_32x256_8)
     1    0.008393    0.005800    0.376438   10.623845 ^ u_sram/dout0[11] (sky130_sram_1kbyte_1rw1r_32x256_8)
                                                         axi_rdata_o[11] (net)
                      0.004350    0.000170   10.624015 ^ axi_rdata_o[11] (out)
                                             10.624015   data arrival time

                                  0.000000    0.000000   clock clk_i (rise edge)
                                  0.000000    0.000000   clock network delay (propagated)
                                  0.250000    0.250000   clock uncertainty
                                  0.000000    0.250000   clock reconvergence pessimism
                                 -2.000000   -1.750000   output external delay
                                             -1.750000   data required time
---------------------------------------------------------------------------------------------
                                             -1.750000   data required time
                                            -10.624015   data arrival time
---------------------------------------------------------------------------------------------
                                             12.374015   slack (MET)


Startpoint: u_sram (falling edge-triggered flip-flop clocked by clk_i)
Endpoint: axi_rdata_o[15] (output port clocked by clk_i)
Path Group: clk_i
Path Type: min

Fanout         Cap        Slew       Delay        Time   Description
---------------------------------------------------------------------------------------------
                                 10.000000   10.000000   clock clk_i (fall edge)
                                  0.000000   10.000000   clock source latency
     2    0.081042    0.000000    0.000000   10.000000 v clk_i (in)
                                                         clk_i (net)
                      0.015997    0.007999   10.007999 v clkbuf_0_clk_i/A (sky130_fd_sc_hd__clkbuf_16)
     2    0.039728    0.035058    0.102103   10.110103 v clkbuf_0_clk_i/X (sky130_fd_sc_hd__clkbuf_16)
                                                         clknet_0_clk_i (net)
                      0.035232    0.002228   10.112329 v clkbuf_1_0__f_clk_i/A (sky130_fd_sc_hd__clkbuf_16)
     1    0.066718    0.044914    0.113185   10.225515 v clkbuf_1_0__f_clk_i/X (sky130_fd_sc_hd__clkbuf_16)
                                                         clknet_1_0__leaf_clk_i (net)
                      0.083967    0.021893   10.247408 v u_sram/clk0 (sky130_sram_1kbyte_1rw1r_32x256_8)
     1    0.008406    0.005807    0.376510   10.623918 ^ u_sram/dout0[15] (sky130_sram_1kbyte_1rw1r_32x256_8)
                                                         axi_rdata_o[15] (net)
                      0.004355    0.000171   10.624088 ^ axi_rdata_o[15] (out)
                                             10.624088   data arrival time

                                  0.000000    0.000000   clock clk_i (rise edge)
                                  0.000000    0.000000   clock network delay (propagated)
                                  0.250000    0.250000   clock uncertainty
                                  0.000000    0.250000   clock reconvergence pessimism
                                 -2.000000   -1.750000   output external delay
                                             -1.750000   data required time
---------------------------------------------------------------------------------------------
                                             -1.750000   data required time
                                            -10.624088   data arrival time
---------------------------------------------------------------------------------------------
                                             12.374089   slack (MET)


Startpoint: u_sram (falling edge-triggered flip-flop clocked by clk_i)
Endpoint: axi_rdata_o[16] (output port clocked by clk_i)
Path Group: clk_i
Path Type: min

Fanout         Cap        Slew       Delay        Time   Description
---------------------------------------------------------------------------------------------
                                 10.000000   10.000000   clock clk_i (fall edge)
                                  0.000000   10.000000   clock source latency
     2    0.081042    0.000000    0.000000   10.000000 v clk_i (in)
                                                         clk_i (net)
                      0.015997    0.007999   10.007999 v clkbuf_0_clk_i/A (sky130_fd_sc_hd__clkbuf_16)
     2    0.039728    0.035058    0.102103   10.110103 v clkbuf_0_clk_i/X (sky130_fd_sc_hd__clkbuf_16)
                                                         clknet_0_clk_i (net)
                      0.035232    0.002228   10.112329 v clkbuf_1_0__f_clk_i/A (sky130_fd_sc_hd__clkbuf_16)
     1    0.066718    0.044914    0.113185   10.225515 v clkbuf_1_0__f_clk_i/X (sky130_fd_sc_hd__clkbuf_16)
                                                         clknet_1_0__leaf_clk_i (net)
                      0.083967    0.021893   10.247408 v u_sram/clk0 (sky130_sram_1kbyte_1rw1r_32x256_8)
     1    0.008578    0.005899    0.377475   10.624883 ^ u_sram/dout0[16] (sky130_sram_1kbyte_1rw1r_32x256_8)
                                                         axi_rdata_o[16] (net)
                      0.004424    0.000175   10.625057 ^ axi_rdata_o[16] (out)
                                             10.625057   data arrival time

                                  0.000000    0.000000   clock clk_i (rise edge)
                                  0.000000    0.000000   clock network delay (propagated)
                                  0.250000    0.250000   clock uncertainty
                                  0.000000    0.250000   clock reconvergence pessimism
                                 -2.000000   -1.750000   output external delay
                                             -1.750000   data required time
---------------------------------------------------------------------------------------------
                                             -1.750000   data required time
                                            -10.625057   data arrival time
---------------------------------------------------------------------------------------------
                                             12.375058   slack (MET)


Startpoint: u_sram (falling edge-triggered flip-flop clocked by clk_i)
Endpoint: axi_rdata_o[1] (output port clocked by clk_i)
Path Group: clk_i
Path Type: min

Fanout         Cap        Slew       Delay        Time   Description
---------------------------------------------------------------------------------------------
                                 10.000000   10.000000   clock clk_i (fall edge)
                                  0.000000   10.000000   clock source latency
     2    0.081042    0.000000    0.000000   10.000000 v clk_i (in)
                                                         clk_i (net)
                      0.015997    0.007999   10.007999 v clkbuf_0_clk_i/A (sky130_fd_sc_hd__clkbuf_16)
     2    0.039728    0.035058    0.102103   10.110103 v clkbuf_0_clk_i/X (sky130_fd_sc_hd__clkbuf_16)
                                                         clknet_0_clk_i (net)
                      0.035232    0.002228   10.112329 v clkbuf_1_0__f_clk_i/A (sky130_fd_sc_hd__clkbuf_16)
     1    0.066718    0.044914    0.113185   10.225515 v clkbuf_1_0__f_clk_i/X (sky130_fd_sc_hd__clkbuf_16)
                                                         clknet_1_0__leaf_clk_i (net)
                      0.083967    0.021893   10.247408 v u_sram/clk0 (sky130_sram_1kbyte_1rw1r_32x256_8)
     1    0.008598    0.005909    0.377587   10.624994 ^ u_sram/dout0[1] (sky130_sram_1kbyte_1rw1r_32x256_8)
                                                         axi_rdata_o[1] (net)
                      0.004432    0.000176   10.625171 ^ axi_rdata_o[1] (out)
                                             10.625171   data arrival time

                                  0.000000    0.000000   clock clk_i (rise edge)
                                  0.000000    0.000000   clock network delay (propagated)
                                  0.250000    0.250000   clock uncertainty
                                  0.000000    0.250000   clock reconvergence pessimism
                                 -2.000000   -1.750000   output external delay
                                             -1.750000   data required time
---------------------------------------------------------------------------------------------
                                             -1.750000   data required time
                                            -10.625171   data arrival time
---------------------------------------------------------------------------------------------
                                             12.375171   slack (MET)


Startpoint: u_sram (falling edge-triggered flip-flop clocked by clk_i)
Endpoint: axi_rdata_o[23] (output port clocked by clk_i)
Path Group: clk_i
Path Type: min

Fanout         Cap        Slew       Delay        Time   Description
---------------------------------------------------------------------------------------------
                                 10.000000   10.000000   clock clk_i (fall edge)
                                  0.000000   10.000000   clock source latency
     2    0.081042    0.000000    0.000000   10.000000 v clk_i (in)
                                                         clk_i (net)
                      0.015997    0.007999   10.007999 v clkbuf_0_clk_i/A (sky130_fd_sc_hd__clkbuf_16)
     2    0.039728    0.035058    0.102103   10.110103 v clkbuf_0_clk_i/X (sky130_fd_sc_hd__clkbuf_16)
                                                         clknet_0_clk_i (net)
                      0.035232    0.002228   10.112329 v clkbuf_1_0__f_clk_i/A (sky130_fd_sc_hd__clkbuf_16)
     1    0.066718    0.044914    0.113185   10.225515 v clkbuf_1_0__f_clk_i/X (sky130_fd_sc_hd__clkbuf_16)
                                                         clknet_1_0__leaf_clk_i (net)
                      0.083967    0.021893   10.247408 v u_sram/clk0 (sky130_sram_1kbyte_1rw1r_32x256_8)
     1    0.008592    0.005906    0.377550   10.624957 ^ u_sram/dout0[23] (sky130_sram_1kbyte_1rw1r_32x256_8)
                                                         axi_rdata_o[23] (net)
                      0.004429    0.000203   10.625159 ^ axi_rdata_o[23] (out)
                                             10.625159   data arrival time

                                  0.000000    0.000000   clock clk_i (rise edge)
                                  0.000000    0.000000   clock network delay (propagated)
                                  0.250000    0.250000   clock uncertainty
                                  0.000000    0.250000   clock reconvergence pessimism
                                 -2.000000   -1.750000   output external delay
                                             -1.750000   data required time
---------------------------------------------------------------------------------------------
                                             -1.750000   data required time
                                            -10.625159   data arrival time
---------------------------------------------------------------------------------------------
                                             12.375160   slack (MET)


Startpoint: u_sram (falling edge-triggered flip-flop clocked by clk_i)
Endpoint: axi_rdata_o[2] (output port clocked by clk_i)
Path Group: clk_i
Path Type: min

Fanout         Cap        Slew       Delay        Time   Description
---------------------------------------------------------------------------------------------
                                 10.000000   10.000000   clock clk_i (fall edge)
                                  0.000000   10.000000   clock source latency
     2    0.081042    0.000000    0.000000   10.000000 v clk_i (in)
                                                         clk_i (net)
                      0.015997    0.007999   10.007999 v clkbuf_0_clk_i/A (sky130_fd_sc_hd__clkbuf_16)
     2    0.039728    0.035058    0.102103   10.110103 v clkbuf_0_clk_i/X (sky130_fd_sc_hd__clkbuf_16)
                                                         clknet_0_clk_i (net)
                      0.035232    0.002228   10.112329 v clkbuf_1_0__f_clk_i/A (sky130_fd_sc_hd__clkbuf_16)
     1    0.066718    0.044914    0.113185   10.225515 v clkbuf_1_0__f_clk_i/X (sky130_fd_sc_hd__clkbuf_16)
                                                         clknet_1_0__leaf_clk_i (net)
                      0.083967    0.021893   10.247408 v u_sram/clk0 (sky130_sram_1kbyte_1rw1r_32x256_8)
     1    0.008612    0.005916    0.377663   10.625071 ^ u_sram/dout0[2] (sky130_sram_1kbyte_1rw1r_32x256_8)
                                                         axi_rdata_o[2] (net)
                      0.004437    0.000178   10.625249 ^ axi_rdata_o[2] (out)
                                             10.625249   data arrival time

                                  0.000000    0.000000   clock clk_i (rise edge)
                                  0.000000    0.000000   clock network delay (propagated)
                                  0.250000    0.250000   clock uncertainty
                                  0.000000    0.250000   clock reconvergence pessimism
                                 -2.000000   -1.750000   output external delay
                                             -1.750000   data required time
---------------------------------------------------------------------------------------------
                                             -1.750000   data required time
                                            -10.625249   data arrival time
---------------------------------------------------------------------------------------------
                                             12.375249   slack (MET)


Startpoint: u_sram (falling edge-triggered flip-flop clocked by clk_i)
Endpoint: axi_rdata_o[14] (output port clocked by clk_i)
Path Group: clk_i
Path Type: min

Fanout         Cap        Slew       Delay        Time   Description
---------------------------------------------------------------------------------------------
                                 10.000000   10.000000   clock clk_i (fall edge)
                                  0.000000   10.000000   clock source latency
     2    0.081042    0.000000    0.000000   10.000000 v clk_i (in)
                                                         clk_i (net)
                      0.015997    0.007999   10.007999 v clkbuf_0_clk_i/A (sky130_fd_sc_hd__clkbuf_16)
     2    0.039728    0.035058    0.102103   10.110103 v clkbuf_0_clk_i/X (sky130_fd_sc_hd__clkbuf_16)
                                                         clknet_0_clk_i (net)
                      0.035232    0.002228   10.112329 v clkbuf_1_0__f_clk_i/A (sky130_fd_sc_hd__clkbuf_16)
     1    0.066718    0.044914    0.113185   10.225515 v clkbuf_1_0__f_clk_i/X (sky130_fd_sc_hd__clkbuf_16)
                                                         clknet_1_0__leaf_clk_i (net)
                      0.083967    0.021893   10.247408 v u_sram/clk0 (sky130_sram_1kbyte_1rw1r_32x256_8)
     1    0.008630    0.005926    0.377766   10.625174 ^ u_sram/dout0[14] (sky130_sram_1kbyte_1rw1r_32x256_8)
                                                         axi_rdata_o[14] (net)
                      0.004445    0.000179   10.625353 ^ axi_rdata_o[14] (out)
                                             10.625353   data arrival time

                                  0.000000    0.000000   clock clk_i (rise edge)
                                  0.000000    0.000000   clock network delay (propagated)
                                  0.250000    0.250000   clock uncertainty
                                  0.000000    0.250000   clock reconvergence pessimism
                                 -2.000000   -1.750000   output external delay
                                             -1.750000   data required time
---------------------------------------------------------------------------------------------
                                             -1.750000   data required time
                                            -10.625353   data arrival time
---------------------------------------------------------------------------------------------
                                             12.375353   slack (MET)


Startpoint: u_sram (falling edge-triggered flip-flop clocked by clk_i)
Endpoint: axi_rdata_o[0] (output port clocked by clk_i)
Path Group: clk_i
Path Type: min

Fanout         Cap        Slew       Delay        Time   Description
---------------------------------------------------------------------------------------------
                                 10.000000   10.000000   clock clk_i (fall edge)
                                  0.000000   10.000000   clock source latency
     2    0.081042    0.000000    0.000000   10.000000 v clk_i (in)
                                                         clk_i (net)
                      0.015997    0.007999   10.007999 v clkbuf_0_clk_i/A (sky130_fd_sc_hd__clkbuf_16)
     2    0.039728    0.035058    0.102103   10.110103 v clkbuf_0_clk_i/X (sky130_fd_sc_hd__clkbuf_16)
                                                         clknet_0_clk_i (net)
                      0.035232    0.002228   10.112329 v clkbuf_1_0__f_clk_i/A (sky130_fd_sc_hd__clkbuf_16)
     1    0.066718    0.044914    0.113185   10.225515 v clkbuf_1_0__f_clk_i/X (sky130_fd_sc_hd__clkbuf_16)
                                                         clknet_1_0__leaf_clk_i (net)
                      0.083967    0.021893   10.247408 v u_sram/clk0 (sky130_sram_1kbyte_1rw1r_32x256_8)
     1    0.008638    0.005930    0.377808   10.625216 ^ u_sram/dout0[0] (sky130_sram_1kbyte_1rw1r_32x256_8)
                                                         axi_rdata_o[0] (net)
                      0.004448    0.000179   10.625394 ^ axi_rdata_o[0] (out)
                                             10.625394   data arrival time

                                  0.000000    0.000000   clock clk_i (rise edge)
                                  0.000000    0.000000   clock network delay (propagated)
                                  0.250000    0.250000   clock uncertainty
                                  0.000000    0.250000   clock reconvergence pessimism
                                 -2.000000   -1.750000   output external delay
                                             -1.750000   data required time
---------------------------------------------------------------------------------------------
                                             -1.750000   data required time
                                            -10.625394   data arrival time
---------------------------------------------------------------------------------------------
                                             12.375395   slack (MET)


Startpoint: u_sram (falling edge-triggered flip-flop clocked by clk_i)
Endpoint: axi_rdata_o[7] (output port clocked by clk_i)
Path Group: clk_i
Path Type: min

Fanout         Cap        Slew       Delay        Time   Description
---------------------------------------------------------------------------------------------
                                 10.000000   10.000000   clock clk_i (fall edge)
                                  0.000000   10.000000   clock source latency
     2    0.081042    0.000000    0.000000   10.000000 v clk_i (in)
                                                         clk_i (net)
                      0.015997    0.007999   10.007999 v clkbuf_0_clk_i/A (sky130_fd_sc_hd__clkbuf_16)
     2    0.039728    0.035058    0.102103   10.110103 v clkbuf_0_clk_i/X (sky130_fd_sc_hd__clkbuf_16)
                                                         clknet_0_clk_i (net)
                      0.035232    0.002228   10.112329 v clkbuf_1_0__f_clk_i/A (sky130_fd_sc_hd__clkbuf_16)
     1    0.066718    0.044914    0.113185   10.225515 v clkbuf_1_0__f_clk_i/X (sky130_fd_sc_hd__clkbuf_16)
                                                         clknet_1_0__leaf_clk_i (net)
                      0.083967    0.021893   10.247408 v u_sram/clk0 (sky130_sram_1kbyte_1rw1r_32x256_8)
     1    0.008855    0.006046    0.379028   10.626436 ^ u_sram/dout0[7] (sky130_sram_1kbyte_1rw1r_32x256_8)
                                                         axi_rdata_o[7] (net)
                      0.004534    0.000188   10.626624 ^ axi_rdata_o[7] (out)
                                             10.626624   data arrival time

                                  0.000000    0.000000   clock clk_i (rise edge)
                                  0.000000    0.000000   clock network delay (propagated)
                                  0.250000    0.250000   clock uncertainty
                                  0.000000    0.250000   clock reconvergence pessimism
                                 -2.000000   -1.750000   output external delay
                                             -1.750000   data required time
---------------------------------------------------------------------------------------------
                                             -1.750000   data required time
                                            -10.626624   data arrival time
---------------------------------------------------------------------------------------------
                                             12.376624   slack (MET)


Startpoint: u_sram (falling edge-triggered flip-flop clocked by clk_i)
Endpoint: axi_rdata_o[5] (output port clocked by clk_i)
Path Group: clk_i
Path Type: min

Fanout         Cap        Slew       Delay        Time   Description
---------------------------------------------------------------------------------------------
                                 10.000000   10.000000   clock clk_i (fall edge)
                                  0.000000   10.000000   clock source latency
     2    0.081042    0.000000    0.000000   10.000000 v clk_i (in)
                                                         clk_i (net)
                      0.015997    0.007999   10.007999 v clkbuf_0_clk_i/A (sky130_fd_sc_hd__clkbuf_16)
     2    0.039728    0.035058    0.102103   10.110103 v clkbuf_0_clk_i/X (sky130_fd_sc_hd__clkbuf_16)
                                                         clknet_0_clk_i (net)
                      0.035232    0.002228   10.112329 v clkbuf_1_0__f_clk_i/A (sky130_fd_sc_hd__clkbuf_16)
     1    0.066718    0.044914    0.113185   10.225515 v clkbuf_1_0__f_clk_i/X (sky130_fd_sc_hd__clkbuf_16)
                                                         clknet_1_0__leaf_clk_i (net)
                      0.083967    0.021893   10.247408 v u_sram/clk0 (sky130_sram_1kbyte_1rw1r_32x256_8)
     1    0.008907    0.006073    0.379318   10.626725 ^ u_sram/dout0[5] (sky130_sram_1kbyte_1rw1r_32x256_8)
                                                         axi_rdata_o[5] (net)
                      0.004555    0.000188   10.626914 ^ axi_rdata_o[5] (out)
                                             10.626914   data arrival time

                                  0.000000    0.000000   clock clk_i (rise edge)
                                  0.000000    0.000000   clock network delay (propagated)
                                  0.250000    0.250000   clock uncertainty
                                  0.000000    0.250000   clock reconvergence pessimism
                                 -2.000000   -1.750000   output external delay
                                             -1.750000   data required time
---------------------------------------------------------------------------------------------
                                             -1.750000   data required time
                                            -10.626914   data arrival time
---------------------------------------------------------------------------------------------
                                             12.376914   slack (MET)


Startpoint: u_sram (falling edge-triggered flip-flop clocked by clk_i)
Endpoint: axi_rdata_o[3] (output port clocked by clk_i)
Path Group: clk_i
Path Type: min

Fanout         Cap        Slew       Delay        Time   Description
---------------------------------------------------------------------------------------------
                                 10.000000   10.000000   clock clk_i (fall edge)
                                  0.000000   10.000000   clock source latency
     2    0.081042    0.000000    0.000000   10.000000 v clk_i (in)
                                                         clk_i (net)
                      0.015997    0.007999   10.007999 v clkbuf_0_clk_i/A (sky130_fd_sc_hd__clkbuf_16)
     2    0.039728    0.035058    0.102103   10.110103 v clkbuf_0_clk_i/X (sky130_fd_sc_hd__clkbuf_16)
                                                         clknet_0_clk_i (net)
                      0.035232    0.002228   10.112329 v clkbuf_1_0__f_clk_i/A (sky130_fd_sc_hd__clkbuf_16)
     1    0.066718    0.044914    0.113185   10.225515 v clkbuf_1_0__f_clk_i/X (sky130_fd_sc_hd__clkbuf_16)
                                                         clknet_1_0__leaf_clk_i (net)
                      0.083967    0.021893   10.247408 v u_sram/clk0 (sky130_sram_1kbyte_1rw1r_32x256_8)
     1    0.008994    0.006120    0.379808   10.627215 ^ u_sram/dout0[3] (sky130_sram_1kbyte_1rw1r_32x256_8)
                                                         axi_rdata_o[3] (net)
                      0.004590    0.000194   10.627410 ^ axi_rdata_o[3] (out)
                                             10.627410   data arrival time

                                  0.000000    0.000000   clock clk_i (rise edge)
                                  0.000000    0.000000   clock network delay (propagated)
                                  0.250000    0.250000   clock uncertainty
                                  0.000000    0.250000   clock reconvergence pessimism
                                 -2.000000   -1.750000   output external delay
                                             -1.750000   data required time
---------------------------------------------------------------------------------------------
                                             -1.750000   data required time
                                            -10.627410   data arrival time
---------------------------------------------------------------------------------------------
                                             12.377410   slack (MET)


Startpoint: u_sram (falling edge-triggered flip-flop clocked by clk_i)
Endpoint: axi_rdata_o[24] (output port clocked by clk_i)
Path Group: clk_i
Path Type: min

Fanout         Cap        Slew       Delay        Time   Description
---------------------------------------------------------------------------------------------
                                 10.000000   10.000000   clock clk_i (fall edge)
                                  0.000000   10.000000   clock source latency
     2    0.081042    0.000000    0.000000   10.000000 v clk_i (in)
                                                         clk_i (net)
                      0.015997    0.007999   10.007999 v clkbuf_0_clk_i/A (sky130_fd_sc_hd__clkbuf_16)
     2    0.039728    0.035058    0.102103   10.110103 v clkbuf_0_clk_i/X (sky130_fd_sc_hd__clkbuf_16)
                                                         clknet_0_clk_i (net)
                      0.035232    0.002228   10.112329 v clkbuf_1_0__f_clk_i/A (sky130_fd_sc_hd__clkbuf_16)
     1    0.066718    0.044914    0.113185   10.225515 v clkbuf_1_0__f_clk_i/X (sky130_fd_sc_hd__clkbuf_16)
                                                         clknet_1_0__leaf_clk_i (net)
                      0.083967    0.021893   10.247408 v u_sram/clk0 (sky130_sram_1kbyte_1rw1r_32x256_8)
     1    0.009297    0.006281    0.381510   10.628918 ^ u_sram/dout0[24] (sky130_sram_1kbyte_1rw1r_32x256_8)
                                                         axi_rdata_o[24] (net)
                      0.004711    0.000225   10.629143 ^ axi_rdata_o[24] (out)
                                             10.629143   data arrival time

                                  0.000000    0.000000   clock clk_i (rise edge)
                                  0.000000    0.000000   clock network delay (propagated)
                                  0.250000    0.250000   clock uncertainty
                                  0.000000    0.250000   clock reconvergence pessimism
                                 -2.000000   -1.750000   output external delay
                                             -1.750000   data required time
---------------------------------------------------------------------------------------------
                                             -1.750000   data required time
                                            -10.629143   data arrival time
---------------------------------------------------------------------------------------------
                                             12.379143   slack (MET)


Startpoint: u_sram (falling edge-triggered flip-flop clocked by clk_i)
Endpoint: axi_rdata_o[20] (output port clocked by clk_i)
Path Group: clk_i
Path Type: min

Fanout         Cap        Slew       Delay        Time   Description
---------------------------------------------------------------------------------------------
                                 10.000000   10.000000   clock clk_i (fall edge)
                                  0.000000   10.000000   clock source latency
     2    0.081042    0.000000    0.000000   10.000000 v clk_i (in)
                                                         clk_i (net)
                      0.015997    0.007999   10.007999 v clkbuf_0_clk_i/A (sky130_fd_sc_hd__clkbuf_16)
     2    0.039728    0.035058    0.102103   10.110103 v clkbuf_0_clk_i/X (sky130_fd_sc_hd__clkbuf_16)
                                                         clknet_0_clk_i (net)
                      0.035232    0.002228   10.112329 v clkbuf_1_0__f_clk_i/A (sky130_fd_sc_hd__clkbuf_16)
     1    0.066718    0.044914    0.113185   10.225515 v clkbuf_1_0__f_clk_i/X (sky130_fd_sc_hd__clkbuf_16)
                                                         clknet_1_0__leaf_clk_i (net)
                      0.083967    0.021893   10.247408 v u_sram/clk0 (sky130_sram_1kbyte_1rw1r_32x256_8)
     1    0.009470    0.006373    0.382481   10.629889 ^ u_sram/dout0[20] (sky130_sram_1kbyte_1rw1r_32x256_8)
                                                         axi_rdata_o[20] (net)
                      0.004780    0.000208   10.630096 ^ axi_rdata_o[20] (out)
                                             10.630096   data arrival time

                                  0.000000    0.000000   clock clk_i (rise edge)
                                  0.000000    0.000000   clock network delay (propagated)
                                  0.250000    0.250000   clock uncertainty
                                  0.000000    0.250000   clock reconvergence pessimism
                                 -2.000000   -1.750000   output external delay
                                             -1.750000   data required time
---------------------------------------------------------------------------------------------
                                             -1.750000   data required time
                                            -10.630096   data arrival time
---------------------------------------------------------------------------------------------
                                             12.380096   slack (MET)


Startpoint: u_sram (falling edge-triggered flip-flop clocked by clk_i)
Endpoint: axi_rdata_o[10] (output port clocked by clk_i)
Path Group: clk_i
Path Type: min

Fanout         Cap        Slew       Delay        Time   Description
---------------------------------------------------------------------------------------------
                                 10.000000   10.000000   clock clk_i (fall edge)
                                  0.000000   10.000000   clock source latency
     2    0.081042    0.000000    0.000000   10.000000 v clk_i (in)
                                                         clk_i (net)
                      0.015997    0.007999   10.007999 v clkbuf_0_clk_i/A (sky130_fd_sc_hd__clkbuf_16)
     2    0.039728    0.035058    0.102103   10.110103 v clkbuf_0_clk_i/X (sky130_fd_sc_hd__clkbuf_16)
                                                         clknet_0_clk_i (net)
                      0.035232    0.002228   10.112329 v clkbuf_1_0__f_clk_i/A (sky130_fd_sc_hd__clkbuf_16)
     1    0.066718    0.044914    0.113185   10.225515 v clkbuf_1_0__f_clk_i/X (sky130_fd_sc_hd__clkbuf_16)
                                                         clknet_1_0__leaf_clk_i (net)
                      0.083967    0.021893   10.247408 v u_sram/clk0 (sky130_sram_1kbyte_1rw1r_32x256_8)
     1    0.009475    0.006376    0.382508   10.629916 ^ u_sram/dout0[10] (sky130_sram_1kbyte_1rw1r_32x256_8)
                                                         axi_rdata_o[10] (net)
                      0.004782    0.000208   10.630124 ^ axi_rdata_o[10] (out)
                                             10.630124   data arrival time

                                  0.000000    0.000000   clock clk_i (rise edge)
                                  0.000000    0.000000   clock network delay (propagated)
                                  0.250000    0.250000   clock uncertainty
                                  0.000000    0.250000   clock reconvergence pessimism
                                 -2.000000   -1.750000   output external delay
                                             -1.750000   data required time
---------------------------------------------------------------------------------------------
                                             -1.750000   data required time
                                            -10.630124   data arrival time
---------------------------------------------------------------------------------------------
                                             12.380124   slack (MET)


Startpoint: u_sram (falling edge-triggered flip-flop clocked by clk_i)
Endpoint: axi_rdata_o[17] (output port clocked by clk_i)
Path Group: clk_i
Path Type: min

Fanout         Cap        Slew       Delay        Time   Description
---------------------------------------------------------------------------------------------
                                 10.000000   10.000000   clock clk_i (fall edge)
                                  0.000000   10.000000   clock source latency
     2    0.081042    0.000000    0.000000   10.000000 v clk_i (in)
                                                         clk_i (net)
                      0.015997    0.007999   10.007999 v clkbuf_0_clk_i/A (sky130_fd_sc_hd__clkbuf_16)
     2    0.039728    0.035058    0.102103   10.110103 v clkbuf_0_clk_i/X (sky130_fd_sc_hd__clkbuf_16)
                                                         clknet_0_clk_i (net)
                      0.035232    0.002228   10.112329 v clkbuf_1_0__f_clk_i/A (sky130_fd_sc_hd__clkbuf_16)
     1    0.066718    0.044914    0.113185   10.225515 v clkbuf_1_0__f_clk_i/X (sky130_fd_sc_hd__clkbuf_16)
                                                         clknet_1_0__leaf_clk_i (net)
                      0.083967    0.021893   10.247408 v u_sram/clk0 (sky130_sram_1kbyte_1rw1r_32x256_8)
     1    0.009538    0.006409    0.382863   10.630270 ^ u_sram/dout0[17] (sky130_sram_1kbyte_1rw1r_32x256_8)
                                                         axi_rdata_o[17] (net)
                      0.004807    0.000178   10.630448 ^ axi_rdata_o[17] (out)
                                             10.630448   data arrival time

                                  0.000000    0.000000   clock clk_i (rise edge)
                                  0.000000    0.000000   clock network delay (propagated)
                                  0.250000    0.250000   clock uncertainty
                                  0.000000    0.250000   clock reconvergence pessimism
                                 -2.000000   -1.750000   output external delay
                                             -1.750000   data required time
---------------------------------------------------------------------------------------------
                                             -1.750000   data required time
                                            -10.630448   data arrival time
---------------------------------------------------------------------------------------------
                                             12.380448   slack (MET)


Startpoint: u_sram (falling edge-triggered flip-flop clocked by clk_i)
Endpoint: axi_rdata_o[6] (output port clocked by clk_i)
Path Group: clk_i
Path Type: min

Fanout         Cap        Slew       Delay        Time   Description
---------------------------------------------------------------------------------------------
                                 10.000000   10.000000   clock clk_i (fall edge)
                                  0.000000   10.000000   clock source latency
     2    0.081042    0.000000    0.000000   10.000000 v clk_i (in)
                                                         clk_i (net)
                      0.015997    0.007999   10.007999 v clkbuf_0_clk_i/A (sky130_fd_sc_hd__clkbuf_16)
     2    0.039728    0.035058    0.102103   10.110103 v clkbuf_0_clk_i/X (sky130_fd_sc_hd__clkbuf_16)
                                                         clknet_0_clk_i (net)
                      0.035232    0.002228   10.112329 v clkbuf_1_0__f_clk_i/A (sky130_fd_sc_hd__clkbuf_16)
     1    0.066718    0.044914    0.113185   10.225515 v clkbuf_1_0__f_clk_i/X (sky130_fd_sc_hd__clkbuf_16)
                                                         clknet_1_0__leaf_clk_i (net)
                      0.083967    0.021893   10.247408 v u_sram/clk0 (sky130_sram_1kbyte_1rw1r_32x256_8)
     1    0.009556    0.006419    0.382962   10.630370 ^ u_sram/dout0[6] (sky130_sram_1kbyte_1rw1r_32x256_8)
                                                         axi_rdata_o[6] (net)
                      0.004814    0.000212   10.630582 ^ axi_rdata_o[6] (out)
                                             10.630582   data arrival time

                                  0.000000    0.000000   clock clk_i (rise edge)
                                  0.000000    0.000000   clock network delay (propagated)
                                  0.250000    0.250000   clock uncertainty
                                  0.000000    0.250000   clock reconvergence pessimism
                                 -2.000000   -1.750000   output external delay
                                             -1.750000   data required time
---------------------------------------------------------------------------------------------
                                             -1.750000   data required time
                                            -10.630582   data arrival time
---------------------------------------------------------------------------------------------
                                             12.380582   slack (MET)


Startpoint: u_sram (falling edge-triggered flip-flop clocked by clk_i)
Endpoint: axi_rdata_o[4] (output port clocked by clk_i)
Path Group: clk_i
Path Type: min

Fanout         Cap        Slew       Delay        Time   Description
---------------------------------------------------------------------------------------------
                                 10.000000   10.000000   clock clk_i (fall edge)
                                  0.000000   10.000000   clock source latency
     2    0.081042    0.000000    0.000000   10.000000 v clk_i (in)
                                                         clk_i (net)
                      0.015997    0.007999   10.007999 v clkbuf_0_clk_i/A (sky130_fd_sc_hd__clkbuf_16)
     2    0.039728    0.035058    0.102103   10.110103 v clkbuf_0_clk_i/X (sky130_fd_sc_hd__clkbuf_16)
                                                         clknet_0_clk_i (net)
                      0.035232    0.002228   10.112329 v clkbuf_1_0__f_clk_i/A (sky130_fd_sc_hd__clkbuf_16)
     1    0.066718    0.044914    0.113185   10.225515 v clkbuf_1_0__f_clk_i/X (sky130_fd_sc_hd__clkbuf_16)
                                                         clknet_1_0__leaf_clk_i (net)
                      0.083967    0.021893   10.247408 v u_sram/clk0 (sky130_sram_1kbyte_1rw1r_32x256_8)
     1    0.009566    0.006424    0.383021   10.630428 ^ u_sram/dout0[4] (sky130_sram_1kbyte_1rw1r_32x256_8)
                                                         axi_rdata_o[4] (net)
                      0.004818    0.000212   10.630641 ^ axi_rdata_o[4] (out)
                                             10.630641   data arrival time

                                  0.000000    0.000000   clock clk_i (rise edge)
                                  0.000000    0.000000   clock network delay (propagated)
                                  0.250000    0.250000   clock uncertainty
                                  0.000000    0.250000   clock reconvergence pessimism
                                 -2.000000   -1.750000   output external delay
                                             -1.750000   data required time
---------------------------------------------------------------------------------------------
                                             -1.750000   data required time
                                            -10.630641   data arrival time
---------------------------------------------------------------------------------------------
                                             12.380641   slack (MET)


Startpoint: u_sram (falling edge-triggered flip-flop clocked by clk_i)
Endpoint: axi_rdata_o[8] (output port clocked by clk_i)
Path Group: clk_i
Path Type: min

Fanout         Cap        Slew       Delay        Time   Description
---------------------------------------------------------------------------------------------
                                 10.000000   10.000000   clock clk_i (fall edge)
                                  0.000000   10.000000   clock source latency
     2    0.081042    0.000000    0.000000   10.000000 v clk_i (in)
                                                         clk_i (net)
                      0.015997    0.007999   10.007999 v clkbuf_0_clk_i/A (sky130_fd_sc_hd__clkbuf_16)
     2    0.039728    0.035058    0.102103   10.110103 v clkbuf_0_clk_i/X (sky130_fd_sc_hd__clkbuf_16)
                                                         clknet_0_clk_i (net)
                      0.035232    0.002228   10.112329 v clkbuf_1_0__f_clk_i/A (sky130_fd_sc_hd__clkbuf_16)
     1    0.066718    0.044914    0.113185   10.225515 v clkbuf_1_0__f_clk_i/X (sky130_fd_sc_hd__clkbuf_16)
                                                         clknet_1_0__leaf_clk_i (net)
                      0.083967    0.021893   10.247408 v u_sram/clk0 (sky130_sram_1kbyte_1rw1r_32x256_8)
     1    0.009567    0.006425    0.383024   10.630432 ^ u_sram/dout0[8] (sky130_sram_1kbyte_1rw1r_32x256_8)
                                                         axi_rdata_o[8] (net)
                      0.004819    0.000212   10.630644 ^ axi_rdata_o[8] (out)
                                             10.630644   data arrival time

                                  0.000000    0.000000   clock clk_i (rise edge)
                                  0.000000    0.000000   clock network delay (propagated)
                                  0.250000    0.250000   clock uncertainty
                                  0.000000    0.250000   clock reconvergence pessimism
                                 -2.000000   -1.750000   output external delay
                                             -1.750000   data required time
---------------------------------------------------------------------------------------------
                                             -1.750000   data required time
                                            -10.630644   data arrival time
---------------------------------------------------------------------------------------------
                                             12.380645   slack (MET)


Startpoint: u_sram (falling edge-triggered flip-flop clocked by clk_i)
Endpoint: axi_rdata_o[18] (output port clocked by clk_i)
Path Group: clk_i
Path Type: min

Fanout         Cap        Slew       Delay        Time   Description
---------------------------------------------------------------------------------------------
                                 10.000000   10.000000   clock clk_i (fall edge)
                                  0.000000   10.000000   clock source latency
     2    0.081042    0.000000    0.000000   10.000000 v clk_i (in)
                                                         clk_i (net)
                      0.015997    0.007999   10.007999 v clkbuf_0_clk_i/A (sky130_fd_sc_hd__clkbuf_16)
     2    0.039728    0.035058    0.102103   10.110103 v clkbuf_0_clk_i/X (sky130_fd_sc_hd__clkbuf_16)
                                                         clknet_0_clk_i (net)
                      0.035232    0.002228   10.112329 v clkbuf_1_0__f_clk_i/A (sky130_fd_sc_hd__clkbuf_16)
     1    0.066718    0.044914    0.113185   10.225515 v clkbuf_1_0__f_clk_i/X (sky130_fd_sc_hd__clkbuf_16)
                                                         clknet_1_0__leaf_clk_i (net)
                      0.083967    0.021893   10.247408 v u_sram/clk0 (sky130_sram_1kbyte_1rw1r_32x256_8)
     1    0.010521    0.006932    0.388375   10.635782 ^ u_sram/dout0[18] (sky130_sram_1kbyte_1rw1r_32x256_8)
                                                         axi_rdata_o[18] (net)
                      0.005199    0.000234   10.636017 ^ axi_rdata_o[18] (out)
                                             10.636017   data arrival time

                                  0.000000    0.000000   clock clk_i (rise edge)
                                  0.000000    0.000000   clock network delay (propagated)
                                  0.250000    0.250000   clock uncertainty
                                  0.000000    0.250000   clock reconvergence pessimism
                                 -2.000000   -1.750000   output external delay
                                             -1.750000   data required time
---------------------------------------------------------------------------------------------
                                             -1.750000   data required time
                                            -10.636017   data arrival time
---------------------------------------------------------------------------------------------
                                             12.386017   slack (MET)



%OL_END_REPORT
%OL_CREATE_REPORT max.rpt

===========================================================================
report_checks -path_delay max (Setup)
============================================================================
======================= max_ff_n40C_1v95 Corner ===================================

Startpoint: u_sram (falling edge-triggered flip-flop clocked by clk_i)
Endpoint: axi_rdata_o[18] (output port clocked by clk_i)
Path Group: clk_i
Path Type: max

Fanout         Cap        Slew       Delay        Time   Description
---------------------------------------------------------------------------------------------
                                 10.000000   10.000000   clock clk_i (fall edge)
                                  0.000000   10.000000   clock source latency
     2    0.081042    0.000000    0.000000   10.000000 v clk_i (in)
                                                         clk_i (net)
                      0.015997    0.007999   10.007999 v clkbuf_0_clk_i/A (sky130_fd_sc_hd__clkbuf_16)
     2    0.039728    0.035058    0.102103   10.110103 v clkbuf_0_clk_i/X (sky130_fd_sc_hd__clkbuf_16)
                                                         clknet_0_clk_i (net)
                      0.035232    0.002228   10.112329 v clkbuf_1_0__f_clk_i/A (sky130_fd_sc_hd__clkbuf_16)
     1    0.066718    0.044914    0.113185   10.225515 v clkbuf_1_0__f_clk_i/X (sky130_fd_sc_hd__clkbuf_16)
                                                         clknet_1_0__leaf_clk_i (net)
                      0.083967    0.021893   10.247408 v u_sram/clk0 (sky130_sram_1kbyte_1rw1r_32x256_8)
     1    0.010521    0.006932    0.388375   10.635782 ^ u_sram/dout0[18] (sky130_sram_1kbyte_1rw1r_32x256_8)
                                                         axi_rdata_o[18] (net)
                      0.005199    0.000234   10.636017 ^ axi_rdata_o[18] (out)
                                             10.636017   data arrival time

                                 20.000000   20.000000   clock clk_i (rise edge)
                                  0.000000   20.000000   clock network delay (propagated)
                                 -0.250000   19.750002   clock uncertainty
                                  0.000000   19.750002   clock reconvergence pessimism
                                 -2.000000   17.750002   output external delay
                                             17.750002   data required time
---------------------------------------------------------------------------------------------
                                             17.750002   data required time
                                            -10.636017   data arrival time
---------------------------------------------------------------------------------------------
                                              7.113984   slack (MET)


Startpoint: u_sram (falling edge-triggered flip-flop clocked by clk_i)
Endpoint: axi_rdata_o[4] (output port clocked by clk_i)
Path Group: clk_i
Path Type: max

Fanout         Cap        Slew       Delay        Time   Description
---------------------------------------------------------------------------------------------
                                 10.000000   10.000000   clock clk_i (fall edge)
                                  0.000000   10.000000   clock source latency
     2    0.081042    0.000000    0.000000   10.000000 v clk_i (in)
                                                         clk_i (net)
                      0.015997    0.007999   10.007999 v clkbuf_0_clk_i/A (sky130_fd_sc_hd__clkbuf_16)
     2    0.039728    0.035058    0.102103   10.110103 v clkbuf_0_clk_i/X (sky130_fd_sc_hd__clkbuf_16)
                                                         clknet_0_clk_i (net)
                      0.035232    0.002228   10.112329 v clkbuf_1_0__f_clk_i/A (sky130_fd_sc_hd__clkbuf_16)
     1    0.066718    0.044914    0.113185   10.225515 v clkbuf_1_0__f_clk_i/X (sky130_fd_sc_hd__clkbuf_16)
                                                         clknet_1_0__leaf_clk_i (net)
                      0.083967    0.021893   10.247408 v u_sram/clk0 (sky130_sram_1kbyte_1rw1r_32x256_8)
     1    0.009566    0.006424    0.383021   10.630428 ^ u_sram/dout0[4] (sky130_sram_1kbyte_1rw1r_32x256_8)
                                                         axi_rdata_o[4] (net)
                      0.004818    0.000212   10.630641 ^ axi_rdata_o[4] (out)
                                             10.630641   data arrival time

                                 20.000000   20.000000   clock clk_i (rise edge)
                                  0.000000   20.000000   clock network delay (propagated)
                                 -0.250000   19.750002   clock uncertainty
                                  0.000000   19.750002   clock reconvergence pessimism
                                 -2.000000   17.750002   output external delay
                                             17.750002   data required time
---------------------------------------------------------------------------------------------
                                             17.750002   data required time
                                            -10.630641   data arrival time
---------------------------------------------------------------------------------------------
                                              7.119360   slack (MET)


Startpoint: u_sram (falling edge-triggered flip-flop clocked by clk_i)
Endpoint: axi_rdata_o[8] (output port clocked by clk_i)
Path Group: clk_i
Path Type: max

Fanout         Cap        Slew       Delay        Time   Description
---------------------------------------------------------------------------------------------
                                 10.000000   10.000000   clock clk_i (fall edge)
                                  0.000000   10.000000   clock source latency
     2    0.081042    0.000000    0.000000   10.000000 v clk_i (in)
                                                         clk_i (net)
                      0.015997    0.007999   10.007999 v clkbuf_0_clk_i/A (sky130_fd_sc_hd__clkbuf_16)
     2    0.039728    0.035058    0.102103   10.110103 v clkbuf_0_clk_i/X (sky130_fd_sc_hd__clkbuf_16)
                                                         clknet_0_clk_i (net)
                      0.035232    0.002228   10.112329 v clkbuf_1_0__f_clk_i/A (sky130_fd_sc_hd__clkbuf_16)
     1    0.066718    0.044914    0.113185   10.225515 v clkbuf_1_0__f_clk_i/X (sky130_fd_sc_hd__clkbuf_16)
                                                         clknet_1_0__leaf_clk_i (net)
                      0.083967    0.021893   10.247408 v u_sram/clk0 (sky130_sram_1kbyte_1rw1r_32x256_8)
     1    0.009567    0.006425    0.383024   10.630432 ^ u_sram/dout0[8] (sky130_sram_1kbyte_1rw1r_32x256_8)
                                                         axi_rdata_o[8] (net)
                      0.004819    0.000212   10.630644 ^ axi_rdata_o[8] (out)
                                             10.630644   data arrival time

                                 20.000000   20.000000   clock clk_i (rise edge)
                                  0.000000   20.000000   clock network delay (propagated)
                                 -0.250000   19.750002   clock uncertainty
                                  0.000000   19.750002   clock reconvergence pessimism
                                 -2.000000   17.750002   output external delay
                                             17.750002   data required time
---------------------------------------------------------------------------------------------
                                             17.750002   data required time
                                            -10.630644   data arrival time
---------------------------------------------------------------------------------------------
                                              7.119357   slack (MET)


Startpoint: u_sram (falling edge-triggered flip-flop clocked by clk_i)
Endpoint: axi_rdata_o[6] (output port clocked by clk_i)
Path Group: clk_i
Path Type: max

Fanout         Cap        Slew       Delay        Time   Description
---------------------------------------------------------------------------------------------
                                 10.000000   10.000000   clock clk_i (fall edge)
                                  0.000000   10.000000   clock source latency
     2    0.081042    0.000000    0.000000   10.000000 v clk_i (in)
                                                         clk_i (net)
                      0.015997    0.007999   10.007999 v clkbuf_0_clk_i/A (sky130_fd_sc_hd__clkbuf_16)
     2    0.039728    0.035058    0.102103   10.110103 v clkbuf_0_clk_i/X (sky130_fd_sc_hd__clkbuf_16)
                                                         clknet_0_clk_i (net)
                      0.035232    0.002228   10.112329 v clkbuf_1_0__f_clk_i/A (sky130_fd_sc_hd__clkbuf_16)
     1    0.066718    0.044914    0.113185   10.225515 v clkbuf_1_0__f_clk_i/X (sky130_fd_sc_hd__clkbuf_16)
                                                         clknet_1_0__leaf_clk_i (net)
                      0.083967    0.021893   10.247408 v u_sram/clk0 (sky130_sram_1kbyte_1rw1r_32x256_8)
     1    0.009556    0.006419    0.382962   10.630370 ^ u_sram/dout0[6] (sky130_sram_1kbyte_1rw1r_32x256_8)
                                                         axi_rdata_o[6] (net)
                      0.004814    0.000212   10.630582 ^ axi_rdata_o[6] (out)
                                             10.630582   data arrival time

                                 20.000000   20.000000   clock clk_i (rise edge)
                                  0.000000   20.000000   clock network delay (propagated)
                                 -0.250000   19.750002   clock uncertainty
                                  0.000000   19.750002   clock reconvergence pessimism
                                 -2.000000   17.750002   output external delay
                                             17.750002   data required time
---------------------------------------------------------------------------------------------
                                             17.750002   data required time
                                            -10.630582   data arrival time
---------------------------------------------------------------------------------------------
                                              7.119419   slack (MET)


Startpoint: u_sram (falling edge-triggered flip-flop clocked by clk_i)
Endpoint: axi_rdata_o[17] (output port clocked by clk_i)
Path Group: clk_i
Path Type: max

Fanout         Cap        Slew       Delay        Time   Description
---------------------------------------------------------------------------------------------
                                 10.000000   10.000000   clock clk_i (fall edge)
                                  0.000000   10.000000   clock source latency
     2    0.081042    0.000000    0.000000   10.000000 v clk_i (in)
                                                         clk_i (net)
                      0.015997    0.007999   10.007999 v clkbuf_0_clk_i/A (sky130_fd_sc_hd__clkbuf_16)
     2    0.039728    0.035058    0.102103   10.110103 v clkbuf_0_clk_i/X (sky130_fd_sc_hd__clkbuf_16)
                                                         clknet_0_clk_i (net)
                      0.035232    0.002228   10.112329 v clkbuf_1_0__f_clk_i/A (sky130_fd_sc_hd__clkbuf_16)
     1    0.066718    0.044914    0.113185   10.225515 v clkbuf_1_0__f_clk_i/X (sky130_fd_sc_hd__clkbuf_16)
                                                         clknet_1_0__leaf_clk_i (net)
                      0.083967    0.021893   10.247408 v u_sram/clk0 (sky130_sram_1kbyte_1rw1r_32x256_8)
     1    0.009538    0.006409    0.382863   10.630270 ^ u_sram/dout0[17] (sky130_sram_1kbyte_1rw1r_32x256_8)
                                                         axi_rdata_o[17] (net)
                      0.004807    0.000178   10.630448 ^ axi_rdata_o[17] (out)
                                             10.630448   data arrival time

                                 20.000000   20.000000   clock clk_i (rise edge)
                                  0.000000   20.000000   clock network delay (propagated)
                                 -0.250000   19.750002   clock uncertainty
                                  0.000000   19.750002   clock reconvergence pessimism
                                 -2.000000   17.750002   output external delay
                                             17.750002   data required time
---------------------------------------------------------------------------------------------
                                             17.750002   data required time
                                            -10.630448   data arrival time
---------------------------------------------------------------------------------------------
                                              7.119553   slack (MET)


Startpoint: u_sram (falling edge-triggered flip-flop clocked by clk_i)
Endpoint: axi_rdata_o[10] (output port clocked by clk_i)
Path Group: clk_i
Path Type: max

Fanout         Cap        Slew       Delay        Time   Description
---------------------------------------------------------------------------------------------
                                 10.000000   10.000000   clock clk_i (fall edge)
                                  0.000000   10.000000   clock source latency
     2    0.081042    0.000000    0.000000   10.000000 v clk_i (in)
                                                         clk_i (net)
                      0.015997    0.007999   10.007999 v clkbuf_0_clk_i/A (sky130_fd_sc_hd__clkbuf_16)
     2    0.039728    0.035058    0.102103   10.110103 v clkbuf_0_clk_i/X (sky130_fd_sc_hd__clkbuf_16)
                                                         clknet_0_clk_i (net)
                      0.035232    0.002228   10.112329 v clkbuf_1_0__f_clk_i/A (sky130_fd_sc_hd__clkbuf_16)
     1    0.066718    0.044914    0.113185   10.225515 v clkbuf_1_0__f_clk_i/X (sky130_fd_sc_hd__clkbuf_16)
                                                         clknet_1_0__leaf_clk_i (net)
                      0.083967    0.021893   10.247408 v u_sram/clk0 (sky130_sram_1kbyte_1rw1r_32x256_8)
     1    0.009475    0.006376    0.382508   10.629916 ^ u_sram/dout0[10] (sky130_sram_1kbyte_1rw1r_32x256_8)
                                                         axi_rdata_o[10] (net)
                      0.004782    0.000208   10.630124 ^ axi_rdata_o[10] (out)
                                             10.630124   data arrival time

                                 20.000000   20.000000   clock clk_i (rise edge)
                                  0.000000   20.000000   clock network delay (propagated)
                                 -0.250000   19.750002   clock uncertainty
                                  0.000000   19.750002   clock reconvergence pessimism
                                 -2.000000   17.750002   output external delay
                                             17.750002   data required time
---------------------------------------------------------------------------------------------
                                             17.750002   data required time
                                            -10.630124   data arrival time
---------------------------------------------------------------------------------------------
                                              7.119877   slack (MET)


Startpoint: u_sram (falling edge-triggered flip-flop clocked by clk_i)
Endpoint: axi_rdata_o[20] (output port clocked by clk_i)
Path Group: clk_i
Path Type: max

Fanout         Cap        Slew       Delay        Time   Description
---------------------------------------------------------------------------------------------
                                 10.000000   10.000000   clock clk_i (fall edge)
                                  0.000000   10.000000   clock source latency
     2    0.081042    0.000000    0.000000   10.000000 v clk_i (in)
                                                         clk_i (net)
                      0.015997    0.007999   10.007999 v clkbuf_0_clk_i/A (sky130_fd_sc_hd__clkbuf_16)
     2    0.039728    0.035058    0.102103   10.110103 v clkbuf_0_clk_i/X (sky130_fd_sc_hd__clkbuf_16)
                                                         clknet_0_clk_i (net)
                      0.035232    0.002228   10.112329 v clkbuf_1_0__f_clk_i/A (sky130_fd_sc_hd__clkbuf_16)
     1    0.066718    0.044914    0.113185   10.225515 v clkbuf_1_0__f_clk_i/X (sky130_fd_sc_hd__clkbuf_16)
                                                         clknet_1_0__leaf_clk_i (net)
                      0.083967    0.021893   10.247408 v u_sram/clk0 (sky130_sram_1kbyte_1rw1r_32x256_8)
     1    0.009470    0.006373    0.382481   10.629889 ^ u_sram/dout0[20] (sky130_sram_1kbyte_1rw1r_32x256_8)
                                                         axi_rdata_o[20] (net)
                      0.004780    0.000208   10.630096 ^ axi_rdata_o[20] (out)
                                             10.630096   data arrival time

                                 20.000000   20.000000   clock clk_i (rise edge)
                                  0.000000   20.000000   clock network delay (propagated)
                                 -0.250000   19.750002   clock uncertainty
                                  0.000000   19.750002   clock reconvergence pessimism
                                 -2.000000   17.750002   output external delay
                                             17.750002   data required time
---------------------------------------------------------------------------------------------
                                             17.750002   data required time
                                            -10.630096   data arrival time
---------------------------------------------------------------------------------------------
                                              7.119905   slack (MET)


Startpoint: u_sram (falling edge-triggered flip-flop clocked by clk_i)
Endpoint: axi_rdata_o[24] (output port clocked by clk_i)
Path Group: clk_i
Path Type: max

Fanout         Cap        Slew       Delay        Time   Description
---------------------------------------------------------------------------------------------
                                 10.000000   10.000000   clock clk_i (fall edge)
                                  0.000000   10.000000   clock source latency
     2    0.081042    0.000000    0.000000   10.000000 v clk_i (in)
                                                         clk_i (net)
                      0.015997    0.007999   10.007999 v clkbuf_0_clk_i/A (sky130_fd_sc_hd__clkbuf_16)
     2    0.039728    0.035058    0.102103   10.110103 v clkbuf_0_clk_i/X (sky130_fd_sc_hd__clkbuf_16)
                                                         clknet_0_clk_i (net)
                      0.035232    0.002228   10.112329 v clkbuf_1_0__f_clk_i/A (sky130_fd_sc_hd__clkbuf_16)
     1    0.066718    0.044914    0.113185   10.225515 v clkbuf_1_0__f_clk_i/X (sky130_fd_sc_hd__clkbuf_16)
                                                         clknet_1_0__leaf_clk_i (net)
                      0.083967    0.021893   10.247408 v u_sram/clk0 (sky130_sram_1kbyte_1rw1r_32x256_8)
     1    0.009297    0.006281    0.381510   10.628918 ^ u_sram/dout0[24] (sky130_sram_1kbyte_1rw1r_32x256_8)
                                                         axi_rdata_o[24] (net)
                      0.004711    0.000225   10.629143 ^ axi_rdata_o[24] (out)
                                             10.629143   data arrival time

                                 20.000000   20.000000   clock clk_i (rise edge)
                                  0.000000   20.000000   clock network delay (propagated)
                                 -0.250000   19.750002   clock uncertainty
                                  0.000000   19.750002   clock reconvergence pessimism
                                 -2.000000   17.750002   output external delay
                                             17.750002   data required time
---------------------------------------------------------------------------------------------
                                             17.750002   data required time
                                            -10.629143   data arrival time
---------------------------------------------------------------------------------------------
                                              7.120859   slack (MET)


Startpoint: u_sram (falling edge-triggered flip-flop clocked by clk_i)
Endpoint: axi_rdata_o[3] (output port clocked by clk_i)
Path Group: clk_i
Path Type: max

Fanout         Cap        Slew       Delay        Time   Description
---------------------------------------------------------------------------------------------
                                 10.000000   10.000000   clock clk_i (fall edge)
                                  0.000000   10.000000   clock source latency
     2    0.081042    0.000000    0.000000   10.000000 v clk_i (in)
                                                         clk_i (net)
                      0.015997    0.007999   10.007999 v clkbuf_0_clk_i/A (sky130_fd_sc_hd__clkbuf_16)
     2    0.039728    0.035058    0.102103   10.110103 v clkbuf_0_clk_i/X (sky130_fd_sc_hd__clkbuf_16)
                                                         clknet_0_clk_i (net)
                      0.035232    0.002228   10.112329 v clkbuf_1_0__f_clk_i/A (sky130_fd_sc_hd__clkbuf_16)
     1    0.066718    0.044914    0.113185   10.225515 v clkbuf_1_0__f_clk_i/X (sky130_fd_sc_hd__clkbuf_16)
                                                         clknet_1_0__leaf_clk_i (net)
                      0.083967    0.021893   10.247408 v u_sram/clk0 (sky130_sram_1kbyte_1rw1r_32x256_8)
     1    0.008994    0.006120    0.379808   10.627215 ^ u_sram/dout0[3] (sky130_sram_1kbyte_1rw1r_32x256_8)
                                                         axi_rdata_o[3] (net)
                      0.004590    0.000194   10.627410 ^ axi_rdata_o[3] (out)
                                             10.627410   data arrival time

                                 20.000000   20.000000   clock clk_i (rise edge)
                                  0.000000   20.000000   clock network delay (propagated)
                                 -0.250000   19.750002   clock uncertainty
                                  0.000000   19.750002   clock reconvergence pessimism
                                 -2.000000   17.750002   output external delay
                                             17.750002   data required time
---------------------------------------------------------------------------------------------
                                             17.750002   data required time
                                            -10.627410   data arrival time
---------------------------------------------------------------------------------------------
                                              7.122591   slack (MET)


Startpoint: u_sram (falling edge-triggered flip-flop clocked by clk_i)
Endpoint: axi_rdata_o[5] (output port clocked by clk_i)
Path Group: clk_i
Path Type: max

Fanout         Cap        Slew       Delay        Time   Description
---------------------------------------------------------------------------------------------
                                 10.000000   10.000000   clock clk_i (fall edge)
                                  0.000000   10.000000   clock source latency
     2    0.081042    0.000000    0.000000   10.000000 v clk_i (in)
                                                         clk_i (net)
                      0.015997    0.007999   10.007999 v clkbuf_0_clk_i/A (sky130_fd_sc_hd__clkbuf_16)
     2    0.039728    0.035058    0.102103   10.110103 v clkbuf_0_clk_i/X (sky130_fd_sc_hd__clkbuf_16)
                                                         clknet_0_clk_i (net)
                      0.035232    0.002228   10.112329 v clkbuf_1_0__f_clk_i/A (sky130_fd_sc_hd__clkbuf_16)
     1    0.066718    0.044914    0.113185   10.225515 v clkbuf_1_0__f_clk_i/X (sky130_fd_sc_hd__clkbuf_16)
                                                         clknet_1_0__leaf_clk_i (net)
                      0.083967    0.021893   10.247408 v u_sram/clk0 (sky130_sram_1kbyte_1rw1r_32x256_8)
     1    0.008907    0.006073    0.379318   10.626725 ^ u_sram/dout0[5] (sky130_sram_1kbyte_1rw1r_32x256_8)
                                                         axi_rdata_o[5] (net)
                      0.004555    0.000188   10.626914 ^ axi_rdata_o[5] (out)
                                             10.626914   data arrival time

                                 20.000000   20.000000   clock clk_i (rise edge)
                                  0.000000   20.000000   clock network delay (propagated)
                                 -0.250000   19.750002   clock uncertainty
                                  0.000000   19.750002   clock reconvergence pessimism
                                 -2.000000   17.750002   output external delay
                                             17.750002   data required time
---------------------------------------------------------------------------------------------
                                             17.750002   data required time
                                            -10.626914   data arrival time
---------------------------------------------------------------------------------------------
                                              7.123087   slack (MET)


Startpoint: u_sram (falling edge-triggered flip-flop clocked by clk_i)
Endpoint: axi_rdata_o[7] (output port clocked by clk_i)
Path Group: clk_i
Path Type: max

Fanout         Cap        Slew       Delay        Time   Description
---------------------------------------------------------------------------------------------
                                 10.000000   10.000000   clock clk_i (fall edge)
                                  0.000000   10.000000   clock source latency
     2    0.081042    0.000000    0.000000   10.000000 v clk_i (in)
                                                         clk_i (net)
                      0.015997    0.007999   10.007999 v clkbuf_0_clk_i/A (sky130_fd_sc_hd__clkbuf_16)
     2    0.039728    0.035058    0.102103   10.110103 v clkbuf_0_clk_i/X (sky130_fd_sc_hd__clkbuf_16)
                                                         clknet_0_clk_i (net)
                      0.035232    0.002228   10.112329 v clkbuf_1_0__f_clk_i/A (sky130_fd_sc_hd__clkbuf_16)
     1    0.066718    0.044914    0.113185   10.225515 v clkbuf_1_0__f_clk_i/X (sky130_fd_sc_hd__clkbuf_16)
                                                         clknet_1_0__leaf_clk_i (net)
                      0.083967    0.021893   10.247408 v u_sram/clk0 (sky130_sram_1kbyte_1rw1r_32x256_8)
     1    0.008855    0.006046    0.379028   10.626436 ^ u_sram/dout0[7] (sky130_sram_1kbyte_1rw1r_32x256_8)
                                                         axi_rdata_o[7] (net)
                      0.004534    0.000188   10.626624 ^ axi_rdata_o[7] (out)
                                             10.626624   data arrival time

                                 20.000000   20.000000   clock clk_i (rise edge)
                                  0.000000   20.000000   clock network delay (propagated)
                                 -0.250000   19.750002   clock uncertainty
                                  0.000000   19.750002   clock reconvergence pessimism
                                 -2.000000   17.750002   output external delay
                                             17.750002   data required time
---------------------------------------------------------------------------------------------
                                             17.750002   data required time
                                            -10.626624   data arrival time
---------------------------------------------------------------------------------------------
                                              7.123377   slack (MET)


Startpoint: u_sram (falling edge-triggered flip-flop clocked by clk_i)
Endpoint: axi_rdata_o[0] (output port clocked by clk_i)
Path Group: clk_i
Path Type: max

Fanout         Cap        Slew       Delay        Time   Description
---------------------------------------------------------------------------------------------
                                 10.000000   10.000000   clock clk_i (fall edge)
                                  0.000000   10.000000   clock source latency
     2    0.081042    0.000000    0.000000   10.000000 v clk_i (in)
                                                         clk_i (net)
                      0.015997    0.007999   10.007999 v clkbuf_0_clk_i/A (sky130_fd_sc_hd__clkbuf_16)
     2    0.039728    0.035058    0.102103   10.110103 v clkbuf_0_clk_i/X (sky130_fd_sc_hd__clkbuf_16)
                                                         clknet_0_clk_i (net)
                      0.035232    0.002228   10.112329 v clkbuf_1_0__f_clk_i/A (sky130_fd_sc_hd__clkbuf_16)
     1    0.066718    0.044914    0.113185   10.225515 v clkbuf_1_0__f_clk_i/X (sky130_fd_sc_hd__clkbuf_16)
                                                         clknet_1_0__leaf_clk_i (net)
                      0.083967    0.021893   10.247408 v u_sram/clk0 (sky130_sram_1kbyte_1rw1r_32x256_8)
     1    0.008638    0.005930    0.377808   10.625216 ^ u_sram/dout0[0] (sky130_sram_1kbyte_1rw1r_32x256_8)
                                                         axi_rdata_o[0] (net)
                      0.004448    0.000179   10.625394 ^ axi_rdata_o[0] (out)
                                             10.625394   data arrival time

                                 20.000000   20.000000   clock clk_i (rise edge)
                                  0.000000   20.000000   clock network delay (propagated)
                                 -0.250000   19.750002   clock uncertainty
                                  0.000000   19.750002   clock reconvergence pessimism
                                 -2.000000   17.750002   output external delay
                                             17.750002   data required time
---------------------------------------------------------------------------------------------
                                             17.750002   data required time
                                            -10.625394   data arrival time
---------------------------------------------------------------------------------------------
                                              7.124607   slack (MET)


Startpoint: u_sram (falling edge-triggered flip-flop clocked by clk_i)
Endpoint: axi_rdata_o[14] (output port clocked by clk_i)
Path Group: clk_i
Path Type: max

Fanout         Cap        Slew       Delay        Time   Description
---------------------------------------------------------------------------------------------
                                 10.000000   10.000000   clock clk_i (fall edge)
                                  0.000000   10.000000   clock source latency
     2    0.081042    0.000000    0.000000   10.000000 v clk_i (in)
                                                         clk_i (net)
                      0.015997    0.007999   10.007999 v clkbuf_0_clk_i/A (sky130_fd_sc_hd__clkbuf_16)
     2    0.039728    0.035058    0.102103   10.110103 v clkbuf_0_clk_i/X (sky130_fd_sc_hd__clkbuf_16)
                                                         clknet_0_clk_i (net)
                      0.035232    0.002228   10.112329 v clkbuf_1_0__f_clk_i/A (sky130_fd_sc_hd__clkbuf_16)
     1    0.066718    0.044914    0.113185   10.225515 v clkbuf_1_0__f_clk_i/X (sky130_fd_sc_hd__clkbuf_16)
                                                         clknet_1_0__leaf_clk_i (net)
                      0.083967    0.021893   10.247408 v u_sram/clk0 (sky130_sram_1kbyte_1rw1r_32x256_8)
     1    0.008630    0.005926    0.377766   10.625174 ^ u_sram/dout0[14] (sky130_sram_1kbyte_1rw1r_32x256_8)
                                                         axi_rdata_o[14] (net)
                      0.004445    0.000179   10.625353 ^ axi_rdata_o[14] (out)
                                             10.625353   data arrival time

                                 20.000000   20.000000   clock clk_i (rise edge)
                                  0.000000   20.000000   clock network delay (propagated)
                                 -0.250000   19.750002   clock uncertainty
                                  0.000000   19.750002   clock reconvergence pessimism
                                 -2.000000   17.750002   output external delay
                                             17.750002   data required time
---------------------------------------------------------------------------------------------
                                             17.750002   data required time
                                            -10.625353   data arrival time
---------------------------------------------------------------------------------------------
                                              7.124649   slack (MET)


Startpoint: u_sram (falling edge-triggered flip-flop clocked by clk_i)
Endpoint: axi_rdata_o[2] (output port clocked by clk_i)
Path Group: clk_i
Path Type: max

Fanout         Cap        Slew       Delay        Time   Description
---------------------------------------------------------------------------------------------
                                 10.000000   10.000000   clock clk_i (fall edge)
                                  0.000000   10.000000   clock source latency
     2    0.081042    0.000000    0.000000   10.000000 v clk_i (in)
                                                         clk_i (net)
                      0.015997    0.007999   10.007999 v clkbuf_0_clk_i/A (sky130_fd_sc_hd__clkbuf_16)
     2    0.039728    0.035058    0.102103   10.110103 v clkbuf_0_clk_i/X (sky130_fd_sc_hd__clkbuf_16)
                                                         clknet_0_clk_i (net)
                      0.035232    0.002228   10.112329 v clkbuf_1_0__f_clk_i/A (sky130_fd_sc_hd__clkbuf_16)
     1    0.066718    0.044914    0.113185   10.225515 v clkbuf_1_0__f_clk_i/X (sky130_fd_sc_hd__clkbuf_16)
                                                         clknet_1_0__leaf_clk_i (net)
                      0.083967    0.021893   10.247408 v u_sram/clk0 (sky130_sram_1kbyte_1rw1r_32x256_8)
     1    0.008612    0.005916    0.377663   10.625071 ^ u_sram/dout0[2] (sky130_sram_1kbyte_1rw1r_32x256_8)
                                                         axi_rdata_o[2] (net)
                      0.004437    0.000178   10.625249 ^ axi_rdata_o[2] (out)
                                             10.625249   data arrival time

                                 20.000000   20.000000   clock clk_i (rise edge)
                                  0.000000   20.000000   clock network delay (propagated)
                                 -0.250000   19.750002   clock uncertainty
                                  0.000000   19.750002   clock reconvergence pessimism
                                 -2.000000   17.750002   output external delay
                                             17.750002   data required time
---------------------------------------------------------------------------------------------
                                             17.750002   data required time
                                            -10.625249   data arrival time
---------------------------------------------------------------------------------------------
                                              7.124753   slack (MET)


Startpoint: u_sram (falling edge-triggered flip-flop clocked by clk_i)
Endpoint: axi_rdata_o[1] (output port clocked by clk_i)
Path Group: clk_i
Path Type: max

Fanout         Cap        Slew       Delay        Time   Description
---------------------------------------------------------------------------------------------
                                 10.000000   10.000000   clock clk_i (fall edge)
                                  0.000000   10.000000   clock source latency
     2    0.081042    0.000000    0.000000   10.000000 v clk_i (in)
                                                         clk_i (net)
                      0.015997    0.007999   10.007999 v clkbuf_0_clk_i/A (sky130_fd_sc_hd__clkbuf_16)
     2    0.039728    0.035058    0.102103   10.110103 v clkbuf_0_clk_i/X (sky130_fd_sc_hd__clkbuf_16)
                                                         clknet_0_clk_i (net)
                      0.035232    0.002228   10.112329 v clkbuf_1_0__f_clk_i/A (sky130_fd_sc_hd__clkbuf_16)
     1    0.066718    0.044914    0.113185   10.225515 v clkbuf_1_0__f_clk_i/X (sky130_fd_sc_hd__clkbuf_16)
                                                         clknet_1_0__leaf_clk_i (net)
                      0.083967    0.021893   10.247408 v u_sram/clk0 (sky130_sram_1kbyte_1rw1r_32x256_8)
     1    0.008598    0.005909    0.377587   10.624994 ^ u_sram/dout0[1] (sky130_sram_1kbyte_1rw1r_32x256_8)
                                                         axi_rdata_o[1] (net)
                      0.004432    0.000176   10.625171 ^ axi_rdata_o[1] (out)
                                             10.625171   data arrival time

                                 20.000000   20.000000   clock clk_i (rise edge)
                                  0.000000   20.000000   clock network delay (propagated)
                                 -0.250000   19.750002   clock uncertainty
                                  0.000000   19.750002   clock reconvergence pessimism
                                 -2.000000   17.750002   output external delay
                                             17.750002   data required time
---------------------------------------------------------------------------------------------
                                             17.750002   data required time
                                            -10.625171   data arrival time
---------------------------------------------------------------------------------------------
                                              7.124831   slack (MET)


Startpoint: u_sram (falling edge-triggered flip-flop clocked by clk_i)
Endpoint: axi_rdata_o[23] (output port clocked by clk_i)
Path Group: clk_i
Path Type: max

Fanout         Cap        Slew       Delay        Time   Description
---------------------------------------------------------------------------------------------
                                 10.000000   10.000000   clock clk_i (fall edge)
                                  0.000000   10.000000   clock source latency
     2    0.081042    0.000000    0.000000   10.000000 v clk_i (in)
                                                         clk_i (net)
                      0.015997    0.007999   10.007999 v clkbuf_0_clk_i/A (sky130_fd_sc_hd__clkbuf_16)
     2    0.039728    0.035058    0.102103   10.110103 v clkbuf_0_clk_i/X (sky130_fd_sc_hd__clkbuf_16)
                                                         clknet_0_clk_i (net)
                      0.035232    0.002228   10.112329 v clkbuf_1_0__f_clk_i/A (sky130_fd_sc_hd__clkbuf_16)
     1    0.066718    0.044914    0.113185   10.225515 v clkbuf_1_0__f_clk_i/X (sky130_fd_sc_hd__clkbuf_16)
                                                         clknet_1_0__leaf_clk_i (net)
                      0.083967    0.021893   10.247408 v u_sram/clk0 (sky130_sram_1kbyte_1rw1r_32x256_8)
     1    0.008592    0.005906    0.377550   10.624957 ^ u_sram/dout0[23] (sky130_sram_1kbyte_1rw1r_32x256_8)
                                                         axi_rdata_o[23] (net)
                      0.004429    0.000203   10.625159 ^ axi_rdata_o[23] (out)
                                             10.625159   data arrival time

                                 20.000000   20.000000   clock clk_i (rise edge)
                                  0.000000   20.000000   clock network delay (propagated)
                                 -0.250000   19.750002   clock uncertainty
                                  0.000000   19.750002   clock reconvergence pessimism
                                 -2.000000   17.750002   output external delay
                                             17.750002   data required time
---------------------------------------------------------------------------------------------
                                             17.750002   data required time
                                            -10.625159   data arrival time
---------------------------------------------------------------------------------------------
                                              7.124841   slack (MET)


Startpoint: u_sram (falling edge-triggered flip-flop clocked by clk_i)
Endpoint: axi_rdata_o[16] (output port clocked by clk_i)
Path Group: clk_i
Path Type: max

Fanout         Cap        Slew       Delay        Time   Description
---------------------------------------------------------------------------------------------
                                 10.000000   10.000000   clock clk_i (fall edge)
                                  0.000000   10.000000   clock source latency
     2    0.081042    0.000000    0.000000   10.000000 v clk_i (in)
                                                         clk_i (net)
                      0.015997    0.007999   10.007999 v clkbuf_0_clk_i/A (sky130_fd_sc_hd__clkbuf_16)
     2    0.039728    0.035058    0.102103   10.110103 v clkbuf_0_clk_i/X (sky130_fd_sc_hd__clkbuf_16)
                                                         clknet_0_clk_i (net)
                      0.035232    0.002228   10.112329 v clkbuf_1_0__f_clk_i/A (sky130_fd_sc_hd__clkbuf_16)
     1    0.066718    0.044914    0.113185   10.225515 v clkbuf_1_0__f_clk_i/X (sky130_fd_sc_hd__clkbuf_16)
                                                         clknet_1_0__leaf_clk_i (net)
                      0.083967    0.021893   10.247408 v u_sram/clk0 (sky130_sram_1kbyte_1rw1r_32x256_8)
     1    0.008578    0.005899    0.377475   10.624883 ^ u_sram/dout0[16] (sky130_sram_1kbyte_1rw1r_32x256_8)
                                                         axi_rdata_o[16] (net)
                      0.004424    0.000175   10.625057 ^ axi_rdata_o[16] (out)
                                             10.625057   data arrival time

                                 20.000000   20.000000   clock clk_i (rise edge)
                                  0.000000   20.000000   clock network delay (propagated)
                                 -0.250000   19.750002   clock uncertainty
                                  0.000000   19.750002   clock reconvergence pessimism
                                 -2.000000   17.750002   output external delay
                                             17.750002   data required time
---------------------------------------------------------------------------------------------
                                             17.750002   data required time
                                            -10.625057   data arrival time
---------------------------------------------------------------------------------------------
                                              7.124944   slack (MET)


Startpoint: u_sram (falling edge-triggered flip-flop clocked by clk_i)
Endpoint: axi_rdata_o[15] (output port clocked by clk_i)
Path Group: clk_i
Path Type: max

Fanout         Cap        Slew       Delay        Time   Description
---------------------------------------------------------------------------------------------
                                 10.000000   10.000000   clock clk_i (fall edge)
                                  0.000000   10.000000   clock source latency
     2    0.081042    0.000000    0.000000   10.000000 v clk_i (in)
                                                         clk_i (net)
                      0.015997    0.007999   10.007999 v clkbuf_0_clk_i/A (sky130_fd_sc_hd__clkbuf_16)
     2    0.039728    0.035058    0.102103   10.110103 v clkbuf_0_clk_i/X (sky130_fd_sc_hd__clkbuf_16)
                                                         clknet_0_clk_i (net)
                      0.035232    0.002228   10.112329 v clkbuf_1_0__f_clk_i/A (sky130_fd_sc_hd__clkbuf_16)
     1    0.066718    0.044914    0.113185   10.225515 v clkbuf_1_0__f_clk_i/X (sky130_fd_sc_hd__clkbuf_16)
                                                         clknet_1_0__leaf_clk_i (net)
                      0.083967    0.021893   10.247408 v u_sram/clk0 (sky130_sram_1kbyte_1rw1r_32x256_8)
     1    0.008406    0.005807    0.376510   10.623918 ^ u_sram/dout0[15] (sky130_sram_1kbyte_1rw1r_32x256_8)
                                                         axi_rdata_o[15] (net)
                      0.004355    0.000171   10.624088 ^ axi_rdata_o[15] (out)
                                             10.624088   data arrival time

                                 20.000000   20.000000   clock clk_i (rise edge)
                                  0.000000   20.000000   clock network delay (propagated)
                                 -0.250000   19.750002   clock uncertainty
                                  0.000000   19.750002   clock reconvergence pessimism
                                 -2.000000   17.750002   output external delay
                                             17.750002   data required time
---------------------------------------------------------------------------------------------
                                             17.750002   data required time
                                            -10.624088   data arrival time
---------------------------------------------------------------------------------------------
                                              7.125913   slack (MET)


Startpoint: u_sram (falling edge-triggered flip-flop clocked by clk_i)
Endpoint: axi_rdata_o[11] (output port clocked by clk_i)
Path Group: clk_i
Path Type: max

Fanout         Cap        Slew       Delay        Time   Description
---------------------------------------------------------------------------------------------
                                 10.000000   10.000000   clock clk_i (fall edge)
                                  0.000000   10.000000   clock source latency
     2    0.081042    0.000000    0.000000   10.000000 v clk_i (in)
                                                         clk_i (net)
                      0.015997    0.007999   10.007999 v clkbuf_0_clk_i/A (sky130_fd_sc_hd__clkbuf_16)
     2    0.039728    0.035058    0.102103   10.110103 v clkbuf_0_clk_i/X (sky130_fd_sc_hd__clkbuf_16)
                                                         clknet_0_clk_i (net)
                      0.035232    0.002228   10.112329 v clkbuf_1_0__f_clk_i/A (sky130_fd_sc_hd__clkbuf_16)
     1    0.066718    0.044914    0.113185   10.225515 v clkbuf_1_0__f_clk_i/X (sky130_fd_sc_hd__clkbuf_16)
                                                         clknet_1_0__leaf_clk_i (net)
                      0.083967    0.021893   10.247408 v u_sram/clk0 (sky130_sram_1kbyte_1rw1r_32x256_8)
     1    0.008393    0.005800    0.376438   10.623845 ^ u_sram/dout0[11] (sky130_sram_1kbyte_1rw1r_32x256_8)
                                                         axi_rdata_o[11] (net)
                      0.004350    0.000170   10.624015 ^ axi_rdata_o[11] (out)
                                             10.624015   data arrival time

                                 20.000000   20.000000   clock clk_i (rise edge)
                                  0.000000   20.000000   clock network delay (propagated)
                                 -0.250000   19.750002   clock uncertainty
                                  0.000000   19.750002   clock reconvergence pessimism
                                 -2.000000   17.750002   output external delay
                                             17.750002   data required time
---------------------------------------------------------------------------------------------
                                             17.750002   data required time
                                            -10.624015   data arrival time
---------------------------------------------------------------------------------------------
                                              7.125986   slack (MET)


Startpoint: u_sram (falling edge-triggered flip-flop clocked by clk_i)
Endpoint: axi_rdata_o[19] (output port clocked by clk_i)
Path Group: clk_i
Path Type: max

Fanout         Cap        Slew       Delay        Time   Description
---------------------------------------------------------------------------------------------
                                 10.000000   10.000000   clock clk_i (fall edge)
                                  0.000000   10.000000   clock source latency
     2    0.081042    0.000000    0.000000   10.000000 v clk_i (in)
                                                         clk_i (net)
                      0.015997    0.007999   10.007999 v clkbuf_0_clk_i/A (sky130_fd_sc_hd__clkbuf_16)
     2    0.039728    0.035058    0.102103   10.110103 v clkbuf_0_clk_i/X (sky130_fd_sc_hd__clkbuf_16)
                                                         clknet_0_clk_i (net)
                      0.035232    0.002228   10.112329 v clkbuf_1_0__f_clk_i/A (sky130_fd_sc_hd__clkbuf_16)
     1    0.066718    0.044914    0.113185   10.225515 v clkbuf_1_0__f_clk_i/X (sky130_fd_sc_hd__clkbuf_16)
                                                         clknet_1_0__leaf_clk_i (net)
                      0.083967    0.021893   10.247408 v u_sram/clk0 (sky130_sram_1kbyte_1rw1r_32x256_8)
     1    0.008376    0.005791    0.376341   10.623749 ^ u_sram/dout0[19] (sky130_sram_1kbyte_1rw1r_32x256_8)
                                                         axi_rdata_o[19] (net)
                      0.004343    0.000179   10.623927 ^ axi_rdata_o[19] (out)
                                             10.623927   data arrival time

                                 20.000000   20.000000   clock clk_i (rise edge)
                                  0.000000   20.000000   clock network delay (propagated)
                                 -0.250000   19.750002   clock uncertainty
                                  0.000000   19.750002   clock reconvergence pessimism
                                 -2.000000   17.750002   output external delay
                                             17.750002   data required time
---------------------------------------------------------------------------------------------
                                             17.750002   data required time
                                            -10.623927   data arrival time
---------------------------------------------------------------------------------------------
                                              7.126074   slack (MET)


Startpoint: u_sram (falling edge-triggered flip-flop clocked by clk_i)
Endpoint: axi_rdata_o[12] (output port clocked by clk_i)
Path Group: clk_i
Path Type: max

Fanout         Cap        Slew       Delay        Time   Description
---------------------------------------------------------------------------------------------
                                 10.000000   10.000000   clock clk_i (fall edge)
                                  0.000000   10.000000   clock source latency
     2    0.081042    0.000000    0.000000   10.000000 v clk_i (in)
                                                         clk_i (net)
                      0.015997    0.007999   10.007999 v clkbuf_0_clk_i/A (sky130_fd_sc_hd__clkbuf_16)
     2    0.039728    0.035058    0.102103   10.110103 v clkbuf_0_clk_i/X (sky130_fd_sc_hd__clkbuf_16)
                                                         clknet_0_clk_i (net)
                      0.035232    0.002228   10.112329 v clkbuf_1_0__f_clk_i/A (sky130_fd_sc_hd__clkbuf_16)
     1    0.066718    0.044914    0.113185   10.225515 v clkbuf_1_0__f_clk_i/X (sky130_fd_sc_hd__clkbuf_16)
                                                         clknet_1_0__leaf_clk_i (net)
                      0.083967    0.021893   10.247408 v u_sram/clk0 (sky130_sram_1kbyte_1rw1r_32x256_8)
     1    0.008364    0.005784    0.376272   10.623680 ^ u_sram/dout0[12] (sky130_sram_1kbyte_1rw1r_32x256_8)
                                                         axi_rdata_o[12] (net)
                      0.004338    0.000168   10.623848 ^ axi_rdata_o[12] (out)
                                             10.623848   data arrival time

                                 20.000000   20.000000   clock clk_i (rise edge)
                                  0.000000   20.000000   clock network delay (propagated)
                                 -0.250000   19.750002   clock uncertainty
                                  0.000000   19.750002   clock reconvergence pessimism
                                 -2.000000   17.750002   output external delay
                                             17.750002   data required time
---------------------------------------------------------------------------------------------
                                             17.750002   data required time
                                            -10.623848   data arrival time
---------------------------------------------------------------------------------------------
                                              7.126153   slack (MET)


Startpoint: u_sram (falling edge-triggered flip-flop clocked by clk_i)
Endpoint: axi_rdata_o[22] (output port clocked by clk_i)
Path Group: clk_i
Path Type: max

Fanout         Cap        Slew       Delay        Time   Description
---------------------------------------------------------------------------------------------
                                 10.000000   10.000000   clock clk_i (fall edge)
                                  0.000000   10.000000   clock source latency
     2    0.081042    0.000000    0.000000   10.000000 v clk_i (in)
                                                         clk_i (net)
                      0.015997    0.007999   10.007999 v clkbuf_0_clk_i/A (sky130_fd_sc_hd__clkbuf_16)
     2    0.039728    0.035058    0.102103   10.110103 v clkbuf_0_clk_i/X (sky130_fd_sc_hd__clkbuf_16)
                                                         clknet_0_clk_i (net)
                      0.035232    0.002228   10.112329 v clkbuf_1_0__f_clk_i/A (sky130_fd_sc_hd__clkbuf_16)
     1    0.066718    0.044914    0.113185   10.225515 v clkbuf_1_0__f_clk_i/X (sky130_fd_sc_hd__clkbuf_16)
                                                         clknet_1_0__leaf_clk_i (net)
                      0.083967    0.021893   10.247408 v u_sram/clk0 (sky130_sram_1kbyte_1rw1r_32x256_8)
     1    0.008329    0.005766    0.376073   10.623480 ^ u_sram/dout0[22] (sky130_sram_1kbyte_1rw1r_32x256_8)
                                                         axi_rdata_o[22] (net)
                      0.004324    0.000167   10.623647 ^ axi_rdata_o[22] (out)
                                             10.623647   data arrival time

                                 20.000000   20.000000   clock clk_i (rise edge)
                                  0.000000   20.000000   clock network delay (propagated)
                                 -0.250000   19.750002   clock uncertainty
                                  0.000000   19.750002   clock reconvergence pessimism
                                 -2.000000   17.750002   output external delay
                                             17.750002   data required time
---------------------------------------------------------------------------------------------
                                             17.750002   data required time
                                            -10.623647   data arrival time
---------------------------------------------------------------------------------------------
                                              7.126354   slack (MET)


Startpoint: u_sram (falling edge-triggered flip-flop clocked by clk_i)
Endpoint: axi_rdata_o[13] (output port clocked by clk_i)
Path Group: clk_i
Path Type: max

Fanout         Cap        Slew       Delay        Time   Description
---------------------------------------------------------------------------------------------
                                 10.000000   10.000000   clock clk_i (fall edge)
                                  0.000000   10.000000   clock source latency
     2    0.081042    0.000000    0.000000   10.000000 v clk_i (in)
                                                         clk_i (net)
                      0.015997    0.007999   10.007999 v clkbuf_0_clk_i/A (sky130_fd_sc_hd__clkbuf_16)
     2    0.039728    0.035058    0.102103   10.110103 v clkbuf_0_clk_i/X (sky130_fd_sc_hd__clkbuf_16)
                                                         clknet_0_clk_i (net)
                      0.035232    0.002228   10.112329 v clkbuf_1_0__f_clk_i/A (sky130_fd_sc_hd__clkbuf_16)
     1    0.066718    0.044914    0.113185   10.225515 v clkbuf_1_0__f_clk_i/X (sky130_fd_sc_hd__clkbuf_16)
                                                         clknet_1_0__leaf_clk_i (net)
                      0.083967    0.021893   10.247408 v u_sram/clk0 (sky130_sram_1kbyte_1rw1r_32x256_8)
     1    0.008326    0.005764    0.376058   10.623466 ^ u_sram/dout0[13] (sky130_sram_1kbyte_1rw1r_32x256_8)
                                                         axi_rdata_o[13] (net)
                      0.004323    0.000167   10.623633 ^ axi_rdata_o[13] (out)
                                             10.623633   data arrival time

                                 20.000000   20.000000   clock clk_i (rise edge)
                                  0.000000   20.000000   clock network delay (propagated)
                                 -0.250000   19.750002   clock uncertainty
                                  0.000000   19.750002   clock reconvergence pessimism
                                 -2.000000   17.750002   output external delay
                                             17.750002   data required time
---------------------------------------------------------------------------------------------
                                             17.750002   data required time
                                            -10.623633   data arrival time
---------------------------------------------------------------------------------------------
                                              7.126368   slack (MET)


Startpoint: u_sram (falling edge-triggered flip-flop clocked by clk_i)
Endpoint: axi_rdata_o[9] (output port clocked by clk_i)
Path Group: clk_i
Path Type: max

Fanout         Cap        Slew       Delay        Time   Description
---------------------------------------------------------------------------------------------
                                 10.000000   10.000000   clock clk_i (fall edge)
                                  0.000000   10.000000   clock source latency
     2    0.081042    0.000000    0.000000   10.000000 v clk_i (in)
                                                         clk_i (net)
                      0.015997    0.007999   10.007999 v clkbuf_0_clk_i/A (sky130_fd_sc_hd__clkbuf_16)
     2    0.039728    0.035058    0.102103   10.110103 v clkbuf_0_clk_i/X (sky130_fd_sc_hd__clkbuf_16)
                                                         clknet_0_clk_i (net)
                      0.035232    0.002228   10.112329 v clkbuf_1_0__f_clk_i/A (sky130_fd_sc_hd__clkbuf_16)
     1    0.066718    0.044914    0.113185   10.225515 v clkbuf_1_0__f_clk_i/X (sky130_fd_sc_hd__clkbuf_16)
                                                         clknet_1_0__leaf_clk_i (net)
                      0.083967    0.021893   10.247408 v u_sram/clk0 (sky130_sram_1kbyte_1rw1r_32x256_8)
     1    0.007287    0.005212    0.370231   10.617639 ^ u_sram/dout0[9] (sky130_sram_1kbyte_1rw1r_32x256_8)
                                                         axi_rdata_o[9] (net)
                      0.003909    0.000129   10.617767 ^ axi_rdata_o[9] (out)
                                             10.617767   data arrival time

                                 20.000000   20.000000   clock clk_i (rise edge)
                                  0.000000   20.000000   clock network delay (propagated)
                                 -0.250000   19.750002   clock uncertainty
                                  0.000000   19.750002   clock reconvergence pessimism
                                 -2.000000   17.750002   output external delay
                                             17.750002   data required time
---------------------------------------------------------------------------------------------
                                             17.750002   data required time
                                            -10.617767   data arrival time
---------------------------------------------------------------------------------------------
                                              7.132234   slack (MET)


Startpoint: u_sram (falling edge-triggered flip-flop clocked by clk_i)
Endpoint: axi_rdata_o[21] (output port clocked by clk_i)
Path Group: clk_i
Path Type: max

Fanout         Cap        Slew       Delay        Time   Description
---------------------------------------------------------------------------------------------
                                 10.000000   10.000000   clock clk_i (fall edge)
                                  0.000000   10.000000   clock source latency
     2    0.081042    0.000000    0.000000   10.000000 v clk_i (in)
                                                         clk_i (net)
                      0.015997    0.007999   10.007999 v clkbuf_0_clk_i/A (sky130_fd_sc_hd__clkbuf_16)
     2    0.039728    0.035058    0.102103   10.110103 v clkbuf_0_clk_i/X (sky130_fd_sc_hd__clkbuf_16)
                                                         clknet_0_clk_i (net)
                      0.035232    0.002228   10.112329 v clkbuf_1_0__f_clk_i/A (sky130_fd_sc_hd__clkbuf_16)
     1    0.066718    0.044914    0.113185   10.225515 v clkbuf_1_0__f_clk_i/X (sky130_fd_sc_hd__clkbuf_16)
                                                         clknet_1_0__leaf_clk_i (net)
                      0.083967    0.021893   10.247408 v u_sram/clk0 (sky130_sram_1kbyte_1rw1r_32x256_8)
     1    0.007228    0.005180    0.369899   10.617307 ^ u_sram/dout0[21] (sky130_sram_1kbyte_1rw1r_32x256_8)
                                                         axi_rdata_o[21] (net)
                      0.003885    0.000127   10.617434 ^ axi_rdata_o[21] (out)
                                             10.617434   data arrival time

                                 20.000000   20.000000   clock clk_i (rise edge)
                                  0.000000   20.000000   clock network delay (propagated)
                                 -0.250000   19.750002   clock uncertainty
                                  0.000000   19.750002   clock reconvergence pessimism
                                 -2.000000   17.750002   output external delay
                                             17.750002   data required time
---------------------------------------------------------------------------------------------
                                             17.750002   data required time
                                            -10.617434   data arrival time
---------------------------------------------------------------------------------------------
                                              7.132567   slack (MET)


Startpoint: u_sram (falling edge-triggered flip-flop clocked by clk_i)
Endpoint: axi_rdata_o[29] (output port clocked by clk_i)
Path Group: clk_i
Path Type: max

Fanout         Cap        Slew       Delay        Time   Description
---------------------------------------------------------------------------------------------
                                 10.000000   10.000000   clock clk_i (fall edge)
                                  0.000000   10.000000   clock source latency
     2    0.081042    0.000000    0.000000   10.000000 v clk_i (in)
                                                         clk_i (net)
                      0.015997    0.007999   10.007999 v clkbuf_0_clk_i/A (sky130_fd_sc_hd__clkbuf_16)
     2    0.039728    0.035058    0.102103   10.110103 v clkbuf_0_clk_i/X (sky130_fd_sc_hd__clkbuf_16)
                                                         clknet_0_clk_i (net)
                      0.035232    0.002228   10.112329 v clkbuf_1_0__f_clk_i/A (sky130_fd_sc_hd__clkbuf_16)
     1    0.066718    0.044914    0.113185   10.225515 v clkbuf_1_0__f_clk_i/X (sky130_fd_sc_hd__clkbuf_16)
                                                         clknet_1_0__leaf_clk_i (net)
                      0.083967    0.021893   10.247408 v u_sram/clk0 (sky130_sram_1kbyte_1rw1r_32x256_8)
     1    0.007173    0.005151    0.369590   10.616998 ^ u_sram/dout0[29] (sky130_sram_1kbyte_1rw1r_32x256_8)
                                                         axi_rdata_o[29] (net)
                      0.003863    0.000125   10.617123 ^ axi_rdata_o[29] (out)
                                             10.617123   data arrival time

                                 20.000000   20.000000   clock clk_i (rise edge)
                                  0.000000   20.000000   clock network delay (propagated)
                                 -0.250000   19.750002   clock uncertainty
                                  0.000000   19.750002   clock reconvergence pessimism
                                 -2.000000   17.750002   output external delay
                                             17.750002   data required time
---------------------------------------------------------------------------------------------
                                             17.750002   data required time
                                            -10.617123   data arrival time
---------------------------------------------------------------------------------------------
                                              7.132878   slack (MET)


Startpoint: u_sram (falling edge-triggered flip-flop clocked by clk_i)
Endpoint: axi_rdata_o[26] (output port clocked by clk_i)
Path Group: clk_i
Path Type: max

Fanout         Cap        Slew       Delay        Time   Description
---------------------------------------------------------------------------------------------
                                 10.000000   10.000000   clock clk_i (fall edge)
                                  0.000000   10.000000   clock source latency
     2    0.081042    0.000000    0.000000   10.000000 v clk_i (in)
                                                         clk_i (net)
                      0.015997    0.007999   10.007999 v clkbuf_0_clk_i/A (sky130_fd_sc_hd__clkbuf_16)
     2    0.039728    0.035058    0.102103   10.110103 v clkbuf_0_clk_i/X (sky130_fd_sc_hd__clkbuf_16)
                                                         clknet_0_clk_i (net)
                      0.035232    0.002228   10.112329 v clkbuf_1_0__f_clk_i/A (sky130_fd_sc_hd__clkbuf_16)
     1    0.066718    0.044914    0.113185   10.225515 v clkbuf_1_0__f_clk_i/X (sky130_fd_sc_hd__clkbuf_16)
                                                         clknet_1_0__leaf_clk_i (net)
                      0.083967    0.021893   10.247408 v u_sram/clk0 (sky130_sram_1kbyte_1rw1r_32x256_8)
     1    0.007145    0.005136    0.369430   10.616838 ^ u_sram/dout0[26] (sky130_sram_1kbyte_1rw1r_32x256_8)
                                                         axi_rdata_o[26] (net)
                      0.003852    0.000124   10.616961 ^ axi_rdata_o[26] (out)
                                             10.616961   data arrival time

                                 20.000000   20.000000   clock clk_i (rise edge)
                                  0.000000   20.000000   clock network delay (propagated)
                                 -0.250000   19.750002   clock uncertainty
                                  0.000000   19.750002   clock reconvergence pessimism
                                 -2.000000   17.750002   output external delay
                                             17.750002   data required time
---------------------------------------------------------------------------------------------
                                             17.750002   data required time
                                            -10.616961   data arrival time
---------------------------------------------------------------------------------------------
                                              7.133039   slack (MET)


Startpoint: u_sram (falling edge-triggered flip-flop clocked by clk_i)
Endpoint: axi_rdata_o[31] (output port clocked by clk_i)
Path Group: clk_i
Path Type: max

Fanout         Cap        Slew       Delay        Time   Description
---------------------------------------------------------------------------------------------
                                 10.000000   10.000000   clock clk_i (fall edge)
                                  0.000000   10.000000   clock source latency
     2    0.081042    0.000000    0.000000   10.000000 v clk_i (in)
                                                         clk_i (net)
                      0.015997    0.007999   10.007999 v clkbuf_0_clk_i/A (sky130_fd_sc_hd__clkbuf_16)
     2    0.039728    0.035058    0.102103   10.110103 v clkbuf_0_clk_i/X (sky130_fd_sc_hd__clkbuf_16)
                                                         clknet_0_clk_i (net)
                      0.035232    0.002228   10.112329 v clkbuf_1_0__f_clk_i/A (sky130_fd_sc_hd__clkbuf_16)
     1    0.066718    0.044914    0.113185   10.225515 v clkbuf_1_0__f_clk_i/X (sky130_fd_sc_hd__clkbuf_16)
                                                         clknet_1_0__leaf_clk_i (net)
                      0.083967    0.021893   10.247408 v u_sram/clk0 (sky130_sram_1kbyte_1rw1r_32x256_8)
     1    0.007145    0.005136    0.369430   10.616838 ^ u_sram/dout0[31] (sky130_sram_1kbyte_1rw1r_32x256_8)
                                                         axi_rdata_o[31] (net)
                      0.003852    0.000124   10.616961 ^ axi_rdata_o[31] (out)
                                             10.616961   data arrival time

                                 20.000000   20.000000   clock clk_i (rise edge)
                                  0.000000   20.000000   clock network delay (propagated)
                                 -0.250000   19.750002   clock uncertainty
                                  0.000000   19.750002   clock reconvergence pessimism
                                 -2.000000   17.750002   output external delay
                                             17.750002   data required time
---------------------------------------------------------------------------------------------
                                             17.750002   data required time
                                            -10.616961   data arrival time
---------------------------------------------------------------------------------------------
                                              7.133039   slack (MET)


Startpoint: u_sram (falling edge-triggered flip-flop clocked by clk_i)
Endpoint: axi_rdata_o[28] (output port clocked by clk_i)
Path Group: clk_i
Path Type: max

Fanout         Cap        Slew       Delay        Time   Description
---------------------------------------------------------------------------------------------
                                 10.000000   10.000000   clock clk_i (fall edge)
                                  0.000000   10.000000   clock source latency
     2    0.081042    0.000000    0.000000   10.000000 v clk_i (in)
                                                         clk_i (net)
                      0.015997    0.007999   10.007999 v clkbuf_0_clk_i/A (sky130_fd_sc_hd__clkbuf_16)
     2    0.039728    0.035058    0.102103   10.110103 v clkbuf_0_clk_i/X (sky130_fd_sc_hd__clkbuf_16)
                                                         clknet_0_clk_i (net)
                      0.035232    0.002228   10.112329 v clkbuf_1_0__f_clk_i/A (sky130_fd_sc_hd__clkbuf_16)
     1    0.066718    0.044914    0.113185   10.225515 v clkbuf_1_0__f_clk_i/X (sky130_fd_sc_hd__clkbuf_16)
                                                         clknet_1_0__leaf_clk_i (net)
                      0.083967    0.021893   10.247408 v u_sram/clk0 (sky130_sram_1kbyte_1rw1r_32x256_8)
     1    0.007141    0.005134    0.369409   10.616817 ^ u_sram/dout0[28] (sky130_sram_1kbyte_1rw1r_32x256_8)
                                                         axi_rdata_o[28] (net)
                      0.003850    0.000124   10.616941 ^ axi_rdata_o[28] (out)
                                             10.616941   data arrival time

                                 20.000000   20.000000   clock clk_i (rise edge)
                                  0.000000   20.000000   clock network delay (propagated)
                                 -0.250000   19.750002   clock uncertainty
                                  0.000000   19.750002   clock reconvergence pessimism
                                 -2.000000   17.750002   output external delay
                                             17.750002   data required time
---------------------------------------------------------------------------------------------
                                             17.750002   data required time
                                            -10.616941   data arrival time
---------------------------------------------------------------------------------------------
                                              7.133060   slack (MET)


Startpoint: u_sram (falling edge-triggered flip-flop clocked by clk_i)
Endpoint: axi_rdata_o[27] (output port clocked by clk_i)
Path Group: clk_i
Path Type: max

Fanout         Cap        Slew       Delay        Time   Description
---------------------------------------------------------------------------------------------
                                 10.000000   10.000000   clock clk_i (fall edge)
                                  0.000000   10.000000   clock source latency
     2    0.081042    0.000000    0.000000   10.000000 v clk_i (in)
                                                         clk_i (net)
                      0.015997    0.007999   10.007999 v clkbuf_0_clk_i/A (sky130_fd_sc_hd__clkbuf_16)
     2    0.039728    0.035058    0.102103   10.110103 v clkbuf_0_clk_i/X (sky130_fd_sc_hd__clkbuf_16)
                                                         clknet_0_clk_i (net)
                      0.035232    0.002228   10.112329 v clkbuf_1_0__f_clk_i/A (sky130_fd_sc_hd__clkbuf_16)
     1    0.066718    0.044914    0.113185   10.225515 v clkbuf_1_0__f_clk_i/X (sky130_fd_sc_hd__clkbuf_16)
                                                         clknet_1_0__leaf_clk_i (net)
                      0.083967    0.021893   10.247408 v u_sram/clk0 (sky130_sram_1kbyte_1rw1r_32x256_8)
     1    0.007128    0.005127    0.369337   10.616744 ^ u_sram/dout0[27] (sky130_sram_1kbyte_1rw1r_32x256_8)
                                                         axi_rdata_o[27] (net)
                      0.003845    0.000124   10.616869 ^ axi_rdata_o[27] (out)
                                             10.616869   data arrival time

                                 20.000000   20.000000   clock clk_i (rise edge)
                                  0.000000   20.000000   clock network delay (propagated)
                                 -0.250000   19.750002   clock uncertainty
                                  0.000000   19.750002   clock reconvergence pessimism
                                 -2.000000   17.750002   output external delay
                                             17.750002   data required time
---------------------------------------------------------------------------------------------
                                             17.750002   data required time
                                            -10.616869   data arrival time
---------------------------------------------------------------------------------------------
                                              7.133132   slack (MET)


Startpoint: u_sram (falling edge-triggered flip-flop clocked by clk_i)
Endpoint: axi_rdata_o[25] (output port clocked by clk_i)
Path Group: clk_i
Path Type: max

Fanout         Cap        Slew       Delay        Time   Description
---------------------------------------------------------------------------------------------
                                 10.000000   10.000000   clock clk_i (fall edge)
                                  0.000000   10.000000   clock source latency
     2    0.081042    0.000000    0.000000   10.000000 v clk_i (in)
                                                         clk_i (net)
                      0.015997    0.007999   10.007999 v clkbuf_0_clk_i/A (sky130_fd_sc_hd__clkbuf_16)
     2    0.039728    0.035058    0.102103   10.110103 v clkbuf_0_clk_i/X (sky130_fd_sc_hd__clkbuf_16)
                                                         clknet_0_clk_i (net)
                      0.035232    0.002228   10.112329 v clkbuf_1_0__f_clk_i/A (sky130_fd_sc_hd__clkbuf_16)
     1    0.066718    0.044914    0.113185   10.225515 v clkbuf_1_0__f_clk_i/X (sky130_fd_sc_hd__clkbuf_16)
                                                         clknet_1_0__leaf_clk_i (net)
                      0.083967    0.021893   10.247408 v u_sram/clk0 (sky130_sram_1kbyte_1rw1r_32x256_8)
     1    0.007125    0.005125    0.369316   10.616724 ^ u_sram/dout0[25] (sky130_sram_1kbyte_1rw1r_32x256_8)
                                                         axi_rdata_o[25] (net)
                      0.003844    0.000124   10.616848 ^ axi_rdata_o[25] (out)
                                             10.616848   data arrival time

                                 20.000000   20.000000   clock clk_i (rise edge)
                                  0.000000   20.000000   clock network delay (propagated)
                                 -0.250000   19.750002   clock uncertainty
                                  0.000000   19.750002   clock reconvergence pessimism
                                 -2.000000   17.750002   output external delay
                                             17.750002   data required time
---------------------------------------------------------------------------------------------
                                             17.750002   data required time
                                            -10.616848   data arrival time
---------------------------------------------------------------------------------------------
                                              7.133153   slack (MET)


Startpoint: u_sram (falling edge-triggered flip-flop clocked by clk_i)
Endpoint: axi_rdata_o[30] (output port clocked by clk_i)
Path Group: clk_i
Path Type: max

Fanout         Cap        Slew       Delay        Time   Description
---------------------------------------------------------------------------------------------
                                 10.000000   10.000000   clock clk_i (fall edge)
                                  0.000000   10.000000   clock source latency
     2    0.081042    0.000000    0.000000   10.000000 v clk_i (in)
                                                         clk_i (net)
                      0.015997    0.007999   10.007999 v clkbuf_0_clk_i/A (sky130_fd_sc_hd__clkbuf_16)
     2    0.039728    0.035058    0.102103   10.110103 v clkbuf_0_clk_i/X (sky130_fd_sc_hd__clkbuf_16)
                                                         clknet_0_clk_i (net)
                      0.035232    0.002228   10.112329 v clkbuf_1_0__f_clk_i/A (sky130_fd_sc_hd__clkbuf_16)
     1    0.066718    0.044914    0.113185   10.225515 v clkbuf_1_0__f_clk_i/X (sky130_fd_sc_hd__clkbuf_16)
                                                         clknet_1_0__leaf_clk_i (net)
                      0.083967    0.021893   10.247408 v u_sram/clk0 (sky130_sram_1kbyte_1rw1r_32x256_8)
     1    0.007125    0.005125    0.369316   10.616724 ^ u_sram/dout0[30] (sky130_sram_1kbyte_1rw1r_32x256_8)
                                                         axi_rdata_o[30] (net)
                      0.003844    0.000124   10.616848 ^ axi_rdata_o[30] (out)
                                             10.616848   data arrival time

                                 20.000000   20.000000   clock clk_i (rise edge)
                                  0.000000   20.000000   clock network delay (propagated)
                                 -0.250000   19.750002   clock uncertainty
                                  0.000000   19.750002   clock reconvergence pessimism
                                 -2.000000   17.750002   output external delay
                                             17.750002   data required time
---------------------------------------------------------------------------------------------
                                             17.750002   data required time
                                            -10.616848   data arrival time
---------------------------------------------------------------------------------------------
                                              7.133153   slack (MET)


Startpoint: axi_wvalid_i (input port clocked by clk_i)
Endpoint: axi_wready_o (output port clocked by clk_i)
Path Group: clk_i
Path Type: max

Fanout         Cap        Slew       Delay        Time   Description
---------------------------------------------------------------------------------------------
                                  0.000000    0.000000   clock clk_i (rise edge)
                                  0.000000    0.000000   clock network delay (propagated)
                                  2.000000    2.000000 ^ input external delay
     2    0.009242    0.000000    0.000000    2.000000 ^ axi_wvalid_i (in)
                                                         axi_wvalid_i (net)
                      0.000267    0.000134    2.000134 ^ _23_/C (sky130_fd_sc_hd__and3_2)
    17    0.093011    0.347110    0.317306    2.317440 ^ _23_/X (sky130_fd_sc_hd__and3_2)
                                                         axi_awready_o (net)
                      0.347375    0.007990    2.325430 ^ _62_/A (sky130_fd_sc_hd__buf_2)
     1    0.001415    0.024526    0.089972    2.415402 ^ _62_/X (sky130_fd_sc_hd__buf_2)
                                                         axi_wready_o (net)
                      0.024526    0.000048    2.415450 ^ axi_wready_o (out)
                                              2.415450   data arrival time

                                 20.000000   20.000000   clock clk_i (rise edge)
                                  0.000000   20.000000   clock network delay (propagated)
                                 -0.250000   19.750002   clock uncertainty
                                  0.000000   19.750002   clock reconvergence pessimism
                                 -2.000000   17.750002   output external delay
                                             17.750002   data required time
---------------------------------------------------------------------------------------------
                                             17.750002   data required time
                                             -2.415450   data arrival time
---------------------------------------------------------------------------------------------
                                             15.334552   slack (MET)


Startpoint: axi_arvalid_i (input port clocked by clk_i)
Endpoint: axi_arready_o (output port clocked by clk_i)
Path Group: clk_i
Path Type: max

Fanout         Cap        Slew       Delay        Time   Description
---------------------------------------------------------------------------------------------
                                  0.000000    0.000000   clock clk_i (rise edge)
                                  0.000000    0.000000   clock network delay (propagated)
                                  2.000000    2.000000 ^ input external delay
     2    0.008978    0.000000    0.000000    2.000000 ^ axi_arvalid_i (in)
                                                         axi_arvalid_i (net)
                      0.000232    0.000116    2.000116 ^ _25_/B (sky130_fd_sc_hd__and2_2)
    11    0.064456    0.246285    0.227896    2.228012 ^ _25_/X (sky130_fd_sc_hd__and2_2)
                                                         _08_ (net)
                      0.246368    0.003777    2.231789 ^ _26_/B (sky130_fd_sc_hd__and2_2)
     1    0.001591    0.026582    0.107347    2.339136 ^ _26_/X (sky130_fd_sc_hd__and2_2)
                                                         axi_arready_o (net)
                      0.026582    0.000053    2.339189 ^ axi_arready_o (out)
                                              2.339189   data arrival time

                                 20.000000   20.000000   clock clk_i (rise edge)
                                  0.000000   20.000000   clock network delay (propagated)
                                 -0.250000   19.750002   clock uncertainty
                                  0.000000   19.750002   clock reconvergence pessimism
                                 -2.000000   17.750002   output external delay
                                             17.750002   data required time
---------------------------------------------------------------------------------------------
                                             17.750002   data required time
                                             -2.339189   data arrival time
---------------------------------------------------------------------------------------------
                                             15.410812   slack (MET)


Startpoint: axi_wvalid_i (input port clocked by clk_i)
Endpoint: axi_awready_o (output port clocked by clk_i)
Path Group: clk_i
Path Type: max

Fanout         Cap        Slew       Delay        Time   Description
---------------------------------------------------------------------------------------------
                                  0.000000    0.000000   clock clk_i (rise edge)
                                  0.000000    0.000000   clock network delay (propagated)
                                  2.000000    2.000000 ^ input external delay
     2    0.009242    0.000000    0.000000    2.000000 ^ axi_wvalid_i (in)
                                                         axi_wvalid_i (net)
                      0.000267    0.000134    2.000134 ^ _23_/C (sky130_fd_sc_hd__and3_2)
    17    0.093011    0.347110    0.317306    2.317440 ^ _23_/X (sky130_fd_sc_hd__and3_2)
                                                         axi_awready_o (net)
                      0.347232    0.005479    2.322919 ^ axi_awready_o (out)
                                              2.322919   data arrival time

                                 20.000000   20.000000   clock clk_i (rise edge)
                                  0.000000   20.000000   clock network delay (propagated)
                                 -0.250000   19.750002   clock uncertainty
                                  0.000000   19.750002   clock reconvergence pessimism
                                 -2.000000   17.750002   output external delay
                                             17.750002   data required time
---------------------------------------------------------------------------------------------
                                             17.750002   data required time
                                             -2.322919   data arrival time
---------------------------------------------------------------------------------------------
                                             15.427082   slack (MET)


Startpoint: _48_ (rising edge-triggered flip-flop clocked by clk_i)
Endpoint: axi_rvalid_o (output port clocked by clk_i)
Path Group: clk_i
Path Type: max

Fanout         Cap        Slew       Delay        Time   Description
---------------------------------------------------------------------------------------------
                                  0.000000    0.000000   clock clk_i (rise edge)
                                  0.000000    0.000000   clock source latency
     2    0.082968    0.000000    0.000000    0.000000 ^ clk_i (in)
                                                         clk_i (net)
                      0.009513    0.004756    0.004756 ^ clkbuf_regs_0_clk_i/A (sky130_fd_sc_hd__clkbuf_16)
     1    0.008543    0.023545    0.070604    0.075360 ^ clkbuf_regs_0_clk_i/X (sky130_fd_sc_hd__clkbuf_16)
                                                         clk_i_regs (net)
                      0.023550    0.000671    0.076031 ^ clkbuf_0_clk_i_regs/A (sky130_fd_sc_hd__clkbuf_16)
     2    0.019396    0.030738    0.081661    0.157692 ^ clkbuf_0_clk_i_regs/X (sky130_fd_sc_hd__clkbuf_16)
                                                         clknet_0_clk_i_regs (net)
                      0.030749    0.001048    0.158740 ^ clkbuf_1_1__f_clk_i_regs/A (sky130_fd_sc_hd__clkbuf_16)
     3    0.007854    0.023077    0.076038    0.234778 ^ clkbuf_1_1__f_clk_i_regs/X (sky130_fd_sc_hd__clkbuf_16)
                                                         clknet_1_1__leaf_clk_i_regs (net)
                      0.023079    0.000426    0.235204 ^ _48_/CLK (sky130_fd_sc_hd__dfrtp_2)
     3    0.012170    0.046147    0.257548    0.492752 v _48_/Q (sky130_fd_sc_hd__dfrtp_2)
                                                         axi_rvalid_o (net)
                      0.046170    0.000961    0.493713 v axi_rvalid_o (out)
                                              0.493713   data arrival time

                                 20.000000   20.000000   clock clk_i (rise edge)
                                  0.000000   20.000000   clock network delay (propagated)
                                 -0.250000   19.750002   clock uncertainty
                                  0.000000   19.750002   clock reconvergence pessimism
                                 -2.000000   17.750002   output external delay
                                             17.750002   data required time
---------------------------------------------------------------------------------------------
                                             17.750002   data required time
                                             -0.493713   data arrival time
---------------------------------------------------------------------------------------------
                                             17.256287   slack (MET)


Startpoint: _46_ (rising edge-triggered flip-flop clocked by clk_i)
Endpoint: axi_bvalid_o (output port clocked by clk_i)
Path Group: clk_i
Path Type: max

Fanout         Cap        Slew       Delay        Time   Description
---------------------------------------------------------------------------------------------
                                  0.000000    0.000000   clock clk_i (rise edge)
                                  0.000000    0.000000   clock source latency
     2    0.082968    0.000000    0.000000    0.000000 ^ clk_i (in)
                                                         clk_i (net)
                      0.009513    0.004756    0.004756 ^ clkbuf_regs_0_clk_i/A (sky130_fd_sc_hd__clkbuf_16)
     1    0.008543    0.023545    0.070604    0.075360 ^ clkbuf_regs_0_clk_i/X (sky130_fd_sc_hd__clkbuf_16)
                                                         clk_i_regs (net)
                      0.023550    0.000671    0.076031 ^ clkbuf_0_clk_i_regs/A (sky130_fd_sc_hd__clkbuf_16)
     2    0.019396    0.030738    0.081661    0.157692 ^ clkbuf_0_clk_i_regs/X (sky130_fd_sc_hd__clkbuf_16)
                                                         clknet_0_clk_i_regs (net)
                      0.030749    0.001048    0.158740 ^ clkbuf_1_1__f_clk_i_regs/A (sky130_fd_sc_hd__clkbuf_16)
     3    0.007854    0.023077    0.076038    0.234778 ^ clkbuf_1_1__f_clk_i_regs/X (sky130_fd_sc_hd__clkbuf_16)
                                                         clknet_1_1__leaf_clk_i_regs (net)
                      0.023079    0.000403    0.235181 ^ _46_/CLK (sky130_fd_sc_hd__dfrtp_2)
     3    0.011300    0.044240    0.255249    0.490430 v _46_/Q (sky130_fd_sc_hd__dfrtp_2)
                                                         axi_bvalid_o (net)
                      0.044334    0.001354    0.491784 v axi_bvalid_o (out)
                                              0.491784   data arrival time

                                 20.000000   20.000000   clock clk_i (rise edge)
                                  0.000000   20.000000   clock network delay (propagated)
                                 -0.250000   19.750002   clock uncertainty
                                  0.000000   19.750002   clock reconvergence pessimism
                                 -2.000000   17.750002   output external delay
                                             17.750002   data required time
---------------------------------------------------------------------------------------------
                                             17.750002   data required time
                                             -0.491784   data arrival time
---------------------------------------------------------------------------------------------
                                             17.258217   slack (MET)


Startpoint: axi_wvalid_i (input port clocked by clk_i)
Endpoint: u_sram (falling edge-triggered flip-flop clocked by clk_i)
Path Group: clk_i
Path Type: max

Fanout         Cap        Slew       Delay        Time   Description
---------------------------------------------------------------------------------------------
                                  0.000000    0.000000   clock clk_i (rise edge)
                                  0.000000    0.000000   clock network delay (propagated)
                                  2.000000    2.000000 ^ input external delay
     2    0.009242    0.000000    0.000000    2.000000 ^ axi_wvalid_i (in)
                                                         axi_wvalid_i (net)
                      0.000267    0.000134    2.000134 ^ _23_/C (sky130_fd_sc_hd__and3_2)
    17    0.093011    0.347110    0.317306    2.317440 ^ _23_/X (sky130_fd_sc_hd__and3_2)
                                                         axi_awready_o (net)
                      0.348485    0.017750    2.335189 ^ _42_/B (sky130_fd_sc_hd__and2_2)
     1    0.014701    0.068243    0.153541    2.488730 ^ _42_/X (sky130_fd_sc_hd__and2_2)
                                                         sram_wmask0[2] (net)
                      0.091013    0.001030    2.489760 ^ u_sram/wmask0[2] (sky130_sram_1kbyte_1rw1r_32x256_8)
                                              2.489760   data arrival time

                                 20.000000   20.000000   clock clk_i (rise edge)
                                  0.000000   20.000000   clock source latency
     2    0.082968    0.000000    0.000000   20.000000 ^ clk_i (in)
                                                         clk_i (net)
                      0.016545    0.008272   20.008272 ^ clkbuf_0_clk_i/A (sky130_fd_sc_hd__clkbuf_16)
     2    0.041654    0.046201    0.093291   20.101564 ^ clkbuf_0_clk_i/X (sky130_fd_sc_hd__clkbuf_16)
                                                         clknet_0_clk_i (net)
                      0.046409    0.002377   20.103941 ^ clkbuf_1_0__f_clk_i/A (sky130_fd_sc_hd__clkbuf_16)
     1    0.066718    0.063087    0.107434   20.211374 ^ clkbuf_1_0__f_clk_i/X (sky130_fd_sc_hd__clkbuf_16)
                                                         clknet_1_0__leaf_clk_i (net)
                      0.102866    0.022702   20.234076 ^ u_sram/clk0 (sky130_sram_1kbyte_1rw1r_32x256_8)
                                 -0.250000   19.984077   clock uncertainty
                                  0.000000   19.984077   clock reconvergence pessimism
                                 -0.103000   19.881077   library setup time
                                             19.881077   data required time
---------------------------------------------------------------------------------------------
                                             19.881077   data required time
                                             -2.489760   data arrival time
---------------------------------------------------------------------------------------------
                                             17.391317   slack (MET)


Startpoint: axi_wvalid_i (input port clocked by clk_i)
Endpoint: u_sram (falling edge-triggered flip-flop clocked by clk_i)
Path Group: clk_i
Path Type: max

Fanout         Cap        Slew       Delay        Time   Description
---------------------------------------------------------------------------------------------
                                  0.000000    0.000000   clock clk_i (rise edge)
                                  0.000000    0.000000   clock network delay (propagated)
                                  2.000000    2.000000 ^ input external delay
     2    0.009242    0.000000    0.000000    2.000000 ^ axi_wvalid_i (in)
                                                         axi_wvalid_i (net)
                      0.000267    0.000134    2.000134 ^ _23_/C (sky130_fd_sc_hd__and3_2)
    17    0.093011    0.347110    0.317306    2.317440 ^ _23_/X (sky130_fd_sc_hd__and3_2)
                                                         axi_awready_o (net)
                      0.348490    0.017780    2.335220 ^ _43_/B (sky130_fd_sc_hd__and2_2)
     1    0.014245    0.066724    0.152395    2.487615 ^ _43_/X (sky130_fd_sc_hd__and2_2)
                                                         sram_wmask0[3] (net)
                      0.088983    0.000917    2.488532 ^ u_sram/wmask0[3] (sky130_sram_1kbyte_1rw1r_32x256_8)
                                              2.488532   data arrival time

                                 20.000000   20.000000   clock clk_i (rise edge)
                                  0.000000   20.000000   clock source latency
     2    0.082968    0.000000    0.000000   20.000000 ^ clk_i (in)
                                                         clk_i (net)
                      0.016545    0.008272   20.008272 ^ clkbuf_0_clk_i/A (sky130_fd_sc_hd__clkbuf_16)
     2    0.041654    0.046201    0.093291   20.101564 ^ clkbuf_0_clk_i/X (sky130_fd_sc_hd__clkbuf_16)
                                                         clknet_0_clk_i (net)
                      0.046409    0.002377   20.103941 ^ clkbuf_1_0__f_clk_i/A (sky130_fd_sc_hd__clkbuf_16)
     1    0.066718    0.063087    0.107434   20.211374 ^ clkbuf_1_0__f_clk_i/X (sky130_fd_sc_hd__clkbuf_16)
                                                         clknet_1_0__leaf_clk_i (net)
                      0.102866    0.022702   20.234076 ^ u_sram/clk0 (sky130_sram_1kbyte_1rw1r_32x256_8)
                                 -0.250000   19.984077   clock uncertainty
                                  0.000000   19.984077   clock reconvergence pessimism
                                 -0.103000   19.881077   library setup time
                                             19.881077   data required time
---------------------------------------------------------------------------------------------
                                             19.881077   data required time
                                             -2.488532   data arrival time
---------------------------------------------------------------------------------------------
                                             17.392546   slack (MET)


Startpoint: axi_wvalid_i (input port clocked by clk_i)
Endpoint: u_sram (falling edge-triggered flip-flop clocked by clk_i)
Path Group: clk_i
Path Type: max

Fanout         Cap        Slew       Delay        Time   Description
---------------------------------------------------------------------------------------------
                                  0.000000    0.000000   clock clk_i (rise edge)
                                  0.000000    0.000000   clock network delay (propagated)
                                  2.000000    2.000000 ^ input external delay
     2    0.009242    0.000000    0.000000    2.000000 ^ axi_wvalid_i (in)
                                                         axi_wvalid_i (net)
                      0.000267    0.000134    2.000134 ^ _23_/C (sky130_fd_sc_hd__and3_2)
    17    0.093011    0.347110    0.317306    2.317440 ^ _23_/X (sky130_fd_sc_hd__and3_2)
                                                         axi_awready_o (net)
                      0.348471    0.017658    2.335098 ^ _40_/B (sky130_fd_sc_hd__and2_2)
     1    0.013529    0.064880    0.150256    2.485354 ^ _40_/X (sky130_fd_sc_hd__and2_2)
                                                         sram_wmask0[0] (net)
                      0.086524    0.000918    2.486272 ^ u_sram/wmask0[0] (sky130_sram_1kbyte_1rw1r_32x256_8)
                                              2.486272   data arrival time

                                 20.000000   20.000000   clock clk_i (rise edge)
                                  0.000000   20.000000   clock source latency
     2    0.082968    0.000000    0.000000   20.000000 ^ clk_i (in)
                                                         clk_i (net)
                      0.016545    0.008272   20.008272 ^ clkbuf_0_clk_i/A (sky130_fd_sc_hd__clkbuf_16)
     2    0.041654    0.046201    0.093291   20.101564 ^ clkbuf_0_clk_i/X (sky130_fd_sc_hd__clkbuf_16)
                                                         clknet_0_clk_i (net)
                      0.046409    0.002377   20.103941 ^ clkbuf_1_0__f_clk_i/A (sky130_fd_sc_hd__clkbuf_16)
     1    0.066718    0.063087    0.107434   20.211374 ^ clkbuf_1_0__f_clk_i/X (sky130_fd_sc_hd__clkbuf_16)
                                                         clknet_1_0__leaf_clk_i (net)
                      0.102866    0.022702   20.234076 ^ u_sram/clk0 (sky130_sram_1kbyte_1rw1r_32x256_8)
                                 -0.250000   19.984077   clock uncertainty
                                  0.000000   19.984077   clock reconvergence pessimism
                                 -0.103000   19.881077   library setup time
                                             19.881077   data required time
---------------------------------------------------------------------------------------------
                                             19.881077   data required time
                                             -2.486272   data arrival time
---------------------------------------------------------------------------------------------
                                             17.394804   slack (MET)


Startpoint: axi_wvalid_i (input port clocked by clk_i)
Endpoint: u_sram (falling edge-triggered flip-flop clocked by clk_i)
Path Group: clk_i
Path Type: max

Fanout         Cap        Slew       Delay        Time   Description
---------------------------------------------------------------------------------------------
                                  0.000000    0.000000   clock clk_i (rise edge)
                                  0.000000    0.000000   clock network delay (propagated)
                                  2.000000    2.000000 ^ input external delay
     2    0.009242    0.000000    0.000000    2.000000 ^ axi_wvalid_i (in)
                                                         axi_wvalid_i (net)
                      0.000267    0.000134    2.000134 ^ _23_/C (sky130_fd_sc_hd__and3_2)
    17    0.093011    0.347110    0.317306    2.317440 ^ _23_/X (sky130_fd_sc_hd__and3_2)
                                                         axi_awready_o (net)
                      0.348478    0.017702    2.335141 ^ _41_/B (sky130_fd_sc_hd__and2_2)
     1    0.013067    0.063821    0.148856    2.483997 ^ _41_/X (sky130_fd_sc_hd__and2_2)
                                                         sram_wmask0[1] (net)
                      0.085112    0.000893    2.484890 ^ u_sram/wmask0[1] (sky130_sram_1kbyte_1rw1r_32x256_8)
                                              2.484890   data arrival time

                                 20.000000   20.000000   clock clk_i (rise edge)
                                  0.000000   20.000000   clock source latency
     2    0.082968    0.000000    0.000000   20.000000 ^ clk_i (in)
                                                         clk_i (net)
                      0.016545    0.008272   20.008272 ^ clkbuf_0_clk_i/A (sky130_fd_sc_hd__clkbuf_16)
     2    0.041654    0.046201    0.093291   20.101564 ^ clkbuf_0_clk_i/X (sky130_fd_sc_hd__clkbuf_16)
                                                         clknet_0_clk_i (net)
                      0.046409    0.002377   20.103941 ^ clkbuf_1_0__f_clk_i/A (sky130_fd_sc_hd__clkbuf_16)
     1    0.066718    0.063087    0.107434   20.211374 ^ clkbuf_1_0__f_clk_i/X (sky130_fd_sc_hd__clkbuf_16)
                                                         clknet_1_0__leaf_clk_i (net)
                      0.102866    0.022702   20.234076 ^ u_sram/clk0 (sky130_sram_1kbyte_1rw1r_32x256_8)
                                 -0.250000   19.984077   clock uncertainty
                                  0.000000   19.984077   clock reconvergence pessimism
                                 -0.103000   19.881077   library setup time
                                             19.881077   data required time
---------------------------------------------------------------------------------------------
                                             19.881077   data required time
                                             -2.484890   data arrival time
---------------------------------------------------------------------------------------------
                                             17.396187   slack (MET)


Startpoint: axi_rready_i (input port clocked by clk_i)
Endpoint: _48_ (rising edge-triggered flip-flop clocked by clk_i)
Path Group: clk_i
Path Type: max

Fanout         Cap        Slew       Delay        Time   Description
---------------------------------------------------------------------------------------------
                                  0.000000    0.000000   clock clk_i (rise edge)
                                  0.000000    0.000000   clock network delay (propagated)
                                  2.000000    2.000000 ^ input external delay
     2    0.010293    0.000000    0.000000    2.000000 ^ axi_rready_i (in)
                                                         axi_rready_i (net)
                      0.000471    0.000236    2.000236 ^ _19_/A (sky130_fd_sc_hd__inv_2)
     1    0.003256    0.005462    0.009912    2.010148 v _19_/Y (sky130_fd_sc_hd__inv_2)
                                                         _04_ (net)
                      0.005475    0.000209    2.010356 v _27_/A2 (sky130_fd_sc_hd__a21o_2)
     1    0.003823    0.026733    0.121875    2.132231 v _27_/X (sky130_fd_sc_hd__a21o_2)
                                                         _03_ (net)
                      0.026733    0.000255    2.132487 v hold2/A (sky130_fd_sc_hd__dlygate4sd3_1)
     1    0.003272    0.040260    0.361075    2.493562 v hold2/X (sky130_fd_sc_hd__dlygate4sd3_1)
                                                         net2 (net)
                      0.040260    0.000210    2.493772 v _48_/D (sky130_fd_sc_hd__dfrtp_2)
                                              2.493772   data arrival time

                                 20.000000   20.000000   clock clk_i (rise edge)
                                  0.000000   20.000000   clock source latency
     2    0.082968    0.000000    0.000000   20.000000 ^ clk_i (in)
                                                         clk_i (net)
                      0.009513    0.004757   20.004757 ^ clkbuf_regs_0_clk_i/A (sky130_fd_sc_hd__clkbuf_16)
     1    0.008543    0.023545    0.070603   20.075361 ^ clkbuf_regs_0_clk_i/X (sky130_fd_sc_hd__clkbuf_16)
                                                         clk_i_regs (net)
                      0.023550    0.000671   20.076033 ^ clkbuf_0_clk_i_regs/A (sky130_fd_sc_hd__clkbuf_16)
     2    0.019396    0.030738    0.081661   20.157694 ^ clkbuf_0_clk_i_regs/X (sky130_fd_sc_hd__clkbuf_16)
                                                         clknet_0_clk_i_regs (net)
                      0.030749    0.001048   20.158741 ^ clkbuf_1_1__f_clk_i_regs/A (sky130_fd_sc_hd__clkbuf_16)
     3    0.007854    0.023077    0.076037   20.234777 ^ clkbuf_1_1__f_clk_i_regs/X (sky130_fd_sc_hd__clkbuf_16)
                                                         clknet_1_1__leaf_clk_i_regs (net)
                      0.023079    0.000426   20.235205 ^ _48_/CLK (sky130_fd_sc_hd__dfrtp_2)
                                 -0.250000   19.985205   clock uncertainty
                                  0.000000   19.985205   clock reconvergence pessimism
                                 -0.077475   19.907730   library setup time
                                             19.907730   data required time
---------------------------------------------------------------------------------------------
                                             19.907730   data required time
                                             -2.493772   data arrival time
---------------------------------------------------------------------------------------------
                                             17.413958   slack (MET)


Startpoint: axi_wvalid_i (input port clocked by clk_i)
Endpoint: u_sram (falling edge-triggered flip-flop clocked by clk_i)
Path Group: clk_i
Path Type: max

Fanout         Cap        Slew       Delay        Time   Description
---------------------------------------------------------------------------------------------
                                  0.000000    0.000000   clock clk_i (rise edge)
                                  0.000000    0.000000   clock network delay (propagated)
                                  2.000000    2.000000 ^ input external delay
     2    0.009242    0.000000    0.000000    2.000000 ^ axi_wvalid_i (in)
                                                         axi_wvalid_i (net)
                      0.000267    0.000134    2.000134 ^ _23_/C (sky130_fd_sc_hd__and3_2)
    17    0.093011    0.347110    0.317306    2.317440 ^ _23_/X (sky130_fd_sc_hd__and3_2)
                                                         axi_awready_o (net)
                      0.348308    0.016608    2.334048 ^ _32_/B1 (sky130_fd_sc_hd__a32o_2)
     1    0.017015    0.086296    0.120580    2.454628 ^ _32_/X (sky130_fd_sc_hd__a32o_2)
                                                         sram_addr0[0] (net)
                      0.115094    0.001414    2.456043 ^ u_sram/addr0[0] (sky130_sram_1kbyte_1rw1r_32x256_8)
                                              2.456043   data arrival time

                                 20.000000   20.000000   clock clk_i (rise edge)
                                  0.000000   20.000000   clock source latency
     2    0.082968    0.000000    0.000000   20.000000 ^ clk_i (in)
                                                         clk_i (net)
                      0.016545    0.008272   20.008272 ^ clkbuf_0_clk_i/A (sky130_fd_sc_hd__clkbuf_16)
     2    0.041654    0.046201    0.093291   20.101564 ^ clkbuf_0_clk_i/X (sky130_fd_sc_hd__clkbuf_16)
                                                         clknet_0_clk_i (net)
                      0.046409    0.002377   20.103941 ^ clkbuf_1_0__f_clk_i/A (sky130_fd_sc_hd__clkbuf_16)
     1    0.066718    0.063087    0.107434   20.211374 ^ clkbuf_1_0__f_clk_i/X (sky130_fd_sc_hd__clkbuf_16)
                                                         clknet_1_0__leaf_clk_i (net)
                      0.102866    0.022702   20.234076 ^ u_sram/clk0 (sky130_sram_1kbyte_1rw1r_32x256_8)
                                 -0.250000   19.984077   clock uncertainty
                                  0.000000   19.984077   clock reconvergence pessimism
                                 -0.103000   19.881077   library setup time
                                             19.881077   data required time
---------------------------------------------------------------------------------------------
                                             19.881077   data required time
                                             -2.456043   data arrival time
---------------------------------------------------------------------------------------------
                                             17.425034   slack (MET)


Startpoint: axi_wvalid_i (input port clocked by clk_i)
Endpoint: u_sram (falling edge-triggered flip-flop clocked by clk_i)
Path Group: clk_i
Path Type: max

Fanout         Cap        Slew       Delay        Time   Description
---------------------------------------------------------------------------------------------
                                  0.000000    0.000000   clock clk_i (rise edge)
                                  0.000000    0.000000   clock network delay (propagated)
                                  2.000000    2.000000 ^ input external delay
     2    0.009242    0.000000    0.000000    2.000000 ^ axi_wvalid_i (in)
                                                         axi_wvalid_i (net)
                      0.000267    0.000134    2.000134 ^ _23_/C (sky130_fd_sc_hd__and3_2)
    17    0.093011    0.347110    0.317306    2.317440 ^ _23_/X (sky130_fd_sc_hd__and3_2)
                                                         axi_awready_o (net)
                      0.347215    0.005085    2.322525 ^ _37_/B1 (sky130_fd_sc_hd__a32o_2)
     1    0.016505    0.084157    0.119123    2.441647 ^ _37_/X (sky130_fd_sc_hd__a32o_2)
                                                         sram_addr0[5] (net)
                      0.112231    0.001176    2.442823 ^ u_sram/addr0[5] (sky130_sram_1kbyte_1rw1r_32x256_8)
                                              2.442823   data arrival time

                                 20.000000   20.000000   clock clk_i (rise edge)
                                  0.000000   20.000000   clock source latency
     2    0.082968    0.000000    0.000000   20.000000 ^ clk_i (in)
                                                         clk_i (net)
                      0.016545    0.008272   20.008272 ^ clkbuf_0_clk_i/A (sky130_fd_sc_hd__clkbuf_16)
     2    0.041654    0.046201    0.093291   20.101564 ^ clkbuf_0_clk_i/X (sky130_fd_sc_hd__clkbuf_16)
                                                         clknet_0_clk_i (net)
                      0.046409    0.002377   20.103941 ^ clkbuf_1_0__f_clk_i/A (sky130_fd_sc_hd__clkbuf_16)
     1    0.066718    0.063087    0.107434   20.211374 ^ clkbuf_1_0__f_clk_i/X (sky130_fd_sc_hd__clkbuf_16)
                                                         clknet_1_0__leaf_clk_i (net)
                      0.102866    0.022702   20.234076 ^ u_sram/clk0 (sky130_sram_1kbyte_1rw1r_32x256_8)
                                 -0.250000   19.984077   clock uncertainty
                                  0.000000   19.984077   clock reconvergence pessimism
                                 -0.103000   19.881077   library setup time
                                             19.881077   data required time
---------------------------------------------------------------------------------------------
                                             19.881077   data required time
                                             -2.442823   data arrival time
---------------------------------------------------------------------------------------------
                                             17.438253   slack (MET)


Startpoint: axi_wvalid_i (input port clocked by clk_i)
Endpoint: u_sram (falling edge-triggered flip-flop clocked by clk_i)
Path Group: clk_i
Path Type: max

Fanout         Cap        Slew       Delay        Time   Description
---------------------------------------------------------------------------------------------
                                  0.000000    0.000000   clock clk_i (rise edge)
                                  0.000000    0.000000   clock network delay (propagated)
                                  2.000000    2.000000 ^ input external delay
     2    0.009242    0.000000    0.000000    2.000000 ^ axi_wvalid_i (in)
                                                         axi_wvalid_i (net)
                      0.000267    0.000134    2.000134 ^ _23_/C (sky130_fd_sc_hd__and3_2)
    17    0.093011    0.347110    0.317306    2.317440 ^ _23_/X (sky130_fd_sc_hd__and3_2)
                                                         axi_awready_o (net)
                      0.347223    0.005266    2.322706 ^ _39_/B1 (sky130_fd_sc_hd__a32o_2)
     1    0.015375    0.079413    0.115767    2.438473 ^ _39_/X (sky130_fd_sc_hd__a32o_2)
                                                         sram_addr0[7] (net)
                      0.105908    0.001166    2.439638 ^ u_sram/addr0[7] (sky130_sram_1kbyte_1rw1r_32x256_8)
                                              2.439638   data arrival time

                                 20.000000   20.000000   clock clk_i (rise edge)
                                  0.000000   20.000000   clock source latency
     2    0.082968    0.000000    0.000000   20.000000 ^ clk_i (in)
                                                         clk_i (net)
                      0.016545    0.008272   20.008272 ^ clkbuf_0_clk_i/A (sky130_fd_sc_hd__clkbuf_16)
     2    0.041654    0.046201    0.093291   20.101564 ^ clkbuf_0_clk_i/X (sky130_fd_sc_hd__clkbuf_16)
                                                         clknet_0_clk_i (net)
                      0.046409    0.002377   20.103941 ^ clkbuf_1_0__f_clk_i/A (sky130_fd_sc_hd__clkbuf_16)
     1    0.066718    0.063087    0.107434   20.211374 ^ clkbuf_1_0__f_clk_i/X (sky130_fd_sc_hd__clkbuf_16)
                                                         clknet_1_0__leaf_clk_i (net)
                      0.102866    0.022702   20.234076 ^ u_sram/clk0 (sky130_sram_1kbyte_1rw1r_32x256_8)
                                 -0.250000   19.984077   clock uncertainty
                                  0.000000   19.984077   clock reconvergence pessimism
                                 -0.103000   19.881077   library setup time
                                             19.881077   data required time
---------------------------------------------------------------------------------------------
                                             19.881077   data required time
                                             -2.439638   data arrival time
---------------------------------------------------------------------------------------------
                                             17.441439   slack (MET)


Startpoint: axi_wvalid_i (input port clocked by clk_i)
Endpoint: u_sram (falling edge-triggered flip-flop clocked by clk_i)
Path Group: clk_i
Path Type: max

Fanout         Cap        Slew       Delay        Time   Description
---------------------------------------------------------------------------------------------
                                  0.000000    0.000000   clock clk_i (rise edge)
                                  0.000000    0.000000   clock network delay (propagated)
                                  2.000000    2.000000 ^ input external delay
     2    0.009242    0.000000    0.000000    2.000000 ^ axi_wvalid_i (in)
                                                         axi_wvalid_i (net)
                      0.000267    0.000134    2.000134 ^ _23_/C (sky130_fd_sc_hd__and3_2)
    17    0.093011    0.347110    0.317306    2.317440 ^ _23_/X (sky130_fd_sc_hd__and3_2)
                                                         axi_awready_o (net)
                      0.347220    0.005207    2.322647 ^ _38_/B1 (sky130_fd_sc_hd__a32o_2)
     1    0.015178    0.078587    0.115134    2.437781 ^ _38_/X (sky130_fd_sc_hd__a32o_2)
                                                         sram_addr0[6] (net)
                      0.104804    0.001097    2.438878 ^ u_sram/addr0[6] (sky130_sram_1kbyte_1rw1r_32x256_8)
                                              2.438878   data arrival time

                                 20.000000   20.000000   clock clk_i (rise edge)
                                  0.000000   20.000000   clock source latency
     2    0.082968    0.000000    0.000000   20.000000 ^ clk_i (in)
                                                         clk_i (net)
                      0.016545    0.008272   20.008272 ^ clkbuf_0_clk_i/A (sky130_fd_sc_hd__clkbuf_16)
     2    0.041654    0.046201    0.093291   20.101564 ^ clkbuf_0_clk_i/X (sky130_fd_sc_hd__clkbuf_16)
                                                         clknet_0_clk_i (net)
                      0.046409    0.002377   20.103941 ^ clkbuf_1_0__f_clk_i/A (sky130_fd_sc_hd__clkbuf_16)
     1    0.066718    0.063087    0.107434   20.211374 ^ clkbuf_1_0__f_clk_i/X (sky130_fd_sc_hd__clkbuf_16)
                                                         clknet_1_0__leaf_clk_i (net)
                      0.102866    0.022702   20.234076 ^ u_sram/clk0 (sky130_sram_1kbyte_1rw1r_32x256_8)
                                 -0.250000   19.984077   clock uncertainty
                                  0.000000   19.984077   clock reconvergence pessimism
                                 -0.103000   19.881077   library setup time
                                             19.881077   data required time
---------------------------------------------------------------------------------------------
                                             19.881077   data required time
                                             -2.438878   data arrival time
---------------------------------------------------------------------------------------------
                                             17.442200   slack (MET)


Startpoint: axi_wvalid_i (input port clocked by clk_i)
Endpoint: u_sram (falling edge-triggered flip-flop clocked by clk_i)
Path Group: clk_i
Path Type: max

Fanout         Cap        Slew       Delay        Time   Description
---------------------------------------------------------------------------------------------
                                  0.000000    0.000000   clock clk_i (rise edge)
                                  0.000000    0.000000   clock network delay (propagated)
                                  2.000000    2.000000 ^ input external delay
     2    0.009242    0.000000    0.000000    2.000000 ^ axi_wvalid_i (in)
                                                         axi_wvalid_i (net)
                      0.000267    0.000134    2.000134 ^ _23_/C (sky130_fd_sc_hd__and3_2)
    17    0.093011    0.347110    0.317306    2.317440 ^ _23_/X (sky130_fd_sc_hd__and3_2)
                                                         axi_awready_o (net)
                      0.347210    0.004973    2.322413 ^ _35_/B1 (sky130_fd_sc_hd__a32o_2)
     1    0.014750    0.076801    0.113907    2.436320 ^ _35_/X (sky130_fd_sc_hd__a32o_2)
                                                         sram_addr0[3] (net)
                      0.102416    0.000945    2.437266 ^ u_sram/addr0[3] (sky130_sram_1kbyte_1rw1r_32x256_8)
                                              2.437266   data arrival time

                                 20.000000   20.000000   clock clk_i (rise edge)
                                  0.000000   20.000000   clock source latency
     2    0.082968    0.000000    0.000000   20.000000 ^ clk_i (in)
                                                         clk_i (net)
                      0.016545    0.008272   20.008272 ^ clkbuf_0_clk_i/A (sky130_fd_sc_hd__clkbuf_16)
     2    0.041654    0.046201    0.093291   20.101564 ^ clkbuf_0_clk_i/X (sky130_fd_sc_hd__clkbuf_16)
                                                         clknet_0_clk_i (net)
                      0.046409    0.002377   20.103941 ^ clkbuf_1_0__f_clk_i/A (sky130_fd_sc_hd__clkbuf_16)
     1    0.066718    0.063087    0.107434   20.211374 ^ clkbuf_1_0__f_clk_i/X (sky130_fd_sc_hd__clkbuf_16)
                                                         clknet_1_0__leaf_clk_i (net)
                      0.102866    0.022702   20.234076 ^ u_sram/clk0 (sky130_sram_1kbyte_1rw1r_32x256_8)
                                 -0.250000   19.984077   clock uncertainty
                                  0.000000   19.984077   clock reconvergence pessimism
                                 -0.103000   19.881077   library setup time
                                             19.881077   data required time
---------------------------------------------------------------------------------------------
                                             19.881077   data required time
                                             -2.437266   data arrival time
---------------------------------------------------------------------------------------------
                                             17.443810   slack (MET)


Startpoint: axi_wvalid_i (input port clocked by clk_i)
Endpoint: u_sram (falling edge-triggered flip-flop clocked by clk_i)
Path Group: clk_i
Path Type: max

Fanout         Cap        Slew       Delay        Time   Description
---------------------------------------------------------------------------------------------
                                  0.000000    0.000000   clock clk_i (rise edge)
                                  0.000000    0.000000   clock network delay (propagated)
                                  2.000000    2.000000 ^ input external delay
     2    0.009242    0.000000    0.000000    2.000000 ^ axi_wvalid_i (in)
                                                         axi_wvalid_i (net)
                      0.000267    0.000134    2.000134 ^ _23_/C (sky130_fd_sc_hd__and3_2)
    17    0.093011    0.347110    0.317306    2.317440 ^ _23_/X (sky130_fd_sc_hd__and3_2)
                                                         axi_awready_o (net)
                      0.347213    0.005033    2.322473 ^ _36_/B1 (sky130_fd_sc_hd__a32o_2)
     1    0.014559    0.075989    0.113282    2.435755 ^ _36_/X (sky130_fd_sc_hd__a32o_2)
                                                         sram_addr0[4] (net)
                      0.101343    0.001147    2.436902 ^ u_sram/addr0[4] (sky130_sram_1kbyte_1rw1r_32x256_8)
                                              2.436902   data arrival time

                                 20.000000   20.000000   clock clk_i (rise edge)
                                  0.000000   20.000000   clock source latency
     2    0.082968    0.000000    0.000000   20.000000 ^ clk_i (in)
                                                         clk_i (net)
                      0.016545    0.008272   20.008272 ^ clkbuf_0_clk_i/A (sky130_fd_sc_hd__clkbuf_16)
     2    0.041654    0.046201    0.093291   20.101564 ^ clkbuf_0_clk_i/X (sky130_fd_sc_hd__clkbuf_16)
                                                         clknet_0_clk_i (net)
                      0.046409    0.002377   20.103941 ^ clkbuf_1_0__f_clk_i/A (sky130_fd_sc_hd__clkbuf_16)
     1    0.066718    0.063087    0.107434   20.211374 ^ clkbuf_1_0__f_clk_i/X (sky130_fd_sc_hd__clkbuf_16)
                                                         clknet_1_0__leaf_clk_i (net)
                      0.102866    0.022702   20.234076 ^ u_sram/clk0 (sky130_sram_1kbyte_1rw1r_32x256_8)
                                 -0.250000   19.984077   clock uncertainty
                                  0.000000   19.984077   clock reconvergence pessimism
                                 -0.103000   19.881077   library setup time
                                             19.881077   data required time
---------------------------------------------------------------------------------------------
                                             19.881077   data required time
                                             -2.436902   data arrival time
---------------------------------------------------------------------------------------------
                                             17.444174   slack (MET)


Startpoint: axi_wvalid_i (input port clocked by clk_i)
Endpoint: u_sram (falling edge-triggered flip-flop clocked by clk_i)
Path Group: clk_i
Path Type: max

Fanout         Cap        Slew       Delay        Time   Description
---------------------------------------------------------------------------------------------
                                  0.000000    0.000000   clock clk_i (rise edge)
                                  0.000000    0.000000   clock network delay (propagated)
                                  2.000000    2.000000 ^ input external delay
     2    0.009242    0.000000    0.000000    2.000000 ^ axi_wvalid_i (in)
                                                         axi_wvalid_i (net)
                      0.000267    0.000134    2.000134 ^ _23_/C (sky130_fd_sc_hd__and3_2)
    17    0.093011    0.347110    0.317306    2.317440 ^ _23_/X (sky130_fd_sc_hd__and3_2)
                                                         axi_awready_o (net)
                      0.347208    0.004905    2.322344 ^ _34_/B1 (sky130_fd_sc_hd__a32o_2)
     1    0.013636    0.072135    0.110565    2.432909 ^ _34_/X (sky130_fd_sc_hd__a32o_2)
                                                         sram_addr0[2] (net)
                      0.096197    0.000972    2.433881 ^ u_sram/addr0[2] (sky130_sram_1kbyte_1rw1r_32x256_8)
                                              2.433881   data arrival time

                                 20.000000   20.000000   clock clk_i (rise edge)
                                  0.000000   20.000000   clock source latency
     2    0.082968    0.000000    0.000000   20.000000 ^ clk_i (in)
                                                         clk_i (net)
                      0.016545    0.008272   20.008272 ^ clkbuf_0_clk_i/A (sky130_fd_sc_hd__clkbuf_16)
     2    0.041654    0.046201    0.093291   20.101564 ^ clkbuf_0_clk_i/X (sky130_fd_sc_hd__clkbuf_16)
                                                         clknet_0_clk_i (net)
                      0.046409    0.002377   20.103941 ^ clkbuf_1_0__f_clk_i/A (sky130_fd_sc_hd__clkbuf_16)
     1    0.066718    0.063087    0.107434   20.211374 ^ clkbuf_1_0__f_clk_i/X (sky130_fd_sc_hd__clkbuf_16)
                                                         clknet_1_0__leaf_clk_i (net)
                      0.102866    0.022702   20.234076 ^ u_sram/clk0 (sky130_sram_1kbyte_1rw1r_32x256_8)
                                 -0.250000   19.984077   clock uncertainty
                                  0.000000   19.984077   clock reconvergence pessimism
                                 -0.103000   19.881077   library setup time
                                             19.881077   data required time
---------------------------------------------------------------------------------------------
                                             19.881077   data required time
                                             -2.433881   data arrival time
---------------------------------------------------------------------------------------------
                                             17.447197   slack (MET)


Startpoint: axi_wvalid_i (input port clocked by clk_i)
Endpoint: u_sram (falling edge-triggered flip-flop clocked by clk_i)
Path Group: clk_i
Path Type: max

Fanout         Cap        Slew       Delay        Time   Description
---------------------------------------------------------------------------------------------
                                  0.000000    0.000000   clock clk_i (rise edge)
                                  0.000000    0.000000   clock network delay (propagated)
                                  2.000000    2.000000 ^ input external delay
     2    0.009242    0.000000    0.000000    2.000000 ^ axi_wvalid_i (in)
                                                         axi_wvalid_i (net)
                      0.000267    0.000134    2.000134 ^ _23_/C (sky130_fd_sc_hd__and3_2)
    17    0.093011    0.347110    0.317306    2.317440 ^ _23_/X (sky130_fd_sc_hd__and3_2)
                                                         axi_awready_o (net)
                      0.347216    0.005103    2.322543 ^ _33_/B1 (sky130_fd_sc_hd__a32o_2)
     1    0.013040    0.069717    0.108757    2.431301 ^ _33_/X (sky130_fd_sc_hd__a32o_2)
                                                         sram_addr0[1] (net)
                      0.092970    0.000889    2.432189 ^ u_sram/addr0[1] (sky130_sram_1kbyte_1rw1r_32x256_8)
                                              2.432189   data arrival time

                                 20.000000   20.000000   clock clk_i (rise edge)
                                  0.000000   20.000000   clock source latency
     2    0.082968    0.000000    0.000000   20.000000 ^ clk_i (in)
                                                         clk_i (net)
                      0.016545    0.008272   20.008272 ^ clkbuf_0_clk_i/A (sky130_fd_sc_hd__clkbuf_16)
     2    0.041654    0.046201    0.093291   20.101564 ^ clkbuf_0_clk_i/X (sky130_fd_sc_hd__clkbuf_16)
                                                         clknet_0_clk_i (net)
                      0.046409    0.002377   20.103941 ^ clkbuf_1_0__f_clk_i/A (sky130_fd_sc_hd__clkbuf_16)
     1    0.066718    0.063087    0.107434   20.211374 ^ clkbuf_1_0__f_clk_i/X (sky130_fd_sc_hd__clkbuf_16)
                                                         clknet_1_0__leaf_clk_i (net)
                      0.102866    0.022702   20.234076 ^ u_sram/clk0 (sky130_sram_1kbyte_1rw1r_32x256_8)
                                 -0.250000   19.984077   clock uncertainty
                                  0.000000   19.984077   clock reconvergence pessimism
                                 -0.103000   19.881077   library setup time
                                             19.881077   data required time
---------------------------------------------------------------------------------------------
                                             19.881077   data required time
                                             -2.432189   data arrival time
---------------------------------------------------------------------------------------------
                                             17.448887   slack (MET)


Startpoint: axi_wvalid_i (input port clocked by clk_i)
Endpoint: u_sram (falling edge-triggered flip-flop clocked by clk_i)
Path Group: clk_i
Path Type: max

Fanout         Cap        Slew       Delay        Time   Description
---------------------------------------------------------------------------------------------
                                  0.000000    0.000000   clock clk_i (rise edge)
                                  0.000000    0.000000   clock network delay (propagated)
                                  2.000000    2.000000 v input external delay
     2    0.008706    0.000000    0.000000    2.000000 v axi_wvalid_i (in)
                                                         axi_wvalid_i (net)
                      0.000250    0.000125    2.000125 v _23_/C (sky130_fd_sc_hd__and3_2)
    17    0.089277    0.157061    0.235682    2.235808 v _23_/X (sky130_fd_sc_hd__and3_2)
                                                         axi_awready_o (net)
                      0.158472    0.012116    2.247924 v _29_/A (sky130_fd_sc_hd__nor2_2)
     1    0.011601    0.111242    0.153828    2.401752 ^ _29_/Y (sky130_fd_sc_hd__nor2_2)
                                                         sram_csb0 (net)
                      0.148327    0.000781    2.402533 ^ u_sram/csb0 (sky130_sram_1kbyte_1rw1r_32x256_8)
                                              2.402533   data arrival time

                                 20.000000   20.000000   clock clk_i (rise edge)
                                  0.000000   20.000000   clock source latency
     2    0.082968    0.000000    0.000000   20.000000 ^ clk_i (in)
                                                         clk_i (net)
                      0.016545    0.008272   20.008272 ^ clkbuf_0_clk_i/A (sky130_fd_sc_hd__clkbuf_16)
     2    0.041654    0.046201    0.093291   20.101564 ^ clkbuf_0_clk_i/X (sky130_fd_sc_hd__clkbuf_16)
                                                         clknet_0_clk_i (net)
                      0.046409    0.002377   20.103941 ^ clkbuf_1_0__f_clk_i/A (sky130_fd_sc_hd__clkbuf_16)
     1    0.066718    0.063087    0.107434   20.211374 ^ clkbuf_1_0__f_clk_i/X (sky130_fd_sc_hd__clkbuf_16)
                                                         clknet_1_0__leaf_clk_i (net)
                      0.102866    0.022702   20.234076 ^ u_sram/clk0 (sky130_sram_1kbyte_1rw1r_32x256_8)
                                 -0.250000   19.984077   clock uncertainty
                                  0.000000   19.984077   clock reconvergence pessimism
                                 -0.103000   19.881077   library setup time
                                             19.881077   data required time
---------------------------------------------------------------------------------------------
                                             19.881077   data required time
                                             -2.402533   data arrival time
---------------------------------------------------------------------------------------------
                                             17.478544   slack (MET)


Startpoint: axi_wvalid_i (input port clocked by clk_i)
Endpoint: u_sram (falling edge-triggered flip-flop clocked by clk_i)
Path Group: clk_i
Path Type: max

Fanout         Cap        Slew       Delay        Time   Description
---------------------------------------------------------------------------------------------
                                  0.000000    0.000000   clock clk_i (rise edge)
                                  0.000000    0.000000   clock network delay (propagated)
                                  2.000000    2.000000 ^ input external delay
     2    0.009242    0.000000    0.000000    2.000000 ^ axi_wvalid_i (in)
                                                         axi_wvalid_i (net)
                      0.000267    0.000134    2.000134 ^ _23_/C (sky130_fd_sc_hd__and3_2)
    17    0.093011    0.347110    0.317306    2.317440 ^ _23_/X (sky130_fd_sc_hd__and3_2)
                                                         axi_awready_o (net)
                      0.347902    0.013598    2.331038 ^ _24_/A (sky130_fd_sc_hd__inv_2)
     1    0.009284    0.065169    0.021805    2.352842 v _24_/Y (sky130_fd_sc_hd__inv_2)
                                                         sram_web0 (net)
                      0.086903    0.000556    2.353399 v u_sram/web0 (sky130_sram_1kbyte_1rw1r_32x256_8)
                                              2.353399   data arrival time

                                 20.000000   20.000000   clock clk_i (rise edge)
                                  0.000000   20.000000   clock source latency
     2    0.082968    0.000000    0.000000   20.000000 ^ clk_i (in)
                                                         clk_i (net)
                      0.016545    0.008272   20.008272 ^ clkbuf_0_clk_i/A (sky130_fd_sc_hd__clkbuf_16)
     2    0.041654    0.046201    0.093291   20.101564 ^ clkbuf_0_clk_i/X (sky130_fd_sc_hd__clkbuf_16)
                                                         clknet_0_clk_i (net)
                      0.046409    0.002377   20.103941 ^ clkbuf_1_0__f_clk_i/A (sky130_fd_sc_hd__clkbuf_16)
     1    0.066718    0.063087    0.107434   20.211374 ^ clkbuf_1_0__f_clk_i/X (sky130_fd_sc_hd__clkbuf_16)
                                                         clknet_1_0__leaf_clk_i (net)
                      0.102866    0.022702   20.234076 ^ u_sram/clk0 (sky130_sram_1kbyte_1rw1r_32x256_8)
                                 -0.250000   19.984077   clock uncertainty
                                  0.000000   19.984077   clock reconvergence pessimism
                                 -0.103000   19.881077   library setup time
                                             19.881077   data required time
---------------------------------------------------------------------------------------------
                                             19.881077   data required time
                                             -2.353399   data arrival time
---------------------------------------------------------------------------------------------
                                             17.527678   slack (MET)


Startpoint: axi_wvalid_i (input port clocked by clk_i)
Endpoint: _46_ (rising edge-triggered flip-flop clocked by clk_i)
Path Group: clk_i
Path Type: max

Fanout         Cap        Slew       Delay        Time   Description
---------------------------------------------------------------------------------------------
                                  0.000000    0.000000   clock clk_i (rise edge)
                                  0.000000    0.000000   clock network delay (propagated)
                                  2.000000    2.000000 v input external delay
     2    0.008706    0.000000    0.000000    2.000000 v axi_wvalid_i (in)
                                                         axi_wvalid_i (net)
                      0.000250    0.000125    2.000125 v _23_/C (sky130_fd_sc_hd__and3_2)
    17    0.089277    0.157061    0.235682    2.235808 v _23_/X (sky130_fd_sc_hd__and3_2)
                                                         axi_awready_o (net)
                      0.157299    0.005188    2.240996 v _28_/B1 (sky130_fd_sc_hd__a21o_2)
     1    0.007021    0.032573    0.138249    2.379244 v _28_/X (sky130_fd_sc_hd__a21o_2)
                                                         _02_ (net)
                      0.032582    0.000482    2.379726 v _46_/D (sky130_fd_sc_hd__dfrtp_2)
                                              2.379726   data arrival time

                                 20.000000   20.000000   clock clk_i (rise edge)
                                  0.000000   20.000000   clock source latency
     2    0.082968    0.000000    0.000000   20.000000 ^ clk_i (in)
                                                         clk_i (net)
                      0.009513    0.004757   20.004757 ^ clkbuf_regs_0_clk_i/A (sky130_fd_sc_hd__clkbuf_16)
     1    0.008543    0.023545    0.070603   20.075361 ^ clkbuf_regs_0_clk_i/X (sky130_fd_sc_hd__clkbuf_16)
                                                         clk_i_regs (net)
                      0.023550    0.000671   20.076033 ^ clkbuf_0_clk_i_regs/A (sky130_fd_sc_hd__clkbuf_16)
     2    0.019396    0.030738    0.081661   20.157694 ^ clkbuf_0_clk_i_regs/X (sky130_fd_sc_hd__clkbuf_16)
                                                         clknet_0_clk_i_regs (net)
                      0.030749    0.001048   20.158741 ^ clkbuf_1_1__f_clk_i_regs/A (sky130_fd_sc_hd__clkbuf_16)
     3    0.007854    0.023077    0.076037   20.234777 ^ clkbuf_1_1__f_clk_i_regs/X (sky130_fd_sc_hd__clkbuf_16)
                                                         clknet_1_1__leaf_clk_i_regs (net)
                      0.023079    0.000403   20.235182 ^ _46_/CLK (sky130_fd_sc_hd__dfrtp_2)
                                 -0.250000   19.985182   clock uncertainty
                                  0.000000   19.985182   clock reconvergence pessimism
                                 -0.074732   19.910450   library setup time
                                             19.910450   data required time
---------------------------------------------------------------------------------------------
                                             19.910450   data required time
                                             -2.379726   data arrival time
---------------------------------------------------------------------------------------------
                                             17.530724   slack (MET)


Startpoint: axi_arvalid_i (input port clocked by clk_i)
Endpoint: _47_ (rising edge-triggered flip-flop clocked by clk_i)
Path Group: clk_i
Path Type: max

Fanout         Cap        Slew       Delay        Time   Description
---------------------------------------------------------------------------------------------
                                  0.000000    0.000000   clock clk_i (rise edge)
                                  0.000000    0.000000   clock network delay (propagated)
                                  2.000000    2.000000 v input external delay
     2    0.008474    0.000000    0.000000    2.000000 v axi_arvalid_i (in)
                                                         axi_arvalid_i (net)
                      0.000217    0.000109    2.000109 v _25_/B (sky130_fd_sc_hd__and2_2)
    11    0.061762    0.111151    0.189577    2.189686 v _25_/X (sky130_fd_sc_hd__and2_2)
                                                         _08_ (net)
                      0.111207    0.002094    2.191780 v _44_/B (sky130_fd_sc_hd__and2_2)
     1    0.007770    0.034906    0.158128    2.349908 v _44_/X (sky130_fd_sc_hd__and2_2)
                                                         _00_ (net)
                      0.034930    0.000470    2.350378 v _47_/D (sky130_fd_sc_hd__dfrtp_2)
                                              2.350378   data arrival time

                                 20.000000   20.000000   clock clk_i (rise edge)
                                  0.000000   20.000000   clock source latency
     2    0.082968    0.000000    0.000000   20.000000 ^ clk_i (in)
                                                         clk_i (net)
                      0.009513    0.004757   20.004757 ^ clkbuf_regs_0_clk_i/A (sky130_fd_sc_hd__clkbuf_16)
     1    0.008543    0.023545    0.070603   20.075361 ^ clkbuf_regs_0_clk_i/X (sky130_fd_sc_hd__clkbuf_16)
                                                         clk_i_regs (net)
                      0.023550    0.000671   20.076033 ^ clkbuf_0_clk_i_regs/A (sky130_fd_sc_hd__clkbuf_16)
     2    0.019396    0.030738    0.081661   20.157694 ^ clkbuf_0_clk_i_regs/X (sky130_fd_sc_hd__clkbuf_16)
                                                         clknet_0_clk_i_regs (net)
                      0.030749    0.001014   20.158707 ^ clkbuf_1_0__f_clk_i_regs/A (sky130_fd_sc_hd__clkbuf_16)
     2    0.005471    0.021323    0.074031   20.232738 ^ clkbuf_1_0__f_clk_i_regs/X (sky130_fd_sc_hd__clkbuf_16)
                                                         clknet_1_0__leaf_clk_i_regs (net)
                      0.021325    0.000323   20.233063 ^ _47_/CLK (sky130_fd_sc_hd__dfrtp_2)
                                 -0.250000   19.983063   clock uncertainty
                                  0.000000   19.983063   clock reconvergence pessimism
                                 -0.075740   19.907322   library setup time
                                             19.907322   data required time
---------------------------------------------------------------------------------------------
                                             19.907322   data required time
                                             -2.350378   data arrival time
---------------------------------------------------------------------------------------------
                                             17.556944   slack (MET)


Startpoint: axi_wvalid_i (input port clocked by clk_i)
Endpoint: _45_ (rising edge-triggered flip-flop clocked by clk_i)
Path Group: clk_i
Path Type: max

Fanout         Cap        Slew       Delay        Time   Description
---------------------------------------------------------------------------------------------
                                  0.000000    0.000000   clock clk_i (rise edge)
                                  0.000000    0.000000   clock network delay (propagated)
                                  2.000000    2.000000 ^ input external delay
     2    0.009242    0.000000    0.000000    2.000000 ^ axi_wvalid_i (in)
                                                         axi_wvalid_i (net)
                      0.000376    0.000188    2.000188 ^ _22_/B (sky130_fd_sc_hd__nand2_2)
    11    0.059183    0.148647    0.113568    2.113756 v _22_/Y (sky130_fd_sc_hd__nand2_2)
                                                         _07_ (net)
                      0.148920    0.005304    2.119060 v _31_/A3 (sky130_fd_sc_hd__a31o_2)
     1    0.007593    0.036629    0.206023    2.325083 v _31_/X (sky130_fd_sc_hd__a31o_2)
                                                         _01_ (net)
                      0.036629    0.000477    2.325560 v _45_/D (sky130_fd_sc_hd__dfstp_2)
                                              2.325560   data arrival time

                                 20.000000   20.000000   clock clk_i (rise edge)
                                  0.000000   20.000000   clock source latency
     2    0.082968    0.000000    0.000000   20.000000 ^ clk_i (in)
                                                         clk_i (net)
                      0.009513    0.004757   20.004757 ^ clkbuf_regs_0_clk_i/A (sky130_fd_sc_hd__clkbuf_16)
     1    0.008543    0.023545    0.070603   20.075361 ^ clkbuf_regs_0_clk_i/X (sky130_fd_sc_hd__clkbuf_16)
                                                         clk_i_regs (net)
                      0.023550    0.000671   20.076033 ^ clkbuf_0_clk_i_regs/A (sky130_fd_sc_hd__clkbuf_16)
     2    0.019396    0.030738    0.081661   20.157694 ^ clkbuf_0_clk_i_regs/X (sky130_fd_sc_hd__clkbuf_16)
                                                         clknet_0_clk_i_regs (net)
                      0.030749    0.001014   20.158707 ^ clkbuf_1_0__f_clk_i_regs/A (sky130_fd_sc_hd__clkbuf_16)
     2    0.005471    0.021323    0.074031   20.232738 ^ clkbuf_1_0__f_clk_i_regs/X (sky130_fd_sc_hd__clkbuf_16)
                                                         clknet_1_0__leaf_clk_i_regs (net)
                      0.021325    0.000318   20.233057 ^ _45_/CLK (sky130_fd_sc_hd__dfstp_2)
                                 -0.250000   19.983057   clock uncertainty
                                  0.000000   19.983057   clock reconvergence pessimism
                                 -0.050424   19.932634   library setup time
                                             19.932634   data required time
---------------------------------------------------------------------------------------------
                                             19.932634   data required time
                                             -2.325560   data arrival time
---------------------------------------------------------------------------------------------
                                             17.607073   slack (MET)


Startpoint: axi_wdata_i[10] (input port clocked by clk_i)
Endpoint: u_sram (falling edge-triggered flip-flop clocked by clk_i)
Path Group: clk_i
Path Type: max

Fanout         Cap        Slew       Delay        Time   Description
---------------------------------------------------------------------------------------------
                                  0.000000    0.000000   clock clk_i (rise edge)
                                  0.000000    0.000000   clock network delay (propagated)
                                  2.000000    2.000000 ^ input external delay
     1    0.016506    0.000000    0.000000    2.000000 ^ axi_wdata_i[10] (in)
                                                         axi_wdata_i[10] (net)
                      0.003058    0.000723    2.000723 ^ u_sram/din0[10] (sky130_sram_1kbyte_1rw1r_32x256_8)
                                              2.000723   data arrival time

                                 20.000000   20.000000   clock clk_i (rise edge)
                                  0.000000   20.000000   clock source latency
     2    0.082968    0.000000    0.000000   20.000000 ^ clk_i (in)
                                                         clk_i (net)
                      0.016545    0.008272   20.008272 ^ clkbuf_0_clk_i/A (sky130_fd_sc_hd__clkbuf_16)
     2    0.041654    0.046201    0.093291   20.101564 ^ clkbuf_0_clk_i/X (sky130_fd_sc_hd__clkbuf_16)
                                                         clknet_0_clk_i (net)
                      0.046409    0.002377   20.103941 ^ clkbuf_1_0__f_clk_i/A (sky130_fd_sc_hd__clkbuf_16)
     1    0.066718    0.063087    0.107434   20.211374 ^ clkbuf_1_0__f_clk_i/X (sky130_fd_sc_hd__clkbuf_16)
                                                         clknet_1_0__leaf_clk_i (net)
                      0.102866    0.022702   20.234076 ^ u_sram/clk0 (sky130_sram_1kbyte_1rw1r_32x256_8)
                                 -0.250000   19.984077   clock uncertainty
                                  0.000000   19.984077   clock reconvergence pessimism
                                 -0.103000   19.881077   library setup time
                                             19.881077   data required time
---------------------------------------------------------------------------------------------
                                             19.881077   data required time
                                             -2.000723   data arrival time
---------------------------------------------------------------------------------------------
                                             17.880354   slack (MET)


Startpoint: axi_wdata_i[12] (input port clocked by clk_i)
Endpoint: u_sram (falling edge-triggered flip-flop clocked by clk_i)
Path Group: clk_i
Path Type: max

Fanout         Cap        Slew       Delay        Time   Description
---------------------------------------------------------------------------------------------
                                  0.000000    0.000000   clock clk_i (rise edge)
                                  0.000000    0.000000   clock network delay (propagated)
                                  2.000000    2.000000 ^ input external delay
     1    0.016462    0.000000    0.000000    2.000000 ^ axi_wdata_i[12] (in)
                                                         axi_wdata_i[12] (net)
                      0.003044    0.000720    2.000720 ^ u_sram/din0[12] (sky130_sram_1kbyte_1rw1r_32x256_8)
                                              2.000720   data arrival time

                                 20.000000   20.000000   clock clk_i (rise edge)
                                  0.000000   20.000000   clock source latency
     2    0.082968    0.000000    0.000000   20.000000 ^ clk_i (in)
                                                         clk_i (net)
                      0.016545    0.008272   20.008272 ^ clkbuf_0_clk_i/A (sky130_fd_sc_hd__clkbuf_16)
     2    0.041654    0.046201    0.093291   20.101564 ^ clkbuf_0_clk_i/X (sky130_fd_sc_hd__clkbuf_16)
                                                         clknet_0_clk_i (net)
                      0.046409    0.002377   20.103941 ^ clkbuf_1_0__f_clk_i/A (sky130_fd_sc_hd__clkbuf_16)
     1    0.066718    0.063087    0.107434   20.211374 ^ clkbuf_1_0__f_clk_i/X (sky130_fd_sc_hd__clkbuf_16)
                                                         clknet_1_0__leaf_clk_i (net)
                      0.102866    0.022702   20.234076 ^ u_sram/clk0 (sky130_sram_1kbyte_1rw1r_32x256_8)
                                 -0.250000   19.984077   clock uncertainty
                                  0.000000   19.984077   clock reconvergence pessimism
                                 -0.103000   19.881077   library setup time
                                             19.881077   data required time
---------------------------------------------------------------------------------------------
                                             19.881077   data required time
                                             -2.000720   data arrival time
---------------------------------------------------------------------------------------------
                                             17.880358   slack (MET)


Startpoint: axi_wdata_i[14] (input port clocked by clk_i)
Endpoint: u_sram (falling edge-triggered flip-flop clocked by clk_i)
Path Group: clk_i
Path Type: max

Fanout         Cap        Slew       Delay        Time   Description
---------------------------------------------------------------------------------------------
                                  0.000000    0.000000   clock clk_i (rise edge)
                                  0.000000    0.000000   clock network delay (propagated)
                                  2.000000    2.000000 ^ input external delay
     1    0.016493    0.000000    0.000000    2.000000 ^ axi_wdata_i[14] (in)
                                                         axi_wdata_i[14] (net)
                      0.003052    0.000722    2.000722 ^ u_sram/din0[14] (sky130_sram_1kbyte_1rw1r_32x256_8)
                                              2.000722   data arrival time

                                 20.000000   20.000000   clock clk_i (rise edge)
                                  0.000000   20.000000   clock source latency
     2    0.082968    0.000000    0.000000   20.000000 ^ clk_i (in)
                                                         clk_i (net)
                      0.016545    0.008272   20.008272 ^ clkbuf_0_clk_i/A (sky130_fd_sc_hd__clkbuf_16)
     2    0.041654    0.046201    0.093291   20.101564 ^ clkbuf_0_clk_i/X (sky130_fd_sc_hd__clkbuf_16)
                                                         clknet_0_clk_i (net)
                      0.046409    0.002377   20.103941 ^ clkbuf_1_0__f_clk_i/A (sky130_fd_sc_hd__clkbuf_16)
     1    0.066718    0.063087    0.107434   20.211374 ^ clkbuf_1_0__f_clk_i/X (sky130_fd_sc_hd__clkbuf_16)
                                                         clknet_1_0__leaf_clk_i (net)
                      0.102866    0.022702   20.234076 ^ u_sram/clk0 (sky130_sram_1kbyte_1rw1r_32x256_8)
                                 -0.250000   19.984077   clock uncertainty
                                  0.000000   19.984077   clock reconvergence pessimism
                                 -0.103000   19.881077   library setup time
                                             19.881077   data required time
---------------------------------------------------------------------------------------------
                                             19.881077   data required time
                                             -2.000722   data arrival time
---------------------------------------------------------------------------------------------
                                             17.880356   slack (MET)


Startpoint: axi_wdata_i[11] (input port clocked by clk_i)
Endpoint: u_sram (falling edge-triggered flip-flop clocked by clk_i)
Path Group: clk_i
Path Type: max

Fanout         Cap        Slew       Delay        Time   Description
---------------------------------------------------------------------------------------------
                                  0.000000    0.000000   clock clk_i (rise edge)
                                  0.000000    0.000000   clock network delay (propagated)
                                  2.000000    2.000000 ^ input external delay
     1    0.015939    0.000000    0.000000    2.000000 ^ axi_wdata_i[11] (in)
                                                         axi_wdata_i[11] (net)
                      0.002955    0.000699    2.000699 ^ u_sram/din0[11] (sky130_sram_1kbyte_1rw1r_32x256_8)
                                              2.000699   data arrival time

                                 20.000000   20.000000   clock clk_i (rise edge)
                                  0.000000   20.000000   clock source latency
     2    0.082968    0.000000    0.000000   20.000000 ^ clk_i (in)
                                                         clk_i (net)
                      0.016545    0.008272   20.008272 ^ clkbuf_0_clk_i/A (sky130_fd_sc_hd__clkbuf_16)
     2    0.041654    0.046201    0.093291   20.101564 ^ clkbuf_0_clk_i/X (sky130_fd_sc_hd__clkbuf_16)
                                                         clknet_0_clk_i (net)
                      0.046409    0.002377   20.103941 ^ clkbuf_1_0__f_clk_i/A (sky130_fd_sc_hd__clkbuf_16)
     1    0.066718    0.063087    0.107434   20.211374 ^ clkbuf_1_0__f_clk_i/X (sky130_fd_sc_hd__clkbuf_16)
                                                         clknet_1_0__leaf_clk_i (net)
                      0.102866    0.022702   20.234076 ^ u_sram/clk0 (sky130_sram_1kbyte_1rw1r_32x256_8)
                                 -0.250000   19.984077   clock uncertainty
                                  0.000000   19.984077   clock reconvergence pessimism
                                 -0.103000   19.881077   library setup time
                                             19.881077   data required time
---------------------------------------------------------------------------------------------
                                             19.881077   data required time
                                             -2.000699   data arrival time
---------------------------------------------------------------------------------------------
                                             17.880379   slack (MET)


Startpoint: axi_wdata_i[25] (input port clocked by clk_i)
Endpoint: u_sram (falling edge-triggered flip-flop clocked by clk_i)
Path Group: clk_i
Path Type: max

Fanout         Cap        Slew       Delay        Time   Description
---------------------------------------------------------------------------------------------
                                  0.000000    0.000000   clock clk_i (rise edge)
                                  0.000000    0.000000   clock network delay (propagated)
                                  2.000000    2.000000 ^ input external delay
     1    0.016259    0.000000    0.000000    2.000000 ^ axi_wdata_i[25] (in)
                                                         axi_wdata_i[25] (net)
                      0.003008    0.000712    2.000712 ^ u_sram/din0[25] (sky130_sram_1kbyte_1rw1r_32x256_8)
                                              2.000712   data arrival time

                                 20.000000   20.000000   clock clk_i (rise edge)
                                  0.000000   20.000000   clock source latency
     2    0.082968    0.000000    0.000000   20.000000 ^ clk_i (in)
                                                         clk_i (net)
                      0.016545    0.008272   20.008272 ^ clkbuf_0_clk_i/A (sky130_fd_sc_hd__clkbuf_16)
     2    0.041654    0.046201    0.093291   20.101564 ^ clkbuf_0_clk_i/X (sky130_fd_sc_hd__clkbuf_16)
                                                         clknet_0_clk_i (net)
                      0.046409    0.002377   20.103941 ^ clkbuf_1_0__f_clk_i/A (sky130_fd_sc_hd__clkbuf_16)
     1    0.066718    0.063087    0.107434   20.211374 ^ clkbuf_1_0__f_clk_i/X (sky130_fd_sc_hd__clkbuf_16)
                                                         clknet_1_0__leaf_clk_i (net)
                      0.102866    0.022702   20.234076 ^ u_sram/clk0 (sky130_sram_1kbyte_1rw1r_32x256_8)
                                 -0.250000   19.984077   clock uncertainty
                                  0.000000   19.984077   clock reconvergence pessimism
                                 -0.103000   19.881077   library setup time
                                             19.881077   data required time
---------------------------------------------------------------------------------------------
                                             19.881077   data required time
                                             -2.000712   data arrival time
---------------------------------------------------------------------------------------------
                                             17.880363   slack (MET)


Startpoint: axi_wdata_i[13] (input port clocked by clk_i)
Endpoint: u_sram (falling edge-triggered flip-flop clocked by clk_i)
Path Group: clk_i
Path Type: max

Fanout         Cap        Slew       Delay        Time   Description
---------------------------------------------------------------------------------------------
                                  0.000000    0.000000   clock clk_i (rise edge)
                                  0.000000    0.000000   clock network delay (propagated)
                                  2.000000    2.000000 ^ input external delay
     1    0.015863    0.000000    0.000000    2.000000 ^ axi_wdata_i[13] (in)
                                                         axi_wdata_i[13] (net)
                      0.002918    0.000690    2.000690 ^ u_sram/din0[13] (sky130_sram_1kbyte_1rw1r_32x256_8)
                                              2.000690   data arrival time

                                 20.000000   20.000000   clock clk_i (rise edge)
                                  0.000000   20.000000   clock source latency
     2    0.082968    0.000000    0.000000   20.000000 ^ clk_i (in)
                                                         clk_i (net)
                      0.016545    0.008272   20.008272 ^ clkbuf_0_clk_i/A (sky130_fd_sc_hd__clkbuf_16)
     2    0.041654    0.046201    0.093291   20.101564 ^ clkbuf_0_clk_i/X (sky130_fd_sc_hd__clkbuf_16)
                                                         clknet_0_clk_i (net)
                      0.046409    0.002377   20.103941 ^ clkbuf_1_0__f_clk_i/A (sky130_fd_sc_hd__clkbuf_16)
     1    0.066718    0.063087    0.107434   20.211374 ^ clkbuf_1_0__f_clk_i/X (sky130_fd_sc_hd__clkbuf_16)
                                                         clknet_1_0__leaf_clk_i (net)
                      0.102866    0.022702   20.234076 ^ u_sram/clk0 (sky130_sram_1kbyte_1rw1r_32x256_8)
                                 -0.250000   19.984077   clock uncertainty
                                  0.000000   19.984077   clock reconvergence pessimism
                                 -0.103000   19.881077   library setup time
                                             19.881077   data required time
---------------------------------------------------------------------------------------------
                                             19.881077   data required time
                                             -2.000690   data arrival time
---------------------------------------------------------------------------------------------
                                             17.880386   slack (MET)


Startpoint: axi_wdata_i[23] (input port clocked by clk_i)
Endpoint: u_sram (falling edge-triggered flip-flop clocked by clk_i)
Path Group: clk_i
Path Type: max

Fanout         Cap        Slew       Delay        Time   Description
---------------------------------------------------------------------------------------------
                                  0.000000    0.000000   clock clk_i (rise edge)
                                  0.000000    0.000000   clock network delay (propagated)
                                  2.000000    2.000000 ^ input external delay
     1    0.015668    0.000000    0.000000    2.000000 ^ axi_wdata_i[23] (in)
                                                         axi_wdata_i[23] (net)
                      0.002875    0.000680    2.000680 ^ u_sram/din0[23] (sky130_sram_1kbyte_1rw1r_32x256_8)
                                              2.000680   data arrival time

                                 20.000000   20.000000   clock clk_i (rise edge)
                                  0.000000   20.000000   clock source latency
     2    0.082968    0.000000    0.000000   20.000000 ^ clk_i (in)
                                                         clk_i (net)
                      0.016545    0.008272   20.008272 ^ clkbuf_0_clk_i/A (sky130_fd_sc_hd__clkbuf_16)
     2    0.041654    0.046201    0.093291   20.101564 ^ clkbuf_0_clk_i/X (sky130_fd_sc_hd__clkbuf_16)
                                                         clknet_0_clk_i (net)
                      0.046409    0.002377   20.103941 ^ clkbuf_1_0__f_clk_i/A (sky130_fd_sc_hd__clkbuf_16)
     1    0.066718    0.063087    0.107434   20.211374 ^ clkbuf_1_0__f_clk_i/X (sky130_fd_sc_hd__clkbuf_16)
                                                         clknet_1_0__leaf_clk_i (net)
                      0.102866    0.022702   20.234076 ^ u_sram/clk0 (sky130_sram_1kbyte_1rw1r_32x256_8)
                                 -0.250000   19.984077   clock uncertainty
                                  0.000000   19.984077   clock reconvergence pessimism
                                 -0.103000   19.881077   library setup time
                                             19.881077   data required time
---------------------------------------------------------------------------------------------
                                             19.881077   data required time
                                             -2.000680   data arrival time
---------------------------------------------------------------------------------------------
                                             17.880396   slack (MET)


Startpoint: axi_wdata_i[27] (input port clocked by clk_i)
Endpoint: u_sram (falling edge-triggered flip-flop clocked by clk_i)
Path Group: clk_i
Path Type: max

Fanout         Cap        Slew       Delay        Time   Description
---------------------------------------------------------------------------------------------
                                  0.000000    0.000000   clock clk_i (rise edge)
                                  0.000000    0.000000   clock network delay (propagated)
                                  2.000000    2.000000 ^ input external delay
     1    0.015935    0.000000    0.000000    2.000000 ^ axi_wdata_i[27] (in)
                                                         axi_wdata_i[27] (net)
                      0.002954    0.000699    2.000699 ^ u_sram/din0[27] (sky130_sram_1kbyte_1rw1r_32x256_8)
                                              2.000699   data arrival time

                                 20.000000   20.000000   clock clk_i (rise edge)
                                  0.000000   20.000000   clock source latency
     2    0.082968    0.000000    0.000000   20.000000 ^ clk_i (in)
                                                         clk_i (net)
                      0.016545    0.008272   20.008272 ^ clkbuf_0_clk_i/A (sky130_fd_sc_hd__clkbuf_16)
     2    0.041654    0.046201    0.093291   20.101564 ^ clkbuf_0_clk_i/X (sky130_fd_sc_hd__clkbuf_16)
                                                         clknet_0_clk_i (net)
                      0.046409    0.002377   20.103941 ^ clkbuf_1_0__f_clk_i/A (sky130_fd_sc_hd__clkbuf_16)
     1    0.066718    0.063087    0.107434   20.211374 ^ clkbuf_1_0__f_clk_i/X (sky130_fd_sc_hd__clkbuf_16)
                                                         clknet_1_0__leaf_clk_i (net)
                      0.102866    0.022702   20.234076 ^ u_sram/clk0 (sky130_sram_1kbyte_1rw1r_32x256_8)
                                 -0.250000   19.984077   clock uncertainty
                                  0.000000   19.984077   clock reconvergence pessimism
                                 -0.103000   19.881077   library setup time
                                             19.881077   data required time
---------------------------------------------------------------------------------------------
                                             19.881077   data required time
                                             -2.000699   data arrival time
---------------------------------------------------------------------------------------------
                                             17.880379   slack (MET)


Startpoint: axi_wdata_i[16] (input port clocked by clk_i)
Endpoint: u_sram (falling edge-triggered flip-flop clocked by clk_i)
Path Group: clk_i
Path Type: max

Fanout         Cap        Slew       Delay        Time   Description
---------------------------------------------------------------------------------------------
                                  0.000000    0.000000   clock clk_i (rise edge)
                                  0.000000    0.000000   clock network delay (propagated)
                                  2.000000    2.000000 ^ input external delay
     1    0.015344    0.000000    0.000000    2.000000 ^ axi_wdata_i[16] (in)
                                                         axi_wdata_i[16] (net)
                      0.002790    0.000660    2.000660 ^ u_sram/din0[16] (sky130_sram_1kbyte_1rw1r_32x256_8)
                                              2.000660   data arrival time

                                 20.000000   20.000000   clock clk_i (rise edge)
                                  0.000000   20.000000   clock source latency
     2    0.082968    0.000000    0.000000   20.000000 ^ clk_i (in)
                                                         clk_i (net)
                      0.016545    0.008272   20.008272 ^ clkbuf_0_clk_i/A (sky130_fd_sc_hd__clkbuf_16)
     2    0.041654    0.046201    0.093291   20.101564 ^ clkbuf_0_clk_i/X (sky130_fd_sc_hd__clkbuf_16)
                                                         clknet_0_clk_i (net)
                      0.046409    0.002377   20.103941 ^ clkbuf_1_0__f_clk_i/A (sky130_fd_sc_hd__clkbuf_16)
     1    0.066718    0.063087    0.107434   20.211374 ^ clkbuf_1_0__f_clk_i/X (sky130_fd_sc_hd__clkbuf_16)
                                                         clknet_1_0__leaf_clk_i (net)
                      0.102866    0.022702   20.234076 ^ u_sram/clk0 (sky130_sram_1kbyte_1rw1r_32x256_8)
                                 -0.250000   19.984077   clock uncertainty
                                  0.000000   19.984077   clock reconvergence pessimism
                                 -0.103000   19.881077   library setup time
                                             19.881077   data required time
---------------------------------------------------------------------------------------------
                                             19.881077   data required time
                                             -2.000660   data arrival time
---------------------------------------------------------------------------------------------
                                             17.880417   slack (MET)


Startpoint: axi_wdata_i[20] (input port clocked by clk_i)
Endpoint: u_sram (falling edge-triggered flip-flop clocked by clk_i)
Path Group: clk_i
Path Type: max

Fanout         Cap        Slew       Delay        Time   Description
---------------------------------------------------------------------------------------------
                                  0.000000    0.000000   clock clk_i (rise edge)
                                  0.000000    0.000000   clock network delay (propagated)
                                  2.000000    2.000000 ^ input external delay
     1    0.015314    0.000000    0.000000    2.000000 ^ axi_wdata_i[20] (in)
                                                         axi_wdata_i[20] (net)
                      0.002784    0.000659    2.000659 ^ u_sram/din0[20] (sky130_sram_1kbyte_1rw1r_32x256_8)
                                              2.000659   data arrival time

                                 20.000000   20.000000   clock clk_i (rise edge)
                                  0.000000   20.000000   clock source latency
     2    0.082968    0.000000    0.000000   20.000000 ^ clk_i (in)
                                                         clk_i (net)
                      0.016545    0.008272   20.008272 ^ clkbuf_0_clk_i/A (sky130_fd_sc_hd__clkbuf_16)
     2    0.041654    0.046201    0.093291   20.101564 ^ clkbuf_0_clk_i/X (sky130_fd_sc_hd__clkbuf_16)
                                                         clknet_0_clk_i (net)
                      0.046409    0.002377   20.103941 ^ clkbuf_1_0__f_clk_i/A (sky130_fd_sc_hd__clkbuf_16)
     1    0.066718    0.063087    0.107434   20.211374 ^ clkbuf_1_0__f_clk_i/X (sky130_fd_sc_hd__clkbuf_16)
                                                         clknet_1_0__leaf_clk_i (net)
                      0.102866    0.022702   20.234076 ^ u_sram/clk0 (sky130_sram_1kbyte_1rw1r_32x256_8)
                                 -0.250000   19.984077   clock uncertainty
                                  0.000000   19.984077   clock reconvergence pessimism
                                 -0.103000   19.881077   library setup time
                                             19.881077   data required time
---------------------------------------------------------------------------------------------
                                             19.881077   data required time
                                             -2.000659   data arrival time
---------------------------------------------------------------------------------------------
                                             17.880417   slack (MET)


Startpoint: axi_wdata_i[21] (input port clocked by clk_i)
Endpoint: u_sram (falling edge-triggered flip-flop clocked by clk_i)
Path Group: clk_i
Path Type: max

Fanout         Cap        Slew       Delay        Time   Description
---------------------------------------------------------------------------------------------
                                  0.000000    0.000000   clock clk_i (rise edge)
                                  0.000000    0.000000   clock network delay (propagated)
                                  2.000000    2.000000 ^ input external delay
     1    0.015599    0.000000    0.000000    2.000000 ^ axi_wdata_i[21] (in)
                                                         axi_wdata_i[21] (net)
                      0.002844    0.000673    2.000673 ^ u_sram/din0[21] (sky130_sram_1kbyte_1rw1r_32x256_8)
                                              2.000673   data arrival time

                                 20.000000   20.000000   clock clk_i (rise edge)
                                  0.000000   20.000000   clock source latency
     2    0.082968    0.000000    0.000000   20.000000 ^ clk_i (in)
                                                         clk_i (net)
                      0.016545    0.008272   20.008272 ^ clkbuf_0_clk_i/A (sky130_fd_sc_hd__clkbuf_16)
     2    0.041654    0.046201    0.093291   20.101564 ^ clkbuf_0_clk_i/X (sky130_fd_sc_hd__clkbuf_16)
                                                         clknet_0_clk_i (net)
                      0.046409    0.002377   20.103941 ^ clkbuf_1_0__f_clk_i/A (sky130_fd_sc_hd__clkbuf_16)
     1    0.066718    0.063087    0.107434   20.211374 ^ clkbuf_1_0__f_clk_i/X (sky130_fd_sc_hd__clkbuf_16)
                                                         clknet_1_0__leaf_clk_i (net)
                      0.102866    0.022702   20.234076 ^ u_sram/clk0 (sky130_sram_1kbyte_1rw1r_32x256_8)
                                 -0.250000   19.984077   clock uncertainty
                                  0.000000   19.984077   clock reconvergence pessimism
                                 -0.103000   19.881077   library setup time
                                             19.881077   data required time
---------------------------------------------------------------------------------------------
                                             19.881077   data required time
                                             -2.000673   data arrival time
---------------------------------------------------------------------------------------------
                                             17.880404   slack (MET)


Startpoint: axi_wdata_i[22] (input port clocked by clk_i)
Endpoint: u_sram (falling edge-triggered flip-flop clocked by clk_i)
Path Group: clk_i
Path Type: max

Fanout         Cap        Slew       Delay        Time   Description
---------------------------------------------------------------------------------------------
                                  0.000000    0.000000   clock clk_i (rise edge)
                                  0.000000    0.000000   clock network delay (propagated)
                                  2.000000    2.000000 ^ input external delay
     1    0.015359    0.000000    0.000000    2.000000 ^ axi_wdata_i[22] (in)
                                                         axi_wdata_i[22] (net)
                      0.002794    0.000661    2.000661 ^ u_sram/din0[22] (sky130_sram_1kbyte_1rw1r_32x256_8)
                                              2.000661   data arrival time

                                 20.000000   20.000000   clock clk_i (rise edge)
                                  0.000000   20.000000   clock source latency
     2    0.082968    0.000000    0.000000   20.000000 ^ clk_i (in)
                                                         clk_i (net)
                      0.016545    0.008272   20.008272 ^ clkbuf_0_clk_i/A (sky130_fd_sc_hd__clkbuf_16)
     2    0.041654    0.046201    0.093291   20.101564 ^ clkbuf_0_clk_i/X (sky130_fd_sc_hd__clkbuf_16)
                                                         clknet_0_clk_i (net)
                      0.046409    0.002377   20.103941 ^ clkbuf_1_0__f_clk_i/A (sky130_fd_sc_hd__clkbuf_16)
     1    0.066718    0.063087    0.107434   20.211374 ^ clkbuf_1_0__f_clk_i/X (sky130_fd_sc_hd__clkbuf_16)
                                                         clknet_1_0__leaf_clk_i (net)
                      0.102866    0.022702   20.234076 ^ u_sram/clk0 (sky130_sram_1kbyte_1rw1r_32x256_8)
                                 -0.250000   19.984077   clock uncertainty
                                  0.000000   19.984077   clock reconvergence pessimism
                                 -0.103000   19.881077   library setup time
                                             19.881077   data required time
---------------------------------------------------------------------------------------------
                                             19.881077   data required time
                                             -2.000661   data arrival time
---------------------------------------------------------------------------------------------
                                             17.880415   slack (MET)


Startpoint: axi_wdata_i[26] (input port clocked by clk_i)
Endpoint: u_sram (falling edge-triggered flip-flop clocked by clk_i)
Path Group: clk_i
Path Type: max

Fanout         Cap        Slew       Delay        Time   Description
---------------------------------------------------------------------------------------------
                                  0.000000    0.000000   clock clk_i (rise edge)
                                  0.000000    0.000000   clock network delay (propagated)
                                  2.000000    2.000000 ^ input external delay
     1    0.015382    0.000000    0.000000    2.000000 ^ axi_wdata_i[26] (in)
                                                         axi_wdata_i[26] (net)
                      0.002799    0.000662    2.000662 ^ u_sram/din0[26] (sky130_sram_1kbyte_1rw1r_32x256_8)
                                              2.000662   data arrival time

                                 20.000000   20.000000   clock clk_i (rise edge)
                                  0.000000   20.000000   clock source latency
     2    0.082968    0.000000    0.000000   20.000000 ^ clk_i (in)
                                                         clk_i (net)
                      0.016545    0.008272   20.008272 ^ clkbuf_0_clk_i/A (sky130_fd_sc_hd__clkbuf_16)
     2    0.041654    0.046201    0.093291   20.101564 ^ clkbuf_0_clk_i/X (sky130_fd_sc_hd__clkbuf_16)
                                                         clknet_0_clk_i (net)
                      0.046409    0.002377   20.103941 ^ clkbuf_1_0__f_clk_i/A (sky130_fd_sc_hd__clkbuf_16)
     1    0.066718    0.063087    0.107434   20.211374 ^ clkbuf_1_0__f_clk_i/X (sky130_fd_sc_hd__clkbuf_16)
                                                         clknet_1_0__leaf_clk_i (net)
                      0.102866    0.022702   20.234076 ^ u_sram/clk0 (sky130_sram_1kbyte_1rw1r_32x256_8)
                                 -0.250000   19.984077   clock uncertainty
                                  0.000000   19.984077   clock reconvergence pessimism
                                 -0.103000   19.881077   library setup time
                                             19.881077   data required time
---------------------------------------------------------------------------------------------
                                             19.881077   data required time
                                             -2.000662   data arrival time
---------------------------------------------------------------------------------------------
                                             17.880415   slack (MET)


Startpoint: axi_wdata_i[29] (input port clocked by clk_i)
Endpoint: u_sram (falling edge-triggered flip-flop clocked by clk_i)
Path Group: clk_i
Path Type: max

Fanout         Cap        Slew       Delay        Time   Description
---------------------------------------------------------------------------------------------
                                  0.000000    0.000000   clock clk_i (rise edge)
                                  0.000000    0.000000   clock network delay (propagated)
                                  2.000000    2.000000 ^ input external delay
     1    0.015342    0.000000    0.000000    2.000000 ^ axi_wdata_i[29] (in)
                                                         axi_wdata_i[29] (net)
                      0.002789    0.000660    2.000660 ^ u_sram/din0[29] (sky130_sram_1kbyte_1rw1r_32x256_8)
                                              2.000660   data arrival time

                                 20.000000   20.000000   clock clk_i (rise edge)
                                  0.000000   20.000000   clock source latency
     2    0.082968    0.000000    0.000000   20.000000 ^ clk_i (in)
                                                         clk_i (net)
                      0.016545    0.008272   20.008272 ^ clkbuf_0_clk_i/A (sky130_fd_sc_hd__clkbuf_16)
     2    0.041654    0.046201    0.093291   20.101564 ^ clkbuf_0_clk_i/X (sky130_fd_sc_hd__clkbuf_16)
                                                         clknet_0_clk_i (net)
                      0.046409    0.002377   20.103941 ^ clkbuf_1_0__f_clk_i/A (sky130_fd_sc_hd__clkbuf_16)
     1    0.066718    0.063087    0.107434   20.211374 ^ clkbuf_1_0__f_clk_i/X (sky130_fd_sc_hd__clkbuf_16)
                                                         clknet_1_0__leaf_clk_i (net)
                      0.102866    0.022702   20.234076 ^ u_sram/clk0 (sky130_sram_1kbyte_1rw1r_32x256_8)
                                 -0.250000   19.984077   clock uncertainty
                                  0.000000   19.984077   clock reconvergence pessimism
                                 -0.103000   19.881077   library setup time
                                             19.881077   data required time
---------------------------------------------------------------------------------------------
                                             19.881077   data required time
                                             -2.000660   data arrival time
---------------------------------------------------------------------------------------------
                                             17.880417   slack (MET)


Startpoint: axi_wdata_i[6] (input port clocked by clk_i)
Endpoint: u_sram (falling edge-triggered flip-flop clocked by clk_i)
Path Group: clk_i
Path Type: max

Fanout         Cap        Slew       Delay        Time   Description
---------------------------------------------------------------------------------------------
                                  0.000000    0.000000   clock clk_i (rise edge)
                                  0.000000    0.000000   clock network delay (propagated)
                                  2.000000    2.000000 ^ input external delay
     1    0.015609    0.000000    0.000000    2.000000 ^ axi_wdata_i[6] (in)
                                                         axi_wdata_i[6] (net)
                      0.002845    0.000673    2.000673 ^ u_sram/din0[6] (sky130_sram_1kbyte_1rw1r_32x256_8)
                                              2.000673   data arrival time

                                 20.000000   20.000000   clock clk_i (rise edge)
                                  0.000000   20.000000   clock source latency
     2    0.082968    0.000000    0.000000   20.000000 ^ clk_i (in)
                                                         clk_i (net)
                      0.016545    0.008272   20.008272 ^ clkbuf_0_clk_i/A (sky130_fd_sc_hd__clkbuf_16)
     2    0.041654    0.046201    0.093291   20.101564 ^ clkbuf_0_clk_i/X (sky130_fd_sc_hd__clkbuf_16)
                                                         clknet_0_clk_i (net)
                      0.046409    0.002377   20.103941 ^ clkbuf_1_0__f_clk_i/A (sky130_fd_sc_hd__clkbuf_16)
     1    0.066718    0.063087    0.107434   20.211374 ^ clkbuf_1_0__f_clk_i/X (sky130_fd_sc_hd__clkbuf_16)
                                                         clknet_1_0__leaf_clk_i (net)
                      0.102866    0.022702   20.234076 ^ u_sram/clk0 (sky130_sram_1kbyte_1rw1r_32x256_8)
                                 -0.250000   19.984077   clock uncertainty
                                  0.000000   19.984077   clock reconvergence pessimism
                                 -0.103000   19.881077   library setup time
                                             19.881077   data required time
---------------------------------------------------------------------------------------------
                                             19.881077   data required time
                                             -2.000673   data arrival time
---------------------------------------------------------------------------------------------
                                             17.880404   slack (MET)


Startpoint: axi_wdata_i[7] (input port clocked by clk_i)
Endpoint: u_sram (falling edge-triggered flip-flop clocked by clk_i)
Path Group: clk_i
Path Type: max

Fanout         Cap        Slew       Delay        Time   Description
---------------------------------------------------------------------------------------------
                                  0.000000    0.000000   clock clk_i (rise edge)
                                  0.000000    0.000000   clock network delay (propagated)
                                  2.000000    2.000000 ^ input external delay
     1    0.015606    0.000000    0.000000    2.000000 ^ axi_wdata_i[7] (in)
                                                         axi_wdata_i[7] (net)
                      0.002846    0.000673    2.000673 ^ u_sram/din0[7] (sky130_sram_1kbyte_1rw1r_32x256_8)
                                              2.000673   data arrival time

                                 20.000000   20.000000   clock clk_i (rise edge)
                                  0.000000   20.000000   clock source latency
     2    0.082968    0.000000    0.000000   20.000000 ^ clk_i (in)
                                                         clk_i (net)
                      0.016545    0.008272   20.008272 ^ clkbuf_0_clk_i/A (sky130_fd_sc_hd__clkbuf_16)
     2    0.041654    0.046201    0.093291   20.101564 ^ clkbuf_0_clk_i/X (sky130_fd_sc_hd__clkbuf_16)
                                                         clknet_0_clk_i (net)
                      0.046409    0.002377   20.103941 ^ clkbuf_1_0__f_clk_i/A (sky130_fd_sc_hd__clkbuf_16)
     1    0.066718    0.063087    0.107434   20.211374 ^ clkbuf_1_0__f_clk_i/X (sky130_fd_sc_hd__clkbuf_16)
                                                         clknet_1_0__leaf_clk_i (net)
                      0.102866    0.022702   20.234076 ^ u_sram/clk0 (sky130_sram_1kbyte_1rw1r_32x256_8)
                                 -0.250000   19.984077   clock uncertainty
                                  0.000000   19.984077   clock reconvergence pessimism
                                 -0.103000   19.881077   library setup time
                                             19.881077   data required time
---------------------------------------------------------------------------------------------
                                             19.881077   data required time
                                             -2.000673   data arrival time
---------------------------------------------------------------------------------------------
                                             17.880404   slack (MET)


Startpoint: axi_wdata_i[9] (input port clocked by clk_i)
Endpoint: u_sram (falling edge-triggered flip-flop clocked by clk_i)
Path Group: clk_i
Path Type: max

Fanout         Cap        Slew       Delay        Time   Description
---------------------------------------------------------------------------------------------
                                  0.000000    0.000000   clock clk_i (rise edge)
                                  0.000000    0.000000   clock network delay (propagated)
                                  2.000000    2.000000 ^ input external delay
     1    0.015868    0.000000    0.000000    2.000000 ^ axi_wdata_i[9] (in)
                                                         axi_wdata_i[9] (net)
                      0.002923    0.000692    2.000692 ^ u_sram/din0[9] (sky130_sram_1kbyte_1rw1r_32x256_8)
                                              2.000692   data arrival time

                                 20.000000   20.000000   clock clk_i (rise edge)
                                  0.000000   20.000000   clock source latency
     2    0.082968    0.000000    0.000000   20.000000 ^ clk_i (in)
                                                         clk_i (net)
                      0.016545    0.008272   20.008272 ^ clkbuf_0_clk_i/A (sky130_fd_sc_hd__clkbuf_16)
     2    0.041654    0.046201    0.093291   20.101564 ^ clkbuf_0_clk_i/X (sky130_fd_sc_hd__clkbuf_16)
                                                         clknet_0_clk_i (net)
                      0.046409    0.002377   20.103941 ^ clkbuf_1_0__f_clk_i/A (sky130_fd_sc_hd__clkbuf_16)
     1    0.066718    0.063087    0.107434   20.211374 ^ clkbuf_1_0__f_clk_i/X (sky130_fd_sc_hd__clkbuf_16)
                                                         clknet_1_0__leaf_clk_i (net)
                      0.102866    0.022702   20.234076 ^ u_sram/clk0 (sky130_sram_1kbyte_1rw1r_32x256_8)
                                 -0.250000   19.984077   clock uncertainty
                                  0.000000   19.984077   clock reconvergence pessimism
                                 -0.103000   19.881077   library setup time
                                             19.881077   data required time
---------------------------------------------------------------------------------------------
                                             19.881077   data required time
                                             -2.000692   data arrival time
---------------------------------------------------------------------------------------------
                                             17.880386   slack (MET)


Startpoint: axi_wdata_i[17] (input port clocked by clk_i)
Endpoint: u_sram (falling edge-triggered flip-flop clocked by clk_i)
Path Group: clk_i
Path Type: max

Fanout         Cap        Slew       Delay        Time   Description
---------------------------------------------------------------------------------------------
                                  0.000000    0.000000   clock clk_i (rise edge)
                                  0.000000    0.000000   clock network delay (propagated)
                                  2.000000    2.000000 ^ input external delay
     1    0.015345    0.000000    0.000000    2.000000 ^ axi_wdata_i[17] (in)
                                                         axi_wdata_i[17] (net)
                      0.002792    0.000661    2.000661 ^ u_sram/din0[17] (sky130_sram_1kbyte_1rw1r_32x256_8)
                                              2.000661   data arrival time

                                 20.000000   20.000000   clock clk_i (rise edge)
                                  0.000000   20.000000   clock source latency
     2    0.082968    0.000000    0.000000   20.000000 ^ clk_i (in)
                                                         clk_i (net)
                      0.016545    0.008272   20.008272 ^ clkbuf_0_clk_i/A (sky130_fd_sc_hd__clkbuf_16)
     2    0.041654    0.046201    0.093291   20.101564 ^ clkbuf_0_clk_i/X (sky130_fd_sc_hd__clkbuf_16)
                                                         clknet_0_clk_i (net)
                      0.046409    0.002377   20.103941 ^ clkbuf_1_0__f_clk_i/A (sky130_fd_sc_hd__clkbuf_16)
     1    0.066718    0.063087    0.107434   20.211374 ^ clkbuf_1_0__f_clk_i/X (sky130_fd_sc_hd__clkbuf_16)
                                                         clknet_1_0__leaf_clk_i (net)
                      0.102866    0.022702   20.234076 ^ u_sram/clk0 (sky130_sram_1kbyte_1rw1r_32x256_8)
                                 -0.250000   19.984077   clock uncertainty
                                  0.000000   19.984077   clock reconvergence pessimism
                                 -0.103000   19.881077   library setup time
                                             19.881077   data required time
---------------------------------------------------------------------------------------------
                                             19.881077   data required time
                                             -2.000661   data arrival time
---------------------------------------------------------------------------------------------
                                             17.880415   slack (MET)


Startpoint: axi_wdata_i[18] (input port clocked by clk_i)
Endpoint: u_sram (falling edge-triggered flip-flop clocked by clk_i)
Path Group: clk_i
Path Type: max

Fanout         Cap        Slew       Delay        Time   Description
---------------------------------------------------------------------------------------------
                                  0.000000    0.000000   clock clk_i (rise edge)
                                  0.000000    0.000000   clock network delay (propagated)
                                  2.000000    2.000000 ^ input external delay
     1    0.015366    0.000000    0.000000    2.000000 ^ axi_wdata_i[18] (in)
                                                         axi_wdata_i[18] (net)
                      0.002797    0.000662    2.000662 ^ u_sram/din0[18] (sky130_sram_1kbyte_1rw1r_32x256_8)
                                              2.000662   data arrival time

                                 20.000000   20.000000   clock clk_i (rise edge)
                                  0.000000   20.000000   clock source latency
     2    0.082968    0.000000    0.000000   20.000000 ^ clk_i (in)
                                                         clk_i (net)
                      0.016545    0.008272   20.008272 ^ clkbuf_0_clk_i/A (sky130_fd_sc_hd__clkbuf_16)
     2    0.041654    0.046201    0.093291   20.101564 ^ clkbuf_0_clk_i/X (sky130_fd_sc_hd__clkbuf_16)
                                                         clknet_0_clk_i (net)
                      0.046409    0.002377   20.103941 ^ clkbuf_1_0__f_clk_i/A (sky130_fd_sc_hd__clkbuf_16)
     1    0.066718    0.063087    0.107434   20.211374 ^ clkbuf_1_0__f_clk_i/X (sky130_fd_sc_hd__clkbuf_16)
                                                         clknet_1_0__leaf_clk_i (net)
                      0.102866    0.022702   20.234076 ^ u_sram/clk0 (sky130_sram_1kbyte_1rw1r_32x256_8)
                                 -0.250000   19.984077   clock uncertainty
                                  0.000000   19.984077   clock reconvergence pessimism
                                 -0.103000   19.881077   library setup time
                                             19.881077   data required time
---------------------------------------------------------------------------------------------
                                             19.881077   data required time
                                             -2.000662   data arrival time
---------------------------------------------------------------------------------------------
                                             17.880415   slack (MET)


Startpoint: axi_wdata_i[19] (input port clocked by clk_i)
Endpoint: u_sram (falling edge-triggered flip-flop clocked by clk_i)
Path Group: clk_i
Path Type: max

Fanout         Cap        Slew       Delay        Time   Description
---------------------------------------------------------------------------------------------
                                  0.000000    0.000000   clock clk_i (rise edge)
                                  0.000000    0.000000   clock network delay (propagated)
                                  2.000000    2.000000 ^ input external delay
     1    0.015448    0.000000    0.000000    2.000000 ^ axi_wdata_i[19] (in)
                                                         axi_wdata_i[19] (net)
                      0.002832    0.000670    2.000670 ^ u_sram/din0[19] (sky130_sram_1kbyte_1rw1r_32x256_8)
                                              2.000670   data arrival time

                                 20.000000   20.000000   clock clk_i (rise edge)
                                  0.000000   20.000000   clock source latency
     2    0.082968    0.000000    0.000000   20.000000 ^ clk_i (in)
                                                         clk_i (net)
                      0.016545    0.008272   20.008272 ^ clkbuf_0_clk_i/A (sky130_fd_sc_hd__clkbuf_16)
     2    0.041654    0.046201    0.093291   20.101564 ^ clkbuf_0_clk_i/X (sky130_fd_sc_hd__clkbuf_16)
                                                         clknet_0_clk_i (net)
                      0.046409    0.002377   20.103941 ^ clkbuf_1_0__f_clk_i/A (sky130_fd_sc_hd__clkbuf_16)
     1    0.066718    0.063087    0.107434   20.211374 ^ clkbuf_1_0__f_clk_i/X (sky130_fd_sc_hd__clkbuf_16)
                                                         clknet_1_0__leaf_clk_i (net)
                      0.102866    0.022702   20.234076 ^ u_sram/clk0 (sky130_sram_1kbyte_1rw1r_32x256_8)
                                 -0.250000   19.984077   clock uncertainty
                                  0.000000   19.984077   clock reconvergence pessimism
                                 -0.103000   19.881077   library setup time
                                             19.881077   data required time
---------------------------------------------------------------------------------------------
                                             19.881077   data required time
                                             -2.000670   data arrival time
---------------------------------------------------------------------------------------------
                                             17.880407   slack (MET)


Startpoint: axi_wdata_i[8] (input port clocked by clk_i)
Endpoint: u_sram (falling edge-triggered flip-flop clocked by clk_i)
Path Group: clk_i
Path Type: max

Fanout         Cap        Slew       Delay        Time   Description
---------------------------------------------------------------------------------------------
                                  0.000000    0.000000   clock clk_i (rise edge)
                                  0.000000    0.000000   clock network delay (propagated)
                                  2.000000    2.000000 ^ input external delay
     1    0.015590    0.000000    0.000000    2.000000 ^ axi_wdata_i[8] (in)
                                                         axi_wdata_i[8] (net)
                      0.002840    0.000672    2.000672 ^ u_sram/din0[8] (sky130_sram_1kbyte_1rw1r_32x256_8)
                                              2.000672   data arrival time

                                 20.000000   20.000000   clock clk_i (rise edge)
                                  0.000000   20.000000   clock source latency
     2    0.082968    0.000000    0.000000   20.000000 ^ clk_i (in)
                                                         clk_i (net)
                      0.016545    0.008272   20.008272 ^ clkbuf_0_clk_i/A (sky130_fd_sc_hd__clkbuf_16)
     2    0.041654    0.046201    0.093291   20.101564 ^ clkbuf_0_clk_i/X (sky130_fd_sc_hd__clkbuf_16)
                                                         clknet_0_clk_i (net)
                      0.046409    0.002377   20.103941 ^ clkbuf_1_0__f_clk_i/A (sky130_fd_sc_hd__clkbuf_16)
     1    0.066718    0.063087    0.107434   20.211374 ^ clkbuf_1_0__f_clk_i/X (sky130_fd_sc_hd__clkbuf_16)
                                                         clknet_1_0__leaf_clk_i (net)
                      0.102866    0.022702   20.234076 ^ u_sram/clk0 (sky130_sram_1kbyte_1rw1r_32x256_8)
                                 -0.250000   19.984077   clock uncertainty
                                  0.000000   19.984077   clock reconvergence pessimism
                                 -0.103000   19.881077   library setup time
                                             19.881077   data required time
---------------------------------------------------------------------------------------------
                                             19.881077   data required time
                                             -2.000672   data arrival time
---------------------------------------------------------------------------------------------
                                             17.880405   slack (MET)


Startpoint: axi_wdata_i[24] (input port clocked by clk_i)
Endpoint: u_sram (falling edge-triggered flip-flop clocked by clk_i)
Path Group: clk_i
Path Type: max

Fanout         Cap        Slew       Delay        Time   Description
---------------------------------------------------------------------------------------------
                                  0.000000    0.000000   clock clk_i (rise edge)
                                  0.000000    0.000000   clock network delay (propagated)
                                  2.000000    2.000000 ^ input external delay
     1    0.014665    0.000000    0.000000    2.000000 ^ axi_wdata_i[24] (in)
                                                         axi_wdata_i[24] (net)
                      0.002664    0.000630    2.000630 ^ u_sram/din0[24] (sky130_sram_1kbyte_1rw1r_32x256_8)
                                              2.000630   data arrival time

                                 20.000000   20.000000   clock clk_i (rise edge)
                                  0.000000   20.000000   clock source latency
     2    0.082968    0.000000    0.000000   20.000000 ^ clk_i (in)
                                                         clk_i (net)
                      0.016545    0.008272   20.008272 ^ clkbuf_0_clk_i/A (sky130_fd_sc_hd__clkbuf_16)
     2    0.041654    0.046201    0.093291   20.101564 ^ clkbuf_0_clk_i/X (sky130_fd_sc_hd__clkbuf_16)
                                                         clknet_0_clk_i (net)
                      0.046409    0.002377   20.103941 ^ clkbuf_1_0__f_clk_i/A (sky130_fd_sc_hd__clkbuf_16)
     1    0.066718    0.063087    0.107434   20.211374 ^ clkbuf_1_0__f_clk_i/X (sky130_fd_sc_hd__clkbuf_16)
                                                         clknet_1_0__leaf_clk_i (net)
                      0.102866    0.022702   20.234076 ^ u_sram/clk0 (sky130_sram_1kbyte_1rw1r_32x256_8)
                                 -0.250000   19.984077   clock uncertainty
                                  0.000000   19.984077   clock reconvergence pessimism
                                 -0.103000   19.881077   library setup time
                                             19.881077   data required time
---------------------------------------------------------------------------------------------
                                             19.881077   data required time
                                             -2.000630   data arrival time
---------------------------------------------------------------------------------------------
                                             17.880445   slack (MET)


Startpoint: axi_wdata_i[28] (input port clocked by clk_i)
Endpoint: u_sram (falling edge-triggered flip-flop clocked by clk_i)
Path Group: clk_i
Path Type: max

Fanout         Cap        Slew       Delay        Time   Description
---------------------------------------------------------------------------------------------
                                  0.000000    0.000000   clock clk_i (rise edge)
                                  0.000000    0.000000   clock network delay (propagated)
                                  2.000000    2.000000 ^ input external delay
     1    0.014834    0.000000    0.000000    2.000000 ^ axi_wdata_i[28] (in)
                                                         axi_wdata_i[28] (net)
                      0.002702    0.000639    2.000639 ^ u_sram/din0[28] (sky130_sram_1kbyte_1rw1r_32x256_8)
                                              2.000639   data arrival time

                                 20.000000   20.000000   clock clk_i (rise edge)
                                  0.000000   20.000000   clock source latency
     2    0.082968    0.000000    0.000000   20.000000 ^ clk_i (in)
                                                         clk_i (net)
                      0.016545    0.008272   20.008272 ^ clkbuf_0_clk_i/A (sky130_fd_sc_hd__clkbuf_16)
     2    0.041654    0.046201    0.093291   20.101564 ^ clkbuf_0_clk_i/X (sky130_fd_sc_hd__clkbuf_16)
                                                         clknet_0_clk_i (net)
                      0.046409    0.002377   20.103941 ^ clkbuf_1_0__f_clk_i/A (sky130_fd_sc_hd__clkbuf_16)
     1    0.066718    0.063087    0.107434   20.211374 ^ clkbuf_1_0__f_clk_i/X (sky130_fd_sc_hd__clkbuf_16)
                                                         clknet_1_0__leaf_clk_i (net)
                      0.102866    0.022702   20.234076 ^ u_sram/clk0 (sky130_sram_1kbyte_1rw1r_32x256_8)
                                 -0.250000   19.984077   clock uncertainty
                                  0.000000   19.984077   clock reconvergence pessimism
                                 -0.103000   19.881077   library setup time
                                             19.881077   data required time
---------------------------------------------------------------------------------------------
                                             19.881077   data required time
                                             -2.000639   data arrival time
---------------------------------------------------------------------------------------------
                                             17.880438   slack (MET)


Startpoint: axi_wdata_i[0] (input port clocked by clk_i)
Endpoint: u_sram (falling edge-triggered flip-flop clocked by clk_i)
Path Group: clk_i
Path Type: max

Fanout         Cap        Slew       Delay        Time   Description
---------------------------------------------------------------------------------------------
                                  0.000000    0.000000   clock clk_i (rise edge)
                                  0.000000    0.000000   clock network delay (propagated)
                                  2.000000    2.000000 ^ input external delay
     1    0.014158    0.000000    0.000000    2.000000 ^ axi_wdata_i[0] (in)
                                                         axi_wdata_i[0] (net)
                      0.002543    0.000602    2.000602 ^ u_sram/din0[0] (sky130_sram_1kbyte_1rw1r_32x256_8)
                                              2.000602   data arrival time

                                 20.000000   20.000000   clock clk_i (rise edge)
                                  0.000000   20.000000   clock source latency
     2    0.082968    0.000000    0.000000   20.000000 ^ clk_i (in)
                                                         clk_i (net)
                      0.016545    0.008272   20.008272 ^ clkbuf_0_clk_i/A (sky130_fd_sc_hd__clkbuf_16)
     2    0.041654    0.046201    0.093291   20.101564 ^ clkbuf_0_clk_i/X (sky130_fd_sc_hd__clkbuf_16)
                                                         clknet_0_clk_i (net)
                      0.046409    0.002377   20.103941 ^ clkbuf_1_0__f_clk_i/A (sky130_fd_sc_hd__clkbuf_16)
     1    0.066718    0.063087    0.107434   20.211374 ^ clkbuf_1_0__f_clk_i/X (sky130_fd_sc_hd__clkbuf_16)
                                                         clknet_1_0__leaf_clk_i (net)
                      0.102866    0.022702   20.234076 ^ u_sram/clk0 (sky130_sram_1kbyte_1rw1r_32x256_8)
                                 -0.250000   19.984077   clock uncertainty
                                  0.000000   19.984077   clock reconvergence pessimism
                                 -0.103000   19.881077   library setup time
                                             19.881077   data required time
---------------------------------------------------------------------------------------------
                                             19.881077   data required time
                                             -2.000602   data arrival time
---------------------------------------------------------------------------------------------
                                             17.880474   slack (MET)


Startpoint: axi_wdata_i[15] (input port clocked by clk_i)
Endpoint: u_sram (falling edge-triggered flip-flop clocked by clk_i)
Path Group: clk_i
Path Type: max

Fanout         Cap        Slew       Delay        Time   Description
---------------------------------------------------------------------------------------------
                                  0.000000    0.000000   clock clk_i (rise edge)
                                  0.000000    0.000000   clock network delay (propagated)
                                  2.000000    2.000000 ^ input external delay
     1    0.014279    0.000000    0.000000    2.000000 ^ axi_wdata_i[15] (in)
                                                         axi_wdata_i[15] (net)
                      0.002587    0.000612    2.000612 ^ u_sram/din0[15] (sky130_sram_1kbyte_1rw1r_32x256_8)
                                              2.000612   data arrival time

                                 20.000000   20.000000   clock clk_i (rise edge)
                                  0.000000   20.000000   clock source latency
     2    0.082968    0.000000    0.000000   20.000000 ^ clk_i (in)
                                                         clk_i (net)
                      0.016545    0.008272   20.008272 ^ clkbuf_0_clk_i/A (sky130_fd_sc_hd__clkbuf_16)
     2    0.041654    0.046201    0.093291   20.101564 ^ clkbuf_0_clk_i/X (sky130_fd_sc_hd__clkbuf_16)
                                                         clknet_0_clk_i (net)
                      0.046409    0.002377   20.103941 ^ clkbuf_1_0__f_clk_i/A (sky130_fd_sc_hd__clkbuf_16)
     1    0.066718    0.063087    0.107434   20.211374 ^ clkbuf_1_0__f_clk_i/X (sky130_fd_sc_hd__clkbuf_16)
                                                         clknet_1_0__leaf_clk_i (net)
                      0.102866    0.022702   20.234076 ^ u_sram/clk0 (sky130_sram_1kbyte_1rw1r_32x256_8)
                                 -0.250000   19.984077   clock uncertainty
                                  0.000000   19.984077   clock reconvergence pessimism
                                 -0.103000   19.881077   library setup time
                                             19.881077   data required time
---------------------------------------------------------------------------------------------
                                             19.881077   data required time
                                             -2.000612   data arrival time
---------------------------------------------------------------------------------------------
                                             17.880466   slack (MET)


Startpoint: axi_wdata_i[1] (input port clocked by clk_i)
Endpoint: u_sram (falling edge-triggered flip-flop clocked by clk_i)
Path Group: clk_i
Path Type: max

Fanout         Cap        Slew       Delay        Time   Description
---------------------------------------------------------------------------------------------
                                  0.000000    0.000000   clock clk_i (rise edge)
                                  0.000000    0.000000   clock network delay (propagated)
                                  2.000000    2.000000 ^ input external delay
     1    0.014204    0.000000    0.000000    2.000000 ^ axi_wdata_i[1] (in)
                                                         axi_wdata_i[1] (net)
                      0.002554    0.000604    2.000604 ^ u_sram/din0[1] (sky130_sram_1kbyte_1rw1r_32x256_8)
                                              2.000604   data arrival time

                                 20.000000   20.000000   clock clk_i (rise edge)
                                  0.000000   20.000000   clock source latency
     2    0.082968    0.000000    0.000000   20.000000 ^ clk_i (in)
                                                         clk_i (net)
                      0.016545    0.008272   20.008272 ^ clkbuf_0_clk_i/A (sky130_fd_sc_hd__clkbuf_16)
     2    0.041654    0.046201    0.093291   20.101564 ^ clkbuf_0_clk_i/X (sky130_fd_sc_hd__clkbuf_16)
                                                         clknet_0_clk_i (net)
                      0.046409    0.002377   20.103941 ^ clkbuf_1_0__f_clk_i/A (sky130_fd_sc_hd__clkbuf_16)
     1    0.066718    0.063087    0.107434   20.211374 ^ clkbuf_1_0__f_clk_i/X (sky130_fd_sc_hd__clkbuf_16)
                                                         clknet_1_0__leaf_clk_i (net)
                      0.102866    0.022702   20.234076 ^ u_sram/clk0 (sky130_sram_1kbyte_1rw1r_32x256_8)
                                 -0.250000   19.984077   clock uncertainty
                                  0.000000   19.984077   clock reconvergence pessimism
                                 -0.103000   19.881077   library setup time
                                             19.881077   data required time
---------------------------------------------------------------------------------------------
                                             19.881077   data required time
                                             -2.000604   data arrival time
---------------------------------------------------------------------------------------------
                                             17.880472   slack (MET)


Startpoint: axi_wdata_i[2] (input port clocked by clk_i)
Endpoint: u_sram (falling edge-triggered flip-flop clocked by clk_i)
Path Group: clk_i
Path Type: max

Fanout         Cap        Slew       Delay        Time   Description
---------------------------------------------------------------------------------------------
                                  0.000000    0.000000   clock clk_i (rise edge)
                                  0.000000    0.000000   clock network delay (propagated)
                                  2.000000    2.000000 ^ input external delay
     1    0.014218    0.000000    0.000000    2.000000 ^ axi_wdata_i[2] (in)
                                                         axi_wdata_i[2] (net)
                      0.002558    0.000605    2.000605 ^ u_sram/din0[2] (sky130_sram_1kbyte_1rw1r_32x256_8)
                                              2.000605   data arrival time

                                 20.000000   20.000000   clock clk_i (rise edge)
                                  0.000000   20.000000   clock source latency
     2    0.082968    0.000000    0.000000   20.000000 ^ clk_i (in)
                                                         clk_i (net)
                      0.016545    0.008272   20.008272 ^ clkbuf_0_clk_i/A (sky130_fd_sc_hd__clkbuf_16)
     2    0.041654    0.046201    0.093291   20.101564 ^ clkbuf_0_clk_i/X (sky130_fd_sc_hd__clkbuf_16)
                                                         clknet_0_clk_i (net)
                      0.046409    0.002377   20.103941 ^ clkbuf_1_0__f_clk_i/A (sky130_fd_sc_hd__clkbuf_16)
     1    0.066718    0.063087    0.107434   20.211374 ^ clkbuf_1_0__f_clk_i/X (sky130_fd_sc_hd__clkbuf_16)
                                                         clknet_1_0__leaf_clk_i (net)
                      0.102866    0.022702   20.234076 ^ u_sram/clk0 (sky130_sram_1kbyte_1rw1r_32x256_8)
                                 -0.250000   19.984077   clock uncertainty
                                  0.000000   19.984077   clock reconvergence pessimism
                                 -0.103000   19.881077   library setup time
                                             19.881077   data required time
---------------------------------------------------------------------------------------------
                                             19.881077   data required time
                                             -2.000605   data arrival time
---------------------------------------------------------------------------------------------
                                             17.880470   slack (MET)


Startpoint: axi_wdata_i[3] (input port clocked by clk_i)
Endpoint: u_sram (falling edge-triggered flip-flop clocked by clk_i)
Path Group: clk_i
Path Type: max

Fanout         Cap        Slew       Delay        Time   Description
---------------------------------------------------------------------------------------------
                                  0.000000    0.000000   clock clk_i (rise edge)
                                  0.000000    0.000000   clock network delay (propagated)
                                  2.000000    2.000000 ^ input external delay
     1    0.014167    0.000000    0.000000    2.000000 ^ axi_wdata_i[3] (in)
                                                         axi_wdata_i[3] (net)
                      0.002545    0.000602    2.000602 ^ u_sram/din0[3] (sky130_sram_1kbyte_1rw1r_32x256_8)
                                              2.000602   data arrival time

                                 20.000000   20.000000   clock clk_i (rise edge)
                                  0.000000   20.000000   clock source latency
     2    0.082968    0.000000    0.000000   20.000000 ^ clk_i (in)
                                                         clk_i (net)
                      0.016545    0.008272   20.008272 ^ clkbuf_0_clk_i/A (sky130_fd_sc_hd__clkbuf_16)
     2    0.041654    0.046201    0.093291   20.101564 ^ clkbuf_0_clk_i/X (sky130_fd_sc_hd__clkbuf_16)
                                                         clknet_0_clk_i (net)
                      0.046409    0.002377   20.103941 ^ clkbuf_1_0__f_clk_i/A (sky130_fd_sc_hd__clkbuf_16)
     1    0.066718    0.063087    0.107434   20.211374 ^ clkbuf_1_0__f_clk_i/X (sky130_fd_sc_hd__clkbuf_16)
                                                         clknet_1_0__leaf_clk_i (net)
                      0.102866    0.022702   20.234076 ^ u_sram/clk0 (sky130_sram_1kbyte_1rw1r_32x256_8)
                                 -0.250000   19.984077   clock uncertainty
                                  0.000000   19.984077   clock reconvergence pessimism
                                 -0.103000   19.881077   library setup time
                                             19.881077   data required time
---------------------------------------------------------------------------------------------
                                             19.881077   data required time
                                             -2.000602   data arrival time
---------------------------------------------------------------------------------------------
                                             17.880474   slack (MET)


Startpoint: axi_wdata_i[4] (input port clocked by clk_i)
Endpoint: u_sram (falling edge-triggered flip-flop clocked by clk_i)
Path Group: clk_i
Path Type: max

Fanout         Cap        Slew       Delay        Time   Description
---------------------------------------------------------------------------------------------
                                  0.000000    0.000000   clock clk_i (rise edge)
                                  0.000000    0.000000   clock network delay (propagated)
                                  2.000000    2.000000 ^ input external delay
     1    0.014167    0.000000    0.000000    2.000000 ^ axi_wdata_i[4] (in)
                                                         axi_wdata_i[4] (net)
                      0.002545    0.000602    2.000602 ^ u_sram/din0[4] (sky130_sram_1kbyte_1rw1r_32x256_8)
                                              2.000602   data arrival time

                                 20.000000   20.000000   clock clk_i (rise edge)
                                  0.000000   20.000000   clock source latency
     2    0.082968    0.000000    0.000000   20.000000 ^ clk_i (in)
                                                         clk_i (net)
                      0.016545    0.008272   20.008272 ^ clkbuf_0_clk_i/A (sky130_fd_sc_hd__clkbuf_16)
     2    0.041654    0.046201    0.093291   20.101564 ^ clkbuf_0_clk_i/X (sky130_fd_sc_hd__clkbuf_16)
                                                         clknet_0_clk_i (net)
                      0.046409    0.002377   20.103941 ^ clkbuf_1_0__f_clk_i/A (sky130_fd_sc_hd__clkbuf_16)
     1    0.066718    0.063087    0.107434   20.211374 ^ clkbuf_1_0__f_clk_i/X (sky130_fd_sc_hd__clkbuf_16)
                                                         clknet_1_0__leaf_clk_i (net)
                      0.102866    0.022702   20.234076 ^ u_sram/clk0 (sky130_sram_1kbyte_1rw1r_32x256_8)
                                 -0.250000   19.984077   clock uncertainty
                                  0.000000   19.984077   clock reconvergence pessimism
                                 -0.103000   19.881077   library setup time
                                             19.881077   data required time
---------------------------------------------------------------------------------------------
                                             19.881077   data required time
                                             -2.000602   data arrival time
---------------------------------------------------------------------------------------------
                                             17.880474   slack (MET)


Startpoint: axi_wdata_i[5] (input port clocked by clk_i)
Endpoint: u_sram (falling edge-triggered flip-flop clocked by clk_i)
Path Group: clk_i
Path Type: max

Fanout         Cap        Slew       Delay        Time   Description
---------------------------------------------------------------------------------------------
                                  0.000000    0.000000   clock clk_i (rise edge)
                                  0.000000    0.000000   clock network delay (propagated)
                                  2.000000    2.000000 ^ input external delay
     1    0.014187    0.000000    0.000000    2.000000 ^ axi_wdata_i[5] (in)
                                                         axi_wdata_i[5] (net)
                      0.002551    0.000604    2.000604 ^ u_sram/din0[5] (sky130_sram_1kbyte_1rw1r_32x256_8)
                                              2.000604   data arrival time

                                 20.000000   20.000000   clock clk_i (rise edge)
                                  0.000000   20.000000   clock source latency
     2    0.082968    0.000000    0.000000   20.000000 ^ clk_i (in)
                                                         clk_i (net)
                      0.016545    0.008272   20.008272 ^ clkbuf_0_clk_i/A (sky130_fd_sc_hd__clkbuf_16)
     2    0.041654    0.046201    0.093291   20.101564 ^ clkbuf_0_clk_i/X (sky130_fd_sc_hd__clkbuf_16)
                                                         clknet_0_clk_i (net)
                      0.046409    0.002377   20.103941 ^ clkbuf_1_0__f_clk_i/A (sky130_fd_sc_hd__clkbuf_16)
     1    0.066718    0.063087    0.107434   20.211374 ^ clkbuf_1_0__f_clk_i/X (sky130_fd_sc_hd__clkbuf_16)
                                                         clknet_1_0__leaf_clk_i (net)
                      0.102866    0.022702   20.234076 ^ u_sram/clk0 (sky130_sram_1kbyte_1rw1r_32x256_8)
                                 -0.250000   19.984077   clock uncertainty
                                  0.000000   19.984077   clock reconvergence pessimism
                                 -0.103000   19.881077   library setup time
                                             19.881077   data required time
---------------------------------------------------------------------------------------------
                                             19.881077   data required time
                                             -2.000604   data arrival time
---------------------------------------------------------------------------------------------
                                             17.880472   slack (MET)


Startpoint: axi_wdata_i[31] (input port clocked by clk_i)
Endpoint: u_sram (falling edge-triggered flip-flop clocked by clk_i)
Path Group: clk_i
Path Type: max

Fanout         Cap        Slew       Delay        Time   Description
---------------------------------------------------------------------------------------------
                                  0.000000    0.000000   clock clk_i (rise edge)
                                  0.000000    0.000000   clock network delay (propagated)
                                  2.000000    2.000000 ^ input external delay
     1    0.016098    0.000000    0.000000    2.000000 ^ axi_wdata_i[31] (in)
                                                         axi_wdata_i[31] (net)
                      0.002346    0.000555    2.000555 ^ u_sram/din0[31] (sky130_sram_1kbyte_1rw1r_32x256_8)
                                              2.000555   data arrival time

                                 20.000000   20.000000   clock clk_i (rise edge)
                                  0.000000   20.000000   clock source latency
     2    0.082968    0.000000    0.000000   20.000000 ^ clk_i (in)
                                                         clk_i (net)
                      0.016545    0.008272   20.008272 ^ clkbuf_0_clk_i/A (sky130_fd_sc_hd__clkbuf_16)
     2    0.041654    0.046201    0.093291   20.101564 ^ clkbuf_0_clk_i/X (sky130_fd_sc_hd__clkbuf_16)
                                                         clknet_0_clk_i (net)
                      0.046409    0.002377   20.103941 ^ clkbuf_1_0__f_clk_i/A (sky130_fd_sc_hd__clkbuf_16)
     1    0.066718    0.063087    0.107434   20.211374 ^ clkbuf_1_0__f_clk_i/X (sky130_fd_sc_hd__clkbuf_16)
                                                         clknet_1_0__leaf_clk_i (net)
                      0.102866    0.022702   20.234076 ^ u_sram/clk0 (sky130_sram_1kbyte_1rw1r_32x256_8)
                                 -0.250000   19.984077   clock uncertainty
                                  0.000000   19.984077   clock reconvergence pessimism
                                 -0.103000   19.881077   library setup time
                                             19.881077   data required time
---------------------------------------------------------------------------------------------
                                             19.881077   data required time
                                             -2.000555   data arrival time
---------------------------------------------------------------------------------------------
                                             17.880522   slack (MET)


Startpoint: axi_wdata_i[30] (input port clocked by clk_i)
Endpoint: u_sram (falling edge-triggered flip-flop clocked by clk_i)
Path Group: clk_i
Path Type: max

Fanout         Cap        Slew       Delay        Time   Description
---------------------------------------------------------------------------------------------
                                  0.000000    0.000000   clock clk_i (rise edge)
                                  0.000000    0.000000   clock network delay (propagated)
                                  2.000000    2.000000 ^ input external delay
     1    0.015393    0.000000    0.000000    2.000000 ^ axi_wdata_i[30] (in)
                                                         axi_wdata_i[30] (net)
                      0.002197    0.000520    2.000520 ^ u_sram/din0[30] (sky130_sram_1kbyte_1rw1r_32x256_8)
                                              2.000520   data arrival time

                                 20.000000   20.000000   clock clk_i (rise edge)
                                  0.000000   20.000000   clock source latency
     2    0.082968    0.000000    0.000000   20.000000 ^ clk_i (in)
                                                         clk_i (net)
                      0.016545    0.008272   20.008272 ^ clkbuf_0_clk_i/A (sky130_fd_sc_hd__clkbuf_16)
     2    0.041654    0.046201    0.093291   20.101564 ^ clkbuf_0_clk_i/X (sky130_fd_sc_hd__clkbuf_16)
                                                         clknet_0_clk_i (net)
                      0.046409    0.002377   20.103941 ^ clkbuf_1_0__f_clk_i/A (sky130_fd_sc_hd__clkbuf_16)
     1    0.066718    0.063087    0.107434   20.211374 ^ clkbuf_1_0__f_clk_i/X (sky130_fd_sc_hd__clkbuf_16)
                                                         clknet_1_0__leaf_clk_i (net)
                      0.102866    0.022702   20.234076 ^ u_sram/clk0 (sky130_sram_1kbyte_1rw1r_32x256_8)
                                 -0.250000   19.984077   clock uncertainty
                                  0.000000   19.984077   clock reconvergence pessimism
                                 -0.103000   19.881077   library setup time
                                             19.881077   data required time
---------------------------------------------------------------------------------------------
                                             19.881077   data required time
                                             -2.000520   data arrival time
---------------------------------------------------------------------------------------------
                                             17.880556   slack (MET)


Startpoint: rst_ni (input port clocked by clk_i)
Endpoint: _45_ (recovery check against rising-edge clock clk_i)
Path Group: asynchronous
Path Type: max

Fanout         Cap        Slew       Delay        Time   Description
---------------------------------------------------------------------------------------------
                                  0.000000    0.000000   clock clk_i (rise edge)
                                  0.000000    0.000000   clock network delay (propagated)
                                  2.000000    2.000000 ^ input external delay
     4    0.020156    0.000000    0.000000    2.000000 ^ rst_ni (in)
                                                         rst_ni (net)
                      0.001219    0.000610    2.000610 ^ _45_/SET_B (sky130_fd_sc_hd__dfstp_2)
                                              2.000610   data arrival time

                                 20.000000   20.000000   clock clk_i (rise edge)
                                  0.000000   20.000000   clock source latency
     2    0.082968    0.000000    0.000000   20.000000 ^ clk_i (in)
                                                         clk_i (net)
                      0.009513    0.004757   20.004757 ^ clkbuf_regs_0_clk_i/A (sky130_fd_sc_hd__clkbuf_16)
     1    0.008543    0.023545    0.070603   20.075361 ^ clkbuf_regs_0_clk_i/X (sky130_fd_sc_hd__clkbuf_16)
                                                         clk_i_regs (net)
                      0.023550    0.000671   20.076033 ^ clkbuf_0_clk_i_regs/A (sky130_fd_sc_hd__clkbuf_16)
     2    0.019396    0.030738    0.081661   20.157694 ^ clkbuf_0_clk_i_regs/X (sky130_fd_sc_hd__clkbuf_16)
                                                         clknet_0_clk_i_regs (net)
                      0.030749    0.001014   20.158707 ^ clkbuf_1_0__f_clk_i_regs/A (sky130_fd_sc_hd__clkbuf_16)
     2    0.005471    0.021323    0.074031   20.232738 ^ clkbuf_1_0__f_clk_i_regs/X (sky130_fd_sc_hd__clkbuf_16)
                                                         clknet_1_0__leaf_clk_i_regs (net)
                      0.021325    0.000318   20.233057 ^ _45_/CLK (sky130_fd_sc_hd__dfstp_2)
                                 -0.250000   19.983057   clock uncertainty
                                  0.000000   19.983057   clock reconvergence pessimism
                                  0.082375   20.065434   library recovery time
                                             20.065434   data required time
---------------------------------------------------------------------------------------------
                                             20.065434   data required time
                                             -2.000610   data arrival time
---------------------------------------------------------------------------------------------
                                             18.064823   slack (MET)


Startpoint: rst_ni (input port clocked by clk_i)
Endpoint: _47_ (recovery check against rising-edge clock clk_i)
Path Group: asynchronous
Path Type: max

Fanout         Cap        Slew       Delay        Time   Description
---------------------------------------------------------------------------------------------
                                  0.000000    0.000000   clock clk_i (rise edge)
                                  0.000000    0.000000   clock network delay (propagated)
                                  2.000000    2.000000 ^ input external delay
     4    0.020156    0.000000    0.000000    2.000000 ^ rst_ni (in)
                                                         rst_ni (net)
                      0.001192    0.000596    2.000596 ^ _47_/RESET_B (sky130_fd_sc_hd__dfrtp_2)
                                              2.000596   data arrival time

                                 20.000000   20.000000   clock clk_i (rise edge)
                                  0.000000   20.000000   clock source latency
     2    0.082968    0.000000    0.000000   20.000000 ^ clk_i (in)
                                                         clk_i (net)
                      0.009513    0.004757   20.004757 ^ clkbuf_regs_0_clk_i/A (sky130_fd_sc_hd__clkbuf_16)
     1    0.008543    0.023545    0.070603   20.075361 ^ clkbuf_regs_0_clk_i/X (sky130_fd_sc_hd__clkbuf_16)
                                                         clk_i_regs (net)
                      0.023550    0.000671   20.076033 ^ clkbuf_0_clk_i_regs/A (sky130_fd_sc_hd__clkbuf_16)
     2    0.019396    0.030738    0.081661   20.157694 ^ clkbuf_0_clk_i_regs/X (sky130_fd_sc_hd__clkbuf_16)
                                                         clknet_0_clk_i_regs (net)
                      0.030749    0.001014   20.158707 ^ clkbuf_1_0__f_clk_i_regs/A (sky130_fd_sc_hd__clkbuf_16)
     2    0.005471    0.021323    0.074031   20.232738 ^ clkbuf_1_0__f_clk_i_regs/X (sky130_fd_sc_hd__clkbuf_16)
                                                         clknet_1_0__leaf_clk_i_regs (net)
                      0.021325    0.000323   20.233063 ^ _47_/CLK (sky130_fd_sc_hd__dfrtp_2)
                                 -0.250000   19.983063   clock uncertainty
                                  0.000000   19.983063   clock reconvergence pessimism
                                  0.139912   20.122974   library recovery time
                                             20.122974   data required time
---------------------------------------------------------------------------------------------
                                             20.122974   data required time
                                             -2.000596   data arrival time
---------------------------------------------------------------------------------------------
                                             18.122379   slack (MET)


Startpoint: rst_ni (input port clocked by clk_i)
Endpoint: _46_ (recovery check against rising-edge clock clk_i)
Path Group: asynchronous
Path Type: max

Fanout         Cap        Slew       Delay        Time   Description
---------------------------------------------------------------------------------------------
                                  0.000000    0.000000   clock clk_i (rise edge)
                                  0.000000    0.000000   clock network delay (propagated)
                                  2.000000    2.000000 ^ input external delay
     4    0.020156    0.000000    0.000000    2.000000 ^ rst_ni (in)
                                                         rst_ni (net)
                      0.001208    0.000604    2.000604 ^ _46_/RESET_B (sky130_fd_sc_hd__dfrtp_2)
                                              2.000604   data arrival time

                                 20.000000   20.000000   clock clk_i (rise edge)
                                  0.000000   20.000000   clock source latency
     2    0.082968    0.000000    0.000000   20.000000 ^ clk_i (in)
                                                         clk_i (net)
                      0.009513    0.004757   20.004757 ^ clkbuf_regs_0_clk_i/A (sky130_fd_sc_hd__clkbuf_16)
     1    0.008543    0.023545    0.070603   20.075361 ^ clkbuf_regs_0_clk_i/X (sky130_fd_sc_hd__clkbuf_16)
                                                         clk_i_regs (net)
                      0.023550    0.000671   20.076033 ^ clkbuf_0_clk_i_regs/A (sky130_fd_sc_hd__clkbuf_16)
     2    0.019396    0.030738    0.081661   20.157694 ^ clkbuf_0_clk_i_regs/X (sky130_fd_sc_hd__clkbuf_16)
                                                         clknet_0_clk_i_regs (net)
                      0.030749    0.001048   20.158741 ^ clkbuf_1_1__f_clk_i_regs/A (sky130_fd_sc_hd__clkbuf_16)
     3    0.007854    0.023077    0.076037   20.234777 ^ clkbuf_1_1__f_clk_i_regs/X (sky130_fd_sc_hd__clkbuf_16)
                                                         clknet_1_1__leaf_clk_i_regs (net)
                      0.023079    0.000403   20.235182 ^ _46_/CLK (sky130_fd_sc_hd__dfrtp_2)
                                 -0.250000   19.985182   clock uncertainty
                                  0.000000   19.985182   clock reconvergence pessimism
                                  0.140172   20.125355   library recovery time
                                             20.125355   data required time
---------------------------------------------------------------------------------------------
                                             20.125355   data required time
                                             -2.000604   data arrival time
---------------------------------------------------------------------------------------------
                                             18.124750   slack (MET)


Startpoint: rst_ni (input port clocked by clk_i)
Endpoint: _48_ (recovery check against rising-edge clock clk_i)
Path Group: asynchronous
Path Type: max

Fanout         Cap        Slew       Delay        Time   Description
---------------------------------------------------------------------------------------------
                                  0.000000    0.000000   clock clk_i (rise edge)
                                  0.000000    0.000000   clock network delay (propagated)
                                  2.000000    2.000000 ^ input external delay
     4    0.020156    0.000000    0.000000    2.000000 ^ rst_ni (in)
                                                         rst_ni (net)
                      0.000840    0.000420    2.000420 ^ _48_/RESET_B (sky130_fd_sc_hd__dfrtp_2)
                                              2.000420   data arrival time

                                 20.000000   20.000000   clock clk_i (rise edge)
                                  0.000000   20.000000   clock source latency
     2    0.082968    0.000000    0.000000   20.000000 ^ clk_i (in)
                                                         clk_i (net)
                      0.009513    0.004757   20.004757 ^ clkbuf_regs_0_clk_i/A (sky130_fd_sc_hd__clkbuf_16)
     1    0.008543    0.023545    0.070603   20.075361 ^ clkbuf_regs_0_clk_i/X (sky130_fd_sc_hd__clkbuf_16)
                                                         clk_i_regs (net)
                      0.023550    0.000671   20.076033 ^ clkbuf_0_clk_i_regs/A (sky130_fd_sc_hd__clkbuf_16)
     2    0.019396    0.030738    0.081661   20.157694 ^ clkbuf_0_clk_i_regs/X (sky130_fd_sc_hd__clkbuf_16)
                                                         clknet_0_clk_i_regs (net)
                      0.030749    0.001048   20.158741 ^ clkbuf_1_1__f_clk_i_regs/A (sky130_fd_sc_hd__clkbuf_16)
     3    0.007854    0.023077    0.076037   20.234777 ^ clkbuf_1_1__f_clk_i_regs/X (sky130_fd_sc_hd__clkbuf_16)
                                                         clknet_1_1__leaf_clk_i_regs (net)
                      0.023079    0.000426   20.235205 ^ _48_/CLK (sky130_fd_sc_hd__dfrtp_2)
                                 -0.250000   19.985205   clock uncertainty
                                  0.000000   19.985205   clock reconvergence pessimism
                                  0.140266   20.125471   library recovery time
                                             20.125471   data required time
---------------------------------------------------------------------------------------------
                                             20.125471   data required time
                                             -2.000420   data arrival time
---------------------------------------------------------------------------------------------
                                             18.125051   slack (MET)



%OL_END_REPORT
%OL_CREATE_REPORT checks.rpt

===========================================================================
report_checks -unconstrained
===========================================================================
======================= max_ff_n40C_1v95 Corner ===================================

Startpoint: rst_ni (input port clocked by clk_i)
Endpoint: _45_ (recovery check against rising-edge clock clk_i)
Path Group: asynchronous
Path Type: max

Fanout         Cap        Slew       Delay        Time   Description
---------------------------------------------------------------------------------------------
                                  0.000000    0.000000   clock clk_i (rise edge)
                                  0.000000    0.000000   clock network delay (propagated)
                                  2.000000    2.000000 ^ input external delay
     4    0.020156    0.000000    0.000000    2.000000 ^ rst_ni (in)
                                                         rst_ni (net)
                      0.001219    0.000610    2.000610 ^ _45_/SET_B (sky130_fd_sc_hd__dfstp_2)
                                              2.000610   data arrival time

                                 20.000000   20.000000   clock clk_i (rise edge)
                                  0.000000   20.000000   clock source latency
     2    0.082968    0.000000    0.000000   20.000000 ^ clk_i (in)
                                                         clk_i (net)
                      0.009513    0.004757   20.004757 ^ clkbuf_regs_0_clk_i/A (sky130_fd_sc_hd__clkbuf_16)
     1    0.008543    0.023545    0.070603   20.075361 ^ clkbuf_regs_0_clk_i/X (sky130_fd_sc_hd__clkbuf_16)
                                                         clk_i_regs (net)
                      0.023550    0.000671   20.076033 ^ clkbuf_0_clk_i_regs/A (sky130_fd_sc_hd__clkbuf_16)
     2    0.019396    0.030738    0.081661   20.157694 ^ clkbuf_0_clk_i_regs/X (sky130_fd_sc_hd__clkbuf_16)
                                                         clknet_0_clk_i_regs (net)
                      0.030749    0.001014   20.158707 ^ clkbuf_1_0__f_clk_i_regs/A (sky130_fd_sc_hd__clkbuf_16)
     2    0.005471    0.021323    0.074031   20.232738 ^ clkbuf_1_0__f_clk_i_regs/X (sky130_fd_sc_hd__clkbuf_16)
                                                         clknet_1_0__leaf_clk_i_regs (net)
                      0.021325    0.000318   20.233057 ^ _45_/CLK (sky130_fd_sc_hd__dfstp_2)
                                 -0.250000   19.983057   clock uncertainty
                                  0.000000   19.983057   clock reconvergence pessimism
                                  0.082375   20.065434   library recovery time
                                             20.065434   data required time
---------------------------------------------------------------------------------------------
                                             20.065434   data required time
                                             -2.000610   data arrival time
---------------------------------------------------------------------------------------------
                                             18.064823   slack (MET)


Startpoint: u_sram (falling edge-triggered flip-flop clocked by clk_i)
Endpoint: axi_rdata_o[18] (output port clocked by clk_i)
Path Group: clk_i
Path Type: max

Fanout         Cap        Slew       Delay        Time   Description
---------------------------------------------------------------------------------------------
                                 10.000000   10.000000   clock clk_i (fall edge)
                                  0.000000   10.000000   clock source latency
     2    0.081042    0.000000    0.000000   10.000000 v clk_i (in)
                                                         clk_i (net)
                      0.015997    0.007999   10.007999 v clkbuf_0_clk_i/A (sky130_fd_sc_hd__clkbuf_16)
     2    0.039728    0.035058    0.102103   10.110103 v clkbuf_0_clk_i/X (sky130_fd_sc_hd__clkbuf_16)
                                                         clknet_0_clk_i (net)
                      0.035232    0.002228   10.112329 v clkbuf_1_0__f_clk_i/A (sky130_fd_sc_hd__clkbuf_16)
     1    0.066718    0.044914    0.113185   10.225515 v clkbuf_1_0__f_clk_i/X (sky130_fd_sc_hd__clkbuf_16)
                                                         clknet_1_0__leaf_clk_i (net)
                      0.083967    0.021893   10.247408 v u_sram/clk0 (sky130_sram_1kbyte_1rw1r_32x256_8)
     1    0.010521    0.006932    0.388375   10.635782 ^ u_sram/dout0[18] (sky130_sram_1kbyte_1rw1r_32x256_8)
                                                         axi_rdata_o[18] (net)
                      0.005199    0.000234   10.636017 ^ axi_rdata_o[18] (out)
                                             10.636017   data arrival time

                                 20.000000   20.000000   clock clk_i (rise edge)
                                  0.000000   20.000000   clock network delay (propagated)
                                 -0.250000   19.750002   clock uncertainty
                                  0.000000   19.750002   clock reconvergence pessimism
                                 -2.000000   17.750002   output external delay
                                             17.750002   data required time
---------------------------------------------------------------------------------------------
                                             17.750002   data required time
                                            -10.636017   data arrival time
---------------------------------------------------------------------------------------------
                                              7.113984   slack (MET)




===========================================================================
report_checks --slack_max -0.01
============================================================================
======================= max_ff_n40C_1v95 Corner ===================================

No paths found.


===========================================================================
 report_check_types -max_slew -max_cap -max_fanout -violators
============================================================================
======================= max_ff_n40C_1v95 Corner ===================================

max slew

Pin                                        Limit        Slew       Slack
------------------------------------------------------------------------
u_sram/addr0[0]                         0.040000    0.115094   -0.075094 (VIOLATED)
u_sram/addr0[5]                         0.040000    0.112231   -0.072231 (VIOLATED)
u_sram/addr0[7]                         0.040000    0.105908   -0.065908 (VIOLATED)
u_sram/addr0[6]                         0.040000    0.104804   -0.064804 (VIOLATED)
u_sram/addr0[3]                         0.040000    0.102416   -0.062416 (VIOLATED)
u_sram/addr0[4]                         0.040000    0.101343   -0.061343 (VIOLATED)
u_sram/addr0[2]                         0.040000    0.096197   -0.056197 (VIOLATED)
u_sram/addr0[1]                         0.040000    0.092970   -0.052970 (VIOLATED)
u_sram/wmask0[2]                        0.040000    0.091013   -0.051013 (VIOLATED)
u_sram/wmask0[3]                        0.040000    0.088983   -0.048983 (VIOLATED)
u_sram/wmask0[0]                        0.040000    0.086524   -0.046524 (VIOLATED)
u_sram/wmask0[1]                        0.040000    0.085112   -0.045112 (VIOLATED)



===========================================================================
report_parasitic_annotation -report_unannotated
============================================================================
Found 100 unannotated drivers.
 axi_araddr_i[0]
 axi_araddr_i[10]
 axi_araddr_i[11]
 axi_araddr_i[12]
 axi_araddr_i[13]
 axi_araddr_i[14]
 axi_araddr_i[15]
 axi_araddr_i[16]
 axi_araddr_i[17]
 axi_araddr_i[18]
 axi_araddr_i[19]
 axi_araddr_i[1]
 axi_araddr_i[20]
 axi_araddr_i[21]
 axi_araddr_i[22]
 axi_araddr_i[23]
 axi_araddr_i[24]
 axi_araddr_i[25]
 axi_araddr_i[26]
 axi_araddr_i[27]
 axi_araddr_i[28]
 axi_araddr_i[29]
 axi_araddr_i[30]
 axi_araddr_i[31]
 axi_arprot_i[0]
 axi_arprot_i[1]
 axi_arprot_i[2]
 axi_awaddr_i[0]
 axi_awaddr_i[10]
 axi_awaddr_i[11]
 axi_awaddr_i[12]
 axi_awaddr_i[13]
 axi_awaddr_i[14]
 axi_awaddr_i[15]
 axi_awaddr_i[16]
 axi_awaddr_i[17]
 axi_awaddr_i[18]
 axi_awaddr_i[19]
 axi_awaddr_i[1]
 axi_awaddr_i[20]
 axi_awaddr_i[21]
 axi_awaddr_i[22]
 axi_awaddr_i[23]
 axi_awaddr_i[24]
 axi_awaddr_i[25]
 axi_awaddr_i[26]
 axi_awaddr_i[27]
 axi_awaddr_i[28]
 axi_awaddr_i[29]
 axi_awaddr_i[30]
 axi_awaddr_i[31]
 axi_awprot_i[0]
 axi_awprot_i[1]
 axi_awprot_i[2]
 _49_/LO
 _50_/HI
 _51_/HI
 _52_/HI
 _53_/HI
 _54_/HI
 _55_/HI
 _56_/HI
 _57_/HI
 _58_/HI
 _59_/HI
 _60_/HI
 _61_/HI
 clkload0/X
 u_sram/dout1[0]
 u_sram/dout1[10]
 u_sram/dout1[11]
 u_sram/dout1[12]
 u_sram/dout1[13]
 u_sram/dout1[14]
 u_sram/dout1[15]
 u_sram/dout1[16]
 u_sram/dout1[17]
 u_sram/dout1[18]
 u_sram/dout1[19]
 u_sram/dout1[1]
 u_sram/dout1[20]
 u_sram/dout1[21]
 u_sram/dout1[22]
 u_sram/dout1[23]
 u_sram/dout1[24]
 u_sram/dout1[25]
 u_sram/dout1[26]
 u_sram/dout1[27]
 u_sram/dout1[28]
 u_sram/dout1[29]
 u_sram/dout1[2]
 u_sram/dout1[30]
 u_sram/dout1[31]
 u_sram/dout1[3]
 u_sram/dout1[4]
 u_sram/dout1[5]
 u_sram/dout1[6]
 u_sram/dout1[7]
 u_sram/dout1[8]
 u_sram/dout1[9]
Found 0 partially unannotated drivers.

===========================================================================
max slew violation count 12
%OL_METRIC_I design__max_slew_violation__count__corner:max_ff_n40C_1v95 12
max fanout violation count 0
%OL_METRIC_I design__max_fanout_violation__count__corner:max_ff_n40C_1v95 0
max cap violation count 0
%OL_METRIC_I design__max_cap_violation__count__corner:max_ff_n40C_1v95 0
============================================================================

===========================================================================
check_setup -verbose -unconstrained_endpoints -multiple_clock -no_clock -no_input_delay -loops -generated_clocks
===========================================================================
%OL_END_REPORT
%OL_CREATE_REPORT power.rpt

===========================================================================
 report_power
============================================================================
======================= max_ff_n40C_1v95 Corner ===================================

Group                    Internal    Switching      Leakage        Total
                            Power        Power        Power        Power (Watts)
------------------------------------------------------------------------
Sequential           9.489922e-06 0.000000e+00 8.885880e-11 9.490012e-06   0.5%
Combinational        1.871518e-07 6.735809e-07 4.203806e-10 8.611531e-07   0.0%
Clock                7.171010e-05 3.185079e-05 1.122876e-07 1.036732e-04   5.1%
Macro                1.917893e-03 0.000000e+00 9.516000e-06 1.927409e-03  94.4%
Pad                  0.000000e+00 0.000000e+00 0.000000e+00 0.000000e+00   0.0%
------------------------------------------------------------------------
Total                1.999280e-03 3.252437e-05 9.628797e-06 2.041433e-03 100.0%
                            97.9%         1.6%         0.5%
%OL_METRIC_F power__internal__total 0.0019992804154753685
%OL_METRIC_F power__switching__total 3.252437090850435e-5
%OL_METRIC_F power__leakage__total 9.628796760807745e-6
%OL_METRIC_F power__total 0.002041433472186327

%OL_END_REPORT
%OL_CREATE_REPORT skew.min.rpt

===========================================================================
Clock Skew (Hold)
============================================================================
%OL_METRIC_F clock__skew__worst_hold__corner:max_ff_n40C_1v95 -0.25214311907619674
======================= max_ff_n40C_1v95 Corner ===================================

Clock clk_i
0.233061 source latency _47_/CLK ^
-0.235204 target latency _48_/CLK ^
-0.250000 clock uncertainty
0.000000 CRPR
--------------
-0.252143 hold skew

%OL_END_REPORT
%OL_CREATE_REPORT skew.max.rpt

===========================================================================
Clock Skew (Setup)
============================================================================
%OL_METRIC_F clock__skew__worst_setup__corner:max_ff_n40C_1v95 0.25214747670169163
======================= max_ff_n40C_1v95 Corner ===================================

Clock clk_i
0.235204 source latency _48_/CLK ^
-0.233057 target latency _45_/CLK ^
0.250000 clock uncertainty
0.000000 CRPR
--------------
0.252147 setup skew

%OL_END_REPORT
%OL_CREATE_REPORT ws.min.rpt

===========================================================================
Worst Slack (Hold)
============================================================================
%OL_METRIC_F timing__hold__ws__corner:max_ff_n40C_1v95 0.12813767076757157
max_ff_n40C_1v95: 0.12813767076757157
%OL_END_REPORT
%OL_CREATE_REPORT ws.max.rpt

===========================================================================
Worst Slack (Setup)
============================================================================
%OL_METRIC_F timing__setup__ws__corner:max_ff_n40C_1v95 7.113984269693608
max_ff_n40C_1v95: 7.113984269693608
%OL_END_REPORT
%OL_CREATE_REPORT tns.min.rpt

===========================================================================
Total Negative Slack (Hold)
============================================================================
%OL_METRIC_F timing__hold__tns__corner:max_ff_n40C_1v95 0.0
max_ff_n40C_1v95: 0.0
%OL_END_REPORT
%OL_CREATE_REPORT tns.max.rpt

===========================================================================
Total Negative Slack (Setup)
============================================================================
%OL_METRIC_F timing__setup__tns__corner:max_ff_n40C_1v95 0.0
max_ff_n40C_1v95: 0.0
%OL_END_REPORT
%OL_CREATE_REPORT wns.min.rpt

===========================================================================
Worst Negative Slack (Hold)
============================================================================
%OL_METRIC_F timing__hold__wns__corner:max_ff_n40C_1v95 0
max_ff_n40C_1v95: 0
%OL_END_REPORT
%OL_CREATE_REPORT wns.max.rpt

===========================================================================
Worst Negative Slack (Setup)
============================================================================
%OL_METRIC_F timing__setup__wns__corner:max_ff_n40C_1v95 0.0
max_ff_n40C_1v95: 0.0
%OL_END_REPORT
%OL_CREATE_REPORT violator_list.rpt

===========================================================================
Violator List
============================================================================
%OL_METRIC_I timing__hold_vio__count__corner:max_ff_n40C_1v95 0
%OL_METRIC_F timing__hold_r2r__ws__corner:max_ff_n40C_1v95 0.128138
%OL_METRIC_I timing__hold_r2r_vio__count__corner:max_ff_n40C_1v95 0
%OL_METRIC_I timing__setup_vio__count__corner:max_ff_n40C_1v95 0
%OL_METRIC_F timing__setup_r2r__ws__corner:max_ff_n40C_1v95 inf
%OL_METRIC_I timing__setup_r2r_vio__count__corner:max_ff_n40C_1v95 0
%OL_END_REPORT
%OL_CREATE_REPORT unpropagated.rpt
%OL_END_REPORT
%OL_CREATE_REPORT clock.rpt
Clock: clk_i
Sources: clk_i 
Generated: no
Virtual: yes
Propagated: no
Period: 20.000000

===========================================================================
report_clock_properties
============================================================================
Clock                   Period          Waveform
----------------------------------------------------
clk_i                20.000000    0.000000 10.000000

===========================================================================
report_clock_latency
============================================================================
Clock clk_i
rise -> rise
    min     max
0.000000 0.000000 source latency
0.192102         network latency u_sram/clk1
        0.235204 network latency _48_/CLK
---------------
0.192102 0.235204 latency
        0.043102 skew

fall -> fall
    min     max
0.000000 0.000000 source latency
0.212355         network latency u_sram/clk1
        0.271167 network latency _48_/CLK
---------------
0.212355 0.271167 latency
        0.058812 skew



===========================================================================
report_clock_min_period
============================================================================
clk_i period_min = 1.37 fmax = 729.11
%OL_END_REPORT
Writing SDF files for all corners…
Removing Clock latencies before writing libs…
Writing timing models for all corners…
Writing timing models for the max_ff_n40C_1v95 corner to /home/ubuntu/zuga-final/asic/runs/run1/54-openroad-stapostpnr/max_ff_n40C_1v95/ram_axi__max_ff_n40C_1v95.lib…
