
Cell sky130_fd_sc_hd__dfrtp_2 (0) disconnected node: CLK
Cell sky130_fd_sc_hd__dfrtp_2 (0) disconnected node: D
Cell sky130_fd_sc_hd__dfrtp_2 (0) disconnected node: RESET_B
Cell sky130_fd_sc_hd__dfrtp_2 (0) disconnected node: VGND
Cell sky130_fd_sc_hd__dfrtp_2 (0) disconnected node: VNB
Cell sky130_fd_sc_hd__dfrtp_2 (0) disconnected node: VPB
Cell sky130_fd_sc_hd__dfrtp_2 (0) disconnected node: VPWR
Cell sky130_fd_sc_hd__dfrtp_2 (0) disconnected node: Q

Subcircuit pins:
Circuit 1: sky130_fd_sc_hd__dfrtp_2        |Circuit 2: sky130_fd_sc_hd__dfrtp_2        
-------------------------------------------|-------------------------------------------
CLK                                        |CLK                                        
D                                          |D                                          
RESET_B                                    |RESET_B                                    
VGND                                       |VGND                                       
VNB                                        |VNB                                        
VPB                                        |VPB                                        
VPWR                                       |VPWR                                       
Q                                          |Q                                          
---------------------------------------------------------------------------------------
Cell pin lists are equivalent.
Device classes sky130_fd_sc_hd__dfrtp_2 and sky130_fd_sc_hd__dfrtp_2 are equivalent.

Cell sky130_fd_sc_hd__decap_3 (0) disconnected node: VGND
Cell sky130_fd_sc_hd__decap_3 (0) disconnected node: VNB
Cell sky130_fd_sc_hd__decap_3 (0) disconnected node: VPB
Cell sky130_fd_sc_hd__decap_3 (0) disconnected node: VPWR

Subcircuit pins:
Circuit 1: sky130_fd_sc_hd__decap_3        |Circuit 2: sky130_fd_sc_hd__decap_3        
-------------------------------------------|-------------------------------------------
VGND                                       |VGND                                       
VNB                                        |VNB                                        
VPB                                        |VPB                                        
VPWR                                       |VPWR                                       
---------------------------------------------------------------------------------------
Cell pin lists are equivalent.
Device classes sky130_fd_sc_hd__decap_3 and sky130_fd_sc_hd__decap_3 are equivalent.

Cell sky130_fd_sc_hd__fill_1 (0) disconnected node: VGND
Cell sky130_fd_sc_hd__fill_1 (0) disconnected node: VNB
Cell sky130_fd_sc_hd__fill_1 (0) disconnected node: VPB
Cell sky130_fd_sc_hd__fill_1 (0) disconnected node: VPWR
Cell sky130_fd_sc_hd__fill_1 (1) disconnected node: VGND
Cell sky130_fd_sc_hd__fill_1 (1) disconnected node: VNB
Cell sky130_fd_sc_hd__fill_1 (1) disconnected node: VPB
Cell sky130_fd_sc_hd__fill_1 (1) disconnected node: VPWR

Subcircuit pins:
Circuit 1: sky130_fd_sc_hd__fill_1         |Circuit 2: sky130_fd_sc_hd__fill_1         
-------------------------------------------|-------------------------------------------
VGND                                       |VGND                                       
VNB                                        |VNB                                        
VPB                                        |VPB                                        
VPWR                                       |VPWR                                       
---------------------------------------------------------------------------------------
Cell pin lists are equivalent.
Device classes sky130_fd_sc_hd__fill_1 and sky130_fd_sc_hd__fill_1 are equivalent.

Cell sky130_fd_sc_hd__fill_2 (0) disconnected node: VGND
Cell sky130_fd_sc_hd__fill_2 (0) disconnected node: VNB
Cell sky130_fd_sc_hd__fill_2 (0) disconnected node: VPB
Cell sky130_fd_sc_hd__fill_2 (0) disconnected node: VPWR
Cell sky130_fd_sc_hd__fill_2 (1) disconnected node: VGND
Cell sky130_fd_sc_hd__fill_2 (1) disconnected node: VNB
Cell sky130_fd_sc_hd__fill_2 (1) disconnected node: VPB
Cell sky130_fd_sc_hd__fill_2 (1) disconnected node: VPWR

Subcircuit pins:
Circuit 1: sky130_fd_sc_hd__fill_2         |Circuit 2: sky130_fd_sc_hd__fill_2         
-------------------------------------------|-------------------------------------------
VGND                                       |VGND                                       
VNB                                        |VNB                                        
VPB                                        |VPB                                        
VPWR                                       |VPWR                                       
---------------------------------------------------------------------------------------
Cell pin lists are equivalent.
Device classes sky130_fd_sc_hd__fill_2 and sky130_fd_sc_hd__fill_2 are equivalent.

Cell sky130_fd_sc_hd__tapvpwrvgnd_1 (0) disconnected node: VGND
Cell sky130_fd_sc_hd__tapvpwrvgnd_1 (0) disconnected node: VPWR
Cell sky130_fd_sc_hd__tapvpwrvgnd_1 (1) disconnected node: VGND
Cell sky130_fd_sc_hd__tapvpwrvgnd_1 (1) disconnected node: VPWR

Subcircuit pins:
Circuit 1: sky130_fd_sc_hd__tapvpwrvgnd_1  |Circuit 2: sky130_fd_sc_hd__tapvpwrvgnd_1  
-------------------------------------------|-------------------------------------------
VGND                                       |VGND                                       
VPWR                                       |VPWR                                       
---------------------------------------------------------------------------------------
Cell pin lists are equivalent.
Device classes sky130_fd_sc_hd__tapvpwrvgnd_1 and sky130_fd_sc_hd__tapvpwrvgnd_1 are equivalent.

Cell sky130_fd_sc_hd__dfxtp_2 (0) disconnected node: CLK
Cell sky130_fd_sc_hd__dfxtp_2 (0) disconnected node: D
Cell sky130_fd_sc_hd__dfxtp_2 (0) disconnected node: VGND
Cell sky130_fd_sc_hd__dfxtp_2 (0) disconnected node: VNB
Cell sky130_fd_sc_hd__dfxtp_2 (0) disconnected node: VPB
Cell sky130_fd_sc_hd__dfxtp_2 (0) disconnected node: VPWR
Cell sky130_fd_sc_hd__dfxtp_2 (0) disconnected node: Q

Subcircuit pins:
Circuit 1: sky130_fd_sc_hd__dfxtp_2        |Circuit 2: sky130_fd_sc_hd__dfxtp_2        
-------------------------------------------|-------------------------------------------
CLK                                        |CLK                                        
D                                          |D                                          
VGND                                       |VGND                                       
VNB                                        |VNB                                        
VPB                                        |VPB                                        
VPWR                                       |VPWR                                       
Q                                          |Q                                          
---------------------------------------------------------------------------------------
Cell pin lists are equivalent.
Device classes sky130_fd_sc_hd__dfxtp_2 and sky130_fd_sc_hd__dfxtp_2 are equivalent.

Cell sky130_fd_sc_hd__or4_2 (0) disconnected node: A
Cell sky130_fd_sc_hd__or4_2 (0) disconnected node: B
Cell sky130_fd_sc_hd__or4_2 (0) disconnected node: C
Cell sky130_fd_sc_hd__or4_2 (0) disconnected node: D
Cell sky130_fd_sc_hd__or4_2 (0) disconnected node: VGND
Cell sky130_fd_sc_hd__or4_2 (0) disconnected node: VNB
Cell sky130_fd_sc_hd__or4_2 (0) disconnected node: VPB
Cell sky130_fd_sc_hd__or4_2 (0) disconnected node: VPWR
Cell sky130_fd_sc_hd__or4_2 (0) disconnected node: X

Subcircuit pins:
Circuit 1: sky130_fd_sc_hd__or4_2          |Circuit 2: sky130_fd_sc_hd__or4_2          
-------------------------------------------|-------------------------------------------
A                                          |A                                          
B                                          |B                                          
C                                          |C                                          
D                                          |D                                          
VGND                                       |VGND                                       
VNB                                        |VNB                                        
VPB                                        |VPB                                        
VPWR                                       |VPWR                                       
X                                          |X                                          
---------------------------------------------------------------------------------------
Cell pin lists are equivalent.
Device classes sky130_fd_sc_hd__or4_2 and sky130_fd_sc_hd__or4_2 are equivalent.

Cell sky130_fd_sc_hd__nor2_2 (0) disconnected node: A
Cell sky130_fd_sc_hd__nor2_2 (0) disconnected node: B
Cell sky130_fd_sc_hd__nor2_2 (0) disconnected node: VGND
Cell sky130_fd_sc_hd__nor2_2 (0) disconnected node: VNB
Cell sky130_fd_sc_hd__nor2_2 (0) disconnected node: VPB
Cell sky130_fd_sc_hd__nor2_2 (0) disconnected node: VPWR
Cell sky130_fd_sc_hd__nor2_2 (0) disconnected node: Y

Subcircuit pins:
Circuit 1: sky130_fd_sc_hd__nor2_2         |Circuit 2: sky130_fd_sc_hd__nor2_2         
-------------------------------------------|-------------------------------------------
A                                          |A                                          
B                                          |B                                          
VGND                                       |VGND                                       
VNB                                        |VNB                                        
VPB                                        |VPB                                        
VPWR                                       |VPWR                                       
Y                                          |Y                                          
---------------------------------------------------------------------------------------
Cell pin lists are equivalent.
Device classes sky130_fd_sc_hd__nor2_2 and sky130_fd_sc_hd__nor2_2 are equivalent.

Cell sky130_fd_sc_hd__a21o_2 (0) disconnected node: A1
Cell sky130_fd_sc_hd__a21o_2 (0) disconnected node: A2
Cell sky130_fd_sc_hd__a21o_2 (0) disconnected node: B1
Cell sky130_fd_sc_hd__a21o_2 (0) disconnected node: VGND
Cell sky130_fd_sc_hd__a21o_2 (0) disconnected node: VNB
Cell sky130_fd_sc_hd__a21o_2 (0) disconnected node: VPB
Cell sky130_fd_sc_hd__a21o_2 (0) disconnected node: VPWR
Cell sky130_fd_sc_hd__a21o_2 (0) disconnected node: X

Subcircuit pins:
Circuit 1: sky130_fd_sc_hd__a21o_2         |Circuit 2: sky130_fd_sc_hd__a21o_2         
-------------------------------------------|-------------------------------------------
A1                                         |A1                                         
A2                                         |A2                                         
B1                                         |B1                                         
VGND                                       |VGND                                       
VNB                                        |VNB                                        
VPB                                        |VPB                                        
VPWR                                       |VPWR                                       
X                                          |X                                          
---------------------------------------------------------------------------------------
Cell pin lists are equivalent.
Device classes sky130_fd_sc_hd__a21o_2 and sky130_fd_sc_hd__a21o_2 are equivalent.

Cell sky130_fd_sc_hd__o22a_2 (0) disconnected node: A1
Cell sky130_fd_sc_hd__o22a_2 (0) disconnected node: A2
Cell sky130_fd_sc_hd__o22a_2 (0) disconnected node: B1
Cell sky130_fd_sc_hd__o22a_2 (0) disconnected node: B2
Cell sky130_fd_sc_hd__o22a_2 (0) disconnected node: VGND
Cell sky130_fd_sc_hd__o22a_2 (0) disconnected node: VNB
Cell sky130_fd_sc_hd__o22a_2 (0) disconnected node: VPB
Cell sky130_fd_sc_hd__o22a_2 (0) disconnected node: VPWR
Cell sky130_fd_sc_hd__o22a_2 (0) disconnected node: X

Subcircuit pins:
Circuit 1: sky130_fd_sc_hd__o22a_2         |Circuit 2: sky130_fd_sc_hd__o22a_2         
-------------------------------------------|-------------------------------------------
A1                                         |A1                                         
A2                                         |A2                                         
B1                                         |B1                                         
B2                                         |B2                                         
VGND                                       |VGND                                       
VNB                                        |VNB                                        
VPB                                        |VPB                                        
VPWR                                       |VPWR                                       
X                                          |X                                          
---------------------------------------------------------------------------------------
Cell pin lists are equivalent.
Device classes sky130_fd_sc_hd__o22a_2 and sky130_fd_sc_hd__o22a_2 are equivalent.

Cell sky130_fd_sc_hd__nand2_2 (0) disconnected node: A
Cell sky130_fd_sc_hd__nand2_2 (0) disconnected node: B
Cell sky130_fd_sc_hd__nand2_2 (0) disconnected node: VGND
Cell sky130_fd_sc_hd__nand2_2 (0) disconnected node: VNB
Cell sky130_fd_sc_hd__nand2_2 (0) disconnected node: VPB
Cell sky130_fd_sc_hd__nand2_2 (0) disconnected node: VPWR
Cell sky130_fd_sc_hd__nand2_2 (0) disconnected node: Y

Subcircuit pins:
Circuit 1: sky130_fd_sc_hd__nand2_2        |Circuit 2: sky130_fd_sc_hd__nand2_2        
-------------------------------------------|-------------------------------------------
A                                          |A                                          
B                                          |B                                          
VGND                                       |VGND                                       
VNB                                        |VNB                                        
VPB                                        |VPB                                        
VPWR                                       |VPWR                                       
Y                                          |Y                                          
---------------------------------------------------------------------------------------
Cell pin lists are equivalent.
Device classes sky130_fd_sc_hd__nand2_2 and sky130_fd_sc_hd__nand2_2 are equivalent.

Cell sky130_fd_sc_hd__a22o_2 (0) disconnected node: A1
Cell sky130_fd_sc_hd__a22o_2 (0) disconnected node: A2
Cell sky130_fd_sc_hd__a22o_2 (0) disconnected node: B1
Cell sky130_fd_sc_hd__a22o_2 (0) disconnected node: B2
Cell sky130_fd_sc_hd__a22o_2 (0) disconnected node: VGND
Cell sky130_fd_sc_hd__a22o_2 (0) disconnected node: VNB
Cell sky130_fd_sc_hd__a22o_2 (0) disconnected node: VPB
Cell sky130_fd_sc_hd__a22o_2 (0) disconnected node: VPWR
Cell sky130_fd_sc_hd__a22o_2 (0) disconnected node: X

Subcircuit pins:
Circuit 1: sky130_fd_sc_hd__a22o_2         |Circuit 2: sky130_fd_sc_hd__a22o_2         
-------------------------------------------|-------------------------------------------
A1                                         |A1                                         
A2                                         |A2                                         
B1                                         |B1                                         
B2                                         |B2                                         
VGND                                       |VGND                                       
VNB                                        |VNB                                        
VPB                                        |VPB                                        
VPWR                                       |VPWR                                       
X                                          |X                                          
---------------------------------------------------------------------------------------
Cell pin lists are equivalent.
Device classes sky130_fd_sc_hd__a22o_2 and sky130_fd_sc_hd__a22o_2 are equivalent.

Cell sky130_fd_sc_hd__mux2_1 (0) disconnected node: A0
Cell sky130_fd_sc_hd__mux2_1 (0) disconnected node: A1
Cell sky130_fd_sc_hd__mux2_1 (0) disconnected node: S
Cell sky130_fd_sc_hd__mux2_1 (0) disconnected node: VGND
Cell sky130_fd_sc_hd__mux2_1 (0) disconnected node: VNB
Cell sky130_fd_sc_hd__mux2_1 (0) disconnected node: VPB
Cell sky130_fd_sc_hd__mux2_1 (0) disconnected node: VPWR
Cell sky130_fd_sc_hd__mux2_1 (0) disconnected node: X

Subcircuit pins:
Circuit 1: sky130_fd_sc_hd__mux2_1         |Circuit 2: sky130_fd_sc_hd__mux2_1         
-------------------------------------------|-------------------------------------------
A0                                         |A0                                         
A1                                         |A1                                         
S                                          |S                                          
VGND                                       |VGND                                       
VNB                                        |VNB                                        
VPB                                        |VPB                                        
VPWR                                       |VPWR                                       
X                                          |X                                          
---------------------------------------------------------------------------------------
Cell pin lists are equivalent.
Device classes sky130_fd_sc_hd__mux2_1 and sky130_fd_sc_hd__mux2_1 are equivalent.

Cell sky130_fd_sc_hd__and3_2 (0) disconnected node: A
Cell sky130_fd_sc_hd__and3_2 (0) disconnected node: B
Cell sky130_fd_sc_hd__and3_2 (0) disconnected node: C
Cell sky130_fd_sc_hd__and3_2 (0) disconnected node: VGND
Cell sky130_fd_sc_hd__and3_2 (0) disconnected node: VNB
Cell sky130_fd_sc_hd__and3_2 (0) disconnected node: VPB
Cell sky130_fd_sc_hd__and3_2 (0) disconnected node: VPWR
Cell sky130_fd_sc_hd__and3_2 (0) disconnected node: X

Subcircuit pins:
Circuit 1: sky130_fd_sc_hd__and3_2         |Circuit 2: sky130_fd_sc_hd__and3_2         
-------------------------------------------|-------------------------------------------
A                                          |A                                          
B                                          |B                                          
C                                          |C                                          
VGND                                       |VGND                                       
VNB                                        |VNB                                        
VPB                                        |VPB                                        
VPWR                                       |VPWR                                       
X                                          |X                                          
---------------------------------------------------------------------------------------
Cell pin lists are equivalent.
Device classes sky130_fd_sc_hd__and3_2 and sky130_fd_sc_hd__and3_2 are equivalent.

Cell sky130_fd_sc_hd__and2_2 (0) disconnected node: A
Cell sky130_fd_sc_hd__and2_2 (0) disconnected node: B
Cell sky130_fd_sc_hd__and2_2 (0) disconnected node: VGND
Cell sky130_fd_sc_hd__and2_2 (0) disconnected node: VNB
Cell sky130_fd_sc_hd__and2_2 (0) disconnected node: VPB
Cell sky130_fd_sc_hd__and2_2 (0) disconnected node: VPWR
Cell sky130_fd_sc_hd__and2_2 (0) disconnected node: X

Subcircuit pins:
Circuit 1: sky130_fd_sc_hd__and2_2         |Circuit 2: sky130_fd_sc_hd__and2_2         
-------------------------------------------|-------------------------------------------
A                                          |A                                          
B                                          |B                                          
VGND                                       |VGND                                       
VNB                                        |VNB                                        
VPB                                        |VPB                                        
VPWR                                       |VPWR                                       
X                                          |X                                          
---------------------------------------------------------------------------------------
Cell pin lists are equivalent.
Device classes sky130_fd_sc_hd__and2_2 and sky130_fd_sc_hd__and2_2 are equivalent.

Cell sky130_fd_sc_hd__o211a_2 (0) disconnected node: A1
Cell sky130_fd_sc_hd__o211a_2 (0) disconnected node: A2
Cell sky130_fd_sc_hd__o211a_2 (0) disconnected node: B1
Cell sky130_fd_sc_hd__o211a_2 (0) disconnected node: C1
Cell sky130_fd_sc_hd__o211a_2 (0) disconnected node: VGND
Cell sky130_fd_sc_hd__o211a_2 (0) disconnected node: VNB
Cell sky130_fd_sc_hd__o211a_2 (0) disconnected node: VPB
Cell sky130_fd_sc_hd__o211a_2 (0) disconnected node: VPWR
Cell sky130_fd_sc_hd__o211a_2 (0) disconnected node: X

Subcircuit pins:
Circuit 1: sky130_fd_sc_hd__o211a_2        |Circuit 2: sky130_fd_sc_hd__o211a_2        
-------------------------------------------|-------------------------------------------
A1                                         |A1                                         
A2                                         |A2                                         
B1                                         |B1                                         
C1                                         |C1                                         
VGND                                       |VGND                                       
VNB                                        |VNB                                        
VPB                                        |VPB                                        
VPWR                                       |VPWR                                       
X                                          |X                                          
---------------------------------------------------------------------------------------
Cell pin lists are equivalent.
Device classes sky130_fd_sc_hd__o211a_2 and sky130_fd_sc_hd__o211a_2 are equivalent.

Cell sky130_fd_sc_hd__a2111o_2 (0) disconnected node: A1
Cell sky130_fd_sc_hd__a2111o_2 (0) disconnected node: A2
Cell sky130_fd_sc_hd__a2111o_2 (0) disconnected node: B1
Cell sky130_fd_sc_hd__a2111o_2 (0) disconnected node: C1
Cell sky130_fd_sc_hd__a2111o_2 (0) disconnected node: D1
Cell sky130_fd_sc_hd__a2111o_2 (0) disconnected node: VGND
Cell sky130_fd_sc_hd__a2111o_2 (0) disconnected node: VNB
Cell sky130_fd_sc_hd__a2111o_2 (0) disconnected node: VPB
Cell sky130_fd_sc_hd__a2111o_2 (0) disconnected node: VPWR
Cell sky130_fd_sc_hd__a2111o_2 (0) disconnected node: X

Subcircuit pins:
Circuit 1: sky130_fd_sc_hd__a2111o_2       |Circuit 2: sky130_fd_sc_hd__a2111o_2       
-------------------------------------------|-------------------------------------------
A1                                         |A1                                         
A2                                         |A2                                         
B1                                         |B1                                         
C1                                         |C1                                         
D1                                         |D1                                         
VGND                                       |VGND                                       
VNB                                        |VNB                                        
VPB                                        |VPB                                        
VPWR                                       |VPWR                                       
X                                          |X                                          
---------------------------------------------------------------------------------------
Cell pin lists are equivalent.
Device classes sky130_fd_sc_hd__a2111o_2 and sky130_fd_sc_hd__a2111o_2 are equivalent.

Cell sky130_fd_sc_hd__dlygate4sd3_1 (0) disconnected node: A
Cell sky130_fd_sc_hd__dlygate4sd3_1 (0) disconnected node: VGND
Cell sky130_fd_sc_hd__dlygate4sd3_1 (0) disconnected node: VNB
Cell sky130_fd_sc_hd__dlygate4sd3_1 (0) disconnected node: VPB
Cell sky130_fd_sc_hd__dlygate4sd3_1 (0) disconnected node: VPWR
Cell sky130_fd_sc_hd__dlygate4sd3_1 (0) disconnected node: X

Subcircuit pins:
Circuit 1: sky130_fd_sc_hd__dlygate4sd3_1  |Circuit 2: sky130_fd_sc_hd__dlygate4sd3_1  
-------------------------------------------|-------------------------------------------
A                                          |A                                          
VGND                                       |VGND                                       
VNB                                        |VNB                                        
VPB                                        |VPB                                        
VPWR                                       |VPWR                                       
X                                          |X                                          
---------------------------------------------------------------------------------------
Cell pin lists are equivalent.
Device classes sky130_fd_sc_hd__dlygate4sd3_1 and sky130_fd_sc_hd__dlygate4sd3_1 are equivalent.

Cell sky130_fd_sc_hd__and2b_2 (0) disconnected node: A_N
Cell sky130_fd_sc_hd__and2b_2 (0) disconnected node: B
Cell sky130_fd_sc_hd__and2b_2 (0) disconnected node: VGND
Cell sky130_fd_sc_hd__and2b_2 (0) disconnected node: VNB
Cell sky130_fd_sc_hd__and2b_2 (0) disconnected node: VPB
Cell sky130_fd_sc_hd__and2b_2 (0) disconnected node: VPWR
Cell sky130_fd_sc_hd__and2b_2 (0) disconnected node: X

Subcircuit pins:
Circuit 1: sky130_fd_sc_hd__and2b_2        |Circuit 2: sky130_fd_sc_hd__and2b_2        
-------------------------------------------|-------------------------------------------
A_N                                        |A_N                                        
B                                          |B                                          
VGND                                       |VGND                                       
VNB                                        |VNB                                        
VPB                                        |VPB                                        
VPWR                                       |VPWR                                       
X                                          |X                                          
---------------------------------------------------------------------------------------
Cell pin lists are equivalent.
Device classes sky130_fd_sc_hd__and2b_2 and sky130_fd_sc_hd__and2b_2 are equivalent.

Cell sky130_fd_sc_hd__diode_2 (0) disconnected node: DIODE
Cell sky130_fd_sc_hd__diode_2 (0) disconnected node: VGND
Cell sky130_fd_sc_hd__diode_2 (0) disconnected node: VNB
Cell sky130_fd_sc_hd__diode_2 (0) disconnected node: VPB
Cell sky130_fd_sc_hd__diode_2 (0) disconnected node: VPWR
Cell sky130_fd_sc_hd__diode_2 (1) disconnected node: VGND
Cell sky130_fd_sc_hd__diode_2 (1) disconnected node: VPB
Cell sky130_fd_sc_hd__diode_2 (1) disconnected node: VPWR

Subcircuit pins:
Circuit 1: sky130_fd_sc_hd__diode_2        |Circuit 2: sky130_fd_sc_hd__diode_2        
-------------------------------------------|-------------------------------------------
DIODE                                      |DIODE                                      
VGND                                       |VGND                                       
VNB                                        |VNB                                        
VPB                                        |VPB                                        
VPWR                                       |VPWR                                       
---------------------------------------------------------------------------------------
Cell pin lists are equivalent.
Device classes sky130_fd_sc_hd__diode_2 and sky130_fd_sc_hd__diode_2 are equivalent.

Cell sky130_fd_sc_hd__mux4_2 (0) disconnected node: A0
Cell sky130_fd_sc_hd__mux4_2 (0) disconnected node: A1
Cell sky130_fd_sc_hd__mux4_2 (0) disconnected node: A2
Cell sky130_fd_sc_hd__mux4_2 (0) disconnected node: A3
Cell sky130_fd_sc_hd__mux4_2 (0) disconnected node: S0
Cell sky130_fd_sc_hd__mux4_2 (0) disconnected node: S1
Cell sky130_fd_sc_hd__mux4_2 (0) disconnected node: VGND
Cell sky130_fd_sc_hd__mux4_2 (0) disconnected node: VNB
Cell sky130_fd_sc_hd__mux4_2 (0) disconnected node: VPB
Cell sky130_fd_sc_hd__mux4_2 (0) disconnected node: VPWR
Cell sky130_fd_sc_hd__mux4_2 (0) disconnected node: X

Subcircuit pins:
Circuit 1: sky130_fd_sc_hd__mux4_2         |Circuit 2: sky130_fd_sc_hd__mux4_2         
-------------------------------------------|-------------------------------------------
A0                                         |A0                                         
A1                                         |A1                                         
A2                                         |A2                                         
A3                                         |A3                                         
S0                                         |S0                                         
S1                                         |S1                                         
VGND                                       |VGND                                       
VNB                                        |VNB                                        
VPB                                        |VPB                                        
VPWR                                       |VPWR                                       
X                                          |X                                          
---------------------------------------------------------------------------------------
Cell pin lists are equivalent.
Device classes sky130_fd_sc_hd__mux4_2 and sky130_fd_sc_hd__mux4_2 are equivalent.

Cell sky130_fd_sc_hd__or2_2 (0) disconnected node: A
Cell sky130_fd_sc_hd__or2_2 (0) disconnected node: B
Cell sky130_fd_sc_hd__or2_2 (0) disconnected node: VGND
Cell sky130_fd_sc_hd__or2_2 (0) disconnected node: VNB
Cell sky130_fd_sc_hd__or2_2 (0) disconnected node: VPB
Cell sky130_fd_sc_hd__or2_2 (0) disconnected node: VPWR
Cell sky130_fd_sc_hd__or2_2 (0) disconnected node: X

Subcircuit pins:
Circuit 1: sky130_fd_sc_hd__or2_2          |Circuit 2: sky130_fd_sc_hd__or2_2          
-------------------------------------------|-------------------------------------------
A                                          |A                                          
B                                          |B                                          
VGND                                       |VGND                                       
VNB                                        |VNB                                        
VPB                                        |VPB                                        
VPWR                                       |VPWR                                       
X                                          |X                                          
---------------------------------------------------------------------------------------
Cell pin lists are equivalent.
Device classes sky130_fd_sc_hd__or2_2 and sky130_fd_sc_hd__or2_2 are equivalent.

Cell sky130_fd_sc_hd__conb_1 (0) disconnected node: VGND
Cell sky130_fd_sc_hd__conb_1 (0) disconnected node: VNB
Cell sky130_fd_sc_hd__conb_1 (0) disconnected node: VPB
Cell sky130_fd_sc_hd__conb_1 (0) disconnected node: VPWR
Cell sky130_fd_sc_hd__conb_1 (0) disconnected node: HI
Cell sky130_fd_sc_hd__conb_1 (0) disconnected node: LO
Cell sky130_fd_sc_hd__conb_1 (1) disconnected node: VNB
Cell sky130_fd_sc_hd__conb_1 (1) disconnected node: VPB

Subcircuit pins:
Circuit 1: sky130_fd_sc_hd__conb_1         |Circuit 2: sky130_fd_sc_hd__conb_1         
-------------------------------------------|-------------------------------------------
VGND                                       |VGND                                       
VNB                                        |VNB                                        
VPB                                        |VPB                                        
VPWR                                       |VPWR                                       
HI                                         |HI                                         
LO                                         |LO                                         
---------------------------------------------------------------------------------------
Cell pin lists are equivalent.
Device classes sky130_fd_sc_hd__conb_1 and sky130_fd_sc_hd__conb_1 are equivalent.

Cell sky130_fd_sc_hd__a31o_2 (0) disconnected node: A1
Cell sky130_fd_sc_hd__a31o_2 (0) disconnected node: A2
Cell sky130_fd_sc_hd__a31o_2 (0) disconnected node: A3
Cell sky130_fd_sc_hd__a31o_2 (0) disconnected node: B1
Cell sky130_fd_sc_hd__a31o_2 (0) disconnected node: VGND
Cell sky130_fd_sc_hd__a31o_2 (0) disconnected node: VNB
Cell sky130_fd_sc_hd__a31o_2 (0) disconnected node: VPB
Cell sky130_fd_sc_hd__a31o_2 (0) disconnected node: VPWR
Cell sky130_fd_sc_hd__a31o_2 (0) disconnected node: X

Subcircuit pins:
Circuit 1: sky130_fd_sc_hd__a31o_2         |Circuit 2: sky130_fd_sc_hd__a31o_2         
-------------------------------------------|-------------------------------------------
A1                                         |A1                                         
A2                                         |A2                                         
A3                                         |A3                                         
B1                                         |B1                                         
VGND                                       |VGND                                       
VNB                                        |VNB                                        
VPB                                        |VPB                                        
VPWR                                       |VPWR                                       
X                                          |X                                          
---------------------------------------------------------------------------------------
Cell pin lists are equivalent.
Device classes sky130_fd_sc_hd__a31o_2 and sky130_fd_sc_hd__a31o_2 are equivalent.

Cell sky130_fd_sc_hd__xnor2_2 (0) disconnected node: A
Cell sky130_fd_sc_hd__xnor2_2 (0) disconnected node: B
Cell sky130_fd_sc_hd__xnor2_2 (0) disconnected node: VGND
Cell sky130_fd_sc_hd__xnor2_2 (0) disconnected node: VNB
Cell sky130_fd_sc_hd__xnor2_2 (0) disconnected node: VPB
Cell sky130_fd_sc_hd__xnor2_2 (0) disconnected node: VPWR
Cell sky130_fd_sc_hd__xnor2_2 (0) disconnected node: Y

Subcircuit pins:
Circuit 1: sky130_fd_sc_hd__xnor2_2        |Circuit 2: sky130_fd_sc_hd__xnor2_2        
-------------------------------------------|-------------------------------------------
A                                          |A                                          
B                                          |B                                          
VGND                                       |VGND                                       
VNB                                        |VNB                                        
VPB                                        |VPB                                        
VPWR                                       |VPWR                                       
Y                                          |Y                                          
---------------------------------------------------------------------------------------
Cell pin lists are equivalent.
Device classes sky130_fd_sc_hd__xnor2_2 and sky130_fd_sc_hd__xnor2_2 are equivalent.

Cell sky130_fd_sc_hd__clkbuf_8 (0) disconnected node: A
Cell sky130_fd_sc_hd__clkbuf_8 (0) disconnected node: VGND
Cell sky130_fd_sc_hd__clkbuf_8 (0) disconnected node: VNB
Cell sky130_fd_sc_hd__clkbuf_8 (0) disconnected node: VPB
Cell sky130_fd_sc_hd__clkbuf_8 (0) disconnected node: VPWR
Cell sky130_fd_sc_hd__clkbuf_8 (0) disconnected node: X

Subcircuit pins:
Circuit 1: sky130_fd_sc_hd__clkbuf_8       |Circuit 2: sky130_fd_sc_hd__clkbuf_8       
-------------------------------------------|-------------------------------------------
A                                          |A                                          
VGND                                       |VGND                                       
VNB                                        |VNB                                        
VPB                                        |VPB                                        
VPWR                                       |VPWR                                       
X                                          |X                                          
---------------------------------------------------------------------------------------
Cell pin lists are equivalent.
Device classes sky130_fd_sc_hd__clkbuf_8 and sky130_fd_sc_hd__clkbuf_8 are equivalent.

Cell sky130_fd_sc_hd__a21oi_2 (0) disconnected node: A1
Cell sky130_fd_sc_hd__a21oi_2 (0) disconnected node: A2
Cell sky130_fd_sc_hd__a21oi_2 (0) disconnected node: B1
Cell sky130_fd_sc_hd__a21oi_2 (0) disconnected node: VGND
Cell sky130_fd_sc_hd__a21oi_2 (0) disconnected node: VNB
Cell sky130_fd_sc_hd__a21oi_2 (0) disconnected node: VPB
Cell sky130_fd_sc_hd__a21oi_2 (0) disconnected node: VPWR
Cell sky130_fd_sc_hd__a21oi_2 (0) disconnected node: Y

Subcircuit pins:
Circuit 1: sky130_fd_sc_hd__a21oi_2        |Circuit 2: sky130_fd_sc_hd__a21oi_2        
-------------------------------------------|-------------------------------------------
A1                                         |A1                                         
A2                                         |A2                                         
B1                                         |B1                                         
VGND                                       |VGND                                       
VNB                                        |VNB                                        
VPB                                        |VPB                                        
VPWR                                       |VPWR                                       
Y                                          |Y                                          
---------------------------------------------------------------------------------------
Cell pin lists are equivalent.
Device classes sky130_fd_sc_hd__a21oi_2 and sky130_fd_sc_hd__a21oi_2 are equivalent.

Cell sky130_fd_sc_hd__a221o_2 (0) disconnected node: A1
Cell sky130_fd_sc_hd__a221o_2 (0) disconnected node: A2
Cell sky130_fd_sc_hd__a221o_2 (0) disconnected node: B1
Cell sky130_fd_sc_hd__a221o_2 (0) disconnected node: B2
Cell sky130_fd_sc_hd__a221o_2 (0) disconnected node: C1
Cell sky130_fd_sc_hd__a221o_2 (0) disconnected node: VGND
Cell sky130_fd_sc_hd__a221o_2 (0) disconnected node: VNB
Cell sky130_fd_sc_hd__a221o_2 (0) disconnected node: VPB
Cell sky130_fd_sc_hd__a221o_2 (0) disconnected node: VPWR
Cell sky130_fd_sc_hd__a221o_2 (0) disconnected node: X

Subcircuit pins:
Circuit 1: sky130_fd_sc_hd__a221o_2        |Circuit 2: sky130_fd_sc_hd__a221o_2        
-------------------------------------------|-------------------------------------------
A1                                         |A1                                         
A2                                         |A2                                         
B1                                         |B1                                         
B2                                         |B2                                         
C1                                         |C1                                         
VGND                                       |VGND                                       
VNB                                        |VNB                                        
VPB                                        |VPB                                        
VPWR                                       |VPWR                                       
X                                          |X                                          
---------------------------------------------------------------------------------------
Cell pin lists are equivalent.
Device classes sky130_fd_sc_hd__a221o_2 and sky130_fd_sc_hd__a221o_2 are equivalent.

Cell sky130_fd_sc_hd__xor2_2 (0) disconnected node: A
Cell sky130_fd_sc_hd__xor2_2 (0) disconnected node: B
Cell sky130_fd_sc_hd__xor2_2 (0) disconnected node: VGND
Cell sky130_fd_sc_hd__xor2_2 (0) disconnected node: VNB
Cell sky130_fd_sc_hd__xor2_2 (0) disconnected node: VPB
Cell sky130_fd_sc_hd__xor2_2 (0) disconnected node: VPWR
Cell sky130_fd_sc_hd__xor2_2 (0) disconnected node: X

Subcircuit pins:
Circuit 1: sky130_fd_sc_hd__xor2_2         |Circuit 2: sky130_fd_sc_hd__xor2_2         
-------------------------------------------|-------------------------------------------
A                                          |A                                          
B                                          |B                                          
VGND                                       |VGND                                       
VNB                                        |VNB                                        
VPB                                        |VPB                                        
VPWR                                       |VPWR                                       
X                                          |X                                          
---------------------------------------------------------------------------------------
Cell pin lists are equivalent.
Device classes sky130_fd_sc_hd__xor2_2 and sky130_fd_sc_hd__xor2_2 are equivalent.

Cell sky130_fd_sc_hd__a32o_2 (0) disconnected node: A1
Cell sky130_fd_sc_hd__a32o_2 (0) disconnected node: A2
Cell sky130_fd_sc_hd__a32o_2 (0) disconnected node: A3
Cell sky130_fd_sc_hd__a32o_2 (0) disconnected node: B1
Cell sky130_fd_sc_hd__a32o_2 (0) disconnected node: B2
Cell sky130_fd_sc_hd__a32o_2 (0) disconnected node: VGND
Cell sky130_fd_sc_hd__a32o_2 (0) disconnected node: VNB
Cell sky130_fd_sc_hd__a32o_2 (0) disconnected node: VPB
Cell sky130_fd_sc_hd__a32o_2 (0) disconnected node: VPWR
Cell sky130_fd_sc_hd__a32o_2 (0) disconnected node: X

Subcircuit pins:
Circuit 1: sky130_fd_sc_hd__a32o_2         |Circuit 2: sky130_fd_sc_hd__a32o_2         
-------------------------------------------|-------------------------------------------
A1                                         |A1                                         
A2                                         |A2                                         
A3                                         |A3                                         
B1                                         |B1                                         
B2                                         |B2                                         
VGND                                       |VGND                                       
VNB                                        |VNB                                        
VPB                                        |VPB                                        
VPWR                                       |VPWR                                       
X                                          |X                                          
---------------------------------------------------------------------------------------
Cell pin lists are equivalent.
Device classes sky130_fd_sc_hd__a32o_2 and sky130_fd_sc_hd__a32o_2 are equivalent.

Cell sky130_fd_sc_hd__nand2b_2 (0) disconnected node: A_N
Cell sky130_fd_sc_hd__nand2b_2 (0) disconnected node: B
Cell sky130_fd_sc_hd__nand2b_2 (0) disconnected node: VGND
Cell sky130_fd_sc_hd__nand2b_2 (0) disconnected node: VNB
Cell sky130_fd_sc_hd__nand2b_2 (0) disconnected node: VPB
Cell sky130_fd_sc_hd__nand2b_2 (0) disconnected node: VPWR
Cell sky130_fd_sc_hd__nand2b_2 (0) disconnected node: Y

Subcircuit pins:
Circuit 1: sky130_fd_sc_hd__nand2b_2       |Circuit 2: sky130_fd_sc_hd__nand2b_2       
-------------------------------------------|-------------------------------------------
A_N                                        |A_N                                        
B                                          |B                                          
VGND                                       |VGND                                       
VNB                                        |VNB                                        
VPB                                        |VPB                                        
VPWR                                       |VPWR                                       
Y                                          |Y                                          
---------------------------------------------------------------------------------------
Cell pin lists are equivalent.
Device classes sky130_fd_sc_hd__nand2b_2 and sky130_fd_sc_hd__nand2b_2 are equivalent.

Cell sky130_fd_sc_hd__or3_2 (0) disconnected node: A
Cell sky130_fd_sc_hd__or3_2 (0) disconnected node: B
Cell sky130_fd_sc_hd__or3_2 (0) disconnected node: C
Cell sky130_fd_sc_hd__or3_2 (0) disconnected node: VGND
Cell sky130_fd_sc_hd__or3_2 (0) disconnected node: VNB
Cell sky130_fd_sc_hd__or3_2 (0) disconnected node: VPB
Cell sky130_fd_sc_hd__or3_2 (0) disconnected node: VPWR
Cell sky130_fd_sc_hd__or3_2 (0) disconnected node: X

Subcircuit pins:
Circuit 1: sky130_fd_sc_hd__or3_2          |Circuit 2: sky130_fd_sc_hd__or3_2          
-------------------------------------------|-------------------------------------------
A                                          |A                                          
B                                          |B                                          
C                                          |C                                          
VGND                                       |VGND                                       
VNB                                        |VNB                                        
VPB                                        |VPB                                        
VPWR                                       |VPWR                                       
X                                          |X                                          
---------------------------------------------------------------------------------------
Cell pin lists are equivalent.
Device classes sky130_fd_sc_hd__or3_2 and sky130_fd_sc_hd__or3_2 are equivalent.

Cell sky130_fd_sc_hd__a211o_2 (0) disconnected node: A1
Cell sky130_fd_sc_hd__a211o_2 (0) disconnected node: A2
Cell sky130_fd_sc_hd__a211o_2 (0) disconnected node: B1
Cell sky130_fd_sc_hd__a211o_2 (0) disconnected node: C1
Cell sky130_fd_sc_hd__a211o_2 (0) disconnected node: VGND
Cell sky130_fd_sc_hd__a211o_2 (0) disconnected node: VNB
Cell sky130_fd_sc_hd__a211o_2 (0) disconnected node: VPB
Cell sky130_fd_sc_hd__a211o_2 (0) disconnected node: VPWR
Cell sky130_fd_sc_hd__a211o_2 (0) disconnected node: X

Subcircuit pins:
Circuit 1: sky130_fd_sc_hd__a211o_2        |Circuit 2: sky130_fd_sc_hd__a211o_2        
-------------------------------------------|-------------------------------------------
A1                                         |A1                                         
A2                                         |A2                                         
B1                                         |B1                                         
C1                                         |C1                                         
VGND                                       |VGND                                       
VNB                                        |VNB                                        
VPB                                        |VPB                                        
VPWR                                       |VPWR                                       
X                                          |X                                          
---------------------------------------------------------------------------------------
Cell pin lists are equivalent.
Device classes sky130_fd_sc_hd__a211o_2 and sky130_fd_sc_hd__a211o_2 are equivalent.

Cell sky130_fd_sc_hd__o21ai_2 (0) disconnected node: A1
Cell sky130_fd_sc_hd__o21ai_2 (0) disconnected node: A2
Cell sky130_fd_sc_hd__o21ai_2 (0) disconnected node: B1
Cell sky130_fd_sc_hd__o21ai_2 (0) disconnected node: VGND
Cell sky130_fd_sc_hd__o21ai_2 (0) disconnected node: VNB
Cell sky130_fd_sc_hd__o21ai_2 (0) disconnected node: VPB
Cell sky130_fd_sc_hd__o21ai_2 (0) disconnected node: VPWR
Cell sky130_fd_sc_hd__o21ai_2 (0) disconnected node: Y

Subcircuit pins:
Circuit 1: sky130_fd_sc_hd__o21ai_2        |Circuit 2: sky130_fd_sc_hd__o21ai_2        
-------------------------------------------|-------------------------------------------
A1                                         |A1                                         
A2                                         |A2                                         
B1                                         |B1                                         
VGND                                       |VGND                                       
VNB                                        |VNB                                        
VPB                                        |VPB                                        
VPWR                                       |VPWR                                       
Y                                          |Y                                          
---------------------------------------------------------------------------------------
Cell pin lists are equivalent.
Device classes sky130_fd_sc_hd__o21ai_2 and sky130_fd_sc_hd__o21ai_2 are equivalent.

Cell sky130_fd_sc_hd__clkbuf_4 (0) disconnected node: A
Cell sky130_fd_sc_hd__clkbuf_4 (0) disconnected node: VGND
Cell sky130_fd_sc_hd__clkbuf_4 (0) disconnected node: VNB
Cell sky130_fd_sc_hd__clkbuf_4 (0) disconnected node: VPB
Cell sky130_fd_sc_hd__clkbuf_4 (0) disconnected node: VPWR
Cell sky130_fd_sc_hd__clkbuf_4 (0) disconnected node: X

Subcircuit pins:
Circuit 1: sky130_fd_sc_hd__clkbuf_4       |Circuit 2: sky130_fd_sc_hd__clkbuf_4       
-------------------------------------------|-------------------------------------------
A                                          |A                                          
VGND                                       |VGND                                       
VNB                                        |VNB                                        
VPB                                        |VPB                                        
VPWR                                       |VPWR                                       
X                                          |X                                          
---------------------------------------------------------------------------------------
Cell pin lists are equivalent.
Device classes sky130_fd_sc_hd__clkbuf_4 and sky130_fd_sc_hd__clkbuf_4 are equivalent.

Cell sky130_fd_sc_hd__nand3_2 (0) disconnected node: A
Cell sky130_fd_sc_hd__nand3_2 (0) disconnected node: B
Cell sky130_fd_sc_hd__nand3_2 (0) disconnected node: C
Cell sky130_fd_sc_hd__nand3_2 (0) disconnected node: VGND
Cell sky130_fd_sc_hd__nand3_2 (0) disconnected node: VNB
Cell sky130_fd_sc_hd__nand3_2 (0) disconnected node: VPB
Cell sky130_fd_sc_hd__nand3_2 (0) disconnected node: VPWR
Cell sky130_fd_sc_hd__nand3_2 (0) disconnected node: Y

Subcircuit pins:
Circuit 1: sky130_fd_sc_hd__nand3_2        |Circuit 2: sky130_fd_sc_hd__nand3_2        
-------------------------------------------|-------------------------------------------
A                                          |A                                          
B                                          |B                                          
C                                          |C                                          
VGND                                       |VGND                                       
VNB                                        |VNB                                        
VPB                                        |VPB                                        
VPWR                                       |VPWR                                       
Y                                          |Y                                          
---------------------------------------------------------------------------------------
Cell pin lists are equivalent.
Device classes sky130_fd_sc_hd__nand3_2 and sky130_fd_sc_hd__nand3_2 are equivalent.

Cell sky130_fd_sc_hd__a311o_2 (0) disconnected node: A1
Cell sky130_fd_sc_hd__a311o_2 (0) disconnected node: A2
Cell sky130_fd_sc_hd__a311o_2 (0) disconnected node: A3
Cell sky130_fd_sc_hd__a311o_2 (0) disconnected node: B1
Cell sky130_fd_sc_hd__a311o_2 (0) disconnected node: C1
Cell sky130_fd_sc_hd__a311o_2 (0) disconnected node: VGND
Cell sky130_fd_sc_hd__a311o_2 (0) disconnected node: VNB
Cell sky130_fd_sc_hd__a311o_2 (0) disconnected node: VPB
Cell sky130_fd_sc_hd__a311o_2 (0) disconnected node: VPWR
Cell sky130_fd_sc_hd__a311o_2 (0) disconnected node: X

Subcircuit pins:
Circuit 1: sky130_fd_sc_hd__a311o_2        |Circuit 2: sky130_fd_sc_hd__a311o_2        
-------------------------------------------|-------------------------------------------
A1                                         |A1                                         
A2                                         |A2                                         
A3                                         |A3                                         
B1                                         |B1                                         
C1                                         |C1                                         
VGND                                       |VGND                                       
VNB                                        |VNB                                        
VPB                                        |VPB                                        
VPWR                                       |VPWR                                       
X                                          |X                                          
---------------------------------------------------------------------------------------
Cell pin lists are equivalent.
Device classes sky130_fd_sc_hd__a311o_2 and sky130_fd_sc_hd__a311o_2 are equivalent.

Cell sky130_fd_sc_hd__o221a_2 (0) disconnected node: A1
Cell sky130_fd_sc_hd__o221a_2 (0) disconnected node: A2
Cell sky130_fd_sc_hd__o221a_2 (0) disconnected node: B1
Cell sky130_fd_sc_hd__o221a_2 (0) disconnected node: B2
Cell sky130_fd_sc_hd__o221a_2 (0) disconnected node: C1
Cell sky130_fd_sc_hd__o221a_2 (0) disconnected node: VGND
Cell sky130_fd_sc_hd__o221a_2 (0) disconnected node: VNB
Cell sky130_fd_sc_hd__o221a_2 (0) disconnected node: VPB
Cell sky130_fd_sc_hd__o221a_2 (0) disconnected node: VPWR
Cell sky130_fd_sc_hd__o221a_2 (0) disconnected node: X

Subcircuit pins:
Circuit 1: sky130_fd_sc_hd__o221a_2        |Circuit 2: sky130_fd_sc_hd__o221a_2        
-------------------------------------------|-------------------------------------------
A1                                         |A1                                         
A2                                         |A2                                         
B1                                         |B1                                         
B2                                         |B2                                         
C1                                         |C1                                         
VGND                                       |VGND                                       
VNB                                        |VNB                                        
VPB                                        |VPB                                        
VPWR                                       |VPWR                                       
X                                          |X                                          
---------------------------------------------------------------------------------------
Cell pin lists are equivalent.
Device classes sky130_fd_sc_hd__o221a_2 and sky130_fd_sc_hd__o221a_2 are equivalent.

Cell sky130_fd_sc_hd__o21a_2 (0) disconnected node: A1
Cell sky130_fd_sc_hd__o21a_2 (0) disconnected node: A2
Cell sky130_fd_sc_hd__o21a_2 (0) disconnected node: B1
Cell sky130_fd_sc_hd__o21a_2 (0) disconnected node: VGND
Cell sky130_fd_sc_hd__o21a_2 (0) disconnected node: VNB
Cell sky130_fd_sc_hd__o21a_2 (0) disconnected node: VPB
Cell sky130_fd_sc_hd__o21a_2 (0) disconnected node: VPWR
Cell sky130_fd_sc_hd__o21a_2 (0) disconnected node: X

Subcircuit pins:
Circuit 1: sky130_fd_sc_hd__o21a_2         |Circuit 2: sky130_fd_sc_hd__o21a_2         
-------------------------------------------|-------------------------------------------
A1                                         |A1                                         
A2                                         |A2                                         
B1                                         |B1                                         
VGND                                       |VGND                                       
VNB                                        |VNB                                        
VPB                                        |VPB                                        
VPWR                                       |VPWR                                       
X                                          |X                                          
---------------------------------------------------------------------------------------
Cell pin lists are equivalent.
Device classes sky130_fd_sc_hd__o21a_2 and sky130_fd_sc_hd__o21a_2 are equivalent.

Cell sky130_fd_sc_hd__and3b_2 (0) disconnected node: A_N
Cell sky130_fd_sc_hd__and3b_2 (0) disconnected node: B
Cell sky130_fd_sc_hd__and3b_2 (0) disconnected node: C
Cell sky130_fd_sc_hd__and3b_2 (0) disconnected node: VGND
Cell sky130_fd_sc_hd__and3b_2 (0) disconnected node: VNB
Cell sky130_fd_sc_hd__and3b_2 (0) disconnected node: VPB
Cell sky130_fd_sc_hd__and3b_2 (0) disconnected node: VPWR
Cell sky130_fd_sc_hd__and3b_2 (0) disconnected node: X

Subcircuit pins:
Circuit 1: sky130_fd_sc_hd__and3b_2        |Circuit 2: sky130_fd_sc_hd__and3b_2        
-------------------------------------------|-------------------------------------------
A_N                                        |A_N                                        
B                                          |B                                          
C                                          |C                                          
VGND                                       |VGND                                       
VNB                                        |VNB                                        
VPB                                        |VPB                                        
VPWR                                       |VPWR                                       
X                                          |X                                          
---------------------------------------------------------------------------------------
Cell pin lists are equivalent.
Device classes sky130_fd_sc_hd__and3b_2 and sky130_fd_sc_hd__and3b_2 are equivalent.

Cell sky130_fd_sc_hd__o21ba_2 (0) disconnected node: A1
Cell sky130_fd_sc_hd__o21ba_2 (0) disconnected node: A2
Cell sky130_fd_sc_hd__o21ba_2 (0) disconnected node: B1_N
Cell sky130_fd_sc_hd__o21ba_2 (0) disconnected node: VGND
Cell sky130_fd_sc_hd__o21ba_2 (0) disconnected node: VNB
Cell sky130_fd_sc_hd__o21ba_2 (0) disconnected node: VPB
Cell sky130_fd_sc_hd__o21ba_2 (0) disconnected node: VPWR
Cell sky130_fd_sc_hd__o21ba_2 (0) disconnected node: X

Subcircuit pins:
Circuit 1: sky130_fd_sc_hd__o21ba_2        |Circuit 2: sky130_fd_sc_hd__o21ba_2        
-------------------------------------------|-------------------------------------------
A1                                         |A1                                         
A2                                         |A2                                         
B1_N                                       |B1_N                                       
VGND                                       |VGND                                       
VNB                                        |VNB                                        
VPB                                        |VPB                                        
VPWR                                       |VPWR                                       
X                                          |X                                          
---------------------------------------------------------------------------------------
Cell pin lists are equivalent.
Device classes sky130_fd_sc_hd__o21ba_2 and sky130_fd_sc_hd__o21ba_2 are equivalent.

Cell sky130_fd_sc_hd__clkinv_2 (0) disconnected node: A
Cell sky130_fd_sc_hd__clkinv_2 (0) disconnected node: VGND
Cell sky130_fd_sc_hd__clkinv_2 (0) disconnected node: VNB
Cell sky130_fd_sc_hd__clkinv_2 (0) disconnected node: VPB
Cell sky130_fd_sc_hd__clkinv_2 (0) disconnected node: VPWR
Cell sky130_fd_sc_hd__clkinv_2 (0) disconnected node: Y

Subcircuit pins:
Circuit 1: sky130_fd_sc_hd__clkinv_2       |Circuit 2: sky130_fd_sc_hd__clkinv_2       
-------------------------------------------|-------------------------------------------
A                                          |A                                          
VGND                                       |VGND                                       
VNB                                        |VNB                                        
VPB                                        |VPB                                        
VPWR                                       |VPWR                                       
Y                                          |Y                                          
---------------------------------------------------------------------------------------
Cell pin lists are equivalent.
Device classes sky130_fd_sc_hd__clkinv_2 and sky130_fd_sc_hd__clkinv_2 are equivalent.

Cell sky130_fd_sc_hd__o22ai_2 (0) disconnected node: A1
Cell sky130_fd_sc_hd__o22ai_2 (0) disconnected node: A2
Cell sky130_fd_sc_hd__o22ai_2 (0) disconnected node: B1
Cell sky130_fd_sc_hd__o22ai_2 (0) disconnected node: B2
Cell sky130_fd_sc_hd__o22ai_2 (0) disconnected node: VGND
Cell sky130_fd_sc_hd__o22ai_2 (0) disconnected node: VNB
Cell sky130_fd_sc_hd__o22ai_2 (0) disconnected node: VPB
Cell sky130_fd_sc_hd__o22ai_2 (0) disconnected node: VPWR
Cell sky130_fd_sc_hd__o22ai_2 (0) disconnected node: Y

Subcircuit pins:
Circuit 1: sky130_fd_sc_hd__o22ai_2        |Circuit 2: sky130_fd_sc_hd__o22ai_2        
-------------------------------------------|-------------------------------------------
A1                                         |A1                                         
A2                                         |A2                                         
B1                                         |B1                                         
B2                                         |B2                                         
VGND                                       |VGND                                       
VNB                                        |VNB                                        
VPB                                        |VPB                                        
VPWR                                       |VPWR                                       
Y                                          |Y                                          
---------------------------------------------------------------------------------------
Cell pin lists are equivalent.
Device classes sky130_fd_sc_hd__o22ai_2 and sky130_fd_sc_hd__o22ai_2 are equivalent.

Cell sky130_fd_sc_hd__inv_2 (0) disconnected node: A
Cell sky130_fd_sc_hd__inv_2 (0) disconnected node: VGND
Cell sky130_fd_sc_hd__inv_2 (0) disconnected node: VNB
Cell sky130_fd_sc_hd__inv_2 (0) disconnected node: VPB
Cell sky130_fd_sc_hd__inv_2 (0) disconnected node: VPWR
Cell sky130_fd_sc_hd__inv_2 (0) disconnected node: Y

Subcircuit pins:
Circuit 1: sky130_fd_sc_hd__inv_2          |Circuit 2: sky130_fd_sc_hd__inv_2          
-------------------------------------------|-------------------------------------------
A                                          |A                                          
VGND                                       |VGND                                       
VNB                                        |VNB                                        
VPB                                        |VPB                                        
VPWR                                       |VPWR                                       
Y                                          |Y                                          
---------------------------------------------------------------------------------------
Cell pin lists are equivalent.
Device classes sky130_fd_sc_hd__inv_2 and sky130_fd_sc_hd__inv_2 are equivalent.

Cell sky130_fd_sc_hd__a31oi_2 (0) disconnected node: A1
Cell sky130_fd_sc_hd__a31oi_2 (0) disconnected node: A2
Cell sky130_fd_sc_hd__a31oi_2 (0) disconnected node: A3
Cell sky130_fd_sc_hd__a31oi_2 (0) disconnected node: B1
Cell sky130_fd_sc_hd__a31oi_2 (0) disconnected node: VGND
Cell sky130_fd_sc_hd__a31oi_2 (0) disconnected node: VNB
Cell sky130_fd_sc_hd__a31oi_2 (0) disconnected node: VPB
Cell sky130_fd_sc_hd__a31oi_2 (0) disconnected node: VPWR
Cell sky130_fd_sc_hd__a31oi_2 (0) disconnected node: Y

Subcircuit pins:
Circuit 1: sky130_fd_sc_hd__a31oi_2        |Circuit 2: sky130_fd_sc_hd__a31oi_2        
-------------------------------------------|-------------------------------------------
A1                                         |A1                                         
A2                                         |A2                                         
A3                                         |A3                                         
B1                                         |B1                                         
VGND                                       |VGND                                       
VNB                                        |VNB                                        
VPB                                        |VPB                                        
VPWR                                       |VPWR                                       
Y                                          |Y                                          
---------------------------------------------------------------------------------------
Cell pin lists are equivalent.
Device classes sky130_fd_sc_hd__a31oi_2 and sky130_fd_sc_hd__a31oi_2 are equivalent.

Cell sky130_fd_sc_hd__nor3_2 (0) disconnected node: A
Cell sky130_fd_sc_hd__nor3_2 (0) disconnected node: B
Cell sky130_fd_sc_hd__nor3_2 (0) disconnected node: C
Cell sky130_fd_sc_hd__nor3_2 (0) disconnected node: VGND
Cell sky130_fd_sc_hd__nor3_2 (0) disconnected node: VNB
Cell sky130_fd_sc_hd__nor3_2 (0) disconnected node: VPB
Cell sky130_fd_sc_hd__nor3_2 (0) disconnected node: VPWR
Cell sky130_fd_sc_hd__nor3_2 (0) disconnected node: Y

Subcircuit pins:
Circuit 1: sky130_fd_sc_hd__nor3_2         |Circuit 2: sky130_fd_sc_hd__nor3_2         
-------------------------------------------|-------------------------------------------
A                                          |A                                          
B                                          |B                                          
C                                          |C                                          
VGND                                       |VGND                                       
VNB                                        |VNB                                        
VPB                                        |VPB                                        
VPWR                                       |VPWR                                       
Y                                          |Y                                          
---------------------------------------------------------------------------------------
Cell pin lists are equivalent.
Device classes sky130_fd_sc_hd__nor3_2 and sky130_fd_sc_hd__nor3_2 are equivalent.

Cell sky130_fd_sc_hd__o2111ai_2 (0) disconnected node: A1
Cell sky130_fd_sc_hd__o2111ai_2 (0) disconnected node: A2
Cell sky130_fd_sc_hd__o2111ai_2 (0) disconnected node: B1
Cell sky130_fd_sc_hd__o2111ai_2 (0) disconnected node: C1
Cell sky130_fd_sc_hd__o2111ai_2 (0) disconnected node: D1
Cell sky130_fd_sc_hd__o2111ai_2 (0) disconnected node: VGND
Cell sky130_fd_sc_hd__o2111ai_2 (0) disconnected node: VNB
Cell sky130_fd_sc_hd__o2111ai_2 (0) disconnected node: VPB
Cell sky130_fd_sc_hd__o2111ai_2 (0) disconnected node: VPWR
Cell sky130_fd_sc_hd__o2111ai_2 (0) disconnected node: Y

Subcircuit pins:
Circuit 1: sky130_fd_sc_hd__o2111ai_2      |Circuit 2: sky130_fd_sc_hd__o2111ai_2      
-------------------------------------------|-------------------------------------------
A1                                         |A1                                         
A2                                         |A2                                         
B1                                         |B1                                         
C1                                         |C1                                         
D1                                         |D1                                         
VGND                                       |VGND                                       
VNB                                        |VNB                                        
VPB                                        |VPB                                        
VPWR                                       |VPWR                                       
Y                                          |Y                                          
---------------------------------------------------------------------------------------
Cell pin lists are equivalent.
Device classes sky130_fd_sc_hd__o2111ai_2 and sky130_fd_sc_hd__o2111ai_2 are equivalent.

Cell sky130_fd_sc_hd__o32a_2 (0) disconnected node: A1
Cell sky130_fd_sc_hd__o32a_2 (0) disconnected node: A2
Cell sky130_fd_sc_hd__o32a_2 (0) disconnected node: A3
Cell sky130_fd_sc_hd__o32a_2 (0) disconnected node: B1
Cell sky130_fd_sc_hd__o32a_2 (0) disconnected node: B2
Cell sky130_fd_sc_hd__o32a_2 (0) disconnected node: VGND
Cell sky130_fd_sc_hd__o32a_2 (0) disconnected node: VNB
Cell sky130_fd_sc_hd__o32a_2 (0) disconnected node: VPB
Cell sky130_fd_sc_hd__o32a_2 (0) disconnected node: VPWR
Cell sky130_fd_sc_hd__o32a_2 (0) disconnected node: X

Subcircuit pins:
Circuit 1: sky130_fd_sc_hd__o32a_2         |Circuit 2: sky130_fd_sc_hd__o32a_2         
-------------------------------------------|-------------------------------------------
A1                                         |A1                                         
A2                                         |A2                                         
A3                                         |A3                                         
B1                                         |B1                                         
B2                                         |B2                                         
VGND                                       |VGND                                       
VNB                                        |VNB                                        
VPB                                        |VPB                                        
VPWR                                       |VPWR                                       
X                                          |X                                          
---------------------------------------------------------------------------------------
Cell pin lists are equivalent.
Device classes sky130_fd_sc_hd__o32a_2 and sky130_fd_sc_hd__o32a_2 are equivalent.

Cell sky130_fd_sc_hd__a21bo_2 (0) disconnected node: A1
Cell sky130_fd_sc_hd__a21bo_2 (0) disconnected node: A2
Cell sky130_fd_sc_hd__a21bo_2 (0) disconnected node: B1_N
Cell sky130_fd_sc_hd__a21bo_2 (0) disconnected node: VGND
Cell sky130_fd_sc_hd__a21bo_2 (0) disconnected node: VNB
Cell sky130_fd_sc_hd__a21bo_2 (0) disconnected node: VPB
Cell sky130_fd_sc_hd__a21bo_2 (0) disconnected node: VPWR
Cell sky130_fd_sc_hd__a21bo_2 (0) disconnected node: X

Subcircuit pins:
Circuit 1: sky130_fd_sc_hd__a21bo_2        |Circuit 2: sky130_fd_sc_hd__a21bo_2        
-------------------------------------------|-------------------------------------------
A1                                         |A1                                         
A2                                         |A2                                         
B1_N                                       |B1_N                                       
VGND                                       |VGND                                       
VNB                                        |VNB                                        
VPB                                        |VPB                                        
VPWR                                       |VPWR                                       
X                                          |X                                          
---------------------------------------------------------------------------------------
Cell pin lists are equivalent.
Device classes sky130_fd_sc_hd__a21bo_2 and sky130_fd_sc_hd__a21bo_2 are equivalent.

Cell sky130_fd_sc_hd__o41a_2 (0) disconnected node: A1
Cell sky130_fd_sc_hd__o41a_2 (0) disconnected node: A2
Cell sky130_fd_sc_hd__o41a_2 (0) disconnected node: A3
Cell sky130_fd_sc_hd__o41a_2 (0) disconnected node: A4
Cell sky130_fd_sc_hd__o41a_2 (0) disconnected node: B1
Cell sky130_fd_sc_hd__o41a_2 (0) disconnected node: VGND
Cell sky130_fd_sc_hd__o41a_2 (0) disconnected node: VNB
Cell sky130_fd_sc_hd__o41a_2 (0) disconnected node: VPB
Cell sky130_fd_sc_hd__o41a_2 (0) disconnected node: VPWR
Cell sky130_fd_sc_hd__o41a_2 (0) disconnected node: X

Subcircuit pins:
Circuit 1: sky130_fd_sc_hd__o41a_2         |Circuit 2: sky130_fd_sc_hd__o41a_2         
-------------------------------------------|-------------------------------------------
A1                                         |A1                                         
A2                                         |A2                                         
A3                                         |A3                                         
A4                                         |A4                                         
B1                                         |B1                                         
VGND                                       |VGND                                       
VNB                                        |VNB                                        
VPB                                        |VPB                                        
VPWR                                       |VPWR                                       
X                                          |X                                          
---------------------------------------------------------------------------------------
Cell pin lists are equivalent.
Device classes sky130_fd_sc_hd__o41a_2 and sky130_fd_sc_hd__o41a_2 are equivalent.

Cell sky130_fd_sc_hd__a2bb2o_2 (0) disconnected node: A1_N
Cell sky130_fd_sc_hd__a2bb2o_2 (0) disconnected node: A2_N
Cell sky130_fd_sc_hd__a2bb2o_2 (0) disconnected node: B1
Cell sky130_fd_sc_hd__a2bb2o_2 (0) disconnected node: B2
Cell sky130_fd_sc_hd__a2bb2o_2 (0) disconnected node: VGND
Cell sky130_fd_sc_hd__a2bb2o_2 (0) disconnected node: VNB
Cell sky130_fd_sc_hd__a2bb2o_2 (0) disconnected node: VPB
Cell sky130_fd_sc_hd__a2bb2o_2 (0) disconnected node: VPWR
Cell sky130_fd_sc_hd__a2bb2o_2 (0) disconnected node: X

Subcircuit pins:
Circuit 1: sky130_fd_sc_hd__a2bb2o_2       |Circuit 2: sky130_fd_sc_hd__a2bb2o_2       
-------------------------------------------|-------------------------------------------
A1_N                                       |A1_N                                       
A2_N                                       |A2_N                                       
B1                                         |B1                                         
B2                                         |B2                                         
VGND                                       |VGND                                       
VNB                                        |VNB                                        
VPB                                        |VPB                                        
VPWR                                       |VPWR                                       
X                                          |X                                          
---------------------------------------------------------------------------------------
Cell pin lists are equivalent.
Device classes sky130_fd_sc_hd__a2bb2o_2 and sky130_fd_sc_hd__a2bb2o_2 are equivalent.

Cell sky130_fd_sc_hd__a21boi_2 (0) disconnected node: A1
Cell sky130_fd_sc_hd__a21boi_2 (0) disconnected node: A2
Cell sky130_fd_sc_hd__a21boi_2 (0) disconnected node: B1_N
Cell sky130_fd_sc_hd__a21boi_2 (0) disconnected node: VGND
Cell sky130_fd_sc_hd__a21boi_2 (0) disconnected node: VNB
Cell sky130_fd_sc_hd__a21boi_2 (0) disconnected node: VPB
Cell sky130_fd_sc_hd__a21boi_2 (0) disconnected node: VPWR
Cell sky130_fd_sc_hd__a21boi_2 (0) disconnected node: Y

Subcircuit pins:
Circuit 1: sky130_fd_sc_hd__a21boi_2       |Circuit 2: sky130_fd_sc_hd__a21boi_2       
-------------------------------------------|-------------------------------------------
A1                                         |A1                                         
A2                                         |A2                                         
B1_N                                       |B1_N                                       
VGND                                       |VGND                                       
VNB                                        |VNB                                        
VPB                                        |VPB                                        
VPWR                                       |VPWR                                       
Y                                          |Y                                          
---------------------------------------------------------------------------------------
Cell pin lists are equivalent.
Device classes sky130_fd_sc_hd__a21boi_2 and sky130_fd_sc_hd__a21boi_2 are equivalent.

Cell sky130_fd_sc_hd__o31a_2 (0) disconnected node: A1
Cell sky130_fd_sc_hd__o31a_2 (0) disconnected node: A2
Cell sky130_fd_sc_hd__o31a_2 (0) disconnected node: A3
Cell sky130_fd_sc_hd__o31a_2 (0) disconnected node: B1
Cell sky130_fd_sc_hd__o31a_2 (0) disconnected node: VGND
Cell sky130_fd_sc_hd__o31a_2 (0) disconnected node: VNB
Cell sky130_fd_sc_hd__o31a_2 (0) disconnected node: VPB
Cell sky130_fd_sc_hd__o31a_2 (0) disconnected node: VPWR
Cell sky130_fd_sc_hd__o31a_2 (0) disconnected node: X

Subcircuit pins:
Circuit 1: sky130_fd_sc_hd__o31a_2         |Circuit 2: sky130_fd_sc_hd__o31a_2         
-------------------------------------------|-------------------------------------------
A1                                         |A1                                         
A2                                         |A2                                         
A3                                         |A3                                         
B1                                         |B1                                         
VGND                                       |VGND                                       
VNB                                        |VNB                                        
VPB                                        |VPB                                        
VPWR                                       |VPWR                                       
X                                          |X                                          
---------------------------------------------------------------------------------------
Cell pin lists are equivalent.
Device classes sky130_fd_sc_hd__o31a_2 and sky130_fd_sc_hd__o31a_2 are equivalent.

Cell sky130_fd_sc_hd__and4_2 (0) disconnected node: A
Cell sky130_fd_sc_hd__and4_2 (0) disconnected node: B
Cell sky130_fd_sc_hd__and4_2 (0) disconnected node: C
Cell sky130_fd_sc_hd__and4_2 (0) disconnected node: D
Cell sky130_fd_sc_hd__and4_2 (0) disconnected node: VGND
Cell sky130_fd_sc_hd__and4_2 (0) disconnected node: VNB
Cell sky130_fd_sc_hd__and4_2 (0) disconnected node: VPB
Cell sky130_fd_sc_hd__and4_2 (0) disconnected node: VPWR
Cell sky130_fd_sc_hd__and4_2 (0) disconnected node: X

Subcircuit pins:
Circuit 1: sky130_fd_sc_hd__and4_2         |Circuit 2: sky130_fd_sc_hd__and4_2         
-------------------------------------------|-------------------------------------------
A                                          |A                                          
B                                          |B                                          
C                                          |C                                          
D                                          |D                                          
VGND                                       |VGND                                       
VNB                                        |VNB                                        
VPB                                        |VPB                                        
VPWR                                       |VPWR                                       
X                                          |X                                          
---------------------------------------------------------------------------------------
Cell pin lists are equivalent.
Device classes sky130_fd_sc_hd__and4_2 and sky130_fd_sc_hd__and4_2 are equivalent.

Cell sky130_fd_sc_hd__a311oi_2 (0) disconnected node: A1
Cell sky130_fd_sc_hd__a311oi_2 (0) disconnected node: A2
Cell sky130_fd_sc_hd__a311oi_2 (0) disconnected node: A3
Cell sky130_fd_sc_hd__a311oi_2 (0) disconnected node: B1
Cell sky130_fd_sc_hd__a311oi_2 (0) disconnected node: C1
Cell sky130_fd_sc_hd__a311oi_2 (0) disconnected node: VGND
Cell sky130_fd_sc_hd__a311oi_2 (0) disconnected node: VNB
Cell sky130_fd_sc_hd__a311oi_2 (0) disconnected node: VPB
Cell sky130_fd_sc_hd__a311oi_2 (0) disconnected node: VPWR
Cell sky130_fd_sc_hd__a311oi_2 (0) disconnected node: Y

Subcircuit pins:
Circuit 1: sky130_fd_sc_hd__a311oi_2       |Circuit 2: sky130_fd_sc_hd__a311oi_2       
-------------------------------------------|-------------------------------------------
A1                                         |A1                                         
A2                                         |A2                                         
A3                                         |A3                                         
B1                                         |B1                                         
C1                                         |C1                                         
VGND                                       |VGND                                       
VNB                                        |VNB                                        
VPB                                        |VPB                                        
VPWR                                       |VPWR                                       
Y                                          |Y                                          
---------------------------------------------------------------------------------------
Cell pin lists are equivalent.
Device classes sky130_fd_sc_hd__a311oi_2 and sky130_fd_sc_hd__a311oi_2 are equivalent.

Cell sky130_fd_sc_hd__and4b_2 (0) disconnected node: A_N
Cell sky130_fd_sc_hd__and4b_2 (0) disconnected node: B
Cell sky130_fd_sc_hd__and4b_2 (0) disconnected node: C
Cell sky130_fd_sc_hd__and4b_2 (0) disconnected node: D
Cell sky130_fd_sc_hd__and4b_2 (0) disconnected node: VGND
Cell sky130_fd_sc_hd__and4b_2 (0) disconnected node: VNB
Cell sky130_fd_sc_hd__and4b_2 (0) disconnected node: VPB
Cell sky130_fd_sc_hd__and4b_2 (0) disconnected node: VPWR
Cell sky130_fd_sc_hd__and4b_2 (0) disconnected node: X

Subcircuit pins:
Circuit 1: sky130_fd_sc_hd__and4b_2        |Circuit 2: sky130_fd_sc_hd__and4b_2        
-------------------------------------------|-------------------------------------------
A_N                                        |A_N                                        
B                                          |B                                          
C                                          |C                                          
D                                          |D                                          
VGND                                       |VGND                                       
VNB                                        |VNB                                        
VPB                                        |VPB                                        
VPWR                                       |VPWR                                       
X                                          |X                                          
---------------------------------------------------------------------------------------
Cell pin lists are equivalent.
Device classes sky130_fd_sc_hd__and4b_2 and sky130_fd_sc_hd__and4b_2 are equivalent.

Cell sky130_fd_sc_hd__or4b_2 (0) disconnected node: A
Cell sky130_fd_sc_hd__or4b_2 (0) disconnected node: B
Cell sky130_fd_sc_hd__or4b_2 (0) disconnected node: C
Cell sky130_fd_sc_hd__or4b_2 (0) disconnected node: D_N
Cell sky130_fd_sc_hd__or4b_2 (0) disconnected node: VGND
Cell sky130_fd_sc_hd__or4b_2 (0) disconnected node: VNB
Cell sky130_fd_sc_hd__or4b_2 (0) disconnected node: VPB
Cell sky130_fd_sc_hd__or4b_2 (0) disconnected node: VPWR
Cell sky130_fd_sc_hd__or4b_2 (0) disconnected node: X

Subcircuit pins:
Circuit 1: sky130_fd_sc_hd__or4b_2         |Circuit 2: sky130_fd_sc_hd__or4b_2         
-------------------------------------------|-------------------------------------------
A                                          |A                                          
B                                          |B                                          
C                                          |C                                          
D_N                                        |D_N                                        
VGND                                       |VGND                                       
VNB                                        |VNB                                        
VPB                                        |VPB                                        
VPWR                                       |VPWR                                       
X                                          |X                                          
---------------------------------------------------------------------------------------
Cell pin lists are equivalent.
Device classes sky130_fd_sc_hd__or4b_2 and sky130_fd_sc_hd__or4b_2 are equivalent.

Cell sky130_fd_sc_hd__a41o_2 (0) disconnected node: A1
Cell sky130_fd_sc_hd__a41o_2 (0) disconnected node: A2
Cell sky130_fd_sc_hd__a41o_2 (0) disconnected node: A3
Cell sky130_fd_sc_hd__a41o_2 (0) disconnected node: A4
Cell sky130_fd_sc_hd__a41o_2 (0) disconnected node: B1
Cell sky130_fd_sc_hd__a41o_2 (0) disconnected node: VGND
Cell sky130_fd_sc_hd__a41o_2 (0) disconnected node: VNB
Cell sky130_fd_sc_hd__a41o_2 (0) disconnected node: VPB
Cell sky130_fd_sc_hd__a41o_2 (0) disconnected node: VPWR
Cell sky130_fd_sc_hd__a41o_2 (0) disconnected node: X

Subcircuit pins:
Circuit 1: sky130_fd_sc_hd__a41o_2         |Circuit 2: sky130_fd_sc_hd__a41o_2         
-------------------------------------------|-------------------------------------------
A1                                         |A1                                         
A2                                         |A2                                         
A3                                         |A3                                         
A4                                         |A4                                         
B1                                         |B1                                         
VGND                                       |VGND                                       
VNB                                        |VNB                                        
VPB                                        |VPB                                        
VPWR                                       |VPWR                                       
X                                          |X                                          
---------------------------------------------------------------------------------------
Cell pin lists are equivalent.
Device classes sky130_fd_sc_hd__a41o_2 and sky130_fd_sc_hd__a41o_2 are equivalent.

Cell sky130_fd_sc_hd__or3b_2 (0) disconnected node: A
Cell sky130_fd_sc_hd__or3b_2 (0) disconnected node: B
Cell sky130_fd_sc_hd__or3b_2 (0) disconnected node: C_N
Cell sky130_fd_sc_hd__or3b_2 (0) disconnected node: VGND
Cell sky130_fd_sc_hd__or3b_2 (0) disconnected node: VNB
Cell sky130_fd_sc_hd__or3b_2 (0) disconnected node: VPB
Cell sky130_fd_sc_hd__or3b_2 (0) disconnected node: VPWR
Cell sky130_fd_sc_hd__or3b_2 (0) disconnected node: X

Subcircuit pins:
Circuit 1: sky130_fd_sc_hd__or3b_2         |Circuit 2: sky130_fd_sc_hd__or3b_2         
-------------------------------------------|-------------------------------------------
A                                          |A                                          
B                                          |B                                          
C_N                                        |C_N                                        
VGND                                       |VGND                                       
VNB                                        |VNB                                        
VPB                                        |VPB                                        
VPWR                                       |VPWR                                       
X                                          |X                                          
---------------------------------------------------------------------------------------
Cell pin lists are equivalent.
Device classes sky130_fd_sc_hd__or3b_2 and sky130_fd_sc_hd__or3b_2 are equivalent.

Cell sky130_fd_sc_hd__dfstp_2 (0) disconnected node: CLK
Cell sky130_fd_sc_hd__dfstp_2 (0) disconnected node: D
Cell sky130_fd_sc_hd__dfstp_2 (0) disconnected node: SET_B
Cell sky130_fd_sc_hd__dfstp_2 (0) disconnected node: VGND
Cell sky130_fd_sc_hd__dfstp_2 (0) disconnected node: VNB
Cell sky130_fd_sc_hd__dfstp_2 (0) disconnected node: VPB
Cell sky130_fd_sc_hd__dfstp_2 (0) disconnected node: VPWR
Cell sky130_fd_sc_hd__dfstp_2 (0) disconnected node: Q

Subcircuit pins:
Circuit 1: sky130_fd_sc_hd__dfstp_2        |Circuit 2: sky130_fd_sc_hd__dfstp_2        
-------------------------------------------|-------------------------------------------
CLK                                        |CLK                                        
D                                          |D                                          
SET_B                                      |SET_B                                      
VGND                                       |VGND                                       
VNB                                        |VNB                                        
VPB                                        |VPB                                        
VPWR                                       |VPWR                                       
Q                                          |Q                                          
---------------------------------------------------------------------------------------
Cell pin lists are equivalent.
Device classes sky130_fd_sc_hd__dfstp_2 and sky130_fd_sc_hd__dfstp_2 are equivalent.

Cell sky130_fd_sc_hd__o2bb2a_2 (0) disconnected node: A1_N
Cell sky130_fd_sc_hd__o2bb2a_2 (0) disconnected node: A2_N
Cell sky130_fd_sc_hd__o2bb2a_2 (0) disconnected node: B1
Cell sky130_fd_sc_hd__o2bb2a_2 (0) disconnected node: B2
Cell sky130_fd_sc_hd__o2bb2a_2 (0) disconnected node: VGND
Cell sky130_fd_sc_hd__o2bb2a_2 (0) disconnected node: VNB
Cell sky130_fd_sc_hd__o2bb2a_2 (0) disconnected node: VPB
Cell sky130_fd_sc_hd__o2bb2a_2 (0) disconnected node: VPWR
Cell sky130_fd_sc_hd__o2bb2a_2 (0) disconnected node: X

Subcircuit pins:
Circuit 1: sky130_fd_sc_hd__o2bb2a_2       |Circuit 2: sky130_fd_sc_hd__o2bb2a_2       
-------------------------------------------|-------------------------------------------
A1_N                                       |A1_N                                       
A2_N                                       |A2_N                                       
B1                                         |B1                                         
B2                                         |B2                                         
VGND                                       |VGND                                       
VNB                                        |VNB                                        
VPB                                        |VPB                                        
VPWR                                       |VPWR                                       
X                                          |X                                          
---------------------------------------------------------------------------------------
Cell pin lists are equivalent.
Device classes sky130_fd_sc_hd__o2bb2a_2 and sky130_fd_sc_hd__o2bb2a_2 are equivalent.

Cell sky130_fd_sc_hd__a22oi_2 (0) disconnected node: A1
Cell sky130_fd_sc_hd__a22oi_2 (0) disconnected node: A2
Cell sky130_fd_sc_hd__a22oi_2 (0) disconnected node: B1
Cell sky130_fd_sc_hd__a22oi_2 (0) disconnected node: B2
Cell sky130_fd_sc_hd__a22oi_2 (0) disconnected node: VGND
Cell sky130_fd_sc_hd__a22oi_2 (0) disconnected node: VNB
Cell sky130_fd_sc_hd__a22oi_2 (0) disconnected node: VPB
Cell sky130_fd_sc_hd__a22oi_2 (0) disconnected node: VPWR
Cell sky130_fd_sc_hd__a22oi_2 (0) disconnected node: Y

Subcircuit pins:
Circuit 1: sky130_fd_sc_hd__a22oi_2        |Circuit 2: sky130_fd_sc_hd__a22oi_2        
-------------------------------------------|-------------------------------------------
A1                                         |A1                                         
A2                                         |A2                                         
B1                                         |B1                                         
B2                                         |B2                                         
VGND                                       |VGND                                       
VNB                                        |VNB                                        
VPB                                        |VPB                                        
VPWR                                       |VPWR                                       
Y                                          |Y                                          
---------------------------------------------------------------------------------------
Cell pin lists are equivalent.
Device classes sky130_fd_sc_hd__a22oi_2 and sky130_fd_sc_hd__a22oi_2 are equivalent.

Cell sky130_fd_sc_hd__a211oi_2 (0) disconnected node: A1
Cell sky130_fd_sc_hd__a211oi_2 (0) disconnected node: A2
Cell sky130_fd_sc_hd__a211oi_2 (0) disconnected node: B1
Cell sky130_fd_sc_hd__a211oi_2 (0) disconnected node: C1
Cell sky130_fd_sc_hd__a211oi_2 (0) disconnected node: VGND
Cell sky130_fd_sc_hd__a211oi_2 (0) disconnected node: VNB
Cell sky130_fd_sc_hd__a211oi_2 (0) disconnected node: VPB
Cell sky130_fd_sc_hd__a211oi_2 (0) disconnected node: VPWR
Cell sky130_fd_sc_hd__a211oi_2 (0) disconnected node: Y

Subcircuit pins:
Circuit 1: sky130_fd_sc_hd__a211oi_2       |Circuit 2: sky130_fd_sc_hd__a211oi_2       
-------------------------------------------|-------------------------------------------
A1                                         |A1                                         
A2                                         |A2                                         
B1                                         |B1                                         
C1                                         |C1                                         
VGND                                       |VGND                                       
VNB                                        |VNB                                        
VPB                                        |VPB                                        
VPWR                                       |VPWR                                       
Y                                          |Y                                          
---------------------------------------------------------------------------------------
Cell pin lists are equivalent.
Device classes sky130_fd_sc_hd__a211oi_2 and sky130_fd_sc_hd__a211oi_2 are equivalent.

Cell sky130_fd_sc_hd__and4bb_2 (0) disconnected node: A_N
Cell sky130_fd_sc_hd__and4bb_2 (0) disconnected node: B_N
Cell sky130_fd_sc_hd__and4bb_2 (0) disconnected node: C
Cell sky130_fd_sc_hd__and4bb_2 (0) disconnected node: D
Cell sky130_fd_sc_hd__and4bb_2 (0) disconnected node: VGND
Cell sky130_fd_sc_hd__and4bb_2 (0) disconnected node: VNB
Cell sky130_fd_sc_hd__and4bb_2 (0) disconnected node: VPB
Cell sky130_fd_sc_hd__and4bb_2 (0) disconnected node: VPWR
Cell sky130_fd_sc_hd__and4bb_2 (0) disconnected node: X

Subcircuit pins:
Circuit 1: sky130_fd_sc_hd__and4bb_2       |Circuit 2: sky130_fd_sc_hd__and4bb_2       
-------------------------------------------|-------------------------------------------
A_N                                        |A_N                                        
B_N                                        |B_N                                        
C                                          |C                                          
D                                          |D                                          
VGND                                       |VGND                                       
VNB                                        |VNB                                        
VPB                                        |VPB                                        
VPWR                                       |VPWR                                       
X                                          |X                                          
---------------------------------------------------------------------------------------
Cell pin lists are equivalent.
Device classes sky130_fd_sc_hd__and4bb_2 and sky130_fd_sc_hd__and4bb_2 are equivalent.

Cell sky130_fd_sc_hd__bufinv_16 (0) disconnected node: A
Cell sky130_fd_sc_hd__bufinv_16 (0) disconnected node: VGND
Cell sky130_fd_sc_hd__bufinv_16 (0) disconnected node: VNB
Cell sky130_fd_sc_hd__bufinv_16 (0) disconnected node: VPB
Cell sky130_fd_sc_hd__bufinv_16 (0) disconnected node: VPWR
Cell sky130_fd_sc_hd__bufinv_16 (0) disconnected node: Y

Subcircuit pins:
Circuit 1: sky130_fd_sc_hd__bufinv_16      |Circuit 2: sky130_fd_sc_hd__bufinv_16      
-------------------------------------------|-------------------------------------------
A                                          |A                                          
VGND                                       |VGND                                       
VNB                                        |VNB                                        
VPB                                        |VPB                                        
VPWR                                       |VPWR                                       
Y                                          |Y                                          
---------------------------------------------------------------------------------------
Cell pin lists are equivalent.
Device classes sky130_fd_sc_hd__bufinv_16 and sky130_fd_sc_hd__bufinv_16 are equivalent.

Cell sky130_fd_sc_hd__nand3b_2 (0) disconnected node: A_N
Cell sky130_fd_sc_hd__nand3b_2 (0) disconnected node: B
Cell sky130_fd_sc_hd__nand3b_2 (0) disconnected node: C
Cell sky130_fd_sc_hd__nand3b_2 (0) disconnected node: VGND
Cell sky130_fd_sc_hd__nand3b_2 (0) disconnected node: VNB
Cell sky130_fd_sc_hd__nand3b_2 (0) disconnected node: VPB
Cell sky130_fd_sc_hd__nand3b_2 (0) disconnected node: VPWR
Cell sky130_fd_sc_hd__nand3b_2 (0) disconnected node: Y

Subcircuit pins:
Circuit 1: sky130_fd_sc_hd__nand3b_2       |Circuit 2: sky130_fd_sc_hd__nand3b_2       
-------------------------------------------|-------------------------------------------
A_N                                        |A_N                                        
B                                          |B                                          
C                                          |C                                          
VGND                                       |VGND                                       
VNB                                        |VNB                                        
VPB                                        |VPB                                        
VPWR                                       |VPWR                                       
Y                                          |Y                                          
---------------------------------------------------------------------------------------
Cell pin lists are equivalent.
Device classes sky130_fd_sc_hd__nand3b_2 and sky130_fd_sc_hd__nand3b_2 are equivalent.

Cell sky130_fd_sc_hd__nor4b_2 (0) disconnected node: A
Cell sky130_fd_sc_hd__nor4b_2 (0) disconnected node: B
Cell sky130_fd_sc_hd__nor4b_2 (0) disconnected node: C
Cell sky130_fd_sc_hd__nor4b_2 (0) disconnected node: D_N
Cell sky130_fd_sc_hd__nor4b_2 (0) disconnected node: VGND
Cell sky130_fd_sc_hd__nor4b_2 (0) disconnected node: VNB
Cell sky130_fd_sc_hd__nor4b_2 (0) disconnected node: VPB
Cell sky130_fd_sc_hd__nor4b_2 (0) disconnected node: VPWR
Cell sky130_fd_sc_hd__nor4b_2 (0) disconnected node: Y

Subcircuit pins:
Circuit 1: sky130_fd_sc_hd__nor4b_2        |Circuit 2: sky130_fd_sc_hd__nor4b_2        
-------------------------------------------|-------------------------------------------
A                                          |A                                          
B                                          |B                                          
C                                          |C                                          
D_N                                        |D_N                                        
VGND                                       |VGND                                       
VNB                                        |VNB                                        
VPB                                        |VPB                                        
VPWR                                       |VPWR                                       
Y                                          |Y                                          
---------------------------------------------------------------------------------------
Cell pin lists are equivalent.
Device classes sky130_fd_sc_hd__nor4b_2 and sky130_fd_sc_hd__nor4b_2 are equivalent.

Cell sky130_fd_sc_hd__clkinv_1 (0) disconnected node: A
Cell sky130_fd_sc_hd__clkinv_1 (0) disconnected node: VGND
Cell sky130_fd_sc_hd__clkinv_1 (0) disconnected node: VNB
Cell sky130_fd_sc_hd__clkinv_1 (0) disconnected node: VPB
Cell sky130_fd_sc_hd__clkinv_1 (0) disconnected node: VPWR
Cell sky130_fd_sc_hd__clkinv_1 (0) disconnected node: Y

Subcircuit pins:
Circuit 1: sky130_fd_sc_hd__clkinv_1       |Circuit 2: sky130_fd_sc_hd__clkinv_1       
-------------------------------------------|-------------------------------------------
A                                          |A                                          
VGND                                       |VGND                                       
VNB                                        |VNB                                        
VPB                                        |VPB                                        
VPWR                                       |VPWR                                       
Y                                          |Y                                          
---------------------------------------------------------------------------------------
Cell pin lists are equivalent.
Device classes sky130_fd_sc_hd__clkinv_1 and sky130_fd_sc_hd__clkinv_1 are equivalent.

Cell sky130_fd_sc_hd__inv_8 (0) disconnected node: A
Cell sky130_fd_sc_hd__inv_8 (0) disconnected node: VGND
Cell sky130_fd_sc_hd__inv_8 (0) disconnected node: VNB
Cell sky130_fd_sc_hd__inv_8 (0) disconnected node: VPB
Cell sky130_fd_sc_hd__inv_8 (0) disconnected node: VPWR
Cell sky130_fd_sc_hd__inv_8 (0) disconnected node: Y

Subcircuit pins:
Circuit 1: sky130_fd_sc_hd__inv_8          |Circuit 2: sky130_fd_sc_hd__inv_8          
-------------------------------------------|-------------------------------------------
A                                          |A                                          
VGND                                       |VGND                                       
VNB                                        |VNB                                        
VPB                                        |VPB                                        
VPWR                                       |VPWR                                       
Y                                          |Y                                          
---------------------------------------------------------------------------------------
Cell pin lists are equivalent.
Device classes sky130_fd_sc_hd__inv_8 and sky130_fd_sc_hd__inv_8 are equivalent.

Cell sky130_fd_sc_hd__nor4_2 (0) disconnected node: A
Cell sky130_fd_sc_hd__nor4_2 (0) disconnected node: B
Cell sky130_fd_sc_hd__nor4_2 (0) disconnected node: C
Cell sky130_fd_sc_hd__nor4_2 (0) disconnected node: D
Cell sky130_fd_sc_hd__nor4_2 (0) disconnected node: VGND
Cell sky130_fd_sc_hd__nor4_2 (0) disconnected node: VNB
Cell sky130_fd_sc_hd__nor4_2 (0) disconnected node: VPB
Cell sky130_fd_sc_hd__nor4_2 (0) disconnected node: VPWR
Cell sky130_fd_sc_hd__nor4_2 (0) disconnected node: Y

Subcircuit pins:
Circuit 1: sky130_fd_sc_hd__nor4_2         |Circuit 2: sky130_fd_sc_hd__nor4_2         
-------------------------------------------|-------------------------------------------
A                                          |A                                          
B                                          |B                                          
C                                          |C                                          
D                                          |D                                          
VGND                                       |VGND                                       
VNB                                        |VNB                                        
VPB                                        |VPB                                        
VPWR                                       |VPWR                                       
Y                                          |Y                                          
---------------------------------------------------------------------------------------
Cell pin lists are equivalent.
Device classes sky130_fd_sc_hd__nor4_2 and sky130_fd_sc_hd__nor4_2 are equivalent.

Cell sky130_fd_sc_hd__o311a_2 (0) disconnected node: A1
Cell sky130_fd_sc_hd__o311a_2 (0) disconnected node: A2
Cell sky130_fd_sc_hd__o311a_2 (0) disconnected node: A3
Cell sky130_fd_sc_hd__o311a_2 (0) disconnected node: B1
Cell sky130_fd_sc_hd__o311a_2 (0) disconnected node: C1
Cell sky130_fd_sc_hd__o311a_2 (0) disconnected node: VGND
Cell sky130_fd_sc_hd__o311a_2 (0) disconnected node: VNB
Cell sky130_fd_sc_hd__o311a_2 (0) disconnected node: VPB
Cell sky130_fd_sc_hd__o311a_2 (0) disconnected node: VPWR
Cell sky130_fd_sc_hd__o311a_2 (0) disconnected node: X

Subcircuit pins:
Circuit 1: sky130_fd_sc_hd__o311a_2        |Circuit 2: sky130_fd_sc_hd__o311a_2        
-------------------------------------------|-------------------------------------------
A1                                         |A1                                         
A2                                         |A2                                         
A3                                         |A3                                         
B1                                         |B1                                         
C1                                         |C1                                         
VGND                                       |VGND                                       
VNB                                        |VNB                                        
VPB                                        |VPB                                        
VPWR                                       |VPWR                                       
X                                          |X                                          
---------------------------------------------------------------------------------------
Cell pin lists are equivalent.
Device classes sky130_fd_sc_hd__o311a_2 and sky130_fd_sc_hd__o311a_2 are equivalent.

Cell sky130_fd_sc_hd__a2111oi_2 (0) disconnected node: A1
Cell sky130_fd_sc_hd__a2111oi_2 (0) disconnected node: A2
Cell sky130_fd_sc_hd__a2111oi_2 (0) disconnected node: B1
Cell sky130_fd_sc_hd__a2111oi_2 (0) disconnected node: C1
Cell sky130_fd_sc_hd__a2111oi_2 (0) disconnected node: D1
Cell sky130_fd_sc_hd__a2111oi_2 (0) disconnected node: VGND
Cell sky130_fd_sc_hd__a2111oi_2 (0) disconnected node: VNB
Cell sky130_fd_sc_hd__a2111oi_2 (0) disconnected node: VPB
Cell sky130_fd_sc_hd__a2111oi_2 (0) disconnected node: VPWR
Cell sky130_fd_sc_hd__a2111oi_2 (0) disconnected node: Y

Subcircuit pins:
Circuit 1: sky130_fd_sc_hd__a2111oi_2      |Circuit 2: sky130_fd_sc_hd__a2111oi_2      
-------------------------------------------|-------------------------------------------
A1                                         |A1                                         
A2                                         |A2                                         
B1                                         |B1                                         
C1                                         |C1                                         
D1                                         |D1                                         
VGND                                       |VGND                                       
VNB                                        |VNB                                        
VPB                                        |VPB                                        
VPWR                                       |VPWR                                       
Y                                          |Y                                          
---------------------------------------------------------------------------------------
Cell pin lists are equivalent.
Device classes sky130_fd_sc_hd__a2111oi_2 and sky130_fd_sc_hd__a2111oi_2 are equivalent.

Cell sky130_fd_sc_hd__clkbuf_16 (0) disconnected node: A
Cell sky130_fd_sc_hd__clkbuf_16 (0) disconnected node: VGND
Cell sky130_fd_sc_hd__clkbuf_16 (0) disconnected node: VNB
Cell sky130_fd_sc_hd__clkbuf_16 (0) disconnected node: VPB
Cell sky130_fd_sc_hd__clkbuf_16 (0) disconnected node: VPWR
Cell sky130_fd_sc_hd__clkbuf_16 (0) disconnected node: X

Subcircuit pins:
Circuit 1: sky130_fd_sc_hd__clkbuf_16      |Circuit 2: sky130_fd_sc_hd__clkbuf_16      
-------------------------------------------|-------------------------------------------
A                                          |A                                          
VGND                                       |VGND                                       
VNB                                        |VNB                                        
VPB                                        |VPB                                        
VPWR                                       |VPWR                                       
X                                          |X                                          
---------------------------------------------------------------------------------------
Cell pin lists are equivalent.
Device classes sky130_fd_sc_hd__clkbuf_16 and sky130_fd_sc_hd__clkbuf_16 are equivalent.

Cell sky130_fd_sc_hd__clkinv_8 (0) disconnected node: A
Cell sky130_fd_sc_hd__clkinv_8 (0) disconnected node: VGND
Cell sky130_fd_sc_hd__clkinv_8 (0) disconnected node: VNB
Cell sky130_fd_sc_hd__clkinv_8 (0) disconnected node: VPB
Cell sky130_fd_sc_hd__clkinv_8 (0) disconnected node: VPWR
Cell sky130_fd_sc_hd__clkinv_8 (0) disconnected node: Y

Subcircuit pins:
Circuit 1: sky130_fd_sc_hd__clkinv_8       |Circuit 2: sky130_fd_sc_hd__clkinv_8       
-------------------------------------------|-------------------------------------------
A                                          |A                                          
VGND                                       |VGND                                       
VNB                                        |VNB                                        
VPB                                        |VPB                                        
VPWR                                       |VPWR                                       
Y                                          |Y                                          
---------------------------------------------------------------------------------------
Cell pin lists are equivalent.
Device classes sky130_fd_sc_hd__clkinv_8 and sky130_fd_sc_hd__clkinv_8 are equivalent.

Cell sky130_fd_sc_hd__clkinvlp_4 (0) disconnected node: A
Cell sky130_fd_sc_hd__clkinvlp_4 (0) disconnected node: VGND
Cell sky130_fd_sc_hd__clkinvlp_4 (0) disconnected node: VNB
Cell sky130_fd_sc_hd__clkinvlp_4 (0) disconnected node: VPB
Cell sky130_fd_sc_hd__clkinvlp_4 (0) disconnected node: VPWR
Cell sky130_fd_sc_hd__clkinvlp_4 (0) disconnected node: Y

Subcircuit pins:
Circuit 1: sky130_fd_sc_hd__clkinvlp_4     |Circuit 2: sky130_fd_sc_hd__clkinvlp_4     
-------------------------------------------|-------------------------------------------
A                                          |A                                          
VGND                                       |VGND                                       
VNB                                        |VNB                                        
VPB                                        |VPB                                        
VPWR                                       |VPWR                                       
Y                                          |Y                                          
---------------------------------------------------------------------------------------
Cell pin lists are equivalent.
Device classes sky130_fd_sc_hd__clkinvlp_4 and sky130_fd_sc_hd__clkinvlp_4 are equivalent.

Cell sky130_fd_sc_hd__o31ai_2 (0) disconnected node: A1
Cell sky130_fd_sc_hd__o31ai_2 (0) disconnected node: A2
Cell sky130_fd_sc_hd__o31ai_2 (0) disconnected node: A3
Cell sky130_fd_sc_hd__o31ai_2 (0) disconnected node: B1
Cell sky130_fd_sc_hd__o31ai_2 (0) disconnected node: VGND
Cell sky130_fd_sc_hd__o31ai_2 (0) disconnected node: VNB
Cell sky130_fd_sc_hd__o31ai_2 (0) disconnected node: VPB
Cell sky130_fd_sc_hd__o31ai_2 (0) disconnected node: VPWR
Cell sky130_fd_sc_hd__o31ai_2 (0) disconnected node: Y

Subcircuit pins:
Circuit 1: sky130_fd_sc_hd__o31ai_2        |Circuit 2: sky130_fd_sc_hd__o31ai_2        
-------------------------------------------|-------------------------------------------
A1                                         |A1                                         
A2                                         |A2                                         
A3                                         |A3                                         
B1                                         |B1                                         
VGND                                       |VGND                                       
VNB                                        |VNB                                        
VPB                                        |VPB                                        
VPWR                                       |VPWR                                       
Y                                          |Y                                          
---------------------------------------------------------------------------------------
Cell pin lists are equivalent.
Device classes sky130_fd_sc_hd__o31ai_2 and sky130_fd_sc_hd__o31ai_2 are equivalent.

Cell sky130_fd_sc_hd__o32ai_2 (0) disconnected node: A1
Cell sky130_fd_sc_hd__o32ai_2 (0) disconnected node: A2
Cell sky130_fd_sc_hd__o32ai_2 (0) disconnected node: A3
Cell sky130_fd_sc_hd__o32ai_2 (0) disconnected node: B1
Cell sky130_fd_sc_hd__o32ai_2 (0) disconnected node: B2
Cell sky130_fd_sc_hd__o32ai_2 (0) disconnected node: VGND
Cell sky130_fd_sc_hd__o32ai_2 (0) disconnected node: VNB
Cell sky130_fd_sc_hd__o32ai_2 (0) disconnected node: VPB
Cell sky130_fd_sc_hd__o32ai_2 (0) disconnected node: VPWR
Cell sky130_fd_sc_hd__o32ai_2 (0) disconnected node: Y

Subcircuit pins:
Circuit 1: sky130_fd_sc_hd__o32ai_2        |Circuit 2: sky130_fd_sc_hd__o32ai_2        
-------------------------------------------|-------------------------------------------
A1                                         |A1                                         
A2                                         |A2                                         
A3                                         |A3                                         
B1                                         |B1                                         
B2                                         |B2                                         
VGND                                       |VGND                                       
VNB                                        |VNB                                        
VPB                                        |VPB                                        
VPWR                                       |VPWR                                       
Y                                          |Y                                          
---------------------------------------------------------------------------------------
Cell pin lists are equivalent.
Device classes sky130_fd_sc_hd__o32ai_2 and sky130_fd_sc_hd__o32ai_2 are equivalent.

Cell sky130_fd_sc_hd__inv_12 (0) disconnected node: A
Cell sky130_fd_sc_hd__inv_12 (0) disconnected node: VGND
Cell sky130_fd_sc_hd__inv_12 (0) disconnected node: VNB
Cell sky130_fd_sc_hd__inv_12 (0) disconnected node: VPB
Cell sky130_fd_sc_hd__inv_12 (0) disconnected node: VPWR
Cell sky130_fd_sc_hd__inv_12 (0) disconnected node: Y

Subcircuit pins:
Circuit 1: sky130_fd_sc_hd__inv_12         |Circuit 2: sky130_fd_sc_hd__inv_12         
-------------------------------------------|-------------------------------------------
A                                          |A                                          
VGND                                       |VGND                                       
VNB                                        |VNB                                        
VPB                                        |VPB                                        
VPWR                                       |VPWR                                       
Y                                          |Y                                          
---------------------------------------------------------------------------------------
Cell pin lists are equivalent.
Device classes sky130_fd_sc_hd__inv_12 and sky130_fd_sc_hd__inv_12 are equivalent.

Cell sky130_fd_sc_hd__o2111a_2 (0) disconnected node: A1
Cell sky130_fd_sc_hd__o2111a_2 (0) disconnected node: A2
Cell sky130_fd_sc_hd__o2111a_2 (0) disconnected node: B1
Cell sky130_fd_sc_hd__o2111a_2 (0) disconnected node: C1
Cell sky130_fd_sc_hd__o2111a_2 (0) disconnected node: D1
Cell sky130_fd_sc_hd__o2111a_2 (0) disconnected node: VGND
Cell sky130_fd_sc_hd__o2111a_2 (0) disconnected node: VNB
Cell sky130_fd_sc_hd__o2111a_2 (0) disconnected node: VPB
Cell sky130_fd_sc_hd__o2111a_2 (0) disconnected node: VPWR
Cell sky130_fd_sc_hd__o2111a_2 (0) disconnected node: X

Subcircuit pins:
Circuit 1: sky130_fd_sc_hd__o2111a_2       |Circuit 2: sky130_fd_sc_hd__o2111a_2       
-------------------------------------------|-------------------------------------------
A1                                         |A1                                         
A2                                         |A2                                         
B1                                         |B1                                         
C1                                         |C1                                         
D1                                         |D1                                         
VGND                                       |VGND                                       
VNB                                        |VNB                                        
VPB                                        |VPB                                        
VPWR                                       |VPWR                                       
X                                          |X                                          
---------------------------------------------------------------------------------------
Cell pin lists are equivalent.
Device classes sky130_fd_sc_hd__o2111a_2 and sky130_fd_sc_hd__o2111a_2 are equivalent.

Cell sky130_fd_sc_hd__o211ai_2 (0) disconnected node: A1
Cell sky130_fd_sc_hd__o211ai_2 (0) disconnected node: A2
Cell sky130_fd_sc_hd__o211ai_2 (0) disconnected node: B1
Cell sky130_fd_sc_hd__o211ai_2 (0) disconnected node: C1
Cell sky130_fd_sc_hd__o211ai_2 (0) disconnected node: VGND
Cell sky130_fd_sc_hd__o211ai_2 (0) disconnected node: VNB
Cell sky130_fd_sc_hd__o211ai_2 (0) disconnected node: VPB
Cell sky130_fd_sc_hd__o211ai_2 (0) disconnected node: VPWR
Cell sky130_fd_sc_hd__o211ai_2 (0) disconnected node: Y

Subcircuit pins:
Circuit 1: sky130_fd_sc_hd__o211ai_2       |Circuit 2: sky130_fd_sc_hd__o211ai_2       
-------------------------------------------|-------------------------------------------
A1                                         |A1                                         
A2                                         |A2                                         
B1                                         |B1                                         
C1                                         |C1                                         
VGND                                       |VGND                                       
VNB                                        |VNB                                        
VPB                                        |VPB                                        
VPWR                                       |VPWR                                       
Y                                          |Y                                          
---------------------------------------------------------------------------------------
Cell pin lists are equivalent.
Device classes sky130_fd_sc_hd__o211ai_2 and sky130_fd_sc_hd__o211ai_2 are equivalent.

Cell sky130_fd_sc_hd__inv_6 (0) disconnected node: A
Cell sky130_fd_sc_hd__inv_6 (0) disconnected node: VGND
Cell sky130_fd_sc_hd__inv_6 (0) disconnected node: VNB
Cell sky130_fd_sc_hd__inv_6 (0) disconnected node: VPB
Cell sky130_fd_sc_hd__inv_6 (0) disconnected node: VPWR
Cell sky130_fd_sc_hd__inv_6 (0) disconnected node: Y

Subcircuit pins:
Circuit 1: sky130_fd_sc_hd__inv_6          |Circuit 2: sky130_fd_sc_hd__inv_6          
-------------------------------------------|-------------------------------------------
A                                          |A                                          
VGND                                       |VGND                                       
VNB                                        |VNB                                        
VPB                                        |VPB                                        
VPWR                                       |VPWR                                       
Y                                          |Y                                          
---------------------------------------------------------------------------------------
Cell pin lists are equivalent.
Device classes sky130_fd_sc_hd__inv_6 and sky130_fd_sc_hd__inv_6 are equivalent.

Cell sky130_fd_sc_hd__o21bai_2 (0) disconnected node: A1
Cell sky130_fd_sc_hd__o21bai_2 (0) disconnected node: A2
Cell sky130_fd_sc_hd__o21bai_2 (0) disconnected node: B1_N
Cell sky130_fd_sc_hd__o21bai_2 (0) disconnected node: VGND
Cell sky130_fd_sc_hd__o21bai_2 (0) disconnected node: VNB
Cell sky130_fd_sc_hd__o21bai_2 (0) disconnected node: VPB
Cell sky130_fd_sc_hd__o21bai_2 (0) disconnected node: VPWR
Cell sky130_fd_sc_hd__o21bai_2 (0) disconnected node: Y

Subcircuit pins:
Circuit 1: sky130_fd_sc_hd__o21bai_2       |Circuit 2: sky130_fd_sc_hd__o21bai_2       
-------------------------------------------|-------------------------------------------
A1                                         |A1                                         
A2                                         |A2                                         
B1_N                                       |B1_N                                       
VGND                                       |VGND                                       
VNB                                        |VNB                                        
VPB                                        |VPB                                        
VPWR                                       |VPWR                                       
Y                                          |Y                                          
---------------------------------------------------------------------------------------
Cell pin lists are equivalent.
Device classes sky130_fd_sc_hd__o21bai_2 and sky130_fd_sc_hd__o21bai_2 are equivalent.

Cell sky130_fd_sc_hd__or4bb_2 (0) disconnected node: A
Cell sky130_fd_sc_hd__or4bb_2 (0) disconnected node: B
Cell sky130_fd_sc_hd__or4bb_2 (0) disconnected node: C_N
Cell sky130_fd_sc_hd__or4bb_2 (0) disconnected node: D_N
Cell sky130_fd_sc_hd__or4bb_2 (0) disconnected node: VGND
Cell sky130_fd_sc_hd__or4bb_2 (0) disconnected node: VNB
Cell sky130_fd_sc_hd__or4bb_2 (0) disconnected node: VPB
Cell sky130_fd_sc_hd__or4bb_2 (0) disconnected node: VPWR
Cell sky130_fd_sc_hd__or4bb_2 (0) disconnected node: X

Subcircuit pins:
Circuit 1: sky130_fd_sc_hd__or4bb_2        |Circuit 2: sky130_fd_sc_hd__or4bb_2        
-------------------------------------------|-------------------------------------------
A                                          |A                                          
B                                          |B                                          
C_N                                        |C_N                                        
D_N                                        |D_N                                        
VGND                                       |VGND                                       
VNB                                        |VNB                                        
VPB                                        |VPB                                        
VPWR                                       |VPWR                                       
X                                          |X                                          
---------------------------------------------------------------------------------------
Cell pin lists are equivalent.
Device classes sky130_fd_sc_hd__or4bb_2 and sky130_fd_sc_hd__or4bb_2 are equivalent.

Cell sky130_fd_sc_hd__o311ai_2 (0) disconnected node: A1
Cell sky130_fd_sc_hd__o311ai_2 (0) disconnected node: A2
Cell sky130_fd_sc_hd__o311ai_2 (0) disconnected node: A3
Cell sky130_fd_sc_hd__o311ai_2 (0) disconnected node: B1
Cell sky130_fd_sc_hd__o311ai_2 (0) disconnected node: C1
Cell sky130_fd_sc_hd__o311ai_2 (0) disconnected node: VGND
Cell sky130_fd_sc_hd__o311ai_2 (0) disconnected node: VNB
Cell sky130_fd_sc_hd__o311ai_2 (0) disconnected node: VPB
Cell sky130_fd_sc_hd__o311ai_2 (0) disconnected node: VPWR
Cell sky130_fd_sc_hd__o311ai_2 (0) disconnected node: Y

Subcircuit pins:
Circuit 1: sky130_fd_sc_hd__o311ai_2       |Circuit 2: sky130_fd_sc_hd__o311ai_2       
-------------------------------------------|-------------------------------------------
A1                                         |A1                                         
A2                                         |A2                                         
A3                                         |A3                                         
B1                                         |B1                                         
C1                                         |C1                                         
VGND                                       |VGND                                       
VNB                                        |VNB                                        
VPB                                        |VPB                                        
VPWR                                       |VPWR                                       
Y                                          |Y                                          
---------------------------------------------------------------------------------------
Cell pin lists are equivalent.
Device classes sky130_fd_sc_hd__o311ai_2 and sky130_fd_sc_hd__o311ai_2 are equivalent.

Cell sky130_fd_sc_hd__nor3b_2 (0) disconnected node: A
Cell sky130_fd_sc_hd__nor3b_2 (0) disconnected node: B
Cell sky130_fd_sc_hd__nor3b_2 (0) disconnected node: C_N
Cell sky130_fd_sc_hd__nor3b_2 (0) disconnected node: VGND
Cell sky130_fd_sc_hd__nor3b_2 (0) disconnected node: VNB
Cell sky130_fd_sc_hd__nor3b_2 (0) disconnected node: VPB
Cell sky130_fd_sc_hd__nor3b_2 (0) disconnected node: VPWR
Cell sky130_fd_sc_hd__nor3b_2 (0) disconnected node: Y

Subcircuit pins:
Circuit 1: sky130_fd_sc_hd__nor3b_2        |Circuit 2: sky130_fd_sc_hd__nor3b_2        
-------------------------------------------|-------------------------------------------
A                                          |A                                          
B                                          |B                                          
C_N                                        |C_N                                        
VGND                                       |VGND                                       
VNB                                        |VNB                                        
VPB                                        |VPB                                        
VPWR                                       |VPWR                                       
Y                                          |Y                                          
---------------------------------------------------------------------------------------
Cell pin lists are equivalent.
Device classes sky130_fd_sc_hd__nor3b_2 and sky130_fd_sc_hd__nor3b_2 are equivalent.

Cell sky130_fd_sc_hd__nand4_2 (0) disconnected node: A
Cell sky130_fd_sc_hd__nand4_2 (0) disconnected node: B
Cell sky130_fd_sc_hd__nand4_2 (0) disconnected node: C
Cell sky130_fd_sc_hd__nand4_2 (0) disconnected node: D
Cell sky130_fd_sc_hd__nand4_2 (0) disconnected node: VGND
Cell sky130_fd_sc_hd__nand4_2 (0) disconnected node: VNB
Cell sky130_fd_sc_hd__nand4_2 (0) disconnected node: VPB
Cell sky130_fd_sc_hd__nand4_2 (0) disconnected node: VPWR
Cell sky130_fd_sc_hd__nand4_2 (0) disconnected node: Y

Subcircuit pins:
Circuit 1: sky130_fd_sc_hd__nand4_2        |Circuit 2: sky130_fd_sc_hd__nand4_2        
-------------------------------------------|-------------------------------------------
A                                          |A                                          
B                                          |B                                          
C                                          |C                                          
D                                          |D                                          
VGND                                       |VGND                                       
VNB                                        |VNB                                        
VPB                                        |VPB                                        
VPWR                                       |VPWR                                       
Y                                          |Y                                          
---------------------------------------------------------------------------------------
Cell pin lists are equivalent.
Device classes sky130_fd_sc_hd__nand4_2 and sky130_fd_sc_hd__nand4_2 are equivalent.

Cell sky130_fd_sc_hd__inv_16 (0) disconnected node: A
Cell sky130_fd_sc_hd__inv_16 (0) disconnected node: VGND
Cell sky130_fd_sc_hd__inv_16 (0) disconnected node: VNB
Cell sky130_fd_sc_hd__inv_16 (0) disconnected node: VPB
Cell sky130_fd_sc_hd__inv_16 (0) disconnected node: VPWR
Cell sky130_fd_sc_hd__inv_16 (0) disconnected node: Y

Subcircuit pins:
Circuit 1: sky130_fd_sc_hd__inv_16         |Circuit 2: sky130_fd_sc_hd__inv_16         
-------------------------------------------|-------------------------------------------
A                                          |A                                          
VGND                                       |VGND                                       
VNB                                        |VNB                                        
VPB                                        |VPB                                        
VPWR                                       |VPWR                                       
Y                                          |Y                                          
---------------------------------------------------------------------------------------
Cell pin lists are equivalent.
Device classes sky130_fd_sc_hd__inv_16 and sky130_fd_sc_hd__inv_16 are equivalent.

Cell sky130_fd_sc_hd__o2bb2ai_2 (0) disconnected node: A1_N
Cell sky130_fd_sc_hd__o2bb2ai_2 (0) disconnected node: A2_N
Cell sky130_fd_sc_hd__o2bb2ai_2 (0) disconnected node: B1
Cell sky130_fd_sc_hd__o2bb2ai_2 (0) disconnected node: B2
Cell sky130_fd_sc_hd__o2bb2ai_2 (0) disconnected node: VGND
Cell sky130_fd_sc_hd__o2bb2ai_2 (0) disconnected node: VNB
Cell sky130_fd_sc_hd__o2bb2ai_2 (0) disconnected node: VPB
Cell sky130_fd_sc_hd__o2bb2ai_2 (0) disconnected node: VPWR
Cell sky130_fd_sc_hd__o2bb2ai_2 (0) disconnected node: Y

Subcircuit pins:
Circuit 1: sky130_fd_sc_hd__o2bb2ai_2      |Circuit 2: sky130_fd_sc_hd__o2bb2ai_2      
-------------------------------------------|-------------------------------------------
A1_N                                       |A1_N                                       
A2_N                                       |A2_N                                       
B1                                         |B1                                         
B2                                         |B2                                         
VGND                                       |VGND                                       
VNB                                        |VNB                                        
VPB                                        |VPB                                        
VPWR                                       |VPWR                                       
Y                                          |Y                                          
---------------------------------------------------------------------------------------
Cell pin lists are equivalent.
Device classes sky130_fd_sc_hd__o2bb2ai_2 and sky130_fd_sc_hd__o2bb2ai_2 are equivalent.

Cell sky130_sram_1kbyte_1rw1r_32x256_8 (0) disconnected node: din0[0]
Cell sky130_sram_1kbyte_1rw1r_32x256_8 (0) disconnected node: din0[1]
Cell sky130_sram_1kbyte_1rw1r_32x256_8 (0) disconnected node: din0[2]
Cell sky130_sram_1kbyte_1rw1r_32x256_8 (0) disconnected node: din0[3]
Cell sky130_sram_1kbyte_1rw1r_32x256_8 (0) disconnected node: din0[4]
Cell sky130_sram_1kbyte_1rw1r_32x256_8 (0) disconnected node: din0[5]
Cell sky130_sram_1kbyte_1rw1r_32x256_8 (0) disconnected node: din0[6]
Cell sky130_sram_1kbyte_1rw1r_32x256_8 (0) disconnected node: din0[7]
Cell sky130_sram_1kbyte_1rw1r_32x256_8 (0) disconnected node: din0[8]
Cell sky130_sram_1kbyte_1rw1r_32x256_8 (0) disconnected node: din0[9]
Cell sky130_sram_1kbyte_1rw1r_32x256_8 (0) disconnected node: din0[10]
Cell sky130_sram_1kbyte_1rw1r_32x256_8 (0) disconnected node: din0[11]
Cell sky130_sram_1kbyte_1rw1r_32x256_8 (0) disconnected node: din0[12]
Cell sky130_sram_1kbyte_1rw1r_32x256_8 (0) disconnected node: din0[13]
Cell sky130_sram_1kbyte_1rw1r_32x256_8 (0) disconnected node: din0[14]
Cell sky130_sram_1kbyte_1rw1r_32x256_8 (0) disconnected node: din0[15]
Cell sky130_sram_1kbyte_1rw1r_32x256_8 (0) disconnected node: din0[16]
Cell sky130_sram_1kbyte_1rw1r_32x256_8 (0) disconnected node: din0[17]
Cell sky130_sram_1kbyte_1rw1r_32x256_8 (0) disconnected node: din0[18]
Cell sky130_sram_1kbyte_1rw1r_32x256_8 (0) disconnected node: din0[19]
Cell sky130_sram_1kbyte_1rw1r_32x256_8 (0) disconnected node: din0[20]
Cell sky130_sram_1kbyte_1rw1r_32x256_8 (0) disconnected node: din0[21]
Cell sky130_sram_1kbyte_1rw1r_32x256_8 (0) disconnected node: din0[22]
Cell sky130_sram_1kbyte_1rw1r_32x256_8 (0) disconnected node: din0[23]
Cell sky130_sram_1kbyte_1rw1r_32x256_8 (0) disconnected node: din0[24]
Cell sky130_sram_1kbyte_1rw1r_32x256_8 (0) disconnected node: din0[25]
Cell sky130_sram_1kbyte_1rw1r_32x256_8 (0) disconnected node: din0[26]
Cell sky130_sram_1kbyte_1rw1r_32x256_8 (0) disconnected node: din0[27]
Cell sky130_sram_1kbyte_1rw1r_32x256_8 (0) disconnected node: din0[28]
Cell sky130_sram_1kbyte_1rw1r_32x256_8 (0) disconnected node: din0[29]
Cell sky130_sram_1kbyte_1rw1r_32x256_8 (0) disconnected node: din0[30]
Cell sky130_sram_1kbyte_1rw1r_32x256_8 (0) disconnected node: din0[31]
Cell sky130_sram_1kbyte_1rw1r_32x256_8 (0) disconnected node: addr0[0]
Cell sky130_sram_1kbyte_1rw1r_32x256_8 (0) disconnected node: addr0[1]
Cell sky130_sram_1kbyte_1rw1r_32x256_8 (0) disconnected node: addr0[2]
Cell sky130_sram_1kbyte_1rw1r_32x256_8 (0) disconnected node: addr0[3]
Cell sky130_sram_1kbyte_1rw1r_32x256_8 (0) disconnected node: addr0[4]
Cell sky130_sram_1kbyte_1rw1r_32x256_8 (0) disconnected node: addr0[5]
Cell sky130_sram_1kbyte_1rw1r_32x256_8 (0) disconnected node: addr0[6]
Cell sky130_sram_1kbyte_1rw1r_32x256_8 (0) disconnected node: addr0[7]
Cell sky130_sram_1kbyte_1rw1r_32x256_8 (0) disconnected node: addr1[0]
Cell sky130_sram_1kbyte_1rw1r_32x256_8 (0) disconnected node: addr1[1]
Cell sky130_sram_1kbyte_1rw1r_32x256_8 (0) disconnected node: addr1[2]
Cell sky130_sram_1kbyte_1rw1r_32x256_8 (0) disconnected node: addr1[3]
Cell sky130_sram_1kbyte_1rw1r_32x256_8 (0) disconnected node: addr1[4]
Cell sky130_sram_1kbyte_1rw1r_32x256_8 (0) disconnected node: addr1[5]
Cell sky130_sram_1kbyte_1rw1r_32x256_8 (0) disconnected node: addr1[6]
Cell sky130_sram_1kbyte_1rw1r_32x256_8 (0) disconnected node: addr1[7]
Cell sky130_sram_1kbyte_1rw1r_32x256_8 (0) disconnected node: csb0
Cell sky130_sram_1kbyte_1rw1r_32x256_8 (0) disconnected node: csb1
Cell sky130_sram_1kbyte_1rw1r_32x256_8 (0) disconnected node: web0
Cell sky130_sram_1kbyte_1rw1r_32x256_8 (0) disconnected node: clk0
Cell sky130_sram_1kbyte_1rw1r_32x256_8 (0) disconnected node: clk1
Cell sky130_sram_1kbyte_1rw1r_32x256_8 (0) disconnected node: wmask0[0]
Cell sky130_sram_1kbyte_1rw1r_32x256_8 (0) disconnected node: wmask0[1]
Cell sky130_sram_1kbyte_1rw1r_32x256_8 (0) disconnected node: wmask0[2]
Cell sky130_sram_1kbyte_1rw1r_32x256_8 (0) disconnected node: wmask0[3]
Cell sky130_sram_1kbyte_1rw1r_32x256_8 (0) disconnected node: dout0[0]
Cell sky130_sram_1kbyte_1rw1r_32x256_8 (0) disconnected node: dout0[1]
Cell sky130_sram_1kbyte_1rw1r_32x256_8 (0) disconnected node: dout0[2]
Cell sky130_sram_1kbyte_1rw1r_32x256_8 (0) disconnected node: dout0[3]
Cell sky130_sram_1kbyte_1rw1r_32x256_8 (0) disconnected node: dout0[4]
Cell sky130_sram_1kbyte_1rw1r_32x256_8 (0) disconnected node: dout0[5]
Cell sky130_sram_1kbyte_1rw1r_32x256_8 (0) disconnected node: dout0[6]
Cell sky130_sram_1kbyte_1rw1r_32x256_8 (0) disconnected node: dout0[7]
Cell sky130_sram_1kbyte_1rw1r_32x256_8 (0) disconnected node: dout0[8]
Cell sky130_sram_1kbyte_1rw1r_32x256_8 (0) disconnected node: dout0[9]
Cell sky130_sram_1kbyte_1rw1r_32x256_8 (0) disconnected node: dout0[10]
Cell sky130_sram_1kbyte_1rw1r_32x256_8 (0) disconnected node: dout0[11]
Cell sky130_sram_1kbyte_1rw1r_32x256_8 (0) disconnected node: dout0[12]
Cell sky130_sram_1kbyte_1rw1r_32x256_8 (0) disconnected node: dout0[13]
Cell sky130_sram_1kbyte_1rw1r_32x256_8 (0) disconnected node: dout0[14]
Cell sky130_sram_1kbyte_1rw1r_32x256_8 (0) disconnected node: dout0[15]
Cell sky130_sram_1kbyte_1rw1r_32x256_8 (0) disconnected node: dout0[16]
Cell sky130_sram_1kbyte_1rw1r_32x256_8 (0) disconnected node: dout0[17]
Cell sky130_sram_1kbyte_1rw1r_32x256_8 (0) disconnected node: dout0[18]
Cell sky130_sram_1kbyte_1rw1r_32x256_8 (0) disconnected node: dout0[19]
Cell sky130_sram_1kbyte_1rw1r_32x256_8 (0) disconnected node: dout0[20]
Cell sky130_sram_1kbyte_1rw1r_32x256_8 (0) disconnected node: dout0[21]
Cell sky130_sram_1kbyte_1rw1r_32x256_8 (0) disconnected node: dout0[22]
Cell sky130_sram_1kbyte_1rw1r_32x256_8 (0) disconnected node: dout0[23]
Cell sky130_sram_1kbyte_1rw1r_32x256_8 (0) disconnected node: dout0[24]
Cell sky130_sram_1kbyte_1rw1r_32x256_8 (0) disconnected node: dout0[25]
Cell sky130_sram_1kbyte_1rw1r_32x256_8 (0) disconnected node: dout0[26]
Cell sky130_sram_1kbyte_1rw1r_32x256_8 (0) disconnected node: dout0[27]
Cell sky130_sram_1kbyte_1rw1r_32x256_8 (0) disconnected node: dout0[28]
Cell sky130_sram_1kbyte_1rw1r_32x256_8 (0) disconnected node: dout0[29]
Cell sky130_sram_1kbyte_1rw1r_32x256_8 (0) disconnected node: dout0[30]
Cell sky130_sram_1kbyte_1rw1r_32x256_8 (0) disconnected node: dout0[31]
Cell sky130_sram_1kbyte_1rw1r_32x256_8 (0) disconnected node: dout1[0]
Cell sky130_sram_1kbyte_1rw1r_32x256_8 (0) disconnected node: dout1[1]
Cell sky130_sram_1kbyte_1rw1r_32x256_8 (0) disconnected node: dout1[2]
Cell sky130_sram_1kbyte_1rw1r_32x256_8 (0) disconnected node: dout1[3]
Cell sky130_sram_1kbyte_1rw1r_32x256_8 (0) disconnected node: dout1[4]
Cell sky130_sram_1kbyte_1rw1r_32x256_8 (0) disconnected node: dout1[5]
Cell sky130_sram_1kbyte_1rw1r_32x256_8 (0) disconnected node: dout1[6]
Cell sky130_sram_1kbyte_1rw1r_32x256_8 (0) disconnected node: dout1[7]
Cell sky130_sram_1kbyte_1rw1r_32x256_8 (0) disconnected node: dout1[8]
Cell sky130_sram_1kbyte_1rw1r_32x256_8 (0) disconnected node: dout1[9]
Cell sky130_sram_1kbyte_1rw1r_32x256_8 (0) disconnected node: dout1[10]
Cell sky130_sram_1kbyte_1rw1r_32x256_8 (0) disconnected node: dout1[11]
Cell sky130_sram_1kbyte_1rw1r_32x256_8 (0) disconnected node: dout1[12]
Cell sky130_sram_1kbyte_1rw1r_32x256_8 (0) disconnected node: dout1[13]
Cell sky130_sram_1kbyte_1rw1r_32x256_8 (0) disconnected node: dout1[14]
Cell sky130_sram_1kbyte_1rw1r_32x256_8 (0) disconnected node: dout1[15]
Cell sky130_sram_1kbyte_1rw1r_32x256_8 (0) disconnected node: dout1[16]
Cell sky130_sram_1kbyte_1rw1r_32x256_8 (0) disconnected node: dout1[17]
Cell sky130_sram_1kbyte_1rw1r_32x256_8 (0) disconnected node: dout1[18]
Cell sky130_sram_1kbyte_1rw1r_32x256_8 (0) disconnected node: dout1[19]
Cell sky130_sram_1kbyte_1rw1r_32x256_8 (0) disconnected node: dout1[20]
Cell sky130_sram_1kbyte_1rw1r_32x256_8 (0) disconnected node: dout1[21]
Cell sky130_sram_1kbyte_1rw1r_32x256_8 (0) disconnected node: dout1[22]
Cell sky130_sram_1kbyte_1rw1r_32x256_8 (0) disconnected node: dout1[23]
Cell sky130_sram_1kbyte_1rw1r_32x256_8 (0) disconnected node: dout1[24]
Cell sky130_sram_1kbyte_1rw1r_32x256_8 (0) disconnected node: dout1[25]
Cell sky130_sram_1kbyte_1rw1r_32x256_8 (0) disconnected node: dout1[26]
Cell sky130_sram_1kbyte_1rw1r_32x256_8 (0) disconnected node: dout1[27]
Cell sky130_sram_1kbyte_1rw1r_32x256_8 (0) disconnected node: dout1[28]
Cell sky130_sram_1kbyte_1rw1r_32x256_8 (0) disconnected node: dout1[29]
Cell sky130_sram_1kbyte_1rw1r_32x256_8 (0) disconnected node: dout1[30]
Cell sky130_sram_1kbyte_1rw1r_32x256_8 (0) disconnected node: dout1[31]
Cell sky130_sram_1kbyte_1rw1r_32x256_8 (0) disconnected node: vccd1
Cell sky130_sram_1kbyte_1rw1r_32x256_8 (0) disconnected node: vssd1

Subcircuit pins:
Circuit 1: sky130_sram_1kbyte_1rw1r_32x256 |Circuit 2: sky130_sram_1kbyte_1rw1r_32x256 
-------------------------------------------|-------------------------------------------
din0[0]                                    |din0[0]                                    
din0[1]                                    |din0[1]                                    
din0[2]                                    |din0[2]                                    
din0[3]                                    |din0[3]                                    
din0[4]                                    |din0[4]                                    
din0[5]                                    |din0[5]                                    
din0[6]                                    |din0[6]                                    
din0[7]                                    |din0[7]                                    
din0[8]                                    |din0[8]                                    
din0[9]                                    |din0[9]                                    
din0[10]                                   |din0[10]                                   
din0[11]                                   |din0[11]                                   
din0[12]                                   |din0[12]                                   
din0[13]                                   |din0[13]                                   
din0[14]                                   |din0[14]                                   
din0[15]                                   |din0[15]                                   
din0[16]                                   |din0[16]                                   
din0[17]                                   |din0[17]                                   
din0[18]                                   |din0[18]                                   
din0[19]                                   |din0[19]                                   
din0[20]                                   |din0[20]                                   
din0[21]                                   |din0[21]                                   
din0[22]                                   |din0[22]                                   
din0[23]                                   |din0[23]                                   
din0[24]                                   |din0[24]                                   
din0[25]                                   |din0[25]                                   
din0[26]                                   |din0[26]                                   
din0[27]                                   |din0[27]                                   
din0[28]                                   |din0[28]                                   
din0[29]                                   |din0[29]                                   
din0[30]                                   |din0[30]                                   
din0[31]                                   |din0[31]                                   
addr0[0]                                   |addr0[0]                                   
addr0[1]                                   |addr0[1]                                   
addr0[2]                                   |addr0[2]                                   
addr0[3]                                   |addr0[3]                                   
addr0[4]                                   |addr0[4]                                   
addr0[5]                                   |addr0[5]                                   
addr0[6]                                   |addr0[6]                                   
addr0[7]                                   |addr0[7]                                   
addr1[0]                                   |addr1[0]                                   
addr1[1]                                   |addr1[1]                                   
addr1[2]                                   |addr1[2]                                   
addr1[3]                                   |addr1[3]                                   
addr1[4]                                   |addr1[4]                                   
addr1[5]                                   |addr1[5]                                   
addr1[6]                                   |addr1[6]                                   
addr1[7]                                   |addr1[7]                                   
csb0                                       |csb0                                       
csb1                                       |csb1                                       
web0                                       |web0                                       
clk0                                       |clk0                                       
clk1                                       |clk1                                       
wmask0[0]                                  |wmask0[0]                                  
wmask0[1]                                  |wmask0[1]                                  
wmask0[2]                                  |wmask0[2]                                  
wmask0[3]                                  |wmask0[3]                                  
dout0[0]                                   |dout0[0]                                   
dout0[1]                                   |dout0[1]                                   
dout0[2]                                   |dout0[2]                                   
dout0[3]                                   |dout0[3]                                   
dout0[4]                                   |dout0[4]                                   
dout0[5]                                   |dout0[5]                                   
dout0[6]                                   |dout0[6]                                   
dout0[7]                                   |dout0[7]                                   
dout0[8]                                   |dout0[8]                                   
dout0[9]                                   |dout0[9]                                   
dout0[10]                                  |dout0[10]                                  
dout0[11]                                  |dout0[11]                                  
dout0[12]                                  |dout0[12]                                  
dout0[13]                                  |dout0[13]                                  
dout0[14]                                  |dout0[14]                                  
dout0[15]                                  |dout0[15]                                  
dout0[16]                                  |dout0[16]                                  
dout0[17]                                  |dout0[17]                                  
dout0[18]                                  |dout0[18]                                  
dout0[19]                                  |dout0[19]                                  
dout0[20]                                  |dout0[20]                                  
dout0[21]                                  |dout0[21]                                  
dout0[22]                                  |dout0[22]                                  
dout0[23]                                  |dout0[23]                                  
dout0[24]                                  |dout0[24]                                  
dout0[25]                                  |dout0[25]                                  
dout0[26]                                  |dout0[26]                                  
dout0[27]                                  |dout0[27]                                  
dout0[28]                                  |dout0[28]                                  
dout0[29]                                  |dout0[29]                                  
dout0[30]                                  |dout0[30]                                  
dout0[31]                                  |dout0[31]                                  
dout1[0]                                   |dout1[0]                                   
dout1[1]                                   |dout1[1]                                   
dout1[2]                                   |dout1[2]                                   
dout1[3]                                   |dout1[3]                                   
dout1[4]                                   |dout1[4]                                   
dout1[5]                                   |dout1[5]                                   
dout1[6]                                   |dout1[6]                                   
dout1[7]                                   |dout1[7]                                   
dout1[8]                                   |dout1[8]                                   
dout1[9]                                   |dout1[9]                                   
dout1[10]                                  |dout1[10]                                  
dout1[11]                                  |dout1[11]                                  
dout1[12]                                  |dout1[12]                                  
dout1[13]                                  |dout1[13]                                  
dout1[14]                                  |dout1[14]                                  
dout1[15]                                  |dout1[15]                                  
dout1[16]                                  |dout1[16]                                  
dout1[17]                                  |dout1[17]                                  
dout1[18]                                  |dout1[18]                                  
dout1[19]                                  |dout1[19]                                  
dout1[20]                                  |dout1[20]                                  
dout1[21]                                  |dout1[21]                                  
dout1[22]                                  |dout1[22]                                  
dout1[23]                                  |dout1[23]                                  
dout1[24]                                  |dout1[24]                                  
dout1[25]                                  |dout1[25]                                  
dout1[26]                                  |dout1[26]                                  
dout1[27]                                  |dout1[27]                                  
dout1[28]                                  |dout1[28]                                  
dout1[29]                                  |dout1[29]                                  
dout1[30]                                  |dout1[30]                                  
dout1[31]                                  |dout1[31]                                  
vccd1                                      |(no matching pin)                          
vssd1                                      |(no matching pin)                          
---------------------------------------------------------------------------------------
Cell pin lists are equivalent.
Device classes sky130_sram_1kbyte_1rw1r_32x256_8 and sky130_sram_1kbyte_1rw1r_32x256_8 are equivalent.

Cell sky130_fd_sc_hd__dfrtp_4 (0) disconnected node: CLK
Cell sky130_fd_sc_hd__dfrtp_4 (0) disconnected node: D
Cell sky130_fd_sc_hd__dfrtp_4 (0) disconnected node: RESET_B
Cell sky130_fd_sc_hd__dfrtp_4 (0) disconnected node: VGND
Cell sky130_fd_sc_hd__dfrtp_4 (0) disconnected node: VNB
Cell sky130_fd_sc_hd__dfrtp_4 (0) disconnected node: VPB
Cell sky130_fd_sc_hd__dfrtp_4 (0) disconnected node: VPWR
Cell sky130_fd_sc_hd__dfrtp_4 (0) disconnected node: Q

Subcircuit pins:
Circuit 1: sky130_fd_sc_hd__dfrtp_4        |Circuit 2: sky130_fd_sc_hd__dfrtp_4        
-------------------------------------------|-------------------------------------------
CLK                                        |CLK                                        
D                                          |D                                          
RESET_B                                    |RESET_B                                    
VGND                                       |VGND                                       
VNB                                        |VNB                                        
VPB                                        |VPB                                        
VPWR                                       |VPWR                                       
Q                                          |Q                                          
---------------------------------------------------------------------------------------
Cell pin lists are equivalent.
Device classes sky130_fd_sc_hd__dfrtp_4 and sky130_fd_sc_hd__dfrtp_4 are equivalent.

Cell sky130_fd_sc_hd__a221oi_2 (0) disconnected node: A1
Cell sky130_fd_sc_hd__a221oi_2 (0) disconnected node: A2
Cell sky130_fd_sc_hd__a221oi_2 (0) disconnected node: B1
Cell sky130_fd_sc_hd__a221oi_2 (0) disconnected node: B2
Cell sky130_fd_sc_hd__a221oi_2 (0) disconnected node: C1
Cell sky130_fd_sc_hd__a221oi_2 (0) disconnected node: VGND
Cell sky130_fd_sc_hd__a221oi_2 (0) disconnected node: VNB
Cell sky130_fd_sc_hd__a221oi_2 (0) disconnected node: VPB
Cell sky130_fd_sc_hd__a221oi_2 (0) disconnected node: VPWR
Cell sky130_fd_sc_hd__a221oi_2 (0) disconnected node: Y

Subcircuit pins:
Circuit 1: sky130_fd_sc_hd__a221oi_2       |Circuit 2: sky130_fd_sc_hd__a221oi_2       
-------------------------------------------|-------------------------------------------
A1                                         |A1                                         
A2                                         |A2                                         
B1                                         |B1                                         
B2                                         |B2                                         
C1                                         |C1                                         
VGND                                       |VGND                                       
VNB                                        |VNB                                        
VPB                                        |VPB                                        
VPWR                                       |VPWR                                       
Y                                          |Y                                          
---------------------------------------------------------------------------------------
Cell pin lists are equivalent.
Device classes sky130_fd_sc_hd__a221oi_2 and sky130_fd_sc_hd__a221oi_2 are equivalent.

Cell sky130_fd_sc_hd__inv_4 (0) disconnected node: A
Cell sky130_fd_sc_hd__inv_4 (0) disconnected node: VGND
Cell sky130_fd_sc_hd__inv_4 (0) disconnected node: VNB
Cell sky130_fd_sc_hd__inv_4 (0) disconnected node: VPB
Cell sky130_fd_sc_hd__inv_4 (0) disconnected node: VPWR
Cell sky130_fd_sc_hd__inv_4 (0) disconnected node: Y

Subcircuit pins:
Circuit 1: sky130_fd_sc_hd__inv_4          |Circuit 2: sky130_fd_sc_hd__inv_4          
-------------------------------------------|-------------------------------------------
A                                          |A                                          
VGND                                       |VGND                                       
VNB                                        |VNB                                        
VPB                                        |VPB                                        
VPWR                                       |VPWR                                       
Y                                          |Y                                          
---------------------------------------------------------------------------------------
Cell pin lists are equivalent.
Device classes sky130_fd_sc_hd__inv_4 and sky130_fd_sc_hd__inv_4 are equivalent.

Cell sky130_fd_sc_hd__a32oi_2 (0) disconnected node: A1
Cell sky130_fd_sc_hd__a32oi_2 (0) disconnected node: A2
Cell sky130_fd_sc_hd__a32oi_2 (0) disconnected node: A3
Cell sky130_fd_sc_hd__a32oi_2 (0) disconnected node: B1
Cell sky130_fd_sc_hd__a32oi_2 (0) disconnected node: B2
Cell sky130_fd_sc_hd__a32oi_2 (0) disconnected node: VGND
Cell sky130_fd_sc_hd__a32oi_2 (0) disconnected node: VNB
Cell sky130_fd_sc_hd__a32oi_2 (0) disconnected node: VPB
Cell sky130_fd_sc_hd__a32oi_2 (0) disconnected node: VPWR
Cell sky130_fd_sc_hd__a32oi_2 (0) disconnected node: Y

Subcircuit pins:
Circuit 1: sky130_fd_sc_hd__a32oi_2        |Circuit 2: sky130_fd_sc_hd__a32oi_2        
-------------------------------------------|-------------------------------------------
A1                                         |A1                                         
A2                                         |A2                                         
A3                                         |A3                                         
B1                                         |B1                                         
B2                                         |B2                                         
VGND                                       |VGND                                       
VNB                                        |VNB                                        
VPB                                        |VPB                                        
VPWR                                       |VPWR                                       
Y                                          |Y                                          
---------------------------------------------------------------------------------------
Cell pin lists are equivalent.
Device classes sky130_fd_sc_hd__a32oi_2 and sky130_fd_sc_hd__a32oi_2 are equivalent.

Cell sky130_fd_sc_hd__clkinv_4 (0) disconnected node: A
Cell sky130_fd_sc_hd__clkinv_4 (0) disconnected node: VGND
Cell sky130_fd_sc_hd__clkinv_4 (0) disconnected node: VNB
Cell sky130_fd_sc_hd__clkinv_4 (0) disconnected node: VPB
Cell sky130_fd_sc_hd__clkinv_4 (0) disconnected node: VPWR
Cell sky130_fd_sc_hd__clkinv_4 (0) disconnected node: Y

Subcircuit pins:
Circuit 1: sky130_fd_sc_hd__clkinv_4       |Circuit 2: sky130_fd_sc_hd__clkinv_4       
-------------------------------------------|-------------------------------------------
A                                          |A                                          
VGND                                       |VGND                                       
VNB                                        |VNB                                        
VPB                                        |VPB                                        
VPWR                                       |VPWR                                       
Y                                          |Y                                          
---------------------------------------------------------------------------------------
Cell pin lists are equivalent.
Device classes sky130_fd_sc_hd__clkinv_4 and sky130_fd_sc_hd__clkinv_4 are equivalent.

Cell sky130_fd_sc_hd__buf_2 (0) disconnected node: A
Cell sky130_fd_sc_hd__buf_2 (0) disconnected node: VGND
Cell sky130_fd_sc_hd__buf_2 (0) disconnected node: VNB
Cell sky130_fd_sc_hd__buf_2 (0) disconnected node: VPB
Cell sky130_fd_sc_hd__buf_2 (0) disconnected node: VPWR
Cell sky130_fd_sc_hd__buf_2 (0) disconnected node: X

Subcircuit pins:
Circuit 1: sky130_fd_sc_hd__buf_2          |Circuit 2: sky130_fd_sc_hd__buf_2          
-------------------------------------------|-------------------------------------------
A                                          |A                                          
VGND                                       |VGND                                       
VNB                                        |VNB                                        
VPB                                        |VPB                                        
VPWR                                       |VPWR                                       
X                                          |X                                          
---------------------------------------------------------------------------------------
Cell pin lists are equivalent.
Device classes sky130_fd_sc_hd__buf_2 and sky130_fd_sc_hd__buf_2 are equivalent.

Cell yz_top_sram (0) disconnected node: axi_araddr_i[10]
Cell yz_top_sram (0) disconnected node: axi_araddr_i[11]
Cell yz_top_sram (0) disconnected node: axi_araddr_i[12]
Cell yz_top_sram (0) disconnected node: axi_araddr_i[13]
Cell yz_top_sram (0) disconnected node: axi_araddr_i[14]
Cell yz_top_sram (0) disconnected node: axi_araddr_i[15]
Cell yz_top_sram (0) disconnected node: axi_araddr_i[16]
Cell yz_top_sram (0) disconnected node: axi_araddr_i[17]
Cell yz_top_sram (0) disconnected node: axi_araddr_i[18]
Cell yz_top_sram (0) disconnected node: axi_araddr_i[19]
Cell yz_top_sram (0) disconnected node: axi_araddr_i[24]
Cell yz_top_sram (0) disconnected node: axi_araddr_i[25]
Cell yz_top_sram (0) disconnected node: axi_araddr_i[26]
Cell yz_top_sram (0) disconnected node: axi_araddr_i[27]
Cell yz_top_sram (0) disconnected node: axi_araddr_i[28]
Cell yz_top_sram (0) disconnected node: axi_araddr_i[29]
Cell yz_top_sram (0) disconnected node: axi_araddr_i[30]
Cell yz_top_sram (0) disconnected node: axi_araddr_i[31]
Cell yz_top_sram (0) disconnected node: axi_araddr_i[5]
Cell yz_top_sram (0) disconnected node: axi_araddr_i[6]
Cell yz_top_sram (0) disconnected node: axi_araddr_i[7]
Cell yz_top_sram (0) disconnected node: axi_araddr_i[8]
Cell yz_top_sram (0) disconnected node: axi_araddr_i[9]
Cell yz_top_sram (0) disconnected node: axi_arprot_i[0]
Cell yz_top_sram (0) disconnected node: axi_arprot_i[1]
Cell yz_top_sram (0) disconnected node: axi_arprot_i[2]
Cell yz_top_sram (0) disconnected node: axi_awaddr_i[11]
Cell yz_top_sram (0) disconnected node: axi_awaddr_i[12]
Cell yz_top_sram (0) disconnected node: axi_awaddr_i[13]
Cell yz_top_sram (0) disconnected node: axi_awaddr_i[14]
Cell yz_top_sram (0) disconnected node: axi_awaddr_i[15]
Cell yz_top_sram (0) disconnected node: axi_awaddr_i[16]
Cell yz_top_sram (0) disconnected node: axi_awaddr_i[17]
Cell yz_top_sram (0) disconnected node: axi_awaddr_i[18]
Cell yz_top_sram (0) disconnected node: axi_awaddr_i[19]
Cell yz_top_sram (0) disconnected node: axi_awaddr_i[24]
Cell yz_top_sram (0) disconnected node: axi_awaddr_i[25]
Cell yz_top_sram (0) disconnected node: axi_awaddr_i[26]
Cell yz_top_sram (0) disconnected node: axi_awaddr_i[27]
Cell yz_top_sram (0) disconnected node: axi_awaddr_i[28]
Cell yz_top_sram (0) disconnected node: axi_awaddr_i[29]
Cell yz_top_sram (0) disconnected node: axi_awaddr_i[30]
Cell yz_top_sram (0) disconnected node: axi_awaddr_i[31]
Cell yz_top_sram (0) disconnected node: axi_awprot_i[0]
Cell yz_top_sram (0) disconnected node: axi_awprot_i[1]
Cell yz_top_sram (0) disconnected node: axi_awprot_i[2]
Cell yz_top_sram (0) disconnected node: axi_wstrb_i[0]
Cell yz_top_sram (0) disconnected node: axi_wstrb_i[1]
Cell yz_top_sram (0) disconnected node: axi_wstrb_i[2]
Cell yz_top_sram (0) disconnected node: axi_wstrb_i[3]
Cell yz_top_sram (1) disconnected node: axi_araddr_i[31]
Cell yz_top_sram (1) disconnected node: axi_araddr_i[30]
Cell yz_top_sram (1) disconnected node: axi_araddr_i[29]
Cell yz_top_sram (1) disconnected node: axi_araddr_i[28]
Cell yz_top_sram (1) disconnected node: axi_araddr_i[27]
Cell yz_top_sram (1) disconnected node: axi_araddr_i[26]
Cell yz_top_sram (1) disconnected node: axi_araddr_i[25]
Cell yz_top_sram (1) disconnected node: axi_araddr_i[24]
Cell yz_top_sram (1) disconnected node: axi_araddr_i[19]
Cell yz_top_sram (1) disconnected node: axi_araddr_i[18]
Cell yz_top_sram (1) disconnected node: axi_araddr_i[17]
Cell yz_top_sram (1) disconnected node: axi_araddr_i[16]
Cell yz_top_sram (1) disconnected node: axi_araddr_i[15]
Cell yz_top_sram (1) disconnected node: axi_araddr_i[14]
Cell yz_top_sram (1) disconnected node: axi_araddr_i[13]
Cell yz_top_sram (1) disconnected node: axi_araddr_i[12]
Cell yz_top_sram (1) disconnected node: axi_araddr_i[11]
Cell yz_top_sram (1) disconnected node: axi_araddr_i[10]
Cell yz_top_sram (1) disconnected node: axi_araddr_i[9]
Cell yz_top_sram (1) disconnected node: axi_araddr_i[8]
Cell yz_top_sram (1) disconnected node: axi_araddr_i[7]
Cell yz_top_sram (1) disconnected node: axi_araddr_i[6]
Cell yz_top_sram (1) disconnected node: axi_araddr_i[5]
Cell yz_top_sram (1) disconnected node: axi_arprot_i[2]
Cell yz_top_sram (1) disconnected node: axi_arprot_i[1]
Cell yz_top_sram (1) disconnected node: axi_arprot_i[0]
Cell yz_top_sram (1) disconnected node: axi_awaddr_i[31]
Cell yz_top_sram (1) disconnected node: axi_awaddr_i[30]
Cell yz_top_sram (1) disconnected node: axi_awaddr_i[29]
Cell yz_top_sram (1) disconnected node: axi_awaddr_i[28]
Cell yz_top_sram (1) disconnected node: axi_awaddr_i[27]
Cell yz_top_sram (1) disconnected node: axi_awaddr_i[26]
Cell yz_top_sram (1) disconnected node: axi_awaddr_i[25]
Cell yz_top_sram (1) disconnected node: axi_awaddr_i[24]
Cell yz_top_sram (1) disconnected node: axi_awaddr_i[19]
Cell yz_top_sram (1) disconnected node: axi_awaddr_i[18]
Cell yz_top_sram (1) disconnected node: axi_awaddr_i[17]
Cell yz_top_sram (1) disconnected node: axi_awaddr_i[16]
Cell yz_top_sram (1) disconnected node: axi_awaddr_i[15]
Cell yz_top_sram (1) disconnected node: axi_awaddr_i[14]
Cell yz_top_sram (1) disconnected node: axi_awaddr_i[13]
Cell yz_top_sram (1) disconnected node: axi_awaddr_i[12]
Cell yz_top_sram (1) disconnected node: axi_awaddr_i[11]
Cell yz_top_sram (1) disconnected node: axi_awprot_i[2]
Cell yz_top_sram (1) disconnected node: axi_awprot_i[1]
Cell yz_top_sram (1) disconnected node: axi_awprot_i[0]
Cell yz_top_sram (1) disconnected node: axi_wstrb_i[3]
Cell yz_top_sram (1) disconnected node: axi_wstrb_i[2]
Cell yz_top_sram (1) disconnected node: axi_wstrb_i[1]
Cell yz_top_sram (1) disconnected node: axi_wstrb_i[0]
Class yz_top_sram (0):  Merged 189455 parallel devices.
Class yz_top_sram (1):  Merged 189455 parallel devices.
Cell yz_top_sram (0) disconnected node: axi_araddr_i[10]
Cell yz_top_sram (0) disconnected node: axi_araddr_i[11]
Cell yz_top_sram (0) disconnected node: axi_araddr_i[12]
Cell yz_top_sram (0) disconnected node: axi_araddr_i[13]
Cell yz_top_sram (0) disconnected node: axi_araddr_i[14]
Cell yz_top_sram (0) disconnected node: axi_araddr_i[15]
Cell yz_top_sram (0) disconnected node: axi_araddr_i[16]
Cell yz_top_sram (0) disconnected node: axi_araddr_i[17]
Cell yz_top_sram (0) disconnected node: axi_araddr_i[18]
Cell yz_top_sram (0) disconnected node: axi_araddr_i[19]
Cell yz_top_sram (0) disconnected node: axi_araddr_i[24]
Cell yz_top_sram (0) disconnected node: axi_araddr_i[25]
Cell yz_top_sram (0) disconnected node: axi_araddr_i[26]
Cell yz_top_sram (0) disconnected node: axi_araddr_i[27]
Cell yz_top_sram (0) disconnected node: axi_araddr_i[28]
Cell yz_top_sram (0) disconnected node: axi_araddr_i[29]
Cell yz_top_sram (0) disconnected node: axi_araddr_i[30]
Cell yz_top_sram (0) disconnected node: axi_araddr_i[31]
Cell yz_top_sram (0) disconnected node: axi_araddr_i[5]
Cell yz_top_sram (0) disconnected node: axi_araddr_i[6]
Cell yz_top_sram (0) disconnected node: axi_araddr_i[7]
Cell yz_top_sram (0) disconnected node: axi_araddr_i[8]
Cell yz_top_sram (0) disconnected node: axi_araddr_i[9]
Cell yz_top_sram (0) disconnected node: axi_arprot_i[0]
Cell yz_top_sram (0) disconnected node: axi_arprot_i[1]
Cell yz_top_sram (0) disconnected node: axi_arprot_i[2]
Cell yz_top_sram (0) disconnected node: axi_awaddr_i[11]
Cell yz_top_sram (0) disconnected node: axi_awaddr_i[12]
Cell yz_top_sram (0) disconnected node: axi_awaddr_i[13]
Cell yz_top_sram (0) disconnected node: axi_awaddr_i[14]
Cell yz_top_sram (0) disconnected node: axi_awaddr_i[15]
Cell yz_top_sram (0) disconnected node: axi_awaddr_i[16]
Cell yz_top_sram (0) disconnected node: axi_awaddr_i[17]
Cell yz_top_sram (0) disconnected node: axi_awaddr_i[18]
Cell yz_top_sram (0) disconnected node: axi_awaddr_i[19]
Cell yz_top_sram (0) disconnected node: axi_awaddr_i[24]
Cell yz_top_sram (0) disconnected node: axi_awaddr_i[25]
Cell yz_top_sram (0) disconnected node: axi_awaddr_i[26]
Cell yz_top_sram (0) disconnected node: axi_awaddr_i[27]
Cell yz_top_sram (0) disconnected node: axi_awaddr_i[28]
Cell yz_top_sram (0) disconnected node: axi_awaddr_i[29]
Cell yz_top_sram (0) disconnected node: axi_awaddr_i[30]
Cell yz_top_sram (0) disconnected node: axi_awaddr_i[31]
Cell yz_top_sram (0) disconnected node: axi_awprot_i[0]
Cell yz_top_sram (0) disconnected node: axi_awprot_i[1]
Cell yz_top_sram (0) disconnected node: axi_awprot_i[2]
Cell yz_top_sram (0) disconnected node: axi_wstrb_i[0]
Cell yz_top_sram (0) disconnected node: axi_wstrb_i[1]
Cell yz_top_sram (0) disconnected node: axi_wstrb_i[2]
Cell yz_top_sram (0) disconnected node: axi_wstrb_i[3]
Cell yz_top_sram (1) disconnected node: axi_araddr_i[31]
Cell yz_top_sram (1) disconnected node: axi_araddr_i[30]
Cell yz_top_sram (1) disconnected node: axi_araddr_i[29]
Cell yz_top_sram (1) disconnected node: axi_araddr_i[28]
Cell yz_top_sram (1) disconnected node: axi_araddr_i[27]
Cell yz_top_sram (1) disconnected node: axi_araddr_i[26]
Cell yz_top_sram (1) disconnected node: axi_araddr_i[25]
Cell yz_top_sram (1) disconnected node: axi_araddr_i[24]
Cell yz_top_sram (1) disconnected node: axi_araddr_i[19]
Cell yz_top_sram (1) disconnected node: axi_araddr_i[18]
Cell yz_top_sram (1) disconnected node: axi_araddr_i[17]
Cell yz_top_sram (1) disconnected node: axi_araddr_i[16]
Cell yz_top_sram (1) disconnected node: axi_araddr_i[15]
Cell yz_top_sram (1) disconnected node: axi_araddr_i[14]
Cell yz_top_sram (1) disconnected node: axi_araddr_i[13]
Cell yz_top_sram (1) disconnected node: axi_araddr_i[12]
Cell yz_top_sram (1) disconnected node: axi_araddr_i[11]
Cell yz_top_sram (1) disconnected node: axi_araddr_i[10]
Cell yz_top_sram (1) disconnected node: axi_araddr_i[9]
Cell yz_top_sram (1) disconnected node: axi_araddr_i[8]
Cell yz_top_sram (1) disconnected node: axi_araddr_i[7]
Cell yz_top_sram (1) disconnected node: axi_araddr_i[6]
Cell yz_top_sram (1) disconnected node: axi_araddr_i[5]
Cell yz_top_sram (1) disconnected node: axi_arprot_i[2]
Cell yz_top_sram (1) disconnected node: axi_arprot_i[1]
Cell yz_top_sram (1) disconnected node: axi_arprot_i[0]
Cell yz_top_sram (1) disconnected node: axi_awaddr_i[31]
Cell yz_top_sram (1) disconnected node: axi_awaddr_i[30]
Cell yz_top_sram (1) disconnected node: axi_awaddr_i[29]
Cell yz_top_sram (1) disconnected node: axi_awaddr_i[28]
Cell yz_top_sram (1) disconnected node: axi_awaddr_i[27]
Cell yz_top_sram (1) disconnected node: axi_awaddr_i[26]
Cell yz_top_sram (1) disconnected node: axi_awaddr_i[25]
Cell yz_top_sram (1) disconnected node: axi_awaddr_i[24]
Cell yz_top_sram (1) disconnected node: axi_awaddr_i[19]
Cell yz_top_sram (1) disconnected node: axi_awaddr_i[18]
Cell yz_top_sram (1) disconnected node: axi_awaddr_i[17]
Cell yz_top_sram (1) disconnected node: axi_awaddr_i[16]
Cell yz_top_sram (1) disconnected node: axi_awaddr_i[15]
Cell yz_top_sram (1) disconnected node: axi_awaddr_i[14]
Cell yz_top_sram (1) disconnected node: axi_awaddr_i[13]
Cell yz_top_sram (1) disconnected node: axi_awaddr_i[12]
Cell yz_top_sram (1) disconnected node: axi_awaddr_i[11]
Cell yz_top_sram (1) disconnected node: axi_awprot_i[2]
Cell yz_top_sram (1) disconnected node: axi_awprot_i[1]
Cell yz_top_sram (1) disconnected node: axi_awprot_i[0]
Cell yz_top_sram (1) disconnected node: axi_wstrb_i[3]
Cell yz_top_sram (1) disconnected node: axi_wstrb_i[2]
Cell yz_top_sram (1) disconnected node: axi_wstrb_i[1]
Cell yz_top_sram (1) disconnected node: axi_wstrb_i[0]
Subcircuit summary:
Circuit 1: yz_top_sram                     |Circuit 2: yz_top_sram                     
-------------------------------------------|-------------------------------------------
sky130_fd_sc_hd__dfrtp_2 (712)             |sky130_fd_sc_hd__dfrtp_2 (712)             
sky130_fd_sc_hd__decap_3 (153083->1)       |sky130_fd_sc_hd__decap_3 (153083->1)       
sky130_fd_sc_hd__fill_1 (12332->1)         |sky130_fd_sc_hd__fill_1 (12332->1)         
sky130_fd_sc_hd__fill_2 (9282->1)          |sky130_fd_sc_hd__fill_2 (9282->1)          
sky130_fd_sc_hd__tapvpwrvgnd_1 (14597->1)  |sky130_fd_sc_hd__tapvpwrvgnd_1 (14597->1)  
sky130_fd_sc_hd__dfxtp_2 (6096)            |sky130_fd_sc_hd__dfxtp_2 (6096)            
sky130_fd_sc_hd__or4_2 (213)               |sky130_fd_sc_hd__or4_2 (213)               
sky130_fd_sc_hd__nor2_2 (793)              |sky130_fd_sc_hd__nor2_2 (793)              
sky130_fd_sc_hd__a21o_2 (277)              |sky130_fd_sc_hd__a21o_2 (277)              
sky130_fd_sc_hd__o22a_2 (504)              |sky130_fd_sc_hd__o22a_2 (504)              
sky130_fd_sc_hd__nand2_2 (533)             |sky130_fd_sc_hd__nand2_2 (533)             
sky130_fd_sc_hd__a22o_2 (196)              |sky130_fd_sc_hd__a22o_2 (196)              
sky130_fd_sc_hd__mux2_1 (6580)             |sky130_fd_sc_hd__mux2_1 (6580)             
sky130_fd_sc_hd__and3_2 (546)              |sky130_fd_sc_hd__and3_2 (546)              
sky130_fd_sc_hd__and2_2 (583)              |sky130_fd_sc_hd__and2_2 (583)              
sky130_fd_sc_hd__o211a_2 (106)             |sky130_fd_sc_hd__o211a_2 (106)             
sky130_fd_sc_hd__a2111o_2 (107)            |sky130_fd_sc_hd__a2111o_2 (107)            
sky130_fd_sc_hd__dlygate4sd3_1 (6129)      |sky130_fd_sc_hd__dlygate4sd3_1 (6129)      
sky130_fd_sc_hd__and2b_2 (61)              |sky130_fd_sc_hd__and2b_2 (61)              
sky130_fd_sc_hd__diode_2 (278->113)        |sky130_fd_sc_hd__diode_2 (278->113)        
sky130_fd_sc_hd__mux4_2 (1117)             |sky130_fd_sc_hd__mux4_2 (1117)             
sky130_fd_sc_hd__or2_2 (428)               |sky130_fd_sc_hd__or2_2 (428)               
sky130_fd_sc_hd__conb_1 (13)               |sky130_fd_sc_hd__conb_1 (13)               
sky130_fd_sc_hd__a31o_2 (92)               |sky130_fd_sc_hd__a31o_2 (92)               
sky130_fd_sc_hd__xnor2_2 (306)             |sky130_fd_sc_hd__xnor2_2 (306)             
sky130_fd_sc_hd__clkbuf_8 (1007)           |sky130_fd_sc_hd__clkbuf_8 (1007)           
sky130_fd_sc_hd__a21oi_2 (214)             |sky130_fd_sc_hd__a21oi_2 (214)             
sky130_fd_sc_hd__a221o_2 (154)             |sky130_fd_sc_hd__a221o_2 (154)             
sky130_fd_sc_hd__xor2_2 (164)              |sky130_fd_sc_hd__xor2_2 (164)              
sky130_fd_sc_hd__a32o_2 (133)              |sky130_fd_sc_hd__a32o_2 (133)              
sky130_fd_sc_hd__nand2b_2 (54)             |sky130_fd_sc_hd__nand2b_2 (54)             
sky130_fd_sc_hd__or3_2 (125)               |sky130_fd_sc_hd__or3_2 (125)               
sky130_fd_sc_hd__a211o_2 (92)              |sky130_fd_sc_hd__a211o_2 (92)              
sky130_fd_sc_hd__o21ai_2 (83)              |sky130_fd_sc_hd__o21ai_2 (83)              
sky130_fd_sc_hd__clkbuf_4 (270)            |sky130_fd_sc_hd__clkbuf_4 (270)            
sky130_fd_sc_hd__nand3_2 (40)              |sky130_fd_sc_hd__nand3_2 (40)              
sky130_fd_sc_hd__a311o_2 (17)              |sky130_fd_sc_hd__a311o_2 (17)              
sky130_fd_sc_hd__o221a_2 (130)             |sky130_fd_sc_hd__o221a_2 (130)             
sky130_fd_sc_hd__o21a_2 (133)              |sky130_fd_sc_hd__o21a_2 (133)              
sky130_fd_sc_hd__and3b_2 (24)              |sky130_fd_sc_hd__and3b_2 (24)              
sky130_fd_sc_hd__o21ba_2 (18)              |sky130_fd_sc_hd__o21ba_2 (18)              
sky130_fd_sc_hd__clkinv_2 (56)             |sky130_fd_sc_hd__clkinv_2 (56)             
sky130_fd_sc_hd__o22ai_2 (9)               |sky130_fd_sc_hd__o22ai_2 (9)               
sky130_fd_sc_hd__inv_2 (77)                |sky130_fd_sc_hd__inv_2 (77)                
sky130_fd_sc_hd__a31oi_2 (5)               |sky130_fd_sc_hd__a31oi_2 (5)               
sky130_fd_sc_hd__nor3_2 (25)               |sky130_fd_sc_hd__nor3_2 (25)               
sky130_fd_sc_hd__o2111ai_2 (7)             |sky130_fd_sc_hd__o2111ai_2 (7)             
sky130_fd_sc_hd__o32a_2 (18)               |sky130_fd_sc_hd__o32a_2 (18)               
sky130_fd_sc_hd__a21bo_2 (25)              |sky130_fd_sc_hd__a21bo_2 (25)              
sky130_fd_sc_hd__o41a_2 (1)                |sky130_fd_sc_hd__o41a_2 (1)                
sky130_fd_sc_hd__a2bb2o_2 (28)             |sky130_fd_sc_hd__a2bb2o_2 (28)             
sky130_fd_sc_hd__a21boi_2 (13)             |sky130_fd_sc_hd__a21boi_2 (13)             
sky130_fd_sc_hd__o31a_2 (31)               |sky130_fd_sc_hd__o31a_2 (31)               
sky130_fd_sc_hd__and4_2 (22)               |sky130_fd_sc_hd__and4_2 (22)               
sky130_fd_sc_hd__a311oi_2 (2)              |sky130_fd_sc_hd__a311oi_2 (2)              
sky130_fd_sc_hd__and4b_2 (9)               |sky130_fd_sc_hd__and4b_2 (9)               
sky130_fd_sc_hd__or4b_2 (17)               |sky130_fd_sc_hd__or4b_2 (17)               
sky130_fd_sc_hd__a41o_2 (4)                |sky130_fd_sc_hd__a41o_2 (4)                
sky130_fd_sc_hd__or3b_2 (35)               |sky130_fd_sc_hd__or3b_2 (35)               
sky130_fd_sc_hd__dfstp_2 (3)               |sky130_fd_sc_hd__dfstp_2 (3)               
sky130_fd_sc_hd__o2bb2a_2 (13)             |sky130_fd_sc_hd__o2bb2a_2 (13)             
sky130_fd_sc_hd__a22oi_2 (15)              |sky130_fd_sc_hd__a22oi_2 (15)              
sky130_fd_sc_hd__a211oi_2 (16)             |sky130_fd_sc_hd__a211oi_2 (16)             
sky130_fd_sc_hd__and4bb_2 (11)             |sky130_fd_sc_hd__and4bb_2 (11)             
sky130_fd_sc_hd__bufinv_16 (12)            |sky130_fd_sc_hd__bufinv_16 (12)            
sky130_fd_sc_hd__nand3b_2 (2)              |sky130_fd_sc_hd__nand3b_2 (2)              
sky130_fd_sc_hd__nor4b_2 (5)               |sky130_fd_sc_hd__nor4b_2 (5)               
sky130_fd_sc_hd__clkinv_1 (2)              |sky130_fd_sc_hd__clkinv_1 (2)              
sky130_fd_sc_hd__inv_8 (7)                 |sky130_fd_sc_hd__inv_8 (7)                 
sky130_fd_sc_hd__nor4_2 (6)                |sky130_fd_sc_hd__nor4_2 (6)                
sky130_fd_sc_hd__o311a_2 (3)               |sky130_fd_sc_hd__o311a_2 (3)               
sky130_fd_sc_hd__a2111oi_2 (1)             |sky130_fd_sc_hd__a2111oi_2 (1)             
sky130_fd_sc_hd__clkbuf_16 (10)            |sky130_fd_sc_hd__clkbuf_16 (10)            
sky130_fd_sc_hd__clkinv_8 (10)             |sky130_fd_sc_hd__clkinv_8 (10)             
sky130_fd_sc_hd__clkinvlp_4 (14)           |sky130_fd_sc_hd__clkinvlp_4 (14)           
sky130_fd_sc_hd__o31ai_2 (8)               |sky130_fd_sc_hd__o31ai_2 (8)               
sky130_fd_sc_hd__o32ai_2 (3)               |sky130_fd_sc_hd__o32ai_2 (3)               
sky130_fd_sc_hd__inv_12 (9)                |sky130_fd_sc_hd__inv_12 (9)                
sky130_fd_sc_hd__o2111a_2 (6)              |sky130_fd_sc_hd__o2111a_2 (6)              
sky130_fd_sc_hd__o211ai_2 (12)             |sky130_fd_sc_hd__o211ai_2 (12)             
sky130_fd_sc_hd__inv_6 (11)                |sky130_fd_sc_hd__inv_6 (11)                
sky130_fd_sc_hd__o21bai_2 (6)              |sky130_fd_sc_hd__o21bai_2 (6)              
sky130_fd_sc_hd__or4bb_2 (8)               |sky130_fd_sc_hd__or4bb_2 (8)               
sky130_fd_sc_hd__o311ai_2 (1)              |sky130_fd_sc_hd__o311ai_2 (1)              
sky130_fd_sc_hd__nor3b_2 (5)               |sky130_fd_sc_hd__nor3b_2 (5)               
sky130_fd_sc_hd__nand4_2 (3)               |sky130_fd_sc_hd__nand4_2 (3)               
sky130_fd_sc_hd__inv_16 (2)                |sky130_fd_sc_hd__inv_16 (2)                
sky130_fd_sc_hd__o2bb2ai_2 (1)             |sky130_fd_sc_hd__o2bb2ai_2 (1)             
sky130_sram_1kbyte_1rw1r_32x256_8 (1)      |sky130_sram_1kbyte_1rw1r_32x256_8 (1)      
sky130_fd_sc_hd__dfrtp_4 (2)               |sky130_fd_sc_hd__dfrtp_4 (2)               
sky130_fd_sc_hd__a221oi_2 (2)              |sky130_fd_sc_hd__a221oi_2 (2)              
sky130_fd_sc_hd__inv_4 (3)                 |sky130_fd_sc_hd__inv_4 (3)                 
sky130_fd_sc_hd__a32oi_2 (3)               |sky130_fd_sc_hd__a32oi_2 (3)               
sky130_fd_sc_hd__clkinv_4 (1)              |sky130_fd_sc_hd__clkinv_4 (1)              
sky130_fd_sc_hd__buf_2 (1)                 |sky130_fd_sc_hd__buf_2 (1)                 
Number of devices: 28769                   |Number of devices: 28769                   
Number of nets: 28793                      |Number of nets: 28793                      
---------------------------------------------------------------------------------------
Resolving symmetries by property value.
Resolving symmetries by pin name.
Netlists match uniquely.

Subcircuit pins:
Circuit 1: yz_top_sram                     |Circuit 2: yz_top_sram                     
-------------------------------------------|-------------------------------------------
axi_araddr_i[1]                            |axi_araddr_i[1]                            
axi_araddr_i[0]                            |axi_araddr_i[0]                            
axi_awaddr_i[10]                           |axi_awaddr_i[10]                           
axi_awvalid_i                              |axi_awvalid_i                              
axi_wvalid_i                               |axi_wvalid_i                               
axi_arready_o                              |axi_arready_o                              
axi_bvalid_o                               |axi_bvalid_o                               
axi_rvalid_o                               |axi_rvalid_o                               
axi_rdata_o[16]                            |axi_rdata_o[16]                            
axi_rdata_o[24]                            |axi_rdata_o[24]                            
axi_rdata_o[27]                            |axi_rdata_o[27]                            
axi_rdata_o[28]                            |axi_rdata_o[28]                            
axi_rdata_o[10]                            |axi_rdata_o[10]                            
axi_rdata_o[12]                            |axi_rdata_o[12]                            
axi_rdata_o[15]                            |axi_rdata_o[15]                            
axi_rdata_o[17]                            |axi_rdata_o[17]                            
axi_rdata_o[31]                            |axi_rdata_o[31]                            
axi_rdata_o[0]                             |axi_rdata_o[0]                             
axi_rdata_o[1]                             |axi_rdata_o[1]                             
axi_rdata_o[5]                             |axi_rdata_o[5]                             
axi_rdata_o[6]                             |axi_rdata_o[6]                             
axi_rdata_o[13]                            |axi_rdata_o[13]                            
axi_rdata_o[9]                             |axi_rdata_o[9]                             
axi_rdata_o[14]                            |axi_rdata_o[14]                            
axi_rdata_o[2]                             |axi_rdata_o[2]                             
axi_rdata_o[3]                             |axi_rdata_o[3]                             
axi_rdata_o[4]                             |axi_rdata_o[4]                             
axi_rdata_o[8]                             |axi_rdata_o[8]                             
axi_rdata_o[11]                            |axi_rdata_o[11]                            
axi_rdata_o[19]                            |axi_rdata_o[19]                            
axi_rdata_o[7]                             |axi_rdata_o[7]                             
axi_rdata_o[18]                            |axi_rdata_o[18]                            
axi_rdata_o[20]                            |axi_rdata_o[20]                            
axi_rdata_o[29]                            |axi_rdata_o[29]                            
axi_rdata_o[26]                            |axi_rdata_o[26]                            
axi_rdata_o[30]                            |axi_rdata_o[30]                            
axi_rdata_o[21]                            |axi_rdata_o[21]                            
axi_rdata_o[25]                            |axi_rdata_o[25]                            
axi_rdata_o[22]                            |axi_rdata_o[22]                            
axi_rdata_o[23]                            |axi_rdata_o[23]                            
irq_o                                      |irq_o                                      
axi_rresp_o[1]                             |axi_rresp_o[1]                             
axi_bresp_o[0]                             |axi_bresp_o[0]                             
axi_bresp_o[1]                             |axi_bresp_o[1]                             
axi_rresp_o[0]                             |axi_rresp_o[0]                             
axi_wready_o                               |axi_wready_o                               
axi_wdata_i[9]                             |axi_wdata_i[9]                             
axi_wdata_i[13]                            |axi_wdata_i[13]                            
axi_wdata_i[2]                             |axi_wdata_i[2]                             
axi_wdata_i[11]                            |axi_wdata_i[11]                            
axi_wdata_i[1]                             |axi_wdata_i[1]                             
axi_wdata_i[0]                             |axi_wdata_i[0]                             
axi_awaddr_i[2]                            |axi_awaddr_i[2]                            
axi_araddr_i[2]                            |axi_araddr_i[2]                            
axi_araddr_i[3]                            |axi_araddr_i[3]                            
axi_awaddr_i[4]                            |axi_awaddr_i[4]                            
axi_awaddr_i[21]                           |axi_awaddr_i[21]                           
axi_awaddr_i[3]                            |axi_awaddr_i[3]                            
axi_awaddr_i[20]                           |axi_awaddr_i[20]                           
axi_awaddr_i[22]                           |axi_awaddr_i[22]                           
axi_bready_i                               |axi_bready_i                               
axi_wdata_i[6]                             |axi_wdata_i[6]                             
axi_wdata_i[4]                             |axi_wdata_i[4]                             
axi_araddr_i[4]                            |axi_araddr_i[4]                            
axi_awaddr_i[8]                            |axi_awaddr_i[8]                            
axi_wdata_i[5]                             |axi_wdata_i[5]                             
axi_wdata_i[12]                            |axi_wdata_i[12]                            
axi_wdata_i[26]                            |axi_wdata_i[26]                            
axi_wdata_i[3]                             |axi_wdata_i[3]                             
axi_wdata_i[28]                            |axi_wdata_i[28]                            
axi_wdata_i[15]                            |axi_wdata_i[15]                            
axi_wdata_i[17]                            |axi_wdata_i[17]                            
axi_wdata_i[23]                            |axi_wdata_i[23]                            
axi_wdata_i[29]                            |axi_wdata_i[29]                            
axi_wdata_i[31]                            |axi_wdata_i[31]                            
axi_wdata_i[8]                             |axi_wdata_i[8]                             
axi_wdata_i[19]                            |axi_wdata_i[19]                            
axi_wdata_i[10]                            |axi_wdata_i[10]                            
axi_wdata_i[14]                            |axi_wdata_i[14]                            
axi_wdata_i[16]                            |axi_wdata_i[16]                            
axi_wdata_i[18]                            |axi_wdata_i[18]                            
axi_wdata_i[21]                            |axi_wdata_i[21]                            
axi_wdata_i[22]                            |axi_wdata_i[22]                            
axi_wdata_i[25]                            |axi_wdata_i[25]                            
axi_arvalid_i                              |axi_arvalid_i                              
axi_araddr_i[20]                           |axi_araddr_i[20]                           
axi_araddr_i[21]                           |axi_araddr_i[21]                           
axi_araddr_i[23]                           |axi_araddr_i[23]                           
axi_araddr_i[22]                           |axi_araddr_i[22]                           
axi_rready_i                               |axi_rready_i                               
VGND                                       |VGND                                       
VPWR                                       |VPWR                                       
rst_ni                                     |rst_ni                                     
axi_awaddr_i[1]                            |axi_awaddr_i[1]                            
axi_awaddr_i[0]                            |axi_awaddr_i[0]                            
axi_awaddr_i[5]                            |axi_awaddr_i[5]                            
axi_awaddr_i[6]                            |axi_awaddr_i[6]                            
axi_awaddr_i[7]                            |axi_awaddr_i[7]                            
axi_awaddr_i[9]                            |axi_awaddr_i[9]                            
axi_wdata_i[7]                             |axi_wdata_i[7]                             
axi_wdata_i[27]                            |axi_wdata_i[27]                            
axi_wdata_i[30]                            |axi_wdata_i[30]                            
axi_wdata_i[20]                            |axi_wdata_i[20]                            
axi_wdata_i[24]                            |axi_wdata_i[24]                            
axi_awaddr_i[23]                           |axi_awaddr_i[23]                           
axi_awready_o                              |axi_awready_o                              
clk_i                                      |clk_i                                      
axi_araddr_i[10]                           |axi_araddr_i[10]                           
axi_araddr_i[11]                           |axi_araddr_i[11]                           
axi_araddr_i[12]                           |axi_araddr_i[12]                           
axi_araddr_i[13]                           |axi_araddr_i[13]                           
axi_araddr_i[14]                           |axi_araddr_i[14]                           
axi_araddr_i[15]                           |axi_araddr_i[15]                           
axi_araddr_i[16]                           |axi_araddr_i[16]                           
axi_araddr_i[17]                           |axi_araddr_i[17]                           
axi_araddr_i[18]                           |axi_araddr_i[18]                           
axi_araddr_i[19]                           |axi_araddr_i[19]                           
axi_araddr_i[24]                           |axi_araddr_i[24]                           
axi_araddr_i[25]                           |axi_araddr_i[25]                           
axi_araddr_i[26]                           |axi_araddr_i[26]                           
axi_araddr_i[27]                           |axi_araddr_i[27]                           
axi_araddr_i[28]                           |axi_araddr_i[28]                           
axi_araddr_i[29]                           |axi_araddr_i[29]                           
axi_araddr_i[30]                           |axi_araddr_i[30]                           
axi_araddr_i[31]                           |axi_araddr_i[31]                           
axi_araddr_i[5]                            |axi_araddr_i[5]                            
axi_araddr_i[6]                            |axi_araddr_i[6]                            
axi_araddr_i[7]                            |axi_araddr_i[7]                            
axi_araddr_i[8]                            |axi_araddr_i[8]                            
axi_araddr_i[9]                            |axi_araddr_i[9]                            
axi_arprot_i[0]                            |axi_arprot_i[0]                            
axi_arprot_i[1]                            |axi_arprot_i[1]                            
axi_arprot_i[2]                            |axi_arprot_i[2]                            
axi_awaddr_i[11]                           |axi_awaddr_i[11]                           
axi_awaddr_i[12]                           |axi_awaddr_i[12]                           
axi_awaddr_i[13]                           |axi_awaddr_i[13]                           
axi_awaddr_i[14]                           |axi_awaddr_i[14]                           
axi_awaddr_i[15]                           |axi_awaddr_i[15]                           
axi_awaddr_i[16]                           |axi_awaddr_i[16]                           
axi_awaddr_i[17]                           |axi_awaddr_i[17]                           
axi_awaddr_i[18]                           |axi_awaddr_i[18]                           
axi_awaddr_i[19]                           |axi_awaddr_i[19]                           
axi_awaddr_i[24]                           |axi_awaddr_i[24]                           
axi_awaddr_i[25]                           |axi_awaddr_i[25]                           
axi_awaddr_i[26]                           |axi_awaddr_i[26]                           
axi_awaddr_i[27]                           |axi_awaddr_i[27]                           
axi_awaddr_i[28]                           |axi_awaddr_i[28]                           
axi_awaddr_i[29]                           |axi_awaddr_i[29]                           
axi_awaddr_i[30]                           |axi_awaddr_i[30]                           
axi_awaddr_i[31]                           |axi_awaddr_i[31]                           
axi_awprot_i[0]                            |axi_awprot_i[0]                            
axi_awprot_i[1]                            |axi_awprot_i[1]                            
axi_awprot_i[2]                            |axi_awprot_i[2]                            
axi_wstrb_i[0]                             |axi_wstrb_i[0]                             
axi_wstrb_i[1]                             |axi_wstrb_i[1]                             
axi_wstrb_i[2]                             |axi_wstrb_i[2]                             
axi_wstrb_i[3]                             |axi_wstrb_i[3]                             
---------------------------------------------------------------------------------------
Cell pin lists are equivalent.
Device classes yz_top_sram and yz_top_sram are equivalent.

Final result: Circuits match uniquely.
.
