
===========================================================================
report_checks -path_delay max (Setup)
============================================================================
======================= min_tt_025C_1v80 Corner ===================================

Startpoint: u_sram (falling edge-triggered flip-flop clocked by clk_i)
Endpoint: axi_rdata_o[18] (output port clocked by clk_i)
Path Group: clk_i
Path Type: max

Fanout         Cap        Slew       Delay        Time   Description
---------------------------------------------------------------------------------------------
                                 10.000000   10.000000   clock clk_i (fall edge)
                                  0.000000   10.000000   clock source latency
     2    0.071706    0.000000    0.000000   10.000000 v clk_i (in)
                                                         clk_i (net)
                      0.008270    0.004135   10.004135 v clkbuf_0_clk_i/A (sky130_fd_sc_hd__clkbuf_16)
     2    0.036563    0.044347    0.141905   10.146041 v clkbuf_0_clk_i/X (sky130_fd_sc_hd__clkbuf_16)
                                                         clknet_0_clk_i (net)
                      0.044359    0.001123   10.147163 v clkbuf_1_0__f_clk_i/A (sky130_fd_sc_hd__clkbuf_16)
     1    0.060543    0.058593    0.166360   10.313523 v clkbuf_1_0__f_clk_i/X (sky130_fd_sc_hd__clkbuf_16)
                                                         clknet_1_0__leaf_clk_i (net)
                      0.085353    0.013671   10.327194 v u_sram/clk0 (sky130_sram_1kbyte_1rw1r_32x256_8)
     1    0.009656    0.006472    0.383520   10.710714 ^ u_sram/dout0[18] (sky130_sram_1kbyte_1rw1r_32x256_8)
                                                         axi_rdata_o[18] (net)
                      0.004854    0.000091   10.710805 ^ axi_rdata_o[18] (out)
                                             10.710805   data arrival time

                                 20.000000   20.000000   clock clk_i (rise edge)
                                  0.000000   20.000000   clock network delay (propagated)
                                 -0.250000   19.750002   clock uncertainty
                                  0.000000   19.750002   clock reconvergence pessimism
                                 -2.000000   17.750002   output external delay
                                             17.750002   data required time
---------------------------------------------------------------------------------------------
                                             17.750002   data required time
                                            -10.710805   data arrival time
---------------------------------------------------------------------------------------------
                                              7.039196   slack (MET)


Startpoint: u_sram (falling edge-triggered flip-flop clocked by clk_i)
Endpoint: axi_rdata_o[20] (output port clocked by clk_i)
Path Group: clk_i
Path Type: max

Fanout         Cap        Slew       Delay        Time   Description
---------------------------------------------------------------------------------------------
                                 10.000000   10.000000   clock clk_i (fall edge)
                                  0.000000   10.000000   clock source latency
     2    0.071706    0.000000    0.000000   10.000000 v clk_i (in)
                                                         clk_i (net)
                      0.008270    0.004135   10.004135 v clkbuf_0_clk_i/A (sky130_fd_sc_hd__clkbuf_16)
     2    0.036563    0.044347    0.141905   10.146041 v clkbuf_0_clk_i/X (sky130_fd_sc_hd__clkbuf_16)
                                                         clknet_0_clk_i (net)
                      0.044359    0.001123   10.147163 v clkbuf_1_0__f_clk_i/A (sky130_fd_sc_hd__clkbuf_16)
     1    0.060543    0.058593    0.166360   10.313523 v clkbuf_1_0__f_clk_i/X (sky130_fd_sc_hd__clkbuf_16)
                                                         clknet_1_0__leaf_clk_i (net)
                      0.085353    0.013671   10.327194 v u_sram/clk0 (sky130_sram_1kbyte_1rw1r_32x256_8)
     1    0.009158    0.006207    0.380726   10.707920 ^ u_sram/dout0[20] (sky130_sram_1kbyte_1rw1r_32x256_8)
                                                         axi_rdata_o[20] (net)
                      0.004655    0.000085   10.708006 ^ axi_rdata_o[20] (out)
                                             10.708006   data arrival time

                                 20.000000   20.000000   clock clk_i (rise edge)
                                  0.000000   20.000000   clock network delay (propagated)
                                 -0.250000   19.750002   clock uncertainty
                                  0.000000   19.750002   clock reconvergence pessimism
                                 -2.000000   17.750002   output external delay
                                             17.750002   data required time
---------------------------------------------------------------------------------------------
                                             17.750002   data required time
                                            -10.708006   data arrival time
---------------------------------------------------------------------------------------------
                                              7.041996   slack (MET)


Startpoint: u_sram (falling edge-triggered flip-flop clocked by clk_i)
Endpoint: axi_rdata_o[10] (output port clocked by clk_i)
Path Group: clk_i
Path Type: max

Fanout         Cap        Slew       Delay        Time   Description
---------------------------------------------------------------------------------------------
                                 10.000000   10.000000   clock clk_i (fall edge)
                                  0.000000   10.000000   clock source latency
     2    0.071706    0.000000    0.000000   10.000000 v clk_i (in)
                                                         clk_i (net)
                      0.008270    0.004135   10.004135 v clkbuf_0_clk_i/A (sky130_fd_sc_hd__clkbuf_16)
     2    0.036563    0.044347    0.141905   10.146041 v clkbuf_0_clk_i/X (sky130_fd_sc_hd__clkbuf_16)
                                                         clknet_0_clk_i (net)
                      0.044359    0.001123   10.147163 v clkbuf_1_0__f_clk_i/A (sky130_fd_sc_hd__clkbuf_16)
     1    0.060543    0.058593    0.166360   10.313523 v clkbuf_1_0__f_clk_i/X (sky130_fd_sc_hd__clkbuf_16)
                                                         clknet_1_0__leaf_clk_i (net)
                      0.085353    0.013671   10.327194 v u_sram/clk0 (sky130_sram_1kbyte_1rw1r_32x256_8)
     1    0.009009    0.006128    0.379891   10.707086 ^ u_sram/dout0[10] (sky130_sram_1kbyte_1rw1r_32x256_8)
                                                         axi_rdata_o[10] (net)
                      0.004596    0.000083   10.707168 ^ axi_rdata_o[10] (out)
                                             10.707168   data arrival time

                                 20.000000   20.000000   clock clk_i (rise edge)
                                  0.000000   20.000000   clock network delay (propagated)
                                 -0.250000   19.750002   clock uncertainty
                                  0.000000   19.750002   clock reconvergence pessimism
                                 -2.000000   17.750002   output external delay
                                             17.750002   data required time
---------------------------------------------------------------------------------------------
                                             17.750002   data required time
                                            -10.707168   data arrival time
---------------------------------------------------------------------------------------------
                                              7.042833   slack (MET)


Startpoint: u_sram (falling edge-triggered flip-flop clocked by clk_i)
Endpoint: axi_rdata_o[3] (output port clocked by clk_i)
Path Group: clk_i
Path Type: max

Fanout         Cap        Slew       Delay        Time   Description
---------------------------------------------------------------------------------------------
                                 10.000000   10.000000   clock clk_i (fall edge)
                                  0.000000   10.000000   clock source latency
     2    0.071706    0.000000    0.000000   10.000000 v clk_i (in)
                                                         clk_i (net)
                      0.008270    0.004135   10.004135 v clkbuf_0_clk_i/A (sky130_fd_sc_hd__clkbuf_16)
     2    0.036563    0.044347    0.141905   10.146041 v clkbuf_0_clk_i/X (sky130_fd_sc_hd__clkbuf_16)
                                                         clknet_0_clk_i (net)
                      0.044359    0.001123   10.147163 v clkbuf_1_0__f_clk_i/A (sky130_fd_sc_hd__clkbuf_16)
     1    0.060543    0.058593    0.166360   10.313523 v clkbuf_1_0__f_clk_i/X (sky130_fd_sc_hd__clkbuf_16)
                                                         clknet_1_0__leaf_clk_i (net)
                      0.085353    0.013671   10.327194 v u_sram/clk0 (sky130_sram_1kbyte_1rw1r_32x256_8)
     1    0.008572    0.005895    0.377440   10.704635 ^ u_sram/dout0[3] (sky130_sram_1kbyte_1rw1r_32x256_8)
                                                         axi_rdata_o[3] (net)
                      0.004421    0.000078   10.704713 ^ axi_rdata_o[3] (out)
                                             10.704713   data arrival time

                                 20.000000   20.000000   clock clk_i (rise edge)
                                  0.000000   20.000000   clock network delay (propagated)
                                 -0.250000   19.750002   clock uncertainty
                                  0.000000   19.750002   clock reconvergence pessimism
                                 -2.000000   17.750002   output external delay
                                             17.750002   data required time
---------------------------------------------------------------------------------------------
                                             17.750002   data required time
                                            -10.704713   data arrival time
---------------------------------------------------------------------------------------------
                                              7.045288   slack (MET)


Startpoint: u_sram (falling edge-triggered flip-flop clocked by clk_i)
Endpoint: axi_rdata_o[4] (output port clocked by clk_i)
Path Group: clk_i
Path Type: max

Fanout         Cap        Slew       Delay        Time   Description
---------------------------------------------------------------------------------------------
                                 10.000000   10.000000   clock clk_i (fall edge)
                                  0.000000   10.000000   clock source latency
     2    0.071706    0.000000    0.000000   10.000000 v clk_i (in)
                                                         clk_i (net)
                      0.008270    0.004135   10.004135 v clkbuf_0_clk_i/A (sky130_fd_sc_hd__clkbuf_16)
     2    0.036563    0.044347    0.141905   10.146041 v clkbuf_0_clk_i/X (sky130_fd_sc_hd__clkbuf_16)
                                                         clknet_0_clk_i (net)
                      0.044359    0.001123   10.147163 v clkbuf_1_0__f_clk_i/A (sky130_fd_sc_hd__clkbuf_16)
     1    0.060543    0.058593    0.166360   10.313523 v clkbuf_1_0__f_clk_i/X (sky130_fd_sc_hd__clkbuf_16)
                                                         clknet_1_0__leaf_clk_i (net)
                      0.085353    0.013671   10.327194 v u_sram/clk0 (sky130_sram_1kbyte_1rw1r_32x256_8)
     1    0.008529    0.005872    0.377198   10.704392 ^ u_sram/dout0[4] (sky130_sram_1kbyte_1rw1r_32x256_8)
                                                         axi_rdata_o[4] (net)
                      0.004404    0.000077   10.704470 ^ axi_rdata_o[4] (out)
                                             10.704470   data arrival time

                                 20.000000   20.000000   clock clk_i (rise edge)
                                  0.000000   20.000000   clock network delay (propagated)
                                 -0.250000   19.750002   clock uncertainty
                                  0.000000   19.750002   clock reconvergence pessimism
                                 -2.000000   17.750002   output external delay
                                             17.750002   data required time
---------------------------------------------------------------------------------------------
                                             17.750002   data required time
                                            -10.704470   data arrival time
---------------------------------------------------------------------------------------------
                                              7.045531   slack (MET)


Startpoint: u_sram (falling edge-triggered flip-flop clocked by clk_i)
Endpoint: axi_rdata_o[6] (output port clocked by clk_i)
Path Group: clk_i
Path Type: max

Fanout         Cap        Slew       Delay        Time   Description
---------------------------------------------------------------------------------------------
                                 10.000000   10.000000   clock clk_i (fall edge)
                                  0.000000   10.000000   clock source latency
     2    0.071706    0.000000    0.000000   10.000000 v clk_i (in)
                                                         clk_i (net)
                      0.008270    0.004135   10.004135 v clkbuf_0_clk_i/A (sky130_fd_sc_hd__clkbuf_16)
     2    0.036563    0.044347    0.141905   10.146041 v clkbuf_0_clk_i/X (sky130_fd_sc_hd__clkbuf_16)
                                                         clknet_0_clk_i (net)
                      0.044359    0.001123   10.147163 v clkbuf_1_0__f_clk_i/A (sky130_fd_sc_hd__clkbuf_16)
     1    0.060543    0.058593    0.166360   10.313523 v clkbuf_1_0__f_clk_i/X (sky130_fd_sc_hd__clkbuf_16)
                                                         clknet_1_0__leaf_clk_i (net)
                      0.085353    0.013671   10.327194 v u_sram/clk0 (sky130_sram_1kbyte_1rw1r_32x256_8)
     1    0.008529    0.005872    0.377201   10.704395 ^ u_sram/dout0[6] (sky130_sram_1kbyte_1rw1r_32x256_8)
                                                         axi_rdata_o[6] (net)
                      0.004404    0.000077   10.704473 ^ axi_rdata_o[6] (out)
                                             10.704473   data arrival time

                                 20.000000   20.000000   clock clk_i (rise edge)
                                  0.000000   20.000000   clock network delay (propagated)
                                 -0.250000   19.750002   clock uncertainty
                                  0.000000   19.750002   clock reconvergence pessimism
                                 -2.000000   17.750002   output external delay
                                             17.750002   data required time
---------------------------------------------------------------------------------------------
                                             17.750002   data required time
                                            -10.704473   data arrival time
---------------------------------------------------------------------------------------------
                                              7.045529   slack (MET)


Startpoint: u_sram (falling edge-triggered flip-flop clocked by clk_i)
Endpoint: axi_rdata_o[8] (output port clocked by clk_i)
Path Group: clk_i
Path Type: max

Fanout         Cap        Slew       Delay        Time   Description
---------------------------------------------------------------------------------------------
                                 10.000000   10.000000   clock clk_i (fall edge)
                                  0.000000   10.000000   clock source latency
     2    0.071706    0.000000    0.000000   10.000000 v clk_i (in)
                                                         clk_i (net)
                      0.008270    0.004135   10.004135 v clkbuf_0_clk_i/A (sky130_fd_sc_hd__clkbuf_16)
     2    0.036563    0.044347    0.141905   10.146041 v clkbuf_0_clk_i/X (sky130_fd_sc_hd__clkbuf_16)
                                                         clknet_0_clk_i (net)
                      0.044359    0.001123   10.147163 v clkbuf_1_0__f_clk_i/A (sky130_fd_sc_hd__clkbuf_16)
     1    0.060543    0.058593    0.166360   10.313523 v clkbuf_1_0__f_clk_i/X (sky130_fd_sc_hd__clkbuf_16)
                                                         clknet_1_0__leaf_clk_i (net)
                      0.085353    0.013671   10.327194 v u_sram/clk0 (sky130_sram_1kbyte_1rw1r_32x256_8)
     1    0.008527    0.005871    0.377189   10.704384 ^ u_sram/dout0[8] (sky130_sram_1kbyte_1rw1r_32x256_8)
                                                         axi_rdata_o[8] (net)
                      0.004404    0.000077   10.704461 ^ axi_rdata_o[8] (out)
                                             10.704461   data arrival time

                                 20.000000   20.000000   clock clk_i (rise edge)
                                  0.000000   20.000000   clock network delay (propagated)
                                 -0.250000   19.750002   clock uncertainty
                                  0.000000   19.750002   clock reconvergence pessimism
                                 -2.000000   17.750002   output external delay
                                             17.750002   data required time
---------------------------------------------------------------------------------------------
                                             17.750002   data required time
                                            -10.704461   data arrival time
---------------------------------------------------------------------------------------------
                                              7.045540   slack (MET)


Startpoint: u_sram (falling edge-triggered flip-flop clocked by clk_i)
Endpoint: axi_rdata_o[5] (output port clocked by clk_i)
Path Group: clk_i
Path Type: max

Fanout         Cap        Slew       Delay        Time   Description
---------------------------------------------------------------------------------------------
                                 10.000000   10.000000   clock clk_i (fall edge)
                                  0.000000   10.000000   clock source latency
     2    0.071706    0.000000    0.000000   10.000000 v clk_i (in)
                                                         clk_i (net)
                      0.008270    0.004135   10.004135 v clkbuf_0_clk_i/A (sky130_fd_sc_hd__clkbuf_16)
     2    0.036563    0.044347    0.141905   10.146041 v clkbuf_0_clk_i/X (sky130_fd_sc_hd__clkbuf_16)
                                                         clknet_0_clk_i (net)
                      0.044359    0.001123   10.147163 v clkbuf_1_0__f_clk_i/A (sky130_fd_sc_hd__clkbuf_16)
     1    0.060543    0.058593    0.166360   10.313523 v clkbuf_1_0__f_clk_i/X (sky130_fd_sc_hd__clkbuf_16)
                                                         clknet_1_0__leaf_clk_i (net)
                      0.085353    0.013671   10.327194 v u_sram/clk0 (sky130_sram_1kbyte_1rw1r_32x256_8)
     1    0.008510    0.005862    0.377089   10.704284 ^ u_sram/dout0[5] (sky130_sram_1kbyte_1rw1r_32x256_8)
                                                         axi_rdata_o[5] (net)
                      0.004396    0.000075   10.704359 ^ axi_rdata_o[5] (out)
                                             10.704359   data arrival time

                                 20.000000   20.000000   clock clk_i (rise edge)
                                  0.000000   20.000000   clock network delay (propagated)
                                 -0.250000   19.750002   clock uncertainty
                                  0.000000   19.750002   clock reconvergence pessimism
                                 -2.000000   17.750002   output external delay
                                             17.750002   data required time
---------------------------------------------------------------------------------------------
                                             17.750002   data required time
                                            -10.704359   data arrival time
---------------------------------------------------------------------------------------------
                                              7.045641   slack (MET)


Startpoint: u_sram (falling edge-triggered flip-flop clocked by clk_i)
Endpoint: axi_rdata_o[7] (output port clocked by clk_i)
Path Group: clk_i
Path Type: max

Fanout         Cap        Slew       Delay        Time   Description
---------------------------------------------------------------------------------------------
                                 10.000000   10.000000   clock clk_i (fall edge)
                                  0.000000   10.000000   clock source latency
     2    0.071706    0.000000    0.000000   10.000000 v clk_i (in)
                                                         clk_i (net)
                      0.008270    0.004135   10.004135 v clkbuf_0_clk_i/A (sky130_fd_sc_hd__clkbuf_16)
     2    0.036563    0.044347    0.141905   10.146041 v clkbuf_0_clk_i/X (sky130_fd_sc_hd__clkbuf_16)
                                                         clknet_0_clk_i (net)
                      0.044359    0.001123   10.147163 v clkbuf_1_0__f_clk_i/A (sky130_fd_sc_hd__clkbuf_16)
     1    0.060543    0.058593    0.166360   10.313523 v clkbuf_1_0__f_clk_i/X (sky130_fd_sc_hd__clkbuf_16)
                                                         clknet_1_0__leaf_clk_i (net)
                      0.085353    0.013671   10.327194 v u_sram/clk0 (sky130_sram_1kbyte_1rw1r_32x256_8)
     1    0.008455    0.005833    0.376784   10.703979 ^ u_sram/dout0[7] (sky130_sram_1kbyte_1rw1r_32x256_8)
                                                         axi_rdata_o[7] (net)
                      0.004375    0.000076   10.704055 ^ axi_rdata_o[7] (out)
                                             10.704055   data arrival time

                                 20.000000   20.000000   clock clk_i (rise edge)
                                  0.000000   20.000000   clock network delay (propagated)
                                 -0.250000   19.750002   clock uncertainty
                                  0.000000   19.750002   clock reconvergence pessimism
                                 -2.000000   17.750002   output external delay
                                             17.750002   data required time
---------------------------------------------------------------------------------------------
                                             17.750002   data required time
                                            -10.704055   data arrival time
---------------------------------------------------------------------------------------------
                                              7.045946   slack (MET)


Startpoint: u_sram (falling edge-triggered flip-flop clocked by clk_i)
Endpoint: axi_rdata_o[17] (output port clocked by clk_i)
Path Group: clk_i
Path Type: max

Fanout         Cap        Slew       Delay        Time   Description
---------------------------------------------------------------------------------------------
                                 10.000000   10.000000   clock clk_i (fall edge)
                                  0.000000   10.000000   clock source latency
     2    0.071706    0.000000    0.000000   10.000000 v clk_i (in)
                                                         clk_i (net)
                      0.008270    0.004135   10.004135 v clkbuf_0_clk_i/A (sky130_fd_sc_hd__clkbuf_16)
     2    0.036563    0.044347    0.141905   10.146041 v clkbuf_0_clk_i/X (sky130_fd_sc_hd__clkbuf_16)
                                                         clknet_0_clk_i (net)
                      0.044359    0.001123   10.147163 v clkbuf_1_0__f_clk_i/A (sky130_fd_sc_hd__clkbuf_16)
     1    0.060543    0.058593    0.166360   10.313523 v clkbuf_1_0__f_clk_i/X (sky130_fd_sc_hd__clkbuf_16)
                                                         clknet_1_0__leaf_clk_i (net)
                      0.085353    0.013671   10.327194 v u_sram/clk0 (sky130_sram_1kbyte_1rw1r_32x256_8)
     1    0.008379    0.005792    0.376355   10.703549 ^ u_sram/dout0[17] (sky130_sram_1kbyte_1rw1r_32x256_8)
                                                         axi_rdata_o[17] (net)
                      0.004344    0.000064   10.703613 ^ axi_rdata_o[17] (out)
                                             10.703613   data arrival time

                                 20.000000   20.000000   clock clk_i (rise edge)
                                  0.000000   20.000000   clock network delay (propagated)
                                 -0.250000   19.750002   clock uncertainty
                                  0.000000   19.750002   clock reconvergence pessimism
                                 -2.000000   17.750002   output external delay
                                             17.750002   data required time
---------------------------------------------------------------------------------------------
                                             17.750002   data required time
                                            -10.703613   data arrival time
---------------------------------------------------------------------------------------------
                                              7.046388   slack (MET)


Startpoint: u_sram (falling edge-triggered flip-flop clocked by clk_i)
Endpoint: axi_rdata_o[24] (output port clocked by clk_i)
Path Group: clk_i
Path Type: max

Fanout         Cap        Slew       Delay        Time   Description
---------------------------------------------------------------------------------------------
                                 10.000000   10.000000   clock clk_i (fall edge)
                                  0.000000   10.000000   clock source latency
     2    0.071706    0.000000    0.000000   10.000000 v clk_i (in)
                                                         clk_i (net)
                      0.008270    0.004135   10.004135 v clkbuf_0_clk_i/A (sky130_fd_sc_hd__clkbuf_16)
     2    0.036563    0.044347    0.141905   10.146041 v clkbuf_0_clk_i/X (sky130_fd_sc_hd__clkbuf_16)
                                                         clknet_0_clk_i (net)
                      0.044359    0.001123   10.147163 v clkbuf_1_0__f_clk_i/A (sky130_fd_sc_hd__clkbuf_16)
     1    0.060543    0.058593    0.166360   10.313523 v clkbuf_1_0__f_clk_i/X (sky130_fd_sc_hd__clkbuf_16)
                                                         clknet_1_0__leaf_clk_i (net)
                      0.085353    0.013671   10.327194 v u_sram/clk0 (sky130_sram_1kbyte_1rw1r_32x256_8)
     1    0.008331    0.005767    0.376089   10.703283 ^ u_sram/dout0[24] (sky130_sram_1kbyte_1rw1r_32x256_8)
                                                         axi_rdata_o[24] (net)
                      0.004325    0.000082   10.703364 ^ axi_rdata_o[24] (out)
                                             10.703364   data arrival time

                                 20.000000   20.000000   clock clk_i (rise edge)
                                  0.000000   20.000000   clock network delay (propagated)
                                 -0.250000   19.750002   clock uncertainty
                                  0.000000   19.750002   clock reconvergence pessimism
                                 -2.000000   17.750002   output external delay
                                             17.750002   data required time
---------------------------------------------------------------------------------------------
                                             17.750002   data required time
                                            -10.703364   data arrival time
---------------------------------------------------------------------------------------------
                                              7.046637   slack (MET)


Startpoint: u_sram (falling edge-triggered flip-flop clocked by clk_i)
Endpoint: axi_rdata_o[0] (output port clocked by clk_i)
Path Group: clk_i
Path Type: max

Fanout         Cap        Slew       Delay        Time   Description
---------------------------------------------------------------------------------------------
                                 10.000000   10.000000   clock clk_i (fall edge)
                                  0.000000   10.000000   clock source latency
     2    0.071706    0.000000    0.000000   10.000000 v clk_i (in)
                                                         clk_i (net)
                      0.008270    0.004135   10.004135 v clkbuf_0_clk_i/A (sky130_fd_sc_hd__clkbuf_16)
     2    0.036563    0.044347    0.141905   10.146041 v clkbuf_0_clk_i/X (sky130_fd_sc_hd__clkbuf_16)
                                                         clknet_0_clk_i (net)
                      0.044359    0.001123   10.147163 v clkbuf_1_0__f_clk_i/A (sky130_fd_sc_hd__clkbuf_16)
     1    0.060543    0.058593    0.166360   10.313523 v clkbuf_1_0__f_clk_i/X (sky130_fd_sc_hd__clkbuf_16)
                                                         clknet_1_0__leaf_clk_i (net)
                      0.085353    0.013671   10.327194 v u_sram/clk0 (sky130_sram_1kbyte_1rw1r_32x256_8)
     1    0.008262    0.005730    0.375697   10.702891 ^ u_sram/dout0[0] (sky130_sram_1kbyte_1rw1r_32x256_8)
                                                         axi_rdata_o[0] (net)
                      0.004297    0.000073   10.702964 ^ axi_rdata_o[0] (out)
                                             10.702964   data arrival time

                                 20.000000   20.000000   clock clk_i (rise edge)
                                  0.000000   20.000000   clock network delay (propagated)
                                 -0.250000   19.750002   clock uncertainty
                                  0.000000   19.750002   clock reconvergence pessimism
                                 -2.000000   17.750002   output external delay
                                             17.750002   data required time
---------------------------------------------------------------------------------------------
                                             17.750002   data required time
                                            -10.702964   data arrival time
---------------------------------------------------------------------------------------------
                                              7.047037   slack (MET)


Startpoint: u_sram (falling edge-triggered flip-flop clocked by clk_i)
Endpoint: axi_rdata_o[14] (output port clocked by clk_i)
Path Group: clk_i
Path Type: max

Fanout         Cap        Slew       Delay        Time   Description
---------------------------------------------------------------------------------------------
                                 10.000000   10.000000   clock clk_i (fall edge)
                                  0.000000   10.000000   clock source latency
     2    0.071706    0.000000    0.000000   10.000000 v clk_i (in)
                                                         clk_i (net)
                      0.008270    0.004135   10.004135 v clkbuf_0_clk_i/A (sky130_fd_sc_hd__clkbuf_16)
     2    0.036563    0.044347    0.141905   10.146041 v clkbuf_0_clk_i/X (sky130_fd_sc_hd__clkbuf_16)
                                                         clknet_0_clk_i (net)
                      0.044359    0.001123   10.147163 v clkbuf_1_0__f_clk_i/A (sky130_fd_sc_hd__clkbuf_16)
     1    0.060543    0.058593    0.166360   10.313523 v clkbuf_1_0__f_clk_i/X (sky130_fd_sc_hd__clkbuf_16)
                                                         clknet_1_0__leaf_clk_i (net)
                      0.085353    0.013671   10.327194 v u_sram/clk0 (sky130_sram_1kbyte_1rw1r_32x256_8)
     1    0.008255    0.005726    0.375660   10.702854 ^ u_sram/dout0[14] (sky130_sram_1kbyte_1rw1r_32x256_8)
                                                         axi_rdata_o[14] (net)
                      0.004295    0.000073   10.702927 ^ axi_rdata_o[14] (out)
                                             10.702927   data arrival time

                                 20.000000   20.000000   clock clk_i (rise edge)
                                  0.000000   20.000000   clock network delay (propagated)
                                 -0.250000   19.750002   clock uncertainty
                                  0.000000   19.750002   clock reconvergence pessimism
                                 -2.000000   17.750002   output external delay
                                             17.750002   data required time
---------------------------------------------------------------------------------------------
                                             17.750002   data required time
                                            -10.702927   data arrival time
---------------------------------------------------------------------------------------------
                                              7.047074   slack (MET)


Startpoint: u_sram (falling edge-triggered flip-flop clocked by clk_i)
Endpoint: axi_rdata_o[2] (output port clocked by clk_i)
Path Group: clk_i
Path Type: max

Fanout         Cap        Slew       Delay        Time   Description
---------------------------------------------------------------------------------------------
                                 10.000000   10.000000   clock clk_i (fall edge)
                                  0.000000   10.000000   clock source latency
     2    0.071706    0.000000    0.000000   10.000000 v clk_i (in)
                                                         clk_i (net)
                      0.008270    0.004135   10.004135 v clkbuf_0_clk_i/A (sky130_fd_sc_hd__clkbuf_16)
     2    0.036563    0.044347    0.141905   10.146041 v clkbuf_0_clk_i/X (sky130_fd_sc_hd__clkbuf_16)
                                                         clknet_0_clk_i (net)
                      0.044359    0.001123   10.147163 v clkbuf_1_0__f_clk_i/A (sky130_fd_sc_hd__clkbuf_16)
     1    0.060543    0.058593    0.166360   10.313523 v clkbuf_1_0__f_clk_i/X (sky130_fd_sc_hd__clkbuf_16)
                                                         clknet_1_0__leaf_clk_i (net)
                      0.085353    0.013671   10.327194 v u_sram/clk0 (sky130_sram_1kbyte_1rw1r_32x256_8)
     1    0.008238    0.005717    0.375565   10.702760 ^ u_sram/dout0[2] (sky130_sram_1kbyte_1rw1r_32x256_8)
                                                         axi_rdata_o[2] (net)
                      0.004288    0.000072   10.702832 ^ axi_rdata_o[2] (out)
                                             10.702832   data arrival time

                                 20.000000   20.000000   clock clk_i (rise edge)
                                  0.000000   20.000000   clock network delay (propagated)
                                 -0.250000   19.750002   clock uncertainty
                                  0.000000   19.750002   clock reconvergence pessimism
                                 -2.000000   17.750002   output external delay
                                             17.750002   data required time
---------------------------------------------------------------------------------------------
                                             17.750002   data required time
                                            -10.702832   data arrival time
---------------------------------------------------------------------------------------------
                                              7.047169   slack (MET)


Startpoint: u_sram (falling edge-triggered flip-flop clocked by clk_i)
Endpoint: axi_rdata_o[1] (output port clocked by clk_i)
Path Group: clk_i
Path Type: max

Fanout         Cap        Slew       Delay        Time   Description
---------------------------------------------------------------------------------------------
                                 10.000000   10.000000   clock clk_i (fall edge)
                                  0.000000   10.000000   clock source latency
     2    0.071706    0.000000    0.000000   10.000000 v clk_i (in)
                                                         clk_i (net)
                      0.008270    0.004135   10.004135 v clkbuf_0_clk_i/A (sky130_fd_sc_hd__clkbuf_16)
     2    0.036563    0.044347    0.141905   10.146041 v clkbuf_0_clk_i/X (sky130_fd_sc_hd__clkbuf_16)
                                                         clknet_0_clk_i (net)
                      0.044359    0.001123   10.147163 v clkbuf_1_0__f_clk_i/A (sky130_fd_sc_hd__clkbuf_16)
     1    0.060543    0.058593    0.166360   10.313523 v clkbuf_1_0__f_clk_i/X (sky130_fd_sc_hd__clkbuf_16)
                                                         clknet_1_0__leaf_clk_i (net)
                      0.085353    0.013671   10.327194 v u_sram/clk0 (sky130_sram_1kbyte_1rw1r_32x256_8)
     1    0.008224    0.005710    0.375487   10.702682 ^ u_sram/dout0[1] (sky130_sram_1kbyte_1rw1r_32x256_8)
                                                         axi_rdata_o[1] (net)
                      0.004282    0.000072   10.702754 ^ axi_rdata_o[1] (out)
                                             10.702754   data arrival time

                                 20.000000   20.000000   clock clk_i (rise edge)
                                  0.000000   20.000000   clock network delay (propagated)
                                 -0.250000   19.750002   clock uncertainty
                                  0.000000   19.750002   clock reconvergence pessimism
                                 -2.000000   17.750002   output external delay
                                             17.750002   data required time
---------------------------------------------------------------------------------------------
                                             17.750002   data required time
                                            -10.702754   data arrival time
---------------------------------------------------------------------------------------------
                                              7.047247   slack (MET)


Startpoint: u_sram (falling edge-triggered flip-flop clocked by clk_i)
Endpoint: axi_rdata_o[16] (output port clocked by clk_i)
Path Group: clk_i
Path Type: max

Fanout         Cap        Slew       Delay        Time   Description
---------------------------------------------------------------------------------------------
                                 10.000000   10.000000   clock clk_i (fall edge)
                                  0.000000   10.000000   clock source latency
     2    0.071706    0.000000    0.000000   10.000000 v clk_i (in)
                                                         clk_i (net)
                      0.008270    0.004135   10.004135 v clkbuf_0_clk_i/A (sky130_fd_sc_hd__clkbuf_16)
     2    0.036563    0.044347    0.141905   10.146041 v clkbuf_0_clk_i/X (sky130_fd_sc_hd__clkbuf_16)
                                                         clknet_0_clk_i (net)
                      0.044359    0.001123   10.147163 v clkbuf_1_0__f_clk_i/A (sky130_fd_sc_hd__clkbuf_16)
     1    0.060543    0.058593    0.166360   10.313523 v clkbuf_1_0__f_clk_i/X (sky130_fd_sc_hd__clkbuf_16)
                                                         clknet_1_0__leaf_clk_i (net)
                      0.085353    0.013671   10.327194 v u_sram/clk0 (sky130_sram_1kbyte_1rw1r_32x256_8)
     1    0.008214    0.005705    0.375431   10.702626 ^ u_sram/dout0[16] (sky130_sram_1kbyte_1rw1r_32x256_8)
                                                         axi_rdata_o[16] (net)
                      0.004279    0.000071   10.702697 ^ axi_rdata_o[16] (out)
                                             10.702697   data arrival time

                                 20.000000   20.000000   clock clk_i (rise edge)
                                  0.000000   20.000000   clock network delay (propagated)
                                 -0.250000   19.750002   clock uncertainty
                                  0.000000   19.750002   clock reconvergence pessimism
                                 -2.000000   17.750002   output external delay
                                             17.750002   data required time
---------------------------------------------------------------------------------------------
                                             17.750002   data required time
                                            -10.702697   data arrival time
---------------------------------------------------------------------------------------------
                                              7.047304   slack (MET)


Startpoint: u_sram (falling edge-triggered flip-flop clocked by clk_i)
Endpoint: axi_rdata_o[23] (output port clocked by clk_i)
Path Group: clk_i
Path Type: max

Fanout         Cap        Slew       Delay        Time   Description
---------------------------------------------------------------------------------------------
                                 10.000000   10.000000   clock clk_i (fall edge)
                                  0.000000   10.000000   clock source latency
     2    0.071706    0.000000    0.000000   10.000000 v clk_i (in)
                                                         clk_i (net)
                      0.008270    0.004135   10.004135 v clkbuf_0_clk_i/A (sky130_fd_sc_hd__clkbuf_16)
     2    0.036563    0.044347    0.141905   10.146041 v clkbuf_0_clk_i/X (sky130_fd_sc_hd__clkbuf_16)
                                                         clknet_0_clk_i (net)
                      0.044359    0.001123   10.147163 v clkbuf_1_0__f_clk_i/A (sky130_fd_sc_hd__clkbuf_16)
     1    0.060543    0.058593    0.166360   10.313523 v clkbuf_1_0__f_clk_i/X (sky130_fd_sc_hd__clkbuf_16)
                                                         clknet_1_0__leaf_clk_i (net)
                      0.085353    0.013671   10.327194 v u_sram/clk0 (sky130_sram_1kbyte_1rw1r_32x256_8)
     1    0.007909    0.005542    0.373721   10.700915 ^ u_sram/dout0[23] (sky130_sram_1kbyte_1rw1r_32x256_8)
                                                         axi_rdata_o[23] (net)
                      0.004157    0.000077   10.700993 ^ axi_rdata_o[23] (out)
                                             10.700993   data arrival time

                                 20.000000   20.000000   clock clk_i (rise edge)
                                  0.000000   20.000000   clock network delay (propagated)
                                 -0.250000   19.750002   clock uncertainty
                                  0.000000   19.750002   clock reconvergence pessimism
                                 -2.000000   17.750002   output external delay
                                             17.750002   data required time
---------------------------------------------------------------------------------------------
                                             17.750002   data required time
                                            -10.700993   data arrival time
---------------------------------------------------------------------------------------------
                                              7.049009   slack (MET)


Startpoint: u_sram (falling edge-triggered flip-flop clocked by clk_i)
Endpoint: axi_rdata_o[15] (output port clocked by clk_i)
Path Group: clk_i
Path Type: max

Fanout         Cap        Slew       Delay        Time   Description
---------------------------------------------------------------------------------------------
                                 10.000000   10.000000   clock clk_i (fall edge)
                                  0.000000   10.000000   clock source latency
     2    0.071706    0.000000    0.000000   10.000000 v clk_i (in)
                                                         clk_i (net)
                      0.008270    0.004135   10.004135 v clkbuf_0_clk_i/A (sky130_fd_sc_hd__clkbuf_16)
     2    0.036563    0.044347    0.141905   10.146041 v clkbuf_0_clk_i/X (sky130_fd_sc_hd__clkbuf_16)
                                                         clknet_0_clk_i (net)
                      0.044359    0.001123   10.147163 v clkbuf_1_0__f_clk_i/A (sky130_fd_sc_hd__clkbuf_16)
     1    0.060543    0.058593    0.166360   10.313523 v clkbuf_1_0__f_clk_i/X (sky130_fd_sc_hd__clkbuf_16)
                                                         clknet_1_0__leaf_clk_i (net)
                      0.085353    0.013671   10.327194 v u_sram/clk0 (sky130_sram_1kbyte_1rw1r_32x256_8)
     1    0.007770    0.005468    0.372939   10.700133 ^ u_sram/dout0[15] (sky130_sram_1kbyte_1rw1r_32x256_8)
                                                         axi_rdata_o[15] (net)
                      0.004101    0.000066   10.700199 ^ axi_rdata_o[15] (out)
                                             10.700199   data arrival time

                                 20.000000   20.000000   clock clk_i (rise edge)
                                  0.000000   20.000000   clock network delay (propagated)
                                 -0.250000   19.750002   clock uncertainty
                                  0.000000   19.750002   clock reconvergence pessimism
                                 -2.000000   17.750002   output external delay
                                             17.750002   data required time
---------------------------------------------------------------------------------------------
                                             17.750002   data required time
                                            -10.700199   data arrival time
---------------------------------------------------------------------------------------------
                                              7.049802   slack (MET)


Startpoint: u_sram (falling edge-triggered flip-flop clocked by clk_i)
Endpoint: axi_rdata_o[19] (output port clocked by clk_i)
Path Group: clk_i
Path Type: max

Fanout         Cap        Slew       Delay        Time   Description
---------------------------------------------------------------------------------------------
                                 10.000000   10.000000   clock clk_i (fall edge)
                                  0.000000   10.000000   clock source latency
     2    0.071706    0.000000    0.000000   10.000000 v clk_i (in)
                                                         clk_i (net)
                      0.008270    0.004135   10.004135 v clkbuf_0_clk_i/A (sky130_fd_sc_hd__clkbuf_16)
     2    0.036563    0.044347    0.141905   10.146041 v clkbuf_0_clk_i/X (sky130_fd_sc_hd__clkbuf_16)
                                                         clknet_0_clk_i (net)
                      0.044359    0.001123   10.147163 v clkbuf_1_0__f_clk_i/A (sky130_fd_sc_hd__clkbuf_16)
     1    0.060543    0.058593    0.166360   10.313523 v clkbuf_1_0__f_clk_i/X (sky130_fd_sc_hd__clkbuf_16)
                                                         clknet_1_0__leaf_clk_i (net)
                      0.085353    0.013671   10.327194 v u_sram/clk0 (sky130_sram_1kbyte_1rw1r_32x256_8)
     1    0.007762    0.005464    0.372896   10.700090 ^ u_sram/dout0[19] (sky130_sram_1kbyte_1rw1r_32x256_8)
                                                         axi_rdata_o[19] (net)
                      0.004098    0.000069   10.700159 ^ axi_rdata_o[19] (out)
                                             10.700159   data arrival time

                                 20.000000   20.000000   clock clk_i (rise edge)
                                  0.000000   20.000000   clock network delay (propagated)
                                 -0.250000   19.750002   clock uncertainty
                                  0.000000   19.750002   clock reconvergence pessimism
                                 -2.000000   17.750002   output external delay
                                             17.750002   data required time
---------------------------------------------------------------------------------------------
                                             17.750002   data required time
                                            -10.700159   data arrival time
---------------------------------------------------------------------------------------------
                                              7.049842   slack (MET)


Startpoint: u_sram (falling edge-triggered flip-flop clocked by clk_i)
Endpoint: axi_rdata_o[11] (output port clocked by clk_i)
Path Group: clk_i
Path Type: max

Fanout         Cap        Slew       Delay        Time   Description
---------------------------------------------------------------------------------------------
                                 10.000000   10.000000   clock clk_i (fall edge)
                                  0.000000   10.000000   clock source latency
     2    0.071706    0.000000    0.000000   10.000000 v clk_i (in)
                                                         clk_i (net)
                      0.008270    0.004135   10.004135 v clkbuf_0_clk_i/A (sky130_fd_sc_hd__clkbuf_16)
     2    0.036563    0.044347    0.141905   10.146041 v clkbuf_0_clk_i/X (sky130_fd_sc_hd__clkbuf_16)
                                                         clknet_0_clk_i (net)
                      0.044359    0.001123   10.147163 v clkbuf_1_0__f_clk_i/A (sky130_fd_sc_hd__clkbuf_16)
     1    0.060543    0.058593    0.166360   10.313523 v clkbuf_1_0__f_clk_i/X (sky130_fd_sc_hd__clkbuf_16)
                                                         clknet_1_0__leaf_clk_i (net)
                      0.085353    0.013671   10.327194 v u_sram/clk0 (sky130_sram_1kbyte_1rw1r_32x256_8)
     1    0.007756    0.005461    0.372862   10.700056 ^ u_sram/dout0[11] (sky130_sram_1kbyte_1rw1r_32x256_8)
                                                         axi_rdata_o[11] (net)
                      0.004096    0.000066   10.700122 ^ axi_rdata_o[11] (out)
                                             10.700122   data arrival time

                                 20.000000   20.000000   clock clk_i (rise edge)
                                  0.000000   20.000000   clock network delay (propagated)
                                 -0.250000   19.750002   clock uncertainty
                                  0.000000   19.750002   clock reconvergence pessimism
                                 -2.000000   17.750002   output external delay
                                             17.750002   data required time
---------------------------------------------------------------------------------------------
                                             17.750002   data required time
                                            -10.700122   data arrival time
---------------------------------------------------------------------------------------------
                                              7.049879   slack (MET)


Startpoint: u_sram (falling edge-triggered flip-flop clocked by clk_i)
Endpoint: axi_rdata_o[12] (output port clocked by clk_i)
Path Group: clk_i
Path Type: max

Fanout         Cap        Slew       Delay        Time   Description
---------------------------------------------------------------------------------------------
                                 10.000000   10.000000   clock clk_i (fall edge)
                                  0.000000   10.000000   clock source latency
     2    0.071706    0.000000    0.000000   10.000000 v clk_i (in)
                                                         clk_i (net)
                      0.008270    0.004135   10.004135 v clkbuf_0_clk_i/A (sky130_fd_sc_hd__clkbuf_16)
     2    0.036563    0.044347    0.141905   10.146041 v clkbuf_0_clk_i/X (sky130_fd_sc_hd__clkbuf_16)
                                                         clknet_0_clk_i (net)
                      0.044359    0.001123   10.147163 v clkbuf_1_0__f_clk_i/A (sky130_fd_sc_hd__clkbuf_16)
     1    0.060543    0.058593    0.166360   10.313523 v clkbuf_1_0__f_clk_i/X (sky130_fd_sc_hd__clkbuf_16)
                                                         clknet_1_0__leaf_clk_i (net)
                      0.085353    0.013671   10.327194 v u_sram/clk0 (sky130_sram_1kbyte_1rw1r_32x256_8)
     1    0.007745    0.005455    0.372798   10.699992 ^ u_sram/dout0[12] (sky130_sram_1kbyte_1rw1r_32x256_8)
                                                         axi_rdata_o[12] (net)
                      0.004091    0.000065   10.700057 ^ axi_rdata_o[12] (out)
                                             10.700057   data arrival time

                                 20.000000   20.000000   clock clk_i (rise edge)
                                  0.000000   20.000000   clock network delay (propagated)
                                 -0.250000   19.750002   clock uncertainty
                                  0.000000   19.750002   clock reconvergence pessimism
                                 -2.000000   17.750002   output external delay
                                             17.750002   data required time
---------------------------------------------------------------------------------------------
                                             17.750002   data required time
                                            -10.700057   data arrival time
---------------------------------------------------------------------------------------------
                                              7.049944   slack (MET)


Startpoint: u_sram (falling edge-triggered flip-flop clocked by clk_i)
Endpoint: axi_rdata_o[22] (output port clocked by clk_i)
Path Group: clk_i
Path Type: max

Fanout         Cap        Slew       Delay        Time   Description
---------------------------------------------------------------------------------------------
                                 10.000000   10.000000   clock clk_i (fall edge)
                                  0.000000   10.000000   clock source latency
     2    0.071706    0.000000    0.000000   10.000000 v clk_i (in)
                                                         clk_i (net)
                      0.008270    0.004135   10.004135 v clkbuf_0_clk_i/A (sky130_fd_sc_hd__clkbuf_16)
     2    0.036563    0.044347    0.141905   10.146041 v clkbuf_0_clk_i/X (sky130_fd_sc_hd__clkbuf_16)
                                                         clknet_0_clk_i (net)
                      0.044359    0.001123   10.147163 v clkbuf_1_0__f_clk_i/A (sky130_fd_sc_hd__clkbuf_16)
     1    0.060543    0.058593    0.166360   10.313523 v clkbuf_1_0__f_clk_i/X (sky130_fd_sc_hd__clkbuf_16)
                                                         clknet_1_0__leaf_clk_i (net)
                      0.085353    0.013671   10.327194 v u_sram/clk0 (sky130_sram_1kbyte_1rw1r_32x256_8)
     1    0.007700    0.005431    0.372546   10.699740 ^ u_sram/dout0[22] (sky130_sram_1kbyte_1rw1r_32x256_8)
                                                         axi_rdata_o[22] (net)
                      0.004073    0.000064   10.699804 ^ axi_rdata_o[22] (out)
                                             10.699804   data arrival time

                                 20.000000   20.000000   clock clk_i (rise edge)
                                  0.000000   20.000000   clock network delay (propagated)
                                 -0.250000   19.750002   clock uncertainty
                                  0.000000   19.750002   clock reconvergence pessimism
                                 -2.000000   17.750002   output external delay
                                             17.750002   data required time
---------------------------------------------------------------------------------------------
                                             17.750002   data required time
                                            -10.699804   data arrival time
---------------------------------------------------------------------------------------------
                                              7.050197   slack (MET)


Startpoint: u_sram (falling edge-triggered flip-flop clocked by clk_i)
Endpoint: axi_rdata_o[13] (output port clocked by clk_i)
Path Group: clk_i
Path Type: max

Fanout         Cap        Slew       Delay        Time   Description
---------------------------------------------------------------------------------------------
                                 10.000000   10.000000   clock clk_i (fall edge)
                                  0.000000   10.000000   clock source latency
     2    0.071706    0.000000    0.000000   10.000000 v clk_i (in)
                                                         clk_i (net)
                      0.008270    0.004135   10.004135 v clkbuf_0_clk_i/A (sky130_fd_sc_hd__clkbuf_16)
     2    0.036563    0.044347    0.141905   10.146041 v clkbuf_0_clk_i/X (sky130_fd_sc_hd__clkbuf_16)
                                                         clknet_0_clk_i (net)
                      0.044359    0.001123   10.147163 v clkbuf_1_0__f_clk_i/A (sky130_fd_sc_hd__clkbuf_16)
     1    0.060543    0.058593    0.166360   10.313523 v clkbuf_1_0__f_clk_i/X (sky130_fd_sc_hd__clkbuf_16)
                                                         clknet_1_0__leaf_clk_i (net)
                      0.085353    0.013671   10.327194 v u_sram/clk0 (sky130_sram_1kbyte_1rw1r_32x256_8)
     1    0.007692    0.005427    0.372502   10.699697 ^ u_sram/dout0[13] (sky130_sram_1kbyte_1rw1r_32x256_8)
                                                         axi_rdata_o[13] (net)
                      0.004070    0.000064   10.699760 ^ axi_rdata_o[13] (out)
                                             10.699760   data arrival time

                                 20.000000   20.000000   clock clk_i (rise edge)
                                  0.000000   20.000000   clock network delay (propagated)
                                 -0.250000   19.750002   clock uncertainty
                                  0.000000   19.750002   clock reconvergence pessimism
                                 -2.000000   17.750002   output external delay
                                             17.750002   data required time
---------------------------------------------------------------------------------------------
                                             17.750002   data required time
                                            -10.699760   data arrival time
---------------------------------------------------------------------------------------------
                                              7.050241   slack (MET)


Startpoint: u_sram (falling edge-triggered flip-flop clocked by clk_i)
Endpoint: axi_rdata_o[9] (output port clocked by clk_i)
Path Group: clk_i
Path Type: max

Fanout         Cap        Slew       Delay        Time   Description
---------------------------------------------------------------------------------------------
                                 10.000000   10.000000   clock clk_i (fall edge)
                                  0.000000   10.000000   clock source latency
     2    0.071706    0.000000    0.000000   10.000000 v clk_i (in)
                                                         clk_i (net)
                      0.008270    0.004135   10.004135 v clkbuf_0_clk_i/A (sky130_fd_sc_hd__clkbuf_16)
     2    0.036563    0.044347    0.141905   10.146041 v clkbuf_0_clk_i/X (sky130_fd_sc_hd__clkbuf_16)
                                                         clknet_0_clk_i (net)
                      0.044359    0.001123   10.147163 v clkbuf_1_0__f_clk_i/A (sky130_fd_sc_hd__clkbuf_16)
     1    0.060543    0.058593    0.166360   10.313523 v clkbuf_1_0__f_clk_i/X (sky130_fd_sc_hd__clkbuf_16)
                                                         clknet_1_0__leaf_clk_i (net)
                      0.085353    0.013671   10.327194 v u_sram/clk0 (sky130_sram_1kbyte_1rw1r_32x256_8)
     1    0.006494    0.004770    0.365776   10.692970 ^ u_sram/dout0[9] (sky130_sram_1kbyte_1rw1r_32x256_8)
                                                         axi_rdata_o[9] (net)
                      0.003577    0.000046   10.693017 ^ axi_rdata_o[9] (out)
                                             10.693017   data arrival time

                                 20.000000   20.000000   clock clk_i (rise edge)
                                  0.000000   20.000000   clock network delay (propagated)
                                 -0.250000   19.750002   clock uncertainty
                                  0.000000   19.750002   clock reconvergence pessimism
                                 -2.000000   17.750002   output external delay
                                             17.750002   data required time
---------------------------------------------------------------------------------------------
                                             17.750002   data required time
                                            -10.693017   data arrival time
---------------------------------------------------------------------------------------------
                                              7.056984   slack (MET)


Startpoint: u_sram (falling edge-triggered flip-flop clocked by clk_i)
Endpoint: axi_rdata_o[21] (output port clocked by clk_i)
Path Group: clk_i
Path Type: max

Fanout         Cap        Slew       Delay        Time   Description
---------------------------------------------------------------------------------------------
                                 10.000000   10.000000   clock clk_i (fall edge)
                                  0.000000   10.000000   clock source latency
     2    0.071706    0.000000    0.000000   10.000000 v clk_i (in)
                                                         clk_i (net)
                      0.008270    0.004135   10.004135 v clkbuf_0_clk_i/A (sky130_fd_sc_hd__clkbuf_16)
     2    0.036563    0.044347    0.141905   10.146041 v clkbuf_0_clk_i/X (sky130_fd_sc_hd__clkbuf_16)
                                                         clknet_0_clk_i (net)
                      0.044359    0.001123   10.147163 v clkbuf_1_0__f_clk_i/A (sky130_fd_sc_hd__clkbuf_16)
     1    0.060543    0.058593    0.166360   10.313523 v clkbuf_1_0__f_clk_i/X (sky130_fd_sc_hd__clkbuf_16)
                                                         clknet_1_0__leaf_clk_i (net)
                      0.085353    0.013671   10.327194 v u_sram/clk0 (sky130_sram_1kbyte_1rw1r_32x256_8)
     1    0.006440    0.004739    0.365472   10.692667 ^ u_sram/dout0[21] (sky130_sram_1kbyte_1rw1r_32x256_8)
                                                         axi_rdata_o[21] (net)
                      0.003554    0.000046   10.692713 ^ axi_rdata_o[21] (out)
                                             10.692713   data arrival time

                                 20.000000   20.000000   clock clk_i (rise edge)
                                  0.000000   20.000000   clock network delay (propagated)
                                 -0.250000   19.750002   clock uncertainty
                                  0.000000   19.750002   clock reconvergence pessimism
                                 -2.000000   17.750002   output external delay
                                             17.750002   data required time
---------------------------------------------------------------------------------------------
                                             17.750002   data required time
                                            -10.692713   data arrival time
---------------------------------------------------------------------------------------------
                                              7.057288   slack (MET)


Startpoint: u_sram (falling edge-triggered flip-flop clocked by clk_i)
Endpoint: axi_rdata_o[29] (output port clocked by clk_i)
Path Group: clk_i
Path Type: max

Fanout         Cap        Slew       Delay        Time   Description
---------------------------------------------------------------------------------------------
                                 10.000000   10.000000   clock clk_i (fall edge)
                                  0.000000   10.000000   clock source latency
     2    0.071706    0.000000    0.000000   10.000000 v clk_i (in)
                                                         clk_i (net)
                      0.008270    0.004135   10.004135 v clkbuf_0_clk_i/A (sky130_fd_sc_hd__clkbuf_16)
     2    0.036563    0.044347    0.141905   10.146041 v clkbuf_0_clk_i/X (sky130_fd_sc_hd__clkbuf_16)
                                                         clknet_0_clk_i (net)
                      0.044359    0.001123   10.147163 v clkbuf_1_0__f_clk_i/A (sky130_fd_sc_hd__clkbuf_16)
     1    0.060543    0.058593    0.166360   10.313523 v clkbuf_1_0__f_clk_i/X (sky130_fd_sc_hd__clkbuf_16)
                                                         clknet_1_0__leaf_clk_i (net)
                      0.085353    0.013671   10.327194 v u_sram/clk0 (sky130_sram_1kbyte_1rw1r_32x256_8)
     1    0.006383    0.004705    0.365152   10.692347 ^ u_sram/dout0[29] (sky130_sram_1kbyte_1rw1r_32x256_8)
                                                         axi_rdata_o[29] (net)
                      0.003529    0.000045   10.692392 ^ axi_rdata_o[29] (out)
                                             10.692392   data arrival time

                                 20.000000   20.000000   clock clk_i (rise edge)
                                  0.000000   20.000000   clock network delay (propagated)
                                 -0.250000   19.750002   clock uncertainty
                                  0.000000   19.750002   clock reconvergence pessimism
                                 -2.000000   17.750002   output external delay
                                             17.750002   data required time
---------------------------------------------------------------------------------------------
                                             17.750002   data required time
                                            -10.692392   data arrival time
---------------------------------------------------------------------------------------------
                                              7.057609   slack (MET)


Startpoint: u_sram (falling edge-triggered flip-flop clocked by clk_i)
Endpoint: axi_rdata_o[26] (output port clocked by clk_i)
Path Group: clk_i
Path Type: max

Fanout         Cap        Slew       Delay        Time   Description
---------------------------------------------------------------------------------------------
                                 10.000000   10.000000   clock clk_i (fall edge)
                                  0.000000   10.000000   clock source latency
     2    0.071706    0.000000    0.000000   10.000000 v clk_i (in)
                                                         clk_i (net)
                      0.008270    0.004135   10.004135 v clkbuf_0_clk_i/A (sky130_fd_sc_hd__clkbuf_16)
     2    0.036563    0.044347    0.141905   10.146041 v clkbuf_0_clk_i/X (sky130_fd_sc_hd__clkbuf_16)
                                                         clknet_0_clk_i (net)
                      0.044359    0.001123   10.147163 v clkbuf_1_0__f_clk_i/A (sky130_fd_sc_hd__clkbuf_16)
     1    0.060543    0.058593    0.166360   10.313523 v clkbuf_1_0__f_clk_i/X (sky130_fd_sc_hd__clkbuf_16)
                                                         clknet_1_0__leaf_clk_i (net)
                      0.085353    0.013671   10.327194 v u_sram/clk0 (sky130_sram_1kbyte_1rw1r_32x256_8)
     1    0.006357    0.004691    0.365008   10.692203 ^ u_sram/dout0[26] (sky130_sram_1kbyte_1rw1r_32x256_8)
                                                         axi_rdata_o[26] (net)
                      0.003518    0.000044   10.692247 ^ axi_rdata_o[26] (out)
                                             10.692247   data arrival time

                                 20.000000   20.000000   clock clk_i (rise edge)
                                  0.000000   20.000000   clock network delay (propagated)
                                 -0.250000   19.750002   clock uncertainty
                                  0.000000   19.750002   clock reconvergence pessimism
                                 -2.000000   17.750002   output external delay
                                             17.750002   data required time
---------------------------------------------------------------------------------------------
                                             17.750002   data required time
                                            -10.692247   data arrival time
---------------------------------------------------------------------------------------------
                                              7.057754   slack (MET)


Startpoint: u_sram (falling edge-triggered flip-flop clocked by clk_i)
Endpoint: axi_rdata_o[31] (output port clocked by clk_i)
Path Group: clk_i
Path Type: max

Fanout         Cap        Slew       Delay        Time   Description
---------------------------------------------------------------------------------------------
                                 10.000000   10.000000   clock clk_i (fall edge)
                                  0.000000   10.000000   clock source latency
     2    0.071706    0.000000    0.000000   10.000000 v clk_i (in)
                                                         clk_i (net)
                      0.008270    0.004135   10.004135 v clkbuf_0_clk_i/A (sky130_fd_sc_hd__clkbuf_16)
     2    0.036563    0.044347    0.141905   10.146041 v clkbuf_0_clk_i/X (sky130_fd_sc_hd__clkbuf_16)
                                                         clknet_0_clk_i (net)
                      0.044359    0.001123   10.147163 v clkbuf_1_0__f_clk_i/A (sky130_fd_sc_hd__clkbuf_16)
     1    0.060543    0.058593    0.166360   10.313523 v clkbuf_1_0__f_clk_i/X (sky130_fd_sc_hd__clkbuf_16)
                                                         clknet_1_0__leaf_clk_i (net)
                      0.085353    0.013671   10.327194 v u_sram/clk0 (sky130_sram_1kbyte_1rw1r_32x256_8)
     1    0.006357    0.004691    0.365008   10.692203 ^ u_sram/dout0[31] (sky130_sram_1kbyte_1rw1r_32x256_8)
                                                         axi_rdata_o[31] (net)
                      0.003518    0.000044   10.692247 ^ axi_rdata_o[31] (out)
                                             10.692247   data arrival time

                                 20.000000   20.000000   clock clk_i (rise edge)
                                  0.000000   20.000000   clock network delay (propagated)
                                 -0.250000   19.750002   clock uncertainty
                                  0.000000   19.750002   clock reconvergence pessimism
                                 -2.000000   17.750002   output external delay
                                             17.750002   data required time
---------------------------------------------------------------------------------------------
                                             17.750002   data required time
                                            -10.692247   data arrival time
---------------------------------------------------------------------------------------------
                                              7.057754   slack (MET)


Startpoint: u_sram (falling edge-triggered flip-flop clocked by clk_i)
Endpoint: axi_rdata_o[28] (output port clocked by clk_i)
Path Group: clk_i
Path Type: max

Fanout         Cap        Slew       Delay        Time   Description
---------------------------------------------------------------------------------------------
                                 10.000000   10.000000   clock clk_i (fall edge)
                                  0.000000   10.000000   clock source latency
     2    0.071706    0.000000    0.000000   10.000000 v clk_i (in)
                                                         clk_i (net)
                      0.008270    0.004135   10.004135 v clkbuf_0_clk_i/A (sky130_fd_sc_hd__clkbuf_16)
     2    0.036563    0.044347    0.141905   10.146041 v clkbuf_0_clk_i/X (sky130_fd_sc_hd__clkbuf_16)
                                                         clknet_0_clk_i (net)
                      0.044359    0.001123   10.147163 v clkbuf_1_0__f_clk_i/A (sky130_fd_sc_hd__clkbuf_16)
     1    0.060543    0.058593    0.166360   10.313523 v clkbuf_1_0__f_clk_i/X (sky130_fd_sc_hd__clkbuf_16)
                                                         clknet_1_0__leaf_clk_i (net)
                      0.085353    0.013671   10.327194 v u_sram/clk0 (sky130_sram_1kbyte_1rw1r_32x256_8)
     1    0.006354    0.004689    0.364990   10.692184 ^ u_sram/dout0[28] (sky130_sram_1kbyte_1rw1r_32x256_8)
                                                         axi_rdata_o[28] (net)
                      0.003516    0.000044   10.692228 ^ axi_rdata_o[28] (out)
                                             10.692228   data arrival time

                                 20.000000   20.000000   clock clk_i (rise edge)
                                  0.000000   20.000000   clock network delay (propagated)
                                 -0.250000   19.750002   clock uncertainty
                                  0.000000   19.750002   clock reconvergence pessimism
                                 -2.000000   17.750002   output external delay
                                             17.750002   data required time
---------------------------------------------------------------------------------------------
                                             17.750002   data required time
                                            -10.692228   data arrival time
---------------------------------------------------------------------------------------------
                                              7.057772   slack (MET)


Startpoint: u_sram (falling edge-triggered flip-flop clocked by clk_i)
Endpoint: axi_rdata_o[27] (output port clocked by clk_i)
Path Group: clk_i
Path Type: max

Fanout         Cap        Slew       Delay        Time   Description
---------------------------------------------------------------------------------------------
                                 10.000000   10.000000   clock clk_i (fall edge)
                                  0.000000   10.000000   clock source latency
     2    0.071706    0.000000    0.000000   10.000000 v clk_i (in)
                                                         clk_i (net)
                      0.008270    0.004135   10.004135 v clkbuf_0_clk_i/A (sky130_fd_sc_hd__clkbuf_16)
     2    0.036563    0.044347    0.141905   10.146041 v clkbuf_0_clk_i/X (sky130_fd_sc_hd__clkbuf_16)
                                                         clknet_0_clk_i (net)
                      0.044359    0.001123   10.147163 v clkbuf_1_0__f_clk_i/A (sky130_fd_sc_hd__clkbuf_16)
     1    0.060543    0.058593    0.166360   10.313523 v clkbuf_1_0__f_clk_i/X (sky130_fd_sc_hd__clkbuf_16)
                                                         clknet_1_0__leaf_clk_i (net)
                      0.085353    0.013671   10.327194 v u_sram/clk0 (sky130_sram_1kbyte_1rw1r_32x256_8)
     1    0.006342    0.004682    0.364924   10.692119 ^ u_sram/dout0[27] (sky130_sram_1kbyte_1rw1r_32x256_8)
                                                         axi_rdata_o[27] (net)
                      0.003511    0.000044   10.692163 ^ axi_rdata_o[27] (out)
                                             10.692163   data arrival time

                                 20.000000   20.000000   clock clk_i (rise edge)
                                  0.000000   20.000000   clock network delay (propagated)
                                 -0.250000   19.750002   clock uncertainty
                                  0.000000   19.750002   clock reconvergence pessimism
                                 -2.000000   17.750002   output external delay
                                             17.750002   data required time
---------------------------------------------------------------------------------------------
                                             17.750002   data required time
                                            -10.692163   data arrival time
---------------------------------------------------------------------------------------------
                                              7.057838   slack (MET)


Startpoint: u_sram (falling edge-triggered flip-flop clocked by clk_i)
Endpoint: axi_rdata_o[25] (output port clocked by clk_i)
Path Group: clk_i
Path Type: max

Fanout         Cap        Slew       Delay        Time   Description
---------------------------------------------------------------------------------------------
                                 10.000000   10.000000   clock clk_i (fall edge)
                                  0.000000   10.000000   clock source latency
     2    0.071706    0.000000    0.000000   10.000000 v clk_i (in)
                                                         clk_i (net)
                      0.008270    0.004135   10.004135 v clkbuf_0_clk_i/A (sky130_fd_sc_hd__clkbuf_16)
     2    0.036563    0.044347    0.141905   10.146041 v clkbuf_0_clk_i/X (sky130_fd_sc_hd__clkbuf_16)
                                                         clknet_0_clk_i (net)
                      0.044359    0.001123   10.147163 v clkbuf_1_0__f_clk_i/A (sky130_fd_sc_hd__clkbuf_16)
     1    0.060543    0.058593    0.166360   10.313523 v clkbuf_1_0__f_clk_i/X (sky130_fd_sc_hd__clkbuf_16)
                                                         clknet_1_0__leaf_clk_i (net)
                      0.085353    0.013671   10.327194 v u_sram/clk0 (sky130_sram_1kbyte_1rw1r_32x256_8)
     1    0.006338    0.004680    0.364905   10.692099 ^ u_sram/dout0[25] (sky130_sram_1kbyte_1rw1r_32x256_8)
                                                         axi_rdata_o[25] (net)
                      0.003510    0.000044   10.692143 ^ axi_rdata_o[25] (out)
                                             10.692143   data arrival time

                                 20.000000   20.000000   clock clk_i (rise edge)
                                  0.000000   20.000000   clock network delay (propagated)
                                 -0.250000   19.750002   clock uncertainty
                                  0.000000   19.750002   clock reconvergence pessimism
                                 -2.000000   17.750002   output external delay
                                             17.750002   data required time
---------------------------------------------------------------------------------------------
                                             17.750002   data required time
                                            -10.692143   data arrival time
---------------------------------------------------------------------------------------------
                                              7.057858   slack (MET)


Startpoint: u_sram (falling edge-triggered flip-flop clocked by clk_i)
Endpoint: axi_rdata_o[30] (output port clocked by clk_i)
Path Group: clk_i
Path Type: max

Fanout         Cap        Slew       Delay        Time   Description
---------------------------------------------------------------------------------------------
                                 10.000000   10.000000   clock clk_i (fall edge)
                                  0.000000   10.000000   clock source latency
     2    0.071706    0.000000    0.000000   10.000000 v clk_i (in)
                                                         clk_i (net)
                      0.008270    0.004135   10.004135 v clkbuf_0_clk_i/A (sky130_fd_sc_hd__clkbuf_16)
     2    0.036563    0.044347    0.141905   10.146041 v clkbuf_0_clk_i/X (sky130_fd_sc_hd__clkbuf_16)
                                                         clknet_0_clk_i (net)
                      0.044359    0.001123   10.147163 v clkbuf_1_0__f_clk_i/A (sky130_fd_sc_hd__clkbuf_16)
     1    0.060543    0.058593    0.166360   10.313523 v clkbuf_1_0__f_clk_i/X (sky130_fd_sc_hd__clkbuf_16)
                                                         clknet_1_0__leaf_clk_i (net)
                      0.085353    0.013671   10.327194 v u_sram/clk0 (sky130_sram_1kbyte_1rw1r_32x256_8)
     1    0.006338    0.004680    0.364905   10.692099 ^ u_sram/dout0[30] (sky130_sram_1kbyte_1rw1r_32x256_8)
                                                         axi_rdata_o[30] (net)
                      0.003510    0.000044   10.692143 ^ axi_rdata_o[30] (out)
                                             10.692143   data arrival time

                                 20.000000   20.000000   clock clk_i (rise edge)
                                  0.000000   20.000000   clock network delay (propagated)
                                 -0.250000   19.750002   clock uncertainty
                                  0.000000   19.750002   clock reconvergence pessimism
                                 -2.000000   17.750002   output external delay
                                             17.750002   data required time
---------------------------------------------------------------------------------------------
                                             17.750002   data required time
                                            -10.692143   data arrival time
---------------------------------------------------------------------------------------------
                                              7.057858   slack (MET)


Startpoint: axi_wvalid_i (input port clocked by clk_i)
Endpoint: axi_wready_o (output port clocked by clk_i)
Path Group: clk_i
Path Type: max

Fanout         Cap        Slew       Delay        Time   Description
---------------------------------------------------------------------------------------------
                                  0.000000    0.000000   clock clk_i (rise edge)
                                  0.000000    0.000000   clock network delay (propagated)
                                  2.000000    2.000000 ^ input external delay
     2    0.008701    0.000000    0.000000    2.000000 ^ axi_wvalid_i (in)
                                                         axi_wvalid_i (net)
                      0.000052    0.000026    2.000026 ^ _23_/C (sky130_fd_sc_hd__and3_2)
    17    0.084327    0.416987    0.442057    2.442083 ^ _23_/X (sky130_fd_sc_hd__and3_2)
                                                         axi_awready_o (net)
                      0.417011    0.002709    2.444792 ^ _62_/A (sky130_fd_sc_hd__buf_2)
     1    0.001252    0.030582    0.171688    2.616481 ^ _62_/X (sky130_fd_sc_hd__buf_2)
                                                         axi_wready_o (net)
                      0.030582    0.000006    2.616487 ^ axi_wready_o (out)
                                              2.616487   data arrival time

                                 20.000000   20.000000   clock clk_i (rise edge)
                                  0.000000   20.000000   clock network delay (propagated)
                                 -0.250000   19.750002   clock uncertainty
                                  0.000000   19.750002   clock reconvergence pessimism
                                 -2.000000   17.750002   output external delay
                                             17.750002   data required time
---------------------------------------------------------------------------------------------
                                             17.750002   data required time
                                             -2.616487   data arrival time
---------------------------------------------------------------------------------------------
                                             15.133514   slack (MET)


Startpoint: axi_arvalid_i (input port clocked by clk_i)
Endpoint: axi_arready_o (output port clocked by clk_i)
Path Group: clk_i
Path Type: max

Fanout         Cap        Slew       Delay        Time   Description
---------------------------------------------------------------------------------------------
                                  0.000000    0.000000   clock clk_i (rise edge)
                                  0.000000    0.000000   clock network delay (propagated)
                                  2.000000    2.000000 v input external delay
     2    0.007946    0.000000    0.000000    2.000000 v axi_arvalid_i (in)
                                                         axi_arvalid_i (net)
                      0.000036    0.000018    2.000018 v _25_/B (sky130_fd_sc_hd__and2_2)
    11    0.055783    0.144316    0.279610    2.279627 v _25_/X (sky130_fd_sc_hd__and2_2)
                                                         _08_ (net)
                      0.144320    0.001107    2.280734 v _26_/B (sky130_fd_sc_hd__and2_2)
     1    0.001391    0.032719    0.221526    2.502260 v _26_/X (sky130_fd_sc_hd__and2_2)
                                                         axi_arready_o (net)
                      0.032719    0.000007    2.502268 v axi_arready_o (out)
                                              2.502268   data arrival time

                                 20.000000   20.000000   clock clk_i (rise edge)
                                  0.000000   20.000000   clock network delay (propagated)
                                 -0.250000   19.750002   clock uncertainty
                                  0.000000   19.750002   clock reconvergence pessimism
                                 -2.000000   17.750002   output external delay
                                             17.750002   data required time
---------------------------------------------------------------------------------------------
                                             17.750002   data required time
                                             -2.502268   data arrival time
---------------------------------------------------------------------------------------------
                                             15.247734   slack (MET)


Startpoint: axi_wvalid_i (input port clocked by clk_i)
Endpoint: axi_awready_o (output port clocked by clk_i)
Path Group: clk_i
Path Type: max

Fanout         Cap        Slew       Delay        Time   Description
---------------------------------------------------------------------------------------------
                                  0.000000    0.000000   clock clk_i (rise edge)
                                  0.000000    0.000000   clock network delay (propagated)
                                  2.000000    2.000000 ^ input external delay
     2    0.008701    0.000000    0.000000    2.000000 ^ axi_wvalid_i (in)
                                                         axi_wvalid_i (net)
                      0.000052    0.000026    2.000026 ^ _23_/C (sky130_fd_sc_hd__and3_2)
    17    0.084327    0.416987    0.442057    2.442083 ^ _23_/X (sky130_fd_sc_hd__and3_2)
                                                         axi_awready_o (net)
                      0.416994    0.001538    2.443620 ^ axi_awready_o (out)
                                              2.443620   data arrival time

                                 20.000000   20.000000   clock clk_i (rise edge)
                                  0.000000   20.000000   clock network delay (propagated)
                                 -0.250000   19.750002   clock uncertainty
                                  0.000000   19.750002   clock reconvergence pessimism
                                 -2.000000   17.750002   output external delay
                                             17.750002   data required time
---------------------------------------------------------------------------------------------
                                             17.750002   data required time
                                             -2.443620   data arrival time
---------------------------------------------------------------------------------------------
                                             15.306380   slack (MET)


Startpoint: _48_ (rising edge-triggered flip-flop clocked by clk_i)
Endpoint: axi_rvalid_o (output port clocked by clk_i)
Path Group: clk_i
Path Type: max

Fanout         Cap        Slew       Delay        Time   Description
---------------------------------------------------------------------------------------------
                                  0.000000    0.000000   clock clk_i (rise edge)
                                  0.000000    0.000000   clock source latency
     2    0.073694    0.000000    0.000000    0.000000 ^ clk_i (in)
                                                         clk_i (net)
                      0.005402    0.002701    0.002701 ^ clkbuf_regs_0_clk_i/A (sky130_fd_sc_hd__clkbuf_16)
     1    0.008368    0.031952    0.100390    0.103091 ^ clkbuf_regs_0_clk_i/X (sky130_fd_sc_hd__clkbuf_16)
                                                         clk_i_regs (net)
                      0.031953    0.000088    0.103180 ^ clkbuf_0_clk_i_regs/A (sky130_fd_sc_hd__clkbuf_16)
     2    0.018710    0.040748    0.119464    0.222644 ^ clkbuf_0_clk_i_regs/X (sky130_fd_sc_hd__clkbuf_16)
                                                         clknet_0_clk_i_regs (net)
                      0.040748    0.000195    0.222839 ^ clkbuf_1_1__f_clk_i_regs/A (sky130_fd_sc_hd__clkbuf_16)
     3    0.007376    0.031067    0.111808    0.334647 ^ clkbuf_1_1__f_clk_i_regs/X (sky130_fd_sc_hd__clkbuf_16)
                                                         clknet_1_1__leaf_clk_i_regs (net)
                      0.031067    0.000068    0.334715 ^ _48_/CLK (sky130_fd_sc_hd__dfrtp_2)
     3    0.010852    0.060157    0.405411    0.740125 v _48_/Q (sky130_fd_sc_hd__dfrtp_2)
                                                         axi_rvalid_o (net)
                      0.060248    0.000236    0.740362 v axi_rvalid_o (out)
                                              0.740362   data arrival time

                                 20.000000   20.000000   clock clk_i (rise edge)
                                  0.000000   20.000000   clock network delay (propagated)
                                 -0.250000   19.750002   clock uncertainty
                                  0.000000   19.750002   clock reconvergence pessimism
                                 -2.000000   17.750002   output external delay
                                             17.750002   data required time
---------------------------------------------------------------------------------------------
                                             17.750002   data required time
                                             -0.740362   data arrival time
---------------------------------------------------------------------------------------------
                                             17.009638   slack (MET)


Startpoint: _46_ (rising edge-triggered flip-flop clocked by clk_i)
Endpoint: axi_bvalid_o (output port clocked by clk_i)
Path Group: clk_i
Path Type: max

Fanout         Cap        Slew       Delay        Time   Description
---------------------------------------------------------------------------------------------
                                  0.000000    0.000000   clock clk_i (rise edge)
                                  0.000000    0.000000   clock source latency
     2    0.073694    0.000000    0.000000    0.000000 ^ clk_i (in)
                                                         clk_i (net)
                      0.005402    0.002701    0.002701 ^ clkbuf_regs_0_clk_i/A (sky130_fd_sc_hd__clkbuf_16)
     1    0.008368    0.031952    0.100390    0.103091 ^ clkbuf_regs_0_clk_i/X (sky130_fd_sc_hd__clkbuf_16)
                                                         clk_i_regs (net)
                      0.031953    0.000088    0.103180 ^ clkbuf_0_clk_i_regs/A (sky130_fd_sc_hd__clkbuf_16)
     2    0.018710    0.040748    0.119464    0.222644 ^ clkbuf_0_clk_i_regs/X (sky130_fd_sc_hd__clkbuf_16)
                                                         clknet_0_clk_i_regs (net)
                      0.040748    0.000195    0.222839 ^ clkbuf_1_1__f_clk_i_regs/A (sky130_fd_sc_hd__clkbuf_16)
     3    0.007376    0.031067    0.111808    0.334647 ^ clkbuf_1_1__f_clk_i_regs/X (sky130_fd_sc_hd__clkbuf_16)
                                                         clknet_1_1__leaf_clk_i_regs (net)
                      0.031067    0.000059    0.334706 ^ _46_/CLK (sky130_fd_sc_hd__dfrtp_2)
     3    0.009944    0.057514    0.402046    0.736751 v _46_/Q (sky130_fd_sc_hd__dfrtp_2)
                                                         axi_bvalid_o (net)
                      0.057514    0.000268    0.737019 v axi_bvalid_o (out)
                                              0.737019   data arrival time

                                 20.000000   20.000000   clock clk_i (rise edge)
                                  0.000000   20.000000   clock network delay (propagated)
                                 -0.250000   19.750002   clock uncertainty
                                  0.000000   19.750002   clock reconvergence pessimism
                                 -2.000000   17.750002   output external delay
                                             17.750002   data required time
---------------------------------------------------------------------------------------------
                                             17.750002   data required time
                                             -0.737019   data arrival time
---------------------------------------------------------------------------------------------
                                             17.012981   slack (MET)


Startpoint: axi_rready_i (input port clocked by clk_i)
Endpoint: _48_ (rising edge-triggered flip-flop clocked by clk_i)
Path Group: clk_i
Path Type: max

Fanout         Cap        Slew       Delay        Time   Description
---------------------------------------------------------------------------------------------
                                  0.000000    0.000000   clock clk_i (rise edge)
                                  0.000000    0.000000   clock network delay (propagated)
                                  2.000000    2.000000 ^ input external delay
     2    0.009818    0.000000    0.000000    2.000000 ^ axi_rready_i (in)
                                                         axi_rready_i (net)
                      0.000083    0.000042    2.000041 ^ _19_/A (sky130_fd_sc_hd__inv_2)
     1    0.003073    0.009270    0.013174    2.013216 v _19_/Y (sky130_fd_sc_hd__inv_2)
                                                         _04_ (net)
                      0.009270    0.000033    2.013248 v _27_/A2 (sky130_fd_sc_hd__a21o_2)
     1    0.003396    0.035015    0.190532    2.203781 v _27_/X (sky130_fd_sc_hd__a21o_2)
                                                         _03_ (net)
                      0.035015    0.000053    2.203834 v hold2/A (sky130_fd_sc_hd__dlygate4sd3_1)
     1    0.002968    0.054169    0.545823    2.749657 v hold2/X (sky130_fd_sc_hd__dlygate4sd3_1)
                                                         net2 (net)
                      0.054169    0.000036    2.749693 v _48_/D (sky130_fd_sc_hd__dfrtp_2)
                                              2.749693   data arrival time

                                 20.000000   20.000000   clock clk_i (rise edge)
                                  0.000000   20.000000   clock source latency
     2    0.073694    0.000000    0.000000   20.000000 ^ clk_i (in)
                                                         clk_i (net)
                      0.005402    0.002702   20.002703 ^ clkbuf_regs_0_clk_i/A (sky130_fd_sc_hd__clkbuf_16)
     1    0.008368    0.031952    0.100389   20.103092 ^ clkbuf_regs_0_clk_i/X (sky130_fd_sc_hd__clkbuf_16)
                                                         clk_i_regs (net)
                      0.031953    0.000089   20.103180 ^ clkbuf_0_clk_i_regs/A (sky130_fd_sc_hd__clkbuf_16)
     2    0.018710    0.040748    0.119464   20.222643 ^ clkbuf_0_clk_i_regs/X (sky130_fd_sc_hd__clkbuf_16)
                                                         clknet_0_clk_i_regs (net)
                      0.040748    0.000195   20.222839 ^ clkbuf_1_1__f_clk_i_regs/A (sky130_fd_sc_hd__clkbuf_16)
     3    0.007376    0.031067    0.111807   20.334646 ^ clkbuf_1_1__f_clk_i_regs/X (sky130_fd_sc_hd__clkbuf_16)
                                                         clknet_1_1__leaf_clk_i_regs (net)
                      0.031067    0.000069   20.334715 ^ _48_/CLK (sky130_fd_sc_hd__dfrtp_2)
                                 -0.250000   20.084717   clock uncertainty
                                  0.000000   20.084717   clock reconvergence pessimism
                                 -0.122744   19.961973   library setup time
                                             19.961973   data required time
---------------------------------------------------------------------------------------------
                                             19.961973   data required time
                                             -2.749693   data arrival time
---------------------------------------------------------------------------------------------
                                             17.212282   slack (MET)


Startpoint: axi_wvalid_i (input port clocked by clk_i)
Endpoint: u_sram (falling edge-triggered flip-flop clocked by clk_i)
Path Group: clk_i
Path Type: max

Fanout         Cap        Slew       Delay        Time   Description
---------------------------------------------------------------------------------------------
                                  0.000000    0.000000   clock clk_i (rise edge)
                                  0.000000    0.000000   clock network delay (propagated)
                                  2.000000    2.000000 ^ input external delay
     2    0.008701    0.000000    0.000000    2.000000 ^ axi_wvalid_i (in)
                                                         axi_wvalid_i (net)
                      0.000052    0.000026    2.000026 ^ _23_/C (sky130_fd_sc_hd__and3_2)
    17    0.084327    0.416987    0.442057    2.442083 ^ _23_/X (sky130_fd_sc_hd__and3_2)
                                                         axi_awready_o (net)
                      0.417197    0.007767    2.449850 ^ _42_/B (sky130_fd_sc_hd__and2_2)
     1    0.013627    0.088315    0.258455    2.708305 ^ _42_/X (sky130_fd_sc_hd__and2_2)
                                                         sram_wmask0[2] (net)
                      0.117754    0.000336    2.708641 ^ u_sram/wmask0[2] (sky130_sram_1kbyte_1rw1r_32x256_8)
                                              2.708641   data arrival time

                                 20.000000   20.000000   clock clk_i (rise edge)
                                  0.000000   20.000000   clock source latency
     2    0.073694    0.000000    0.000000   20.000000 ^ clk_i (in)
                                                         clk_i (net)
                      0.008592    0.004295   20.004295 ^ clkbuf_0_clk_i/A (sky130_fd_sc_hd__clkbuf_16)
     2    0.038551    0.058391    0.127788   20.132084 ^ clkbuf_0_clk_i/X (sky130_fd_sc_hd__clkbuf_16)
                                                         clknet_0_clk_i (net)
                      0.058426    0.001203   20.133286 ^ clkbuf_1_0__f_clk_i/A (sky130_fd_sc_hd__clkbuf_16)
     1    0.060543    0.079014    0.157307   20.290592 ^ clkbuf_1_0__f_clk_i/X (sky130_fd_sc_hd__clkbuf_16)
                                                         clknet_1_0__leaf_clk_i (net)
                      0.110765    0.013882   20.304476 ^ u_sram/clk0 (sky130_sram_1kbyte_1rw1r_32x256_8)
                                 -0.250000   20.054476   clock uncertainty
                                  0.000000   20.054476   clock reconvergence pessimism
                                 -0.103000   19.951475   library setup time
                                             19.951475   data required time
---------------------------------------------------------------------------------------------
                                             19.951475   data required time
                                             -2.708641   data arrival time
---------------------------------------------------------------------------------------------
                                             17.242836   slack (MET)


Startpoint: axi_wvalid_i (input port clocked by clk_i)
Endpoint: u_sram (falling edge-triggered flip-flop clocked by clk_i)
Path Group: clk_i
Path Type: max

Fanout         Cap        Slew       Delay        Time   Description
---------------------------------------------------------------------------------------------
                                  0.000000    0.000000   clock clk_i (rise edge)
                                  0.000000    0.000000   clock network delay (propagated)
                                  2.000000    2.000000 ^ input external delay
     2    0.008701    0.000000    0.000000    2.000000 ^ axi_wvalid_i (in)
                                                         axi_wvalid_i (net)
                      0.000052    0.000026    2.000026 ^ _23_/C (sky130_fd_sc_hd__and3_2)
    17    0.084327    0.416987    0.442057    2.442083 ^ _23_/X (sky130_fd_sc_hd__and3_2)
                                                         axi_awready_o (net)
                      0.417198    0.007776    2.449859 ^ _43_/B (sky130_fd_sc_hd__and2_2)
     1    0.013198    0.086384    0.256966    2.706825 ^ _43_/X (sky130_fd_sc_hd__and2_2)
                                                         sram_wmask0[3] (net)
                      0.115179    0.000271    2.707096 ^ u_sram/wmask0[3] (sky130_sram_1kbyte_1rw1r_32x256_8)
                                              2.707096   data arrival time

                                 20.000000   20.000000   clock clk_i (rise edge)
                                  0.000000   20.000000   clock source latency
     2    0.073694    0.000000    0.000000   20.000000 ^ clk_i (in)
                                                         clk_i (net)
                      0.008592    0.004295   20.004295 ^ clkbuf_0_clk_i/A (sky130_fd_sc_hd__clkbuf_16)
     2    0.038551    0.058391    0.127788   20.132084 ^ clkbuf_0_clk_i/X (sky130_fd_sc_hd__clkbuf_16)
                                                         clknet_0_clk_i (net)
                      0.058426    0.001203   20.133286 ^ clkbuf_1_0__f_clk_i/A (sky130_fd_sc_hd__clkbuf_16)
     1    0.060543    0.079014    0.157307   20.290592 ^ clkbuf_1_0__f_clk_i/X (sky130_fd_sc_hd__clkbuf_16)
                                                         clknet_1_0__leaf_clk_i (net)
                      0.110765    0.013882   20.304476 ^ u_sram/clk0 (sky130_sram_1kbyte_1rw1r_32x256_8)
                                 -0.250000   20.054476   clock uncertainty
                                  0.000000   20.054476   clock reconvergence pessimism
                                 -0.103000   19.951475   library setup time
                                             19.951475   data required time
---------------------------------------------------------------------------------------------
                                             19.951475   data required time
                                             -2.707096   data arrival time
---------------------------------------------------------------------------------------------
                                             17.244379   slack (MET)


Startpoint: axi_wvalid_i (input port clocked by clk_i)
Endpoint: u_sram (falling edge-triggered flip-flop clocked by clk_i)
Path Group: clk_i
Path Type: max

Fanout         Cap        Slew       Delay        Time   Description
---------------------------------------------------------------------------------------------
                                  0.000000    0.000000   clock clk_i (rise edge)
                                  0.000000    0.000000   clock network delay (propagated)
                                  2.000000    2.000000 ^ input external delay
     2    0.008701    0.000000    0.000000    2.000000 ^ axi_wvalid_i (in)
                                                         axi_wvalid_i (net)
                      0.000052    0.000026    2.000026 ^ _23_/C (sky130_fd_sc_hd__and3_2)
    17    0.084327    0.416987    0.442057    2.442083 ^ _23_/X (sky130_fd_sc_hd__and3_2)
                                                         axi_awready_o (net)
                      0.417194    0.007705    2.449788 ^ _40_/B (sky130_fd_sc_hd__and2_2)
     1    0.012679    0.084058    0.255111    2.704900 ^ _40_/X (sky130_fd_sc_hd__and2_2)
                                                         sram_wmask0[0] (net)
                      0.112077    0.000300    2.705200 ^ u_sram/wmask0[0] (sky130_sram_1kbyte_1rw1r_32x256_8)
                                              2.705200   data arrival time

                                 20.000000   20.000000   clock clk_i (rise edge)
                                  0.000000   20.000000   clock source latency
     2    0.073694    0.000000    0.000000   20.000000 ^ clk_i (in)
                                                         clk_i (net)
                      0.008592    0.004295   20.004295 ^ clkbuf_0_clk_i/A (sky130_fd_sc_hd__clkbuf_16)
     2    0.038551    0.058391    0.127788   20.132084 ^ clkbuf_0_clk_i/X (sky130_fd_sc_hd__clkbuf_16)
                                                         clknet_0_clk_i (net)
                      0.058426    0.001203   20.133286 ^ clkbuf_1_0__f_clk_i/A (sky130_fd_sc_hd__clkbuf_16)
     1    0.060543    0.079014    0.157307   20.290592 ^ clkbuf_1_0__f_clk_i/X (sky130_fd_sc_hd__clkbuf_16)
                                                         clknet_1_0__leaf_clk_i (net)
                      0.110765    0.013882   20.304476 ^ u_sram/clk0 (sky130_sram_1kbyte_1rw1r_32x256_8)
                                 -0.250000   20.054476   clock uncertainty
                                  0.000000   20.054476   clock reconvergence pessimism
                                 -0.103000   19.951475   library setup time
                                             19.951475   data required time
---------------------------------------------------------------------------------------------
                                             19.951475   data required time
                                             -2.705200   data arrival time
---------------------------------------------------------------------------------------------
                                             17.246277   slack (MET)


Startpoint: axi_wvalid_i (input port clocked by clk_i)
Endpoint: u_sram (falling edge-triggered flip-flop clocked by clk_i)
Path Group: clk_i
Path Type: max

Fanout         Cap        Slew       Delay        Time   Description
---------------------------------------------------------------------------------------------
                                  0.000000    0.000000   clock clk_i (rise edge)
                                  0.000000    0.000000   clock network delay (propagated)
                                  2.000000    2.000000 ^ input external delay
     2    0.008701    0.000000    0.000000    2.000000 ^ axi_wvalid_i (in)
                                                         axi_wvalid_i (net)
                      0.000052    0.000026    2.000026 ^ _23_/C (sky130_fd_sc_hd__and3_2)
    17    0.084327    0.416987    0.442057    2.442083 ^ _23_/X (sky130_fd_sc_hd__and3_2)
                                                         axi_awready_o (net)
                      0.417195    0.007735    2.449818 ^ _41_/B (sky130_fd_sc_hd__and2_2)
     1    0.012327    0.082491    0.253857    2.703675 ^ _41_/X (sky130_fd_sc_hd__and2_2)
                                                         sram_wmask0[1] (net)
                      0.109988    0.000284    2.703959 ^ u_sram/wmask0[1] (sky130_sram_1kbyte_1rw1r_32x256_8)
                                              2.703959   data arrival time

                                 20.000000   20.000000   clock clk_i (rise edge)
                                  0.000000   20.000000   clock source latency
     2    0.073694    0.000000    0.000000   20.000000 ^ clk_i (in)
                                                         clk_i (net)
                      0.008592    0.004295   20.004295 ^ clkbuf_0_clk_i/A (sky130_fd_sc_hd__clkbuf_16)
     2    0.038551    0.058391    0.127788   20.132084 ^ clkbuf_0_clk_i/X (sky130_fd_sc_hd__clkbuf_16)
                                                         clknet_0_clk_i (net)
                      0.058426    0.001203   20.133286 ^ clkbuf_1_0__f_clk_i/A (sky130_fd_sc_hd__clkbuf_16)
     1    0.060543    0.079014    0.157307   20.290592 ^ clkbuf_1_0__f_clk_i/X (sky130_fd_sc_hd__clkbuf_16)
                                                         clknet_1_0__leaf_clk_i (net)
                      0.110765    0.013882   20.304476 ^ u_sram/clk0 (sky130_sram_1kbyte_1rw1r_32x256_8)
                                 -0.250000   20.054476   clock uncertainty
                                  0.000000   20.054476   clock reconvergence pessimism
                                 -0.103000   19.951475   library setup time
                                             19.951475   data required time
---------------------------------------------------------------------------------------------
                                             19.951475   data required time
                                             -2.703959   data arrival time
---------------------------------------------------------------------------------------------
                                             17.247519   slack (MET)


Startpoint: axi_wvalid_i (input port clocked by clk_i)
Endpoint: u_sram (falling edge-triggered flip-flop clocked by clk_i)
Path Group: clk_i
Path Type: max

Fanout         Cap        Slew       Delay        Time   Description
---------------------------------------------------------------------------------------------
                                  0.000000    0.000000   clock clk_i (rise edge)
                                  0.000000    0.000000   clock network delay (propagated)
                                  2.000000    2.000000 ^ input external delay
     2    0.008701    0.000000    0.000000    2.000000 ^ axi_wvalid_i (in)
                                                         axi_wvalid_i (net)
                      0.000052    0.000026    2.000026 ^ _23_/C (sky130_fd_sc_hd__and3_2)
    17    0.084327    0.416987    0.442057    2.442083 ^ _23_/X (sky130_fd_sc_hd__and3_2)
                                                         axi_awready_o (net)
                      0.417163    0.007128    2.449211 ^ _32_/B1 (sky130_fd_sc_hd__a32o_2)
     1    0.015818    0.111249    0.246777    2.695988 ^ _32_/X (sky130_fd_sc_hd__a32o_2)
                                                         sram_addr0[0] (net)
                      0.148333    0.000604    2.696592 ^ u_sram/addr0[0] (sky130_sram_1kbyte_1rw1r_32x256_8)
                                              2.696592   data arrival time

                                 20.000000   20.000000   clock clk_i (rise edge)
                                  0.000000   20.000000   clock source latency
     2    0.073694    0.000000    0.000000   20.000000 ^ clk_i (in)
                                                         clk_i (net)
                      0.008592    0.004295   20.004295 ^ clkbuf_0_clk_i/A (sky130_fd_sc_hd__clkbuf_16)
     2    0.038551    0.058391    0.127788   20.132084 ^ clkbuf_0_clk_i/X (sky130_fd_sc_hd__clkbuf_16)
                                                         clknet_0_clk_i (net)
                      0.058426    0.001203   20.133286 ^ clkbuf_1_0__f_clk_i/A (sky130_fd_sc_hd__clkbuf_16)
     1    0.060543    0.079014    0.157307   20.290592 ^ clkbuf_1_0__f_clk_i/X (sky130_fd_sc_hd__clkbuf_16)
                                                         clknet_1_0__leaf_clk_i (net)
                      0.110765    0.013882   20.304476 ^ u_sram/clk0 (sky130_sram_1kbyte_1rw1r_32x256_8)
                                 -0.250000   20.054476   clock uncertainty
                                  0.000000   20.054476   clock reconvergence pessimism
                                 -0.103000   19.951475   library setup time
                                             19.951475   data required time
---------------------------------------------------------------------------------------------
                                             19.951475   data required time
                                             -2.696592   data arrival time
---------------------------------------------------------------------------------------------
                                             17.254885   slack (MET)


Startpoint: axi_wvalid_i (input port clocked by clk_i)
Endpoint: u_sram (falling edge-triggered flip-flop clocked by clk_i)
Path Group: clk_i
Path Type: max

Fanout         Cap        Slew       Delay        Time   Description
---------------------------------------------------------------------------------------------
                                  0.000000    0.000000   clock clk_i (rise edge)
                                  0.000000    0.000000   clock network delay (propagated)
                                  2.000000    2.000000 ^ input external delay
     2    0.008701    0.000000    0.000000    2.000000 ^ axi_wvalid_i (in)
                                                         axi_wvalid_i (net)
                      0.000052    0.000026    2.000026 ^ _23_/C (sky130_fd_sc_hd__and3_2)
    17    0.084327    0.416987    0.442057    2.442083 ^ _23_/X (sky130_fd_sc_hd__and3_2)
                                                         axi_awready_o (net)
                      0.416992    0.001313    2.443396 ^ _37_/B1 (sky130_fd_sc_hd__a32o_2)
     1    0.014994    0.106998    0.243478    2.686874 ^ _37_/X (sky130_fd_sc_hd__a32o_2)
                                                         sram_addr0[5] (net)
                      0.142664    0.000358    2.687231 ^ u_sram/addr0[5] (sky130_sram_1kbyte_1rw1r_32x256_8)
                                              2.687231   data arrival time

                                 20.000000   20.000000   clock clk_i (rise edge)
                                  0.000000   20.000000   clock source latency
     2    0.073694    0.000000    0.000000   20.000000 ^ clk_i (in)
                                                         clk_i (net)
                      0.008592    0.004295   20.004295 ^ clkbuf_0_clk_i/A (sky130_fd_sc_hd__clkbuf_16)
     2    0.038551    0.058391    0.127788   20.132084 ^ clkbuf_0_clk_i/X (sky130_fd_sc_hd__clkbuf_16)
                                                         clknet_0_clk_i (net)
                      0.058426    0.001203   20.133286 ^ clkbuf_1_0__f_clk_i/A (sky130_fd_sc_hd__clkbuf_16)
     1    0.060543    0.079014    0.157307   20.290592 ^ clkbuf_1_0__f_clk_i/X (sky130_fd_sc_hd__clkbuf_16)
                                                         clknet_1_0__leaf_clk_i (net)
                      0.110765    0.013882   20.304476 ^ u_sram/clk0 (sky130_sram_1kbyte_1rw1r_32x256_8)
                                 -0.250000   20.054476   clock uncertainty
                                  0.000000   20.054476   clock reconvergence pessimism
                                 -0.103000   19.951475   library setup time
                                             19.951475   data required time
---------------------------------------------------------------------------------------------
                                             19.951475   data required time
                                             -2.687231   data arrival time
---------------------------------------------------------------------------------------------
                                             17.264244   slack (MET)


Startpoint: axi_wvalid_i (input port clocked by clk_i)
Endpoint: u_sram (falling edge-triggered flip-flop clocked by clk_i)
Path Group: clk_i
Path Type: max

Fanout         Cap        Slew       Delay        Time   Description
---------------------------------------------------------------------------------------------
                                  0.000000    0.000000   clock clk_i (rise edge)
                                  0.000000    0.000000   clock network delay (propagated)
                                  2.000000    2.000000 ^ input external delay
     2    0.008701    0.000000    0.000000    2.000000 ^ axi_wvalid_i (in)
                                                         axi_wvalid_i (net)
                      0.000052    0.000026    2.000026 ^ _23_/C (sky130_fd_sc_hd__and3_2)
    17    0.084327    0.416987    0.442057    2.442083 ^ _23_/X (sky130_fd_sc_hd__and3_2)
                                                         axi_awready_o (net)
                      0.416993    0.001433    2.443516 ^ _39_/B1 (sky130_fd_sc_hd__a32o_2)
     1    0.014333    0.103626    0.240725    2.684241 ^ _39_/X (sky130_fd_sc_hd__a32o_2)
                                                         sram_addr0[7] (net)
                      0.138168    0.000463    2.684704 ^ u_sram/addr0[7] (sky130_sram_1kbyte_1rw1r_32x256_8)
                                              2.684704   data arrival time

                                 20.000000   20.000000   clock clk_i (rise edge)
                                  0.000000   20.000000   clock source latency
     2    0.073694    0.000000    0.000000   20.000000 ^ clk_i (in)
                                                         clk_i (net)
                      0.008592    0.004295   20.004295 ^ clkbuf_0_clk_i/A (sky130_fd_sc_hd__clkbuf_16)
     2    0.038551    0.058391    0.127788   20.132084 ^ clkbuf_0_clk_i/X (sky130_fd_sc_hd__clkbuf_16)
                                                         clknet_0_clk_i (net)
                      0.058426    0.001203   20.133286 ^ clkbuf_1_0__f_clk_i/A (sky130_fd_sc_hd__clkbuf_16)
     1    0.060543    0.079014    0.157307   20.290592 ^ clkbuf_1_0__f_clk_i/X (sky130_fd_sc_hd__clkbuf_16)
                                                         clknet_1_0__leaf_clk_i (net)
                      0.110765    0.013882   20.304476 ^ u_sram/clk0 (sky130_sram_1kbyte_1rw1r_32x256_8)
                                 -0.250000   20.054476   clock uncertainty
                                  0.000000   20.054476   clock reconvergence pessimism
                                 -0.103000   19.951475   library setup time
                                             19.951475   data required time
---------------------------------------------------------------------------------------------
                                             19.951475   data required time
                                             -2.684704   data arrival time
---------------------------------------------------------------------------------------------
                                             17.266771   slack (MET)


Startpoint: axi_wvalid_i (input port clocked by clk_i)
Endpoint: u_sram (falling edge-triggered flip-flop clocked by clk_i)
Path Group: clk_i
Path Type: max

Fanout         Cap        Slew       Delay        Time   Description
---------------------------------------------------------------------------------------------
                                  0.000000    0.000000   clock clk_i (rise edge)
                                  0.000000    0.000000   clock network delay (propagated)
                                  2.000000    2.000000 ^ input external delay
     2    0.008701    0.000000    0.000000    2.000000 ^ axi_wvalid_i (in)
                                                         axi_wvalid_i (net)
                      0.000052    0.000026    2.000026 ^ _23_/C (sky130_fd_sc_hd__and3_2)
    17    0.084327    0.416987    0.442057    2.442083 ^ _23_/X (sky130_fd_sc_hd__and3_2)
                                                         axi_awready_o (net)
                      0.416993    0.001395    2.443477 ^ _38_/B1 (sky130_fd_sc_hd__a32o_2)
     1    0.013970    0.101767    0.239282    2.682759 ^ _38_/X (sky130_fd_sc_hd__a32o_2)
                                                         sram_addr0[6] (net)
                      0.135690    0.000336    2.683095 ^ u_sram/addr0[6] (sky130_sram_1kbyte_1rw1r_32x256_8)
                                              2.683095   data arrival time

                                 20.000000   20.000000   clock clk_i (rise edge)
                                  0.000000   20.000000   clock source latency
     2    0.073694    0.000000    0.000000   20.000000 ^ clk_i (in)
                                                         clk_i (net)
                      0.008592    0.004295   20.004295 ^ clkbuf_0_clk_i/A (sky130_fd_sc_hd__clkbuf_16)
     2    0.038551    0.058391    0.127788   20.132084 ^ clkbuf_0_clk_i/X (sky130_fd_sc_hd__clkbuf_16)
                                                         clknet_0_clk_i (net)
                      0.058426    0.001203   20.133286 ^ clkbuf_1_0__f_clk_i/A (sky130_fd_sc_hd__clkbuf_16)
     1    0.060543    0.079014    0.157307   20.290592 ^ clkbuf_1_0__f_clk_i/X (sky130_fd_sc_hd__clkbuf_16)
                                                         clknet_1_0__leaf_clk_i (net)
                      0.110765    0.013882   20.304476 ^ u_sram/clk0 (sky130_sram_1kbyte_1rw1r_32x256_8)
                                 -0.250000   20.054476   clock uncertainty
                                  0.000000   20.054476   clock reconvergence pessimism
                                 -0.103000   19.951475   library setup time
                                             19.951475   data required time
---------------------------------------------------------------------------------------------
                                             19.951475   data required time
                                             -2.683095   data arrival time
---------------------------------------------------------------------------------------------
                                             17.268381   slack (MET)


Startpoint: axi_wvalid_i (input port clocked by clk_i)
Endpoint: u_sram (falling edge-triggered flip-flop clocked by clk_i)
Path Group: clk_i
Path Type: max

Fanout         Cap        Slew       Delay        Time   Description
---------------------------------------------------------------------------------------------
                                  0.000000    0.000000   clock clk_i (rise edge)
                                  0.000000    0.000000   clock network delay (propagated)
                                  2.000000    2.000000 ^ input external delay
     2    0.008701    0.000000    0.000000    2.000000 ^ axi_wvalid_i (in)
                                                         axi_wvalid_i (net)
                      0.000052    0.000026    2.000026 ^ _23_/C (sky130_fd_sc_hd__and3_2)
    17    0.084327    0.416987    0.442057    2.442083 ^ _23_/X (sky130_fd_sc_hd__and3_2)
                                                         axi_awready_o (net)
                      0.416992    0.001239    2.443321 ^ _35_/B1 (sky130_fd_sc_hd__a32o_2)
     1    0.013674    0.100255    0.238108    2.681429 ^ _35_/X (sky130_fd_sc_hd__a32o_2)
                                                         sram_addr0[3] (net)
                      0.133673    0.000244    2.681673 ^ u_sram/addr0[3] (sky130_sram_1kbyte_1rw1r_32x256_8)
                                              2.681673   data arrival time

                                 20.000000   20.000000   clock clk_i (rise edge)
                                  0.000000   20.000000   clock source latency
     2    0.073694    0.000000    0.000000   20.000000 ^ clk_i (in)
                                                         clk_i (net)
                      0.008592    0.004295   20.004295 ^ clkbuf_0_clk_i/A (sky130_fd_sc_hd__clkbuf_16)
     2    0.038551    0.058391    0.127788   20.132084 ^ clkbuf_0_clk_i/X (sky130_fd_sc_hd__clkbuf_16)
                                                         clknet_0_clk_i (net)
                      0.058426    0.001203   20.133286 ^ clkbuf_1_0__f_clk_i/A (sky130_fd_sc_hd__clkbuf_16)
     1    0.060543    0.079014    0.157307   20.290592 ^ clkbuf_1_0__f_clk_i/X (sky130_fd_sc_hd__clkbuf_16)
                                                         clknet_1_0__leaf_clk_i (net)
                      0.110765    0.013882   20.304476 ^ u_sram/clk0 (sky130_sram_1kbyte_1rw1r_32x256_8)
                                 -0.250000   20.054476   clock uncertainty
                                  0.000000   20.054476   clock reconvergence pessimism
                                 -0.103000   19.951475   library setup time
                                             19.951475   data required time
---------------------------------------------------------------------------------------------
                                             19.951475   data required time
                                             -2.681673   data arrival time
---------------------------------------------------------------------------------------------
                                             17.269802   slack (MET)


Startpoint: axi_wvalid_i (input port clocked by clk_i)
Endpoint: u_sram (falling edge-triggered flip-flop clocked by clk_i)
Path Group: clk_i
Path Type: max

Fanout         Cap        Slew       Delay        Time   Description
---------------------------------------------------------------------------------------------
                                  0.000000    0.000000   clock clk_i (rise edge)
                                  0.000000    0.000000   clock network delay (propagated)
                                  2.000000    2.000000 ^ input external delay
     2    0.008701    0.000000    0.000000    2.000000 ^ axi_wvalid_i (in)
                                                         axi_wvalid_i (net)
                      0.000052    0.000026    2.000026 ^ _23_/C (sky130_fd_sc_hd__and3_2)
    17    0.084327    0.416987    0.442057    2.442083 ^ _23_/X (sky130_fd_sc_hd__and3_2)
                                                         axi_awready_o (net)
                      0.416992    0.001279    2.443362 ^ _36_/B1 (sky130_fd_sc_hd__a32o_2)
     1    0.013535    0.099561    0.237458    2.680820 ^ _36_/X (sky130_fd_sc_hd__a32o_2)
                                                         sram_addr0[4] (net)
                      0.132748    0.000437    2.681257 ^ u_sram/addr0[4] (sky130_sram_1kbyte_1rw1r_32x256_8)
                                              2.681257   data arrival time

                                 20.000000   20.000000   clock clk_i (rise edge)
                                  0.000000   20.000000   clock source latency
     2    0.073694    0.000000    0.000000   20.000000 ^ clk_i (in)
                                                         clk_i (net)
                      0.008592    0.004295   20.004295 ^ clkbuf_0_clk_i/A (sky130_fd_sc_hd__clkbuf_16)
     2    0.038551    0.058391    0.127788   20.132084 ^ clkbuf_0_clk_i/X (sky130_fd_sc_hd__clkbuf_16)
                                                         clknet_0_clk_i (net)
                      0.058426    0.001203   20.133286 ^ clkbuf_1_0__f_clk_i/A (sky130_fd_sc_hd__clkbuf_16)
     1    0.060543    0.079014    0.157307   20.290592 ^ clkbuf_1_0__f_clk_i/X (sky130_fd_sc_hd__clkbuf_16)
                                                         clknet_1_0__leaf_clk_i (net)
                      0.110765    0.013882   20.304476 ^ u_sram/clk0 (sky130_sram_1kbyte_1rw1r_32x256_8)
                                 -0.250000   20.054476   clock uncertainty
                                  0.000000   20.054476   clock reconvergence pessimism
                                 -0.103000   19.951475   library setup time
                                             19.951475   data required time
---------------------------------------------------------------------------------------------
                                             19.951475   data required time
                                             -2.681257   data arrival time
---------------------------------------------------------------------------------------------
                                             17.270220   slack (MET)


Startpoint: axi_wvalid_i (input port clocked by clk_i)
Endpoint: u_sram (falling edge-triggered flip-flop clocked by clk_i)
Path Group: clk_i
Path Type: max

Fanout         Cap        Slew       Delay        Time   Description
---------------------------------------------------------------------------------------------
                                  0.000000    0.000000   clock clk_i (rise edge)
                                  0.000000    0.000000   clock network delay (propagated)
                                  2.000000    2.000000 ^ input external delay
     2    0.008701    0.000000    0.000000    2.000000 ^ axi_wvalid_i (in)
                                                         axi_wvalid_i (net)
                      0.000052    0.000026    2.000026 ^ _23_/C (sky130_fd_sc_hd__and3_2)
    17    0.084327    0.416987    0.442057    2.442083 ^ _23_/X (sky130_fd_sc_hd__and3_2)
                                                         axi_awready_o (net)
                      0.416991    0.001192    2.443275 ^ _34_/B1 (sky130_fd_sc_hd__a32o_2)
     1    0.012795    0.095806    0.234444    2.677719 ^ _34_/X (sky130_fd_sc_hd__a32o_2)
                                                         sram_addr0[2] (net)
                      0.127741    0.000364    2.678083 ^ u_sram/addr0[2] (sky130_sram_1kbyte_1rw1r_32x256_8)
                                              2.678083   data arrival time

                                 20.000000   20.000000   clock clk_i (rise edge)
                                  0.000000   20.000000   clock source latency
     2    0.073694    0.000000    0.000000   20.000000 ^ clk_i (in)
                                                         clk_i (net)
                      0.008592    0.004295   20.004295 ^ clkbuf_0_clk_i/A (sky130_fd_sc_hd__clkbuf_16)
     2    0.038551    0.058391    0.127788   20.132084 ^ clkbuf_0_clk_i/X (sky130_fd_sc_hd__clkbuf_16)
                                                         clknet_0_clk_i (net)
                      0.058426    0.001203   20.133286 ^ clkbuf_1_0__f_clk_i/A (sky130_fd_sc_hd__clkbuf_16)
     1    0.060543    0.079014    0.157307   20.290592 ^ clkbuf_1_0__f_clk_i/X (sky130_fd_sc_hd__clkbuf_16)
                                                         clknet_1_0__leaf_clk_i (net)
                      0.110765    0.013882   20.304476 ^ u_sram/clk0 (sky130_sram_1kbyte_1rw1r_32x256_8)
                                 -0.250000   20.054476   clock uncertainty
                                  0.000000   20.054476   clock reconvergence pessimism
                                 -0.103000   19.951475   library setup time
                                             19.951475   data required time
---------------------------------------------------------------------------------------------
                                             19.951475   data required time
                                             -2.678083   data arrival time
---------------------------------------------------------------------------------------------
                                             17.273394   slack (MET)


Startpoint: axi_wvalid_i (input port clocked by clk_i)
Endpoint: u_sram (falling edge-triggered flip-flop clocked by clk_i)
Path Group: clk_i
Path Type: max

Fanout         Cap        Slew       Delay        Time   Description
---------------------------------------------------------------------------------------------
                                  0.000000    0.000000   clock clk_i (rise edge)
                                  0.000000    0.000000   clock network delay (propagated)
                                  2.000000    2.000000 ^ input external delay
     2    0.008701    0.000000    0.000000    2.000000 ^ axi_wvalid_i (in)
                                                         axi_wvalid_i (net)
                      0.000052    0.000026    2.000026 ^ _23_/C (sky130_fd_sc_hd__and3_2)
    17    0.084327    0.416987    0.442057    2.442083 ^ _23_/X (sky130_fd_sc_hd__and3_2)
                                                         axi_awready_o (net)
                      0.416992    0.001320    2.443403 ^ _33_/B1 (sky130_fd_sc_hd__a32o_2)
     1    0.012246    0.093035    0.232214    2.675617 ^ _33_/X (sky130_fd_sc_hd__a32o_2)
                                                         sram_addr0[1] (net)
                      0.124047    0.000312    2.675928 ^ u_sram/addr0[1] (sky130_sram_1kbyte_1rw1r_32x256_8)
                                              2.675928   data arrival time

                                 20.000000   20.000000   clock clk_i (rise edge)
                                  0.000000   20.000000   clock source latency
     2    0.073694    0.000000    0.000000   20.000000 ^ clk_i (in)
                                                         clk_i (net)
                      0.008592    0.004295   20.004295 ^ clkbuf_0_clk_i/A (sky130_fd_sc_hd__clkbuf_16)
     2    0.038551    0.058391    0.127788   20.132084 ^ clkbuf_0_clk_i/X (sky130_fd_sc_hd__clkbuf_16)
                                                         clknet_0_clk_i (net)
                      0.058426    0.001203   20.133286 ^ clkbuf_1_0__f_clk_i/A (sky130_fd_sc_hd__clkbuf_16)
     1    0.060543    0.079014    0.157307   20.290592 ^ clkbuf_1_0__f_clk_i/X (sky130_fd_sc_hd__clkbuf_16)
                                                         clknet_1_0__leaf_clk_i (net)
                      0.110765    0.013882   20.304476 ^ u_sram/clk0 (sky130_sram_1kbyte_1rw1r_32x256_8)
                                 -0.250000   20.054476   clock uncertainty
                                  0.000000   20.054476   clock reconvergence pessimism
                                 -0.103000   19.951475   library setup time
                                             19.951475   data required time
---------------------------------------------------------------------------------------------
                                             19.951475   data required time
                                             -2.675928   data arrival time
---------------------------------------------------------------------------------------------
                                             17.275547   slack (MET)


Startpoint: axi_wvalid_i (input port clocked by clk_i)
Endpoint: _46_ (rising edge-triggered flip-flop clocked by clk_i)
Path Group: clk_i
Path Type: max

Fanout         Cap        Slew       Delay        Time   Description
---------------------------------------------------------------------------------------------
                                  0.000000    0.000000   clock clk_i (rise edge)
                                  0.000000    0.000000   clock network delay (propagated)
                                  2.000000    2.000000 v input external delay
     2    0.008157    0.000000    0.000000    2.000000 v axi_wvalid_i (in)
                                                         axi_wvalid_i (net)
                      0.000049    0.000024    2.000024 v _23_/C (sky130_fd_sc_hd__and3_2)
    17    0.080155    0.199916    0.345951    2.345976 v _23_/X (sky130_fd_sc_hd__and3_2)
                                                         axi_awready_o (net)
                      0.199920    0.001423    2.347398 v _28_/B1 (sky130_fd_sc_hd__a21o_2)
     1    0.006228    0.042239    0.253794    2.601192 v _28_/X (sky130_fd_sc_hd__a21o_2)
                                                         _02_ (net)
                      0.042239    0.000169    2.601361 v _46_/D (sky130_fd_sc_hd__dfrtp_2)
                                              2.601361   data arrival time

                                 20.000000   20.000000   clock clk_i (rise edge)
                                  0.000000   20.000000   clock source latency
     2    0.073694    0.000000    0.000000   20.000000 ^ clk_i (in)
                                                         clk_i (net)
                      0.005402    0.002702   20.002703 ^ clkbuf_regs_0_clk_i/A (sky130_fd_sc_hd__clkbuf_16)
     1    0.008368    0.031952    0.100389   20.103092 ^ clkbuf_regs_0_clk_i/X (sky130_fd_sc_hd__clkbuf_16)
                                                         clk_i_regs (net)
                      0.031953    0.000089   20.103180 ^ clkbuf_0_clk_i_regs/A (sky130_fd_sc_hd__clkbuf_16)
     2    0.018710    0.040748    0.119464   20.222643 ^ clkbuf_0_clk_i_regs/X (sky130_fd_sc_hd__clkbuf_16)
                                                         clknet_0_clk_i_regs (net)
                      0.040748    0.000195   20.222839 ^ clkbuf_1_1__f_clk_i_regs/A (sky130_fd_sc_hd__clkbuf_16)
     3    0.007376    0.031067    0.111807   20.334646 ^ clkbuf_1_1__f_clk_i_regs/X (sky130_fd_sc_hd__clkbuf_16)
                                                         clknet_1_1__leaf_clk_i_regs (net)
                      0.031067    0.000059   20.334705 ^ _46_/CLK (sky130_fd_sc_hd__dfrtp_2)
                                 -0.250000   20.084705   clock uncertainty
                                  0.000000   20.084705   clock reconvergence pessimism
                                 -0.117505   19.967201   library setup time
                                             19.967201   data required time
---------------------------------------------------------------------------------------------
                                             19.967201   data required time
                                             -2.601361   data arrival time
---------------------------------------------------------------------------------------------
                                             17.365841   slack (MET)


Startpoint: axi_wvalid_i (input port clocked by clk_i)
Endpoint: u_sram (falling edge-triggered flip-flop clocked by clk_i)
Path Group: clk_i
Path Type: max

Fanout         Cap        Slew       Delay        Time   Description
---------------------------------------------------------------------------------------------
                                  0.000000    0.000000   clock clk_i (rise edge)
                                  0.000000    0.000000   clock network delay (propagated)
                                  2.000000    2.000000 v input external delay
     2    0.008157    0.000000    0.000000    2.000000 v axi_wvalid_i (in)
                                                         axi_wvalid_i (net)
                      0.000049    0.000024    2.000024 v _23_/C (sky130_fd_sc_hd__and3_2)
    17    0.080155    0.199916    0.345951    2.345976 v _23_/X (sky130_fd_sc_hd__and3_2)
                                                         axi_awready_o (net)
                      0.200170    0.004810    2.350785 v _29_/A (sky130_fd_sc_hd__nor2_2)
     1    0.010851    0.144469    0.211720    2.562505 ^ _29_/Y (sky130_fd_sc_hd__nor2_2)
                                                         sram_csb0 (net)
                      0.192626    0.000217    2.562722 ^ u_sram/csb0 (sky130_sram_1kbyte_1rw1r_32x256_8)
                                              2.562722   data arrival time

                                 20.000000   20.000000   clock clk_i (rise edge)
                                  0.000000   20.000000   clock source latency
     2    0.073694    0.000000    0.000000   20.000000 ^ clk_i (in)
                                                         clk_i (net)
                      0.008592    0.004295   20.004295 ^ clkbuf_0_clk_i/A (sky130_fd_sc_hd__clkbuf_16)
     2    0.038551    0.058391    0.127788   20.132084 ^ clkbuf_0_clk_i/X (sky130_fd_sc_hd__clkbuf_16)
                                                         clknet_0_clk_i (net)
                      0.058426    0.001203   20.133286 ^ clkbuf_1_0__f_clk_i/A (sky130_fd_sc_hd__clkbuf_16)
     1    0.060543    0.079014    0.157307   20.290592 ^ clkbuf_1_0__f_clk_i/X (sky130_fd_sc_hd__clkbuf_16)
                                                         clknet_1_0__leaf_clk_i (net)
                      0.110765    0.013882   20.304476 ^ u_sram/clk0 (sky130_sram_1kbyte_1rw1r_32x256_8)
                                 -0.250000   20.054476   clock uncertainty
                                  0.000000   20.054476   clock reconvergence pessimism
                                 -0.103000   19.951475   library setup time
                                             19.951475   data required time
---------------------------------------------------------------------------------------------
                                             19.951475   data required time
                                             -2.562722   data arrival time
---------------------------------------------------------------------------------------------
                                             17.388754   slack (MET)


Startpoint: axi_wvalid_i (input port clocked by clk_i)
Endpoint: u_sram (falling edge-triggered flip-flop clocked by clk_i)
Path Group: clk_i
Path Type: max

Fanout         Cap        Slew       Delay        Time   Description
---------------------------------------------------------------------------------------------
                                  0.000000    0.000000   clock clk_i (rise edge)
                                  0.000000    0.000000   clock network delay (propagated)
                                  2.000000    2.000000 ^ input external delay
     2    0.008701    0.000000    0.000000    2.000000 ^ axi_wvalid_i (in)
                                                         axi_wvalid_i (net)
                      0.000052    0.000026    2.000026 ^ _23_/C (sky130_fd_sc_hd__and3_2)
    17    0.084327    0.416987    0.442057    2.442083 ^ _23_/X (sky130_fd_sc_hd__and3_2)
                                                         axi_awready_o (net)
                      0.417082    0.005277    2.447360 ^ _24_/A (sky130_fd_sc_hd__inv_2)
     1    0.008981    0.082987    0.084366    2.531726 v _24_/Y (sky130_fd_sc_hd__inv_2)
                                                         sram_web0 (net)
                      0.110650    0.000151    2.531876 v u_sram/web0 (sky130_sram_1kbyte_1rw1r_32x256_8)
                                              2.531876   data arrival time

                                 20.000000   20.000000   clock clk_i (rise edge)
                                  0.000000   20.000000   clock source latency
     2    0.073694    0.000000    0.000000   20.000000 ^ clk_i (in)
                                                         clk_i (net)
                      0.008592    0.004295   20.004295 ^ clkbuf_0_clk_i/A (sky130_fd_sc_hd__clkbuf_16)
     2    0.038551    0.058391    0.127788   20.132084 ^ clkbuf_0_clk_i/X (sky130_fd_sc_hd__clkbuf_16)
                                                         clknet_0_clk_i (net)
                      0.058426    0.001203   20.133286 ^ clkbuf_1_0__f_clk_i/A (sky130_fd_sc_hd__clkbuf_16)
     1    0.060543    0.079014    0.157307   20.290592 ^ clkbuf_1_0__f_clk_i/X (sky130_fd_sc_hd__clkbuf_16)
                                                         clknet_1_0__leaf_clk_i (net)
                      0.110765    0.013882   20.304476 ^ u_sram/clk0 (sky130_sram_1kbyte_1rw1r_32x256_8)
                                 -0.250000   20.054476   clock uncertainty
                                  0.000000   20.054476   clock reconvergence pessimism
                                 -0.103000   19.951475   library setup time
                                             19.951475   data required time
---------------------------------------------------------------------------------------------
                                             19.951475   data required time
                                             -2.531876   data arrival time
---------------------------------------------------------------------------------------------
                                             17.419600   slack (MET)


Startpoint: axi_arvalid_i (input port clocked by clk_i)
Endpoint: _47_ (rising edge-triggered flip-flop clocked by clk_i)
Path Group: clk_i
Path Type: max

Fanout         Cap        Slew       Delay        Time   Description
---------------------------------------------------------------------------------------------
                                  0.000000    0.000000   clock clk_i (rise edge)
                                  0.000000    0.000000   clock network delay (propagated)
                                  2.000000    2.000000 v input external delay
     2    0.007946    0.000000    0.000000    2.000000 v axi_arvalid_i (in)
                                                         axi_arvalid_i (net)
                      0.000036    0.000018    2.000018 v _25_/B (sky130_fd_sc_hd__and2_2)
    11    0.055783    0.144316    0.279610    2.279627 v _25_/X (sky130_fd_sc_hd__and2_2)
                                                         _08_ (net)
                      0.144316    0.000429    2.280056 v _44_/B (sky130_fd_sc_hd__and2_2)
     1    0.006789    0.045447    0.242698    2.522754 v _44_/X (sky130_fd_sc_hd__and2_2)
                                                         _00_ (net)
                      0.045447    0.000171    2.522925 v _47_/D (sky130_fd_sc_hd__dfrtp_2)
                                              2.522925   data arrival time

                                 20.000000   20.000000   clock clk_i (rise edge)
                                  0.000000   20.000000   clock source latency
     2    0.073694    0.000000    0.000000   20.000000 ^ clk_i (in)
                                                         clk_i (net)
                      0.005402    0.002702   20.002703 ^ clkbuf_regs_0_clk_i/A (sky130_fd_sc_hd__clkbuf_16)
     1    0.008368    0.031952    0.100389   20.103092 ^ clkbuf_regs_0_clk_i/X (sky130_fd_sc_hd__clkbuf_16)
                                                         clk_i_regs (net)
                      0.031953    0.000089   20.103180 ^ clkbuf_0_clk_i_regs/A (sky130_fd_sc_hd__clkbuf_16)
     2    0.018710    0.040748    0.119464   20.222643 ^ clkbuf_0_clk_i_regs/X (sky130_fd_sc_hd__clkbuf_16)
                                                         clknet_0_clk_i_regs (net)
                      0.040748    0.000158   20.222801 ^ clkbuf_1_0__f_clk_i_regs/A (sky130_fd_sc_hd__clkbuf_16)
     2    0.005038    0.028799    0.109029   20.331831 ^ clkbuf_1_0__f_clk_i_regs/X (sky130_fd_sc_hd__clkbuf_16)
                                                         clknet_1_0__leaf_clk_i_regs (net)
                      0.028799    0.000057   20.331888 ^ _47_/CLK (sky130_fd_sc_hd__dfrtp_2)
                                 -0.250000   20.081888   clock uncertainty
                                  0.000000   20.081888   clock reconvergence pessimism
                                 -0.119438   19.962450   library setup time
                                             19.962450   data required time
---------------------------------------------------------------------------------------------
                                             19.962450   data required time
                                             -2.522925   data arrival time
---------------------------------------------------------------------------------------------
                                             17.439524   slack (MET)


Startpoint: axi_wvalid_i (input port clocked by clk_i)
Endpoint: _45_ (rising edge-triggered flip-flop clocked by clk_i)
Path Group: clk_i
Path Type: max

Fanout         Cap        Slew       Delay        Time   Description
---------------------------------------------------------------------------------------------
                                  0.000000    0.000000   clock clk_i (rise edge)
                                  0.000000    0.000000   clock network delay (propagated)
                                  2.000000    2.000000 ^ input external delay
     2    0.008701    0.000000    0.000000    2.000000 ^ axi_wvalid_i (in)
                                                         axi_wvalid_i (net)
                      0.000053    0.000027    2.000027 ^ _22_/B (sky130_fd_sc_hd__nand2_2)
    11    0.053521    0.211032    0.168457    2.168483 v _22_/Y (sky130_fd_sc_hd__nand2_2)
                                                         _07_ (net)
                      0.211043    0.001257    2.169740 v _31_/A3 (sky130_fd_sc_hd__a31o_2)
     1    0.006776    0.046428    0.319645    2.489385 v _31_/X (sky130_fd_sc_hd__a31o_2)
                                                         _01_ (net)
                      0.046428    0.000171    2.489557 v _45_/D (sky130_fd_sc_hd__dfstp_2)
                                              2.489557   data arrival time

                                 20.000000   20.000000   clock clk_i (rise edge)
                                  0.000000   20.000000   clock source latency
     2    0.073694    0.000000    0.000000   20.000000 ^ clk_i (in)
                                                         clk_i (net)
                      0.005402    0.002702   20.002703 ^ clkbuf_regs_0_clk_i/A (sky130_fd_sc_hd__clkbuf_16)
     1    0.008368    0.031952    0.100389   20.103092 ^ clkbuf_regs_0_clk_i/X (sky130_fd_sc_hd__clkbuf_16)
                                                         clk_i_regs (net)
                      0.031953    0.000089   20.103180 ^ clkbuf_0_clk_i_regs/A (sky130_fd_sc_hd__clkbuf_16)
     2    0.018710    0.040748    0.119464   20.222643 ^ clkbuf_0_clk_i_regs/X (sky130_fd_sc_hd__clkbuf_16)
                                                         clknet_0_clk_i_regs (net)
                      0.040748    0.000158   20.222801 ^ clkbuf_1_0__f_clk_i_regs/A (sky130_fd_sc_hd__clkbuf_16)
     2    0.005038    0.028799    0.109029   20.331831 ^ clkbuf_1_0__f_clk_i_regs/X (sky130_fd_sc_hd__clkbuf_16)
                                                         clknet_1_0__leaf_clk_i_regs (net)
                      0.028799    0.000055   20.331886 ^ _45_/CLK (sky130_fd_sc_hd__dfstp_2)
                                 -0.250000   20.081886   clock uncertainty
                                  0.000000   20.081886   clock reconvergence pessimism
                                 -0.075635   20.006252   library setup time
                                             20.006252   data required time
---------------------------------------------------------------------------------------------
                                             20.006252   data required time
                                             -2.489557   data arrival time
---------------------------------------------------------------------------------------------
                                             17.516695   slack (MET)


Startpoint: axi_wdata_i[10] (input port clocked by clk_i)
Endpoint: u_sram (falling edge-triggered flip-flop clocked by clk_i)
Path Group: clk_i
Path Type: max

Fanout         Cap        Slew       Delay        Time   Description
---------------------------------------------------------------------------------------------
                                  0.000000    0.000000   clock clk_i (rise edge)
                                  0.000000    0.000000   clock network delay (propagated)
                                  2.000000    2.000000 ^ input external delay
     1    0.015266    0.000000    0.000000    2.000000 ^ axi_wdata_i[10] (in)
                                                         axi_wdata_i[10] (net)
                      0.001871    0.000443    2.000443 ^ u_sram/din0[10] (sky130_sram_1kbyte_1rw1r_32x256_8)
                                              2.000443   data arrival time

                                 20.000000   20.000000   clock clk_i (rise edge)
                                  0.000000   20.000000   clock source latency
     2    0.073694    0.000000    0.000000   20.000000 ^ clk_i (in)
                                                         clk_i (net)
                      0.008592    0.004295   20.004295 ^ clkbuf_0_clk_i/A (sky130_fd_sc_hd__clkbuf_16)
     2    0.038551    0.058391    0.127788   20.132084 ^ clkbuf_0_clk_i/X (sky130_fd_sc_hd__clkbuf_16)
                                                         clknet_0_clk_i (net)
                      0.058426    0.001203   20.133286 ^ clkbuf_1_0__f_clk_i/A (sky130_fd_sc_hd__clkbuf_16)
     1    0.060543    0.079014    0.157307   20.290592 ^ clkbuf_1_0__f_clk_i/X (sky130_fd_sc_hd__clkbuf_16)
                                                         clknet_1_0__leaf_clk_i (net)
                      0.110765    0.013882   20.304476 ^ u_sram/clk0 (sky130_sram_1kbyte_1rw1r_32x256_8)
                                 -0.250000   20.054476   clock uncertainty
                                  0.000000   20.054476   clock reconvergence pessimism
                                 -0.103000   19.951475   library setup time
                                             19.951475   data required time
---------------------------------------------------------------------------------------------
                                             19.951475   data required time
                                             -2.000443   data arrival time
---------------------------------------------------------------------------------------------
                                             17.951033   slack (MET)


Startpoint: axi_wdata_i[11] (input port clocked by clk_i)
Endpoint: u_sram (falling edge-triggered flip-flop clocked by clk_i)
Path Group: clk_i
Path Type: max

Fanout         Cap        Slew       Delay        Time   Description
---------------------------------------------------------------------------------------------
                                  0.000000    0.000000   clock clk_i (rise edge)
                                  0.000000    0.000000   clock network delay (propagated)
                                  2.000000    2.000000 ^ input external delay
     1    0.015299    0.000000    0.000000    2.000000 ^ axi_wdata_i[11] (in)
                                                         axi_wdata_i[11] (net)
                      0.001891    0.000447    2.000448 ^ u_sram/din0[11] (sky130_sram_1kbyte_1rw1r_32x256_8)
                                              2.000448   data arrival time

                                 20.000000   20.000000   clock clk_i (rise edge)
                                  0.000000   20.000000   clock source latency
     2    0.073694    0.000000    0.000000   20.000000 ^ clk_i (in)
                                                         clk_i (net)
                      0.008592    0.004295   20.004295 ^ clkbuf_0_clk_i/A (sky130_fd_sc_hd__clkbuf_16)
     2    0.038551    0.058391    0.127788   20.132084 ^ clkbuf_0_clk_i/X (sky130_fd_sc_hd__clkbuf_16)
                                                         clknet_0_clk_i (net)
                      0.058426    0.001203   20.133286 ^ clkbuf_1_0__f_clk_i/A (sky130_fd_sc_hd__clkbuf_16)
     1    0.060543    0.079014    0.157307   20.290592 ^ clkbuf_1_0__f_clk_i/X (sky130_fd_sc_hd__clkbuf_16)
                                                         clknet_1_0__leaf_clk_i (net)
                      0.110765    0.013882   20.304476 ^ u_sram/clk0 (sky130_sram_1kbyte_1rw1r_32x256_8)
                                 -0.250000   20.054476   clock uncertainty
                                  0.000000   20.054476   clock reconvergence pessimism
                                 -0.103000   19.951475   library setup time
                                             19.951475   data required time
---------------------------------------------------------------------------------------------
                                             19.951475   data required time
                                             -2.000448   data arrival time
---------------------------------------------------------------------------------------------
                                             17.951027   slack (MET)


Startpoint: axi_wdata_i[12] (input port clocked by clk_i)
Endpoint: u_sram (falling edge-triggered flip-flop clocked by clk_i)
Path Group: clk_i
Path Type: max

Fanout         Cap        Slew       Delay        Time   Description
---------------------------------------------------------------------------------------------
                                  0.000000    0.000000   clock clk_i (rise edge)
                                  0.000000    0.000000   clock network delay (propagated)
                                  2.000000    2.000000 ^ input external delay
     1    0.015228    0.000000    0.000000    2.000000 ^ axi_wdata_i[12] (in)
                                                         axi_wdata_i[12] (net)
                      0.001863    0.000441    2.000441 ^ u_sram/din0[12] (sky130_sram_1kbyte_1rw1r_32x256_8)
                                              2.000441   data arrival time

                                 20.000000   20.000000   clock clk_i (rise edge)
                                  0.000000   20.000000   clock source latency
     2    0.073694    0.000000    0.000000   20.000000 ^ clk_i (in)
                                                         clk_i (net)
                      0.008592    0.004295   20.004295 ^ clkbuf_0_clk_i/A (sky130_fd_sc_hd__clkbuf_16)
     2    0.038551    0.058391    0.127788   20.132084 ^ clkbuf_0_clk_i/X (sky130_fd_sc_hd__clkbuf_16)
                                                         clknet_0_clk_i (net)
                      0.058426    0.001203   20.133286 ^ clkbuf_1_0__f_clk_i/A (sky130_fd_sc_hd__clkbuf_16)
     1    0.060543    0.079014    0.157307   20.290592 ^ clkbuf_1_0__f_clk_i/X (sky130_fd_sc_hd__clkbuf_16)
                                                         clknet_1_0__leaf_clk_i (net)
                      0.110765    0.013882   20.304476 ^ u_sram/clk0 (sky130_sram_1kbyte_1rw1r_32x256_8)
                                 -0.250000   20.054476   clock uncertainty
                                  0.000000   20.054476   clock reconvergence pessimism
                                 -0.103000   19.951475   library setup time
                                             19.951475   data required time
---------------------------------------------------------------------------------------------
                                             19.951475   data required time
                                             -2.000441   data arrival time
---------------------------------------------------------------------------------------------
                                             17.951035   slack (MET)


Startpoint: axi_wdata_i[13] (input port clocked by clk_i)
Endpoint: u_sram (falling edge-triggered flip-flop clocked by clk_i)
Path Group: clk_i
Path Type: max

Fanout         Cap        Slew       Delay        Time   Description
---------------------------------------------------------------------------------------------
                                  0.000000    0.000000   clock clk_i (rise edge)
                                  0.000000    0.000000   clock network delay (propagated)
                                  2.000000    2.000000 ^ input external delay
     1    0.015234    0.000000    0.000000    2.000000 ^ axi_wdata_i[13] (in)
                                                         axi_wdata_i[13] (net)
                      0.001865    0.000441    2.000441 ^ u_sram/din0[13] (sky130_sram_1kbyte_1rw1r_32x256_8)
                                              2.000441   data arrival time

                                 20.000000   20.000000   clock clk_i (rise edge)
                                  0.000000   20.000000   clock source latency
     2    0.073694    0.000000    0.000000   20.000000 ^ clk_i (in)
                                                         clk_i (net)
                      0.008592    0.004295   20.004295 ^ clkbuf_0_clk_i/A (sky130_fd_sc_hd__clkbuf_16)
     2    0.038551    0.058391    0.127788   20.132084 ^ clkbuf_0_clk_i/X (sky130_fd_sc_hd__clkbuf_16)
                                                         clknet_0_clk_i (net)
                      0.058426    0.001203   20.133286 ^ clkbuf_1_0__f_clk_i/A (sky130_fd_sc_hd__clkbuf_16)
     1    0.060543    0.079014    0.157307   20.290592 ^ clkbuf_1_0__f_clk_i/X (sky130_fd_sc_hd__clkbuf_16)
                                                         clknet_1_0__leaf_clk_i (net)
                      0.110765    0.013882   20.304476 ^ u_sram/clk0 (sky130_sram_1kbyte_1rw1r_32x256_8)
                                 -0.250000   20.054476   clock uncertainty
                                  0.000000   20.054476   clock reconvergence pessimism
                                 -0.103000   19.951475   library setup time
                                             19.951475   data required time
---------------------------------------------------------------------------------------------
                                             19.951475   data required time
                                             -2.000441   data arrival time
---------------------------------------------------------------------------------------------
                                             17.951035   slack (MET)


Startpoint: axi_wdata_i[14] (input port clocked by clk_i)
Endpoint: u_sram (falling edge-triggered flip-flop clocked by clk_i)
Path Group: clk_i
Path Type: max

Fanout         Cap        Slew       Delay        Time   Description
---------------------------------------------------------------------------------------------
                                  0.000000    0.000000   clock clk_i (rise edge)
                                  0.000000    0.000000   clock network delay (propagated)
                                  2.000000    2.000000 ^ input external delay
     1    0.015250    0.000000    0.000000    2.000000 ^ axi_wdata_i[14] (in)
                                                         axi_wdata_i[14] (net)
                      0.001867    0.000442    2.000442 ^ u_sram/din0[14] (sky130_sram_1kbyte_1rw1r_32x256_8)
                                              2.000442   data arrival time

                                 20.000000   20.000000   clock clk_i (rise edge)
                                  0.000000   20.000000   clock source latency
     2    0.073694    0.000000    0.000000   20.000000 ^ clk_i (in)
                                                         clk_i (net)
                      0.008592    0.004295   20.004295 ^ clkbuf_0_clk_i/A (sky130_fd_sc_hd__clkbuf_16)
     2    0.038551    0.058391    0.127788   20.132084 ^ clkbuf_0_clk_i/X (sky130_fd_sc_hd__clkbuf_16)
                                                         clknet_0_clk_i (net)
                      0.058426    0.001203   20.133286 ^ clkbuf_1_0__f_clk_i/A (sky130_fd_sc_hd__clkbuf_16)
     1    0.060543    0.079014    0.157307   20.290592 ^ clkbuf_1_0__f_clk_i/X (sky130_fd_sc_hd__clkbuf_16)
                                                         clknet_1_0__leaf_clk_i (net)
                      0.110765    0.013882   20.304476 ^ u_sram/clk0 (sky130_sram_1kbyte_1rw1r_32x256_8)
                                 -0.250000   20.054476   clock uncertainty
                                  0.000000   20.054476   clock reconvergence pessimism
                                 -0.103000   19.951475   library setup time
                                             19.951475   data required time
---------------------------------------------------------------------------------------------
                                             19.951475   data required time
                                             -2.000442   data arrival time
---------------------------------------------------------------------------------------------
                                             17.951035   slack (MET)


Startpoint: axi_wdata_i[23] (input port clocked by clk_i)
Endpoint: u_sram (falling edge-triggered flip-flop clocked by clk_i)
Path Group: clk_i
Path Type: max

Fanout         Cap        Slew       Delay        Time   Description
---------------------------------------------------------------------------------------------
                                  0.000000    0.000000   clock clk_i (rise edge)
                                  0.000000    0.000000   clock network delay (propagated)
                                  2.000000    2.000000 ^ input external delay
     1    0.015058    0.000000    0.000000    2.000000 ^ axi_wdata_i[23] (in)
                                                         axi_wdata_i[23] (net)
                      0.001840    0.000435    2.000435 ^ u_sram/din0[23] (sky130_sram_1kbyte_1rw1r_32x256_8)
                                              2.000435   data arrival time

                                 20.000000   20.000000   clock clk_i (rise edge)
                                  0.000000   20.000000   clock source latency
     2    0.073694    0.000000    0.000000   20.000000 ^ clk_i (in)
                                                         clk_i (net)
                      0.008592    0.004295   20.004295 ^ clkbuf_0_clk_i/A (sky130_fd_sc_hd__clkbuf_16)
     2    0.038551    0.058391    0.127788   20.132084 ^ clkbuf_0_clk_i/X (sky130_fd_sc_hd__clkbuf_16)
                                                         clknet_0_clk_i (net)
                      0.058426    0.001203   20.133286 ^ clkbuf_1_0__f_clk_i/A (sky130_fd_sc_hd__clkbuf_16)
     1    0.060543    0.079014    0.157307   20.290592 ^ clkbuf_1_0__f_clk_i/X (sky130_fd_sc_hd__clkbuf_16)
                                                         clknet_1_0__leaf_clk_i (net)
                      0.110765    0.013882   20.304476 ^ u_sram/clk0 (sky130_sram_1kbyte_1rw1r_32x256_8)
                                 -0.250000   20.054476   clock uncertainty
                                  0.000000   20.054476   clock reconvergence pessimism
                                 -0.103000   19.951475   library setup time
                                             19.951475   data required time
---------------------------------------------------------------------------------------------
                                             19.951475   data required time
                                             -2.000435   data arrival time
---------------------------------------------------------------------------------------------
                                             17.951040   slack (MET)


Startpoint: axi_wdata_i[25] (input port clocked by clk_i)
Endpoint: u_sram (falling edge-triggered flip-flop clocked by clk_i)
Path Group: clk_i
Path Type: max

Fanout         Cap        Slew       Delay        Time   Description
---------------------------------------------------------------------------------------------
                                  0.000000    0.000000   clock clk_i (rise edge)
                                  0.000000    0.000000   clock network delay (propagated)
                                  2.000000    2.000000 ^ input external delay
     1    0.015498    0.000000    0.000000    2.000000 ^ axi_wdata_i[25] (in)
                                                         axi_wdata_i[25] (net)
                      0.001905    0.000451    2.000451 ^ u_sram/din0[25] (sky130_sram_1kbyte_1rw1r_32x256_8)
                                              2.000451   data arrival time

                                 20.000000   20.000000   clock clk_i (rise edge)
                                  0.000000   20.000000   clock source latency
     2    0.073694    0.000000    0.000000   20.000000 ^ clk_i (in)
                                                         clk_i (net)
                      0.008592    0.004295   20.004295 ^ clkbuf_0_clk_i/A (sky130_fd_sc_hd__clkbuf_16)
     2    0.038551    0.058391    0.127788   20.132084 ^ clkbuf_0_clk_i/X (sky130_fd_sc_hd__clkbuf_16)
                                                         clknet_0_clk_i (net)
                      0.058426    0.001203   20.133286 ^ clkbuf_1_0__f_clk_i/A (sky130_fd_sc_hd__clkbuf_16)
     1    0.060543    0.079014    0.157307   20.290592 ^ clkbuf_1_0__f_clk_i/X (sky130_fd_sc_hd__clkbuf_16)
                                                         clknet_1_0__leaf_clk_i (net)
                      0.110765    0.013882   20.304476 ^ u_sram/clk0 (sky130_sram_1kbyte_1rw1r_32x256_8)
                                 -0.250000   20.054476   clock uncertainty
                                  0.000000   20.054476   clock reconvergence pessimism
                                 -0.103000   19.951475   library setup time
                                             19.951475   data required time
---------------------------------------------------------------------------------------------
                                             19.951475   data required time
                                             -2.000451   data arrival time
---------------------------------------------------------------------------------------------
                                             17.951025   slack (MET)


Startpoint: axi_wdata_i[27] (input port clocked by clk_i)
Endpoint: u_sram (falling edge-triggered flip-flop clocked by clk_i)
Path Group: clk_i
Path Type: max

Fanout         Cap        Slew       Delay        Time   Description
---------------------------------------------------------------------------------------------
                                  0.000000    0.000000   clock clk_i (rise edge)
                                  0.000000    0.000000   clock network delay (propagated)
                                  2.000000    2.000000 ^ input external delay
     1    0.015298    0.000000    0.000000    2.000000 ^ axi_wdata_i[27] (in)
                                                         axi_wdata_i[27] (net)
                      0.001891    0.000447    2.000448 ^ u_sram/din0[27] (sky130_sram_1kbyte_1rw1r_32x256_8)
                                              2.000448   data arrival time

                                 20.000000   20.000000   clock clk_i (rise edge)
                                  0.000000   20.000000   clock source latency
     2    0.073694    0.000000    0.000000   20.000000 ^ clk_i (in)
                                                         clk_i (net)
                      0.008592    0.004295   20.004295 ^ clkbuf_0_clk_i/A (sky130_fd_sc_hd__clkbuf_16)
     2    0.038551    0.058391    0.127788   20.132084 ^ clkbuf_0_clk_i/X (sky130_fd_sc_hd__clkbuf_16)
                                                         clknet_0_clk_i (net)
                      0.058426    0.001203   20.133286 ^ clkbuf_1_0__f_clk_i/A (sky130_fd_sc_hd__clkbuf_16)
     1    0.060543    0.079014    0.157307   20.290592 ^ clkbuf_1_0__f_clk_i/X (sky130_fd_sc_hd__clkbuf_16)
                                                         clknet_1_0__leaf_clk_i (net)
                      0.110765    0.013882   20.304476 ^ u_sram/clk0 (sky130_sram_1kbyte_1rw1r_32x256_8)
                                 -0.250000   20.054476   clock uncertainty
                                  0.000000   20.054476   clock reconvergence pessimism
                                 -0.103000   19.951475   library setup time
                                             19.951475   data required time
---------------------------------------------------------------------------------------------
                                             19.951475   data required time
                                             -2.000448   data arrival time
---------------------------------------------------------------------------------------------
                                             17.951027   slack (MET)


Startpoint: axi_wdata_i[9] (input port clocked by clk_i)
Endpoint: u_sram (falling edge-triggered flip-flop clocked by clk_i)
Path Group: clk_i
Path Type: max

Fanout         Cap        Slew       Delay        Time   Description
---------------------------------------------------------------------------------------------
                                  0.000000    0.000000   clock clk_i (rise edge)
                                  0.000000    0.000000   clock network delay (propagated)
                                  2.000000    2.000000 ^ input external delay
     1    0.015250    0.000000    0.000000    2.000000 ^ axi_wdata_i[9] (in)
                                                         axi_wdata_i[9] (net)
                      0.001867    0.000442    2.000442 ^ u_sram/din0[9] (sky130_sram_1kbyte_1rw1r_32x256_8)
                                              2.000442   data arrival time

                                 20.000000   20.000000   clock clk_i (rise edge)
                                  0.000000   20.000000   clock source latency
     2    0.073694    0.000000    0.000000   20.000000 ^ clk_i (in)
                                                         clk_i (net)
                      0.008592    0.004295   20.004295 ^ clkbuf_0_clk_i/A (sky130_fd_sc_hd__clkbuf_16)
     2    0.038551    0.058391    0.127788   20.132084 ^ clkbuf_0_clk_i/X (sky130_fd_sc_hd__clkbuf_16)
                                                         clknet_0_clk_i (net)
                      0.058426    0.001203   20.133286 ^ clkbuf_1_0__f_clk_i/A (sky130_fd_sc_hd__clkbuf_16)
     1    0.060543    0.079014    0.157307   20.290592 ^ clkbuf_1_0__f_clk_i/X (sky130_fd_sc_hd__clkbuf_16)
                                                         clknet_1_0__leaf_clk_i (net)
                      0.110765    0.013882   20.304476 ^ u_sram/clk0 (sky130_sram_1kbyte_1rw1r_32x256_8)
                                 -0.250000   20.054476   clock uncertainty
                                  0.000000   20.054476   clock reconvergence pessimism
                                 -0.103000   19.951475   library setup time
                                             19.951475   data required time
---------------------------------------------------------------------------------------------
                                             19.951475   data required time
                                             -2.000442   data arrival time
---------------------------------------------------------------------------------------------
                                             17.951033   slack (MET)


Startpoint: axi_wdata_i[16] (input port clocked by clk_i)
Endpoint: u_sram (falling edge-triggered flip-flop clocked by clk_i)
Path Group: clk_i
Path Type: max

Fanout         Cap        Slew       Delay        Time   Description
---------------------------------------------------------------------------------------------
                                  0.000000    0.000000   clock clk_i (rise edge)
                                  0.000000    0.000000   clock network delay (propagated)
                                  2.000000    2.000000 ^ input external delay
     1    0.014487    0.000000    0.000000    2.000000 ^ axi_wdata_i[16] (in)
                                                         axi_wdata_i[16] (net)
                      0.001741    0.000412    2.000412 ^ u_sram/din0[16] (sky130_sram_1kbyte_1rw1r_32x256_8)
                                              2.000412   data arrival time

                                 20.000000   20.000000   clock clk_i (rise edge)
                                  0.000000   20.000000   clock source latency
     2    0.073694    0.000000    0.000000   20.000000 ^ clk_i (in)
                                                         clk_i (net)
                      0.008592    0.004295   20.004295 ^ clkbuf_0_clk_i/A (sky130_fd_sc_hd__clkbuf_16)
     2    0.038551    0.058391    0.127788   20.132084 ^ clkbuf_0_clk_i/X (sky130_fd_sc_hd__clkbuf_16)
                                                         clknet_0_clk_i (net)
                      0.058426    0.001203   20.133286 ^ clkbuf_1_0__f_clk_i/A (sky130_fd_sc_hd__clkbuf_16)
     1    0.060543    0.079014    0.157307   20.290592 ^ clkbuf_1_0__f_clk_i/X (sky130_fd_sc_hd__clkbuf_16)
                                                         clknet_1_0__leaf_clk_i (net)
                      0.110765    0.013882   20.304476 ^ u_sram/clk0 (sky130_sram_1kbyte_1rw1r_32x256_8)
                                 -0.250000   20.054476   clock uncertainty
                                  0.000000   20.054476   clock reconvergence pessimism
                                 -0.103000   19.951475   library setup time
                                             19.951475   data required time
---------------------------------------------------------------------------------------------
                                             19.951475   data required time
                                             -2.000412   data arrival time
---------------------------------------------------------------------------------------------
                                             17.951063   slack (MET)


Startpoint: axi_wdata_i[17] (input port clocked by clk_i)
Endpoint: u_sram (falling edge-triggered flip-flop clocked by clk_i)
Path Group: clk_i
Path Type: max

Fanout         Cap        Slew       Delay        Time   Description
---------------------------------------------------------------------------------------------
                                  0.000000    0.000000   clock clk_i (rise edge)
                                  0.000000    0.000000   clock network delay (propagated)
                                  2.000000    2.000000 ^ input external delay
     1    0.014483    0.000000    0.000000    2.000000 ^ axi_wdata_i[17] (in)
                                                         axi_wdata_i[17] (net)
                      0.001741    0.000412    2.000412 ^ u_sram/din0[17] (sky130_sram_1kbyte_1rw1r_32x256_8)
                                              2.000412   data arrival time

                                 20.000000   20.000000   clock clk_i (rise edge)
                                  0.000000   20.000000   clock source latency
     2    0.073694    0.000000    0.000000   20.000000 ^ clk_i (in)
                                                         clk_i (net)
                      0.008592    0.004295   20.004295 ^ clkbuf_0_clk_i/A (sky130_fd_sc_hd__clkbuf_16)
     2    0.038551    0.058391    0.127788   20.132084 ^ clkbuf_0_clk_i/X (sky130_fd_sc_hd__clkbuf_16)
                                                         clknet_0_clk_i (net)
                      0.058426    0.001203   20.133286 ^ clkbuf_1_0__f_clk_i/A (sky130_fd_sc_hd__clkbuf_16)
     1    0.060543    0.079014    0.157307   20.290592 ^ clkbuf_1_0__f_clk_i/X (sky130_fd_sc_hd__clkbuf_16)
                                                         clknet_1_0__leaf_clk_i (net)
                      0.110765    0.013882   20.304476 ^ u_sram/clk0 (sky130_sram_1kbyte_1rw1r_32x256_8)
                                 -0.250000   20.054476   clock uncertainty
                                  0.000000   20.054476   clock reconvergence pessimism
                                 -0.103000   19.951475   library setup time
                                             19.951475   data required time
---------------------------------------------------------------------------------------------
                                             19.951475   data required time
                                             -2.000412   data arrival time
---------------------------------------------------------------------------------------------
                                             17.951063   slack (MET)


Startpoint: axi_wdata_i[18] (input port clocked by clk_i)
Endpoint: u_sram (falling edge-triggered flip-flop clocked by clk_i)
Path Group: clk_i
Path Type: max

Fanout         Cap        Slew       Delay        Time   Description
---------------------------------------------------------------------------------------------
                                  0.000000    0.000000   clock clk_i (rise edge)
                                  0.000000    0.000000   clock network delay (propagated)
                                  2.000000    2.000000 ^ input external delay
     1    0.014501    0.000000    0.000000    2.000000 ^ axi_wdata_i[18] (in)
                                                         axi_wdata_i[18] (net)
                      0.001743    0.000413    2.000412 ^ u_sram/din0[18] (sky130_sram_1kbyte_1rw1r_32x256_8)
                                              2.000412   data arrival time

                                 20.000000   20.000000   clock clk_i (rise edge)
                                  0.000000   20.000000   clock source latency
     2    0.073694    0.000000    0.000000   20.000000 ^ clk_i (in)
                                                         clk_i (net)
                      0.008592    0.004295   20.004295 ^ clkbuf_0_clk_i/A (sky130_fd_sc_hd__clkbuf_16)
     2    0.038551    0.058391    0.127788   20.132084 ^ clkbuf_0_clk_i/X (sky130_fd_sc_hd__clkbuf_16)
                                                         clknet_0_clk_i (net)
                      0.058426    0.001203   20.133286 ^ clkbuf_1_0__f_clk_i/A (sky130_fd_sc_hd__clkbuf_16)
     1    0.060543    0.079014    0.157307   20.290592 ^ clkbuf_1_0__f_clk_i/X (sky130_fd_sc_hd__clkbuf_16)
                                                         clknet_1_0__leaf_clk_i (net)
                      0.110765    0.013882   20.304476 ^ u_sram/clk0 (sky130_sram_1kbyte_1rw1r_32x256_8)
                                 -0.250000   20.054476   clock uncertainty
                                  0.000000   20.054476   clock reconvergence pessimism
                                 -0.103000   19.951475   library setup time
                                             19.951475   data required time
---------------------------------------------------------------------------------------------
                                             19.951475   data required time
                                             -2.000412   data arrival time
---------------------------------------------------------------------------------------------
                                             17.951063   slack (MET)


Startpoint: axi_wdata_i[19] (input port clocked by clk_i)
Endpoint: u_sram (falling edge-triggered flip-flop clocked by clk_i)
Path Group: clk_i
Path Type: max

Fanout         Cap        Slew       Delay        Time   Description
---------------------------------------------------------------------------------------------
                                  0.000000    0.000000   clock clk_i (rise edge)
                                  0.000000    0.000000   clock network delay (propagated)
                                  2.000000    2.000000 ^ input external delay
     1    0.014580    0.000000    0.000000    2.000000 ^ axi_wdata_i[19] (in)
                                                         axi_wdata_i[19] (net)
                      0.001770    0.000419    2.000419 ^ u_sram/din0[19] (sky130_sram_1kbyte_1rw1r_32x256_8)
                                              2.000419   data arrival time

                                 20.000000   20.000000   clock clk_i (rise edge)
                                  0.000000   20.000000   clock source latency
     2    0.073694    0.000000    0.000000   20.000000 ^ clk_i (in)
                                                         clk_i (net)
                      0.008592    0.004295   20.004295 ^ clkbuf_0_clk_i/A (sky130_fd_sc_hd__clkbuf_16)
     2    0.038551    0.058391    0.127788   20.132084 ^ clkbuf_0_clk_i/X (sky130_fd_sc_hd__clkbuf_16)
                                                         clknet_0_clk_i (net)
                      0.058426    0.001203   20.133286 ^ clkbuf_1_0__f_clk_i/A (sky130_fd_sc_hd__clkbuf_16)
     1    0.060543    0.079014    0.157307   20.290592 ^ clkbuf_1_0__f_clk_i/X (sky130_fd_sc_hd__clkbuf_16)
                                                         clknet_1_0__leaf_clk_i (net)
                      0.110765    0.013882   20.304476 ^ u_sram/clk0 (sky130_sram_1kbyte_1rw1r_32x256_8)
                                 -0.250000   20.054476   clock uncertainty
                                  0.000000   20.054476   clock reconvergence pessimism
                                 -0.103000   19.951475   library setup time
                                             19.951475   data required time
---------------------------------------------------------------------------------------------
                                             19.951475   data required time
                                             -2.000419   data arrival time
---------------------------------------------------------------------------------------------
                                             17.951056   slack (MET)


Startpoint: axi_wdata_i[21] (input port clocked by clk_i)
Endpoint: u_sram (falling edge-triggered flip-flop clocked by clk_i)
Path Group: clk_i
Path Type: max

Fanout         Cap        Slew       Delay        Time   Description
---------------------------------------------------------------------------------------------
                                  0.000000    0.000000   clock clk_i (rise edge)
                                  0.000000    0.000000   clock network delay (propagated)
                                  2.000000    2.000000 ^ input external delay
     1    0.015002    0.000000    0.000000    2.000000 ^ axi_wdata_i[21] (in)
                                                         axi_wdata_i[21] (net)
                      0.001817    0.000430    2.000430 ^ u_sram/din0[21] (sky130_sram_1kbyte_1rw1r_32x256_8)
                                              2.000430   data arrival time

                                 20.000000   20.000000   clock clk_i (rise edge)
                                  0.000000   20.000000   clock source latency
     2    0.073694    0.000000    0.000000   20.000000 ^ clk_i (in)
                                                         clk_i (net)
                      0.008592    0.004295   20.004295 ^ clkbuf_0_clk_i/A (sky130_fd_sc_hd__clkbuf_16)
     2    0.038551    0.058391    0.127788   20.132084 ^ clkbuf_0_clk_i/X (sky130_fd_sc_hd__clkbuf_16)
                                                         clknet_0_clk_i (net)
                      0.058426    0.001203   20.133286 ^ clkbuf_1_0__f_clk_i/A (sky130_fd_sc_hd__clkbuf_16)
     1    0.060543    0.079014    0.157307   20.290592 ^ clkbuf_1_0__f_clk_i/X (sky130_fd_sc_hd__clkbuf_16)
                                                         clknet_1_0__leaf_clk_i (net)
                      0.110765    0.013882   20.304476 ^ u_sram/clk0 (sky130_sram_1kbyte_1rw1r_32x256_8)
                                 -0.250000   20.054476   clock uncertainty
                                  0.000000   20.054476   clock reconvergence pessimism
                                 -0.103000   19.951475   library setup time
                                             19.951475   data required time
---------------------------------------------------------------------------------------------
                                             19.951475   data required time
                                             -2.000430   data arrival time
---------------------------------------------------------------------------------------------
                                             17.951046   slack (MET)


Startpoint: axi_wdata_i[22] (input port clocked by clk_i)
Endpoint: u_sram (falling edge-triggered flip-flop clocked by clk_i)
Path Group: clk_i
Path Type: max

Fanout         Cap        Slew       Delay        Time   Description
---------------------------------------------------------------------------------------------
                                  0.000000    0.000000   clock clk_i (rise edge)
                                  0.000000    0.000000   clock network delay (propagated)
                                  2.000000    2.000000 ^ input external delay
     1    0.014501    0.000000    0.000000    2.000000 ^ axi_wdata_i[22] (in)
                                                         axi_wdata_i[22] (net)
                      0.001743    0.000412    2.000412 ^ u_sram/din0[22] (sky130_sram_1kbyte_1rw1r_32x256_8)
                                              2.000412   data arrival time

                                 20.000000   20.000000   clock clk_i (rise edge)
                                  0.000000   20.000000   clock source latency
     2    0.073694    0.000000    0.000000   20.000000 ^ clk_i (in)
                                                         clk_i (net)
                      0.008592    0.004295   20.004295 ^ clkbuf_0_clk_i/A (sky130_fd_sc_hd__clkbuf_16)
     2    0.038551    0.058391    0.127788   20.132084 ^ clkbuf_0_clk_i/X (sky130_fd_sc_hd__clkbuf_16)
                                                         clknet_0_clk_i (net)
                      0.058426    0.001203   20.133286 ^ clkbuf_1_0__f_clk_i/A (sky130_fd_sc_hd__clkbuf_16)
     1    0.060543    0.079014    0.157307   20.290592 ^ clkbuf_1_0__f_clk_i/X (sky130_fd_sc_hd__clkbuf_16)
                                                         clknet_1_0__leaf_clk_i (net)
                      0.110765    0.013882   20.304476 ^ u_sram/clk0 (sky130_sram_1kbyte_1rw1r_32x256_8)
                                 -0.250000   20.054476   clock uncertainty
                                  0.000000   20.054476   clock reconvergence pessimism
                                 -0.103000   19.951475   library setup time
                                             19.951475   data required time
---------------------------------------------------------------------------------------------
                                             19.951475   data required time
                                             -2.000412   data arrival time
---------------------------------------------------------------------------------------------
                                             17.951063   slack (MET)


Startpoint: axi_wdata_i[26] (input port clocked by clk_i)
Endpoint: u_sram (falling edge-triggered flip-flop clocked by clk_i)
Path Group: clk_i
Path Type: max

Fanout         Cap        Slew       Delay        Time   Description
---------------------------------------------------------------------------------------------
                                  0.000000    0.000000   clock clk_i (rise edge)
                                  0.000000    0.000000   clock network delay (propagated)
                                  2.000000    2.000000 ^ input external delay
     1    0.014520    0.000000    0.000000    2.000000 ^ axi_wdata_i[26] (in)
                                                         axi_wdata_i[26] (net)
                      0.001746    0.000413    2.000413 ^ u_sram/din0[26] (sky130_sram_1kbyte_1rw1r_32x256_8)
                                              2.000413   data arrival time

                                 20.000000   20.000000   clock clk_i (rise edge)
                                  0.000000   20.000000   clock source latency
     2    0.073694    0.000000    0.000000   20.000000 ^ clk_i (in)
                                                         clk_i (net)
                      0.008592    0.004295   20.004295 ^ clkbuf_0_clk_i/A (sky130_fd_sc_hd__clkbuf_16)
     2    0.038551    0.058391    0.127788   20.132084 ^ clkbuf_0_clk_i/X (sky130_fd_sc_hd__clkbuf_16)
                                                         clknet_0_clk_i (net)
                      0.058426    0.001203   20.133286 ^ clkbuf_1_0__f_clk_i/A (sky130_fd_sc_hd__clkbuf_16)
     1    0.060543    0.079014    0.157307   20.290592 ^ clkbuf_1_0__f_clk_i/X (sky130_fd_sc_hd__clkbuf_16)
                                                         clknet_1_0__leaf_clk_i (net)
                      0.110765    0.013882   20.304476 ^ u_sram/clk0 (sky130_sram_1kbyte_1rw1r_32x256_8)
                                 -0.250000   20.054476   clock uncertainty
                                  0.000000   20.054476   clock reconvergence pessimism
                                 -0.103000   19.951475   library setup time
                                             19.951475   data required time
---------------------------------------------------------------------------------------------
                                             19.951475   data required time
                                             -2.000413   data arrival time
---------------------------------------------------------------------------------------------
                                             17.951063   slack (MET)


Startpoint: axi_wdata_i[28] (input port clocked by clk_i)
Endpoint: u_sram (falling edge-triggered flip-flop clocked by clk_i)
Path Group: clk_i
Path Type: max

Fanout         Cap        Slew       Delay        Time   Description
---------------------------------------------------------------------------------------------
                                  0.000000    0.000000   clock clk_i (rise edge)
                                  0.000000    0.000000   clock network delay (propagated)
                                  2.000000    2.000000 ^ input external delay
     1    0.013891    0.000000    0.000000    2.000000 ^ axi_wdata_i[28] (in)
                                                         axi_wdata_i[28] (net)
                      0.001665    0.000394    2.000394 ^ u_sram/din0[28] (sky130_sram_1kbyte_1rw1r_32x256_8)
                                              2.000394   data arrival time

                                 20.000000   20.000000   clock clk_i (rise edge)
                                  0.000000   20.000000   clock source latency
     2    0.073694    0.000000    0.000000   20.000000 ^ clk_i (in)
                                                         clk_i (net)
                      0.008592    0.004295   20.004295 ^ clkbuf_0_clk_i/A (sky130_fd_sc_hd__clkbuf_16)
     2    0.038551    0.058391    0.127788   20.132084 ^ clkbuf_0_clk_i/X (sky130_fd_sc_hd__clkbuf_16)
                                                         clknet_0_clk_i (net)
                      0.058426    0.001203   20.133286 ^ clkbuf_1_0__f_clk_i/A (sky130_fd_sc_hd__clkbuf_16)
     1    0.060543    0.079014    0.157307   20.290592 ^ clkbuf_1_0__f_clk_i/X (sky130_fd_sc_hd__clkbuf_16)
                                                         clknet_1_0__leaf_clk_i (net)
                      0.110765    0.013882   20.304476 ^ u_sram/clk0 (sky130_sram_1kbyte_1rw1r_32x256_8)
                                 -0.250000   20.054476   clock uncertainty
                                  0.000000   20.054476   clock reconvergence pessimism
                                 -0.103000   19.951475   library setup time
                                             19.951475   data required time
---------------------------------------------------------------------------------------------
                                             19.951475   data required time
                                             -2.000394   data arrival time
---------------------------------------------------------------------------------------------
                                             17.951080   slack (MET)


Startpoint: axi_wdata_i[29] (input port clocked by clk_i)
Endpoint: u_sram (falling edge-triggered flip-flop clocked by clk_i)
Path Group: clk_i
Path Type: max

Fanout         Cap        Slew       Delay        Time   Description
---------------------------------------------------------------------------------------------
                                  0.000000    0.000000   clock clk_i (rise edge)
                                  0.000000    0.000000   clock network delay (propagated)
                                  2.000000    2.000000 ^ input external delay
     1    0.014489    0.000000    0.000000    2.000000 ^ axi_wdata_i[29] (in)
                                                         axi_wdata_i[29] (net)
                      0.001741    0.000412    2.000412 ^ u_sram/din0[29] (sky130_sram_1kbyte_1rw1r_32x256_8)
                                              2.000412   data arrival time

                                 20.000000   20.000000   clock clk_i (rise edge)
                                  0.000000   20.000000   clock source latency
     2    0.073694    0.000000    0.000000   20.000000 ^ clk_i (in)
                                                         clk_i (net)
                      0.008592    0.004295   20.004295 ^ clkbuf_0_clk_i/A (sky130_fd_sc_hd__clkbuf_16)
     2    0.038551    0.058391    0.127788   20.132084 ^ clkbuf_0_clk_i/X (sky130_fd_sc_hd__clkbuf_16)
                                                         clknet_0_clk_i (net)
                      0.058426    0.001203   20.133286 ^ clkbuf_1_0__f_clk_i/A (sky130_fd_sc_hd__clkbuf_16)
     1    0.060543    0.079014    0.157307   20.290592 ^ clkbuf_1_0__f_clk_i/X (sky130_fd_sc_hd__clkbuf_16)
                                                         clknet_1_0__leaf_clk_i (net)
                      0.110765    0.013882   20.304476 ^ u_sram/clk0 (sky130_sram_1kbyte_1rw1r_32x256_8)
                                 -0.250000   20.054476   clock uncertainty
                                  0.000000   20.054476   clock reconvergence pessimism
                                 -0.103000   19.951475   library setup time
                                             19.951475   data required time
---------------------------------------------------------------------------------------------
                                             19.951475   data required time
                                             -2.000412   data arrival time
---------------------------------------------------------------------------------------------
                                             17.951063   slack (MET)


Startpoint: axi_wdata_i[6] (input port clocked by clk_i)
Endpoint: u_sram (falling edge-triggered flip-flop clocked by clk_i)
Path Group: clk_i
Path Type: max

Fanout         Cap        Slew       Delay        Time   Description
---------------------------------------------------------------------------------------------
                                  0.000000    0.000000   clock clk_i (rise edge)
                                  0.000000    0.000000   clock network delay (propagated)
                                  2.000000    2.000000 ^ input external delay
     1    0.015007    0.000000    0.000000    2.000000 ^ axi_wdata_i[6] (in)
                                                         axi_wdata_i[6] (net)
                      0.001818    0.000430    2.000430 ^ u_sram/din0[6] (sky130_sram_1kbyte_1rw1r_32x256_8)
                                              2.000430   data arrival time

                                 20.000000   20.000000   clock clk_i (rise edge)
                                  0.000000   20.000000   clock source latency
     2    0.073694    0.000000    0.000000   20.000000 ^ clk_i (in)
                                                         clk_i (net)
                      0.008592    0.004295   20.004295 ^ clkbuf_0_clk_i/A (sky130_fd_sc_hd__clkbuf_16)
     2    0.038551    0.058391    0.127788   20.132084 ^ clkbuf_0_clk_i/X (sky130_fd_sc_hd__clkbuf_16)
                                                         clknet_0_clk_i (net)
                      0.058426    0.001203   20.133286 ^ clkbuf_1_0__f_clk_i/A (sky130_fd_sc_hd__clkbuf_16)
     1    0.060543    0.079014    0.157307   20.290592 ^ clkbuf_1_0__f_clk_i/X (sky130_fd_sc_hd__clkbuf_16)
                                                         clknet_1_0__leaf_clk_i (net)
                      0.110765    0.013882   20.304476 ^ u_sram/clk0 (sky130_sram_1kbyte_1rw1r_32x256_8)
                                 -0.250000   20.054476   clock uncertainty
                                  0.000000   20.054476   clock reconvergence pessimism
                                 -0.103000   19.951475   library setup time
                                             19.951475   data required time
---------------------------------------------------------------------------------------------
                                             19.951475   data required time
                                             -2.000430   data arrival time
---------------------------------------------------------------------------------------------
                                             17.951046   slack (MET)


Startpoint: axi_wdata_i[7] (input port clocked by clk_i)
Endpoint: u_sram (falling edge-triggered flip-flop clocked by clk_i)
Path Group: clk_i
Path Type: max

Fanout         Cap        Slew       Delay        Time   Description
---------------------------------------------------------------------------------------------
                                  0.000000    0.000000   clock clk_i (rise edge)
                                  0.000000    0.000000   clock network delay (propagated)
                                  2.000000    2.000000 ^ input external delay
     1    0.015007    0.000000    0.000000    2.000000 ^ axi_wdata_i[7] (in)
                                                         axi_wdata_i[7] (net)
                      0.001818    0.000430    2.000430 ^ u_sram/din0[7] (sky130_sram_1kbyte_1rw1r_32x256_8)
                                              2.000430   data arrival time

                                 20.000000   20.000000   clock clk_i (rise edge)
                                  0.000000   20.000000   clock source latency
     2    0.073694    0.000000    0.000000   20.000000 ^ clk_i (in)
                                                         clk_i (net)
                      0.008592    0.004295   20.004295 ^ clkbuf_0_clk_i/A (sky130_fd_sc_hd__clkbuf_16)
     2    0.038551    0.058391    0.127788   20.132084 ^ clkbuf_0_clk_i/X (sky130_fd_sc_hd__clkbuf_16)
                                                         clknet_0_clk_i (net)
                      0.058426    0.001203   20.133286 ^ clkbuf_1_0__f_clk_i/A (sky130_fd_sc_hd__clkbuf_16)
     1    0.060543    0.079014    0.157307   20.290592 ^ clkbuf_1_0__f_clk_i/X (sky130_fd_sc_hd__clkbuf_16)
                                                         clknet_1_0__leaf_clk_i (net)
                      0.110765    0.013882   20.304476 ^ u_sram/clk0 (sky130_sram_1kbyte_1rw1r_32x256_8)
                                 -0.250000   20.054476   clock uncertainty
                                  0.000000   20.054476   clock reconvergence pessimism
                                 -0.103000   19.951475   library setup time
                                             19.951475   data required time
---------------------------------------------------------------------------------------------
                                             19.951475   data required time
                                             -2.000430   data arrival time
---------------------------------------------------------------------------------------------
                                             17.951046   slack (MET)


Startpoint: axi_wdata_i[8] (input port clocked by clk_i)
Endpoint: u_sram (falling edge-triggered flip-flop clocked by clk_i)
Path Group: clk_i
Path Type: max

Fanout         Cap        Slew       Delay        Time   Description
---------------------------------------------------------------------------------------------
                                  0.000000    0.000000   clock clk_i (rise edge)
                                  0.000000    0.000000   clock network delay (propagated)
                                  2.000000    2.000000 ^ input external delay
     1    0.014994    0.000000    0.000000    2.000000 ^ axi_wdata_i[8] (in)
                                                         axi_wdata_i[8] (net)
                      0.001816    0.000430    2.000430 ^ u_sram/din0[8] (sky130_sram_1kbyte_1rw1r_32x256_8)
                                              2.000430   data arrival time

                                 20.000000   20.000000   clock clk_i (rise edge)
                                  0.000000   20.000000   clock source latency
     2    0.073694    0.000000    0.000000   20.000000 ^ clk_i (in)
                                                         clk_i (net)
                      0.008592    0.004295   20.004295 ^ clkbuf_0_clk_i/A (sky130_fd_sc_hd__clkbuf_16)
     2    0.038551    0.058391    0.127788   20.132084 ^ clkbuf_0_clk_i/X (sky130_fd_sc_hd__clkbuf_16)
                                                         clknet_0_clk_i (net)
                      0.058426    0.001203   20.133286 ^ clkbuf_1_0__f_clk_i/A (sky130_fd_sc_hd__clkbuf_16)
     1    0.060543    0.079014    0.157307   20.290592 ^ clkbuf_1_0__f_clk_i/X (sky130_fd_sc_hd__clkbuf_16)
                                                         clknet_1_0__leaf_clk_i (net)
                      0.110765    0.013882   20.304476 ^ u_sram/clk0 (sky130_sram_1kbyte_1rw1r_32x256_8)
                                 -0.250000   20.054476   clock uncertainty
                                  0.000000   20.054476   clock reconvergence pessimism
                                 -0.103000   19.951475   library setup time
                                             19.951475   data required time
---------------------------------------------------------------------------------------------
                                             19.951475   data required time
                                             -2.000430   data arrival time
---------------------------------------------------------------------------------------------
                                             17.951046   slack (MET)


Startpoint: axi_wdata_i[20] (input port clocked by clk_i)
Endpoint: u_sram (falling edge-triggered flip-flop clocked by clk_i)
Path Group: clk_i
Path Type: max

Fanout         Cap        Slew       Delay        Time   Description
---------------------------------------------------------------------------------------------
                                  0.000000    0.000000   clock clk_i (rise edge)
                                  0.000000    0.000000   clock network delay (propagated)
                                  2.000000    2.000000 ^ input external delay
     1    0.014463    0.000000    0.000000    2.000000 ^ axi_wdata_i[20] (in)
                                                         axi_wdata_i[20] (net)
                      0.001737    0.000411    2.000411 ^ u_sram/din0[20] (sky130_sram_1kbyte_1rw1r_32x256_8)
                                              2.000411   data arrival time

                                 20.000000   20.000000   clock clk_i (rise edge)
                                  0.000000   20.000000   clock source latency
     2    0.073694    0.000000    0.000000   20.000000 ^ clk_i (in)
                                                         clk_i (net)
                      0.008592    0.004295   20.004295 ^ clkbuf_0_clk_i/A (sky130_fd_sc_hd__clkbuf_16)
     2    0.038551    0.058391    0.127788   20.132084 ^ clkbuf_0_clk_i/X (sky130_fd_sc_hd__clkbuf_16)
                                                         clknet_0_clk_i (net)
                      0.058426    0.001203   20.133286 ^ clkbuf_1_0__f_clk_i/A (sky130_fd_sc_hd__clkbuf_16)
     1    0.060543    0.079014    0.157307   20.290592 ^ clkbuf_1_0__f_clk_i/X (sky130_fd_sc_hd__clkbuf_16)
                                                         clknet_1_0__leaf_clk_i (net)
                      0.110765    0.013882   20.304476 ^ u_sram/clk0 (sky130_sram_1kbyte_1rw1r_32x256_8)
                                 -0.250000   20.054476   clock uncertainty
                                  0.000000   20.054476   clock reconvergence pessimism
                                 -0.103000   19.951475   library setup time
                                             19.951475   data required time
---------------------------------------------------------------------------------------------
                                             19.951475   data required time
                                             -2.000411   data arrival time
---------------------------------------------------------------------------------------------
                                             17.951065   slack (MET)


Startpoint: axi_wdata_i[0] (input port clocked by clk_i)
Endpoint: u_sram (falling edge-triggered flip-flop clocked by clk_i)
Path Group: clk_i
Path Type: max

Fanout         Cap        Slew       Delay        Time   Description
---------------------------------------------------------------------------------------------
                                  0.000000    0.000000   clock clk_i (rise edge)
                                  0.000000    0.000000   clock network delay (propagated)
                                  2.000000    2.000000 ^ input external delay
     1    0.013148    0.000000    0.000000    2.000000 ^ axi_wdata_i[0] (in)
                                                         axi_wdata_i[0] (net)
                      0.001542    0.000365    2.000365 ^ u_sram/din0[0] (sky130_sram_1kbyte_1rw1r_32x256_8)
                                              2.000365   data arrival time

                                 20.000000   20.000000   clock clk_i (rise edge)
                                  0.000000   20.000000   clock source latency
     2    0.073694    0.000000    0.000000   20.000000 ^ clk_i (in)
                                                         clk_i (net)
                      0.008592    0.004295   20.004295 ^ clkbuf_0_clk_i/A (sky130_fd_sc_hd__clkbuf_16)
     2    0.038551    0.058391    0.127788   20.132084 ^ clkbuf_0_clk_i/X (sky130_fd_sc_hd__clkbuf_16)
                                                         clknet_0_clk_i (net)
                      0.058426    0.001203   20.133286 ^ clkbuf_1_0__f_clk_i/A (sky130_fd_sc_hd__clkbuf_16)
     1    0.060543    0.079014    0.157307   20.290592 ^ clkbuf_1_0__f_clk_i/X (sky130_fd_sc_hd__clkbuf_16)
                                                         clknet_1_0__leaf_clk_i (net)
                      0.110765    0.013882   20.304476 ^ u_sram/clk0 (sky130_sram_1kbyte_1rw1r_32x256_8)
                                 -0.250000   20.054476   clock uncertainty
                                  0.000000   20.054476   clock reconvergence pessimism
                                 -0.103000   19.951475   library setup time
                                             19.951475   data required time
---------------------------------------------------------------------------------------------
                                             19.951475   data required time
                                             -2.000365   data arrival time
---------------------------------------------------------------------------------------------
                                             17.951111   slack (MET)


Startpoint: axi_wdata_i[15] (input port clocked by clk_i)
Endpoint: u_sram (falling edge-triggered flip-flop clocked by clk_i)
Path Group: clk_i
Path Type: max

Fanout         Cap        Slew       Delay        Time   Description
---------------------------------------------------------------------------------------------
                                  0.000000    0.000000   clock clk_i (rise edge)
                                  0.000000    0.000000   clock network delay (propagated)
                                  2.000000    2.000000 ^ input external delay
     1    0.013252    0.000000    0.000000    2.000000 ^ axi_wdata_i[15] (in)
                                                         axi_wdata_i[15] (net)
                      0.001569    0.000371    2.000371 ^ u_sram/din0[15] (sky130_sram_1kbyte_1rw1r_32x256_8)
                                              2.000371   data arrival time

                                 20.000000   20.000000   clock clk_i (rise edge)
                                  0.000000   20.000000   clock source latency
     2    0.073694    0.000000    0.000000   20.000000 ^ clk_i (in)
                                                         clk_i (net)
                      0.008592    0.004295   20.004295 ^ clkbuf_0_clk_i/A (sky130_fd_sc_hd__clkbuf_16)
     2    0.038551    0.058391    0.127788   20.132084 ^ clkbuf_0_clk_i/X (sky130_fd_sc_hd__clkbuf_16)
                                                         clknet_0_clk_i (net)
                      0.058426    0.001203   20.133286 ^ clkbuf_1_0__f_clk_i/A (sky130_fd_sc_hd__clkbuf_16)
     1    0.060543    0.079014    0.157307   20.290592 ^ clkbuf_1_0__f_clk_i/X (sky130_fd_sc_hd__clkbuf_16)
                                                         clknet_1_0__leaf_clk_i (net)
                      0.110765    0.013882   20.304476 ^ u_sram/clk0 (sky130_sram_1kbyte_1rw1r_32x256_8)
                                 -0.250000   20.054476   clock uncertainty
                                  0.000000   20.054476   clock reconvergence pessimism
                                 -0.103000   19.951475   library setup time
                                             19.951475   data required time
---------------------------------------------------------------------------------------------
                                             19.951475   data required time
                                             -2.000371   data arrival time
---------------------------------------------------------------------------------------------
                                             17.951105   slack (MET)


Startpoint: axi_wdata_i[24] (input port clocked by clk_i)
Endpoint: u_sram (falling edge-triggered flip-flop clocked by clk_i)
Path Group: clk_i
Path Type: max

Fanout         Cap        Slew       Delay        Time   Description
---------------------------------------------------------------------------------------------
                                  0.000000    0.000000   clock clk_i (rise edge)
                                  0.000000    0.000000   clock network delay (propagated)
                                  2.000000    2.000000 ^ input external delay
     1    0.013715    0.000000    0.000000    2.000000 ^ axi_wdata_i[24] (in)
                                                         axi_wdata_i[24] (net)
                      0.001628    0.000385    2.000385 ^ u_sram/din0[24] (sky130_sram_1kbyte_1rw1r_32x256_8)
                                              2.000385   data arrival time

                                 20.000000   20.000000   clock clk_i (rise edge)
                                  0.000000   20.000000   clock source latency
     2    0.073694    0.000000    0.000000   20.000000 ^ clk_i (in)
                                                         clk_i (net)
                      0.008592    0.004295   20.004295 ^ clkbuf_0_clk_i/A (sky130_fd_sc_hd__clkbuf_16)
     2    0.038551    0.058391    0.127788   20.132084 ^ clkbuf_0_clk_i/X (sky130_fd_sc_hd__clkbuf_16)
                                                         clknet_0_clk_i (net)
                      0.058426    0.001203   20.133286 ^ clkbuf_1_0__f_clk_i/A (sky130_fd_sc_hd__clkbuf_16)
     1    0.060543    0.079014    0.157307   20.290592 ^ clkbuf_1_0__f_clk_i/X (sky130_fd_sc_hd__clkbuf_16)
                                                         clknet_1_0__leaf_clk_i (net)
                      0.110765    0.013882   20.304476 ^ u_sram/clk0 (sky130_sram_1kbyte_1rw1r_32x256_8)
                                 -0.250000   20.054476   clock uncertainty
                                  0.000000   20.054476   clock reconvergence pessimism
                                 -0.103000   19.951475   library setup time
                                             19.951475   data required time
---------------------------------------------------------------------------------------------
                                             19.951475   data required time
                                             -2.000385   data arrival time
---------------------------------------------------------------------------------------------
                                             17.951090   slack (MET)


Startpoint: axi_wdata_i[1] (input port clocked by clk_i)
Endpoint: u_sram (falling edge-triggered flip-flop clocked by clk_i)
Path Group: clk_i
Path Type: max

Fanout         Cap        Slew       Delay        Time   Description
---------------------------------------------------------------------------------------------
                                  0.000000    0.000000   clock clk_i (rise edge)
                                  0.000000    0.000000   clock network delay (propagated)
                                  2.000000    2.000000 ^ input external delay
     1    0.013179    0.000000    0.000000    2.000000 ^ axi_wdata_i[1] (in)
                                                         axi_wdata_i[1] (net)
                      0.001547    0.000366    2.000366 ^ u_sram/din0[1] (sky130_sram_1kbyte_1rw1r_32x256_8)
                                              2.000366   data arrival time

                                 20.000000   20.000000   clock clk_i (rise edge)
                                  0.000000   20.000000   clock source latency
     2    0.073694    0.000000    0.000000   20.000000 ^ clk_i (in)
                                                         clk_i (net)
                      0.008592    0.004295   20.004295 ^ clkbuf_0_clk_i/A (sky130_fd_sc_hd__clkbuf_16)
     2    0.038551    0.058391    0.127788   20.132084 ^ clkbuf_0_clk_i/X (sky130_fd_sc_hd__clkbuf_16)
                                                         clknet_0_clk_i (net)
                      0.058426    0.001203   20.133286 ^ clkbuf_1_0__f_clk_i/A (sky130_fd_sc_hd__clkbuf_16)
     1    0.060543    0.079014    0.157307   20.290592 ^ clkbuf_1_0__f_clk_i/X (sky130_fd_sc_hd__clkbuf_16)
                                                         clknet_1_0__leaf_clk_i (net)
                      0.110765    0.013882   20.304476 ^ u_sram/clk0 (sky130_sram_1kbyte_1rw1r_32x256_8)
                                 -0.250000   20.054476   clock uncertainty
                                  0.000000   20.054476   clock reconvergence pessimism
                                 -0.103000   19.951475   library setup time
                                             19.951475   data required time
---------------------------------------------------------------------------------------------
                                             19.951475   data required time
                                             -2.000366   data arrival time
---------------------------------------------------------------------------------------------
                                             17.951109   slack (MET)


Startpoint: axi_wdata_i[2] (input port clocked by clk_i)
Endpoint: u_sram (falling edge-triggered flip-flop clocked by clk_i)
Path Group: clk_i
Path Type: max

Fanout         Cap        Slew       Delay        Time   Description
---------------------------------------------------------------------------------------------
                                  0.000000    0.000000   clock clk_i (rise edge)
                                  0.000000    0.000000   clock network delay (propagated)
                                  2.000000    2.000000 ^ input external delay
     1    0.013189    0.000000    0.000000    2.000000 ^ axi_wdata_i[2] (in)
                                                         axi_wdata_i[2] (net)
                      0.001549    0.000366    2.000366 ^ u_sram/din0[2] (sky130_sram_1kbyte_1rw1r_32x256_8)
                                              2.000366   data arrival time

                                 20.000000   20.000000   clock clk_i (rise edge)
                                  0.000000   20.000000   clock source latency
     2    0.073694    0.000000    0.000000   20.000000 ^ clk_i (in)
                                                         clk_i (net)
                      0.008592    0.004295   20.004295 ^ clkbuf_0_clk_i/A (sky130_fd_sc_hd__clkbuf_16)
     2    0.038551    0.058391    0.127788   20.132084 ^ clkbuf_0_clk_i/X (sky130_fd_sc_hd__clkbuf_16)
                                                         clknet_0_clk_i (net)
                      0.058426    0.001203   20.133286 ^ clkbuf_1_0__f_clk_i/A (sky130_fd_sc_hd__clkbuf_16)
     1    0.060543    0.079014    0.157307   20.290592 ^ clkbuf_1_0__f_clk_i/X (sky130_fd_sc_hd__clkbuf_16)
                                                         clknet_1_0__leaf_clk_i (net)
                      0.110765    0.013882   20.304476 ^ u_sram/clk0 (sky130_sram_1kbyte_1rw1r_32x256_8)
                                 -0.250000   20.054476   clock uncertainty
                                  0.000000   20.054476   clock reconvergence pessimism
                                 -0.103000   19.951475   library setup time
                                             19.951475   data required time
---------------------------------------------------------------------------------------------
                                             19.951475   data required time
                                             -2.000366   data arrival time
---------------------------------------------------------------------------------------------
                                             17.951109   slack (MET)


Startpoint: axi_wdata_i[3] (input port clocked by clk_i)
Endpoint: u_sram (falling edge-triggered flip-flop clocked by clk_i)
Path Group: clk_i
Path Type: max

Fanout         Cap        Slew       Delay        Time   Description
---------------------------------------------------------------------------------------------
                                  0.000000    0.000000   clock clk_i (rise edge)
                                  0.000000    0.000000   clock network delay (propagated)
                                  2.000000    2.000000 ^ input external delay
     1    0.013151    0.000000    0.000000    2.000000 ^ axi_wdata_i[3] (in)
                                                         axi_wdata_i[3] (net)
                      0.001542    0.000365    2.000365 ^ u_sram/din0[3] (sky130_sram_1kbyte_1rw1r_32x256_8)
                                              2.000365   data arrival time

                                 20.000000   20.000000   clock clk_i (rise edge)
                                  0.000000   20.000000   clock source latency
     2    0.073694    0.000000    0.000000   20.000000 ^ clk_i (in)
                                                         clk_i (net)
                      0.008592    0.004295   20.004295 ^ clkbuf_0_clk_i/A (sky130_fd_sc_hd__clkbuf_16)
     2    0.038551    0.058391    0.127788   20.132084 ^ clkbuf_0_clk_i/X (sky130_fd_sc_hd__clkbuf_16)
                                                         clknet_0_clk_i (net)
                      0.058426    0.001203   20.133286 ^ clkbuf_1_0__f_clk_i/A (sky130_fd_sc_hd__clkbuf_16)
     1    0.060543    0.079014    0.157307   20.290592 ^ clkbuf_1_0__f_clk_i/X (sky130_fd_sc_hd__clkbuf_16)
                                                         clknet_1_0__leaf_clk_i (net)
                      0.110765    0.013882   20.304476 ^ u_sram/clk0 (sky130_sram_1kbyte_1rw1r_32x256_8)
                                 -0.250000   20.054476   clock uncertainty
                                  0.000000   20.054476   clock reconvergence pessimism
                                 -0.103000   19.951475   library setup time
                                             19.951475   data required time
---------------------------------------------------------------------------------------------
                                             19.951475   data required time
                                             -2.000365   data arrival time
---------------------------------------------------------------------------------------------
                                             17.951111   slack (MET)


Startpoint: axi_wdata_i[4] (input port clocked by clk_i)
Endpoint: u_sram (falling edge-triggered flip-flop clocked by clk_i)
Path Group: clk_i
Path Type: max

Fanout         Cap        Slew       Delay        Time   Description
---------------------------------------------------------------------------------------------
                                  0.000000    0.000000   clock clk_i (rise edge)
                                  0.000000    0.000000   clock network delay (propagated)
                                  2.000000    2.000000 ^ input external delay
     1    0.013151    0.000000    0.000000    2.000000 ^ axi_wdata_i[4] (in)
                                                         axi_wdata_i[4] (net)
                      0.001542    0.000365    2.000365 ^ u_sram/din0[4] (sky130_sram_1kbyte_1rw1r_32x256_8)
                                              2.000365   data arrival time

                                 20.000000   20.000000   clock clk_i (rise edge)
                                  0.000000   20.000000   clock source latency
     2    0.073694    0.000000    0.000000   20.000000 ^ clk_i (in)
                                                         clk_i (net)
                      0.008592    0.004295   20.004295 ^ clkbuf_0_clk_i/A (sky130_fd_sc_hd__clkbuf_16)
     2    0.038551    0.058391    0.127788   20.132084 ^ clkbuf_0_clk_i/X (sky130_fd_sc_hd__clkbuf_16)
                                                         clknet_0_clk_i (net)
                      0.058426    0.001203   20.133286 ^ clkbuf_1_0__f_clk_i/A (sky130_fd_sc_hd__clkbuf_16)
     1    0.060543    0.079014    0.157307   20.290592 ^ clkbuf_1_0__f_clk_i/X (sky130_fd_sc_hd__clkbuf_16)
                                                         clknet_1_0__leaf_clk_i (net)
                      0.110765    0.013882   20.304476 ^ u_sram/clk0 (sky130_sram_1kbyte_1rw1r_32x256_8)
                                 -0.250000   20.054476   clock uncertainty
                                  0.000000   20.054476   clock reconvergence pessimism
                                 -0.103000   19.951475   library setup time
                                             19.951475   data required time
---------------------------------------------------------------------------------------------
                                             19.951475   data required time
                                             -2.000365   data arrival time
---------------------------------------------------------------------------------------------
                                             17.951111   slack (MET)


Startpoint: axi_wdata_i[5] (input port clocked by clk_i)
Endpoint: u_sram (falling edge-triggered flip-flop clocked by clk_i)
Path Group: clk_i
Path Type: max

Fanout         Cap        Slew       Delay        Time   Description
---------------------------------------------------------------------------------------------
                                  0.000000    0.000000   clock clk_i (rise edge)
                                  0.000000    0.000000   clock network delay (propagated)
                                  2.000000    2.000000 ^ input external delay
     1    0.013168    0.000000    0.000000    2.000000 ^ axi_wdata_i[5] (in)
                                                         axi_wdata_i[5] (net)
                      0.001545    0.000365    2.000365 ^ u_sram/din0[5] (sky130_sram_1kbyte_1rw1r_32x256_8)
                                              2.000365   data arrival time

                                 20.000000   20.000000   clock clk_i (rise edge)
                                  0.000000   20.000000   clock source latency
     2    0.073694    0.000000    0.000000   20.000000 ^ clk_i (in)
                                                         clk_i (net)
                      0.008592    0.004295   20.004295 ^ clkbuf_0_clk_i/A (sky130_fd_sc_hd__clkbuf_16)
     2    0.038551    0.058391    0.127788   20.132084 ^ clkbuf_0_clk_i/X (sky130_fd_sc_hd__clkbuf_16)
                                                         clknet_0_clk_i (net)
                      0.058426    0.001203   20.133286 ^ clkbuf_1_0__f_clk_i/A (sky130_fd_sc_hd__clkbuf_16)
     1    0.060543    0.079014    0.157307   20.290592 ^ clkbuf_1_0__f_clk_i/X (sky130_fd_sc_hd__clkbuf_16)
                                                         clknet_1_0__leaf_clk_i (net)
                      0.110765    0.013882   20.304476 ^ u_sram/clk0 (sky130_sram_1kbyte_1rw1r_32x256_8)
                                 -0.250000   20.054476   clock uncertainty
                                  0.000000   20.054476   clock reconvergence pessimism
                                 -0.103000   19.951475   library setup time
                                             19.951475   data required time
---------------------------------------------------------------------------------------------
                                             19.951475   data required time
                                             -2.000365   data arrival time
---------------------------------------------------------------------------------------------
                                             17.951109   slack (MET)


Startpoint: axi_wdata_i[30] (input port clocked by clk_i)
Endpoint: u_sram (falling edge-triggered flip-flop clocked by clk_i)
Path Group: clk_i
Path Type: max

Fanout         Cap        Slew       Delay        Time   Description
---------------------------------------------------------------------------------------------
                                  0.000000    0.000000   clock clk_i (rise edge)
                                  0.000000    0.000000   clock network delay (propagated)
                                  2.000000    2.000000 ^ input external delay
     1    0.014679    0.000000    0.000000    2.000000 ^ axi_wdata_i[30] (in)
                                                         axi_wdata_i[30] (net)
                      0.001137    0.000269    2.000269 ^ u_sram/din0[30] (sky130_sram_1kbyte_1rw1r_32x256_8)
                                              2.000269   data arrival time

                                 20.000000   20.000000   clock clk_i (rise edge)
                                  0.000000   20.000000   clock source latency
     2    0.073694    0.000000    0.000000   20.000000 ^ clk_i (in)
                                                         clk_i (net)
                      0.008592    0.004295   20.004295 ^ clkbuf_0_clk_i/A (sky130_fd_sc_hd__clkbuf_16)
     2    0.038551    0.058391    0.127788   20.132084 ^ clkbuf_0_clk_i/X (sky130_fd_sc_hd__clkbuf_16)
                                                         clknet_0_clk_i (net)
                      0.058426    0.001203   20.133286 ^ clkbuf_1_0__f_clk_i/A (sky130_fd_sc_hd__clkbuf_16)
     1    0.060543    0.079014    0.157307   20.290592 ^ clkbuf_1_0__f_clk_i/X (sky130_fd_sc_hd__clkbuf_16)
                                                         clknet_1_0__leaf_clk_i (net)
                      0.110765    0.013882   20.304476 ^ u_sram/clk0 (sky130_sram_1kbyte_1rw1r_32x256_8)
                                 -0.250000   20.054476   clock uncertainty
                                  0.000000   20.054476   clock reconvergence pessimism
                                 -0.103000   19.951475   library setup time
                                             19.951475   data required time
---------------------------------------------------------------------------------------------
                                             19.951475   data required time
                                             -2.000269   data arrival time
---------------------------------------------------------------------------------------------
                                             17.951208   slack (MET)


Startpoint: axi_wdata_i[31] (input port clocked by clk_i)
Endpoint: u_sram (falling edge-triggered flip-flop clocked by clk_i)
Path Group: clk_i
Path Type: max

Fanout         Cap        Slew       Delay        Time   Description
---------------------------------------------------------------------------------------------
                                  0.000000    0.000000   clock clk_i (rise edge)
                                  0.000000    0.000000   clock network delay (propagated)
                                  2.000000    2.000000 ^ input external delay
     1    0.015120    0.000000    0.000000    2.000000 ^ axi_wdata_i[31] (in)
                                                         axi_wdata_i[31] (net)
                      0.001198    0.000283    2.000283 ^ u_sram/din0[31] (sky130_sram_1kbyte_1rw1r_32x256_8)
                                              2.000283   data arrival time

                                 20.000000   20.000000   clock clk_i (rise edge)
                                  0.000000   20.000000   clock source latency
     2    0.073694    0.000000    0.000000   20.000000 ^ clk_i (in)
                                                         clk_i (net)
                      0.008592    0.004295   20.004295 ^ clkbuf_0_clk_i/A (sky130_fd_sc_hd__clkbuf_16)
     2    0.038551    0.058391    0.127788   20.132084 ^ clkbuf_0_clk_i/X (sky130_fd_sc_hd__clkbuf_16)
                                                         clknet_0_clk_i (net)
                      0.058426    0.001203   20.133286 ^ clkbuf_1_0__f_clk_i/A (sky130_fd_sc_hd__clkbuf_16)
     1    0.060543    0.079014    0.157307   20.290592 ^ clkbuf_1_0__f_clk_i/X (sky130_fd_sc_hd__clkbuf_16)
                                                         clknet_1_0__leaf_clk_i (net)
                      0.110765    0.013882   20.304476 ^ u_sram/clk0 (sky130_sram_1kbyte_1rw1r_32x256_8)
                                 -0.250000   20.054476   clock uncertainty
                                  0.000000   20.054476   clock reconvergence pessimism
                                 -0.103000   19.951475   library setup time
                                             19.951475   data required time
---------------------------------------------------------------------------------------------
                                             19.951475   data required time
                                             -2.000283   data arrival time
---------------------------------------------------------------------------------------------
                                             17.951193   slack (MET)


Startpoint: rst_ni (input port clocked by clk_i)
Endpoint: _45_ (recovery check against rising-edge clock clk_i)
Path Group: asynchronous
Path Type: max

Fanout         Cap        Slew       Delay        Time   Description
---------------------------------------------------------------------------------------------
                                  0.000000    0.000000   clock clk_i (rise edge)
                                  0.000000    0.000000   clock network delay (propagated)
                                  2.000000    2.000000 ^ input external delay
     4    0.019151    0.000000    0.000000    2.000000 ^ rst_ni (in)
                                                         rst_ni (net)
                      0.000308    0.000154    2.000154 ^ _45_/SET_B (sky130_fd_sc_hd__dfstp_2)
                                              2.000154   data arrival time

                                 20.000000   20.000000   clock clk_i (rise edge)
                                  0.000000   20.000000   clock source latency
     2    0.073694    0.000000    0.000000   20.000000 ^ clk_i (in)
                                                         clk_i (net)
                      0.005402    0.002702   20.002703 ^ clkbuf_regs_0_clk_i/A (sky130_fd_sc_hd__clkbuf_16)
     1    0.008368    0.031952    0.100389   20.103092 ^ clkbuf_regs_0_clk_i/X (sky130_fd_sc_hd__clkbuf_16)
                                                         clk_i_regs (net)
                      0.031953    0.000089   20.103180 ^ clkbuf_0_clk_i_regs/A (sky130_fd_sc_hd__clkbuf_16)
     2    0.018710    0.040748    0.119464   20.222643 ^ clkbuf_0_clk_i_regs/X (sky130_fd_sc_hd__clkbuf_16)
                                                         clknet_0_clk_i_regs (net)
                      0.040748    0.000158   20.222801 ^ clkbuf_1_0__f_clk_i_regs/A (sky130_fd_sc_hd__clkbuf_16)
     2    0.005038    0.028799    0.109029   20.331831 ^ clkbuf_1_0__f_clk_i_regs/X (sky130_fd_sc_hd__clkbuf_16)
                                                         clknet_1_0__leaf_clk_i_regs (net)
                      0.028799    0.000055   20.331886 ^ _45_/CLK (sky130_fd_sc_hd__dfstp_2)
                                 -0.250000   20.081886   clock uncertainty
                                  0.000000   20.081886   clock reconvergence pessimism
                                  0.136107   20.217993   library recovery time
                                             20.217993   data required time
---------------------------------------------------------------------------------------------
                                             20.217993   data required time
                                             -2.000154   data arrival time
---------------------------------------------------------------------------------------------
                                             18.217840   slack (MET)


Startpoint: rst_ni (input port clocked by clk_i)
Endpoint: _47_ (recovery check against rising-edge clock clk_i)
Path Group: asynchronous
Path Type: max

Fanout         Cap        Slew       Delay        Time   Description
---------------------------------------------------------------------------------------------
                                  0.000000    0.000000   clock clk_i (rise edge)
                                  0.000000    0.000000   clock network delay (propagated)
                                  2.000000    2.000000 ^ input external delay
     4    0.019151    0.000000    0.000000    2.000000 ^ rst_ni (in)
                                                         rst_ni (net)
                      0.000291    0.000146    2.000146 ^ _47_/RESET_B (sky130_fd_sc_hd__dfrtp_2)
                                              2.000146   data arrival time

                                 20.000000   20.000000   clock clk_i (rise edge)
                                  0.000000   20.000000   clock source latency
     2    0.073694    0.000000    0.000000   20.000000 ^ clk_i (in)
                                                         clk_i (net)
                      0.005402    0.002702   20.002703 ^ clkbuf_regs_0_clk_i/A (sky130_fd_sc_hd__clkbuf_16)
     1    0.008368    0.031952    0.100389   20.103092 ^ clkbuf_regs_0_clk_i/X (sky130_fd_sc_hd__clkbuf_16)
                                                         clk_i_regs (net)
                      0.031953    0.000089   20.103180 ^ clkbuf_0_clk_i_regs/A (sky130_fd_sc_hd__clkbuf_16)
     2    0.018710    0.040748    0.119464   20.222643 ^ clkbuf_0_clk_i_regs/X (sky130_fd_sc_hd__clkbuf_16)
                                                         clknet_0_clk_i_regs (net)
                      0.040748    0.000158   20.222801 ^ clkbuf_1_0__f_clk_i_regs/A (sky130_fd_sc_hd__clkbuf_16)
     2    0.005038    0.028799    0.109029   20.331831 ^ clkbuf_1_0__f_clk_i_regs/X (sky130_fd_sc_hd__clkbuf_16)
                                                         clknet_1_0__leaf_clk_i_regs (net)
                      0.028799    0.000057   20.331888 ^ _47_/CLK (sky130_fd_sc_hd__dfrtp_2)
                                 -0.250000   20.081888   clock uncertainty
                                  0.000000   20.081888   clock reconvergence pessimism
                                  0.227589   20.309477   library recovery time
                                             20.309477   data required time
---------------------------------------------------------------------------------------------
                                             20.309477   data required time
                                             -2.000146   data arrival time
---------------------------------------------------------------------------------------------
                                             18.309332   slack (MET)


Startpoint: rst_ni (input port clocked by clk_i)
Endpoint: _46_ (recovery check against rising-edge clock clk_i)
Path Group: asynchronous
Path Type: max

Fanout         Cap        Slew       Delay        Time   Description
---------------------------------------------------------------------------------------------
                                  0.000000    0.000000   clock clk_i (rise edge)
                                  0.000000    0.000000   clock network delay (propagated)
                                  2.000000    2.000000 ^ input external delay
     4    0.019151    0.000000    0.000000    2.000000 ^ rst_ni (in)
                                                         rst_ni (net)
                      0.000298    0.000149    2.000149 ^ _46_/RESET_B (sky130_fd_sc_hd__dfrtp_2)
                                              2.000149   data arrival time

                                 20.000000   20.000000   clock clk_i (rise edge)
                                  0.000000   20.000000   clock source latency
     2    0.073694    0.000000    0.000000   20.000000 ^ clk_i (in)
                                                         clk_i (net)
                      0.005402    0.002702   20.002703 ^ clkbuf_regs_0_clk_i/A (sky130_fd_sc_hd__clkbuf_16)
     1    0.008368    0.031952    0.100389   20.103092 ^ clkbuf_regs_0_clk_i/X (sky130_fd_sc_hd__clkbuf_16)
                                                         clk_i_regs (net)
                      0.031953    0.000089   20.103180 ^ clkbuf_0_clk_i_regs/A (sky130_fd_sc_hd__clkbuf_16)
     2    0.018710    0.040748    0.119464   20.222643 ^ clkbuf_0_clk_i_regs/X (sky130_fd_sc_hd__clkbuf_16)
                                                         clknet_0_clk_i_regs (net)
                      0.040748    0.000195   20.222839 ^ clkbuf_1_1__f_clk_i_regs/A (sky130_fd_sc_hd__clkbuf_16)
     3    0.007376    0.031067    0.111807   20.334646 ^ clkbuf_1_1__f_clk_i_regs/X (sky130_fd_sc_hd__clkbuf_16)
                                                         clknet_1_1__leaf_clk_i_regs (net)
                      0.031067    0.000059   20.334705 ^ _46_/CLK (sky130_fd_sc_hd__dfrtp_2)
                                 -0.250000   20.084705   clock uncertainty
                                  0.000000   20.084705   clock reconvergence pessimism
                                  0.228278   20.312984   library recovery time
                                             20.312984   data required time
---------------------------------------------------------------------------------------------
                                             20.312984   data required time
                                             -2.000149   data arrival time
---------------------------------------------------------------------------------------------
                                             18.312834   slack (MET)


Startpoint: rst_ni (input port clocked by clk_i)
Endpoint: _48_ (recovery check against rising-edge clock clk_i)
Path Group: asynchronous
Path Type: max

Fanout         Cap        Slew       Delay        Time   Description
---------------------------------------------------------------------------------------------
                                  0.000000    0.000000   clock clk_i (rise edge)
                                  0.000000    0.000000   clock network delay (propagated)
                                  2.000000    2.000000 ^ input external delay
     4    0.019151    0.000000    0.000000    2.000000 ^ rst_ni (in)
                                                         rst_ni (net)
                      0.000232    0.000116    2.000116 ^ _48_/RESET_B (sky130_fd_sc_hd__dfrtp_2)
                                              2.000116   data arrival time

                                 20.000000   20.000000   clock clk_i (rise edge)
                                  0.000000   20.000000   clock source latency
     2    0.073694    0.000000    0.000000   20.000000 ^ clk_i (in)
                                                         clk_i (net)
                      0.005402    0.002702   20.002703 ^ clkbuf_regs_0_clk_i/A (sky130_fd_sc_hd__clkbuf_16)
     1    0.008368    0.031952    0.100389   20.103092 ^ clkbuf_regs_0_clk_i/X (sky130_fd_sc_hd__clkbuf_16)
                                                         clk_i_regs (net)
                      0.031953    0.000089   20.103180 ^ clkbuf_0_clk_i_regs/A (sky130_fd_sc_hd__clkbuf_16)
     2    0.018710    0.040748    0.119464   20.222643 ^ clkbuf_0_clk_i_regs/X (sky130_fd_sc_hd__clkbuf_16)
                                                         clknet_0_clk_i_regs (net)
                      0.040748    0.000195   20.222839 ^ clkbuf_1_1__f_clk_i_regs/A (sky130_fd_sc_hd__clkbuf_16)
     3    0.007376    0.031067    0.111807   20.334646 ^ clkbuf_1_1__f_clk_i_regs/X (sky130_fd_sc_hd__clkbuf_16)
                                                         clknet_1_1__leaf_clk_i_regs (net)
                      0.031067    0.000069   20.334715 ^ _48_/CLK (sky130_fd_sc_hd__dfrtp_2)
                                 -0.250000   20.084717   clock uncertainty
                                  0.000000   20.084717   clock reconvergence pessimism
                                  0.228298   20.313015   library recovery time
                                             20.313015   data required time
---------------------------------------------------------------------------------------------
                                             20.313015   data required time
                                             -2.000116   data arrival time
---------------------------------------------------------------------------------------------
                                             18.312899   slack (MET)



