Net: _06993_
  Pin:   _14216_/A1 (sky130_fd_sc_hd__mux2_1)
    Layer: mcon
      Partial area ratio:    0.23
      Required ratio:    3.00 (Gate area) 
      Cumulative area ratio:    0.23
      Required ratio:    0.00 (Cumulative area) 

    Layer: met1
      Partial area ratio:    7.94
      Required ratio:    0.00 (Gate area) 
      Cumulative area ratio:    7.94
      Required ratio:    0.00 (Cumulative area) 
      Partial area ratio:   39.12
      Required ratio:  400.00 (Side area) 
      Cumulative area ratio:   39.12
      Required ratio:    0.00 (Cumulative side area) 

    Layer: via
      Partial area ratio:    0.09
      Required ratio:    6.00 (Gate area) 
      Cumulative area ratio:    0.32
      Required ratio:    0.00 (Cumulative area) 

    Layer: met2
      Partial area ratio:   11.05
      Required ratio:    0.00 (Gate area) 
      Cumulative area ratio:   18.99
      Required ratio:    0.00 (Cumulative area) 
      Partial area ratio:   54.44
      Required ratio: 4336.52 (Side area) 
      Cumulative area ratio:   93.56
      Required ratio:    0.00 (Cumulative side area) 


  Pin:   _14225_/A1 (sky130_fd_sc_hd__mux2_1)
    Layer: mcon
      Partial area ratio:    0.23
      Required ratio:    3.00 (Gate area) 
      Cumulative area ratio:    0.23
      Required ratio:    0.00 (Cumulative area) 

    Layer: met1
      Partial area ratio:    6.47
      Required ratio:    0.00 (Gate area) 
      Cumulative area ratio:    6.47
      Required ratio:    0.00 (Cumulative area) 
      Partial area ratio:   31.75
      Required ratio:  400.00 (Side area) 
      Cumulative area ratio:   31.75
      Required ratio:    0.00 (Cumulative side area) 

    Layer: via
      Partial area ratio:    0.18
      Required ratio:    6.00 (Gate area) 
      Cumulative area ratio:    0.41
      Required ratio:    0.00 (Cumulative area) 

    Layer: met2
      Partial area ratio:   11.05
      Required ratio:    0.00 (Gate area) 
      Cumulative area ratio:   17.52
      Required ratio:    0.00 (Cumulative area) 
      Partial area ratio:   54.44
      Required ratio: 4336.52 (Side area) 
      Cumulative area ratio:   86.19
      Required ratio:    0.00 (Cumulative side area) 


  Pin:   _14234_/A1 (sky130_fd_sc_hd__mux2_1)
    Layer: mcon
      Partial area ratio:    0.23
      Required ratio:    3.00 (Gate area) 
      Cumulative area ratio:    0.23
      Required ratio:    0.00 (Cumulative area) 

    Layer: met1
      Partial area ratio:    0.66
      Required ratio:    0.00 (Gate area) 
      Cumulative area ratio:    0.66
      Required ratio:    0.00 (Cumulative area) 
      Partial area ratio:    3.22
      Required ratio:  400.00 (Side area) 
      Cumulative area ratio:    3.22
      Required ratio:    0.00 (Cumulative side area) 

    Layer: via
      Partial area ratio:    0.18
      Required ratio:    6.00 (Gate area) 
      Cumulative area ratio:    0.41
      Required ratio:    0.00 (Cumulative area) 

    Layer: met2
      Partial area ratio:   11.05
      Required ratio:    0.00 (Gate area) 
      Cumulative area ratio:   11.71
      Required ratio:    0.00 (Cumulative area) 
      Partial area ratio:   54.44
      Required ratio: 4336.52 (Side area) 
      Cumulative area ratio:   57.66
      Required ratio:    0.00 (Cumulative side area) 


  Pin:   _14244_/A1 (sky130_fd_sc_hd__mux2_1)
    Layer: mcon
      Partial area ratio:    0.23
      Required ratio:    3.00 (Gate area) 
      Cumulative area ratio:    0.23
      Required ratio:    0.00 (Cumulative area) 

    Layer: met1
      Partial area ratio:    1.36
      Required ratio:    0.00 (Gate area) 
      Cumulative area ratio:    1.36
      Required ratio:    0.00 (Cumulative area) 
      Partial area ratio:    6.19
      Required ratio:  400.00 (Side area) 
      Cumulative area ratio:    6.19
      Required ratio:    0.00 (Cumulative side area) 

    Layer: via
      Partial area ratio:    0.18
      Required ratio:    6.00 (Gate area) 
      Cumulative area ratio:    0.41
      Required ratio:    0.00 (Cumulative area) 

    Layer: met2
      Partial area ratio:   11.05
      Required ratio:    0.00 (Gate area) 
      Cumulative area ratio:   12.41
      Required ratio:    0.00 (Cumulative area) 
      Partial area ratio:   54.44
      Required ratio: 4336.52 (Side area) 
      Cumulative area ratio:   60.63
      Required ratio:    0.00 (Cumulative side area) 


  Pin:   _14253_/A1 (sky130_fd_sc_hd__mux2_1)
    Layer: mcon
      Partial area ratio:    0.23
      Required ratio:    3.00 (Gate area) 
      Cumulative area ratio:    0.23
      Required ratio:    0.00 (Cumulative area) 

    Layer: met1
      Partial area ratio:    6.95
      Required ratio:    0.00 (Gate area) 
      Cumulative area ratio:    6.95
      Required ratio:    0.00 (Cumulative area) 
      Partial area ratio:   33.76
      Required ratio:  400.00 (Side area) 
      Cumulative area ratio:   33.76
      Required ratio:    0.00 (Cumulative side area) 

    Layer: via
      Partial area ratio:    0.18
      Required ratio:    6.00 (Gate area) 
      Cumulative area ratio:    0.41
      Required ratio:    0.00 (Cumulative area) 

    Layer: met2
      Partial area ratio:   11.05
      Required ratio:    0.00 (Gate area) 
      Cumulative area ratio:   18.00
      Required ratio:    0.00 (Cumulative area) 
      Partial area ratio:   54.44
      Required ratio: 4336.52 (Side area) 
      Cumulative area ratio:   88.20
      Required ratio:    0.00 (Cumulative side area) 


  Pin:   _14262_/A0 (sky130_fd_sc_hd__mux2_1)
    Layer: li1
      Partial area ratio:    0.01
      Required ratio:    0.00 (Gate area) 
      Cumulative area ratio:    0.01
      Required ratio:    0.00 (Cumulative area) 
      Partial area ratio:    0.28
      Required ratio:   75.00 (Side area) 
      Cumulative area ratio:    0.28
      Required ratio:    0.00 (Cumulative side area) 

    Layer: mcon
      Partial area ratio:    0.23
      Required ratio:    3.00 (Gate area) 
      Cumulative area ratio:    0.23
      Required ratio:    0.00 (Cumulative area) 

    Layer: met1
      Partial area ratio:    7.29
      Required ratio:    0.00 (Gate area) 
      Cumulative area ratio:    7.30
      Required ratio:    0.00 (Cumulative area) 
      Partial area ratio:   34.97
      Required ratio:  400.00 (Side area) 
      Cumulative area ratio:   35.25
      Required ratio:    0.00 (Cumulative side area) 

    Layer: via
      Partial area ratio:    0.36
      Required ratio:    6.00 (Gate area) 
      Cumulative area ratio:    0.59
      Required ratio:    0.00 (Cumulative area) 

    Layer: met2
      Partial area ratio:   11.05
      Required ratio:    0.00 (Gate area) 
      Cumulative area ratio:   18.34
      Required ratio:    0.00 (Cumulative area) 
      Partial area ratio:   54.44
      Required ratio: 4336.52 (Side area) 
      Cumulative area ratio:   89.69
      Required ratio:    0.00 (Cumulative side area) 


  Pin:   _14271_/A1 (sky130_fd_sc_hd__mux2_1)
    Layer: mcon
      Partial area ratio:    0.23
      Required ratio:    3.00 (Gate area) 
      Cumulative area ratio:    0.23
      Required ratio:    0.00 (Cumulative area) 

    Layer: met1
      Partial area ratio:    6.95
      Required ratio:    0.00 (Gate area) 
      Cumulative area ratio:    6.95
      Required ratio:    0.00 (Cumulative area) 
      Partial area ratio:   33.76
      Required ratio:  400.00 (Side area) 
      Cumulative area ratio:   33.76
      Required ratio:    0.00 (Cumulative side area) 

    Layer: via
      Partial area ratio:    0.18
      Required ratio:    6.00 (Gate area) 
      Cumulative area ratio:    0.41
      Required ratio:    0.00 (Cumulative area) 

    Layer: met2
      Partial area ratio:   11.05
      Required ratio:    0.00 (Gate area) 
      Cumulative area ratio:   18.00
      Required ratio:    0.00 (Cumulative area) 
      Partial area ratio:   54.44
      Required ratio: 4336.52 (Side area) 
      Cumulative area ratio:   88.20
      Required ratio:    0.00 (Cumulative side area) 


  Pin:   _14280_/A1 (sky130_fd_sc_hd__mux2_1)
    Layer: mcon
      Partial area ratio:    0.23
      Required ratio:    3.00 (Gate area) 
      Cumulative area ratio:    0.23
      Required ratio:    0.00 (Cumulative area) 

    Layer: met1
      Partial area ratio:    0.66
      Required ratio:    0.00 (Gate area) 
      Cumulative area ratio:    0.66
      Required ratio:    0.00 (Cumulative area) 
      Partial area ratio:    3.22
      Required ratio:  400.00 (Side area) 
      Cumulative area ratio:    3.22
      Required ratio:    0.00 (Cumulative side area) 

    Layer: via
      Partial area ratio:    0.18
      Required ratio:    6.00 (Gate area) 
      Cumulative area ratio:    0.41
      Required ratio:    0.00 (Cumulative area) 

    Layer: met2
      Partial area ratio:   11.05
      Required ratio:    0.00 (Gate area) 
      Cumulative area ratio:   11.71
      Required ratio:    0.00 (Cumulative area) 
      Partial area ratio:   54.44
      Required ratio: 4336.52 (Side area) 
      Cumulative area ratio:   57.66
      Required ratio:    0.00 (Cumulative side area) 


  Pin:   _14289_/A1 (sky130_fd_sc_hd__mux2_1)
    Layer: mcon
      Partial area ratio:    0.23
      Required ratio:    3.00 (Gate area) 
      Cumulative area ratio:    0.23
      Required ratio:    0.00 (Cumulative area) 

    Layer: met1
      Partial area ratio:    2.38
      Required ratio:    0.00 (Gate area) 
      Cumulative area ratio:    2.38
      Required ratio:    0.00 (Cumulative area) 
      Partial area ratio:   11.31
      Required ratio:  400.00 (Side area) 
      Cumulative area ratio:   11.31
      Required ratio:    0.00 (Cumulative side area) 

    Layer: via
      Partial area ratio:    0.18
      Required ratio:    6.00 (Gate area) 
      Cumulative area ratio:    0.41
      Required ratio:    0.00 (Cumulative area) 

    Layer: met2
      Partial area ratio:   11.05
      Required ratio:    0.00 (Gate area) 
      Cumulative area ratio:   13.43
      Required ratio:    0.00 (Cumulative area) 
      Partial area ratio:   54.44
      Required ratio: 4336.52 (Side area) 
      Cumulative area ratio:   65.74
      Required ratio:    0.00 (Cumulative side area) 


  Pin:   _14298_/A1 (sky130_fd_sc_hd__mux2_1)
    Layer: mcon
      Partial area ratio:    0.23
      Required ratio:    3.00 (Gate area) 
      Cumulative area ratio:    0.23
      Required ratio:    0.00 (Cumulative area) 

    Layer: met1
      Partial area ratio:   19.34
      Required ratio:    0.00 (Gate area) 
      Cumulative area ratio:   19.34
      Required ratio:    0.00 (Cumulative area) 
      Partial area ratio:   95.22
      Required ratio:  400.00 (Side area) 
      Cumulative area ratio:   95.22
      Required ratio:    0.00 (Cumulative side area) 

    Layer: via
      Partial area ratio:    0.36
      Required ratio:    6.00 (Gate area) 
      Cumulative area ratio:    0.59
      Required ratio:    0.00 (Cumulative area) 

    Layer: met2
      Partial area ratio:   11.05
      Required ratio:    0.00 (Gate area) 
      Cumulative area ratio:   30.39
      Required ratio:    0.00 (Cumulative area) 
      Partial area ratio:   54.44
      Required ratio: 4336.52 (Side area) 
      Cumulative area ratio:  149.66
      Required ratio:    0.00 (Cumulative side area) 


  Pin:   _14307_/A1 (sky130_fd_sc_hd__mux2_1)
    Layer: mcon
      Partial area ratio:    0.23
      Required ratio:    3.00 (Gate area) 
      Cumulative area ratio:    0.23
      Required ratio:    0.00 (Cumulative area) 

    Layer: met1
      Partial area ratio:    2.91
      Required ratio:    0.00 (Gate area) 
      Cumulative area ratio:    2.91
      Required ratio:    0.00 (Cumulative area) 
      Partial area ratio:   14.26
      Required ratio:  400.00 (Side area) 
      Cumulative area ratio:   14.26
      Required ratio:    0.00 (Cumulative side area) 

    Layer: via
      Partial area ratio:    0.09
      Required ratio:    6.00 (Gate area) 
      Cumulative area ratio:    0.32
      Required ratio:    0.00 (Cumulative area) 

    Layer: met2
      Partial area ratio:   11.05
      Required ratio:    0.00 (Gate area) 
      Cumulative area ratio:   13.96
      Required ratio:    0.00 (Cumulative area) 
      Partial area ratio:   54.44
      Required ratio: 4336.52 (Side area) 
      Cumulative area ratio:   68.70
      Required ratio:    0.00 (Cumulative side area) 


  Pin:   _14316_/A1 (sky130_fd_sc_hd__mux2_1)
    Layer: mcon
      Partial area ratio:    0.23
      Required ratio:    3.00 (Gate area) 
      Cumulative area ratio:    0.23
      Required ratio:    0.00 (Cumulative area) 

    Layer: met1
      Partial area ratio:    2.91
      Required ratio:    0.00 (Gate area) 
      Cumulative area ratio:    2.91
      Required ratio:    0.00 (Cumulative area) 
      Partial area ratio:   14.26
      Required ratio:  400.00 (Side area) 
      Cumulative area ratio:   14.26
      Required ratio:    0.00 (Cumulative side area) 

    Layer: via
      Partial area ratio:    0.09
      Required ratio:    6.00 (Gate area) 
      Cumulative area ratio:    0.32
      Required ratio:    0.00 (Cumulative area) 

    Layer: met2
      Partial area ratio:   11.05
      Required ratio:    0.00 (Gate area) 
      Cumulative area ratio:   13.96
      Required ratio:    0.00 (Cumulative area) 
      Partial area ratio:   54.44
      Required ratio: 4336.52 (Side area) 
      Cumulative area ratio:   68.70
      Required ratio:    0.00 (Cumulative side area) 


  Pin:   _14325_/A1 (sky130_fd_sc_hd__mux2_1)
    Layer: mcon
      Partial area ratio:    0.23
      Required ratio:    3.00 (Gate area) 
      Cumulative area ratio:    0.23
      Required ratio:    0.00 (Cumulative area) 

    Layer: met1
      Partial area ratio:    5.03
      Required ratio:    0.00 (Gate area) 
      Cumulative area ratio:    5.03
      Required ratio:    0.00 (Cumulative area) 
      Partial area ratio:   24.82
      Required ratio:  400.00 (Side area) 
      Cumulative area ratio:   24.82
      Required ratio:    0.00 (Cumulative side area) 

    Layer: via
      Partial area ratio:    0.09
      Required ratio:    6.00 (Gate area) 
      Cumulative area ratio:    0.32
      Required ratio:    0.00 (Cumulative area) 

    Layer: met2
      Partial area ratio:   11.05
      Required ratio:    0.00 (Gate area) 
      Cumulative area ratio:   16.07
      Required ratio:    0.00 (Cumulative area) 
      Partial area ratio:   54.44
      Required ratio: 4336.52 (Side area) 
      Cumulative area ratio:   79.26
      Required ratio:    0.00 (Cumulative side area) 


  Pin:   _14334_/A1 (sky130_fd_sc_hd__mux2_1)
    Layer: mcon
      Partial area ratio:    0.23
      Required ratio:    3.00 (Gate area) 
      Cumulative area ratio:    0.23
      Required ratio:    0.00 (Cumulative area) 

    Layer: met1
      Partial area ratio:    5.03
      Required ratio:    0.00 (Gate area) 
      Cumulative area ratio:    5.03
      Required ratio:    0.00 (Cumulative area) 
      Partial area ratio:   24.82
      Required ratio:  400.00 (Side area) 
      Cumulative area ratio:   24.82
      Required ratio:    0.00 (Cumulative side area) 

    Layer: via
      Partial area ratio:    0.09
      Required ratio:    6.00 (Gate area) 
      Cumulative area ratio:    0.32
      Required ratio:    0.00 (Cumulative area) 

    Layer: met2
      Partial area ratio:   11.05
      Required ratio:    0.00 (Gate area) 
      Cumulative area ratio:   16.07
      Required ratio:    0.00 (Cumulative area) 
      Partial area ratio:   54.44
      Required ratio: 4336.52 (Side area) 
      Cumulative area ratio:   79.26
      Required ratio:    0.00 (Cumulative side area) 


  Pin:   _14343_/A1 (sky130_fd_sc_hd__mux2_1)
    Layer: mcon
      Partial area ratio:    0.23
      Required ratio:    3.00 (Gate area) 
      Cumulative area ratio:    0.23
      Required ratio:    0.00 (Cumulative area) 

    Layer: met1
      Partial area ratio:    1.36
      Required ratio:    0.00 (Gate area) 
      Cumulative area ratio:    1.36
      Required ratio:    0.00 (Cumulative area) 
      Partial area ratio:    6.19
      Required ratio:  400.00 (Side area) 
      Cumulative area ratio:    6.19
      Required ratio:    0.00 (Cumulative side area) 

    Layer: via
      Partial area ratio:    0.18
      Required ratio:    6.00 (Gate area) 
      Cumulative area ratio:    0.41
      Required ratio:    0.00 (Cumulative area) 

    Layer: met2
      Partial area ratio:   11.05
      Required ratio:    0.00 (Gate area) 
      Cumulative area ratio:   12.41
      Required ratio:    0.00 (Cumulative area) 
      Partial area ratio:   54.44
      Required ratio: 4336.52 (Side area) 
      Cumulative area ratio:   60.63
      Required ratio:    0.00 (Cumulative side area) 


  Pin:   _14352_/A1 (sky130_fd_sc_hd__mux2_1)
    Layer: mcon
      Partial area ratio:    0.23
      Required ratio:    3.00 (Gate area) 
      Cumulative area ratio:    0.23
      Required ratio:    0.00 (Cumulative area) 

    Layer: met1
      Partial area ratio:   14.33
      Required ratio:    0.00 (Gate area) 
      Cumulative area ratio:   14.33
      Required ratio:    0.00 (Cumulative area) 
      Partial area ratio:   70.17
      Required ratio:  400.00 (Side area) 
      Cumulative area ratio:   70.17
      Required ratio:    0.00 (Cumulative side area) 

    Layer: via
      Partial area ratio:    0.36
      Required ratio:    6.00 (Gate area) 
      Cumulative area ratio:    0.59
      Required ratio:    0.00 (Cumulative area) 

    Layer: met2
      Partial area ratio:   11.05
      Required ratio:    0.00 (Gate area) 
      Cumulative area ratio:   25.38
      Required ratio:    0.00 (Cumulative area) 
      Partial area ratio:   54.44
      Required ratio: 4336.52 (Side area) 
      Cumulative area ratio:  124.60
      Required ratio:    0.00 (Cumulative side area) 


  Pin:   _14361_/A0 (sky130_fd_sc_hd__mux2_1)
    Layer: li1
      Partial area ratio:    0.01
      Required ratio:    0.00 (Gate area) 
      Cumulative area ratio:    0.01
      Required ratio:    0.00 (Cumulative area) 
      Partial area ratio:    0.28
      Required ratio:   75.00 (Side area) 
      Cumulative area ratio:    0.28
      Required ratio:    0.00 (Cumulative side area) 

    Layer: mcon
      Partial area ratio:    0.23
      Required ratio:    3.00 (Gate area) 
      Cumulative area ratio:    0.23
      Required ratio:    0.00 (Cumulative area) 

    Layer: met1
      Partial area ratio:    9.32
      Required ratio:    0.00 (Gate area) 
      Cumulative area ratio:    9.33
      Required ratio:    0.00 (Cumulative area) 
      Partial area ratio:   45.60
      Required ratio:  400.00 (Side area) 
      Cumulative area ratio:   45.88
      Required ratio:    0.00 (Cumulative side area) 

    Layer: via
      Partial area ratio:    0.18
      Required ratio:    6.00 (Gate area) 
      Cumulative area ratio:    0.41
      Required ratio:    0.00 (Cumulative area) 

    Layer: met2
      Partial area ratio:   11.05
      Required ratio:    0.00 (Gate area) 
      Cumulative area ratio:   20.37
      Required ratio:    0.00 (Cumulative area) 
      Partial area ratio:   54.44
      Required ratio: 4336.52 (Side area) 
      Cumulative area ratio:  100.31
      Required ratio:    0.00 (Cumulative side area) 


  Pin:   _14370_/A0 (sky130_fd_sc_hd__mux2_1)
    Layer: li1
      Partial area ratio:    0.01
      Required ratio:    0.00 (Gate area) 
      Cumulative area ratio:    0.01
      Required ratio:    0.00 (Cumulative area) 
      Partial area ratio:    0.28
      Required ratio:   75.00 (Side area) 
      Cumulative area ratio:    0.28
      Required ratio:    0.00 (Cumulative side area) 

    Layer: mcon
      Partial area ratio:    0.23
      Required ratio:    3.00 (Gate area) 
      Cumulative area ratio:    0.23
      Required ratio:    0.00 (Cumulative area) 

    Layer: met1
      Partial area ratio:    7.07
      Required ratio:    0.00 (Gate area) 
      Cumulative area ratio:    7.08
      Required ratio:    0.00 (Cumulative area) 
      Partial area ratio:   34.79
      Required ratio:  400.00 (Side area) 
      Cumulative area ratio:   35.07
      Required ratio:    0.00 (Cumulative side area) 

    Layer: via
      Partial area ratio:    0.09
      Required ratio:    6.00 (Gate area) 
      Cumulative area ratio:    0.32
      Required ratio:    0.00 (Cumulative area) 

    Layer: met2
      Partial area ratio:   11.05
      Required ratio:    0.00 (Gate area) 
      Cumulative area ratio:   18.13
      Required ratio:    0.00 (Cumulative area) 
      Partial area ratio:   54.44
      Required ratio: 4336.52 (Side area) 
      Cumulative area ratio:   89.51
      Required ratio:    0.00 (Cumulative side area) 


  Pin:   _14379_/A1 (sky130_fd_sc_hd__mux2_1)
    Layer: mcon
      Partial area ratio:    0.23
      Required ratio:    3.00 (Gate area) 
      Cumulative area ratio:    0.23
      Required ratio:    0.00 (Cumulative area) 

    Layer: met1
      Partial area ratio:    0.66
      Required ratio:    0.00 (Gate area) 
      Cumulative area ratio:    0.66
      Required ratio:    0.00 (Cumulative area) 
      Partial area ratio:    3.22
      Required ratio:  400.00 (Side area) 
      Cumulative area ratio:    3.22
      Required ratio:    0.00 (Cumulative side area) 

    Layer: via
      Partial area ratio:    0.18
      Required ratio:    6.00 (Gate area) 
      Cumulative area ratio:    0.41
      Required ratio:    0.00 (Cumulative area) 

    Layer: met2
      Partial area ratio:   11.05
      Required ratio:    0.00 (Gate area) 
      Cumulative area ratio:   11.71
      Required ratio:    0.00 (Cumulative area) 
      Partial area ratio:   54.44
      Required ratio: 4336.52 (Side area) 
      Cumulative area ratio:   57.66
      Required ratio:    0.00 (Cumulative side area) 


  Pin:   _14388_/A1 (sky130_fd_sc_hd__mux2_1)
    Layer: mcon
      Partial area ratio:    0.23
      Required ratio:    3.00 (Gate area) 
      Cumulative area ratio:    0.23
      Required ratio:    0.00 (Cumulative area) 

    Layer: met1
      Partial area ratio:    6.98
      Required ratio:    0.00 (Gate area) 
      Cumulative area ratio:    6.98
      Required ratio:    0.00 (Cumulative area) 
      Partial area ratio:   34.31
      Required ratio:  400.00 (Side area) 
      Cumulative area ratio:   34.31
      Required ratio:    0.00 (Cumulative side area) 

    Layer: via
      Partial area ratio:    0.18
      Required ratio:    6.00 (Gate area) 
      Cumulative area ratio:    0.41
      Required ratio:    0.00 (Cumulative area) 

    Layer: met2
      Partial area ratio:   11.05
      Required ratio:    0.00 (Gate area) 
      Cumulative area ratio:   18.03
      Required ratio:    0.00 (Cumulative area) 
      Partial area ratio:   54.44
      Required ratio: 4336.52 (Side area) 
      Cumulative area ratio:   88.74
      Required ratio:    0.00 (Cumulative side area) 


  Pin:   _14397_/A1 (sky130_fd_sc_hd__mux2_1)
    Layer: mcon
      Partial area ratio:    0.23
      Required ratio:    3.00 (Gate area) 
      Cumulative area ratio:    0.23
      Required ratio:    0.00 (Cumulative area) 

    Layer: met1
      Partial area ratio:    1.36
      Required ratio:    0.00 (Gate area) 
      Cumulative area ratio:    1.36
      Required ratio:    0.00 (Cumulative area) 
      Partial area ratio:    6.19
      Required ratio:  400.00 (Side area) 
      Cumulative area ratio:    6.19
      Required ratio:    0.00 (Cumulative side area) 

    Layer: via
      Partial area ratio:    0.18
      Required ratio:    6.00 (Gate area) 
      Cumulative area ratio:    0.41
      Required ratio:    0.00 (Cumulative area) 

    Layer: met2
      Partial area ratio:   11.05
      Required ratio:    0.00 (Gate area) 
      Cumulative area ratio:   12.41
      Required ratio:    0.00 (Cumulative area) 
      Partial area ratio:   54.44
      Required ratio: 4336.52 (Side area) 
      Cumulative area ratio:   60.63
      Required ratio:    0.00 (Cumulative side area) 


  Pin:   _14406_/A1 (sky130_fd_sc_hd__mux2_1)
    Layer: mcon
      Partial area ratio:    0.23
      Required ratio:    3.00 (Gate area) 
      Cumulative area ratio:    0.23
      Required ratio:    0.00 (Cumulative area) 

    Layer: met1
      Partial area ratio:    3.41
      Required ratio:    0.00 (Gate area) 
      Cumulative area ratio:    3.41
      Required ratio:    0.00 (Cumulative area) 
      Partial area ratio:   16.42
      Required ratio:  400.00 (Side area) 
      Cumulative area ratio:   16.42
      Required ratio:    0.00 (Cumulative side area) 

    Layer: via
      Partial area ratio:    0.18
      Required ratio:    6.00 (Gate area) 
      Cumulative area ratio:    0.41
      Required ratio:    0.00 (Cumulative area) 

    Layer: met2
      Partial area ratio:   11.05
      Required ratio:    0.00 (Gate area) 
      Cumulative area ratio:   14.45
      Required ratio:    0.00 (Cumulative area) 
      Partial area ratio:   54.44
      Required ratio: 4336.52 (Side area) 
      Cumulative area ratio:   70.85
      Required ratio:    0.00 (Cumulative side area) 


  Pin:   _14416_/A1 (sky130_fd_sc_hd__mux2_1)
    Layer: mcon
      Partial area ratio:    0.23
      Required ratio:    3.00 (Gate area) 
      Cumulative area ratio:    0.23
      Required ratio:    0.00 (Cumulative area) 

    Layer: met1
      Partial area ratio:    1.36
      Required ratio:    0.00 (Gate area) 
      Cumulative area ratio:    1.36
      Required ratio:    0.00 (Cumulative area) 
      Partial area ratio:    6.19
      Required ratio:  400.00 (Side area) 
      Cumulative area ratio:    6.19
      Required ratio:    0.00 (Cumulative side area) 

    Layer: via
      Partial area ratio:    0.18
      Required ratio:    6.00 (Gate area) 
      Cumulative area ratio:    0.41
      Required ratio:    0.00 (Cumulative area) 

    Layer: met2
      Partial area ratio:   11.05
      Required ratio:    0.00 (Gate area) 
      Cumulative area ratio:   12.41
      Required ratio:    0.00 (Cumulative area) 
      Partial area ratio:   54.44
      Required ratio: 4336.52 (Side area) 
      Cumulative area ratio:   60.63
      Required ratio:    0.00 (Cumulative side area) 


  Pin:   _14425_/A1 (sky130_fd_sc_hd__mux2_1)
    Layer: mcon
      Partial area ratio:    0.23
      Required ratio:    3.00 (Gate area) 
      Cumulative area ratio:    0.23
      Required ratio:    0.00 (Cumulative area) 

    Layer: met1
      Partial area ratio:    9.33
      Required ratio:    0.00 (Gate area) 
      Cumulative area ratio:    9.33
      Required ratio:    0.00 (Cumulative area) 
      Partial area ratio:   45.91
      Required ratio:  400.00 (Side area) 
      Cumulative area ratio:   45.91
      Required ratio:    0.00 (Cumulative side area) 

    Layer: via
      Partial area ratio:    0.07
      Required ratio:    6.00 (Gate area) 
      Cumulative area ratio:    0.30
      Required ratio:    0.00 (Cumulative area) 

    Layer: met2
      Partial area ratio:   11.05
      Required ratio:    0.00 (Gate area) 
      Cumulative area ratio:   20.37
      Required ratio:    0.00 (Cumulative area) 
      Partial area ratio:   54.44
      Required ratio: 4336.52 (Side area) 
      Cumulative area ratio:  100.34
      Required ratio:    0.00 (Cumulative side area) 


  Pin:   _14434_/A1 (sky130_fd_sc_hd__mux2_1)
    Layer: mcon
      Partial area ratio:    0.23
      Required ratio:    3.00 (Gate area) 
      Cumulative area ratio:    0.23
      Required ratio:    0.00 (Cumulative area) 

    Layer: met1
      Partial area ratio:    9.33
      Required ratio:    0.00 (Gate area) 
      Cumulative area ratio:    9.33
      Required ratio:    0.00 (Cumulative area) 
      Partial area ratio:   45.91
      Required ratio:  400.00 (Side area) 
      Cumulative area ratio:   45.91
      Required ratio:    0.00 (Cumulative side area) 

    Layer: via
      Partial area ratio:    0.07
      Required ratio:    6.00 (Gate area) 
      Cumulative area ratio:    0.30
      Required ratio:    0.00 (Cumulative area) 

    Layer: met2
      Partial area ratio:   11.05
      Required ratio:    0.00 (Gate area) 
      Cumulative area ratio:   20.37
      Required ratio:    0.00 (Cumulative area) 
      Partial area ratio:   54.44
      Required ratio: 4336.52 (Side area) 
      Cumulative area ratio:  100.34
      Required ratio:    0.00 (Cumulative side area) 


  Pin:   _14443_/A1 (sky130_fd_sc_hd__mux2_1)
    Layer: mcon
      Partial area ratio:    0.23
      Required ratio:    3.00 (Gate area) 
      Cumulative area ratio:    0.23
      Required ratio:    0.00 (Cumulative area) 

    Layer: met1
      Partial area ratio:    9.33
      Required ratio:    0.00 (Gate area) 
      Cumulative area ratio:    9.33
      Required ratio:    0.00 (Cumulative area) 
      Partial area ratio:   45.91
      Required ratio:  400.00 (Side area) 
      Cumulative area ratio:   45.91
      Required ratio:    0.00 (Cumulative side area) 

    Layer: via
      Partial area ratio:    0.07
      Required ratio:    6.00 (Gate area) 
      Cumulative area ratio:    0.30
      Required ratio:    0.00 (Cumulative area) 

    Layer: met2
      Partial area ratio:   11.05
      Required ratio:    0.00 (Gate area) 
      Cumulative area ratio:   20.37
      Required ratio:    0.00 (Cumulative area) 
      Partial area ratio:   54.44
      Required ratio: 4336.52 (Side area) 
      Cumulative area ratio:  100.34
      Required ratio:    0.00 (Cumulative side area) 


  Pin:   _14452_/A1 (sky130_fd_sc_hd__mux2_1)
    Layer: mcon
      Partial area ratio:    0.23
      Required ratio:    3.00 (Gate area) 
      Cumulative area ratio:    0.23
      Required ratio:    0.00 (Cumulative area) 

    Layer: met1
      Partial area ratio:    3.28
      Required ratio:    0.00 (Gate area) 
      Cumulative area ratio:    3.28
      Required ratio:    0.00 (Cumulative area) 
      Partial area ratio:   15.83
      Required ratio:  400.00 (Side area) 
      Cumulative area ratio:   15.83
      Required ratio:    0.00 (Cumulative side area) 

    Layer: via
      Partial area ratio:    0.09
      Required ratio:    6.00 (Gate area) 
      Cumulative area ratio:    0.32
      Required ratio:    0.00 (Cumulative area) 

    Layer: met2
      Partial area ratio:   11.05
      Required ratio:    0.00 (Gate area) 
      Cumulative area ratio:   14.33
      Required ratio:    0.00 (Cumulative area) 
      Partial area ratio:   54.44
      Required ratio: 4336.52 (Side area) 
      Cumulative area ratio:   70.27
      Required ratio:    0.00 (Cumulative side area) 


  Pin:   _14461_/A1 (sky130_fd_sc_hd__mux2_1)
    Layer: mcon
      Partial area ratio:    0.23
      Required ratio:    3.00 (Gate area) 
      Cumulative area ratio:    0.23
      Required ratio:    0.00 (Cumulative area) 

    Layer: met1
      Partial area ratio:    1.36
      Required ratio:    0.00 (Gate area) 
      Cumulative area ratio:    1.36
      Required ratio:    0.00 (Cumulative area) 
      Partial area ratio:    6.19
      Required ratio:  400.00 (Side area) 
      Cumulative area ratio:    6.19
      Required ratio:    0.00 (Cumulative side area) 

    Layer: via
      Partial area ratio:    0.18
      Required ratio:    6.00 (Gate area) 
      Cumulative area ratio:    0.41
      Required ratio:    0.00 (Cumulative area) 

    Layer: met2
      Partial area ratio:   11.05
      Required ratio:    0.00 (Gate area) 
      Cumulative area ratio:   12.41
      Required ratio:    0.00 (Cumulative area) 
      Partial area ratio:   54.44
      Required ratio: 4336.52 (Side area) 
      Cumulative area ratio:   60.63
      Required ratio:    0.00 (Cumulative side area) 


  Pin:   _14470_/A0 (sky130_fd_sc_hd__mux2_1)
    Layer: li1
      Partial area ratio:    0.01
      Required ratio:    0.00 (Gate area) 
      Cumulative area ratio:    0.01
      Required ratio:    0.00 (Cumulative area) 
      Partial area ratio:    0.28
      Required ratio:   75.00 (Side area) 
      Cumulative area ratio:    0.28
      Required ratio:    0.00 (Cumulative side area) 

    Layer: mcon
      Partial area ratio:    0.23
      Required ratio:    3.00 (Gate area) 
      Cumulative area ratio:    0.23
      Required ratio:    0.00 (Cumulative area) 

    Layer: met1
      Partial area ratio:    9.32
      Required ratio:    0.00 (Gate area) 
      Cumulative area ratio:    9.33
      Required ratio:    0.00 (Cumulative area) 
      Partial area ratio:   45.60
      Required ratio:  400.00 (Side area) 
      Cumulative area ratio:   45.88
      Required ratio:    0.00 (Cumulative side area) 

    Layer: via
      Partial area ratio:    0.18
      Required ratio:    6.00 (Gate area) 
      Cumulative area ratio:    0.41
      Required ratio:    0.00 (Cumulative area) 

    Layer: met2
      Partial area ratio:   11.05
      Required ratio:    0.00 (Gate area) 
      Cumulative area ratio:   20.37
      Required ratio:    0.00 (Cumulative area) 
      Partial area ratio:   54.44
      Required ratio: 4336.52 (Side area) 
      Cumulative area ratio:  100.31
      Required ratio:    0.00 (Cumulative side area) 


  Pin:   _14479_/A1 (sky130_fd_sc_hd__mux2_1)
    Layer: mcon
      Partial area ratio:    0.23
      Required ratio:    3.00 (Gate area) 
      Cumulative area ratio:    0.23
      Required ratio:    0.00 (Cumulative area) 

    Layer: met1
      Partial area ratio:    3.28
      Required ratio:    0.00 (Gate area) 
      Cumulative area ratio:    3.28
      Required ratio:    0.00 (Cumulative area) 
      Partial area ratio:   15.83
      Required ratio:  400.00 (Side area) 
      Cumulative area ratio:   15.83
      Required ratio:    0.00 (Cumulative side area) 

    Layer: via
      Partial area ratio:    0.09
      Required ratio:    6.00 (Gate area) 
      Cumulative area ratio:    0.32
      Required ratio:    0.00 (Cumulative area) 

    Layer: met2
      Partial area ratio:   11.05
      Required ratio:    0.00 (Gate area) 
      Cumulative area ratio:   14.33
      Required ratio:    0.00 (Cumulative area) 
      Partial area ratio:   54.44
      Required ratio: 4336.52 (Side area) 
      Cumulative area ratio:   70.27
      Required ratio:    0.00 (Cumulative side area) 


  Pin:   _14488_/A1 (sky130_fd_sc_hd__mux2_1)
    Layer: mcon
      Partial area ratio:    0.23
      Required ratio:    3.00 (Gate area) 
      Cumulative area ratio:    0.23
      Required ratio:    0.00 (Cumulative area) 

    Layer: met1
      Partial area ratio:   30.80
      Required ratio:    0.00 (Gate area) 
      Cumulative area ratio:   30.80
      Required ratio:    0.00 (Cumulative area) 
      Partial area ratio:  152.53
      Required ratio:  400.00 (Side area) 
      Cumulative area ratio:  152.53
      Required ratio:    0.00 (Cumulative side area) 

    Layer: via
      Partial area ratio:    0.36
      Required ratio:    6.00 (Gate area) 
      Cumulative area ratio:    0.59
      Required ratio:    0.00 (Cumulative area) 

    Layer: met2
      Partial area ratio:   11.05
      Required ratio:    0.00 (Gate area) 
      Cumulative area ratio:   41.85
      Required ratio:    0.00 (Cumulative area) 
      Partial area ratio:   54.44
      Required ratio: 4336.52 (Side area) 
      Cumulative area ratio:  206.96
      Required ratio:    0.00 (Cumulative side area) 


  Pin:   _14497_/A1 (sky130_fd_sc_hd__mux2_1)
    Layer: mcon
      Partial area ratio:    0.23
      Required ratio:    3.00 (Gate area) 
      Cumulative area ratio:    0.23
      Required ratio:    0.00 (Cumulative area) 

    Layer: met1
      Partial area ratio:   32.86
      Required ratio:    0.00 (Gate area) 
      Cumulative area ratio:   32.86
      Required ratio:    0.00 (Cumulative area) 
      Partial area ratio:  162.83
      Required ratio:  400.00 (Side area) 
      Cumulative area ratio:  162.83
      Required ratio:    0.00 (Cumulative side area) 

    Layer: via
      Partial area ratio:    0.36
      Required ratio:    6.00 (Gate area) 
      Cumulative area ratio:    0.59
      Required ratio:    0.00 (Cumulative area) 

    Layer: met2
      Partial area ratio:   11.05
      Required ratio:    0.00 (Gate area) 
      Cumulative area ratio:   43.91
      Required ratio:    0.00 (Cumulative area) 
      Partial area ratio:   54.44
      Required ratio: 4336.52 (Side area) 
      Cumulative area ratio:  217.27
      Required ratio:    0.00 (Cumulative side area) 


  Pin:   _14506_/A1 (sky130_fd_sc_hd__mux2_1)
    Layer: mcon
      Partial area ratio:    0.23
      Required ratio:    3.00 (Gate area) 
      Cumulative area ratio:    0.23
      Required ratio:    0.00 (Cumulative area) 

    Layer: met1
      Partial area ratio:    9.33
      Required ratio:    0.00 (Gate area) 
      Cumulative area ratio:    9.33
      Required ratio:    0.00 (Cumulative area) 
      Partial area ratio:   45.91
      Required ratio:  400.00 (Side area) 
      Cumulative area ratio:   45.91
      Required ratio:    0.00 (Cumulative side area) 

    Layer: via
      Partial area ratio:    0.07
      Required ratio:    6.00 (Gate area) 
      Cumulative area ratio:    0.30
      Required ratio:    0.00 (Cumulative area) 

    Layer: met2
      Partial area ratio:   11.05
      Required ratio:    0.00 (Gate area) 
      Cumulative area ratio:   20.37
      Required ratio:    0.00 (Cumulative area) 
      Partial area ratio:   54.44
      Required ratio: 4336.52 (Side area) 
      Cumulative area ratio:  100.34
      Required ratio:    0.00 (Cumulative side area) 


  Pin:   _14515_/A1 (sky130_fd_sc_hd__mux2_1)
    Layer: mcon
      Partial area ratio:    0.23
      Required ratio:    3.00 (Gate area) 
      Cumulative area ratio:    0.23
      Required ratio:    0.00 (Cumulative area) 

    Layer: met1
      Partial area ratio:    0.66
      Required ratio:    0.00 (Gate area) 
      Cumulative area ratio:    0.66
      Required ratio:    0.00 (Cumulative area) 
      Partial area ratio:    3.22
      Required ratio:  400.00 (Side area) 
      Cumulative area ratio:    3.22
      Required ratio:    0.00 (Cumulative side area) 

    Layer: via
      Partial area ratio:    0.18
      Required ratio:    6.00 (Gate area) 
      Cumulative area ratio:    0.41
      Required ratio:    0.00 (Cumulative area) 

    Layer: met2
      Partial area ratio:   11.05
      Required ratio:    0.00 (Gate area) 
      Cumulative area ratio:   11.71
      Required ratio:    0.00 (Cumulative area) 
      Partial area ratio:   54.44
      Required ratio: 4336.52 (Side area) 
      Cumulative area ratio:   57.66
      Required ratio:    0.00 (Cumulative side area) 


  Pin:   _14524_/A1 (sky130_fd_sc_hd__mux2_1)
    Layer: mcon
      Partial area ratio:    0.23
      Required ratio:    3.00 (Gate area) 
      Cumulative area ratio:    0.23
      Required ratio:    0.00 (Cumulative area) 

    Layer: met1
      Partial area ratio:    9.33
      Required ratio:    0.00 (Gate area) 
      Cumulative area ratio:    9.33
      Required ratio:    0.00 (Cumulative area) 
      Partial area ratio:   45.91
      Required ratio:  400.00 (Side area) 
      Cumulative area ratio:   45.91
      Required ratio:    0.00 (Cumulative side area) 

    Layer: via
      Partial area ratio:    0.07
      Required ratio:    6.00 (Gate area) 
      Cumulative area ratio:    0.30
      Required ratio:    0.00 (Cumulative area) 

    Layer: met2
      Partial area ratio:   11.05
      Required ratio:    0.00 (Gate area) 
      Cumulative area ratio:   20.37
      Required ratio:    0.00 (Cumulative area) 
      Partial area ratio:   54.44
      Required ratio: 4336.52 (Side area) 
      Cumulative area ratio:  100.34
      Required ratio:    0.00 (Cumulative side area) 


  Pin:   _14533_/A1 (sky130_fd_sc_hd__mux2_1)
    Layer: mcon
      Partial area ratio:    0.23
      Required ratio:    3.00 (Gate area) 
      Cumulative area ratio:    0.23
      Required ratio:    0.00 (Cumulative area) 

    Layer: met1
      Partial area ratio:    1.87
      Required ratio:    0.00 (Gate area) 
      Cumulative area ratio:    1.87
      Required ratio:    0.00 (Cumulative area) 
      Partial area ratio:    8.75
      Required ratio:  400.00 (Side area) 
      Cumulative area ratio:    8.75
      Required ratio:    0.00 (Cumulative side area) 

    Layer: via
      Partial area ratio:    0.18
      Required ratio:    6.00 (Gate area) 
      Cumulative area ratio:    0.41
      Required ratio:    0.00 (Cumulative area) 

    Layer: met2
      Partial area ratio:   11.05
      Required ratio:    0.00 (Gate area) 
      Cumulative area ratio:   12.92
      Required ratio:    0.00 (Cumulative area) 
      Partial area ratio:   54.44
      Required ratio: 4336.52 (Side area) 
      Cumulative area ratio:   63.19
      Required ratio:    0.00 (Cumulative side area) 


  Pin:   _14542_/A1 (sky130_fd_sc_hd__mux2_1)
    Layer: mcon
      Partial area ratio:    0.23
      Required ratio:    3.00 (Gate area) 
      Cumulative area ratio:    0.23
      Required ratio:    0.00 (Cumulative area) 

    Layer: met1
      Partial area ratio:   12.23
      Required ratio:    0.00 (Gate area) 
      Cumulative area ratio:   12.23
      Required ratio:    0.00 (Cumulative area) 
      Partial area ratio:   60.56
      Required ratio:  400.00 (Side area) 
      Cumulative area ratio:   60.56
      Required ratio:    0.00 (Cumulative side area) 

    Layer: via
      Partial area ratio:    0.09
      Required ratio:    6.00 (Gate area) 
      Cumulative area ratio:    0.32
      Required ratio:    0.00 (Cumulative area) 

    Layer: met2
      Partial area ratio:   11.05
      Required ratio:    0.00 (Gate area) 
      Cumulative area ratio:   23.27
      Required ratio:    0.00 (Cumulative area) 
      Partial area ratio:   54.44
      Required ratio: 4336.52 (Side area) 
      Cumulative area ratio:  114.99
      Required ratio:    0.00 (Cumulative side area) 


  Pin:   _14551_/A1 (sky130_fd_sc_hd__mux2_1)
    Layer: mcon
      Partial area ratio:    0.23
      Required ratio:    3.00 (Gate area) 
      Cumulative area ratio:    0.23
      Required ratio:    0.00 (Cumulative area) 

    Layer: met1
      Partial area ratio:   12.23
      Required ratio:    0.00 (Gate area) 
      Cumulative area ratio:   12.23
      Required ratio:    0.00 (Cumulative area) 
      Partial area ratio:   60.56
      Required ratio:  400.00 (Side area) 
      Cumulative area ratio:   60.56
      Required ratio:    0.00 (Cumulative side area) 

    Layer: via
      Partial area ratio:    0.09
      Required ratio:    6.00 (Gate area) 
      Cumulative area ratio:    0.32
      Required ratio:    0.00 (Cumulative area) 

    Layer: met2
      Partial area ratio:   11.05
      Required ratio:    0.00 (Gate area) 
      Cumulative area ratio:   23.27
      Required ratio:    0.00 (Cumulative area) 
      Partial area ratio:   54.44
      Required ratio: 4336.52 (Side area) 
      Cumulative area ratio:  114.99
      Required ratio:    0.00 (Cumulative side area) 


  Pin:   _14560_/A1 (sky130_fd_sc_hd__mux2_1)
    Layer: mcon
      Partial area ratio:    0.23
      Required ratio:    3.00 (Gate area) 
      Cumulative area ratio:    0.23
      Required ratio:    0.00 (Cumulative area) 

    Layer: met1
      Partial area ratio:   23.05
      Required ratio:    0.00 (Gate area) 
      Cumulative area ratio:   23.05
      Required ratio:    0.00 (Cumulative area) 
      Partial area ratio:  113.78
      Required ratio:  400.00 (Side area) 
      Cumulative area ratio:  113.78
      Required ratio:    0.00 (Cumulative side area) 

    Layer: via
      Partial area ratio:    0.36
      Required ratio:    6.00 (Gate area) 
      Cumulative area ratio:    0.59
      Required ratio:    0.00 (Cumulative area) 

    Layer: met2
      Partial area ratio:   11.05
      Required ratio:    0.00 (Gate area) 
      Cumulative area ratio:   34.10
      Required ratio:    0.00 (Cumulative area) 
      Partial area ratio:   54.44
      Required ratio: 4336.52 (Side area) 
      Cumulative area ratio:  168.21
      Required ratio:    0.00 (Cumulative side area) 


  Pin:   _14569_/A0 (sky130_fd_sc_hd__mux2_1)
    Layer: li1
      Partial area ratio:    0.01
      Required ratio:    0.00 (Gate area) 
      Cumulative area ratio:    0.01
      Required ratio:    0.00 (Cumulative area) 
      Partial area ratio:    0.28
      Required ratio:   75.00 (Side area) 
      Cumulative area ratio:    0.28
      Required ratio:    0.00 (Cumulative side area) 

    Layer: mcon
      Partial area ratio:    0.23
      Required ratio:    3.00 (Gate area) 
      Cumulative area ratio:    0.23
      Required ratio:    0.00 (Cumulative area) 

    Layer: met1
      Partial area ratio:    1.36
      Required ratio:    0.00 (Gate area) 
      Cumulative area ratio:    1.37
      Required ratio:    0.00 (Cumulative area) 
      Partial area ratio:    6.19
      Required ratio:  400.00 (Side area) 
      Cumulative area ratio:    6.47
      Required ratio:    0.00 (Cumulative side area) 

    Layer: via
      Partial area ratio:    0.18
      Required ratio:    6.00 (Gate area) 
      Cumulative area ratio:    0.41
      Required ratio:    0.00 (Cumulative area) 

    Layer: met2
      Partial area ratio:   11.05
      Required ratio:    0.00 (Gate area) 
      Cumulative area ratio:   12.42
      Required ratio:    0.00 (Cumulative area) 
      Partial area ratio:   54.44
      Required ratio: 4336.52 (Side area) 
      Cumulative area ratio:   60.91
      Required ratio:    0.00 (Cumulative side area) 


  Pin:   _14580_/A0 (sky130_fd_sc_hd__mux2_1)
    Layer: li1
      Partial area ratio:    0.01
      Required ratio:    0.00 (Gate area) 
      Cumulative area ratio:    0.01
      Required ratio:    0.00 (Cumulative area) 
      Partial area ratio:    0.28
      Required ratio:   75.00 (Side area) 
      Cumulative area ratio:    0.28
      Required ratio:    0.00 (Cumulative side area) 

    Layer: mcon
      Partial area ratio:    0.23
      Required ratio:    3.00 (Gate area) 
      Cumulative area ratio:    0.23
      Required ratio:    0.00 (Cumulative area) 

    Layer: met1
      Partial area ratio:   12.39
      Required ratio:    0.00 (Gate area) 
      Cumulative area ratio:   12.39
      Required ratio:    0.00 (Cumulative area) 
      Partial area ratio:   60.93
      Required ratio:  400.00 (Side area) 
      Cumulative area ratio:   61.21
      Required ratio:    0.00 (Cumulative side area) 

    Layer: via
      Partial area ratio:    0.18
      Required ratio:    6.00 (Gate area) 
      Cumulative area ratio:    0.41
      Required ratio:    0.00 (Cumulative area) 

    Layer: met2
      Partial area ratio:   11.05
      Required ratio:    0.00 (Gate area) 
      Cumulative area ratio:   23.44
      Required ratio:    0.00 (Cumulative area) 
      Partial area ratio:   54.44
      Required ratio: 4336.52 (Side area) 
      Cumulative area ratio:  115.64
      Required ratio:    0.00 (Cumulative side area) 


  Pin:   _14589_/A0 (sky130_fd_sc_hd__mux2_1)
    Layer: li1
      Partial area ratio:    0.01
      Required ratio:    0.00 (Gate area) 
      Cumulative area ratio:    0.01
      Required ratio:    0.00 (Cumulative area) 
      Partial area ratio:    0.28
      Required ratio:   75.00 (Side area) 
      Cumulative area ratio:    0.28
      Required ratio:    0.00 (Cumulative side area) 

    Layer: mcon
      Partial area ratio:    0.23
      Required ratio:    3.00 (Gate area) 
      Cumulative area ratio:    0.23
      Required ratio:    0.00 (Cumulative area) 

    Layer: met1
      Partial area ratio:   12.39
      Required ratio:    0.00 (Gate area) 
      Cumulative area ratio:   12.39
      Required ratio:    0.00 (Cumulative area) 
      Partial area ratio:   60.93
      Required ratio:  400.00 (Side area) 
      Cumulative area ratio:   61.21
      Required ratio:    0.00 (Cumulative side area) 

    Layer: via
      Partial area ratio:    0.18
      Required ratio:    6.00 (Gate area) 
      Cumulative area ratio:    0.41
      Required ratio:    0.00 (Cumulative area) 

    Layer: met2
      Partial area ratio:   11.05
      Required ratio:    0.00 (Gate area) 
      Cumulative area ratio:   23.44
      Required ratio:    0.00 (Cumulative area) 
      Partial area ratio:   54.44
      Required ratio: 4336.52 (Side area) 
      Cumulative area ratio:  115.64
      Required ratio:    0.00 (Cumulative side area) 


  Pin:   _14598_/A0 (sky130_fd_sc_hd__mux2_1)
    Layer: li1
      Partial area ratio:    0.01
      Required ratio:    0.00 (Gate area) 
      Cumulative area ratio:    0.01
      Required ratio:    0.00 (Cumulative area) 
      Partial area ratio:    0.28
      Required ratio:   75.00 (Side area) 
      Cumulative area ratio:    0.28
      Required ratio:    0.00 (Cumulative side area) 

    Layer: mcon
      Partial area ratio:    0.23
      Required ratio:    3.00 (Gate area) 
      Cumulative area ratio:    0.23
      Required ratio:    0.00 (Cumulative area) 

    Layer: met1
      Partial area ratio:    0.66
      Required ratio:    0.00 (Gate area) 
      Cumulative area ratio:    0.67
      Required ratio:    0.00 (Cumulative area) 
      Partial area ratio:    3.22
      Required ratio:  400.00 (Side area) 
      Cumulative area ratio:    3.50
      Required ratio:    0.00 (Cumulative side area) 

    Layer: via
      Partial area ratio:    0.18
      Required ratio:    6.00 (Gate area) 
      Cumulative area ratio:    0.41
      Required ratio:    0.00 (Cumulative area) 

    Layer: met2
      Partial area ratio:   11.05
      Required ratio:    0.00 (Gate area) 
      Cumulative area ratio:   11.71
      Required ratio:    0.00 (Cumulative area) 
      Partial area ratio:   54.44
      Required ratio: 4336.52 (Side area) 
      Cumulative area ratio:   57.94
      Required ratio:    0.00 (Cumulative side area) 


  Pin:   _14607_/A0 (sky130_fd_sc_hd__mux2_1)
    Layer: li1
      Partial area ratio:    0.01
      Required ratio:    0.00 (Gate area) 
      Cumulative area ratio:    0.01
      Required ratio:    0.00 (Cumulative area) 
      Partial area ratio:    0.28
      Required ratio:   75.00 (Side area) 
      Cumulative area ratio:    0.28
      Required ratio:    0.00 (Cumulative side area) 

    Layer: mcon
      Partial area ratio:    0.23
      Required ratio:    3.00 (Gate area) 
      Cumulative area ratio:    0.23
      Required ratio:    0.00 (Cumulative area) 

    Layer: met1
      Partial area ratio:    1.87
      Required ratio:    0.00 (Gate area) 
      Cumulative area ratio:    1.88
      Required ratio:    0.00 (Cumulative area) 
      Partial area ratio:    8.75
      Required ratio:  400.00 (Side area) 
      Cumulative area ratio:    9.03
      Required ratio:    0.00 (Cumulative side area) 

    Layer: via
      Partial area ratio:    0.18
      Required ratio:    6.00 (Gate area) 
      Cumulative area ratio:    0.41
      Required ratio:    0.00 (Cumulative area) 

    Layer: met2
      Partial area ratio:   11.05
      Required ratio:    0.00 (Gate area) 
      Cumulative area ratio:   12.93
      Required ratio:    0.00 (Cumulative area) 
      Partial area ratio:   54.44
      Required ratio: 4336.52 (Side area) 
      Cumulative area ratio:   63.46
      Required ratio:    0.00 (Cumulative side area) 


  Pin:   _14616_/A0 (sky130_fd_sc_hd__mux2_1)
    Layer: li1
      Partial area ratio:    0.01
      Required ratio:    0.00 (Gate area) 
      Cumulative area ratio:    0.01
      Required ratio:    0.00 (Cumulative area) 
      Partial area ratio:    0.28
      Required ratio:   75.00 (Side area) 
      Cumulative area ratio:    0.28
      Required ratio:    0.00 (Cumulative side area) 

    Layer: mcon
      Partial area ratio:    0.23
      Required ratio:    3.00 (Gate area) 
      Cumulative area ratio:    0.23
      Required ratio:    0.00 (Cumulative area) 

    Layer: met1
      Partial area ratio:   17.83
      Required ratio:    0.00 (Gate area) 
      Cumulative area ratio:   17.84
      Required ratio:    0.00 (Cumulative area) 
      Partial area ratio:   86.83
      Required ratio:  400.00 (Side area) 
      Cumulative area ratio:   87.11
      Required ratio:    0.00 (Cumulative side area) 

    Layer: via
      Partial area ratio:    0.54
      Required ratio:    6.00 (Gate area) 
      Cumulative area ratio:    0.77
      Required ratio:    0.00 (Cumulative area) 

    Layer: met2
      Partial area ratio:   11.05
      Required ratio:    0.00 (Gate area) 
      Cumulative area ratio:   28.89
      Required ratio:    0.00 (Cumulative area) 
      Partial area ratio:   54.44
      Required ratio: 4336.52 (Side area) 
      Cumulative area ratio:  141.55
      Required ratio:    0.00 (Cumulative side area) 


  Pin:   _14625_/A0 (sky130_fd_sc_hd__mux2_1)
    Layer: li1
      Partial area ratio:    0.01
      Required ratio:    0.00 (Gate area) 
      Cumulative area ratio:    0.01
      Required ratio:    0.00 (Cumulative area) 
      Partial area ratio:    0.28
      Required ratio:   75.00 (Side area) 
      Cumulative area ratio:    0.28
      Required ratio:    0.00 (Cumulative side area) 

    Layer: mcon
      Partial area ratio:    0.23
      Required ratio:    3.00 (Gate area) 
      Cumulative area ratio:    0.23
      Required ratio:    0.00 (Cumulative area) 

    Layer: met1
      Partial area ratio:    0.66
      Required ratio:    0.00 (Gate area) 
      Cumulative area ratio:    0.67
      Required ratio:    0.00 (Cumulative area) 
      Partial area ratio:    3.22
      Required ratio:  400.00 (Side area) 
      Cumulative area ratio:    3.50
      Required ratio:    0.00 (Cumulative side area) 

    Layer: via
      Partial area ratio:    0.18
      Required ratio:    6.00 (Gate area) 
      Cumulative area ratio:    0.41
      Required ratio:    0.00 (Cumulative area) 

    Layer: met2
      Partial area ratio:   11.05
      Required ratio:    0.00 (Gate area) 
      Cumulative area ratio:   11.71
      Required ratio:    0.00 (Cumulative area) 
      Partial area ratio:   54.44
      Required ratio: 4336.52 (Side area) 
      Cumulative area ratio:   57.94
      Required ratio:    0.00 (Cumulative side area) 


  Pin:   _14634_/A0 (sky130_fd_sc_hd__mux2_1)
    Layer: li1
      Partial area ratio:    0.01
      Required ratio:    0.00 (Gate area) 
      Cumulative area ratio:    0.01
      Required ratio:    0.00 (Cumulative area) 
      Partial area ratio:    0.28
      Required ratio:   75.00 (Side area) 
      Cumulative area ratio:    0.28
      Required ratio:    0.00 (Cumulative side area) 

    Layer: mcon
      Partial area ratio:    0.23
      Required ratio:    3.00 (Gate area) 
      Cumulative area ratio:    0.23
      Required ratio:    0.00 (Cumulative area) 

    Layer: met1
      Partial area ratio:    7.87
      Required ratio:    0.00 (Gate area) 
      Cumulative area ratio:    7.88
      Required ratio:    0.00 (Cumulative area) 
      Partial area ratio:   38.75
      Required ratio:  400.00 (Side area) 
      Cumulative area ratio:   39.03
      Required ratio:    0.00 (Cumulative side area) 

    Layer: via
      Partial area ratio:    0.18
      Required ratio:    6.00 (Gate area) 
      Cumulative area ratio:    0.41
      Required ratio:    0.00 (Cumulative area) 

    Layer: met2
      Partial area ratio:   11.05
      Required ratio:    0.00 (Gate area) 
      Cumulative area ratio:   18.93
      Required ratio:    0.00 (Cumulative area) 
      Partial area ratio:   54.44
      Required ratio: 4336.52 (Side area) 
      Cumulative area ratio:   93.46
      Required ratio:    0.00 (Cumulative side area) 


  Pin:   _14643_/A0 (sky130_fd_sc_hd__mux2_1)
    Layer: li1
      Partial area ratio:    0.01
      Required ratio:    0.00 (Gate area) 
      Cumulative area ratio:    0.01
      Required ratio:    0.00 (Cumulative area) 
      Partial area ratio:    0.56
      Required ratio:   75.00 (Side area) 
      Cumulative area ratio:    0.56
      Required ratio:    0.00 (Cumulative side area) 

    Layer: mcon
      Partial area ratio:    0.46
      Required ratio:    3.00 (Gate area) 
      Cumulative area ratio:    0.46
      Required ratio:    0.00 (Cumulative area) 

    Layer: met1
      Partial area ratio:    3.46
      Required ratio:    0.00 (Gate area) 
      Cumulative area ratio:    3.47
      Required ratio:    0.00 (Cumulative area) 
      Partial area ratio:   16.58
      Required ratio:  400.00 (Side area) 
      Cumulative area ratio:   17.14
      Required ratio:    0.00 (Cumulative side area) 

    Layer: via
      Partial area ratio:    0.36
      Required ratio:    6.00 (Gate area) 
      Cumulative area ratio:    0.82
      Required ratio:    0.00 (Cumulative area) 

    Layer: met2
      Partial area ratio:   11.05
      Required ratio:    0.00 (Gate area) 
      Cumulative area ratio:   14.52
      Required ratio:    0.00 (Cumulative area) 
      Partial area ratio:   54.44
      Required ratio: 4336.52 (Side area) 
      Cumulative area ratio:   71.58
      Required ratio:    0.00 (Cumulative side area) 


  Pin:   _14652_/A0 (sky130_fd_sc_hd__mux2_1)
    Layer: li1
      Partial area ratio:    0.01
      Required ratio:    0.00 (Gate area) 
      Cumulative area ratio:    0.01
      Required ratio:    0.00 (Cumulative area) 
      Partial area ratio:    0.28
      Required ratio:   75.00 (Side area) 
      Cumulative area ratio:    0.28
      Required ratio:    0.00 (Cumulative side area) 

    Layer: mcon
      Partial area ratio:    0.23
      Required ratio:    3.00 (Gate area) 
      Cumulative area ratio:    0.23
      Required ratio:    0.00 (Cumulative area) 

    Layer: met1
      Partial area ratio:    4.94
      Required ratio:    0.00 (Gate area) 
      Cumulative area ratio:    4.95
      Required ratio:    0.00 (Cumulative area) 
      Partial area ratio:   24.08
      Required ratio:  400.00 (Side area) 
      Cumulative area ratio:   24.36
      Required ratio:    0.00 (Cumulative side area) 

    Layer: via
      Partial area ratio:    0.18
      Required ratio:    6.00 (Gate area) 
      Cumulative area ratio:    0.41
      Required ratio:    0.00 (Cumulative area) 

    Layer: met2
      Partial area ratio:   11.05
      Required ratio:    0.00 (Gate area) 
      Cumulative area ratio:   15.99
      Required ratio:    0.00 (Cumulative area) 
      Partial area ratio:   54.44
      Required ratio: 4336.52 (Side area) 
      Cumulative area ratio:   78.80
      Required ratio:    0.00 (Cumulative side area) 


  Pin:   _14661_/A0 (sky130_fd_sc_hd__mux2_1)
    Layer: li1
      Partial area ratio:    0.01
      Required ratio:    0.00 (Gate area) 
      Cumulative area ratio:    0.01
      Required ratio:    0.00 (Cumulative area) 
      Partial area ratio:    0.28
      Required ratio:   75.00 (Side area) 
      Cumulative area ratio:    0.28
      Required ratio:    0.00 (Cumulative side area) 

    Layer: mcon
      Partial area ratio:    0.23
      Required ratio:    3.00 (Gate area) 
      Cumulative area ratio:    0.23
      Required ratio:    0.00 (Cumulative area) 

    Layer: met1
      Partial area ratio:    3.92
      Required ratio:    0.00 (Gate area) 
      Cumulative area ratio:    3.92
      Required ratio:    0.00 (Cumulative area) 
      Partial area ratio:   18.97
      Required ratio:  400.00 (Side area) 
      Cumulative area ratio:   19.25
      Required ratio:    0.00 (Cumulative side area) 

    Layer: via
      Partial area ratio:    0.18
      Required ratio:    6.00 (Gate area) 
      Cumulative area ratio:    0.41
      Required ratio:    0.00 (Cumulative area) 

    Layer: met2
      Partial area ratio:   11.05
      Required ratio:    0.00 (Gate area) 
      Cumulative area ratio:   14.97
      Required ratio:    0.00 (Cumulative area) 
      Partial area ratio:   54.44
      Required ratio: 4336.52 (Side area) 
      Cumulative area ratio:   73.69
      Required ratio:    0.00 (Cumulative side area) 


  Pin:   _14671_/A0 (sky130_fd_sc_hd__mux2_1)
    Layer: li1
      Partial area ratio:    0.01
      Required ratio:    0.00 (Gate area) 
      Cumulative area ratio:    0.01
      Required ratio:    0.00 (Cumulative area) 
      Partial area ratio:    0.28
      Required ratio:   75.00 (Side area) 
      Cumulative area ratio:    0.28
      Required ratio:    0.00 (Cumulative side area) 

    Layer: mcon
      Partial area ratio:    0.23
      Required ratio:    3.00 (Gate area) 
      Cumulative area ratio:    0.23
      Required ratio:    0.00 (Cumulative area) 

    Layer: met1
      Partial area ratio:    9.02
      Required ratio:    0.00 (Gate area) 
      Cumulative area ratio:    9.03
      Required ratio:    0.00 (Cumulative area) 
      Partial area ratio:   44.36
      Required ratio:  400.00 (Side area) 
      Cumulative area ratio:   44.64
      Required ratio:    0.00 (Cumulative side area) 

    Layer: via
      Partial area ratio:    0.18
      Required ratio:    6.00 (Gate area) 
      Cumulative area ratio:    0.41
      Required ratio:    0.00 (Cumulative area) 

    Layer: met2
      Partial area ratio:   11.05
      Required ratio:    0.00 (Gate area) 
      Cumulative area ratio:   20.07
      Required ratio:    0.00 (Cumulative area) 
      Partial area ratio:   54.44
      Required ratio: 4336.52 (Side area) 
      Cumulative area ratio:   99.08
      Required ratio:    0.00 (Cumulative side area) 


  Pin:   _14680_/A0 (sky130_fd_sc_hd__mux2_1)
    Layer: li1
      Partial area ratio:    0.01
      Required ratio:    0.00 (Gate area) 
      Cumulative area ratio:    0.01
      Required ratio:    0.00 (Cumulative area) 
      Partial area ratio:    0.28
      Required ratio:   75.00 (Side area) 
      Cumulative area ratio:    0.28
      Required ratio:    0.00 (Cumulative side area) 

    Layer: mcon
      Partial area ratio:    0.23
      Required ratio:    3.00 (Gate area) 
      Cumulative area ratio:    0.23
      Required ratio:    0.00 (Cumulative area) 

    Layer: met1
      Partial area ratio:   15.61
      Required ratio:    0.00 (Gate area) 
      Cumulative area ratio:   15.62
      Required ratio:    0.00 (Cumulative area) 
      Partial area ratio:   77.19
      Required ratio:  400.00 (Side area) 
      Cumulative area ratio:   77.47
      Required ratio:    0.00 (Cumulative side area) 

    Layer: via
      Partial area ratio:    0.12
      Required ratio:    6.00 (Gate area) 
      Cumulative area ratio:    0.35
      Required ratio:    0.00 (Cumulative area) 

    Layer: met2
      Partial area ratio:   11.05
      Required ratio:    0.00 (Gate area) 
      Cumulative area ratio:   26.66
      Required ratio:    0.00 (Cumulative area) 
      Partial area ratio:   54.44
      Required ratio: 4336.52 (Side area) 
      Cumulative area ratio:  131.91
      Required ratio:    0.00 (Cumulative side area) 


  Pin:   _14689_/A1 (sky130_fd_sc_hd__mux2_1)
    Layer: mcon
      Partial area ratio:    0.23
      Required ratio:    3.00 (Gate area) 
      Cumulative area ratio:    0.23
      Required ratio:    0.00 (Cumulative area) 

    Layer: met1
      Partial area ratio:   15.61
      Required ratio:    0.00 (Gate area) 
      Cumulative area ratio:   15.61
      Required ratio:    0.00 (Cumulative area) 
      Partial area ratio:   77.19
      Required ratio:  400.00 (Side area) 
      Cumulative area ratio:   77.19
      Required ratio:    0.00 (Cumulative side area) 

    Layer: via
      Partial area ratio:    0.12
      Required ratio:    6.00 (Gate area) 
      Cumulative area ratio:    0.35
      Required ratio:    0.00 (Cumulative area) 

    Layer: met2
      Partial area ratio:   11.05
      Required ratio:    0.00 (Gate area) 
      Cumulative area ratio:   26.66
      Required ratio:    0.00 (Cumulative area) 
      Partial area ratio:   54.44
      Required ratio: 4336.52 (Side area) 
      Cumulative area ratio:  131.63
      Required ratio:    0.00 (Cumulative side area) 


  Pin:   _14698_/A0 (sky130_fd_sc_hd__mux2_1)
    Layer: li1
      Partial area ratio:    0.01
      Required ratio:    0.00 (Gate area) 
      Cumulative area ratio:    0.01
      Required ratio:    0.00 (Cumulative area) 
      Partial area ratio:    0.28
      Required ratio:   75.00 (Side area) 
      Cumulative area ratio:    0.28
      Required ratio:    0.00 (Cumulative side area) 

    Layer: mcon
      Partial area ratio:    0.23
      Required ratio:    3.00 (Gate area) 
      Cumulative area ratio:    0.23
      Required ratio:    0.00 (Cumulative area) 

    Layer: met1
      Partial area ratio:   10.74
      Required ratio:    0.00 (Gate area) 
      Cumulative area ratio:   10.75
      Required ratio:    0.00 (Cumulative area) 
      Partial area ratio:   52.28
      Required ratio:  400.00 (Side area) 
      Cumulative area ratio:   52.56
      Required ratio:    0.00 (Cumulative side area) 

    Layer: via
      Partial area ratio:    0.27
      Required ratio:    6.00 (Gate area) 
      Cumulative area ratio:    0.50
      Required ratio:    0.00 (Cumulative area) 

    Layer: met2
      Partial area ratio:   11.05
      Required ratio:    0.00 (Gate area) 
      Cumulative area ratio:   21.80
      Required ratio:    0.00 (Cumulative area) 
      Partial area ratio:   54.44
      Required ratio: 4336.52 (Side area) 
      Cumulative area ratio:  106.99
      Required ratio:    0.00 (Cumulative side area) 


  Pin:   _14707_/A0 (sky130_fd_sc_hd__mux2_1)
    Layer: li1
      Partial area ratio:    0.01
      Required ratio:    0.00 (Gate area) 
      Cumulative area ratio:    0.01
      Required ratio:    0.00 (Cumulative area) 
      Partial area ratio:    0.28
      Required ratio:   75.00 (Side area) 
      Cumulative area ratio:    0.28
      Required ratio:    0.00 (Cumulative side area) 

    Layer: mcon
      Partial area ratio:    0.23
      Required ratio:    3.00 (Gate area) 
      Cumulative area ratio:    0.23
      Required ratio:    0.00 (Cumulative area) 

    Layer: met1
      Partial area ratio:    5.96
      Required ratio:    0.00 (Gate area) 
      Cumulative area ratio:    5.97
      Required ratio:    0.00 (Cumulative area) 
      Partial area ratio:   29.19
      Required ratio:  400.00 (Side area) 
      Cumulative area ratio:   29.47
      Required ratio:    0.00 (Cumulative side area) 

    Layer: via
      Partial area ratio:    0.18
      Required ratio:    6.00 (Gate area) 
      Cumulative area ratio:    0.41
      Required ratio:    0.00 (Cumulative area) 

    Layer: met2
      Partial area ratio:   11.05
      Required ratio:    0.00 (Gate area) 
      Cumulative area ratio:   17.02
      Required ratio:    0.00 (Cumulative area) 
      Partial area ratio:   54.44
      Required ratio: 4336.52 (Side area) 
      Cumulative area ratio:   83.91
      Required ratio:    0.00 (Cumulative side area) 


  Pin:   _14716_/A0 (sky130_fd_sc_hd__mux2_1)
    Layer: li1
      Partial area ratio:    0.01
      Required ratio:    0.00 (Gate area) 
      Cumulative area ratio:    0.01
      Required ratio:    0.00 (Cumulative area) 
      Partial area ratio:    0.28
      Required ratio:   75.00 (Side area) 
      Cumulative area ratio:    0.28
      Required ratio:    0.00 (Cumulative side area) 

    Layer: mcon
      Partial area ratio:    0.23
      Required ratio:    3.00 (Gate area) 
      Cumulative area ratio:    0.23
      Required ratio:    0.00 (Cumulative area) 

    Layer: met1
      Partial area ratio:    1.36
      Required ratio:    0.00 (Gate area) 
      Cumulative area ratio:    1.37
      Required ratio:    0.00 (Cumulative area) 
      Partial area ratio:    6.19
      Required ratio:  400.00 (Side area) 
      Cumulative area ratio:    6.47
      Required ratio:    0.00 (Cumulative side area) 

    Layer: via
      Partial area ratio:    0.18
      Required ratio:    6.00 (Gate area) 
      Cumulative area ratio:    0.41
      Required ratio:    0.00 (Cumulative area) 

    Layer: met2
      Partial area ratio:   11.05
      Required ratio:    0.00 (Gate area) 
      Cumulative area ratio:   12.42
      Required ratio:    0.00 (Cumulative area) 
      Partial area ratio:   54.44
      Required ratio: 4336.52 (Side area) 
      Cumulative area ratio:   60.91
      Required ratio:    0.00 (Cumulative side area) 


  Pin:   _14725_/A0 (sky130_fd_sc_hd__mux2_1)
    Layer: li1
      Partial area ratio:    0.01
      Required ratio:    0.00 (Gate area) 
      Cumulative area ratio:    0.01
      Required ratio:    0.00 (Cumulative area) 
      Partial area ratio:    0.28
      Required ratio:   75.00 (Side area) 
      Cumulative area ratio:    0.28
      Required ratio:    0.00 (Cumulative side area) 

    Layer: mcon
      Partial area ratio:    0.23
      Required ratio:    3.00 (Gate area) 
      Cumulative area ratio:    0.23
      Required ratio:    0.00 (Cumulative area) 

    Layer: met1
      Partial area ratio:   10.74
      Required ratio:    0.00 (Gate area) 
      Cumulative area ratio:   10.75
      Required ratio:    0.00 (Cumulative area) 
      Partial area ratio:   52.28
      Required ratio:  400.00 (Side area) 
      Cumulative area ratio:   52.56
      Required ratio:    0.00 (Cumulative side area) 

    Layer: via
      Partial area ratio:    0.27
      Required ratio:    6.00 (Gate area) 
      Cumulative area ratio:    0.50
      Required ratio:    0.00 (Cumulative area) 

    Layer: met2
      Partial area ratio:   11.05
      Required ratio:    0.00 (Gate area) 
      Cumulative area ratio:   21.80
      Required ratio:    0.00 (Cumulative area) 
      Partial area ratio:   54.44
      Required ratio: 4336.52 (Side area) 
      Cumulative area ratio:  106.99
      Required ratio:    0.00 (Cumulative side area) 


  Pin:   _14736_/A0 (sky130_fd_sc_hd__mux2_1)
    Layer: li1
      Partial area ratio:    0.01
      Required ratio:    0.00 (Gate area) 
      Cumulative area ratio:    0.01
      Required ratio:    0.00 (Cumulative area) 
      Partial area ratio:    0.28
      Required ratio:   75.00 (Side area) 
      Cumulative area ratio:    0.28
      Required ratio:    0.00 (Cumulative side area) 

    Layer: mcon
      Partial area ratio:    0.23
      Required ratio:    3.00 (Gate area) 
      Cumulative area ratio:    0.23
      Required ratio:    0.00 (Cumulative area) 

    Layer: met1
      Partial area ratio:   32.30
      Required ratio:    0.00 (Gate area) 
      Cumulative area ratio:   32.31
      Required ratio:    0.00 (Cumulative area) 
      Partial area ratio:  160.26
      Required ratio:  400.00 (Side area) 
      Cumulative area ratio:  160.54
      Required ratio:    0.00 (Cumulative side area) 

    Layer: via
      Partial area ratio:    0.24
      Required ratio:    6.00 (Gate area) 
      Cumulative area ratio:    0.47
      Required ratio:    0.00 (Cumulative area) 

    Layer: met2
      Partial area ratio:   11.05
      Required ratio:    0.00 (Gate area) 
      Cumulative area ratio:   43.35
      Required ratio:    0.00 (Cumulative area) 
      Partial area ratio:   54.44
      Required ratio: 4336.52 (Side area) 
      Cumulative area ratio:  214.97
      Required ratio:    0.00 (Cumulative side area) 


  Pin:   _14745_/A0 (sky130_fd_sc_hd__mux2_1)
    Layer: li1
      Partial area ratio:    0.01
      Required ratio:    0.00 (Gate area) 
      Cumulative area ratio:    0.01
      Required ratio:    0.00 (Cumulative area) 
      Partial area ratio:    0.28
      Required ratio:   75.00 (Side area) 
      Cumulative area ratio:    0.28
      Required ratio:    0.00 (Cumulative side area) 

    Layer: mcon
      Partial area ratio:    0.23
      Required ratio:    3.00 (Gate area) 
      Cumulative area ratio:    0.23
      Required ratio:    0.00 (Cumulative area) 

    Layer: met1
      Partial area ratio:    3.71
      Required ratio:    0.00 (Gate area) 
      Cumulative area ratio:    3.72
      Required ratio:    0.00 (Cumulative area) 
      Partial area ratio:   17.08
      Required ratio:  400.00 (Side area) 
      Cumulative area ratio:   17.36
      Required ratio:    0.00 (Cumulative side area) 

    Layer: via
      Partial area ratio:    0.36
      Required ratio:    6.00 (Gate area) 
      Cumulative area ratio:    0.59
      Required ratio:    0.00 (Cumulative area) 

    Layer: met2
      Partial area ratio:   11.05
      Required ratio:    0.00 (Gate area) 
      Cumulative area ratio:   14.77
      Required ratio:    0.00 (Cumulative area) 
      Partial area ratio:   54.44
      Required ratio: 4336.52 (Side area) 
      Cumulative area ratio:   71.80
      Required ratio:    0.00 (Cumulative side area) 


  Pin:   _14754_/A0 (sky130_fd_sc_hd__mux2_1)
    Layer: li1
      Partial area ratio:    0.01
      Required ratio:    0.00 (Gate area) 
      Cumulative area ratio:    0.01
      Required ratio:    0.00 (Cumulative area) 
      Partial area ratio:    0.28
      Required ratio:   75.00 (Side area) 
      Cumulative area ratio:    0.28
      Required ratio:    0.00 (Cumulative side area) 

    Layer: mcon
      Partial area ratio:    0.23
      Required ratio:    3.00 (Gate area) 
      Cumulative area ratio:    0.23
      Required ratio:    0.00 (Cumulative area) 

    Layer: met1
      Partial area ratio:    0.66
      Required ratio:    0.00 (Gate area) 
      Cumulative area ratio:    0.67
      Required ratio:    0.00 (Cumulative area) 
      Partial area ratio:    3.22
      Required ratio:  400.00 (Side area) 
      Cumulative area ratio:    3.50
      Required ratio:    0.00 (Cumulative side area) 

    Layer: via
      Partial area ratio:    0.18
      Required ratio:    6.00 (Gate area) 
      Cumulative area ratio:    0.41
      Required ratio:    0.00 (Cumulative area) 

    Layer: met2
      Partial area ratio:   11.05
      Required ratio:    0.00 (Gate area) 
      Cumulative area ratio:   11.71
      Required ratio:    0.00 (Cumulative area) 
      Partial area ratio:   54.44
      Required ratio: 4336.52 (Side area) 
      Cumulative area ratio:   57.94
      Required ratio:    0.00 (Cumulative side area) 


  Pin:   _14763_/A1 (sky130_fd_sc_hd__mux2_1)
    Layer: mcon
      Partial area ratio:    0.23
      Required ratio:    3.00 (Gate area) 
      Cumulative area ratio:    0.23
      Required ratio:    0.00 (Cumulative area) 

    Layer: met1
      Partial area ratio:    3.31
      Required ratio:    0.00 (Gate area) 
      Cumulative area ratio:    3.31
      Required ratio:    0.00 (Cumulative area) 
      Partial area ratio:   15.92
      Required ratio:  400.00 (Side area) 
      Cumulative area ratio:   15.92
      Required ratio:    0.00 (Cumulative side area) 

    Layer: via
      Partial area ratio:    0.18
      Required ratio:    6.00 (Gate area) 
      Cumulative area ratio:    0.41
      Required ratio:    0.00 (Cumulative area) 

    Layer: met2
      Partial area ratio:   11.05
      Required ratio:    0.00 (Gate area) 
      Cumulative area ratio:   14.35
      Required ratio:    0.00 (Cumulative area) 
      Partial area ratio:   54.44
      Required ratio: 4336.52 (Side area) 
      Cumulative area ratio:   70.35
      Required ratio:    0.00 (Cumulative side area) 


  Pin:   _14772_/A0 (sky130_fd_sc_hd__mux2_1)
    Layer: li1
      Partial area ratio:    0.01
      Required ratio:    0.00 (Gate area) 
      Cumulative area ratio:    0.01
      Required ratio:    0.00 (Cumulative area) 
      Partial area ratio:    0.28
      Required ratio:   75.00 (Side area) 
      Cumulative area ratio:    0.28
      Required ratio:    0.00 (Cumulative side area) 

    Layer: mcon
      Partial area ratio:    0.23
      Required ratio:    3.00 (Gate area) 
      Cumulative area ratio:    0.23
      Required ratio:    0.00 (Cumulative area) 

    Layer: met1
      Partial area ratio:   34.74
      Required ratio:    0.00 (Gate area) 
      Cumulative area ratio:   34.74
      Required ratio:    0.00 (Cumulative area) 
      Partial area ratio:  172.55
      Required ratio:  400.00 (Side area) 
      Cumulative area ratio:  172.82
      Required ratio:    0.00 (Cumulative side area) 

    Layer: via
      Partial area ratio:    0.18
      Required ratio:    6.00 (Gate area) 
      Cumulative area ratio:    0.41
      Required ratio:    0.00 (Cumulative area) 

    Layer: met2
      Partial area ratio:   11.05
      Required ratio:    0.00 (Gate area) 
      Cumulative area ratio:   45.79
      Required ratio:    0.00 (Cumulative area) 
      Partial area ratio:   54.44
      Required ratio: 4336.52 (Side area) 
      Cumulative area ratio:  227.26
      Required ratio:    0.00 (Cumulative side area) 


  Pin:   _14781_/A0 (sky130_fd_sc_hd__mux2_1)
    Layer: li1
      Partial area ratio:    0.01
      Required ratio:    0.00 (Gate area) 
      Cumulative area ratio:    0.01
      Required ratio:    0.00 (Cumulative area) 
      Partial area ratio:    0.28
      Required ratio:   75.00 (Side area) 
      Cumulative area ratio:    0.28
      Required ratio:    0.00 (Cumulative side area) 

    Layer: mcon
      Partial area ratio:    0.23
      Required ratio:    3.00 (Gate area) 
      Cumulative area ratio:    0.23
      Required ratio:    0.00 (Cumulative area) 

    Layer: met1
      Partial area ratio:    0.66
      Required ratio:    0.00 (Gate area) 
      Cumulative area ratio:    0.67
      Required ratio:    0.00 (Cumulative area) 
      Partial area ratio:    3.22
      Required ratio:  400.00 (Side area) 
      Cumulative area ratio:    3.50
      Required ratio:    0.00 (Cumulative side area) 

    Layer: via
      Partial area ratio:    0.18
      Required ratio:    6.00 (Gate area) 
      Cumulative area ratio:    0.41
      Required ratio:    0.00 (Cumulative area) 

    Layer: met2
      Partial area ratio:   11.05
      Required ratio:    0.00 (Gate area) 
      Cumulative area ratio:   11.71
      Required ratio:    0.00 (Cumulative area) 
      Partial area ratio:   54.44
      Required ratio: 4336.52 (Side area) 
      Cumulative area ratio:   57.94
      Required ratio:    0.00 (Cumulative side area) 


  Pin:   _14790_/A0 (sky130_fd_sc_hd__mux2_1)
    Layer: li1
      Partial area ratio:    0.01
      Required ratio:    0.00 (Gate area) 
      Cumulative area ratio:    0.01
      Required ratio:    0.00 (Cumulative area) 
      Partial area ratio:    0.28
      Required ratio:   75.00 (Side area) 
      Cumulative area ratio:    0.28
      Required ratio:    0.00 (Cumulative side area) 

    Layer: mcon
      Partial area ratio:    0.23
      Required ratio:    3.00 (Gate area) 
      Cumulative area ratio:    0.23
      Required ratio:    0.00 (Cumulative area) 

    Layer: met1
      Partial area ratio:    1.50
      Required ratio:    0.00 (Gate area) 
      Cumulative area ratio:    1.51
      Required ratio:    0.00 (Cumulative area) 
      Partial area ratio:    7.25
      Required ratio: 2773.88 (Side area) 
      Cumulative area ratio:    7.52
      Required ratio:    0.00 (Cumulative side area) 

    Layer: via
      Partial area ratio:    0.08
      Required ratio:   21.65 (Gate area) 
      Cumulative area ratio:    0.31
      Required ratio:    0.00 (Cumulative area) 

    Layer: met2
      Partial area ratio:   11.05
      Required ratio:    0.00 (Gate area) 
      Cumulative area ratio:   12.56
      Required ratio:    0.00 (Cumulative area) 
      Partial area ratio:   54.44
      Required ratio: 4336.52 (Side area) 
      Cumulative area ratio:   61.96
      Required ratio:    0.00 (Cumulative side area) 


  Pin:   _14799_/A0 (sky130_fd_sc_hd__mux2_1)
    Layer: li1
      Partial area ratio:    0.01
      Required ratio:    0.00 (Gate area) 
      Cumulative area ratio:    0.01
      Required ratio:    0.00 (Cumulative area) 
      Partial area ratio:    0.28
      Required ratio:   75.00 (Side area) 
      Cumulative area ratio:    0.28
      Required ratio:    0.00 (Cumulative side area) 

    Layer: mcon
      Partial area ratio:    0.23
      Required ratio:    3.00 (Gate area) 
      Cumulative area ratio:    0.23
      Required ratio:    0.00 (Cumulative area) 

    Layer: met1
      Partial area ratio:   16.79
      Required ratio:    0.00 (Gate area) 
      Cumulative area ratio:   16.80
      Required ratio:    0.00 (Cumulative area) 
      Partial area ratio:   81.64
      Required ratio:  400.00 (Side area) 
      Cumulative area ratio:   81.92
      Required ratio:    0.00 (Cumulative side area) 

    Layer: via
      Partial area ratio:    0.54
      Required ratio:    6.00 (Gate area) 
      Cumulative area ratio:    0.77
      Required ratio:    0.00 (Cumulative area) 

    Layer: met2
      Partial area ratio:   11.05
      Required ratio:    0.00 (Gate area) 
      Cumulative area ratio:   27.85
      Required ratio:    0.00 (Cumulative area) 
      Partial area ratio:   54.44
      Required ratio: 4336.52 (Side area) 
      Cumulative area ratio:  136.35
      Required ratio:    0.00 (Cumulative side area) 


  Pin:   _14808_/A1 (sky130_fd_sc_hd__mux2_1)
    Layer: mcon
      Partial area ratio:    0.23
      Required ratio:    3.00 (Gate area) 
      Cumulative area ratio:    0.23
      Required ratio:    0.00 (Cumulative area) 

    Layer: met1
      Partial area ratio:    0.66
      Required ratio:    0.00 (Gate area) 
      Cumulative area ratio:    0.66
      Required ratio:    0.00 (Cumulative area) 
      Partial area ratio:    3.22
      Required ratio:  400.00 (Side area) 
      Cumulative area ratio:    3.22
      Required ratio:    0.00 (Cumulative side area) 

    Layer: via
      Partial area ratio:    0.18
      Required ratio:    6.00 (Gate area) 
      Cumulative area ratio:    0.41
      Required ratio:    0.00 (Cumulative area) 

    Layer: met2
      Partial area ratio:   11.05
      Required ratio:    0.00 (Gate area) 
      Cumulative area ratio:   11.71
      Required ratio:    0.00 (Cumulative area) 
      Partial area ratio:   54.44
      Required ratio: 4336.52 (Side area) 
      Cumulative area ratio:   57.66
      Required ratio:    0.00 (Cumulative side area) 


  Pin:   _14817_/A0 (sky130_fd_sc_hd__mux2_1)
    Layer: li1
      Partial area ratio:    0.01
      Required ratio:    0.00 (Gate area) 
      Cumulative area ratio:    0.01
      Required ratio:    0.00 (Cumulative area) 
      Partial area ratio:    0.56
      Required ratio:   75.00 (Side area) 
      Cumulative area ratio:    0.56
      Required ratio:    0.00 (Cumulative side area) 

    Layer: mcon
      Partial area ratio:    0.46
      Required ratio:    3.00 (Gate area) 
      Cumulative area ratio:    0.46
      Required ratio:    0.00 (Cumulative area) 

    Layer: met1
      Partial area ratio:    6.81
      Required ratio:    0.00 (Gate area) 
      Cumulative area ratio:    6.83
      Required ratio:    0.00 (Cumulative area) 
      Partial area ratio:   32.83
      Required ratio:  400.00 (Side area) 
      Cumulative area ratio:   33.39
      Required ratio:    0.00 (Cumulative side area) 

    Layer: via
      Partial area ratio:    0.36
      Required ratio:    6.00 (Gate area) 
      Cumulative area ratio:    0.82
      Required ratio:    0.00 (Cumulative area) 

    Layer: met2
      Partial area ratio:   11.05
      Required ratio:    0.00 (Gate area) 
      Cumulative area ratio:   17.87
      Required ratio:    0.00 (Cumulative area) 
      Partial area ratio:   54.44
      Required ratio: 4336.52 (Side area) 
      Cumulative area ratio:   87.83
      Required ratio:    0.00 (Cumulative side area) 


  Pin:   _14826_/A0 (sky130_fd_sc_hd__mux2_1)
    Layer: li1
      Partial area ratio:    0.01
      Required ratio:    0.00 (Gate area) 
      Cumulative area ratio:    0.01
      Required ratio:    0.00 (Cumulative area) 
      Partial area ratio:    0.28
      Required ratio:   75.00 (Side area) 
      Cumulative area ratio:    0.28
      Required ratio:    0.00 (Cumulative side area) 

    Layer: mcon
      Partial area ratio:    0.23
      Required ratio:    3.00 (Gate area) 
      Cumulative area ratio:    0.23
      Required ratio:    0.00 (Cumulative area) 

    Layer: met1
      Partial area ratio:   11.91
      Required ratio:    0.00 (Gate area) 
      Cumulative area ratio:   11.91
      Required ratio:    0.00 (Cumulative area) 
      Partial area ratio:   58.06
      Required ratio:  400.00 (Side area) 
      Cumulative area ratio:   58.33
      Required ratio:    0.00 (Cumulative side area) 

    Layer: via
      Partial area ratio:    0.36
      Required ratio:    6.00 (Gate area) 
      Cumulative area ratio:    0.59
      Required ratio:    0.00 (Cumulative area) 

    Layer: met2
      Partial area ratio:   11.05
      Required ratio:    0.00 (Gate area) 
      Cumulative area ratio:   22.96
      Required ratio:    0.00 (Cumulative area) 
      Partial area ratio:   54.44
      Required ratio: 4336.52 (Side area) 
      Cumulative area ratio:  112.77
      Required ratio:    0.00 (Cumulative side area) 


  Pin:   _14835_/A0 (sky130_fd_sc_hd__mux2_1)
    Layer: li1
      Partial area ratio:    0.01
      Required ratio:    0.00 (Gate area) 
      Cumulative area ratio:    0.01
      Required ratio:    0.00 (Cumulative area) 
      Partial area ratio:    0.28
      Required ratio:   75.00 (Side area) 
      Cumulative area ratio:    0.28
      Required ratio:    0.00 (Cumulative side area) 

    Layer: mcon
      Partial area ratio:    0.23
      Required ratio:    3.00 (Gate area) 
      Cumulative area ratio:    0.23
      Required ratio:    0.00 (Cumulative area) 

    Layer: met1
      Partial area ratio:    7.29
      Required ratio:    0.00 (Gate area) 
      Cumulative area ratio:    7.30
      Required ratio:    0.00 (Cumulative area) 
      Partial area ratio:   34.97
      Required ratio:  400.00 (Side area) 
      Cumulative area ratio:   35.25
      Required ratio:    0.00 (Cumulative side area) 

    Layer: via
      Partial area ratio:    0.36
      Required ratio:    6.00 (Gate area) 
      Cumulative area ratio:    0.59
      Required ratio:    0.00 (Cumulative area) 

    Layer: met2
      Partial area ratio:   11.05
      Required ratio:    0.00 (Gate area) 
      Cumulative area ratio:   18.34
      Required ratio:    0.00 (Cumulative area) 
      Partial area ratio:   54.44
      Required ratio: 4336.52 (Side area) 
      Cumulative area ratio:   89.69
      Required ratio:    0.00 (Cumulative side area) 


  Pin:   _14844_/A1 (sky130_fd_sc_hd__mux2_1)
    Layer: mcon
      Partial area ratio:    0.23
      Required ratio:    3.00 (Gate area) 
      Cumulative area ratio:    0.23
      Required ratio:    0.00 (Cumulative area) 

    Layer: met1
      Partial area ratio:    1.36
      Required ratio:    0.00 (Gate area) 
      Cumulative area ratio:    1.36
      Required ratio:    0.00 (Cumulative area) 
      Partial area ratio:    6.19
      Required ratio:  400.00 (Side area) 
      Cumulative area ratio:    6.19
      Required ratio:    0.00 (Cumulative side area) 

    Layer: via
      Partial area ratio:    0.18
      Required ratio:    6.00 (Gate area) 
      Cumulative area ratio:    0.41
      Required ratio:    0.00 (Cumulative area) 

    Layer: met2
      Partial area ratio:   11.05
      Required ratio:    0.00 (Gate area) 
      Cumulative area ratio:   12.41
      Required ratio:    0.00 (Cumulative area) 
      Partial area ratio:   54.44
      Required ratio: 4336.52 (Side area) 
      Cumulative area ratio:   60.63
      Required ratio:    0.00 (Cumulative side area) 


  Pin:   _14853_/A0 (sky130_fd_sc_hd__mux2_1)
    Layer: li1
      Partial area ratio:    0.01
      Required ratio:    0.00 (Gate area) 
      Cumulative area ratio:    0.01
      Required ratio:    0.00 (Cumulative area) 
      Partial area ratio:    0.28
      Required ratio:   75.00 (Side area) 
      Cumulative area ratio:    0.28
      Required ratio:    0.00 (Cumulative side area) 

    Layer: mcon
      Partial area ratio:    0.23
      Required ratio:    3.00 (Gate area) 
      Cumulative area ratio:    0.23
      Required ratio:    0.00 (Cumulative area) 

    Layer: met1
      Partial area ratio:   16.49
      Required ratio:    0.00 (Gate area) 
      Cumulative area ratio:   16.50
      Required ratio:    0.00 (Cumulative area) 
      Partial area ratio:   80.97
      Required ratio:  400.00 (Side area) 
      Cumulative area ratio:   81.25
      Required ratio:    0.00 (Cumulative side area) 

    Layer: via
      Partial area ratio:    0.36
      Required ratio:    6.00 (Gate area) 
      Cumulative area ratio:    0.59
      Required ratio:    0.00 (Cumulative area) 

    Layer: met2
      Partial area ratio:   11.05
      Required ratio:    0.00 (Gate area) 
      Cumulative area ratio:   27.54
      Required ratio:    0.00 (Cumulative area) 
      Partial area ratio:   54.44
      Required ratio: 4336.52 (Side area) 
      Cumulative area ratio:  135.69
      Required ratio:    0.00 (Cumulative side area) 


  Pin:   _14862_/A0 (sky130_fd_sc_hd__mux2_1)
    Layer: li1
      Partial area ratio:    0.01
      Required ratio:    0.00 (Gate area) 
      Cumulative area ratio:    0.01
      Required ratio:    0.00 (Cumulative area) 
      Partial area ratio:    0.28
      Required ratio:   75.00 (Side area) 
      Cumulative area ratio:    0.28
      Required ratio:    0.00 (Cumulative side area) 

    Layer: mcon
      Partial area ratio:    0.23
      Required ratio:    3.00 (Gate area) 
      Cumulative area ratio:    0.23
      Required ratio:    0.00 (Cumulative area) 

    Layer: met1
      Partial area ratio:    1.36
      Required ratio:    0.00 (Gate area) 
      Cumulative area ratio:    1.37
      Required ratio:    0.00 (Cumulative area) 
      Partial area ratio:    6.19
      Required ratio:  400.00 (Side area) 
      Cumulative area ratio:    6.47
      Required ratio:    0.00 (Cumulative side area) 

    Layer: via
      Partial area ratio:    0.18
      Required ratio:    6.00 (Gate area) 
      Cumulative area ratio:    0.41
      Required ratio:    0.00 (Cumulative area) 

    Layer: met2
      Partial area ratio:   11.05
      Required ratio:    0.00 (Gate area) 
      Cumulative area ratio:   12.42
      Required ratio:    0.00 (Cumulative area) 
      Partial area ratio:   54.44
      Required ratio: 4336.52 (Side area) 
      Cumulative area ratio:   60.91
      Required ratio:    0.00 (Cumulative side area) 


  Pin:   _14871_/A0 (sky130_fd_sc_hd__mux2_1)
    Layer: li1
      Partial area ratio:    0.01
      Required ratio:    0.00 (Gate area) 
      Cumulative area ratio:    0.01
      Required ratio:    0.00 (Cumulative area) 
      Partial area ratio:    0.28
      Required ratio:   75.00 (Side area) 
      Cumulative area ratio:    0.28
      Required ratio:    0.00 (Cumulative side area) 

    Layer: mcon
      Partial area ratio:    0.23
      Required ratio:    3.00 (Gate area) 
      Cumulative area ratio:    0.23
      Required ratio:    0.00 (Cumulative area) 

    Layer: met1
      Partial area ratio:    9.02
      Required ratio:    0.00 (Gate area) 
      Cumulative area ratio:    9.03
      Required ratio:    0.00 (Cumulative area) 
      Partial area ratio:   44.36
      Required ratio:  400.00 (Side area) 
      Cumulative area ratio:   44.64
      Required ratio:    0.00 (Cumulative side area) 

    Layer: via
      Partial area ratio:    0.18
      Required ratio:    6.00 (Gate area) 
      Cumulative area ratio:    0.41
      Required ratio:    0.00 (Cumulative area) 

    Layer: met2
      Partial area ratio:   11.05
      Required ratio:    0.00 (Gate area) 
      Cumulative area ratio:   20.07
      Required ratio:    0.00 (Cumulative area) 
      Partial area ratio:   54.44
      Required ratio: 4336.52 (Side area) 
      Cumulative area ratio:   99.08
      Required ratio:    0.00 (Cumulative side area) 


  Pin:   _14880_/A0 (sky130_fd_sc_hd__mux2_1)
    Layer: li1
      Partial area ratio:    0.01
      Required ratio:    0.00 (Gate area) 
      Cumulative area ratio:    0.01
      Required ratio:    0.00 (Cumulative area) 
      Partial area ratio:    0.28
      Required ratio:   75.00 (Side area) 
      Cumulative area ratio:    0.28
      Required ratio:    0.00 (Cumulative side area) 

    Layer: mcon
      Partial area ratio:    0.23
      Required ratio:    3.00 (Gate area) 
      Cumulative area ratio:    0.23
      Required ratio:    0.00 (Cumulative area) 

    Layer: met1
      Partial area ratio:    0.66
      Required ratio:    0.00 (Gate area) 
      Cumulative area ratio:    0.67
      Required ratio:    0.00 (Cumulative area) 
      Partial area ratio:    3.22
      Required ratio:  400.00 (Side area) 
      Cumulative area ratio:    3.50
      Required ratio:    0.00 (Cumulative side area) 

    Layer: via
      Partial area ratio:    0.18
      Required ratio:    6.00 (Gate area) 
      Cumulative area ratio:    0.41
      Required ratio:    0.00 (Cumulative area) 

    Layer: met2
      Partial area ratio:   11.05
      Required ratio:    0.00 (Gate area) 
      Cumulative area ratio:   11.71
      Required ratio:    0.00 (Cumulative area) 
      Partial area ratio:   54.44
      Required ratio: 4336.52 (Side area) 
      Cumulative area ratio:   57.94
      Required ratio:    0.00 (Cumulative side area) 


  Pin:   _14889_/A1 (sky130_fd_sc_hd__mux2_1)
    Layer: mcon
      Partial area ratio:    0.23
      Required ratio:    3.00 (Gate area) 
      Cumulative area ratio:    0.23
      Required ratio:    0.00 (Cumulative area) 

    Layer: met1
      Partial area ratio:    3.41
      Required ratio:    0.00 (Gate area) 
      Cumulative area ratio:    3.41
      Required ratio:    0.00 (Cumulative area) 
      Partial area ratio:   16.42
      Required ratio:  400.00 (Side area) 
      Cumulative area ratio:   16.42
      Required ratio:    0.00 (Cumulative side area) 

    Layer: via
      Partial area ratio:    0.18
      Required ratio:    6.00 (Gate area) 
      Cumulative area ratio:    0.41
      Required ratio:    0.00 (Cumulative area) 

    Layer: met2
      Partial area ratio:   11.05
      Required ratio:    0.00 (Gate area) 
      Cumulative area ratio:   14.45
      Required ratio:    0.00 (Cumulative area) 
      Partial area ratio:   54.44
      Required ratio: 4336.52 (Side area) 
      Cumulative area ratio:   70.85
      Required ratio:    0.00 (Cumulative side area) 


  Pin:   _14900_/A0 (sky130_fd_sc_hd__mux2_1)
    Layer: li1
      Partial area ratio:    0.01
      Required ratio:    0.00 (Gate area) 
      Cumulative area ratio:    0.01
      Required ratio:    0.00 (Cumulative area) 
      Partial area ratio:    0.28
      Required ratio:   75.00 (Side area) 
      Cumulative area ratio:    0.28
      Required ratio:    0.00 (Cumulative side area) 

    Layer: mcon
      Partial area ratio:    0.23
      Required ratio:    3.00 (Gate area) 
      Cumulative area ratio:    0.23
      Required ratio:    0.00 (Cumulative area) 

    Layer: met1
      Partial area ratio:    4.94
      Required ratio:    0.00 (Gate area) 
      Cumulative area ratio:    4.95
      Required ratio:    0.00 (Cumulative area) 
      Partial area ratio:   24.08
      Required ratio:  400.00 (Side area) 
      Cumulative area ratio:   24.36
      Required ratio:    0.00 (Cumulative side area) 

    Layer: via
      Partial area ratio:    0.18
      Required ratio:    6.00 (Gate area) 
      Cumulative area ratio:    0.41
      Required ratio:    0.00 (Cumulative area) 

    Layer: met2
      Partial area ratio:   11.05
      Required ratio:    0.00 (Gate area) 
      Cumulative area ratio:   15.99
      Required ratio:    0.00 (Cumulative area) 
      Partial area ratio:   54.44
      Required ratio: 4336.52 (Side area) 
      Cumulative area ratio:   78.80
      Required ratio:    0.00 (Cumulative side area) 


  Pin:   _14909_/A0 (sky130_fd_sc_hd__mux2_1)
    Layer: li1
      Partial area ratio:    0.01
      Required ratio:    0.00 (Gate area) 
      Cumulative area ratio:    0.01
      Required ratio:    0.00 (Cumulative area) 
      Partial area ratio:    0.28
      Required ratio:   75.00 (Side area) 
      Cumulative area ratio:    0.28
      Required ratio:    0.00 (Cumulative side area) 

    Layer: mcon
      Partial area ratio:    0.23
      Required ratio:    3.00 (Gate area) 
      Cumulative area ratio:    0.23
      Required ratio:    0.00 (Cumulative area) 

    Layer: met1
      Partial area ratio:   11.62
      Required ratio:    0.00 (Gate area) 
      Cumulative area ratio:   11.63
      Required ratio:    0.00 (Cumulative area) 
      Partial area ratio:   56.64
      Required ratio:  400.00 (Side area) 
      Cumulative area ratio:   56.92
      Required ratio:    0.00 (Cumulative side area) 

    Layer: via
      Partial area ratio:    0.36
      Required ratio:    6.00 (Gate area) 
      Cumulative area ratio:    0.59
      Required ratio:    0.00 (Cumulative area) 

    Layer: met2
      Partial area ratio:   11.05
      Required ratio:    0.00 (Gate area) 
      Cumulative area ratio:   22.68
      Required ratio:    0.00 (Cumulative area) 
      Partial area ratio:   54.44
      Required ratio: 4336.52 (Side area) 
      Cumulative area ratio:  111.35
      Required ratio:    0.00 (Cumulative side area) 


  Pin:   _14918_/A0 (sky130_fd_sc_hd__mux2_1)
    Layer: li1
      Partial area ratio:    0.01
      Required ratio:    0.00 (Gate area) 
      Cumulative area ratio:    0.01
      Required ratio:    0.00 (Cumulative area) 
      Partial area ratio:    0.56
      Required ratio:   75.00 (Side area) 
      Cumulative area ratio:    0.56
      Required ratio:    0.00 (Cumulative side area) 

    Layer: mcon
      Partial area ratio:    0.46
      Required ratio:    3.00 (Gate area) 
      Cumulative area ratio:    0.46
      Required ratio:    0.00 (Cumulative area) 

    Layer: met1
      Partial area ratio:    4.07
      Required ratio:    0.00 (Gate area) 
      Cumulative area ratio:    4.08
      Required ratio:    0.00 (Cumulative area) 
      Partial area ratio:   19.64
      Required ratio:  400.00 (Side area) 
      Cumulative area ratio:   20.19
      Required ratio:    0.00 (Cumulative side area) 

    Layer: via
      Partial area ratio:    0.36
      Required ratio:    6.00 (Gate area) 
      Cumulative area ratio:    0.82
      Required ratio:    0.00 (Cumulative area) 

    Layer: met2
      Partial area ratio:   11.05
      Required ratio:    0.00 (Gate area) 
      Cumulative area ratio:   15.13
      Required ratio:    0.00 (Cumulative area) 
      Partial area ratio:   54.44
      Required ratio: 4336.52 (Side area) 
      Cumulative area ratio:   74.63
      Required ratio:    0.00 (Cumulative side area) 


  Pin:   _14927_/A1 (sky130_fd_sc_hd__mux2_1)
    Layer: mcon
      Partial area ratio:    0.46
      Required ratio:    3.00 (Gate area) 
      Cumulative area ratio:    0.46
      Required ratio:    0.00 (Cumulative area) 

    Layer: met1
      Partial area ratio:   11.21
      Required ratio:    0.00 (Gate area) 
      Cumulative area ratio:   11.21
      Required ratio:    0.00 (Cumulative area) 
      Partial area ratio:   53.94
      Required ratio:  400.00 (Side area) 
      Cumulative area ratio:   53.94
      Required ratio:    0.00 (Cumulative side area) 

    Layer: via
      Partial area ratio:    0.54
      Required ratio:    6.00 (Gate area) 
      Cumulative area ratio:    0.99
      Required ratio:    0.00 (Cumulative area) 

    Layer: met2
      Partial area ratio:   11.05
      Required ratio:    0.00 (Gate area) 
      Cumulative area ratio:   22.25
      Required ratio:    0.00 (Cumulative area) 
      Partial area ratio:   54.44
      Required ratio: 4336.52 (Side area) 
      Cumulative area ratio:  108.38
      Required ratio:    0.00 (Cumulative side area) 


  Pin:   _14936_/A0 (sky130_fd_sc_hd__mux2_1)
    Layer: li1
      Partial area ratio:    0.01
      Required ratio:    0.00 (Gate area) 
      Cumulative area ratio:    0.01
      Required ratio:    0.00 (Cumulative area) 
      Partial area ratio:    0.28
      Required ratio:   75.00 (Side area) 
      Cumulative area ratio:    0.28
      Required ratio:    0.00 (Cumulative side area) 

    Layer: mcon
      Partial area ratio:    0.23
      Required ratio:    3.00 (Gate area) 
      Cumulative area ratio:    0.23
      Required ratio:    0.00 (Cumulative area) 

    Layer: met1
      Partial area ratio:   47.02
      Required ratio:    0.00 (Gate area) 
      Cumulative area ratio:   47.03
      Required ratio:    0.00 (Cumulative area) 
      Partial area ratio:  233.64
      Required ratio:  400.00 (Side area) 
      Cumulative area ratio:  233.92
      Required ratio:    0.00 (Cumulative side area) 

    Layer: via
      Partial area ratio:    0.36
      Required ratio:    6.00 (Gate area) 
      Cumulative area ratio:    0.59
      Required ratio:    0.00 (Cumulative area) 

    Layer: met2
      Partial area ratio:   11.05
      Required ratio:    0.00 (Gate area) 
      Cumulative area ratio:   58.08
      Required ratio:    0.00 (Cumulative area) 
      Partial area ratio:   54.44
      Required ratio: 4336.52 (Side area) 
      Cumulative area ratio:  288.35
      Required ratio:    0.00 (Cumulative side area) 


  Pin:   _14945_/A0 (sky130_fd_sc_hd__mux2_1)
    Layer: li1
      Partial area ratio:    0.01
      Required ratio:    0.00 (Gate area) 
      Cumulative area ratio:    0.01
      Required ratio:    0.00 (Cumulative area) 
      Partial area ratio:    0.28
      Required ratio:   75.00 (Side area) 
      Cumulative area ratio:    0.28
      Required ratio:    0.00 (Cumulative side area) 

    Layer: mcon
      Partial area ratio:    0.23
      Required ratio:    3.00 (Gate area) 
      Cumulative area ratio:    0.23
      Required ratio:    0.00 (Cumulative area) 

    Layer: met1
      Partial area ratio:    0.66
      Required ratio:    0.00 (Gate area) 
      Cumulative area ratio:    0.67
      Required ratio:    0.00 (Cumulative area) 
      Partial area ratio:    3.22
      Required ratio:  400.00 (Side area) 
      Cumulative area ratio:    3.50
      Required ratio:    0.00 (Cumulative side area) 

    Layer: via
      Partial area ratio:    0.18
      Required ratio:    6.00 (Gate area) 
      Cumulative area ratio:    0.41
      Required ratio:    0.00 (Cumulative area) 

    Layer: met2
      Partial area ratio:   11.05
      Required ratio:    0.00 (Gate area) 
      Cumulative area ratio:   11.71
      Required ratio:    0.00 (Cumulative area) 
      Partial area ratio:   54.44
      Required ratio: 4336.52 (Side area) 
      Cumulative area ratio:   57.94
      Required ratio:    0.00 (Cumulative side area) 


  Pin:   _14954_/A0 (sky130_fd_sc_hd__mux2_1)
    Layer: li1
      Partial area ratio:    0.01
      Required ratio:    0.00 (Gate area) 
      Cumulative area ratio:    0.01
      Required ratio:    0.00 (Cumulative area) 
      Partial area ratio:    0.28
      Required ratio:   75.00 (Side area) 
      Cumulative area ratio:    0.28
      Required ratio:    0.00 (Cumulative side area) 

    Layer: mcon
      Partial area ratio:    0.23
      Required ratio:    3.00 (Gate area) 
      Cumulative area ratio:    0.23
      Required ratio:    0.00 (Cumulative area) 

    Layer: met1
      Partial area ratio:    4.94
      Required ratio:    0.00 (Gate area) 
      Cumulative area ratio:    4.95
      Required ratio:    0.00 (Cumulative area) 
      Partial area ratio:   24.08
      Required ratio:  400.00 (Side area) 
      Cumulative area ratio:   24.36
      Required ratio:    0.00 (Cumulative side area) 

    Layer: via
      Partial area ratio:    0.18
      Required ratio:    6.00 (Gate area) 
      Cumulative area ratio:    0.41
      Required ratio:    0.00 (Cumulative area) 

    Layer: met2
      Partial area ratio:   11.05
      Required ratio:    0.00 (Gate area) 
      Cumulative area ratio:   15.99
      Required ratio:    0.00 (Cumulative area) 
      Partial area ratio:   54.44
      Required ratio: 4336.52 (Side area) 
      Cumulative area ratio:   78.80
      Required ratio:    0.00 (Cumulative side area) 


  Pin:   _14963_/A1 (sky130_fd_sc_hd__mux2_1)
    Layer: mcon
      Partial area ratio:    0.23
      Required ratio:    3.00 (Gate area) 
      Cumulative area ratio:    0.23
      Required ratio:    0.00 (Cumulative area) 

    Layer: met1
      Partial area ratio:    6.59
      Required ratio:    0.00 (Gate area) 
      Cumulative area ratio:    6.59
      Required ratio:    0.00 (Cumulative area) 
      Partial area ratio:   30.61
      Required ratio:  400.00 (Side area) 
      Cumulative area ratio:   30.61
      Required ratio:    0.00 (Cumulative side area) 

    Layer: via
      Partial area ratio:    0.54
      Required ratio:    6.00 (Gate area) 
      Cumulative area ratio:    0.77
      Required ratio:    0.00 (Cumulative area) 

    Layer: met2
      Partial area ratio:   11.05
      Required ratio:    0.00 (Gate area) 
      Cumulative area ratio:   17.64
      Required ratio:    0.00 (Cumulative area) 
      Partial area ratio:   54.44
      Required ratio: 4336.52 (Side area) 
      Cumulative area ratio:   85.05
      Required ratio:    0.00 (Cumulative side area) 


  Pin:   _14972_/A0 (sky130_fd_sc_hd__mux2_1)
    Layer: li1
      Partial area ratio:    0.01
      Required ratio:    0.00 (Gate area) 
      Cumulative area ratio:    0.01
      Required ratio:    0.00 (Cumulative area) 
      Partial area ratio:    0.56
      Required ratio:   75.00 (Side area) 
      Cumulative area ratio:    0.56
      Required ratio:    0.00 (Cumulative side area) 

    Layer: mcon
      Partial area ratio:    0.46
      Required ratio:    3.00 (Gate area) 
      Cumulative area ratio:    0.46
      Required ratio:    0.00 (Cumulative area) 

    Layer: met1
      Partial area ratio:    3.75
      Required ratio:    0.00 (Gate area) 
      Cumulative area ratio:    3.76
      Required ratio:    0.00 (Cumulative area) 
      Partial area ratio:   17.50
      Required ratio:  400.00 (Side area) 
      Cumulative area ratio:   18.06
      Required ratio:    0.00 (Cumulative side area) 

    Layer: via
      Partial area ratio:    0.36
      Required ratio:    6.00 (Gate area) 
      Cumulative area ratio:    0.82
      Required ratio:    0.00 (Cumulative area) 

    Layer: met2
      Partial area ratio:   11.05
      Required ratio:    0.00 (Gate area) 
      Cumulative area ratio:   14.81
      Required ratio:    0.00 (Cumulative area) 
      Partial area ratio:   54.44
      Required ratio: 4336.52 (Side area) 
      Cumulative area ratio:   72.49
      Required ratio:    0.00 (Cumulative side area) 


  Pin:   _14981_/A0 (sky130_fd_sc_hd__mux2_1)
    Layer: li1
      Partial area ratio:    0.01
      Required ratio:    0.00 (Gate area) 
      Cumulative area ratio:    0.01
      Required ratio:    0.00 (Cumulative area) 
      Partial area ratio:    0.28
      Required ratio:   75.00 (Side area) 
      Cumulative area ratio:    0.28
      Required ratio:    0.00 (Cumulative side area) 

    Layer: mcon
      Partial area ratio:    0.23
      Required ratio:    3.00 (Gate area) 
      Cumulative area ratio:    0.23
      Required ratio:    0.00 (Cumulative area) 

    Layer: met1
      Partial area ratio:   11.07
      Required ratio:    0.00 (Gate area) 
      Cumulative area ratio:   11.08
      Required ratio:    0.00 (Cumulative area) 
      Partial area ratio:   54.75
      Required ratio:  400.00 (Side area) 
      Cumulative area ratio:   55.03
      Required ratio:    0.00 (Cumulative side area) 

    Layer: via
      Partial area ratio:    0.18
      Required ratio:    6.00 (Gate area) 
      Cumulative area ratio:    0.41
      Required ratio:    0.00 (Cumulative area) 

    Layer: met2
      Partial area ratio:   11.05
      Required ratio:    0.00 (Gate area) 
      Cumulative area ratio:   22.13
      Required ratio:    0.00 (Cumulative area) 
      Partial area ratio:   54.44
      Required ratio: 4336.52 (Side area) 
      Cumulative area ratio:  109.46
      Required ratio:    0.00 (Cumulative side area) 


  Pin:   _14990_/A0 (sky130_fd_sc_hd__mux2_1)
    Layer: li1
      Partial area ratio:    0.01
      Required ratio:    0.00 (Gate area) 
      Cumulative area ratio:    0.01
      Required ratio:    0.00 (Cumulative area) 
      Partial area ratio:    0.28
      Required ratio:   75.00 (Side area) 
      Cumulative area ratio:    0.28
      Required ratio:    0.00 (Cumulative side area) 

    Layer: mcon
      Partial area ratio:    0.23
      Required ratio:    3.00 (Gate area) 
      Cumulative area ratio:    0.23
      Required ratio:    0.00 (Cumulative area) 

    Layer: met1
      Partial area ratio:    3.92
      Required ratio:    0.00 (Gate area) 
      Cumulative area ratio:    3.92
      Required ratio:    0.00 (Cumulative area) 
      Partial area ratio:   18.97
      Required ratio:  400.00 (Side area) 
      Cumulative area ratio:   19.25
      Required ratio:    0.00 (Cumulative side area) 

    Layer: via
      Partial area ratio:    0.18
      Required ratio:    6.00 (Gate area) 
      Cumulative area ratio:    0.41
      Required ratio:    0.00 (Cumulative area) 

    Layer: met2
      Partial area ratio:   11.05
      Required ratio:    0.00 (Gate area) 
      Cumulative area ratio:   14.97
      Required ratio:    0.00 (Cumulative area) 
      Partial area ratio:   54.44
      Required ratio: 4336.52 (Side area) 
      Cumulative area ratio:   73.69
      Required ratio:    0.00 (Cumulative side area) 


  Pin:   _14999_/A0 (sky130_fd_sc_hd__mux2_1)
    Layer: li1
      Partial area ratio:    0.01
      Required ratio:    0.00 (Gate area) 
      Cumulative area ratio:    0.01
      Required ratio:    0.00 (Cumulative area) 
      Partial area ratio:    0.28
      Required ratio:   75.00 (Side area) 
      Cumulative area ratio:    0.28
      Required ratio:    0.00 (Cumulative side area) 

    Layer: mcon
      Partial area ratio:    0.23
      Required ratio:    3.00 (Gate area) 
      Cumulative area ratio:    0.23
      Required ratio:    0.00 (Cumulative area) 

    Layer: met1
      Partial area ratio:    2.90
      Required ratio:    0.00 (Gate area) 
      Cumulative area ratio:    2.90
      Required ratio:    0.00 (Cumulative area) 
      Partial area ratio:   13.86
      Required ratio:  400.00 (Side area) 
      Cumulative area ratio:   14.14
      Required ratio:    0.00 (Cumulative side area) 

    Layer: via
      Partial area ratio:    0.18
      Required ratio:    6.00 (Gate area) 
      Cumulative area ratio:    0.41
      Required ratio:    0.00 (Cumulative area) 

    Layer: met2
      Partial area ratio:   11.05
      Required ratio:    0.00 (Gate area) 
      Cumulative area ratio:   13.95
      Required ratio:    0.00 (Cumulative area) 
      Partial area ratio:   54.44
      Required ratio: 4336.52 (Side area) 
      Cumulative area ratio:   68.58
      Required ratio:    0.00 (Cumulative side area) 


  Pin:   _15008_/A1 (sky130_fd_sc_hd__mux2_1)
    Layer: mcon
      Partial area ratio:    0.23
      Required ratio:    3.00 (Gate area) 
      Cumulative area ratio:    0.23
      Required ratio:    0.00 (Cumulative area) 

    Layer: met1
      Partial area ratio:    1.36
      Required ratio:    0.00 (Gate area) 
      Cumulative area ratio:    1.36
      Required ratio:    0.00 (Cumulative area) 
      Partial area ratio:    6.19
      Required ratio:  400.00 (Side area) 
      Cumulative area ratio:    6.19
      Required ratio:    0.00 (Cumulative side area) 

    Layer: via
      Partial area ratio:    0.18
      Required ratio:    6.00 (Gate area) 
      Cumulative area ratio:    0.41
      Required ratio:    0.00 (Cumulative area) 

    Layer: met2
      Partial area ratio:   11.05
      Required ratio:    0.00 (Gate area) 
      Cumulative area ratio:   12.41
      Required ratio:    0.00 (Cumulative area) 
      Partial area ratio:   54.44
      Required ratio: 4336.52 (Side area) 
      Cumulative area ratio:   60.63
      Required ratio:    0.00 (Cumulative side area) 


  Pin:   _15017_/A0 (sky130_fd_sc_hd__mux2_1)
    Layer: li1
      Partial area ratio:    0.01
      Required ratio:    0.00 (Gate area) 
      Cumulative area ratio:    0.01
      Required ratio:    0.00 (Cumulative area) 
      Partial area ratio:    0.28
      Required ratio:   75.00 (Side area) 
      Cumulative area ratio:    0.28
      Required ratio:    0.00 (Cumulative side area) 

    Layer: mcon
      Partial area ratio:    0.23
      Required ratio:    3.00 (Gate area) 
      Cumulative area ratio:    0.23
      Required ratio:    0.00 (Cumulative area) 

    Layer: met1
      Partial area ratio:    1.36
      Required ratio:    0.00 (Gate area) 
      Cumulative area ratio:    1.37
      Required ratio:    0.00 (Cumulative area) 
      Partial area ratio:    6.19
      Required ratio:  400.00 (Side area) 
      Cumulative area ratio:    6.47
      Required ratio:    0.00 (Cumulative side area) 

    Layer: via
      Partial area ratio:    0.18
      Required ratio:    6.00 (Gate area) 
      Cumulative area ratio:    0.41
      Required ratio:    0.00 (Cumulative area) 

    Layer: met2
      Partial area ratio:   11.05
      Required ratio:    0.00 (Gate area) 
      Cumulative area ratio:   12.42
      Required ratio:    0.00 (Cumulative area) 
      Partial area ratio:   54.44
      Required ratio: 4336.52 (Side area) 
      Cumulative area ratio:   60.91
      Required ratio:    0.00 (Cumulative side area) 


  Pin:   _15026_/A0 (sky130_fd_sc_hd__mux2_1)
    Layer: li1
      Partial area ratio:    0.01
      Required ratio:    0.00 (Gate area) 
      Cumulative area ratio:    0.01
      Required ratio:    0.00 (Cumulative area) 
      Partial area ratio:    0.28
      Required ratio:   75.00 (Side area) 
      Cumulative area ratio:    0.28
      Required ratio:    0.00 (Cumulative side area) 

    Layer: mcon
      Partial area ratio:    0.23
      Required ratio:    3.00 (Gate area) 
      Cumulative area ratio:    0.23
      Required ratio:    0.00 (Cumulative area) 

    Layer: met1
      Partial area ratio:    4.54
      Required ratio:    0.00 (Gate area) 
      Cumulative area ratio:    4.55
      Required ratio:    0.00 (Cumulative area) 
      Partial area ratio:   21.78
      Required ratio:  400.00 (Side area) 
      Cumulative area ratio:   22.06
      Required ratio:    0.00 (Cumulative side area) 

    Layer: via
      Partial area ratio:    0.36
      Required ratio:    6.00 (Gate area) 
      Cumulative area ratio:    0.59
      Required ratio:    0.00 (Cumulative area) 

    Layer: met2
      Partial area ratio:   11.05
      Required ratio:    0.00 (Gate area) 
      Cumulative area ratio:   15.60
      Required ratio:    0.00 (Cumulative area) 
      Partial area ratio:   54.44
      Required ratio: 4336.52 (Side area) 
      Cumulative area ratio:   76.49
      Required ratio:    0.00 (Cumulative side area) 


  Pin:   _15035_/A0 (sky130_fd_sc_hd__mux2_1)
    Layer: li1
      Partial area ratio:    0.01
      Required ratio:    0.00 (Gate area) 
      Cumulative area ratio:    0.01
      Required ratio:    0.00 (Cumulative area) 
      Partial area ratio:    0.28
      Required ratio:   75.00 (Side area) 
      Cumulative area ratio:    0.28
      Required ratio:    0.00 (Cumulative side area) 

    Layer: mcon
      Partial area ratio:    0.23
      Required ratio:    3.00 (Gate area) 
      Cumulative area ratio:    0.23
      Required ratio:    0.00 (Cumulative area) 

    Layer: met1
      Partial area ratio:    1.36
      Required ratio:    0.00 (Gate area) 
      Cumulative area ratio:    1.37
      Required ratio:    0.00 (Cumulative area) 
      Partial area ratio:    6.19
      Required ratio:  400.00 (Side area) 
      Cumulative area ratio:    6.47
      Required ratio:    0.00 (Cumulative side area) 

    Layer: via
      Partial area ratio:    0.18
      Required ratio:    6.00 (Gate area) 
      Cumulative area ratio:    0.41
      Required ratio:    0.00 (Cumulative area) 

    Layer: met2
      Partial area ratio:   11.05
      Required ratio:    0.00 (Gate area) 
      Cumulative area ratio:   12.42
      Required ratio:    0.00 (Cumulative area) 
      Partial area ratio:   54.44
      Required ratio: 4336.52 (Side area) 
      Cumulative area ratio:   60.91
      Required ratio:    0.00 (Cumulative side area) 


  Pin:   _15044_/A1 (sky130_fd_sc_hd__mux2_1)
    Layer: mcon
      Partial area ratio:    0.23
      Required ratio:    3.00 (Gate area) 
      Cumulative area ratio:    0.23
      Required ratio:    0.00 (Cumulative area) 

    Layer: met1
      Partial area ratio:    0.66
      Required ratio:    0.00 (Gate area) 
      Cumulative area ratio:    0.66
      Required ratio:    0.00 (Cumulative area) 
      Partial area ratio:    3.22
      Required ratio:  400.00 (Side area) 
      Cumulative area ratio:    3.22
      Required ratio:    0.00 (Cumulative side area) 

    Layer: via
      Partial area ratio:    0.18
      Required ratio:    6.00 (Gate area) 
      Cumulative area ratio:    0.41
      Required ratio:    0.00 (Cumulative area) 

    Layer: met2
      Partial area ratio:   11.05
      Required ratio:    0.00 (Gate area) 
      Cumulative area ratio:   11.71
      Required ratio:    0.00 (Cumulative area) 
      Partial area ratio:   54.44
      Required ratio: 4336.52 (Side area) 
      Cumulative area ratio:   57.66
      Required ratio:    0.00 (Cumulative side area) 


  Pin:   _15054_/A0 (sky130_fd_sc_hd__mux2_1)
    Layer: li1
      Partial area ratio:    0.01
      Required ratio:    0.00 (Gate area) 
      Cumulative area ratio:    0.01
      Required ratio:    0.00 (Cumulative area) 
      Partial area ratio:    0.28
      Required ratio:   75.00 (Side area) 
      Cumulative area ratio:    0.28
      Required ratio:    0.00 (Cumulative side area) 

    Layer: mcon
      Partial area ratio:    0.23
      Required ratio:    3.00 (Gate area) 
      Cumulative area ratio:    0.23
      Required ratio:    0.00 (Cumulative area) 

    Layer: met1
      Partial area ratio:    4.26
      Required ratio:    0.00 (Gate area) 
      Cumulative area ratio:    4.27
      Required ratio:    0.00 (Cumulative area) 
      Partial area ratio:   20.29
      Required ratio:  400.00 (Side area) 
      Cumulative area ratio:   20.57
      Required ratio:    0.00 (Cumulative side area) 

    Layer: via
      Partial area ratio:    0.18
      Required ratio:    6.00 (Gate area) 
      Cumulative area ratio:    0.41
      Required ratio:    0.00 (Cumulative area) 

    Layer: met2
      Partial area ratio:   11.05
      Required ratio:    0.00 (Gate area) 
      Cumulative area ratio:   15.31
      Required ratio:    0.00 (Cumulative area) 
      Partial area ratio:   54.44
      Required ratio: 4336.52 (Side area) 
      Cumulative area ratio:   75.01
      Required ratio:    0.00 (Cumulative side area) 


  Pin:   _15063_/A1 (sky130_fd_sc_hd__mux2_1)
    Layer: mcon
      Partial area ratio:    0.23
      Required ratio:    3.00 (Gate area) 
      Cumulative area ratio:    0.23
      Required ratio:    0.00 (Cumulative area) 

    Layer: met1
      Partial area ratio:    4.26
      Required ratio:    0.00 (Gate area) 
      Cumulative area ratio:    4.26
      Required ratio:    0.00 (Cumulative area) 
      Partial area ratio:   20.29
      Required ratio:  400.00 (Side area) 
      Cumulative area ratio:   20.29
      Required ratio:    0.00 (Cumulative side area) 

    Layer: via
      Partial area ratio:    0.18
      Required ratio:    6.00 (Gate area) 
      Cumulative area ratio:    0.41
      Required ratio:    0.00 (Cumulative area) 

    Layer: met2
      Partial area ratio:   11.05
      Required ratio:    0.00 (Gate area) 
      Cumulative area ratio:   15.31
      Required ratio:    0.00 (Cumulative area) 
      Partial area ratio:   54.44
      Required ratio: 4336.52 (Side area) 
      Cumulative area ratio:   74.73
      Required ratio:    0.00 (Cumulative side area) 


  Pin:   _15072_/A0 (sky130_fd_sc_hd__mux2_1)
    Layer: li1
      Partial area ratio:    0.01
      Required ratio:    0.00 (Gate area) 
      Cumulative area ratio:    0.01
      Required ratio:    0.00 (Cumulative area) 
      Partial area ratio:    0.28
      Required ratio:   75.00 (Side area) 
      Cumulative area ratio:    0.28
      Required ratio:    0.00 (Cumulative side area) 

    Layer: mcon
      Partial area ratio:    0.23
      Required ratio:    3.00 (Gate area) 
      Cumulative area ratio:    0.23
      Required ratio:    0.00 (Cumulative area) 

    Layer: met1
      Partial area ratio:   35.02
      Required ratio:    0.00 (Gate area) 
      Cumulative area ratio:   35.02
      Required ratio:    0.00 (Cumulative area) 
      Partial area ratio:  173.61
      Required ratio:  400.00 (Side area) 
      Cumulative area ratio:  173.89
      Required ratio:    0.00 (Cumulative side area) 

    Layer: via
      Partial area ratio:    0.36
      Required ratio:    6.00 (Gate area) 
      Cumulative area ratio:    0.59
      Required ratio:    0.00 (Cumulative area) 

    Layer: met2
      Partial area ratio:   11.05
      Required ratio:    0.00 (Gate area) 
      Cumulative area ratio:   46.07
      Required ratio:    0.00 (Cumulative area) 
      Partial area ratio:   54.44
      Required ratio: 4336.52 (Side area) 
      Cumulative area ratio:  228.33
      Required ratio:    0.00 (Cumulative side area) 


  Pin:   _15081_/A1 (sky130_fd_sc_hd__mux2_1)
    Layer: mcon
      Partial area ratio:    0.23
      Required ratio:    3.00 (Gate area) 
      Cumulative area ratio:    0.23
      Required ratio:    0.00 (Cumulative area) 

    Layer: met1
      Partial area ratio:    0.66
      Required ratio:    0.00 (Gate area) 
      Cumulative area ratio:    0.66
      Required ratio:    0.00 (Cumulative area) 
      Partial area ratio:    3.22
      Required ratio:  400.00 (Side area) 
      Cumulative area ratio:    3.22
      Required ratio:    0.00 (Cumulative side area) 

    Layer: via
      Partial area ratio:    0.18
      Required ratio:    6.00 (Gate area) 
      Cumulative area ratio:    0.41
      Required ratio:    0.00 (Cumulative area) 

    Layer: met2
      Partial area ratio:   11.05
      Required ratio:    0.00 (Gate area) 
      Cumulative area ratio:   11.71
      Required ratio:    0.00 (Cumulative area) 
      Partial area ratio:   54.44
      Required ratio: 4336.52 (Side area) 
      Cumulative area ratio:   57.66
      Required ratio:    0.00 (Cumulative side area) 


  Pin:   _15090_/A1 (sky130_fd_sc_hd__mux2_1)
    Layer: mcon
      Partial area ratio:    0.23
      Required ratio:    3.00 (Gate area) 
      Cumulative area ratio:    0.23
      Required ratio:    0.00 (Cumulative area) 

    Layer: met1
      Partial area ratio:   11.24
      Required ratio:    0.00 (Gate area) 
      Cumulative area ratio:   11.24
      Required ratio:    0.00 (Cumulative area) 
      Partial area ratio:   54.75
      Required ratio:  400.00 (Side area) 
      Cumulative area ratio:   54.75
      Required ratio:    0.00 (Cumulative side area) 

    Layer: via
      Partial area ratio:    0.36
      Required ratio:    6.00 (Gate area) 
      Cumulative area ratio:    0.59
      Required ratio:    0.00 (Cumulative area) 

    Layer: met2
      Partial area ratio:   11.05
      Required ratio:    0.00 (Gate area) 
      Cumulative area ratio:   22.29
      Required ratio:    0.00 (Cumulative area) 
      Partial area ratio:   54.44
      Required ratio: 4336.52 (Side area) 
      Cumulative area ratio:  109.19
      Required ratio:    0.00 (Cumulative side area) 


  Pin:   _15099_/A0 (sky130_fd_sc_hd__mux2_1)
    Layer: li1
      Partial area ratio:    0.01
      Required ratio:    0.00 (Gate area) 
      Cumulative area ratio:    0.01
      Required ratio:    0.00 (Cumulative area) 
      Partial area ratio:    0.28
      Required ratio:   75.00 (Side area) 
      Cumulative area ratio:    0.28
      Required ratio:    0.00 (Cumulative side area) 

    Layer: mcon
      Partial area ratio:    0.23
      Required ratio:    3.00 (Gate area) 
      Cumulative area ratio:    0.23
      Required ratio:    0.00 (Cumulative area) 

    Layer: met1
      Partial area ratio:    0.66
      Required ratio:    0.00 (Gate area) 
      Cumulative area ratio:    0.67
      Required ratio:    0.00 (Cumulative area) 
      Partial area ratio:    3.22
      Required ratio:  400.00 (Side area) 
      Cumulative area ratio:    3.50
      Required ratio:    0.00 (Cumulative side area) 

    Layer: via
      Partial area ratio:    0.18
      Required ratio:    6.00 (Gate area) 
      Cumulative area ratio:    0.41
      Required ratio:    0.00 (Cumulative area) 

    Layer: met2
      Partial area ratio:   11.05
      Required ratio:    0.00 (Gate area) 
      Cumulative area ratio:   11.71
      Required ratio:    0.00 (Cumulative area) 
      Partial area ratio:   54.44
      Required ratio: 4336.52 (Side area) 
      Cumulative area ratio:   57.94
      Required ratio:    0.00 (Cumulative side area) 


  Pin:   _15108_/A0 (sky130_fd_sc_hd__mux2_1)
    Layer: li1
      Partial area ratio:    0.01
      Required ratio:    0.00 (Gate area) 
      Cumulative area ratio:    0.01
      Required ratio:    0.00 (Cumulative area) 
      Partial area ratio:    0.28
      Required ratio:   75.00 (Side area) 
      Cumulative area ratio:    0.28
      Required ratio:    0.00 (Cumulative side area) 

    Layer: mcon
      Partial area ratio:    0.23
      Required ratio:    3.00 (Gate area) 
      Cumulative area ratio:    0.23
      Required ratio:    0.00 (Cumulative area) 

    Layer: met1
      Partial area ratio:   15.48
      Required ratio:    0.00 (Gate area) 
      Cumulative area ratio:   15.49
      Required ratio:    0.00 (Cumulative area) 
      Partial area ratio:   75.94
      Required ratio:  400.00 (Side area) 
      Cumulative area ratio:   76.22
      Required ratio:    0.00 (Cumulative side area) 

    Layer: via
      Partial area ratio:    0.36
      Required ratio:    6.00 (Gate area) 
      Cumulative area ratio:    0.59
      Required ratio:    0.00 (Cumulative area) 

    Layer: met2
      Partial area ratio:   11.05
      Required ratio:    0.00 (Gate area) 
      Cumulative area ratio:   26.54
      Required ratio:    0.00 (Cumulative area) 
      Partial area ratio:   54.44
      Required ratio: 4336.52 (Side area) 
      Cumulative area ratio:  130.66
      Required ratio:    0.00 (Cumulative side area) 


  Pin:   _15117_/A0 (sky130_fd_sc_hd__mux2_1)
    Layer: li1
      Partial area ratio:    0.01
      Required ratio:    0.00 (Gate area) 
      Cumulative area ratio:    0.01
      Required ratio:    0.00 (Cumulative area) 
      Partial area ratio:    0.28
      Required ratio:   75.00 (Side area) 
      Cumulative area ratio:    0.28
      Required ratio:    0.00 (Cumulative side area) 

    Layer: mcon
      Partial area ratio:    0.23
      Required ratio:    3.00 (Gate area) 
      Cumulative area ratio:    0.23
      Required ratio:    0.00 (Cumulative area) 

    Layer: met1
      Partial area ratio:    4.94
      Required ratio:    0.00 (Gate area) 
      Cumulative area ratio:    4.95
      Required ratio:    0.00 (Cumulative area) 
      Partial area ratio:   24.08
      Required ratio:  400.00 (Side area) 
      Cumulative area ratio:   24.36
      Required ratio:    0.00 (Cumulative side area) 

    Layer: via
      Partial area ratio:    0.18
      Required ratio:    6.00 (Gate area) 
      Cumulative area ratio:    0.41
      Required ratio:    0.00 (Cumulative area) 

    Layer: met2
      Partial area ratio:   11.05
      Required ratio:    0.00 (Gate area) 
      Cumulative area ratio:   15.99
      Required ratio:    0.00 (Cumulative area) 
      Partial area ratio:   54.44
      Required ratio: 4336.52 (Side area) 
      Cumulative area ratio:   78.80
      Required ratio:    0.00 (Cumulative side area) 


  Pin:   _15126_/A1 (sky130_fd_sc_hd__mux2_1)
    Layer: mcon
      Partial area ratio:    0.23
      Required ratio:    3.00 (Gate area) 
      Cumulative area ratio:    0.23
      Required ratio:    0.00 (Cumulative area) 

    Layer: met1
      Partial area ratio:    2.38
      Required ratio:    0.00 (Gate area) 
      Cumulative area ratio:    2.38
      Required ratio:    0.00 (Cumulative area) 
      Partial area ratio:   11.31
      Required ratio:  400.00 (Side area) 
      Cumulative area ratio:   11.31
      Required ratio:    0.00 (Cumulative side area) 

    Layer: via
      Partial area ratio:    0.18
      Required ratio:    6.00 (Gate area) 
      Cumulative area ratio:    0.41
      Required ratio:    0.00 (Cumulative area) 

    Layer: met2
      Partial area ratio:   11.05
      Required ratio:    0.00 (Gate area) 
      Cumulative area ratio:   13.43
      Required ratio:    0.00 (Cumulative area) 
      Partial area ratio:   54.44
      Required ratio: 4336.52 (Side area) 
      Cumulative area ratio:   65.74
      Required ratio:    0.00 (Cumulative side area) 


  Pin:   _15135_/A0 (sky130_fd_sc_hd__mux2_1)
    Layer: li1
      Partial area ratio:    0.01
      Required ratio:    0.00 (Gate area) 
      Cumulative area ratio:    0.01
      Required ratio:    0.00 (Cumulative area) 
      Partial area ratio:    0.28
      Required ratio:   75.00 (Side area) 
      Cumulative area ratio:    0.28
      Required ratio:    0.00 (Cumulative side area) 

    Layer: mcon
      Partial area ratio:    0.23
      Required ratio:    3.00 (Gate area) 
      Cumulative area ratio:    0.23
      Required ratio:    0.00 (Cumulative area) 

    Layer: met1
      Partial area ratio:    5.45
      Required ratio:    0.00 (Gate area) 
      Cumulative area ratio:    5.46
      Required ratio:    0.00 (Cumulative area) 
      Partial area ratio:   26.64
      Required ratio:  400.00 (Side area) 
      Cumulative area ratio:   26.92
      Required ratio:    0.00 (Cumulative side area) 

    Layer: via
      Partial area ratio:    0.18
      Required ratio:    6.00 (Gate area) 
      Cumulative area ratio:    0.41
      Required ratio:    0.00 (Cumulative area) 

    Layer: met2
      Partial area ratio:   11.05
      Required ratio:    0.00 (Gate area) 
      Cumulative area ratio:   16.50
      Required ratio:    0.00 (Cumulative area) 
      Partial area ratio:   54.44
      Required ratio: 4336.52 (Side area) 
      Cumulative area ratio:   81.35
      Required ratio:    0.00 (Cumulative side area) 


  Pin:   _15144_/A1 (sky130_fd_sc_hd__mux2_1)
    Layer: mcon
      Partial area ratio:    0.46
      Required ratio:    3.00 (Gate area) 
      Cumulative area ratio:    0.46
      Required ratio:    0.00 (Cumulative area) 

    Layer: met1
      Partial area ratio:    8.21
      Required ratio:    0.00 (Gate area) 
      Cumulative area ratio:    8.21
      Required ratio:    0.00 (Cumulative area) 
      Partial area ratio:   40.44
      Required ratio:  400.00 (Side area) 
      Cumulative area ratio:   40.44
      Required ratio:    0.00 (Cumulative side area) 

    Layer: via
      Partial area ratio:    0.18
      Required ratio:    6.00 (Gate area) 
      Cumulative area ratio:    0.64
      Required ratio:    0.00 (Cumulative area) 

    Layer: met2
      Partial area ratio:   11.05
      Required ratio:    0.00 (Gate area) 
      Cumulative area ratio:   19.26
      Required ratio:    0.00 (Cumulative area) 
      Partial area ratio:   54.44
      Required ratio: 4336.52 (Side area) 
      Cumulative area ratio:   94.88
      Required ratio:    0.00 (Cumulative side area) 


  Pin:   _15153_/A1 (sky130_fd_sc_hd__mux2_1)
    Layer: mcon
      Partial area ratio:    0.23
      Required ratio:    3.00 (Gate area) 
      Cumulative area ratio:    0.23
      Required ratio:    0.00 (Cumulative area) 

    Layer: met1
      Partial area ratio:    2.50
      Required ratio:    0.00 (Gate area) 
      Cumulative area ratio:    2.50
      Required ratio:    0.00 (Cumulative area) 
      Partial area ratio:   11.56
      Required ratio:  400.00 (Side area) 
      Cumulative area ratio:   11.56
      Required ratio:    0.00 (Cumulative side area) 

    Layer: via
      Partial area ratio:    0.36
      Required ratio:    6.00 (Gate area) 
      Cumulative area ratio:    0.59
      Required ratio:    0.00 (Cumulative area) 

    Layer: met2
      Partial area ratio:   11.05
      Required ratio:    0.00 (Gate area) 
      Cumulative area ratio:   13.55
      Required ratio:    0.00 (Cumulative area) 
      Partial area ratio:   54.44
      Required ratio: 4336.52 (Side area) 
      Cumulative area ratio:   65.99
      Required ratio:    0.00 (Cumulative side area) 


  Pin:   _15162_/A1 (sky130_fd_sc_hd__mux2_1)
    Layer: mcon
      Partial area ratio:    0.23
      Required ratio:    3.00 (Gate area) 
      Cumulative area ratio:    0.23
      Required ratio:    0.00 (Cumulative area) 

    Layer: met1
      Partial area ratio:    8.21
      Required ratio:    0.00 (Gate area) 
      Cumulative area ratio:    8.21
      Required ratio:    0.00 (Cumulative area) 
      Partial area ratio:   40.44
      Required ratio:  400.00 (Side area) 
      Cumulative area ratio:   40.44
      Required ratio:    0.00 (Cumulative side area) 

    Layer: via
      Partial area ratio:    0.18
      Required ratio:    6.00 (Gate area) 
      Cumulative area ratio:    0.41
      Required ratio:    0.00 (Cumulative area) 

    Layer: met2
      Partial area ratio:   11.05
      Required ratio:    0.00 (Gate area) 
      Cumulative area ratio:   19.26
      Required ratio:    0.00 (Cumulative area) 
      Partial area ratio:   54.44
      Required ratio: 4336.52 (Side area) 
      Cumulative area ratio:   94.88
      Required ratio:    0.00 (Cumulative side area) 


  Pin:   _15171_/A0 (sky130_fd_sc_hd__mux2_1)
    Layer: li1
      Partial area ratio:    0.01
      Required ratio:    0.00 (Gate area) 
      Cumulative area ratio:    0.01
      Required ratio:    0.00 (Cumulative area) 
      Partial area ratio:    0.28
      Required ratio:   75.00 (Side area) 
      Cumulative area ratio:    0.28
      Required ratio:    0.00 (Cumulative side area) 

    Layer: mcon
      Partial area ratio:    0.23
      Required ratio:    3.00 (Gate area) 
      Cumulative area ratio:    0.23
      Required ratio:    0.00 (Cumulative area) 

    Layer: met1
      Partial area ratio:   34.74
      Required ratio:    0.00 (Gate area) 
      Cumulative area ratio:   34.74
      Required ratio:    0.00 (Cumulative area) 
      Partial area ratio:  172.55
      Required ratio:  400.00 (Side area) 
      Cumulative area ratio:  172.82
      Required ratio:    0.00 (Cumulative side area) 

    Layer: via
      Partial area ratio:    0.18
      Required ratio:    6.00 (Gate area) 
      Cumulative area ratio:    0.41
      Required ratio:    0.00 (Cumulative area) 

    Layer: met2
      Partial area ratio:   11.05
      Required ratio:    0.00 (Gate area) 
      Cumulative area ratio:   45.79
      Required ratio:    0.00 (Cumulative area) 
      Partial area ratio:   54.44
      Required ratio: 4336.52 (Side area) 
      Cumulative area ratio:  227.26
      Required ratio:    0.00 (Cumulative side area) 


  Pin:   _15180_/A0 (sky130_fd_sc_hd__mux2_1)
    Layer: li1
      Partial area ratio:    0.01
      Required ratio:    0.00 (Gate area) 
      Cumulative area ratio:    0.01
      Required ratio:    0.00 (Cumulative area) 
      Partial area ratio:    0.28
      Required ratio:   75.00 (Side area) 
      Cumulative area ratio:    0.28
      Required ratio:    0.00 (Cumulative side area) 

    Layer: mcon
      Partial area ratio:    0.23
      Required ratio:    3.00 (Gate area) 
      Cumulative area ratio:    0.23
      Required ratio:    0.00 (Cumulative area) 

    Layer: met1
      Partial area ratio:    0.66
      Required ratio:    0.00 (Gate area) 
      Cumulative area ratio:    0.67
      Required ratio:    0.00 (Cumulative area) 
      Partial area ratio:    3.22
      Required ratio:  400.00 (Side area) 
      Cumulative area ratio:    3.50
      Required ratio:    0.00 (Cumulative side area) 

    Layer: via
      Partial area ratio:    0.18
      Required ratio:    6.00 (Gate area) 
      Cumulative area ratio:    0.41
      Required ratio:    0.00 (Cumulative area) 

    Layer: met2
      Partial area ratio:   11.05
      Required ratio:    0.00 (Gate area) 
      Cumulative area ratio:   11.71
      Required ratio:    0.00 (Cumulative area) 
      Partial area ratio:   54.44
      Required ratio: 4336.52 (Side area) 
      Cumulative area ratio:   57.94
      Required ratio:    0.00 (Cumulative side area) 


  Pin:   _15189_/A1 (sky130_fd_sc_hd__mux2_1)
    Layer: mcon
      Partial area ratio:    0.23
      Required ratio:    3.00 (Gate area) 
      Cumulative area ratio:    0.23
      Required ratio:    0.00 (Cumulative area) 

    Layer: met1
      Partial area ratio:   19.85
      Required ratio:    0.00 (Gate area) 
      Cumulative area ratio:   19.85
      Required ratio:    0.00 (Cumulative area) 
      Partial area ratio:   97.78
      Required ratio:  400.00 (Side area) 
      Cumulative area ratio:   97.78
      Required ratio:    0.00 (Cumulative side area) 

    Layer: via
      Partial area ratio:    0.36
      Required ratio:    6.00 (Gate area) 
      Cumulative area ratio:    0.59
      Required ratio:    0.00 (Cumulative area) 

    Layer: met2
      Partial area ratio:   11.05
      Required ratio:    0.00 (Gate area) 
      Cumulative area ratio:   30.90
      Required ratio:    0.00 (Cumulative area) 
      Partial area ratio:   54.44
      Required ratio: 4336.52 (Side area) 
      Cumulative area ratio:  152.21
      Required ratio:    0.00 (Cumulative side area) 


  Pin:   _15198_/A1 (sky130_fd_sc_hd__mux2_1)
    Layer: mcon
      Partial area ratio:    0.23
      Required ratio:    3.00 (Gate area) 
      Cumulative area ratio:    0.23
      Required ratio:    0.00 (Cumulative area) 

    Layer: met1
      Partial area ratio:   51.57
      Required ratio:    0.00 (Gate area) 
      Cumulative area ratio:   51.57
      Required ratio:    0.00 (Cumulative area) 
      Partial area ratio:  255.50
      Required ratio:  400.00 (Side area) 
      Cumulative area ratio:  255.50
      Required ratio:    0.00 (Cumulative side area) 

    Layer: via
      Partial area ratio:    0.54
      Required ratio:    6.00 (Gate area) 
      Cumulative area ratio:    0.77
      Required ratio:    0.00 (Cumulative area) 

    Layer: met2
      Partial area ratio:   11.05
      Required ratio:    0.00 (Gate area) 
      Cumulative area ratio:   62.61
      Required ratio:    0.00 (Cumulative area) 
      Partial area ratio:   54.44
      Required ratio: 4336.52 (Side area) 
      Cumulative area ratio:  309.94
      Required ratio:    0.00 (Cumulative side area) 


  Pin:   _15207_/A1 (sky130_fd_sc_hd__mux2_1)
    Layer: mcon
      Partial area ratio:    0.23
      Required ratio:    3.00 (Gate area) 
      Cumulative area ratio:    0.23
      Required ratio:    0.00 (Cumulative area) 

    Layer: met1
      Partial area ratio:    0.66
      Required ratio:    0.00 (Gate area) 
      Cumulative area ratio:    0.66
      Required ratio:    0.00 (Cumulative area) 
      Partial area ratio:    3.22
      Required ratio:  400.00 (Side area) 
      Cumulative area ratio:    3.22
      Required ratio:    0.00 (Cumulative side area) 

    Layer: via
      Partial area ratio:    0.18
      Required ratio:    6.00 (Gate area) 
      Cumulative area ratio:    0.41
      Required ratio:    0.00 (Cumulative area) 

    Layer: met2
      Partial area ratio:   11.05
      Required ratio:    0.00 (Gate area) 
      Cumulative area ratio:   11.71
      Required ratio:    0.00 (Cumulative area) 
      Partial area ratio:   54.44
      Required ratio: 4336.52 (Side area) 
      Cumulative area ratio:   57.66
      Required ratio:    0.00 (Cumulative side area) 


  Pin:   _15218_/A1 (sky130_fd_sc_hd__mux2_1)
    Layer: mcon
      Partial area ratio:    0.23
      Required ratio:    3.00 (Gate area) 
      Cumulative area ratio:    0.23
      Required ratio:    0.00 (Cumulative area) 

    Layer: met1
      Partial area ratio:   22.18
      Required ratio:    0.00 (Gate area) 
      Cumulative area ratio:   22.18
      Required ratio:    0.00 (Cumulative area) 
      Partial area ratio:  110.31
      Required ratio:  400.00 (Side area) 
      Cumulative area ratio:  110.31
      Required ratio:    0.00 (Cumulative side area) 

    Layer: via
      Partial area ratio:    0.18
      Required ratio:    6.00 (Gate area) 
      Cumulative area ratio:    0.41
      Required ratio:    0.00 (Cumulative area) 

    Layer: met2
      Partial area ratio:   11.05
      Required ratio:    0.00 (Gate area) 
      Cumulative area ratio:   33.23
      Required ratio:    0.00 (Cumulative area) 
      Partial area ratio:   54.44
      Required ratio: 4336.52 (Side area) 
      Cumulative area ratio:  164.74
      Required ratio:    0.00 (Cumulative side area) 


  Pin:   _15227_/A1 (sky130_fd_sc_hd__mux2_1)
    Layer: mcon
      Partial area ratio:    0.23
      Required ratio:    3.00 (Gate area) 
      Cumulative area ratio:    0.23
      Required ratio:    0.00 (Cumulative area) 

    Layer: met1
      Partial area ratio:   11.45
      Required ratio:    0.00 (Gate area) 
      Cumulative area ratio:   11.45
      Required ratio:    0.00 (Cumulative area) 
      Partial area ratio:   56.64
      Required ratio:  400.00 (Side area) 
      Cumulative area ratio:   56.64
      Required ratio:    0.00 (Cumulative side area) 

    Layer: via
      Partial area ratio:    0.18
      Required ratio:    6.00 (Gate area) 
      Cumulative area ratio:    0.41
      Required ratio:    0.00 (Cumulative area) 

    Layer: met2
      Partial area ratio:   11.05
      Required ratio:    0.00 (Gate area) 
      Cumulative area ratio:   22.50
      Required ratio:    0.00 (Cumulative area) 
      Partial area ratio:   54.44
      Required ratio: 4336.52 (Side area) 
      Cumulative area ratio:  111.08
      Required ratio:    0.00 (Cumulative side area) 


  Pin:   _15236_/A1 (sky130_fd_sc_hd__mux2_1)
    Layer: mcon
      Partial area ratio:    0.23
      Required ratio:    3.00 (Gate area) 
      Cumulative area ratio:    0.23
      Required ratio:    0.00 (Cumulative area) 

    Layer: met1
      Partial area ratio:    1.36
      Required ratio:    0.00 (Gate area) 
      Cumulative area ratio:    1.36
      Required ratio:    0.00 (Cumulative area) 
      Partial area ratio:    6.19
      Required ratio:  400.00 (Side area) 
      Cumulative area ratio:    6.19
      Required ratio:    0.00 (Cumulative side area) 

    Layer: via
      Partial area ratio:    0.18
      Required ratio:    6.00 (Gate area) 
      Cumulative area ratio:    0.41
      Required ratio:    0.00 (Cumulative area) 

    Layer: met2
      Partial area ratio:   11.05
      Required ratio:    0.00 (Gate area) 
      Cumulative area ratio:   12.41
      Required ratio:    0.00 (Cumulative area) 
      Partial area ratio:   54.44
      Required ratio: 4336.52 (Side area) 
      Cumulative area ratio:   60.63
      Required ratio:    0.00 (Cumulative side area) 


  Pin:   _15245_/A1 (sky130_fd_sc_hd__mux2_1)
    Layer: mcon
      Partial area ratio:    0.23
      Required ratio:    3.00 (Gate area) 
      Cumulative area ratio:    0.23
      Required ratio:    0.00 (Cumulative area) 

    Layer: met1
      Partial area ratio:    5.76
      Required ratio:    0.00 (Gate area) 
      Cumulative area ratio:    5.76
      Required ratio:    0.00 (Cumulative area) 
      Partial area ratio:   27.31
      Required ratio:  400.00 (Side area) 
      Cumulative area ratio:   27.31
      Required ratio:    0.00 (Cumulative side area) 

    Layer: via
      Partial area ratio:    0.36
      Required ratio:    6.00 (Gate area) 
      Cumulative area ratio:    0.59
      Required ratio:    0.00 (Cumulative area) 

    Layer: met2
      Partial area ratio:   11.05
      Required ratio:    0.00 (Gate area) 
      Cumulative area ratio:   16.80
      Required ratio:    0.00 (Cumulative area) 
      Partial area ratio:   54.44
      Required ratio: 4336.52 (Side area) 
      Cumulative area ratio:   81.74
      Required ratio:    0.00 (Cumulative side area) 


  Pin:   _15254_/A1 (sky130_fd_sc_hd__mux2_1)
    Layer: mcon
      Partial area ratio:    0.23
      Required ratio:    3.00 (Gate area) 
      Cumulative area ratio:    0.23
      Required ratio:    0.00 (Cumulative area) 

    Layer: met1
      Partial area ratio:    6.08
      Required ratio:    0.00 (Gate area) 
      Cumulative area ratio:    6.08
      Required ratio:    0.00 (Cumulative area) 
      Partial area ratio:   29.44
      Required ratio:  400.00 (Side area) 
      Cumulative area ratio:   29.44
      Required ratio:    0.00 (Cumulative side area) 

    Layer: via
      Partial area ratio:    0.36
      Required ratio:    6.00 (Gate area) 
      Cumulative area ratio:    0.59
      Required ratio:    0.00 (Cumulative area) 

    Layer: met2
      Partial area ratio:   11.05
      Required ratio:    0.00 (Gate area) 
      Cumulative area ratio:   17.12
      Required ratio:    0.00 (Cumulative area) 
      Partial area ratio:   54.44
      Required ratio: 4336.52 (Side area) 
      Cumulative area ratio:   83.88
      Required ratio:    0.00 (Cumulative side area) 


  Pin:   _15263_/A1 (sky130_fd_sc_hd__mux2_1)
    Layer: mcon
      Partial area ratio:    0.23
      Required ratio:    3.00 (Gate area) 
      Cumulative area ratio:    0.23
      Required ratio:    0.00 (Cumulative area) 

    Layer: met1
      Partial area ratio:   19.35
      Required ratio:    0.00 (Gate area) 
      Cumulative area ratio:   19.35
      Required ratio:    0.00 (Cumulative area) 
      Partial area ratio:   94.42
      Required ratio:  400.00 (Side area) 
      Cumulative area ratio:   94.42
      Required ratio:    0.00 (Cumulative side area) 

    Layer: via
      Partial area ratio:    0.54
      Required ratio:    6.00 (Gate area) 
      Cumulative area ratio:    0.77
      Required ratio:    0.00 (Cumulative area) 

    Layer: met2
      Partial area ratio:   11.05
      Required ratio:    0.00 (Gate area) 
      Cumulative area ratio:   30.40
      Required ratio:    0.00 (Cumulative area) 
      Partial area ratio:   54.44
      Required ratio: 4336.52 (Side area) 
      Cumulative area ratio:  148.85
      Required ratio:    0.00 (Cumulative side area) 


  Pin:   _15272_/A0 (sky130_fd_sc_hd__mux2_1)
    Layer: li1
      Partial area ratio:    0.01
      Required ratio:    0.00 (Gate area) 
      Cumulative area ratio:    0.01
      Required ratio:    0.00 (Cumulative area) 
      Partial area ratio:    0.28
      Required ratio:   75.00 (Side area) 
      Cumulative area ratio:    0.28
      Required ratio:    0.00 (Cumulative side area) 

    Layer: mcon
      Partial area ratio:    0.23
      Required ratio:    3.00 (Gate area) 
      Cumulative area ratio:    0.23
      Required ratio:    0.00 (Cumulative area) 

    Layer: met1
      Partial area ratio:   34.74
      Required ratio:    0.00 (Gate area) 
      Cumulative area ratio:   34.74
      Required ratio:    0.00 (Cumulative area) 
      Partial area ratio:  172.55
      Required ratio:  400.00 (Side area) 
      Cumulative area ratio:  172.82
      Required ratio:    0.00 (Cumulative side area) 

    Layer: via
      Partial area ratio:    0.18
      Required ratio:    6.00 (Gate area) 
      Cumulative area ratio:    0.41
      Required ratio:    0.00 (Cumulative area) 

    Layer: met2
      Partial area ratio:   11.05
      Required ratio:    0.00 (Gate area) 
      Cumulative area ratio:   45.79
      Required ratio:    0.00 (Cumulative area) 
      Partial area ratio:   54.44
      Required ratio: 4336.52 (Side area) 
      Cumulative area ratio:  227.26
      Required ratio:    0.00 (Cumulative side area) 


  Pin:   _15281_/A1 (sky130_fd_sc_hd__mux2_1)
    Layer: mcon
      Partial area ratio:    0.23
      Required ratio:    3.00 (Gate area) 
      Cumulative area ratio:    0.23
      Required ratio:    0.00 (Cumulative area) 

    Layer: met1
      Partial area ratio:    1.87
      Required ratio:    0.00 (Gate area) 
      Cumulative area ratio:    1.87
      Required ratio:    0.00 (Cumulative area) 
      Partial area ratio:    8.75
      Required ratio:  400.00 (Side area) 
      Cumulative area ratio:    8.75
      Required ratio:    0.00 (Cumulative side area) 

    Layer: via
      Partial area ratio:    0.18
      Required ratio:    6.00 (Gate area) 
      Cumulative area ratio:    0.41
      Required ratio:    0.00 (Cumulative area) 

    Layer: met2
      Partial area ratio:   11.05
      Required ratio:    0.00 (Gate area) 
      Cumulative area ratio:   12.92
      Required ratio:    0.00 (Cumulative area) 
      Partial area ratio:   54.44
      Required ratio: 4336.52 (Side area) 
      Cumulative area ratio:   63.19
      Required ratio:    0.00 (Cumulative side area) 


  Pin:   _15290_/A1 (sky130_fd_sc_hd__mux2_1)
    Layer: mcon
      Partial area ratio:    0.23
      Required ratio:    3.00 (Gate area) 
      Cumulative area ratio:    0.23
      Required ratio:    0.00 (Cumulative area) 

    Layer: met1
      Partial area ratio:   11.89
      Required ratio:    0.00 (Gate area) 
      Cumulative area ratio:   11.89
      Required ratio:    0.00 (Cumulative area) 
      Partial area ratio:   57.97
      Required ratio:  400.00 (Side area) 
      Cumulative area ratio:   57.97
      Required ratio:    0.00 (Cumulative side area) 

    Layer: via
      Partial area ratio:    0.36
      Required ratio:    6.00 (Gate area) 
      Cumulative area ratio:    0.59
      Required ratio:    0.00 (Cumulative area) 

    Layer: met2
      Partial area ratio:   11.05
      Required ratio:    0.00 (Gate area) 
      Cumulative area ratio:   22.94
      Required ratio:    0.00 (Cumulative area) 
      Partial area ratio:   54.44
      Required ratio: 4336.52 (Side area) 
      Cumulative area ratio:  112.41
      Required ratio:    0.00 (Cumulative side area) 


  Pin:   _15299_/A1 (sky130_fd_sc_hd__mux2_1)
    Layer: mcon
      Partial area ratio:    0.23
      Required ratio:    3.00 (Gate area) 
      Cumulative area ratio:    0.23
      Required ratio:    0.00 (Cumulative area) 

    Layer: met1
      Partial area ratio:   17.30
      Required ratio:    0.00 (Gate area) 
      Cumulative area ratio:   17.30
      Required ratio:    0.00 (Cumulative area) 
      Partial area ratio:   84.19
      Required ratio:  400.00 (Side area) 
      Cumulative area ratio:   84.19
      Required ratio:    0.00 (Cumulative side area) 

    Layer: via
      Partial area ratio:    0.54
      Required ratio:    6.00 (Gate area) 
      Cumulative area ratio:    0.77
      Required ratio:    0.00 (Cumulative area) 

    Layer: met2
      Partial area ratio:   11.05
      Required ratio:    0.00 (Gate area) 
      Cumulative area ratio:   28.35
      Required ratio:    0.00 (Cumulative area) 
      Partial area ratio:   54.44
      Required ratio: 4336.52 (Side area) 
      Cumulative area ratio:  138.63
      Required ratio:    0.00 (Cumulative side area) 


  Pin:   _15308_/A1 (sky130_fd_sc_hd__mux2_1)
    Layer: mcon
      Partial area ratio:    0.23
      Required ratio:    3.00 (Gate area) 
      Cumulative area ratio:    0.23
      Required ratio:    0.00 (Cumulative area) 

    Layer: met1
      Partial area ratio:    1.87
      Required ratio:    0.00 (Gate area) 
      Cumulative area ratio:    1.87
      Required ratio:    0.00 (Cumulative area) 
      Partial area ratio:    8.75
      Required ratio:  400.00 (Side area) 
      Cumulative area ratio:    8.75
      Required ratio:    0.00 (Cumulative side area) 

    Layer: via
      Partial area ratio:    0.18
      Required ratio:    6.00 (Gate area) 
      Cumulative area ratio:    0.41
      Required ratio:    0.00 (Cumulative area) 

    Layer: met2
      Partial area ratio:   11.05
      Required ratio:    0.00 (Gate area) 
      Cumulative area ratio:   12.92
      Required ratio:    0.00 (Cumulative area) 
      Partial area ratio:   54.44
      Required ratio: 4336.52 (Side area) 
      Cumulative area ratio:   63.19
      Required ratio:    0.00 (Cumulative side area) 


  Pin:   _15317_/A1 (sky130_fd_sc_hd__mux2_1)
    Layer: mcon
      Partial area ratio:    0.23
      Required ratio:    3.00 (Gate area) 
      Cumulative area ratio:    0.23
      Required ratio:    0.00 (Cumulative area) 

    Layer: met1
      Partial area ratio:    2.90
      Required ratio:    0.00 (Gate area) 
      Cumulative area ratio:    2.90
      Required ratio:    0.00 (Cumulative area) 
      Partial area ratio:   13.86
      Required ratio:  400.00 (Side area) 
      Cumulative area ratio:   13.86
      Required ratio:    0.00 (Cumulative side area) 

    Layer: via
      Partial area ratio:    0.18
      Required ratio:    6.00 (Gate area) 
      Cumulative area ratio:    0.41
      Required ratio:    0.00 (Cumulative area) 

    Layer: met2
      Partial area ratio:   11.05
      Required ratio:    0.00 (Gate area) 
      Cumulative area ratio:   13.94
      Required ratio:    0.00 (Cumulative area) 
      Partial area ratio:   54.44
      Required ratio: 4336.52 (Side area) 
      Cumulative area ratio:   68.30
      Required ratio:    0.00 (Cumulative side area) 


  Pin:   _15326_/A1 (sky130_fd_sc_hd__mux2_1)
    Layer: mcon
      Partial area ratio:    0.23
      Required ratio:    3.00 (Gate area) 
      Cumulative area ratio:    0.23
      Required ratio:    0.00 (Cumulative area) 

    Layer: met1
      Partial area ratio:   36.23
      Required ratio:    0.00 (Gate area) 
      Cumulative area ratio:   36.23
      Required ratio:    0.00 (Cumulative area) 
      Partial area ratio:  178.83
      Required ratio:  400.00 (Side area) 
      Cumulative area ratio:  178.83
      Required ratio:    0.00 (Cumulative side area) 

    Layer: via
      Partial area ratio:    0.54
      Required ratio:    6.00 (Gate area) 
      Cumulative area ratio:    0.77
      Required ratio:    0.00 (Cumulative area) 

    Layer: met2
      Partial area ratio:   11.05
      Required ratio:    0.00 (Gate area) 
      Cumulative area ratio:   47.28
      Required ratio:    0.00 (Cumulative area) 
      Partial area ratio:   54.44
      Required ratio: 4336.52 (Side area) 
      Cumulative area ratio:  233.27
      Required ratio:    0.00 (Cumulative side area) 


  Pin:   _15335_/A1 (sky130_fd_sc_hd__mux2_1)
    Layer: mcon
      Partial area ratio:    0.23
      Required ratio:    3.00 (Gate area) 
      Cumulative area ratio:    0.23
      Required ratio:    0.00 (Cumulative area) 

    Layer: met1
      Partial area ratio:    7.96
      Required ratio:    0.00 (Gate area) 
      Cumulative area ratio:    7.96
      Required ratio:    0.00 (Cumulative area) 
      Partial area ratio:   39.49
      Required ratio:  400.00 (Side area) 
      Cumulative area ratio:   39.49
      Required ratio:    0.00 (Cumulative side area) 

    Layer: via
      Partial area ratio:    0.09
      Required ratio:    6.00 (Gate area) 
      Cumulative area ratio:    0.32
      Required ratio:    0.00 (Cumulative area) 

    Layer: met2
      Partial area ratio:   11.05
      Required ratio:    0.00 (Gate area) 
      Cumulative area ratio:   19.01
      Required ratio:    0.00 (Cumulative area) 
      Partial area ratio:   54.44
      Required ratio: 4336.52 (Side area) 
      Cumulative area ratio:   93.92
      Required ratio:    0.00 (Cumulative side area) 


  Pin:   _15344_/A1 (sky130_fd_sc_hd__mux2_1)
    Layer: mcon
      Partial area ratio:    0.23
      Required ratio:    3.00 (Gate area) 
      Cumulative area ratio:    0.23
      Required ratio:    0.00 (Cumulative area) 

    Layer: met1
      Partial area ratio:    7.67
      Required ratio:    0.00 (Gate area) 
      Cumulative area ratio:    7.67
      Required ratio:    0.00 (Cumulative area) 
      Partial area ratio:   36.86
      Required ratio:  400.00 (Side area) 
      Cumulative area ratio:   36.86
      Required ratio:    0.00 (Cumulative side area) 

    Layer: via
      Partial area ratio:    0.36
      Required ratio:    6.00 (Gate area) 
      Cumulative area ratio:    0.59
      Required ratio:    0.00 (Cumulative area) 

    Layer: met2
      Partial area ratio:   11.05
      Required ratio:    0.00 (Gate area) 
      Cumulative area ratio:   18.71
      Required ratio:    0.00 (Cumulative area) 
      Partial area ratio:   54.44
      Required ratio: 4336.52 (Side area) 
      Cumulative area ratio:   91.30
      Required ratio:    0.00 (Cumulative side area) 


  Pin:   _15353_/A1 (sky130_fd_sc_hd__mux2_1)
    Layer: mcon
      Partial area ratio:    0.23
      Required ratio:    3.00 (Gate area) 
      Cumulative area ratio:    0.23
      Required ratio:    0.00 (Cumulative area) 

    Layer: met1
      Partial area ratio:    0.66
      Required ratio:    0.00 (Gate area) 
      Cumulative area ratio:    0.66
      Required ratio:    0.00 (Cumulative area) 
      Partial area ratio:    3.22
      Required ratio:  400.00 (Side area) 
      Cumulative area ratio:    3.22
      Required ratio:    0.00 (Cumulative side area) 

    Layer: via
      Partial area ratio:    0.18
      Required ratio:    6.00 (Gate area) 
      Cumulative area ratio:    0.41
      Required ratio:    0.00 (Cumulative area) 

    Layer: met2
      Partial area ratio:   11.05
      Required ratio:    0.00 (Gate area) 
      Cumulative area ratio:   11.71
      Required ratio:    0.00 (Cumulative area) 
      Partial area ratio:   54.44
      Required ratio: 4336.52 (Side area) 
      Cumulative area ratio:   57.66
      Required ratio:    0.00 (Cumulative side area) 


  Pin:   _15362_/A1 (sky130_fd_sc_hd__mux2_1)
    Layer: mcon
      Partial area ratio:    0.23
      Required ratio:    3.00 (Gate area) 
      Cumulative area ratio:    0.23
      Required ratio:    0.00 (Cumulative area) 

    Layer: met1
      Partial area ratio:    2.38
      Required ratio:    0.00 (Gate area) 
      Cumulative area ratio:    2.38
      Required ratio:    0.00 (Cumulative area) 
      Partial area ratio:   11.31
      Required ratio:  400.00 (Side area) 
      Cumulative area ratio:   11.31
      Required ratio:    0.00 (Cumulative side area) 

    Layer: via
      Partial area ratio:    0.18
      Required ratio:    6.00 (Gate area) 
      Cumulative area ratio:    0.41
      Required ratio:    0.00 (Cumulative area) 

    Layer: met2
      Partial area ratio:   11.05
      Required ratio:    0.00 (Gate area) 
      Cumulative area ratio:   13.43
      Required ratio:    0.00 (Cumulative area) 
      Partial area ratio:   54.44
      Required ratio: 4336.52 (Side area) 
      Cumulative area ratio:   65.74
      Required ratio:    0.00 (Cumulative side area) 


  Pin:   _15371_/A0 (sky130_fd_sc_hd__mux2_1)
    Layer: li1
      Partial area ratio:    0.01
      Required ratio:    0.00 (Gate area) 
      Cumulative area ratio:    0.01
      Required ratio:    0.00 (Cumulative area) 
      Partial area ratio:    0.28
      Required ratio:   75.00 (Side area) 
      Cumulative area ratio:    0.28
      Required ratio:    0.00 (Cumulative side area) 

    Layer: mcon
      Partial area ratio:    0.23
      Required ratio:    3.00 (Gate area) 
      Cumulative area ratio:    0.23
      Required ratio:    0.00 (Cumulative area) 

    Layer: met1
      Partial area ratio:    0.66
      Required ratio:    0.00 (Gate area) 
      Cumulative area ratio:    0.67
      Required ratio:    0.00 (Cumulative area) 
      Partial area ratio:    3.22
      Required ratio:  400.00 (Side area) 
      Cumulative area ratio:    3.50
      Required ratio:    0.00 (Cumulative side area) 

    Layer: via
      Partial area ratio:    0.18
      Required ratio:    6.00 (Gate area) 
      Cumulative area ratio:    0.41
      Required ratio:    0.00 (Cumulative area) 

    Layer: met2
      Partial area ratio:   11.05
      Required ratio:    0.00 (Gate area) 
      Cumulative area ratio:   11.71
      Required ratio:    0.00 (Cumulative area) 
      Partial area ratio:   54.44
      Required ratio: 4336.52 (Side area) 
      Cumulative area ratio:   57.94
      Required ratio:    0.00 (Cumulative side area) 


  Pin:   _15380_/A0 (sky130_fd_sc_hd__mux2_1)
    Layer: li1
      Partial area ratio:    0.01
      Required ratio:    0.00 (Gate area) 
      Cumulative area ratio:    0.01
      Required ratio:    0.00 (Cumulative area) 
      Partial area ratio:    0.28
      Required ratio:   75.00 (Side area) 
      Cumulative area ratio:    0.28
      Required ratio:    0.00 (Cumulative side area) 

    Layer: mcon
      Partial area ratio:    0.23
      Required ratio:    3.00 (Gate area) 
      Cumulative area ratio:    0.23
      Required ratio:    0.00 (Cumulative area) 

    Layer: met1
      Partial area ratio:    7.07
      Required ratio:    0.00 (Gate area) 
      Cumulative area ratio:    7.08
      Required ratio:    0.00 (Cumulative area) 
      Partial area ratio:   34.79
      Required ratio:  400.00 (Side area) 
      Cumulative area ratio:   35.07
      Required ratio:    0.00 (Cumulative side area) 

    Layer: via
      Partial area ratio:    0.09
      Required ratio:    6.00 (Gate area) 
      Cumulative area ratio:    0.32
      Required ratio:    0.00 (Cumulative area) 

    Layer: met2
      Partial area ratio:   11.05
      Required ratio:    0.00 (Gate area) 
      Cumulative area ratio:   18.13
      Required ratio:    0.00 (Cumulative area) 
      Partial area ratio:   54.44
      Required ratio: 4336.52 (Side area) 
      Cumulative area ratio:   89.51
      Required ratio:    0.00 (Cumulative side area) 


  Pin:   _15390_/A1 (sky130_fd_sc_hd__mux2_1)
    Layer: mcon
      Partial area ratio:    0.23
      Required ratio:    3.00 (Gate area) 
      Cumulative area ratio:    0.23
      Required ratio:    0.00 (Cumulative area) 

    Layer: met1
      Partial area ratio:   21.03
      Required ratio:    0.00 (Gate area) 
      Cumulative area ratio:   21.03
      Required ratio:    0.00 (Cumulative area) 
      Partial area ratio:  104.53
      Required ratio:  400.00 (Side area) 
      Cumulative area ratio:  104.53
      Required ratio:    0.00 (Cumulative side area) 

    Layer: via
      Partial area ratio:    0.18
      Required ratio:    6.00 (Gate area) 
      Cumulative area ratio:    0.41
      Required ratio:    0.00 (Cumulative area) 

    Layer: met2
      Partial area ratio:   11.05
      Required ratio:    0.00 (Gate area) 
      Cumulative area ratio:   32.08
      Required ratio:    0.00 (Cumulative area) 
      Partial area ratio:   54.44
      Required ratio: 4336.52 (Side area) 
      Cumulative area ratio:  158.96
      Required ratio:    0.00 (Cumulative side area) 


  Pin:   _15399_/A1 (sky130_fd_sc_hd__mux2_1)
    Layer: mcon
      Partial area ratio:    0.23
      Required ratio:    3.00 (Gate area) 
      Cumulative area ratio:    0.23
      Required ratio:    0.00 (Cumulative area) 

    Layer: met1
      Partial area ratio:    7.34
      Required ratio:    0.00 (Gate area) 
      Cumulative area ratio:    7.34
      Required ratio:    0.00 (Cumulative area) 
      Partial area ratio:   36.53
      Required ratio:  400.00 (Side area) 
      Cumulative area ratio:   36.53
      Required ratio:    0.00 (Cumulative side area) 

    Layer: via
      Partial area ratio:    0.09
      Required ratio:    6.00 (Gate area) 
      Cumulative area ratio:    0.32
      Required ratio:    0.00 (Cumulative area) 

    Layer: met2
      Partial area ratio:   11.05
      Required ratio:    0.00 (Gate area) 
      Cumulative area ratio:   18.39
      Required ratio:    0.00 (Cumulative area) 
      Partial area ratio:   54.44
      Required ratio: 4336.52 (Side area) 
      Cumulative area ratio:   90.96
      Required ratio:    0.00 (Cumulative side area) 


  Pin:   _15408_/A1 (sky130_fd_sc_hd__mux2_1)
    Layer: mcon
      Partial area ratio:    0.23
      Required ratio:    3.00 (Gate area) 
      Cumulative area ratio:    0.23
      Required ratio:    0.00 (Cumulative area) 

    Layer: met1
      Partial area ratio:    0.66
      Required ratio:    0.00 (Gate area) 
      Cumulative area ratio:    0.66
      Required ratio:    0.00 (Cumulative area) 
      Partial area ratio:    3.22
      Required ratio:  400.00 (Side area) 
      Cumulative area ratio:    3.22
      Required ratio:    0.00 (Cumulative side area) 

    Layer: via
      Partial area ratio:    0.18
      Required ratio:    6.00 (Gate area) 
      Cumulative area ratio:    0.41
      Required ratio:    0.00 (Cumulative area) 

    Layer: met2
      Partial area ratio:   11.05
      Required ratio:    0.00 (Gate area) 
      Cumulative area ratio:   11.71
      Required ratio:    0.00 (Cumulative area) 
      Partial area ratio:   54.44
      Required ratio: 4336.52 (Side area) 
      Cumulative area ratio:   57.66
      Required ratio:    0.00 (Cumulative side area) 


  Pin:   _15417_/A1 (sky130_fd_sc_hd__mux2_1)
    Layer: mcon
      Partial area ratio:    0.46
      Required ratio:    3.00 (Gate area) 
      Cumulative area ratio:    0.46
      Required ratio:    0.00 (Cumulative area) 

    Layer: met1
      Partial area ratio:    7.34
      Required ratio:    0.00 (Gate area) 
      Cumulative area ratio:    7.34
      Required ratio:    0.00 (Cumulative area) 
      Partial area ratio:   36.53
      Required ratio:  400.00 (Side area) 
      Cumulative area ratio:   36.53
      Required ratio:    0.00 (Cumulative side area) 

    Layer: via
      Partial area ratio:    0.09
      Required ratio:    6.00 (Gate area) 
      Cumulative area ratio:    0.55
      Required ratio:    0.00 (Cumulative area) 

    Layer: met2
      Partial area ratio:   11.05
      Required ratio:    0.00 (Gate area) 
      Cumulative area ratio:   18.39
      Required ratio:    0.00 (Cumulative area) 
      Partial area ratio:   54.44
      Required ratio: 4336.52 (Side area) 
      Cumulative area ratio:   90.96
      Required ratio:    0.00 (Cumulative side area) 


  Pin:   _15426_/A1 (sky130_fd_sc_hd__mux2_1)
    Layer: mcon
      Partial area ratio:    0.23
      Required ratio:    3.00 (Gate area) 
      Cumulative area ratio:    0.23
      Required ratio:    0.00 (Cumulative area) 

    Layer: met1
      Partial area ratio:   10.36
      Required ratio:    0.00 (Gate area) 
      Cumulative area ratio:   10.36
      Required ratio:    0.00 (Cumulative area) 
      Partial area ratio:   50.31
      Required ratio:  400.00 (Side area) 
      Cumulative area ratio:   50.31
      Required ratio:    0.00 (Cumulative side area) 

    Layer: via
      Partial area ratio:    0.36
      Required ratio:    6.00 (Gate area) 
      Cumulative area ratio:    0.59
      Required ratio:    0.00 (Cumulative area) 

    Layer: met2
      Partial area ratio:   11.05
      Required ratio:    0.00 (Gate area) 
      Cumulative area ratio:   21.40
      Required ratio:    0.00 (Cumulative area) 
      Partial area ratio:   54.44
      Required ratio: 4336.52 (Side area) 
      Cumulative area ratio:  104.74
      Required ratio:    0.00 (Cumulative side area) 


  Pin:   _15435_/A1 (sky130_fd_sc_hd__mux2_1)
    Layer: mcon
      Partial area ratio:    0.23
      Required ratio:    3.00 (Gate area) 
      Cumulative area ratio:    0.23
      Required ratio:    0.00 (Cumulative area) 

    Layer: met1
      Partial area ratio:   12.97
      Required ratio:    0.00 (Gate area) 
      Cumulative area ratio:   12.97
      Required ratio:    0.00 (Cumulative area) 
      Partial area ratio:   63.89
      Required ratio:  400.00 (Side area) 
      Cumulative area ratio:   63.89
      Required ratio:    0.00 (Cumulative side area) 

    Layer: via
      Partial area ratio:    0.36
      Required ratio:    6.00 (Gate area) 
      Cumulative area ratio:    0.59
      Required ratio:    0.00 (Cumulative area) 

    Layer: met2
      Partial area ratio:   11.05
      Required ratio:    0.00 (Gate area) 
      Cumulative area ratio:   24.01
      Required ratio:    0.00 (Cumulative area) 
      Partial area ratio:   54.44
      Required ratio: 4336.52 (Side area) 
      Cumulative area ratio:  118.33
      Required ratio:    0.00 (Cumulative side area) 


  Pin:   _15444_/A1 (sky130_fd_sc_hd__mux2_1)
    Layer: mcon
      Partial area ratio:    0.23
      Required ratio:    3.00 (Gate area) 
      Cumulative area ratio:    0.23
      Required ratio:    0.00 (Cumulative area) 

    Layer: met1
      Partial area ratio:    0.66
      Required ratio:    0.00 (Gate area) 
      Cumulative area ratio:    0.66
      Required ratio:    0.00 (Cumulative area) 
      Partial area ratio:    3.22
      Required ratio:  400.00 (Side area) 
      Cumulative area ratio:    3.22
      Required ratio:    0.00 (Cumulative side area) 

    Layer: via
      Partial area ratio:    0.18
      Required ratio:    6.00 (Gate area) 
      Cumulative area ratio:    0.41
      Required ratio:    0.00 (Cumulative area) 

    Layer: met2
      Partial area ratio:   11.05
      Required ratio:    0.00 (Gate area) 
      Cumulative area ratio:   11.71
      Required ratio:    0.00 (Cumulative area) 
      Partial area ratio:   54.44
      Required ratio: 4336.52 (Side area) 
      Cumulative area ratio:   57.66
      Required ratio:    0.00 (Cumulative side area) 


  Pin:   _15453_/A1 (sky130_fd_sc_hd__mux2_1)
    Layer: mcon
      Partial area ratio:    0.23
      Required ratio:    3.00 (Gate area) 
      Cumulative area ratio:    0.23
      Required ratio:    0.00 (Cumulative area) 

    Layer: met1
      Partial area ratio:    1.36
      Required ratio:    0.00 (Gate area) 
      Cumulative area ratio:    1.36
      Required ratio:    0.00 (Cumulative area) 
      Partial area ratio:    6.19
      Required ratio:  400.00 (Side area) 
      Cumulative area ratio:    6.19
      Required ratio:    0.00 (Cumulative side area) 

    Layer: via
      Partial area ratio:    0.18
      Required ratio:    6.00 (Gate area) 
      Cumulative area ratio:    0.41
      Required ratio:    0.00 (Cumulative area) 

    Layer: met2
      Partial area ratio:   11.05
      Required ratio:    0.00 (Gate area) 
      Cumulative area ratio:   12.41
      Required ratio:    0.00 (Cumulative area) 
      Partial area ratio:   54.44
      Required ratio: 4336.52 (Side area) 
      Cumulative area ratio:   60.63
      Required ratio:    0.00 (Cumulative side area) 


  Pin:   _15462_/A1 (sky130_fd_sc_hd__mux2_1)
    Layer: mcon
      Partial area ratio:    0.23
      Required ratio:    3.00 (Gate area) 
      Cumulative area ratio:    0.23
      Required ratio:    0.00 (Cumulative area) 

    Layer: met1
      Partial area ratio:   57.58
      Required ratio:    0.00 (Gate area) 
      Cumulative area ratio:   57.58
      Required ratio:    0.00 (Cumulative area) 
      Partial area ratio:  286.11
      Required ratio:  400.00 (Side area) 
      Cumulative area ratio:  286.11
      Required ratio:    0.00 (Cumulative side area) 

    Layer: via
      Partial area ratio:    0.54
      Required ratio:    6.00 (Gate area) 
      Cumulative area ratio:    0.77
      Required ratio:    0.00 (Cumulative area) 

    Layer: met2
      Partial area ratio:   11.05
      Required ratio:    0.00 (Gate area) 
      Cumulative area ratio:   68.63
      Required ratio:    0.00 (Cumulative area) 
      Partial area ratio:   54.44
      Required ratio: 4336.52 (Side area) 
      Cumulative area ratio:  340.55
      Required ratio:    0.00 (Cumulative side area) 


  Pin:   _15471_/A1 (sky130_fd_sc_hd__mux2_1)
    Layer: mcon
      Partial area ratio:    0.23
      Required ratio:    3.00 (Gate area) 
      Cumulative area ratio:    0.23
      Required ratio:    0.00 (Cumulative area) 

    Layer: met1
      Partial area ratio:    0.66
      Required ratio:    0.00 (Gate area) 
      Cumulative area ratio:    0.66
      Required ratio:    0.00 (Cumulative area) 
      Partial area ratio:    3.22
      Required ratio:  400.00 (Side area) 
      Cumulative area ratio:    3.22
      Required ratio:    0.00 (Cumulative side area) 

    Layer: via
      Partial area ratio:    0.18
      Required ratio:    6.00 (Gate area) 
      Cumulative area ratio:    0.41
      Required ratio:    0.00 (Cumulative area) 

    Layer: met2
      Partial area ratio:   11.05
      Required ratio:    0.00 (Gate area) 
      Cumulative area ratio:   11.71
      Required ratio:    0.00 (Cumulative area) 
      Partial area ratio:   54.44
      Required ratio: 4336.52 (Side area) 
      Cumulative area ratio:   57.66
      Required ratio:    0.00 (Cumulative side area) 


  Pin:   _15480_/A0 (sky130_fd_sc_hd__mux2_1)
    Layer: li1
      Partial area ratio:    0.01
      Required ratio:    0.00 (Gate area) 
      Cumulative area ratio:    0.01
      Required ratio:    0.00 (Cumulative area) 
      Partial area ratio:    0.28
      Required ratio:   75.00 (Side area) 
      Cumulative area ratio:    0.28
      Required ratio:    0.00 (Cumulative side area) 

    Layer: mcon
      Partial area ratio:    0.23
      Required ratio:    3.00 (Gate area) 
      Cumulative area ratio:    0.23
      Required ratio:    0.00 (Cumulative area) 

    Layer: met1
      Partial area ratio:   12.60
      Required ratio:    0.00 (Gate area) 
      Cumulative area ratio:   12.60
      Required ratio:    0.00 (Cumulative area) 
      Partial area ratio:   61.56
      Required ratio:  400.00 (Side area) 
      Cumulative area ratio:   61.83
      Required ratio:    0.00 (Cumulative side area) 

    Layer: via
      Partial area ratio:    0.27
      Required ratio:    6.00 (Gate area) 
      Cumulative area ratio:    0.50
      Required ratio:    0.00 (Cumulative area) 

    Layer: met2
      Partial area ratio:   11.05
      Required ratio:    0.00 (Gate area) 
      Cumulative area ratio:   23.65
      Required ratio:    0.00 (Cumulative area) 
      Partial area ratio:   54.44
      Required ratio: 4336.52 (Side area) 
      Cumulative area ratio:  116.27
      Required ratio:    0.00 (Cumulative side area) 


  Pin:   _15489_/A1 (sky130_fd_sc_hd__mux2_1)
    Layer: mcon
      Partial area ratio:    0.23
      Required ratio:    3.00 (Gate area) 
      Cumulative area ratio:    0.23
      Required ratio:    0.00 (Cumulative area) 

    Layer: met1
      Partial area ratio:    5.45
      Required ratio:    0.00 (Gate area) 
      Cumulative area ratio:    5.45
      Required ratio:    0.00 (Cumulative area) 
      Partial area ratio:   26.64
      Required ratio:  400.00 (Side area) 
      Cumulative area ratio:   26.64
      Required ratio:    0.00 (Cumulative side area) 

    Layer: via
      Partial area ratio:    0.18
      Required ratio:    6.00 (Gate area) 
      Cumulative area ratio:    0.41
      Required ratio:    0.00 (Cumulative area) 

    Layer: met2
      Partial area ratio:   11.05
      Required ratio:    0.00 (Gate area) 
      Cumulative area ratio:   16.50
      Required ratio:    0.00 (Cumulative area) 
      Partial area ratio:   54.44
      Required ratio: 4336.52 (Side area) 
      Cumulative area ratio:   81.08
      Required ratio:    0.00 (Cumulative side area) 


  Pin:   _15498_/A1 (sky130_fd_sc_hd__mux2_1)
    Layer: mcon
      Partial area ratio:    0.23
      Required ratio:    3.00 (Gate area) 
      Cumulative area ratio:    0.23
      Required ratio:    0.00 (Cumulative area) 

    Layer: met1
      Partial area ratio:    8.80
      Required ratio:    0.00 (Gate area) 
      Cumulative area ratio:    8.80
      Required ratio:    0.00 (Cumulative area) 
      Partial area ratio:   43.36
      Required ratio:  400.00 (Side area) 
      Cumulative area ratio:   43.36
      Required ratio:    0.00 (Cumulative side area) 

    Layer: via
      Partial area ratio:    0.18
      Required ratio:    6.00 (Gate area) 
      Cumulative area ratio:    0.41
      Required ratio:    0.00 (Cumulative area) 

    Layer: met2
      Partial area ratio:   11.05
      Required ratio:    0.00 (Gate area) 
      Cumulative area ratio:   19.84
      Required ratio:    0.00 (Cumulative area) 
      Partial area ratio:   54.44
      Required ratio: 4336.52 (Side area) 
      Cumulative area ratio:   97.80
      Required ratio:    0.00 (Cumulative side area) 


  Pin:   _15507_/A1 (sky130_fd_sc_hd__mux2_1)
    Layer: mcon
      Partial area ratio:    0.23
      Required ratio:    3.00 (Gate area) 
      Cumulative area ratio:    0.23
      Required ratio:    0.00 (Cumulative area) 

    Layer: met1
      Partial area ratio:    5.96
      Required ratio:    0.00 (Gate area) 
      Cumulative area ratio:    5.96
      Required ratio:    0.00 (Cumulative area) 
      Partial area ratio:   29.19
      Required ratio:  400.00 (Side area) 
      Cumulative area ratio:   29.19
      Required ratio:    0.00 (Cumulative side area) 

    Layer: via
      Partial area ratio:    0.18
      Required ratio:    6.00 (Gate area) 
      Cumulative area ratio:    0.41
      Required ratio:    0.00 (Cumulative area) 

    Layer: met2
      Partial area ratio:   11.05
      Required ratio:    0.00 (Gate area) 
      Cumulative area ratio:   17.01
      Required ratio:    0.00 (Cumulative area) 
      Partial area ratio:   54.44
      Required ratio: 4336.52 (Side area) 
      Cumulative area ratio:   83.63
      Required ratio:    0.00 (Cumulative side area) 


  Pin:   _15516_/A1 (sky130_fd_sc_hd__mux2_1)
    Layer: mcon
      Partial area ratio:    0.46
      Required ratio:    3.00 (Gate area) 
      Cumulative area ratio:    0.46
      Required ratio:    0.00 (Cumulative area) 

    Layer: met1
      Partial area ratio:    8.35
      Required ratio:    0.00 (Gate area) 
      Cumulative area ratio:    8.35
      Required ratio:    0.00 (Cumulative area) 
      Partial area ratio:   40.50
      Required ratio:  400.00 (Side area) 
      Cumulative area ratio:   40.50
      Required ratio:    0.00 (Cumulative side area) 

    Layer: via
      Partial area ratio:    0.36
      Required ratio:    6.00 (Gate area) 
      Cumulative area ratio:    0.82
      Required ratio:    0.00 (Cumulative area) 

    Layer: met2
      Partial area ratio:   11.05
      Required ratio:    0.00 (Gate area) 
      Cumulative area ratio:   19.39
      Required ratio:    0.00 (Cumulative area) 
      Partial area ratio:   54.44
      Required ratio: 4336.52 (Side area) 
      Cumulative area ratio:   94.94
      Required ratio:    0.00 (Cumulative side area) 


  Pin:   _15525_/A1 (sky130_fd_sc_hd__mux2_1)
    Layer: mcon
      Partial area ratio:    0.23
      Required ratio:    3.00 (Gate area) 
      Cumulative area ratio:    0.23
      Required ratio:    0.00 (Cumulative area) 

    Layer: met1
      Partial area ratio:    3.41
      Required ratio:    0.00 (Gate area) 
      Cumulative area ratio:    3.41
      Required ratio:    0.00 (Cumulative area) 
      Partial area ratio:   16.42
      Required ratio:  400.00 (Side area) 
      Cumulative area ratio:   16.42
      Required ratio:    0.00 (Cumulative side area) 

    Layer: via
      Partial area ratio:    0.18
      Required ratio:    6.00 (Gate area) 
      Cumulative area ratio:    0.41
      Required ratio:    0.00 (Cumulative area) 

    Layer: met2
      Partial area ratio:   11.05
      Required ratio:    0.00 (Gate area) 
      Cumulative area ratio:   14.45
      Required ratio:    0.00 (Cumulative area) 
      Partial area ratio:   54.44
      Required ratio: 4336.52 (Side area) 
      Cumulative area ratio:   70.85
      Required ratio:    0.00 (Cumulative side area) 


  Pin:   _15534_/A1 (sky130_fd_sc_hd__mux2_1)
    Layer: mcon
      Partial area ratio:    0.23
      Required ratio:    3.00 (Gate area) 
      Cumulative area ratio:    0.23
      Required ratio:    0.00 (Cumulative area) 

    Layer: met1
      Partial area ratio:    1.87
      Required ratio:    0.00 (Gate area) 
      Cumulative area ratio:    1.87
      Required ratio:    0.00 (Cumulative area) 
      Partial area ratio:    8.75
      Required ratio:  400.00 (Side area) 
      Cumulative area ratio:    8.75
      Required ratio:    0.00 (Cumulative side area) 

    Layer: via
      Partial area ratio:    0.18
      Required ratio:    6.00 (Gate area) 
      Cumulative area ratio:    0.41
      Required ratio:    0.00 (Cumulative area) 

    Layer: met2
      Partial area ratio:   11.05
      Required ratio:    0.00 (Gate area) 
      Cumulative area ratio:   12.92
      Required ratio:    0.00 (Cumulative area) 
      Partial area ratio:   54.44
      Required ratio: 4336.52 (Side area) 
      Cumulative area ratio:   63.19
      Required ratio:    0.00 (Cumulative side area) 


  Pin:   _15544_/A1 (sky130_fd_sc_hd__mux2_1)
    Layer: mcon
      Partial area ratio:    0.23
      Required ratio:    3.00 (Gate area) 
      Cumulative area ratio:    0.23
      Required ratio:    0.00 (Cumulative area) 

    Layer: met1
      Partial area ratio:    0.66
      Required ratio:    0.00 (Gate area) 
      Cumulative area ratio:    0.66
      Required ratio:    0.00 (Cumulative area) 
      Partial area ratio:    3.22
      Required ratio:  400.00 (Side area) 
      Cumulative area ratio:    3.22
      Required ratio:    0.00 (Cumulative side area) 

    Layer: via
      Partial area ratio:    0.18
      Required ratio:    6.00 (Gate area) 
      Cumulative area ratio:    0.41
      Required ratio:    0.00 (Cumulative area) 

    Layer: met2
      Partial area ratio:   11.05
      Required ratio:    0.00 (Gate area) 
      Cumulative area ratio:   11.71
      Required ratio:    0.00 (Cumulative area) 
      Partial area ratio:   54.44
      Required ratio: 4336.52 (Side area) 
      Cumulative area ratio:   57.66
      Required ratio:    0.00 (Cumulative side area) 


  Pin:   _15553_/A1 (sky130_fd_sc_hd__mux2_1)
    Layer: mcon
      Partial area ratio:    0.23
      Required ratio:    3.00 (Gate area) 
      Cumulative area ratio:    0.23
      Required ratio:    0.00 (Cumulative area) 

    Layer: met1
      Partial area ratio:   14.05
      Required ratio:    0.00 (Gate area) 
      Cumulative area ratio:   14.05
      Required ratio:    0.00 (Cumulative area) 
      Partial area ratio:   68.44
      Required ratio:  400.00 (Side area) 
      Cumulative area ratio:   68.44
      Required ratio:    0.00 (Cumulative side area) 

    Layer: via
      Partial area ratio:    0.54
      Required ratio:    6.00 (Gate area) 
      Cumulative area ratio:    0.77
      Required ratio:    0.00 (Cumulative area) 

    Layer: met2
      Partial area ratio:   11.05
      Required ratio:    0.00 (Gate area) 
      Cumulative area ratio:   25.09
      Required ratio:    0.00 (Cumulative area) 
      Partial area ratio:   54.44
      Required ratio: 4336.52 (Side area) 
      Cumulative area ratio:  122.88
      Required ratio:    0.00 (Cumulative side area) 


  Pin:   _15562_/A1 (sky130_fd_sc_hd__mux2_1)
    Layer: mcon
      Partial area ratio:    0.23
      Required ratio:    3.00 (Gate area) 
      Cumulative area ratio:    0.23
      Required ratio:    0.00 (Cumulative area) 

    Layer: met1
      Partial area ratio:    2.90
      Required ratio:    0.00 (Gate area) 
      Cumulative area ratio:    2.90
      Required ratio:    0.00 (Cumulative area) 
      Partial area ratio:   13.86
      Required ratio:  400.00 (Side area) 
      Cumulative area ratio:   13.86
      Required ratio:    0.00 (Cumulative side area) 

    Layer: via
      Partial area ratio:    0.18
      Required ratio:    6.00 (Gate area) 
      Cumulative area ratio:    0.41
      Required ratio:    0.00 (Cumulative area) 

    Layer: met2
      Partial area ratio:   11.05
      Required ratio:    0.00 (Gate area) 
      Cumulative area ratio:   13.94
      Required ratio:    0.00 (Cumulative area) 
      Partial area ratio:   54.44
      Required ratio: 4336.52 (Side area) 
      Cumulative area ratio:   68.30
      Required ratio:    0.00 (Cumulative side area) 


  Pin:   _15571_/A1 (sky130_fd_sc_hd__mux2_1)
    Layer: mcon
      Partial area ratio:    0.23
      Required ratio:    3.00 (Gate area) 
      Cumulative area ratio:    0.23
      Required ratio:    0.00 (Cumulative area) 

    Layer: met1
      Partial area ratio:    1.87
      Required ratio:    0.00 (Gate area) 
      Cumulative area ratio:    1.87
      Required ratio:    0.00 (Cumulative area) 
      Partial area ratio:    8.75
      Required ratio:  400.00 (Side area) 
      Cumulative area ratio:    8.75
      Required ratio:    0.00 (Cumulative side area) 

    Layer: via
      Partial area ratio:    0.18
      Required ratio:    6.00 (Gate area) 
      Cumulative area ratio:    0.41
      Required ratio:    0.00 (Cumulative area) 

    Layer: met2
      Partial area ratio:   11.05
      Required ratio:    0.00 (Gate area) 
      Cumulative area ratio:   12.92
      Required ratio:    0.00 (Cumulative area) 
      Partial area ratio:   54.44
      Required ratio: 4336.52 (Side area) 
      Cumulative area ratio:   63.19
      Required ratio:    0.00 (Cumulative side area) 


  Pin:   _15580_/A0 (sky130_fd_sc_hd__mux2_1)
    Layer: li1
      Partial area ratio:    0.01
      Required ratio:    0.00 (Gate area) 
      Cumulative area ratio:    0.01
      Required ratio:    0.00 (Cumulative area) 
      Partial area ratio:    0.28
      Required ratio:   75.00 (Side area) 
      Cumulative area ratio:    0.28
      Required ratio:    0.00 (Cumulative side area) 

    Layer: mcon
      Partial area ratio:    0.23
      Required ratio:    3.00 (Gate area) 
      Cumulative area ratio:    0.23
      Required ratio:    0.00 (Cumulative area) 

    Layer: met1
      Partial area ratio:    1.36
      Required ratio:    0.00 (Gate area) 
      Cumulative area ratio:    1.37
      Required ratio:    0.00 (Cumulative area) 
      Partial area ratio:    6.19
      Required ratio:  400.00 (Side area) 
      Cumulative area ratio:    6.47
      Required ratio:    0.00 (Cumulative side area) 

    Layer: via
      Partial area ratio:    0.18
      Required ratio:    6.00 (Gate area) 
      Cumulative area ratio:    0.41
      Required ratio:    0.00 (Cumulative area) 

    Layer: met2
      Partial area ratio:   11.05
      Required ratio:    0.00 (Gate area) 
      Cumulative area ratio:   12.42
      Required ratio:    0.00 (Cumulative area) 
      Partial area ratio:   54.44
      Required ratio: 4336.52 (Side area) 
      Cumulative area ratio:   60.91
      Required ratio:    0.00 (Cumulative side area) 


  Pin:   _15589_/A1 (sky130_fd_sc_hd__mux2_1)
    Layer: mcon
      Partial area ratio:    0.23
      Required ratio:    3.00 (Gate area) 
      Cumulative area ratio:    0.23
      Required ratio:    0.00 (Cumulative area) 

    Layer: met1
      Partial area ratio:   26.08
      Required ratio:    0.00 (Gate area) 
      Cumulative area ratio:   26.08
      Required ratio:    0.00 (Cumulative area) 
      Partial area ratio:  128.94
      Required ratio:  400.00 (Side area) 
      Cumulative area ratio:  128.94
      Required ratio:    0.00 (Cumulative side area) 

    Layer: via
      Partial area ratio:    0.36
      Required ratio:    6.00 (Gate area) 
      Cumulative area ratio:    0.59
      Required ratio:    0.00 (Cumulative area) 

    Layer: met2
      Partial area ratio:   11.05
      Required ratio:    0.00 (Gate area) 
      Cumulative area ratio:   37.13
      Required ratio:    0.00 (Cumulative area) 
      Partial area ratio:   54.44
      Required ratio: 4336.52 (Side area) 
      Cumulative area ratio:  183.38
      Required ratio:    0.00 (Cumulative side area) 


  Pin:   _15598_/A1 (sky130_fd_sc_hd__mux2_1)
    Layer: mcon
      Partial area ratio:    0.23
      Required ratio:    3.00 (Gate area) 
      Cumulative area ratio:    0.23
      Required ratio:    0.00 (Cumulative area) 

    Layer: met1
      Partial area ratio:    0.66
      Required ratio:    0.00 (Gate area) 
      Cumulative area ratio:    0.66
      Required ratio:    0.00 (Cumulative area) 
      Partial area ratio:    3.22
      Required ratio:  400.00 (Side area) 
      Cumulative area ratio:    3.22
      Required ratio:    0.00 (Cumulative side area) 

    Layer: via
      Partial area ratio:    0.18
      Required ratio:    6.00 (Gate area) 
      Cumulative area ratio:    0.41
      Required ratio:    0.00 (Cumulative area) 

    Layer: met2
      Partial area ratio:   11.05
      Required ratio:    0.00 (Gate area) 
      Cumulative area ratio:   11.71
      Required ratio:    0.00 (Cumulative area) 
      Partial area ratio:   54.44
      Required ratio: 4336.52 (Side area) 
      Cumulative area ratio:   57.66
      Required ratio:    0.00 (Cumulative side area) 


  Pin:   _15607_/A1 (sky130_fd_sc_hd__mux2_1)
    Layer: mcon
      Partial area ratio:    0.23
      Required ratio:    3.00 (Gate area) 
      Cumulative area ratio:    0.23
      Required ratio:    0.00 (Cumulative area) 

    Layer: met1
      Partial area ratio:   16.03
      Required ratio:    0.00 (Gate area) 
      Cumulative area ratio:   16.03
      Required ratio:    0.00 (Cumulative area) 
      Partial area ratio:   79.22
      Required ratio:  400.00 (Side area) 
      Cumulative area ratio:   79.22
      Required ratio:    0.00 (Cumulative side area) 

    Layer: via
      Partial area ratio:    0.36
      Required ratio:    6.00 (Gate area) 
      Cumulative area ratio:    0.59
      Required ratio:    0.00 (Cumulative area) 

    Layer: met2
      Partial area ratio:   11.05
      Required ratio:    0.00 (Gate area) 
      Cumulative area ratio:   27.08
      Required ratio:    0.00 (Cumulative area) 
      Partial area ratio:   54.44
      Required ratio: 4336.52 (Side area) 
      Cumulative area ratio:  133.66
      Required ratio:    0.00 (Cumulative side area) 


  Pin:   _15616_/A1 (sky130_fd_sc_hd__mux2_1)
    Layer: mcon
      Partial area ratio:    0.46
      Required ratio:    3.00 (Gate area) 
      Cumulative area ratio:    0.46
      Required ratio:    0.00 (Cumulative area) 

    Layer: met1
      Partial area ratio:    6.30
      Required ratio:    0.00 (Gate area) 
      Cumulative area ratio:    6.30
      Required ratio:    0.00 (Cumulative area) 
      Partial area ratio:   30.28
      Required ratio:  400.00 (Side area) 
      Cumulative area ratio:   30.28
      Required ratio:    0.00 (Cumulative side area) 

    Layer: via
      Partial area ratio:    0.36
      Required ratio:    6.00 (Gate area) 
      Cumulative area ratio:    0.82
      Required ratio:    0.00 (Cumulative area) 

    Layer: met2
      Partial area ratio:   11.05
      Required ratio:    0.00 (Gate area) 
      Cumulative area ratio:   17.35
      Required ratio:    0.00 (Cumulative area) 
      Partial area ratio:   54.44
      Required ratio: 4336.52 (Side area) 
      Cumulative area ratio:   84.71
      Required ratio:    0.00 (Cumulative side area) 


  Pin:   _15625_/A1 (sky130_fd_sc_hd__mux2_1)
    Layer: mcon
      Partial area ratio:    0.46
      Required ratio:    3.00 (Gate area) 
      Cumulative area ratio:    0.46
      Required ratio:    0.00 (Cumulative area) 

    Layer: met1
      Partial area ratio:   13.46
      Required ratio:    0.00 (Gate area) 
      Cumulative area ratio:   13.46
      Required ratio:    0.00 (Cumulative area) 
      Partial area ratio:   66.06
      Required ratio:  400.00 (Side area) 
      Cumulative area ratio:   66.06
      Required ratio:    0.00 (Cumulative side area) 

    Layer: via
      Partial area ratio:    0.36
      Required ratio:    6.00 (Gate area) 
      Cumulative area ratio:    0.82
      Required ratio:    0.00 (Cumulative area) 

    Layer: met2
      Partial area ratio:   11.05
      Required ratio:    0.00 (Gate area) 
      Cumulative area ratio:   24.50
      Required ratio:    0.00 (Cumulative area) 
      Partial area ratio:   54.44
      Required ratio: 4336.52 (Side area) 
      Cumulative area ratio:  120.49
      Required ratio:    0.00 (Cumulative side area) 


  Pin:   _15634_/A1 (sky130_fd_sc_hd__mux2_1)
    Layer: mcon
      Partial area ratio:    0.23
      Required ratio:    3.00 (Gate area) 
      Cumulative area ratio:    0.23
      Required ratio:    0.00 (Cumulative area) 

    Layer: met1
      Partial area ratio:   13.44
      Required ratio:    0.00 (Gate area) 
      Cumulative area ratio:   13.44
      Required ratio:    0.00 (Cumulative area) 
      Partial area ratio:   65.72
      Required ratio:  400.00 (Side area) 
      Cumulative area ratio:   65.72
      Required ratio:    0.00 (Cumulative side area) 

    Layer: via
      Partial area ratio:    0.36
      Required ratio:    6.00 (Gate area) 
      Cumulative area ratio:    0.59
      Required ratio:    0.00 (Cumulative area) 

    Layer: met2
      Partial area ratio:   11.05
      Required ratio:    0.00 (Gate area) 
      Cumulative area ratio:   24.49
      Required ratio:    0.00 (Cumulative area) 
      Partial area ratio:   54.44
      Required ratio: 4336.52 (Side area) 
      Cumulative area ratio:  120.16
      Required ratio:    0.00 (Cumulative side area) 


  Pin:   _15643_/A1 (sky130_fd_sc_hd__mux2_1)
    Layer: mcon
      Partial area ratio:    0.23
      Required ratio:    3.00 (Gate area) 
      Cumulative area ratio:    0.23
      Required ratio:    0.00 (Cumulative area) 

    Layer: met1
      Partial area ratio:    6.98
      Required ratio:    0.00 (Gate area) 
      Cumulative area ratio:    6.98
      Required ratio:    0.00 (Cumulative area) 
      Partial area ratio:   34.31
      Required ratio:  400.00 (Side area) 
      Cumulative area ratio:   34.31
      Required ratio:    0.00 (Cumulative side area) 

    Layer: via
      Partial area ratio:    0.18
      Required ratio:    6.00 (Gate area) 
      Cumulative area ratio:    0.41
      Required ratio:    0.00 (Cumulative area) 

    Layer: met2
      Partial area ratio:   11.05
      Required ratio:    0.00 (Gate area) 
      Cumulative area ratio:   18.03
      Required ratio:    0.00 (Cumulative area) 
      Partial area ratio:   54.44
      Required ratio: 4336.52 (Side area) 
      Cumulative area ratio:   88.74
      Required ratio:    0.00 (Cumulative side area) 


  Pin:   _15652_/A1 (sky130_fd_sc_hd__mux2_1)
    Layer: mcon
      Partial area ratio:    0.23
      Required ratio:    3.00 (Gate area) 
      Cumulative area ratio:    0.23
      Required ratio:    0.00 (Cumulative area) 

    Layer: met1
      Partial area ratio:    0.66
      Required ratio:    0.00 (Gate area) 
      Cumulative area ratio:    0.66
      Required ratio:    0.00 (Cumulative area) 
      Partial area ratio:    3.22
      Required ratio:  400.00 (Side area) 
      Cumulative area ratio:    3.22
      Required ratio:    0.00 (Cumulative side area) 

    Layer: via
      Partial area ratio:    0.18
      Required ratio:    6.00 (Gate area) 
      Cumulative area ratio:    0.41
      Required ratio:    0.00 (Cumulative area) 

    Layer: met2
      Partial area ratio:   11.05
      Required ratio:    0.00 (Gate area) 
      Cumulative area ratio:   11.71
      Required ratio:    0.00 (Cumulative area) 
      Partial area ratio:   54.44
      Required ratio: 4336.52 (Side area) 
      Cumulative area ratio:   57.66
      Required ratio:    0.00 (Cumulative side area) 


  Pin:   _15661_/A1 (sky130_fd_sc_hd__mux2_1)
    Layer: mcon
      Partial area ratio:    0.23
      Required ratio:    3.00 (Gate area) 
      Cumulative area ratio:    0.23
      Required ratio:    0.00 (Cumulative area) 

    Layer: met1
      Partial area ratio:   31.18
      Required ratio:    0.00 (Gate area) 
      Cumulative area ratio:   31.18
      Required ratio:    0.00 (Cumulative area) 
      Partial area ratio:  155.03
      Required ratio:  400.00 (Side area) 
      Cumulative area ratio:  155.03
      Required ratio:    0.00 (Cumulative side area) 

    Layer: via
      Partial area ratio:    0.18
      Required ratio:    6.00 (Gate area) 
      Cumulative area ratio:    0.41
      Required ratio:    0.00 (Cumulative area) 

    Layer: met2
      Partial area ratio:   11.05
      Required ratio:    0.00 (Gate area) 
      Cumulative area ratio:   42.23
      Required ratio:    0.00 (Cumulative area) 
      Partial area ratio:   54.44
      Required ratio: 4336.52 (Side area) 
      Cumulative area ratio:  209.46
      Required ratio:    0.00 (Cumulative side area) 


  Pin:   _15670_/A1 (sky130_fd_sc_hd__mux2_1)
    Layer: mcon
      Partial area ratio:    0.23
      Required ratio:    3.00 (Gate area) 
      Cumulative area ratio:    0.23
      Required ratio:    0.00 (Cumulative area) 

    Layer: met1
      Partial area ratio:    6.02
      Required ratio:    0.00 (Gate area) 
      Cumulative area ratio:    6.02
      Required ratio:    0.00 (Cumulative area) 
      Partial area ratio:   29.51
      Required ratio:  400.00 (Side area) 
      Cumulative area ratio:   29.51
      Required ratio:    0.00 (Cumulative side area) 

    Layer: via
      Partial area ratio:    0.09
      Required ratio:    6.00 (Gate area) 
      Cumulative area ratio:    0.32
      Required ratio:    0.00 (Cumulative area) 

    Layer: met2
      Partial area ratio:   11.05
      Required ratio:    0.00 (Gate area) 
      Cumulative area ratio:   17.07
      Required ratio:    0.00 (Cumulative area) 
      Partial area ratio:   54.44
      Required ratio: 4336.52 (Side area) 
      Cumulative area ratio:   83.95
      Required ratio:    0.00 (Cumulative side area) 


  Pin:   _15679_/A0 (sky130_fd_sc_hd__mux2_1)
    Layer: li1
      Partial area ratio:    0.01
      Required ratio:    0.00 (Gate area) 
      Cumulative area ratio:    0.01
      Required ratio:    0.00 (Cumulative area) 
      Partial area ratio:    0.28
      Required ratio:   75.00 (Side area) 
      Cumulative area ratio:    0.28
      Required ratio:    0.00 (Cumulative side area) 

    Layer: mcon
      Partial area ratio:    0.23
      Required ratio:    3.00 (Gate area) 
      Cumulative area ratio:    0.23
      Required ratio:    0.00 (Cumulative area) 

    Layer: met1
      Partial area ratio:    2.38
      Required ratio:    0.00 (Gate area) 
      Cumulative area ratio:    2.39
      Required ratio:    0.00 (Cumulative area) 
      Partial area ratio:   11.31
      Required ratio:  400.00 (Side area) 
      Cumulative area ratio:   11.58
      Required ratio:    0.00 (Cumulative side area) 

    Layer: via
      Partial area ratio:    0.18
      Required ratio:    6.00 (Gate area) 
      Cumulative area ratio:    0.41
      Required ratio:    0.00 (Cumulative area) 

    Layer: met2
      Partial area ratio:   11.05
      Required ratio:    0.00 (Gate area) 
      Cumulative area ratio:   13.44
      Required ratio:    0.00 (Cumulative area) 
      Partial area ratio:   54.44
      Required ratio: 4336.52 (Side area) 
      Cumulative area ratio:   66.02
      Required ratio:    0.00 (Cumulative side area) 


  Pin:   _15688_/A1 (sky130_fd_sc_hd__mux2_1)
    Layer: mcon
      Partial area ratio:    0.46
      Required ratio:    3.00 (Gate area) 
      Cumulative area ratio:    0.46
      Required ratio:    0.00 (Cumulative area) 

    Layer: met1
      Partial area ratio:   31.18
      Required ratio:    0.00 (Gate area) 
      Cumulative area ratio:   31.18
      Required ratio:    0.00 (Cumulative area) 
      Partial area ratio:  155.03
      Required ratio:  400.00 (Side area) 
      Cumulative area ratio:  155.03
      Required ratio:    0.00 (Cumulative side area) 

    Layer: via
      Partial area ratio:    0.18
      Required ratio:    6.00 (Gate area) 
      Cumulative area ratio:    0.64
      Required ratio:    0.00 (Cumulative area) 

    Layer: met2
      Partial area ratio:   11.05
      Required ratio:    0.00 (Gate area) 
      Cumulative area ratio:   42.23
      Required ratio:    0.00 (Cumulative area) 
      Partial area ratio:   54.44
      Required ratio: 4336.52 (Side area) 
      Cumulative area ratio:  209.46
      Required ratio:    0.00 (Cumulative side area) 


  Pin:   _15697_/A1 (sky130_fd_sc_hd__mux2_1)
    Layer: mcon
      Partial area ratio:    0.23
      Required ratio:    3.00 (Gate area) 
      Cumulative area ratio:    0.23
      Required ratio:    0.00 (Cumulative area) 

    Layer: met1
      Partial area ratio:    6.02
      Required ratio:    0.00 (Gate area) 
      Cumulative area ratio:    6.02
      Required ratio:    0.00 (Cumulative area) 
      Partial area ratio:   29.51
      Required ratio:  400.00 (Side area) 
      Cumulative area ratio:   29.51
      Required ratio:    0.00 (Cumulative side area) 

    Layer: via
      Partial area ratio:    0.09
      Required ratio:    6.00 (Gate area) 
      Cumulative area ratio:    0.32
      Required ratio:    0.00 (Cumulative area) 

    Layer: met2
      Partial area ratio:   11.05
      Required ratio:    0.00 (Gate area) 
      Cumulative area ratio:   17.07
      Required ratio:    0.00 (Cumulative area) 
      Partial area ratio:   54.44
      Required ratio: 4336.52 (Side area) 
      Cumulative area ratio:   83.95
      Required ratio:    0.00 (Cumulative side area) 


  Pin:   _15707_/A1 (sky130_fd_sc_hd__mux2_1)
    Layer: mcon
      Partial area ratio:    0.23
      Required ratio:    3.00 (Gate area) 
      Cumulative area ratio:    0.23
      Required ratio:    0.00 (Cumulative area) 

    Layer: met1
      Partial area ratio:    2.38
      Required ratio:    0.00 (Gate area) 
      Cumulative area ratio:    2.38
      Required ratio:    0.00 (Cumulative area) 
      Partial area ratio:   11.31
      Required ratio:  400.00 (Side area) 
      Cumulative area ratio:   11.31
      Required ratio:    0.00 (Cumulative side area) 

    Layer: via
      Partial area ratio:    0.18
      Required ratio:    6.00 (Gate area) 
      Cumulative area ratio:    0.41
      Required ratio:    0.00 (Cumulative area) 

    Layer: met2
      Partial area ratio:   11.05
      Required ratio:    0.00 (Gate area) 
      Cumulative area ratio:   13.43
      Required ratio:    0.00 (Cumulative area) 
      Partial area ratio:   54.44
      Required ratio: 4336.52 (Side area) 
      Cumulative area ratio:   65.74
      Required ratio:    0.00 (Cumulative side area) 


  Pin:   _15716_/A1 (sky130_fd_sc_hd__mux2_1)
    Layer: mcon
      Partial area ratio:    0.23
      Required ratio:    3.00 (Gate area) 
      Cumulative area ratio:    0.23
      Required ratio:    0.00 (Cumulative area) 

    Layer: met1
      Partial area ratio:    3.03
      Required ratio:    0.00 (Gate area) 
      Cumulative area ratio:    3.03
      Required ratio:    0.00 (Cumulative area) 
      Partial area ratio:   14.56
      Required ratio:  400.00 (Side area) 
      Cumulative area ratio:   14.56
      Required ratio:    0.00 (Cumulative side area) 

    Layer: via
      Partial area ratio:    0.09
      Required ratio:    6.00 (Gate area) 
      Cumulative area ratio:    0.32
      Required ratio:    0.00 (Cumulative area) 

    Layer: met2
      Partial area ratio:   11.05
      Required ratio:    0.00 (Gate area) 
      Cumulative area ratio:   14.07
      Required ratio:    0.00 (Cumulative area) 
      Partial area ratio:   54.44
      Required ratio: 4336.52 (Side area) 
      Cumulative area ratio:   68.99
      Required ratio:    0.00 (Cumulative side area) 


  Pin:   _15725_/A1 (sky130_fd_sc_hd__mux2_1)
    Layer: mcon
      Partial area ratio:    0.23
      Required ratio:    3.00 (Gate area) 
      Cumulative area ratio:    0.23
      Required ratio:    0.00 (Cumulative area) 

    Layer: met1
      Partial area ratio:    7.50
      Required ratio:    0.00 (Gate area) 
      Cumulative area ratio:    7.50
      Required ratio:    0.00 (Cumulative area) 
      Partial area ratio:   36.86
      Required ratio:  400.00 (Side area) 
      Cumulative area ratio:   36.86
      Required ratio:    0.00 (Cumulative side area) 

    Layer: via
      Partial area ratio:    0.18
      Required ratio:    6.00 (Gate area) 
      Cumulative area ratio:    0.41
      Required ratio:    0.00 (Cumulative area) 

    Layer: met2
      Partial area ratio:   11.05
      Required ratio:    0.00 (Gate area) 
      Cumulative area ratio:   18.54
      Required ratio:    0.00 (Cumulative area) 
      Partial area ratio:   54.44
      Required ratio: 4336.52 (Side area) 
      Cumulative area ratio:   91.30
      Required ratio:    0.00 (Cumulative side area) 


  Pin:   _15734_/A1 (sky130_fd_sc_hd__mux2_1)
    Layer: mcon
      Partial area ratio:    0.23
      Required ratio:    3.00 (Gate area) 
      Cumulative area ratio:    0.23
      Required ratio:    0.00 (Cumulative area) 

    Layer: met1
      Partial area ratio:    3.03
      Required ratio:    0.00 (Gate area) 
      Cumulative area ratio:    3.03
      Required ratio:    0.00 (Cumulative area) 
      Partial area ratio:   14.56
      Required ratio:  400.00 (Side area) 
      Cumulative area ratio:   14.56
      Required ratio:    0.00 (Cumulative side area) 

    Layer: via
      Partial area ratio:    0.09
      Required ratio:    6.00 (Gate area) 
      Cumulative area ratio:    0.32
      Required ratio:    0.00 (Cumulative area) 

    Layer: met2
      Partial area ratio:   11.05
      Required ratio:    0.00 (Gate area) 
      Cumulative area ratio:   14.07
      Required ratio:    0.00 (Cumulative area) 
      Partial area ratio:   54.44
      Required ratio: 4336.52 (Side area) 
      Cumulative area ratio:   68.99
      Required ratio:    0.00 (Cumulative side area) 


  Pin:   _15743_/A1 (sky130_fd_sc_hd__mux2_1)
    Layer: mcon
      Partial area ratio:    0.46
      Required ratio:    3.00 (Gate area) 
      Cumulative area ratio:    0.46
      Required ratio:    0.00 (Cumulative area) 

    Layer: met1
      Partial area ratio:   21.82
      Required ratio:    0.00 (Gate area) 
      Cumulative area ratio:   21.82
      Required ratio:    0.00 (Cumulative area) 
      Partial area ratio:  108.42
      Required ratio:  400.00 (Side area) 
      Cumulative area ratio:  108.42
      Required ratio:    0.00 (Cumulative side area) 

    Layer: via
      Partial area ratio:    0.36
      Required ratio:    6.00 (Gate area) 
      Cumulative area ratio:    0.82
      Required ratio:    0.00 (Cumulative area) 

    Layer: met2
      Partial area ratio:   11.05
      Required ratio:    0.00 (Gate area) 
      Cumulative area ratio:   32.87
      Required ratio:    0.00 (Cumulative area) 
      Partial area ratio:   54.44
      Required ratio: 4336.52 (Side area) 
      Cumulative area ratio:  162.85
      Required ratio:    0.00 (Cumulative side area) 


  Pin:   _15752_/A1 (sky130_fd_sc_hd__mux2_1)
    Layer: mcon
      Partial area ratio:    0.23
      Required ratio:    3.00 (Gate area) 
      Cumulative area ratio:    0.23
      Required ratio:    0.00 (Cumulative area) 

    Layer: met1
      Partial area ratio:    4.94
      Required ratio:    0.00 (Gate area) 
      Cumulative area ratio:    4.94
      Required ratio:    0.00 (Cumulative area) 
      Partial area ratio:   24.08
      Required ratio:  400.00 (Side area) 
      Cumulative area ratio:   24.08
      Required ratio:    0.00 (Cumulative side area) 

    Layer: via
      Partial area ratio:    0.18
      Required ratio:    6.00 (Gate area) 
      Cumulative area ratio:    0.41
      Required ratio:    0.00 (Cumulative area) 

    Layer: met2
      Partial area ratio:   11.05
      Required ratio:    0.00 (Gate area) 
      Cumulative area ratio:   15.99
      Required ratio:    0.00 (Cumulative area) 
      Partial area ratio:   54.44
      Required ratio: 4336.52 (Side area) 
      Cumulative area ratio:   78.52
      Required ratio:    0.00 (Cumulative side area) 


  Pin:   _15761_/A1 (sky130_fd_sc_hd__mux2_1)
    Layer: mcon
      Partial area ratio:    0.23
      Required ratio:    3.00 (Gate area) 
      Cumulative area ratio:    0.23
      Required ratio:    0.00 (Cumulative area) 

    Layer: met1
      Partial area ratio:    1.36
      Required ratio:    0.00 (Gate area) 
      Cumulative area ratio:    1.36
      Required ratio:    0.00 (Cumulative area) 
      Partial area ratio:    6.19
      Required ratio:  400.00 (Side area) 
      Cumulative area ratio:    6.19
      Required ratio:    0.00 (Cumulative side area) 

    Layer: via
      Partial area ratio:    0.18
      Required ratio:    6.00 (Gate area) 
      Cumulative area ratio:    0.41
      Required ratio:    0.00 (Cumulative area) 

    Layer: met2
      Partial area ratio:   11.05
      Required ratio:    0.00 (Gate area) 
      Cumulative area ratio:   12.41
      Required ratio:    0.00 (Cumulative area) 
      Partial area ratio:   54.44
      Required ratio: 4336.52 (Side area) 
      Cumulative area ratio:   60.63
      Required ratio:    0.00 (Cumulative side area) 


  Pin:   _15770_/A1 (sky130_fd_sc_hd__mux2_1)
    Layer: mcon
      Partial area ratio:    0.23
      Required ratio:    3.00 (Gate area) 
      Cumulative area ratio:    0.23
      Required ratio:    0.00 (Cumulative area) 

    Layer: met1
      Partial area ratio:    6.98
      Required ratio:    0.00 (Gate area) 
      Cumulative area ratio:    6.98
      Required ratio:    0.00 (Cumulative area) 
      Partial area ratio:   34.31
      Required ratio:  400.00 (Side area) 
      Cumulative area ratio:   34.31
      Required ratio:    0.00 (Cumulative side area) 

    Layer: via
      Partial area ratio:    0.18
      Required ratio:    6.00 (Gate area) 
      Cumulative area ratio:    0.41
      Required ratio:    0.00 (Cumulative area) 

    Layer: met2
      Partial area ratio:   11.05
      Required ratio:    0.00 (Gate area) 
      Cumulative area ratio:   18.03
      Required ratio:    0.00 (Cumulative area) 
      Partial area ratio:   54.44
      Required ratio: 4336.52 (Side area) 
      Cumulative area ratio:   88.74
      Required ratio:    0.00 (Cumulative side area) 


  Pin:   _15779_/A0 (sky130_fd_sc_hd__mux2_1)
    Layer: li1
      Partial area ratio:    0.01
      Required ratio:    0.00 (Gate area) 
      Cumulative area ratio:    0.01
      Required ratio:    0.00 (Cumulative area) 
      Partial area ratio:    0.28
      Required ratio:   75.00 (Side area) 
      Cumulative area ratio:    0.28
      Required ratio:    0.00 (Cumulative side area) 

    Layer: mcon
      Partial area ratio:    0.23
      Required ratio:    3.00 (Gate area) 
      Cumulative area ratio:    0.23
      Required ratio:    0.00 (Cumulative area) 

    Layer: met1
      Partial area ratio:   12.60
      Required ratio:    0.00 (Gate area) 
      Cumulative area ratio:   12.60
      Required ratio:    0.00 (Cumulative area) 
      Partial area ratio:   61.56
      Required ratio:  400.00 (Side area) 
      Cumulative area ratio:   61.83
      Required ratio:    0.00 (Cumulative side area) 

    Layer: via
      Partial area ratio:    0.27
      Required ratio:    6.00 (Gate area) 
      Cumulative area ratio:    0.50
      Required ratio:    0.00 (Cumulative area) 

    Layer: met2
      Partial area ratio:   11.05
      Required ratio:    0.00 (Gate area) 
      Cumulative area ratio:   23.65
      Required ratio:    0.00 (Cumulative area) 
      Partial area ratio:   54.44
      Required ratio: 4336.52 (Side area) 
      Cumulative area ratio:  116.27
      Required ratio:    0.00 (Cumulative side area) 


  Pin:   _15788_/A1 (sky130_fd_sc_hd__mux2_1)
    Layer: mcon
      Partial area ratio:    0.23
      Required ratio:    3.00 (Gate area) 
      Cumulative area ratio:    0.23
      Required ratio:    0.00 (Cumulative area) 

    Layer: met1
      Partial area ratio:   10.56
      Required ratio:    0.00 (Gate area) 
      Cumulative area ratio:   10.56
      Required ratio:    0.00 (Cumulative area) 
      Partial area ratio:   52.19
      Required ratio:  400.00 (Side area) 
      Cumulative area ratio:   52.19
      Required ratio:    0.00 (Cumulative side area) 

    Layer: via
      Partial area ratio:    0.18
      Required ratio:    6.00 (Gate area) 
      Cumulative area ratio:    0.41
      Required ratio:    0.00 (Cumulative area) 

    Layer: met2
      Partial area ratio:   11.05
      Required ratio:    0.00 (Gate area) 
      Cumulative area ratio:   21.61
      Required ratio:    0.00 (Cumulative area) 
      Partial area ratio:   54.44
      Required ratio: 4336.52 (Side area) 
      Cumulative area ratio:  106.63
      Required ratio:    0.00 (Cumulative side area) 


  Pin:   _15797_/A1 (sky130_fd_sc_hd__mux2_1)
    Layer: mcon
      Partial area ratio:    0.23
      Required ratio:    3.00 (Gate area) 
      Cumulative area ratio:    0.23
      Required ratio:    0.00 (Cumulative area) 

    Layer: met1
      Partial area ratio:   11.40
      Required ratio:    0.00 (Gate area) 
      Cumulative area ratio:   11.40
      Required ratio:    0.00 (Cumulative area) 
      Partial area ratio:   55.53
      Required ratio:  400.00 (Side area) 
      Cumulative area ratio:   55.53
      Required ratio:    0.00 (Cumulative side area) 

    Layer: via
      Partial area ratio:    0.36
      Required ratio:    6.00 (Gate area) 
      Cumulative area ratio:    0.59
      Required ratio:    0.00 (Cumulative area) 

    Layer: met2
      Partial area ratio:   11.05
      Required ratio:    0.00 (Gate area) 
      Cumulative area ratio:   22.45
      Required ratio:    0.00 (Cumulative area) 
      Partial area ratio:   54.44
      Required ratio: 4336.52 (Side area) 
      Cumulative area ratio:  109.96
      Required ratio:    0.00 (Cumulative side area) 


  Pin:   _15806_/A1 (sky130_fd_sc_hd__mux2_1)
    Layer: mcon
      Partial area ratio:    0.46
      Required ratio:    3.00 (Gate area) 
      Cumulative area ratio:    0.46
      Required ratio:    0.00 (Cumulative area) 

    Layer: met1
      Partial area ratio:    3.76
      Required ratio:    0.00 (Gate area) 
      Cumulative area ratio:    3.76
      Required ratio:    0.00 (Cumulative area) 
      Partial area ratio:   17.90
      Required ratio:  400.00 (Side area) 
      Cumulative area ratio:   17.90
      Required ratio:    0.00 (Cumulative side area) 

    Layer: via
      Partial area ratio:    0.18
      Required ratio:    6.00 (Gate area) 
      Cumulative area ratio:    0.64
      Required ratio:    0.00 (Cumulative area) 

    Layer: met2
      Partial area ratio:   11.05
      Required ratio:    0.00 (Gate area) 
      Cumulative area ratio:   14.80
      Required ratio:    0.00 (Cumulative area) 
      Partial area ratio:   54.44
      Required ratio: 4336.52 (Side area) 
      Cumulative area ratio:   72.34
      Required ratio:    0.00 (Cumulative side area) 


  Pin:   _15815_/A1 (sky130_fd_sc_hd__mux2_1)
    Layer: mcon
      Partial area ratio:    0.23
      Required ratio:    3.00 (Gate area) 
      Cumulative area ratio:    0.23
      Required ratio:    0.00 (Cumulative area) 

    Layer: met1
      Partial area ratio:    3.76
      Required ratio:    0.00 (Gate area) 
      Cumulative area ratio:    3.76
      Required ratio:    0.00 (Cumulative area) 
      Partial area ratio:   17.90
      Required ratio:  400.00 (Side area) 
      Cumulative area ratio:   17.90
      Required ratio:    0.00 (Cumulative side area) 

    Layer: via
      Partial area ratio:    0.18
      Required ratio:    6.00 (Gate area) 
      Cumulative area ratio:    0.41
      Required ratio:    0.00 (Cumulative area) 

    Layer: met2
      Partial area ratio:   11.05
      Required ratio:    0.00 (Gate area) 
      Cumulative area ratio:   14.80
      Required ratio:    0.00 (Cumulative area) 
      Partial area ratio:   54.44
      Required ratio: 4336.52 (Side area) 
      Cumulative area ratio:   72.34
      Required ratio:    0.00 (Cumulative side area) 


  Pin:   _15824_/A1 (sky130_fd_sc_hd__mux2_1)
    Layer: mcon
      Partial area ratio:    0.23
      Required ratio:    3.00 (Gate area) 
      Cumulative area ratio:    0.23
      Required ratio:    0.00 (Cumulative area) 

    Layer: met1
      Partial area ratio:    4.94
      Required ratio:    0.00 (Gate area) 
      Cumulative area ratio:    4.94
      Required ratio:    0.00 (Cumulative area) 
      Partial area ratio:   24.08
      Required ratio:  400.00 (Side area) 
      Cumulative area ratio:   24.08
      Required ratio:    0.00 (Cumulative side area) 

    Layer: via
      Partial area ratio:    0.18
      Required ratio:    6.00 (Gate area) 
      Cumulative area ratio:    0.41
      Required ratio:    0.00 (Cumulative area) 

    Layer: met2
      Partial area ratio:   11.05
      Required ratio:    0.00 (Gate area) 
      Cumulative area ratio:   15.99
      Required ratio:    0.00 (Cumulative area) 
      Partial area ratio:   54.44
      Required ratio: 4336.52 (Side area) 
      Cumulative area ratio:   78.52
      Required ratio:    0.00 (Cumulative side area) 


  Pin:   _15833_/A1 (sky130_fd_sc_hd__mux2_1)
    Layer: mcon
      Partial area ratio:    0.23
      Required ratio:    3.00 (Gate area) 
      Cumulative area ratio:    0.23
      Required ratio:    0.00 (Cumulative area) 

    Layer: met1
      Partial area ratio:    1.36
      Required ratio:    0.00 (Gate area) 
      Cumulative area ratio:    1.36
      Required ratio:    0.00 (Cumulative area) 
      Partial area ratio:    6.19
      Required ratio:  400.00 (Side area) 
      Cumulative area ratio:    6.19
      Required ratio:    0.00 (Cumulative side area) 

    Layer: via
      Partial area ratio:    0.18
      Required ratio:    6.00 (Gate area) 
      Cumulative area ratio:    0.41
      Required ratio:    0.00 (Cumulative area) 

    Layer: met2
      Partial area ratio:   11.05
      Required ratio:    0.00 (Gate area) 
      Cumulative area ratio:   12.41
      Required ratio:    0.00 (Cumulative area) 
      Partial area ratio:   54.44
      Required ratio: 4336.52 (Side area) 
      Cumulative area ratio:   60.63
      Required ratio:    0.00 (Cumulative side area) 


  Pin:   _15842_/A1 (sky130_fd_sc_hd__mux2_1)
    Layer: mcon
      Partial area ratio:    0.23
      Required ratio:    3.00 (Gate area) 
      Cumulative area ratio:    0.23
      Required ratio:    0.00 (Cumulative area) 

    Layer: met1
      Partial area ratio:    7.96
      Required ratio:    0.00 (Gate area) 
      Cumulative area ratio:    7.96
      Required ratio:    0.00 (Cumulative area) 
      Partial area ratio:   39.49
      Required ratio:  400.00 (Side area) 
      Cumulative area ratio:   39.49
      Required ratio:    0.00 (Cumulative side area) 

    Layer: via
      Partial area ratio:    0.09
      Required ratio:    6.00 (Gate area) 
      Cumulative area ratio:    0.32
      Required ratio:    0.00 (Cumulative area) 

    Layer: met2
      Partial area ratio:   11.05
      Required ratio:    0.00 (Gate area) 
      Cumulative area ratio:   19.01
      Required ratio:    0.00 (Cumulative area) 
      Partial area ratio:   54.44
      Required ratio: 4336.52 (Side area) 
      Cumulative area ratio:   93.92
      Required ratio:    0.00 (Cumulative side area) 


  Pin:   _15851_/A1 (sky130_fd_sc_hd__mux2_1)
    Layer: mcon
      Partial area ratio:    0.46
      Required ratio:    3.00 (Gate area) 
      Cumulative area ratio:    0.46
      Required ratio:    0.00 (Cumulative area) 

    Layer: met1
      Partial area ratio:   16.52
      Required ratio:    0.00 (Gate area) 
      Cumulative area ratio:   16.52
      Required ratio:    0.00 (Cumulative area) 
      Partial area ratio:   81.39
      Required ratio:  400.00 (Side area) 
      Cumulative area ratio:   81.39
      Required ratio:    0.00 (Cumulative side area) 

    Layer: via
      Partial area ratio:    0.36
      Required ratio:    6.00 (Gate area) 
      Cumulative area ratio:    0.82
      Required ratio:    0.00 (Cumulative area) 

    Layer: met2
      Partial area ratio:   11.05
      Required ratio:    0.00 (Gate area) 
      Cumulative area ratio:   27.57
      Required ratio:    0.00 (Cumulative area) 
      Partial area ratio:   54.44
      Required ratio: 4336.52 (Side area) 
      Cumulative area ratio:  135.83
      Required ratio:    0.00 (Cumulative side area) 


  Pin:   _15862_/A1 (sky130_fd_sc_hd__mux2_1)
    Layer: mcon
      Partial area ratio:    0.23
      Required ratio:    3.00 (Gate area) 
      Cumulative area ratio:    0.23
      Required ratio:    0.00 (Cumulative area) 

    Layer: met1
      Partial area ratio:   37.33
      Required ratio:    0.00 (Gate area) 
      Cumulative area ratio:   37.33
      Required ratio:    0.00 (Cumulative area) 
      Partial area ratio:  185.17
      Required ratio:  400.00 (Side area) 
      Cumulative area ratio:  185.17
      Required ratio:    0.00 (Cumulative side area) 

    Layer: via
      Partial area ratio:    0.36
      Required ratio:    6.00 (Gate area) 
      Cumulative area ratio:    0.59
      Required ratio:    0.00 (Cumulative area) 

    Layer: met2
      Partial area ratio:   11.05
      Required ratio:    0.00 (Gate area) 
      Cumulative area ratio:   48.38
      Required ratio:    0.00 (Cumulative area) 
      Partial area ratio:   54.44
      Required ratio: 4336.52 (Side area) 
      Cumulative area ratio:  239.60
      Required ratio:    0.00 (Cumulative side area) 


  Pin:   _15871_/A1 (sky130_fd_sc_hd__mux2_1)
    Layer: mcon
      Partial area ratio:    0.46
      Required ratio:    3.00 (Gate area) 
      Cumulative area ratio:    0.46
      Required ratio:    0.00 (Cumulative area) 

    Layer: met1
      Partial area ratio:    8.14
      Required ratio:    0.00 (Gate area) 
      Cumulative area ratio:    8.14
      Required ratio:    0.00 (Cumulative area) 
      Partial area ratio:   38.61
      Required ratio:  400.00 (Side area) 
      Cumulative area ratio:   38.61
      Required ratio:    0.00 (Cumulative side area) 

    Layer: via
      Partial area ratio:    0.54
      Required ratio:    6.00 (Gate area) 
      Cumulative area ratio:    0.99
      Required ratio:    0.00 (Cumulative area) 

    Layer: met2
      Partial area ratio:   11.05
      Required ratio:    0.00 (Gate area) 
      Cumulative area ratio:   19.19
      Required ratio:    0.00 (Cumulative area) 
      Partial area ratio:   54.44
      Required ratio: 4336.52 (Side area) 
      Cumulative area ratio:   93.05
      Required ratio:    0.00 (Cumulative side area) 


  Pin:   _15880_/A0 (sky130_fd_sc_hd__mux2_1)
    Layer: li1
      Partial area ratio:    0.01
      Required ratio:    0.00 (Gate area) 
      Cumulative area ratio:    0.01
      Required ratio:    0.00 (Cumulative area) 
      Partial area ratio:    0.28
      Required ratio:   75.00 (Side area) 
      Cumulative area ratio:    0.28
      Required ratio:    0.00 (Cumulative side area) 

    Layer: mcon
      Partial area ratio:    0.23
      Required ratio:    3.00 (Gate area) 
      Cumulative area ratio:    0.23
      Required ratio:    0.00 (Cumulative area) 

    Layer: met1
      Partial area ratio:    6.35
      Required ratio:    0.00 (Gate area) 
      Cumulative area ratio:    6.36
      Required ratio:    0.00 (Cumulative area) 
      Partial area ratio:   31.17
      Required ratio:  400.00 (Side area) 
      Cumulative area ratio:   31.44
      Required ratio:    0.00 (Cumulative side area) 

    Layer: via
      Partial area ratio:    0.09
      Required ratio:    6.00 (Gate area) 
      Cumulative area ratio:    0.32
      Required ratio:    0.00 (Cumulative area) 

    Layer: met2
      Partial area ratio:   11.05
      Required ratio:    0.00 (Gate area) 
      Cumulative area ratio:   17.40
      Required ratio:    0.00 (Cumulative area) 
      Partial area ratio:   54.44
      Required ratio: 4336.52 (Side area) 
      Cumulative area ratio:   85.88
      Required ratio:    0.00 (Cumulative side area) 


  Pin:   _15889_/A1 (sky130_fd_sc_hd__mux2_1)
    Layer: mcon
      Partial area ratio:    0.23
      Required ratio:    3.00 (Gate area) 
      Cumulative area ratio:    0.23
      Required ratio:    0.00 (Cumulative area) 

    Layer: met1
      Partial area ratio:    1.36
      Required ratio:    0.00 (Gate area) 
      Cumulative area ratio:    1.36
      Required ratio:    0.00 (Cumulative area) 
      Partial area ratio:    6.19
      Required ratio:  400.00 (Side area) 
      Cumulative area ratio:    6.19
      Required ratio:    0.00 (Cumulative side area) 

    Layer: via
      Partial area ratio:    0.18
      Required ratio:    6.00 (Gate area) 
      Cumulative area ratio:    0.41
      Required ratio:    0.00 (Cumulative area) 

    Layer: met2
      Partial area ratio:   11.05
      Required ratio:    0.00 (Gate area) 
      Cumulative area ratio:   12.41
      Required ratio:    0.00 (Cumulative area) 
      Partial area ratio:   54.44
      Required ratio: 4336.52 (Side area) 
      Cumulative area ratio:   60.63
      Required ratio:    0.00 (Cumulative side area) 


  Pin:   _15898_/A1 (sky130_fd_sc_hd__mux2_1)
    Layer: mcon
      Partial area ratio:    0.23
      Required ratio:    3.00 (Gate area) 
      Cumulative area ratio:    0.23
      Required ratio:    0.00 (Cumulative area) 

    Layer: met1
      Partial area ratio:    0.66
      Required ratio:    0.00 (Gate area) 
      Cumulative area ratio:    0.66
      Required ratio:    0.00 (Cumulative area) 
      Partial area ratio:    3.22
      Required ratio:  400.00 (Side area) 
      Cumulative area ratio:    3.22
      Required ratio:    0.00 (Cumulative side area) 

    Layer: via
      Partial area ratio:    0.18
      Required ratio:    6.00 (Gate area) 
      Cumulative area ratio:    0.41
      Required ratio:    0.00 (Cumulative area) 

    Layer: met2
      Partial area ratio:   11.05
      Required ratio:    0.00 (Gate area) 
      Cumulative area ratio:   11.71
      Required ratio:    0.00 (Cumulative area) 
      Partial area ratio:   54.44
      Required ratio: 4336.52 (Side area) 
      Cumulative area ratio:   57.66
      Required ratio:    0.00 (Cumulative side area) 


  Pin:   _15907_/A1 (sky130_fd_sc_hd__mux2_1)
    Layer: mcon
      Partial area ratio:    0.46
      Required ratio:    3.00 (Gate area) 
      Cumulative area ratio:    0.46
      Required ratio:    0.00 (Cumulative area) 

    Layer: met1
      Partial area ratio:   27.50
      Required ratio:    0.00 (Gate area) 
      Cumulative area ratio:   27.50
      Required ratio:    0.00 (Cumulative area) 
      Partial area ratio:  136.28
      Required ratio:  400.00 (Side area) 
      Cumulative area ratio:  136.28
      Required ratio:    0.00 (Cumulative side area) 

    Layer: via
      Partial area ratio:    0.36
      Required ratio:    6.00 (Gate area) 
      Cumulative area ratio:    0.82
      Required ratio:    0.00 (Cumulative area) 

    Layer: met2
      Partial area ratio:   11.05
      Required ratio:    0.00 (Gate area) 
      Cumulative area ratio:   38.55
      Required ratio:    0.00 (Cumulative area) 
      Partial area ratio:   54.44
      Required ratio: 4336.52 (Side area) 
      Cumulative area ratio:  190.71
      Required ratio:    0.00 (Cumulative side area) 


  Pin:   _15916_/A1 (sky130_fd_sc_hd__mux2_1)
    Layer: mcon
      Partial area ratio:    0.23
      Required ratio:    3.00 (Gate area) 
      Cumulative area ratio:    0.23
      Required ratio:    0.00 (Cumulative area) 

    Layer: met1
      Partial area ratio:   10.16
      Required ratio:    0.00 (Gate area) 
      Cumulative area ratio:   10.16
      Required ratio:    0.00 (Cumulative area) 
      Partial area ratio:   50.04
      Required ratio:  400.00 (Side area) 
      Cumulative area ratio:   50.04
      Required ratio:    0.00 (Cumulative side area) 

    Layer: via
      Partial area ratio:    0.18
      Required ratio:    6.00 (Gate area) 
      Cumulative area ratio:    0.41
      Required ratio:    0.00 (Cumulative area) 

    Layer: met2
      Partial area ratio:   11.05
      Required ratio:    0.00 (Gate area) 
      Cumulative area ratio:   21.20
      Required ratio:    0.00 (Cumulative area) 
      Partial area ratio:   54.44
      Required ratio: 4336.52 (Side area) 
      Cumulative area ratio:  104.48
      Required ratio:    0.00 (Cumulative side area) 


  Pin:   _15925_/A1 (sky130_fd_sc_hd__mux2_1)
    Layer: mcon
      Partial area ratio:    0.23
      Required ratio:    3.00 (Gate area) 
      Cumulative area ratio:    0.23
      Required ratio:    0.00 (Cumulative area) 

    Layer: met1
      Partial area ratio:   10.16
      Required ratio:    0.00 (Gate area) 
      Cumulative area ratio:   10.16
      Required ratio:    0.00 (Cumulative area) 
      Partial area ratio:   50.04
      Required ratio:  400.00 (Side area) 
      Cumulative area ratio:   50.04
      Required ratio:    0.00 (Cumulative side area) 

    Layer: via
      Partial area ratio:    0.18
      Required ratio:    6.00 (Gate area) 
      Cumulative area ratio:    0.41
      Required ratio:    0.00 (Cumulative area) 

    Layer: met2
      Partial area ratio:   11.05
      Required ratio:    0.00 (Gate area) 
      Cumulative area ratio:   21.20
      Required ratio:    0.00 (Cumulative area) 
      Partial area ratio:   54.44
      Required ratio: 4336.52 (Side area) 
      Cumulative area ratio:  104.48
      Required ratio:    0.00 (Cumulative side area) 


  Pin:   _15934_/A1 (sky130_fd_sc_hd__mux2_1)
    Layer: mcon
      Partial area ratio:    0.23
      Required ratio:    3.00 (Gate area) 
      Cumulative area ratio:    0.23
      Required ratio:    0.00 (Cumulative area) 

    Layer: met1
      Partial area ratio:    0.66
      Required ratio:    0.00 (Gate area) 
      Cumulative area ratio:    0.66
      Required ratio:    0.00 (Cumulative area) 
      Partial area ratio:    3.22
      Required ratio:  400.00 (Side area) 
      Cumulative area ratio:    3.22
      Required ratio:    0.00 (Cumulative side area) 

    Layer: via
      Partial area ratio:    0.18
      Required ratio:    6.00 (Gate area) 
      Cumulative area ratio:    0.41
      Required ratio:    0.00 (Cumulative area) 

    Layer: met2
      Partial area ratio:   11.05
      Required ratio:    0.00 (Gate area) 
      Cumulative area ratio:   11.71
      Required ratio:    0.00 (Cumulative area) 
      Partial area ratio:   54.44
      Required ratio: 4336.52 (Side area) 
      Cumulative area ratio:   57.66
      Required ratio:    0.00 (Cumulative side area) 


  Pin:   _15943_/A1 (sky130_fd_sc_hd__mux2_1)
    Layer: mcon
      Partial area ratio:    0.23
      Required ratio:    3.00 (Gate area) 
      Cumulative area ratio:    0.23
      Required ratio:    0.00 (Cumulative area) 

    Layer: met1
      Partial area ratio:    2.90
      Required ratio:    0.00 (Gate area) 
      Cumulative area ratio:    2.90
      Required ratio:    0.00 (Cumulative area) 
      Partial area ratio:   13.86
      Required ratio:  400.00 (Side area) 
      Cumulative area ratio:   13.86
      Required ratio:    0.00 (Cumulative side area) 

    Layer: via
      Partial area ratio:    0.18
      Required ratio:    6.00 (Gate area) 
      Cumulative area ratio:    0.41
      Required ratio:    0.00 (Cumulative area) 

    Layer: met2
      Partial area ratio:   11.05
      Required ratio:    0.00 (Gate area) 
      Cumulative area ratio:   13.94
      Required ratio:    0.00 (Cumulative area) 
      Partial area ratio:   54.44
      Required ratio: 4336.52 (Side area) 
      Cumulative area ratio:   68.30
      Required ratio:    0.00 (Cumulative side area) 


  Pin:   _15952_/A1 (sky130_fd_sc_hd__mux2_1)
    Layer: mcon
      Partial area ratio:    0.23
      Required ratio:    3.00 (Gate area) 
      Cumulative area ratio:    0.23
      Required ratio:    0.00 (Cumulative area) 

    Layer: met1
      Partial area ratio:    3.71
      Required ratio:    0.00 (Gate area) 
      Cumulative area ratio:    3.71
      Required ratio:    0.00 (Cumulative area) 
      Partial area ratio:   17.08
      Required ratio:  400.00 (Side area) 
      Cumulative area ratio:   17.08
      Required ratio:    0.00 (Cumulative side area) 

    Layer: via
      Partial area ratio:    0.36
      Required ratio:    6.00 (Gate area) 
      Cumulative area ratio:    0.59
      Required ratio:    0.00 (Cumulative area) 

    Layer: met2
      Partial area ratio:   11.05
      Required ratio:    0.00 (Gate area) 
      Cumulative area ratio:   14.76
      Required ratio:    0.00 (Cumulative area) 
      Partial area ratio:   54.44
      Required ratio: 4336.52 (Side area) 
      Cumulative area ratio:   71.52
      Required ratio:    0.00 (Cumulative side area) 


  Pin:   _15961_/A1 (sky130_fd_sc_hd__mux2_1)
    Layer: mcon
      Partial area ratio:    0.23
      Required ratio:    3.00 (Gate area) 
      Cumulative area ratio:    0.23
      Required ratio:    0.00 (Cumulative area) 

    Layer: met1
      Partial area ratio:    0.66
      Required ratio:    0.00 (Gate area) 
      Cumulative area ratio:    0.66
      Required ratio:    0.00 (Cumulative area) 
      Partial area ratio:    3.22
      Required ratio:  400.00 (Side area) 
      Cumulative area ratio:    3.22
      Required ratio:    0.00 (Cumulative side area) 

    Layer: via
      Partial area ratio:    0.18
      Required ratio:    6.00 (Gate area) 
      Cumulative area ratio:    0.41
      Required ratio:    0.00 (Cumulative area) 

    Layer: met2
      Partial area ratio:   11.05
      Required ratio:    0.00 (Gate area) 
      Cumulative area ratio:   11.71
      Required ratio:    0.00 (Cumulative area) 
      Partial area ratio:   54.44
      Required ratio: 4336.52 (Side area) 
      Cumulative area ratio:   57.66
      Required ratio:    0.00 (Cumulative side area) 


  Pin:   _15970_/A1 (sky130_fd_sc_hd__mux2_1)
    Layer: mcon
      Partial area ratio:    0.23
      Required ratio:    3.00 (Gate area) 
      Cumulative area ratio:    0.23
      Required ratio:    0.00 (Cumulative area) 

    Layer: met1
      Partial area ratio:    8.08
      Required ratio:    0.00 (Gate area) 
      Cumulative area ratio:    8.08
      Required ratio:    0.00 (Cumulative area) 
      Partial area ratio:   39.80
      Required ratio: 2773.88 (Side area) 
      Cumulative area ratio:   39.80
      Required ratio:    0.00 (Cumulative side area) 

    Layer: via
      Partial area ratio:    0.12
      Required ratio:   21.65 (Gate area) 
      Cumulative area ratio:    0.35
      Required ratio:    0.00 (Cumulative area) 

    Layer: met2
      Partial area ratio:   11.05
      Required ratio:    0.00 (Gate area) 
      Cumulative area ratio:   19.13
      Required ratio:    0.00 (Cumulative area) 
      Partial area ratio:   54.44
      Required ratio: 4336.52 (Side area) 
      Cumulative area ratio:   94.24
      Required ratio:    0.00 (Cumulative side area) 


  Pin:   _15979_/A0 (sky130_fd_sc_hd__mux2_1)
    Layer: li1
      Partial area ratio:    0.01
      Required ratio:    0.00 (Gate area) 
      Cumulative area ratio:    0.01
      Required ratio:    0.00 (Cumulative area) 
      Partial area ratio:    0.28
      Required ratio:   75.00 (Side area) 
      Cumulative area ratio:    0.28
      Required ratio:    0.00 (Cumulative side area) 

    Layer: mcon
      Partial area ratio:    0.23
      Required ratio:    3.00 (Gate area) 
      Cumulative area ratio:    0.23
      Required ratio:    0.00 (Cumulative area) 

    Layer: met1
      Partial area ratio:   20.24
      Required ratio:    0.00 (Gate area) 
      Cumulative area ratio:   20.25
      Required ratio:    0.00 (Cumulative area) 
      Partial area ratio:   99.79
      Required ratio:  400.00 (Side area) 
      Cumulative area ratio:  100.07
      Required ratio:    0.00 (Cumulative side area) 

    Layer: via
      Partial area ratio:    0.27
      Required ratio:    6.00 (Gate area) 
      Cumulative area ratio:    0.50
      Required ratio:    0.00 (Cumulative area) 

    Layer: met2
      Partial area ratio:   11.05
      Required ratio:    0.00 (Gate area) 
      Cumulative area ratio:   31.30
      Required ratio:    0.00 (Cumulative area) 
      Partial area ratio:   54.44
      Required ratio: 4336.52 (Side area) 
      Cumulative area ratio:  154.51
      Required ratio:    0.00 (Cumulative side area) 


  Pin:   _15988_/A1 (sky130_fd_sc_hd__mux2_1)
    Layer: mcon
      Partial area ratio:    0.23
      Required ratio:    3.00 (Gate area) 
      Cumulative area ratio:    0.23
      Required ratio:    0.00 (Cumulative area) 

    Layer: met1
      Partial area ratio:    4.43
      Required ratio:    0.00 (Gate area) 
      Cumulative area ratio:    4.43
      Required ratio:    0.00 (Cumulative area) 
      Partial area ratio:   21.53
      Required ratio:  400.00 (Side area) 
      Cumulative area ratio:   21.53
      Required ratio:    0.00 (Cumulative side area) 

    Layer: via
      Partial area ratio:    0.18
      Required ratio:    6.00 (Gate area) 
      Cumulative area ratio:    0.41
      Required ratio:    0.00 (Cumulative area) 

    Layer: met2
      Partial area ratio:   11.05
      Required ratio:    0.00 (Gate area) 
      Cumulative area ratio:   15.48
      Required ratio:    0.00 (Cumulative area) 
      Partial area ratio:   54.44
      Required ratio: 4336.52 (Side area) 
      Cumulative area ratio:   75.96
      Required ratio:    0.00 (Cumulative side area) 


  Pin:   _15997_/A1 (sky130_fd_sc_hd__mux2_1)
    Layer: mcon
      Partial area ratio:    0.23
      Required ratio:    3.00 (Gate area) 
      Cumulative area ratio:    0.23
      Required ratio:    0.00 (Cumulative area) 

    Layer: met1
      Partial area ratio:    9.29
      Required ratio:    0.00 (Gate area) 
      Cumulative area ratio:    9.29
      Required ratio:    0.00 (Cumulative area) 
      Partial area ratio:   45.93
      Required ratio:  400.00 (Side area) 
      Cumulative area ratio:   45.93
      Required ratio:    0.00 (Cumulative side area) 

    Layer: via
      Partial area ratio:    0.12
      Required ratio:    6.00 (Gate area) 
      Cumulative area ratio:    0.35
      Required ratio:    0.00 (Cumulative area) 

    Layer: met2
      Partial area ratio:   11.05
      Required ratio:    0.00 (Gate area) 
      Cumulative area ratio:   20.33
      Required ratio:    0.00 (Cumulative area) 
      Partial area ratio:   54.44
      Required ratio: 4336.52 (Side area) 
      Cumulative area ratio:  100.36
      Required ratio:    0.00 (Cumulative side area) 


  Pin:   _16006_/A1 (sky130_fd_sc_hd__mux2_1)
    Layer: mcon
      Partial area ratio:    0.46
      Required ratio:    3.00 (Gate area) 
      Cumulative area ratio:    0.46
      Required ratio:    0.00 (Cumulative area) 

    Layer: met1
      Partial area ratio:    9.29
      Required ratio:    0.00 (Gate area) 
      Cumulative area ratio:    9.29
      Required ratio:    0.00 (Cumulative area) 
      Partial area ratio:   45.93
      Required ratio:  400.00 (Side area) 
      Cumulative area ratio:   45.93
      Required ratio:    0.00 (Cumulative side area) 

    Layer: via
      Partial area ratio:    0.12
      Required ratio:    6.00 (Gate area) 
      Cumulative area ratio:    0.58
      Required ratio:    0.00 (Cumulative area) 

    Layer: met2
      Partial area ratio:   11.05
      Required ratio:    0.00 (Gate area) 
      Cumulative area ratio:   20.33
      Required ratio:    0.00 (Cumulative area) 
      Partial area ratio:   54.44
      Required ratio: 4336.52 (Side area) 
      Cumulative area ratio:  100.36
      Required ratio:    0.00 (Cumulative side area) 


  Pin:   _16015_/A1 (sky130_fd_sc_hd__mux2_1)
    Layer: mcon
      Partial area ratio:    0.46
      Required ratio:    3.00 (Gate area) 
      Cumulative area ratio:    0.46
      Required ratio:    0.00 (Cumulative area) 

    Layer: met1
      Partial area ratio:    9.29
      Required ratio:    0.00 (Gate area) 
      Cumulative area ratio:    9.29
      Required ratio:    0.00 (Cumulative area) 
      Partial area ratio:   45.93
      Required ratio:  400.00 (Side area) 
      Cumulative area ratio:   45.93
      Required ratio:    0.00 (Cumulative side area) 

    Layer: via
      Partial area ratio:    0.12
      Required ratio:    6.00 (Gate area) 
      Cumulative area ratio:    0.58
      Required ratio:    0.00 (Cumulative area) 

    Layer: met2
      Partial area ratio:   11.05
      Required ratio:    0.00 (Gate area) 
      Cumulative area ratio:   20.33
      Required ratio:    0.00 (Cumulative area) 
      Partial area ratio:   54.44
      Required ratio: 4336.52 (Side area) 
      Cumulative area ratio:  100.36
      Required ratio:    0.00 (Cumulative side area) 


  Pin:   _16025_/A1 (sky130_fd_sc_hd__mux2_1)
    Layer: mcon
      Partial area ratio:    0.23
      Required ratio:    3.00 (Gate area) 
      Cumulative area ratio:    0.23
      Required ratio:    0.00 (Cumulative area) 

    Layer: met1
      Partial area ratio:    6.25
      Required ratio:    0.00 (Gate area) 
      Cumulative area ratio:    6.25
      Required ratio:    0.00 (Cumulative area) 
      Partial area ratio:   30.26
      Required ratio:  400.00 (Side area) 
      Cumulative area ratio:   30.26
      Required ratio:    0.00 (Cumulative side area) 

    Layer: via
      Partial area ratio:    0.18
      Required ratio:    6.00 (Gate area) 
      Cumulative area ratio:    0.41
      Required ratio:    0.00 (Cumulative area) 

    Layer: met2
      Partial area ratio:   11.05
      Required ratio:    0.00 (Gate area) 
      Cumulative area ratio:   17.30
      Required ratio:    0.00 (Cumulative area) 
      Partial area ratio:   54.44
      Required ratio: 4336.52 (Side area) 
      Cumulative area ratio:   84.70
      Required ratio:    0.00 (Cumulative side area) 


  Pin:   _16034_/A1 (sky130_fd_sc_hd__mux2_1)
    Layer: mcon
      Partial area ratio:    0.23
      Required ratio:    3.00 (Gate area) 
      Cumulative area ratio:    0.23
      Required ratio:    0.00 (Cumulative area) 

    Layer: met1
      Partial area ratio:    6.25
      Required ratio:    0.00 (Gate area) 
      Cumulative area ratio:    6.25
      Required ratio:    0.00 (Cumulative area) 
      Partial area ratio:   30.26
      Required ratio:  400.00 (Side area) 
      Cumulative area ratio:   30.26
      Required ratio:    0.00 (Cumulative side area) 

    Layer: via
      Partial area ratio:    0.18
      Required ratio:    6.00 (Gate area) 
      Cumulative area ratio:    0.41
      Required ratio:    0.00 (Cumulative area) 

    Layer: met2
      Partial area ratio:   11.05
      Required ratio:    0.00 (Gate area) 
      Cumulative area ratio:   17.30
      Required ratio:    0.00 (Cumulative area) 
      Partial area ratio:   54.44
      Required ratio: 4336.52 (Side area) 
      Cumulative area ratio:   84.70
      Required ratio:    0.00 (Cumulative side area) 


  Pin:   _16043_/A1 (sky130_fd_sc_hd__mux2_1)
    Layer: mcon
      Partial area ratio:    0.46
      Required ratio:    3.00 (Gate area) 
      Cumulative area ratio:    0.46
      Required ratio:    0.00 (Cumulative area) 

    Layer: met1
      Partial area ratio:   16.52
      Required ratio:    0.00 (Gate area) 
      Cumulative area ratio:   16.52
      Required ratio:    0.00 (Cumulative area) 
      Partial area ratio:   81.39
      Required ratio:  400.00 (Side area) 
      Cumulative area ratio:   81.39
      Required ratio:    0.00 (Cumulative side area) 

    Layer: via
      Partial area ratio:    0.36
      Required ratio:    6.00 (Gate area) 
      Cumulative area ratio:    0.82
      Required ratio:    0.00 (Cumulative area) 

    Layer: met2
      Partial area ratio:   11.05
      Required ratio:    0.00 (Gate area) 
      Cumulative area ratio:   27.57
      Required ratio:    0.00 (Cumulative area) 
      Partial area ratio:   54.44
      Required ratio: 4336.52 (Side area) 
      Cumulative area ratio:  135.83
      Required ratio:    0.00 (Cumulative side area) 


  Pin:   _16052_/A1 (sky130_fd_sc_hd__mux2_1)
    Layer: mcon
      Partial area ratio:    0.23
      Required ratio:    3.00 (Gate area) 
      Cumulative area ratio:    0.23
      Required ratio:    0.00 (Cumulative area) 

    Layer: met1
      Partial area ratio:    1.87
      Required ratio:    0.00 (Gate area) 
      Cumulative area ratio:    1.87
      Required ratio:    0.00 (Cumulative area) 
      Partial area ratio:    8.75
      Required ratio:  400.00 (Side area) 
      Cumulative area ratio:    8.75
      Required ratio:    0.00 (Cumulative side area) 

    Layer: via
      Partial area ratio:    0.18
      Required ratio:    6.00 (Gate area) 
      Cumulative area ratio:    0.41
      Required ratio:    0.00 (Cumulative area) 

    Layer: met2
      Partial area ratio:   11.05
      Required ratio:    0.00 (Gate area) 
      Cumulative area ratio:   12.92
      Required ratio:    0.00 (Cumulative area) 
      Partial area ratio:   54.44
      Required ratio: 4336.52 (Side area) 
      Cumulative area ratio:   63.19
      Required ratio:    0.00 (Cumulative side area) 


  Pin:   _16061_/A1 (sky130_fd_sc_hd__mux2_1)
    Layer: mcon
      Partial area ratio:    0.23
      Required ratio:    3.00 (Gate area) 
      Cumulative area ratio:    0.23
      Required ratio:    0.00 (Cumulative area) 

    Layer: met1
      Partial area ratio:    0.66
      Required ratio:    0.00 (Gate area) 
      Cumulative area ratio:    0.66
      Required ratio:    0.00 (Cumulative area) 
      Partial area ratio:    3.22
      Required ratio:  400.00 (Side area) 
      Cumulative area ratio:    3.22
      Required ratio:    0.00 (Cumulative side area) 

    Layer: via
      Partial area ratio:    0.18
      Required ratio:    6.00 (Gate area) 
      Cumulative area ratio:    0.41
      Required ratio:    0.00 (Cumulative area) 

    Layer: met2
      Partial area ratio:   11.05
      Required ratio:    0.00 (Gate area) 
      Cumulative area ratio:   11.71
      Required ratio:    0.00 (Cumulative area) 
      Partial area ratio:   54.44
      Required ratio: 4336.52 (Side area) 
      Cumulative area ratio:   57.66
      Required ratio:    0.00 (Cumulative side area) 


  Pin:   _16070_/A1 (sky130_fd_sc_hd__mux2_1)
    Layer: mcon
      Partial area ratio:    0.23
      Required ratio:    3.00 (Gate area) 
      Cumulative area ratio:    0.23
      Required ratio:    0.00 (Cumulative area) 

    Layer: met1
      Partial area ratio:   18.99
      Required ratio:    0.00 (Gate area) 
      Cumulative area ratio:   18.99
      Required ratio:    0.00 (Cumulative area) 
      Partial area ratio:   93.50
      Required ratio:  400.00 (Side area) 
      Cumulative area ratio:   93.50
      Required ratio:    0.00 (Cumulative side area) 

    Layer: via
      Partial area ratio:    0.27
      Required ratio:    6.00 (Gate area) 
      Cumulative area ratio:    0.50
      Required ratio:    0.00 (Cumulative area) 

    Layer: met2
      Partial area ratio:   11.05
      Required ratio:    0.00 (Gate area) 
      Cumulative area ratio:   30.03
      Required ratio:    0.00 (Cumulative area) 
      Partial area ratio:   54.44
      Required ratio: 4336.52 (Side area) 
      Cumulative area ratio:  147.94
      Required ratio:    0.00 (Cumulative side area) 


  Pin:   _16079_/A0 (sky130_fd_sc_hd__mux2_1)
    Layer: li1
      Partial area ratio:    0.01
      Required ratio:    0.00 (Gate area) 
      Cumulative area ratio:    0.01
      Required ratio:    0.00 (Cumulative area) 
      Partial area ratio:    0.28
      Required ratio:   75.00 (Side area) 
      Cumulative area ratio:    0.28
      Required ratio:    0.00 (Cumulative side area) 

    Layer: mcon
      Partial area ratio:    0.23
      Required ratio:    3.00 (Gate area) 
      Cumulative area ratio:    0.23
      Required ratio:    0.00 (Cumulative area) 

    Layer: met1
      Partial area ratio:    0.66
      Required ratio:    0.00 (Gate area) 
      Cumulative area ratio:    0.67
      Required ratio:    0.00 (Cumulative area) 
      Partial area ratio:    3.22
      Required ratio:  400.00 (Side area) 
      Cumulative area ratio:    3.50
      Required ratio:    0.00 (Cumulative side area) 

    Layer: via
      Partial area ratio:    0.18
      Required ratio:    6.00 (Gate area) 
      Cumulative area ratio:    0.41
      Required ratio:    0.00 (Cumulative area) 

    Layer: met2
      Partial area ratio:   11.05
      Required ratio:    0.00 (Gate area) 
      Cumulative area ratio:   11.71
      Required ratio:    0.00 (Cumulative area) 
      Partial area ratio:   54.44
      Required ratio: 4336.52 (Side area) 
      Cumulative area ratio:   57.94
      Required ratio:    0.00 (Cumulative side area) 


  Pin:   _16088_/A1 (sky130_fd_sc_hd__mux2_1)
    Layer: mcon
      Partial area ratio:    0.23
      Required ratio:    3.00 (Gate area) 
      Cumulative area ratio:    0.23
      Required ratio:    0.00 (Cumulative area) 

    Layer: met1
      Partial area ratio:    0.66
      Required ratio:    0.00 (Gate area) 
      Cumulative area ratio:    0.66
      Required ratio:    0.00 (Cumulative area) 
      Partial area ratio:    3.22
      Required ratio:  400.00 (Side area) 
      Cumulative area ratio:    3.22
      Required ratio:    0.00 (Cumulative side area) 

    Layer: via
      Partial area ratio:    0.18
      Required ratio:    6.00 (Gate area) 
      Cumulative area ratio:    0.41
      Required ratio:    0.00 (Cumulative area) 

    Layer: met2
      Partial area ratio:   11.05
      Required ratio:    0.00 (Gate area) 
      Cumulative area ratio:   11.71
      Required ratio:    0.00 (Cumulative area) 
      Partial area ratio:   54.44
      Required ratio: 4336.52 (Side area) 
      Cumulative area ratio:   57.66
      Required ratio:    0.00 (Cumulative side area) 


  Pin:   _16097_/A1 (sky130_fd_sc_hd__mux2_1)
    Layer: mcon
      Partial area ratio:    0.23
      Required ratio:    3.00 (Gate area) 
      Cumulative area ratio:    0.23
      Required ratio:    0.00 (Cumulative area) 

    Layer: met1
      Partial area ratio:   18.99
      Required ratio:    0.00 (Gate area) 
      Cumulative area ratio:   18.99
      Required ratio:    0.00 (Cumulative area) 
      Partial area ratio:   93.50
      Required ratio:  400.00 (Side area) 
      Cumulative area ratio:   93.50
      Required ratio:    0.00 (Cumulative side area) 

    Layer: via
      Partial area ratio:    0.27
      Required ratio:    6.00 (Gate area) 
      Cumulative area ratio:    0.50
      Required ratio:    0.00 (Cumulative area) 

    Layer: met2
      Partial area ratio:   11.05
      Required ratio:    0.00 (Gate area) 
      Cumulative area ratio:   30.03
      Required ratio:    0.00 (Cumulative area) 
      Partial area ratio:   54.44
      Required ratio: 4336.52 (Side area) 
      Cumulative area ratio:  147.94
      Required ratio:    0.00 (Cumulative side area) 


  Pin:   _16106_/A1 (sky130_fd_sc_hd__mux2_1)
    Layer: mcon
      Partial area ratio:    0.23
      Required ratio:    3.00 (Gate area) 
      Cumulative area ratio:    0.23
      Required ratio:    0.00 (Cumulative area) 

    Layer: met1
      Partial area ratio:    9.77
      Required ratio:    0.00 (Gate area) 
      Cumulative area ratio:    9.77
      Required ratio:    0.00 (Cumulative area) 
      Partial area ratio:   48.64
      Required ratio:  400.00 (Side area) 
      Cumulative area ratio:   48.64
      Required ratio:    0.00 (Cumulative side area) 

    Layer: via
      Partial area ratio:    0.09
      Required ratio:    6.00 (Gate area) 
      Cumulative area ratio:    0.32
      Required ratio:    0.00 (Cumulative area) 

    Layer: met2
      Partial area ratio:   11.05
      Required ratio:    0.00 (Gate area) 
      Cumulative area ratio:   20.81
      Required ratio:    0.00 (Cumulative area) 
      Partial area ratio:   54.44
      Required ratio: 4336.52 (Side area) 
      Cumulative area ratio:  103.08
      Required ratio:    0.00 (Cumulative side area) 


  Pin:   _16115_/A1 (sky130_fd_sc_hd__mux2_1)
    Layer: mcon
      Partial area ratio:    0.23
      Required ratio:    3.00 (Gate area) 
      Cumulative area ratio:    0.23
      Required ratio:    0.00 (Cumulative area) 

    Layer: met1
      Partial area ratio:    8.25
      Required ratio:    0.00 (Gate area) 
      Cumulative area ratio:    8.25
      Required ratio:    0.00 (Cumulative area) 
      Partial area ratio:   40.64
      Required ratio:  400.00 (Side area) 
      Cumulative area ratio:   40.64
      Required ratio:    0.00 (Cumulative side area) 

    Layer: via
      Partial area ratio:    0.18
      Required ratio:    6.00 (Gate area) 
      Cumulative area ratio:    0.41
      Required ratio:    0.00 (Cumulative area) 

    Layer: met2
      Partial area ratio:   11.05
      Required ratio:    0.00 (Gate area) 
      Cumulative area ratio:   19.30
      Required ratio:    0.00 (Cumulative area) 
      Partial area ratio:   54.44
      Required ratio: 4336.52 (Side area) 
      Cumulative area ratio:   95.08
      Required ratio:    0.00 (Cumulative side area) 


  Pin:   _16124_/A1 (sky130_fd_sc_hd__mux2_1)
    Layer: mcon
      Partial area ratio:    0.46
      Required ratio:    3.00 (Gate area) 
      Cumulative area ratio:    0.46
      Required ratio:    0.00 (Cumulative area) 

    Layer: met1
      Partial area ratio:    9.77
      Required ratio:    0.00 (Gate area) 
      Cumulative area ratio:    9.77
      Required ratio:    0.00 (Cumulative area) 
      Partial area ratio:   48.64
      Required ratio:  400.00 (Side area) 
      Cumulative area ratio:   48.64
      Required ratio:    0.00 (Cumulative side area) 

    Layer: via
      Partial area ratio:    0.09
      Required ratio:    6.00 (Gate area) 
      Cumulative area ratio:    0.55
      Required ratio:    0.00 (Cumulative area) 

    Layer: met2
      Partial area ratio:   11.05
      Required ratio:    0.00 (Gate area) 
      Cumulative area ratio:   20.81
      Required ratio:    0.00 (Cumulative area) 
      Partial area ratio:   54.44
      Required ratio: 4336.52 (Side area) 
      Cumulative area ratio:  103.08
      Required ratio:    0.00 (Cumulative side area) 


  Pin:   _16133_/A1 (sky130_fd_sc_hd__mux2_1)
    Layer: mcon
      Partial area ratio:    0.23
      Required ratio:    3.00 (Gate area) 
      Cumulative area ratio:    0.23
      Required ratio:    0.00 (Cumulative area) 

    Layer: met1
      Partial area ratio:    1.77
      Required ratio:    0.00 (Gate area) 
      Cumulative area ratio:    1.77
      Required ratio:    0.00 (Cumulative area) 
      Partial area ratio:    8.25
      Required ratio:  400.00 (Side area) 
      Cumulative area ratio:    8.25
      Required ratio:    0.00 (Cumulative side area) 

    Layer: via
      Partial area ratio:    0.18
      Required ratio:    6.00 (Gate area) 
      Cumulative area ratio:    0.41
      Required ratio:    0.00 (Cumulative area) 

    Layer: met2
      Partial area ratio:   11.05
      Required ratio:    0.00 (Gate area) 
      Cumulative area ratio:   12.82
      Required ratio:    0.00 (Cumulative area) 
      Partial area ratio:   54.44
      Required ratio: 4336.52 (Side area) 
      Cumulative area ratio:   62.69
      Required ratio:    0.00 (Cumulative side area) 


  Pin:   _16142_/A1 (sky130_fd_sc_hd__mux2_1)
    Layer: mcon
      Partial area ratio:    0.23
      Required ratio:    3.00 (Gate area) 
      Cumulative area ratio:    0.23
      Required ratio:    0.00 (Cumulative area) 

    Layer: met1
      Partial area ratio:    1.87
      Required ratio:    0.00 (Gate area) 
      Cumulative area ratio:    1.87
      Required ratio:    0.00 (Cumulative area) 
      Partial area ratio:    8.75
      Required ratio:  400.00 (Side area) 
      Cumulative area ratio:    8.75
      Required ratio:    0.00 (Cumulative side area) 

    Layer: via
      Partial area ratio:    0.18
      Required ratio:    6.00 (Gate area) 
      Cumulative area ratio:    0.41
      Required ratio:    0.00 (Cumulative area) 

    Layer: met2
      Partial area ratio:   11.05
      Required ratio:    0.00 (Gate area) 
      Cumulative area ratio:   12.92
      Required ratio:    0.00 (Cumulative area) 
      Partial area ratio:   54.44
      Required ratio: 4336.52 (Side area) 
      Cumulative area ratio:   63.19
      Required ratio:    0.00 (Cumulative side area) 


  Pin:   _16151_/A1 (sky130_fd_sc_hd__mux2_1)
    Layer: mcon
      Partial area ratio:    0.23
      Required ratio:    3.00 (Gate area) 
      Cumulative area ratio:    0.23
      Required ratio:    0.00 (Cumulative area) 

    Layer: met1
      Partial area ratio:   14.21
      Required ratio:    0.00 (Gate area) 
      Cumulative area ratio:   14.21
      Required ratio:    0.00 (Cumulative area) 
      Partial area ratio:   69.58
      Required ratio:  400.00 (Side area) 
      Cumulative area ratio:   69.58
      Required ratio:    0.00 (Cumulative side area) 

    Layer: via
      Partial area ratio:    0.36
      Required ratio:    6.00 (Gate area) 
      Cumulative area ratio:    0.59
      Required ratio:    0.00 (Cumulative area) 

    Layer: met2
      Partial area ratio:   11.05
      Required ratio:    0.00 (Gate area) 
      Cumulative area ratio:   25.26
      Required ratio:    0.00 (Cumulative area) 
      Partial area ratio:   54.44
      Required ratio: 4336.52 (Side area) 
      Cumulative area ratio:  124.02
      Required ratio:    0.00 (Cumulative side area) 


  Pin:   _16160_/A1 (sky130_fd_sc_hd__mux2_1)
    Layer: mcon
      Partial area ratio:    0.23
      Required ratio:    3.00 (Gate area) 
      Cumulative area ratio:    0.23
      Required ratio:    0.00 (Cumulative area) 

    Layer: met1
      Partial area ratio:   11.42
      Required ratio:    0.00 (Gate area) 
      Cumulative area ratio:   11.42
      Required ratio:    0.00 (Cumulative area) 
      Partial area ratio:   55.94
      Required ratio:  400.00 (Side area) 
      Cumulative area ratio:   55.94
      Required ratio:    0.00 (Cumulative side area) 

    Layer: via
      Partial area ratio:    0.27
      Required ratio:    6.00 (Gate area) 
      Cumulative area ratio:    0.50
      Required ratio:    0.00 (Cumulative area) 

    Layer: met2
      Partial area ratio:   11.05
      Required ratio:    0.00 (Gate area) 
      Cumulative area ratio:   22.47
      Required ratio:    0.00 (Cumulative area) 
      Partial area ratio:   54.44
      Required ratio: 4336.52 (Side area) 
      Cumulative area ratio:  110.38
      Required ratio:    0.00 (Cumulative side area) 


  Pin:   _16169_/A1 (sky130_fd_sc_hd__mux2_1)
    Layer: mcon
      Partial area ratio:    0.23
      Required ratio:    3.00 (Gate area) 
      Cumulative area ratio:    0.23
      Required ratio:    0.00 (Cumulative area) 

    Layer: met1
      Partial area ratio:   11.42
      Required ratio:    0.00 (Gate area) 
      Cumulative area ratio:   11.42
      Required ratio:    0.00 (Cumulative area) 
      Partial area ratio:   55.94
      Required ratio:  400.00 (Side area) 
      Cumulative area ratio:   55.94
      Required ratio:    0.00 (Cumulative side area) 

    Layer: via
      Partial area ratio:    0.27
      Required ratio:    6.00 (Gate area) 
      Cumulative area ratio:    0.50
      Required ratio:    0.00 (Cumulative area) 

    Layer: met2
      Partial area ratio:   11.05
      Required ratio:    0.00 (Gate area) 
      Cumulative area ratio:   22.47
      Required ratio:    0.00 (Cumulative area) 
      Partial area ratio:   54.44
      Required ratio: 4336.52 (Side area) 
      Cumulative area ratio:  110.38
      Required ratio:    0.00 (Cumulative side area) 


  Pin:   _16178_/A0 (sky130_fd_sc_hd__mux2_1)
    Layer: li1
      Partial area ratio:    0.01
      Required ratio:    0.00 (Gate area) 
      Cumulative area ratio:    0.01
      Required ratio:    0.00 (Cumulative area) 
      Partial area ratio:    0.28
      Required ratio:   75.00 (Side area) 
      Cumulative area ratio:    0.28
      Required ratio:    0.00 (Cumulative side area) 

    Layer: mcon
      Partial area ratio:    0.23
      Required ratio:    3.00 (Gate area) 
      Cumulative area ratio:    0.23
      Required ratio:    0.00 (Cumulative area) 

    Layer: met1
      Partial area ratio:   20.24
      Required ratio:    0.00 (Gate area) 
      Cumulative area ratio:   20.25
      Required ratio:    0.00 (Cumulative area) 
      Partial area ratio:   99.79
      Required ratio:  400.00 (Side area) 
      Cumulative area ratio:  100.07
      Required ratio:    0.00 (Cumulative side area) 

    Layer: via
      Partial area ratio:    0.27
      Required ratio:    6.00 (Gate area) 
      Cumulative area ratio:    0.50
      Required ratio:    0.00 (Cumulative area) 

    Layer: met2
      Partial area ratio:   11.05
      Required ratio:    0.00 (Gate area) 
      Cumulative area ratio:   31.30
      Required ratio:    0.00 (Cumulative area) 
      Partial area ratio:   54.44
      Required ratio: 4336.52 (Side area) 
      Cumulative area ratio:  154.51
      Required ratio:    0.00 (Cumulative side area) 


  Pin:   _16188_/A1 (sky130_fd_sc_hd__mux2_1)
    Layer: mcon
      Partial area ratio:    0.23
      Required ratio:    3.00 (Gate area) 
      Cumulative area ratio:    0.23
      Required ratio:    0.00 (Cumulative area) 

    Layer: met1
      Partial area ratio:    5.96
      Required ratio:    0.00 (Gate area) 
      Cumulative area ratio:    5.96
      Required ratio:    0.00 (Cumulative area) 
      Partial area ratio:   29.19
      Required ratio:  400.00 (Side area) 
      Cumulative area ratio:   29.19
      Required ratio:    0.00 (Cumulative side area) 

    Layer: via
      Partial area ratio:    0.18
      Required ratio:    6.00 (Gate area) 
      Cumulative area ratio:    0.41
      Required ratio:    0.00 (Cumulative area) 

    Layer: met2
      Partial area ratio:   11.05
      Required ratio:    0.00 (Gate area) 
      Cumulative area ratio:   17.01
      Required ratio:    0.00 (Cumulative area) 
      Partial area ratio:   54.44
      Required ratio: 4336.52 (Side area) 
      Cumulative area ratio:   83.63
      Required ratio:    0.00 (Cumulative side area) 


  Pin:   _16197_/A1 (sky130_fd_sc_hd__mux2_1)
    Layer: mcon
      Partial area ratio:    0.23
      Required ratio:    3.00 (Gate area) 
      Cumulative area ratio:    0.23
      Required ratio:    0.00 (Cumulative area) 

    Layer: met1
      Partial area ratio:    0.66
      Required ratio:    0.00 (Gate area) 
      Cumulative area ratio:    0.66
      Required ratio:    0.00 (Cumulative area) 
      Partial area ratio:    3.22
      Required ratio:  400.00 (Side area) 
      Cumulative area ratio:    3.22
      Required ratio:    0.00 (Cumulative side area) 

    Layer: via
      Partial area ratio:    0.18
      Required ratio:    6.00 (Gate area) 
      Cumulative area ratio:    0.41
      Required ratio:    0.00 (Cumulative area) 

    Layer: met2
      Partial area ratio:   11.05
      Required ratio:    0.00 (Gate area) 
      Cumulative area ratio:   11.71
      Required ratio:    0.00 (Cumulative area) 
      Partial area ratio:   54.44
      Required ratio: 4336.52 (Side area) 
      Cumulative area ratio:   57.66
      Required ratio:    0.00 (Cumulative side area) 


  Pin:   _16206_/A1 (sky130_fd_sc_hd__mux2_1)
    Layer: mcon
      Partial area ratio:    0.23
      Required ratio:    3.00 (Gate area) 
      Cumulative area ratio:    0.23
      Required ratio:    0.00 (Cumulative area) 

    Layer: met1
      Partial area ratio:   11.14
      Required ratio:    0.00 (Gate area) 
      Cumulative area ratio:   11.14
      Required ratio:    0.00 (Cumulative area) 
      Partial area ratio:   54.25
      Required ratio:  400.00 (Side area) 
      Cumulative area ratio:   54.25
      Required ratio:    0.00 (Cumulative side area) 

    Layer: via
      Partial area ratio:    0.36
      Required ratio:    6.00 (Gate area) 
      Cumulative area ratio:    0.59
      Required ratio:    0.00 (Cumulative area) 

    Layer: met2
      Partial area ratio:   11.05
      Required ratio:    0.00 (Gate area) 
      Cumulative area ratio:   22.19
      Required ratio:    0.00 (Cumulative area) 
      Partial area ratio:   54.44
      Required ratio: 4336.52 (Side area) 
      Cumulative area ratio:  108.69
      Required ratio:    0.00 (Cumulative side area) 


  Pin:   _16215_/A1 (sky130_fd_sc_hd__mux2_1)
    Layer: mcon
      Partial area ratio:    0.23
      Required ratio:    3.00 (Gate area) 
      Cumulative area ratio:    0.23
      Required ratio:    0.00 (Cumulative area) 

    Layer: met1
      Partial area ratio:   20.33
      Required ratio:    0.00 (Gate area) 
      Cumulative area ratio:   20.33
      Required ratio:    0.00 (Cumulative area) 
      Partial area ratio:  100.17
      Required ratio:  400.00 (Side area) 
      Cumulative area ratio:  100.17
      Required ratio:    0.00 (Cumulative side area) 

    Layer: via
      Partial area ratio:    0.36
      Required ratio:    6.00 (Gate area) 
      Cumulative area ratio:    0.59
      Required ratio:    0.00 (Cumulative area) 

    Layer: met2
      Partial area ratio:   11.05
      Required ratio:    0.00 (Gate area) 
      Cumulative area ratio:   31.38
      Required ratio:    0.00 (Cumulative area) 
      Partial area ratio:   54.44
      Required ratio: 4336.52 (Side area) 
      Cumulative area ratio:  154.60
      Required ratio:    0.00 (Cumulative side area) 


  Pin:   _16224_/A1 (sky130_fd_sc_hd__mux2_1)
    Layer: mcon
      Partial area ratio:    0.23
      Required ratio:    3.00 (Gate area) 
      Cumulative area ratio:    0.23
      Required ratio:    0.00 (Cumulative area) 

    Layer: met1
      Partial area ratio:    9.54
      Required ratio:    0.00 (Gate area) 
      Cumulative area ratio:    9.54
      Required ratio:    0.00 (Cumulative area) 
      Partial area ratio:   47.08
      Required ratio:  400.00 (Side area) 
      Cumulative area ratio:   47.08
      Required ratio:    0.00 (Cumulative side area) 

    Layer: via
      Partial area ratio:    0.18
      Required ratio:    6.00 (Gate area) 
      Cumulative area ratio:    0.41
      Required ratio:    0.00 (Cumulative area) 

    Layer: met2
      Partial area ratio:   11.05
      Required ratio:    0.00 (Gate area) 
      Cumulative area ratio:   20.59
      Required ratio:    0.00 (Cumulative area) 
      Partial area ratio:   54.44
      Required ratio: 4336.52 (Side area) 
      Cumulative area ratio:  101.52
      Required ratio:    0.00 (Cumulative side area) 


  Pin:   _16233_/A1 (sky130_fd_sc_hd__mux2_1)
    Layer: mcon
      Partial area ratio:    0.23
      Required ratio:    3.00 (Gate area) 
      Cumulative area ratio:    0.23
      Required ratio:    0.00 (Cumulative area) 

    Layer: met1
      Partial area ratio:    2.90
      Required ratio:    0.00 (Gate area) 
      Cumulative area ratio:    2.90
      Required ratio:    0.00 (Cumulative area) 
      Partial area ratio:   13.86
      Required ratio:  400.00 (Side area) 
      Cumulative area ratio:   13.86
      Required ratio:    0.00 (Cumulative side area) 

    Layer: via
      Partial area ratio:    0.18
      Required ratio:    6.00 (Gate area) 
      Cumulative area ratio:    0.41
      Required ratio:    0.00 (Cumulative area) 

    Layer: met2
      Partial area ratio:   11.05
      Required ratio:    0.00 (Gate area) 
      Cumulative area ratio:   13.94
      Required ratio:    0.00 (Cumulative area) 
      Partial area ratio:   54.44
      Required ratio: 4336.52 (Side area) 
      Cumulative area ratio:   68.30
      Required ratio:    0.00 (Cumulative side area) 


  Pin:   _16242_/A1 (sky130_fd_sc_hd__mux2_1)
    Layer: mcon
      Partial area ratio:    0.23
      Required ratio:    3.00 (Gate area) 
      Cumulative area ratio:    0.23
      Required ratio:    0.00 (Cumulative area) 

    Layer: met1
      Partial area ratio:    5.96
      Required ratio:    0.00 (Gate area) 
      Cumulative area ratio:    5.96
      Required ratio:    0.00 (Cumulative area) 
      Partial area ratio:   29.19
      Required ratio:  400.00 (Side area) 
      Cumulative area ratio:   29.19
      Required ratio:    0.00 (Cumulative side area) 

    Layer: via
      Partial area ratio:    0.18
      Required ratio:    6.00 (Gate area) 
      Cumulative area ratio:    0.41
      Required ratio:    0.00 (Cumulative area) 

    Layer: met2
      Partial area ratio:   11.05
      Required ratio:    0.00 (Gate area) 
      Cumulative area ratio:   17.01
      Required ratio:    0.00 (Cumulative area) 
      Partial area ratio:   54.44
      Required ratio: 4336.52 (Side area) 
      Cumulative area ratio:   83.63
      Required ratio:    0.00 (Cumulative side area) 


  Pin:   _16251_/A1 (sky130_fd_sc_hd__mux2_1)
    Layer: mcon
      Partial area ratio:    0.46
      Required ratio:    3.00 (Gate area) 
      Cumulative area ratio:    0.46
      Required ratio:    0.00 (Cumulative area) 

    Layer: met1
      Partial area ratio:    6.01
      Required ratio:    0.00 (Gate area) 
      Cumulative area ratio:    6.01
      Required ratio:    0.00 (Cumulative area) 
      Partial area ratio:   29.36
      Required ratio:  400.00 (Side area) 
      Cumulative area ratio:   29.36
      Required ratio:    0.00 (Cumulative side area) 

    Layer: via
      Partial area ratio:    0.36
      Required ratio:    6.00 (Gate area) 
      Cumulative area ratio:    0.82
      Required ratio:    0.00 (Cumulative area) 

    Layer: met2
      Partial area ratio:   11.05
      Required ratio:    0.00 (Gate area) 
      Cumulative area ratio:   17.06
      Required ratio:    0.00 (Cumulative area) 
      Partial area ratio:   54.44
      Required ratio: 4336.52 (Side area) 
      Cumulative area ratio:   83.80
      Required ratio:    0.00 (Cumulative side area) 


  Pin:   _16260_/A1 (sky130_fd_sc_hd__mux2_1)
    Layer: mcon
      Partial area ratio:    0.23
      Required ratio:    3.00 (Gate area) 
      Cumulative area ratio:    0.23
      Required ratio:    0.00 (Cumulative area) 

    Layer: met1
      Partial area ratio:   12.10
      Required ratio:    0.00 (Gate area) 
      Cumulative area ratio:   12.10
      Required ratio:    0.00 (Cumulative area) 
      Partial area ratio:   59.86
      Required ratio:  400.00 (Side area) 
      Cumulative area ratio:   59.86
      Required ratio:    0.00 (Cumulative side area) 

    Layer: via
      Partial area ratio:    0.18
      Required ratio:    6.00 (Gate area) 
      Cumulative area ratio:    0.41
      Required ratio:    0.00 (Cumulative area) 

    Layer: met2
      Partial area ratio:   11.05
      Required ratio:    0.00 (Gate area) 
      Cumulative area ratio:   23.14
      Required ratio:    0.00 (Cumulative area) 
      Partial area ratio:   54.44
      Required ratio: 4336.52 (Side area) 
      Cumulative area ratio:  114.30
      Required ratio:    0.00 (Cumulative side area) 


  Pin:   _16269_/A1 (sky130_fd_sc_hd__mux2_1)
    Layer: mcon
      Partial area ratio:    0.23
      Required ratio:    3.00 (Gate area) 
      Cumulative area ratio:    0.23
      Required ratio:    0.00 (Cumulative area) 

    Layer: met1
      Partial area ratio:   22.53
      Required ratio:    0.00 (Gate area) 
      Cumulative area ratio:   22.53
      Required ratio:    0.00 (Cumulative area) 
      Partial area ratio:  111.67
      Required ratio:  400.00 (Side area) 
      Cumulative area ratio:  111.67
      Required ratio:    0.00 (Cumulative side area) 

    Layer: via
      Partial area ratio:    0.18
      Required ratio:    6.00 (Gate area) 
      Cumulative area ratio:    0.41
      Required ratio:    0.00 (Cumulative area) 

    Layer: met2
      Partial area ratio:   11.05
      Required ratio:    0.00 (Gate area) 
      Cumulative area ratio:   33.58
      Required ratio:    0.00 (Cumulative area) 
      Partial area ratio:   54.44
      Required ratio: 4336.52 (Side area) 
      Cumulative area ratio:  166.10
      Required ratio:    0.00 (Cumulative side area) 


  Pin:   _16279_/A0 (sky130_fd_sc_hd__mux2_1)
    Layer: li1
      Partial area ratio:    0.01
      Required ratio:    0.00 (Gate area) 
      Cumulative area ratio:    0.01
      Required ratio:    0.00 (Cumulative area) 
      Partial area ratio:    0.28
      Required ratio:   75.00 (Side area) 
      Cumulative area ratio:    0.28
      Required ratio:    0.00 (Cumulative side area) 

    Layer: mcon
      Partial area ratio:    0.23
      Required ratio:    3.00 (Gate area) 
      Cumulative area ratio:    0.23
      Required ratio:    0.00 (Cumulative area) 

    Layer: met1
      Partial area ratio:   21.11
      Required ratio:    0.00 (Gate area) 
      Cumulative area ratio:   21.11
      Required ratio:    0.00 (Cumulative area) 
      Partial area ratio:  104.06
      Required ratio:  400.00 (Side area) 
      Cumulative area ratio:  104.33
      Required ratio:    0.00 (Cumulative side area) 

    Layer: via
      Partial area ratio:    0.36
      Required ratio:    6.00 (Gate area) 
      Cumulative area ratio:    0.59
      Required ratio:    0.00 (Cumulative area) 

    Layer: met2
      Partial area ratio:   11.05
      Required ratio:    0.00 (Gate area) 
      Cumulative area ratio:   32.16
      Required ratio:    0.00 (Cumulative area) 
      Partial area ratio:   54.44
      Required ratio: 4336.52 (Side area) 
      Cumulative area ratio:  158.77
      Required ratio:    0.00 (Cumulative side area) 


  Pin:   _16288_/A1 (sky130_fd_sc_hd__mux2_1)
    Layer: mcon
      Partial area ratio:    0.23
      Required ratio:    3.00 (Gate area) 
      Cumulative area ratio:    0.23
      Required ratio:    0.00 (Cumulative area) 

    Layer: met1
      Partial area ratio:   22.53
      Required ratio:    0.00 (Gate area) 
      Cumulative area ratio:   22.53
      Required ratio:    0.00 (Cumulative area) 
      Partial area ratio:  111.67
      Required ratio:  400.00 (Side area) 
      Cumulative area ratio:  111.67
      Required ratio:    0.00 (Cumulative side area) 

    Layer: via
      Partial area ratio:    0.18
      Required ratio:    6.00 (Gate area) 
      Cumulative area ratio:    0.41
      Required ratio:    0.00 (Cumulative area) 

    Layer: met2
      Partial area ratio:   11.05
      Required ratio:    0.00 (Gate area) 
      Cumulative area ratio:   33.58
      Required ratio:    0.00 (Cumulative area) 
      Partial area ratio:   54.44
      Required ratio: 4336.52 (Side area) 
      Cumulative area ratio:  166.10
      Required ratio:    0.00 (Cumulative side area) 


  Pin:   _16297_/A1 (sky130_fd_sc_hd__mux2_1)
    Layer: mcon
      Partial area ratio:    0.23
      Required ratio:    3.00 (Gate area) 
      Cumulative area ratio:    0.23
      Required ratio:    0.00 (Cumulative area) 

    Layer: met1
      Partial area ratio:    0.66
      Required ratio:    0.00 (Gate area) 
      Cumulative area ratio:    0.66
      Required ratio:    0.00 (Cumulative area) 
      Partial area ratio:    3.22
      Required ratio:  400.00 (Side area) 
      Cumulative area ratio:    3.22
      Required ratio:    0.00 (Cumulative side area) 

    Layer: via
      Partial area ratio:    0.18
      Required ratio:    6.00 (Gate area) 
      Cumulative area ratio:    0.41
      Required ratio:    0.00 (Cumulative area) 

    Layer: met2
      Partial area ratio:   11.05
      Required ratio:    0.00 (Gate area) 
      Cumulative area ratio:   11.71
      Required ratio:    0.00 (Cumulative area) 
      Partial area ratio:   54.44
      Required ratio: 4336.52 (Side area) 
      Cumulative area ratio:   57.66
      Required ratio:    0.00 (Cumulative side area) 


  Pin:   _16306_/A1 (sky130_fd_sc_hd__mux2_1)
    Layer: mcon
      Partial area ratio:    0.23
      Required ratio:    3.00 (Gate area) 
      Cumulative area ratio:    0.23
      Required ratio:    0.00 (Cumulative area) 

    Layer: met1
      Partial area ratio:    5.96
      Required ratio:    0.00 (Gate area) 
      Cumulative area ratio:    5.96
      Required ratio:    0.00 (Cumulative area) 
      Partial area ratio:   29.19
      Required ratio:  400.00 (Side area) 
      Cumulative area ratio:   29.19
      Required ratio:    0.00 (Cumulative side area) 

    Layer: via
      Partial area ratio:    0.18
      Required ratio:    6.00 (Gate area) 
      Cumulative area ratio:    0.41
      Required ratio:    0.00 (Cumulative area) 

    Layer: met2
      Partial area ratio:   11.05
      Required ratio:    0.00 (Gate area) 
      Cumulative area ratio:   17.01
      Required ratio:    0.00 (Cumulative area) 
      Partial area ratio:   54.44
      Required ratio: 4336.52 (Side area) 
      Cumulative area ratio:   83.63
      Required ratio:    0.00 (Cumulative side area) 


  Pin:   _16315_/A1 (sky130_fd_sc_hd__mux2_1)
    Layer: mcon
      Partial area ratio:    0.23
      Required ratio:    3.00 (Gate area) 
      Cumulative area ratio:    0.23
      Required ratio:    0.00 (Cumulative area) 

    Layer: met1
      Partial area ratio:    4.43
      Required ratio:    0.00 (Gate area) 
      Cumulative area ratio:    4.43
      Required ratio:    0.00 (Cumulative area) 
      Partial area ratio:   21.53
      Required ratio:  400.00 (Side area) 
      Cumulative area ratio:   21.53
      Required ratio:    0.00 (Cumulative side area) 

    Layer: via
      Partial area ratio:    0.18
      Required ratio:    6.00 (Gate area) 
      Cumulative area ratio:    0.41
      Required ratio:    0.00 (Cumulative area) 

    Layer: met2
      Partial area ratio:   11.05
      Required ratio:    0.00 (Gate area) 
      Cumulative area ratio:   15.48
      Required ratio:    0.00 (Cumulative area) 
      Partial area ratio:   54.44
      Required ratio: 4336.52 (Side area) 
      Cumulative area ratio:   75.96
      Required ratio:    0.00 (Cumulative side area) 


  Pin:   _16324_/A1 (sky130_fd_sc_hd__mux2_1)
    Layer: mcon
      Partial area ratio:    0.23
      Required ratio:    3.00 (Gate area) 
      Cumulative area ratio:    0.23
      Required ratio:    0.00 (Cumulative area) 

    Layer: met1
      Partial area ratio:    0.66
      Required ratio:    0.00 (Gate area) 
      Cumulative area ratio:    0.66
      Required ratio:    0.00 (Cumulative area) 
      Partial area ratio:    3.22
      Required ratio:  400.00 (Side area) 
      Cumulative area ratio:    3.22
      Required ratio:    0.00 (Cumulative side area) 

    Layer: via
      Partial area ratio:    0.18
      Required ratio:    6.00 (Gate area) 
      Cumulative area ratio:    0.41
      Required ratio:    0.00 (Cumulative area) 

    Layer: met2
      Partial area ratio:   11.05
      Required ratio:    0.00 (Gate area) 
      Cumulative area ratio:   11.71
      Required ratio:    0.00 (Cumulative area) 
      Partial area ratio:   54.44
      Required ratio: 4336.52 (Side area) 
      Cumulative area ratio:   57.66
      Required ratio:    0.00 (Cumulative side area) 


  Pin:   _16333_/A1 (sky130_fd_sc_hd__mux2_1)
    Layer: mcon
      Partial area ratio:    0.23
      Required ratio:    3.00 (Gate area) 
      Cumulative area ratio:    0.23
      Required ratio:    0.00 (Cumulative area) 

    Layer: met1
      Partial area ratio:   11.19
      Required ratio:    0.00 (Gate area) 
      Cumulative area ratio:   11.19
      Required ratio:    0.00 (Cumulative area) 
      Partial area ratio:   53.61
      Required ratio:  400.00 (Side area) 
      Cumulative area ratio:   53.61
      Required ratio:    0.00 (Cumulative side area) 

    Layer: via
      Partial area ratio:    0.54
      Required ratio:    6.00 (Gate area) 
      Cumulative area ratio:    0.77
      Required ratio:    0.00 (Cumulative area) 

    Layer: met2
      Partial area ratio:   11.05
      Required ratio:    0.00 (Gate area) 
      Cumulative area ratio:   22.24
      Required ratio:    0.00 (Cumulative area) 
      Partial area ratio:   54.44
      Required ratio: 4336.52 (Side area) 
      Cumulative area ratio:  108.05
      Required ratio:    0.00 (Cumulative side area) 


  Pin:   _16343_/A1 (sky130_fd_sc_hd__mux2_1)
    Layer: mcon
      Partial area ratio:    0.23
      Required ratio:    3.00 (Gate area) 
      Cumulative area ratio:    0.23
      Required ratio:    0.00 (Cumulative area) 

    Layer: met1
      Partial area ratio:    2.38
      Required ratio:    0.00 (Gate area) 
      Cumulative area ratio:    2.38
      Required ratio:    0.00 (Cumulative area) 
      Partial area ratio:   11.31
      Required ratio:  400.00 (Side area) 
      Cumulative area ratio:   11.31
      Required ratio:    0.00 (Cumulative side area) 

    Layer: via
      Partial area ratio:    0.18
      Required ratio:    6.00 (Gate area) 
      Cumulative area ratio:    0.41
      Required ratio:    0.00 (Cumulative area) 

    Layer: met2
      Partial area ratio:   11.05
      Required ratio:    0.00 (Gate area) 
      Cumulative area ratio:   13.43
      Required ratio:    0.00 (Cumulative area) 
      Partial area ratio:   54.44
      Required ratio: 4336.52 (Side area) 
      Cumulative area ratio:   65.74
      Required ratio:    0.00 (Cumulative side area) 


  Pin:   _16352_/A1 (sky130_fd_sc_hd__mux2_1)
    Layer: mcon
      Partial area ratio:    0.23
      Required ratio:    3.00 (Gate area) 
      Cumulative area ratio:    0.23
      Required ratio:    0.00 (Cumulative area) 

    Layer: met1
      Partial area ratio:   12.81
      Required ratio:    0.00 (Gate area) 
      Cumulative area ratio:   12.81
      Required ratio:    0.00 (Cumulative area) 
      Partial area ratio:   62.58
      Required ratio:  400.00 (Side area) 
      Cumulative area ratio:   62.58
      Required ratio:    0.00 (Cumulative side area) 

    Layer: via
      Partial area ratio:    0.36
      Required ratio:    6.00 (Gate area) 
      Cumulative area ratio:    0.59
      Required ratio:    0.00 (Cumulative area) 

    Layer: met2
      Partial area ratio:   11.05
      Required ratio:    0.00 (Gate area) 
      Cumulative area ratio:   23.86
      Required ratio:    0.00 (Cumulative area) 
      Partial area ratio:   54.44
      Required ratio: 4336.52 (Side area) 
      Cumulative area ratio:  117.02
      Required ratio:    0.00 (Cumulative side area) 


  Pin:   _16361_/A1 (sky130_fd_sc_hd__mux2_1)
    Layer: mcon
      Partial area ratio:    0.23
      Required ratio:    3.00 (Gate area) 
      Cumulative area ratio:    0.23
      Required ratio:    0.00 (Cumulative area) 

    Layer: met1
      Partial area ratio:    4.94
      Required ratio:    0.00 (Gate area) 
      Cumulative area ratio:    4.94
      Required ratio:    0.00 (Cumulative area) 
      Partial area ratio:   24.08
      Required ratio:  400.00 (Side area) 
      Cumulative area ratio:   24.08
      Required ratio:    0.00 (Cumulative side area) 

    Layer: via
      Partial area ratio:    0.18
      Required ratio:    6.00 (Gate area) 
      Cumulative area ratio:    0.41
      Required ratio:    0.00 (Cumulative area) 

    Layer: met2
      Partial area ratio:   11.05
      Required ratio:    0.00 (Gate area) 
      Cumulative area ratio:   15.99
      Required ratio:    0.00 (Cumulative area) 
      Partial area ratio:   54.44
      Required ratio: 4336.52 (Side area) 
      Cumulative area ratio:   78.52
      Required ratio:    0.00 (Cumulative side area) 


  Pin:   _16370_/A1 (sky130_fd_sc_hd__mux2_1)
    Layer: mcon
      Partial area ratio:    0.46
      Required ratio:    3.00 (Gate area) 
      Cumulative area ratio:    0.46
      Required ratio:    0.00 (Cumulative area) 

    Layer: met1
      Partial area ratio:   29.32
      Required ratio:    0.00 (Gate area) 
      Cumulative area ratio:   29.32
      Required ratio:    0.00 (Cumulative area) 
      Partial area ratio:  144.17
      Required ratio:  400.00 (Side area) 
      Cumulative area ratio:  144.17
      Required ratio:    0.00 (Cumulative side area) 

    Layer: via
      Partial area ratio:    0.54
      Required ratio:    6.00 (Gate area) 
      Cumulative area ratio:    0.99
      Required ratio:    0.00 (Cumulative area) 

    Layer: met2
      Partial area ratio:   11.05
      Required ratio:    0.00 (Gate area) 
      Cumulative area ratio:   40.36
      Required ratio:    0.00 (Cumulative area) 
      Partial area ratio:   54.44
      Required ratio: 4336.52 (Side area) 
      Cumulative area ratio:  198.60
      Required ratio:    0.00 (Cumulative side area) 


  Pin:   _16379_/A0 (sky130_fd_sc_hd__mux2_1)
    Layer: li1
      Partial area ratio:    0.01
      Required ratio:    0.00 (Gate area) 
      Cumulative area ratio:    0.01
      Required ratio:    0.00 (Cumulative area) 
      Partial area ratio:    0.28
      Required ratio:   75.00 (Side area) 
      Cumulative area ratio:    0.28
      Required ratio:    0.00 (Cumulative side area) 

    Layer: mcon
      Partial area ratio:    0.23
      Required ratio:    3.00 (Gate area) 
      Cumulative area ratio:    0.23
      Required ratio:    0.00 (Cumulative area) 

    Layer: met1
      Partial area ratio:    7.94
      Required ratio:    0.00 (Gate area) 
      Cumulative area ratio:    7.95
      Required ratio:    0.00 (Cumulative area) 
      Partial area ratio:   38.96
      Required ratio:  400.00 (Side area) 
      Cumulative area ratio:   39.24
      Required ratio:    0.00 (Cumulative side area) 

    Layer: via
      Partial area ratio:    0.18
      Required ratio:    6.00 (Gate area) 
      Cumulative area ratio:    0.41
      Required ratio:    0.00 (Cumulative area) 

    Layer: met2
      Partial area ratio:   11.05
      Required ratio:    0.00 (Gate area) 
      Cumulative area ratio:   18.99
      Required ratio:    0.00 (Cumulative area) 
      Partial area ratio:   54.44
      Required ratio: 4336.52 (Side area) 
      Cumulative area ratio:   93.67
      Required ratio:    0.00 (Cumulative side area) 


  Pin:   _16388_/A0 (sky130_fd_sc_hd__mux2_1)
    Layer: li1
      Partial area ratio:    0.01
      Required ratio:    0.00 (Gate area) 
      Cumulative area ratio:    0.01
      Required ratio:    0.00 (Cumulative area) 
      Partial area ratio:    0.28
      Required ratio:   75.00 (Side area) 
      Cumulative area ratio:    0.28
      Required ratio:    0.00 (Cumulative side area) 

    Layer: mcon
      Partial area ratio:    0.23
      Required ratio:    3.00 (Gate area) 
      Cumulative area ratio:    0.23
      Required ratio:    0.00 (Cumulative area) 

    Layer: met1
      Partial area ratio:    5.27
      Required ratio:    0.00 (Gate area) 
      Cumulative area ratio:    5.27
      Required ratio:    0.00 (Cumulative area) 
      Partial area ratio:   25.76
      Required ratio:  400.00 (Side area) 
      Cumulative area ratio:   26.04
      Required ratio:    0.00 (Cumulative side area) 

    Layer: via
      Partial area ratio:    0.09
      Required ratio:    6.00 (Gate area) 
      Cumulative area ratio:    0.32
      Required ratio:    0.00 (Cumulative area) 

    Layer: met2
      Partial area ratio:   11.05
      Required ratio:    0.00 (Gate area) 
      Cumulative area ratio:   16.32
      Required ratio:    0.00 (Cumulative area) 
      Partial area ratio:   54.44
      Required ratio: 4336.52 (Side area) 
      Cumulative area ratio:   80.48
      Required ratio:    0.00 (Cumulative side area) 


  Pin:   _16397_/A1 (sky130_fd_sc_hd__mux2_1)
    Layer: mcon
      Partial area ratio:    0.46
      Required ratio:    3.00 (Gate area) 
      Cumulative area ratio:    0.46
      Required ratio:    0.00 (Cumulative area) 

    Layer: met1
      Partial area ratio:   21.50
      Required ratio:    0.00 (Gate area) 
      Cumulative area ratio:   21.50
      Required ratio:    0.00 (Cumulative area) 
      Partial area ratio:  106.28
      Required ratio:  400.00 (Side area) 
      Cumulative area ratio:  106.28
      Required ratio:    0.00 (Cumulative side area) 

    Layer: via
      Partial area ratio:    0.36
      Required ratio:    6.00 (Gate area) 
      Cumulative area ratio:    0.82
      Required ratio:    0.00 (Cumulative area) 

    Layer: met2
      Partial area ratio:   11.05
      Required ratio:    0.00 (Gate area) 
      Cumulative area ratio:   32.55
      Required ratio:    0.00 (Cumulative area) 
      Partial area ratio:   54.44
      Required ratio: 4336.52 (Side area) 
      Cumulative area ratio:  160.71
      Required ratio:    0.00 (Cumulative side area) 


  Pin:   _16406_/A1 (sky130_fd_sc_hd__mux2_1)
    Layer: mcon
      Partial area ratio:    0.23
      Required ratio:    3.00 (Gate area) 
      Cumulative area ratio:    0.23
      Required ratio:    0.00 (Cumulative area) 

    Layer: met1
      Partial area ratio:   10.05
      Required ratio:    0.00 (Gate area) 
      Cumulative area ratio:   10.05
      Required ratio:    0.00 (Cumulative area) 
      Partial area ratio:   49.64
      Required ratio:  400.00 (Side area) 
      Cumulative area ratio:   49.64
      Required ratio:    0.00 (Cumulative side area) 

    Layer: via
      Partial area ratio:    0.18
      Required ratio:    6.00 (Gate area) 
      Cumulative area ratio:    0.41
      Required ratio:    0.00 (Cumulative area) 

    Layer: met2
      Partial area ratio:   11.05
      Required ratio:    0.00 (Gate area) 
      Cumulative area ratio:   21.10
      Required ratio:    0.00 (Cumulative area) 
      Partial area ratio:   54.44
      Required ratio: 4336.52 (Side area) 
      Cumulative area ratio:  104.08
      Required ratio:    0.00 (Cumulative side area) 


  Pin:   _16415_/A1 (sky130_fd_sc_hd__mux2_1)
    Layer: mcon
      Partial area ratio:    0.23
      Required ratio:    3.00 (Gate area) 
      Cumulative area ratio:    0.23
      Required ratio:    0.00 (Cumulative area) 

    Layer: met1
      Partial area ratio:   11.83
      Required ratio:    0.00 (Gate area) 
      Cumulative area ratio:   11.83
      Required ratio:    0.00 (Cumulative area) 
      Partial area ratio:   58.53
      Required ratio:  400.00 (Side area) 
      Cumulative area ratio:   58.53
      Required ratio:    0.00 (Cumulative side area) 

    Layer: via
      Partial area ratio:    0.18
      Required ratio:    6.00 (Gate area) 
      Cumulative area ratio:    0.41
      Required ratio:    0.00 (Cumulative area) 

    Layer: met2
      Partial area ratio:   11.05
      Required ratio:    0.00 (Gate area) 
      Cumulative area ratio:   22.88
      Required ratio:    0.00 (Cumulative area) 
      Partial area ratio:   54.44
      Required ratio: 4336.52 (Side area) 
      Cumulative area ratio:  112.96
      Required ratio:    0.00 (Cumulative side area) 


  Pin:   _16424_/A1 (sky130_fd_sc_hd__mux2_1)
    Layer: mcon
      Partial area ratio:    0.23
      Required ratio:    3.00 (Gate area) 
      Cumulative area ratio:    0.23
      Required ratio:    0.00 (Cumulative area) 

    Layer: met1
      Partial area ratio:    4.94
      Required ratio:    0.00 (Gate area) 
      Cumulative area ratio:    4.94
      Required ratio:    0.00 (Cumulative area) 
      Partial area ratio:   24.08
      Required ratio:  400.00 (Side area) 
      Cumulative area ratio:   24.08
      Required ratio:    0.00 (Cumulative side area) 

    Layer: via
      Partial area ratio:    0.18
      Required ratio:    6.00 (Gate area) 
      Cumulative area ratio:    0.41
      Required ratio:    0.00 (Cumulative area) 

    Layer: met2
      Partial area ratio:   11.05
      Required ratio:    0.00 (Gate area) 
      Cumulative area ratio:   15.99
      Required ratio:    0.00 (Cumulative area) 
      Partial area ratio:   54.44
      Required ratio: 4336.52 (Side area) 
      Cumulative area ratio:   78.52
      Required ratio:    0.00 (Cumulative side area) 


  Pin:   _16433_/A1 (sky130_fd_sc_hd__mux2_1)
    Layer: mcon
      Partial area ratio:    0.23
      Required ratio:    3.00 (Gate area) 
      Cumulative area ratio:    0.23
      Required ratio:    0.00 (Cumulative area) 

    Layer: met1
      Partial area ratio:    1.36
      Required ratio:    0.00 (Gate area) 
      Cumulative area ratio:    1.36
      Required ratio:    0.00 (Cumulative area) 
      Partial area ratio:    6.19
      Required ratio:  400.00 (Side area) 
      Cumulative area ratio:    6.19
      Required ratio:    0.00 (Cumulative side area) 

    Layer: via
      Partial area ratio:    0.18
      Required ratio:    6.00 (Gate area) 
      Cumulative area ratio:    0.41
      Required ratio:    0.00 (Cumulative area) 

    Layer: met2
      Partial area ratio:   11.05
      Required ratio:    0.00 (Gate area) 
      Cumulative area ratio:   12.41
      Required ratio:    0.00 (Cumulative area) 
      Partial area ratio:   54.44
      Required ratio: 4336.52 (Side area) 
      Cumulative area ratio:   60.63
      Required ratio:    0.00 (Cumulative side area) 


  Pin:   _16442_/A1 (sky130_fd_sc_hd__mux2_1)
    Layer: mcon
      Partial area ratio:    0.23
      Required ratio:    3.00 (Gate area) 
      Cumulative area ratio:    0.23
      Required ratio:    0.00 (Cumulative area) 

    Layer: met1
      Partial area ratio:    1.36
      Required ratio:    0.00 (Gate area) 
      Cumulative area ratio:    1.36
      Required ratio:    0.00 (Cumulative area) 
      Partial area ratio:    6.19
      Required ratio:  400.00 (Side area) 
      Cumulative area ratio:    6.19
      Required ratio:    0.00 (Cumulative side area) 

    Layer: via
      Partial area ratio:    0.18
      Required ratio:    6.00 (Gate area) 
      Cumulative area ratio:    0.41
      Required ratio:    0.00 (Cumulative area) 

    Layer: met2
      Partial area ratio:   11.05
      Required ratio:    0.00 (Gate area) 
      Cumulative area ratio:   12.41
      Required ratio:    0.00 (Cumulative area) 
      Partial area ratio:   54.44
      Required ratio: 4336.52 (Side area) 
      Cumulative area ratio:   60.63
      Required ratio:    0.00 (Cumulative side area) 


  Pin:   _16451_/A1 (sky130_fd_sc_hd__mux2_1)
    Layer: mcon
      Partial area ratio:    0.23
      Required ratio:    3.00 (Gate area) 
      Cumulative area ratio:    0.23
      Required ratio:    0.00 (Cumulative area) 

    Layer: met1
      Partial area ratio:    0.66
      Required ratio:    0.00 (Gate area) 
      Cumulative area ratio:    0.66
      Required ratio:    0.00 (Cumulative area) 
      Partial area ratio:    3.22
      Required ratio:  400.00 (Side area) 
      Cumulative area ratio:    3.22
      Required ratio:    0.00 (Cumulative side area) 

    Layer: via
      Partial area ratio:    0.18
      Required ratio:    6.00 (Gate area) 
      Cumulative area ratio:    0.41
      Required ratio:    0.00 (Cumulative area) 

    Layer: met2
      Partial area ratio:   11.05
      Required ratio:    0.00 (Gate area) 
      Cumulative area ratio:   11.71
      Required ratio:    0.00 (Cumulative area) 
      Partial area ratio:   54.44
      Required ratio: 4336.52 (Side area) 
      Cumulative area ratio:   57.66
      Required ratio:    0.00 (Cumulative side area) 


  Pin:   _16460_/A1 (sky130_fd_sc_hd__mux2_1)
    Layer: mcon
      Partial area ratio:    0.23
      Required ratio:    3.00 (Gate area) 
      Cumulative area ratio:    0.23
      Required ratio:    0.00 (Cumulative area) 

    Layer: met1
      Partial area ratio:   11.60
      Required ratio:    0.00 (Gate area) 
      Cumulative area ratio:   11.60
      Required ratio:    0.00 (Cumulative area) 
      Partial area ratio:   57.06
      Required ratio:  400.00 (Side area) 
      Cumulative area ratio:   57.06
      Required ratio:    0.00 (Cumulative side area) 

    Layer: via
      Partial area ratio:    0.36
      Required ratio:    6.00 (Gate area) 
      Cumulative area ratio:    0.59
      Required ratio:    0.00 (Cumulative area) 

    Layer: met2
      Partial area ratio:   11.05
      Required ratio:    0.00 (Gate area) 
      Cumulative area ratio:   22.65
      Required ratio:    0.00 (Cumulative area) 
      Partial area ratio:   54.44
      Required ratio: 4336.52 (Side area) 
      Cumulative area ratio:  111.49
      Required ratio:    0.00 (Cumulative side area) 


  Pin:   _16469_/A1 (sky130_fd_sc_hd__mux2_1)
    Layer: mcon
      Partial area ratio:    0.23
      Required ratio:    3.00 (Gate area) 
      Cumulative area ratio:    0.23
      Required ratio:    0.00 (Cumulative area) 

    Layer: met1
      Partial area ratio:    2.90
      Required ratio:    0.00 (Gate area) 
      Cumulative area ratio:    2.90
      Required ratio:    0.00 (Cumulative area) 
      Partial area ratio:   13.86
      Required ratio:  400.00 (Side area) 
      Cumulative area ratio:   13.86
      Required ratio:    0.00 (Cumulative side area) 

    Layer: via
      Partial area ratio:    0.18
      Required ratio:    6.00 (Gate area) 
      Cumulative area ratio:    0.41
      Required ratio:    0.00 (Cumulative area) 

    Layer: met2
      Partial area ratio:   11.05
      Required ratio:    0.00 (Gate area) 
      Cumulative area ratio:   13.94
      Required ratio:    0.00 (Cumulative area) 
      Partial area ratio:   54.44
      Required ratio: 4336.52 (Side area) 
      Cumulative area ratio:   68.30
      Required ratio:    0.00 (Cumulative side area) 


  Pin:   _16478_/A1 (sky130_fd_sc_hd__mux2_1)
    Layer: mcon
      Partial area ratio:    0.23
      Required ratio:    3.00 (Gate area) 
      Cumulative area ratio:    0.23
      Required ratio:    0.00 (Cumulative area) 

    Layer: met1
      Partial area ratio:   15.01
      Required ratio:    0.00 (Gate area) 
      Cumulative area ratio:   15.01
      Required ratio:    0.00 (Cumulative area) 
      Partial area ratio:   74.11
      Required ratio:  400.00 (Side area) 
      Cumulative area ratio:   74.11
      Required ratio:    0.00 (Cumulative side area) 

    Layer: via
      Partial area ratio:    0.36
      Required ratio:    6.00 (Gate area) 
      Cumulative area ratio:    0.59
      Required ratio:    0.00 (Cumulative area) 

    Layer: met2
      Partial area ratio:   11.05
      Required ratio:    0.00 (Gate area) 
      Cumulative area ratio:   26.06
      Required ratio:    0.00 (Cumulative area) 
      Partial area ratio:   54.44
      Required ratio: 4336.52 (Side area) 
      Cumulative area ratio:  128.55
      Required ratio:    0.00 (Cumulative side area) 


  Pin:   _16487_/A0 (sky130_fd_sc_hd__mux2_1)
    Layer: li1
      Partial area ratio:    0.01
      Required ratio:    0.00 (Gate area) 
      Cumulative area ratio:    0.01
      Required ratio:    0.00 (Cumulative area) 
      Partial area ratio:    0.28
      Required ratio:   75.00 (Side area) 
      Cumulative area ratio:    0.28
      Required ratio:    0.00 (Cumulative side area) 

    Layer: mcon
      Partial area ratio:    0.23
      Required ratio:    3.00 (Gate area) 
      Cumulative area ratio:    0.23
      Required ratio:    0.00 (Cumulative area) 

    Layer: met1
      Partial area ratio:    7.94
      Required ratio:    0.00 (Gate area) 
      Cumulative area ratio:    7.95
      Required ratio:    0.00 (Cumulative area) 
      Partial area ratio:   38.96
      Required ratio:  400.00 (Side area) 
      Cumulative area ratio:   39.24
      Required ratio:    0.00 (Cumulative side area) 

    Layer: via
      Partial area ratio:    0.18
      Required ratio:    6.00 (Gate area) 
      Cumulative area ratio:    0.41
      Required ratio:    0.00 (Cumulative area) 

    Layer: met2
      Partial area ratio:   11.05
      Required ratio:    0.00 (Gate area) 
      Cumulative area ratio:   18.99
      Required ratio:    0.00 (Cumulative area) 
      Partial area ratio:   54.44
      Required ratio: 4336.52 (Side area) 
      Cumulative area ratio:   93.67
      Required ratio:    0.00 (Cumulative side area) 


  Pin:   _16496_/A1 (sky130_fd_sc_hd__mux2_1)
    Layer: mcon
      Partial area ratio:    0.23
      Required ratio:    3.00 (Gate area) 
      Cumulative area ratio:    0.23
      Required ratio:    0.00 (Cumulative area) 

    Layer: met1
      Partial area ratio:    3.59
      Required ratio:    0.00 (Gate area) 
      Cumulative area ratio:    3.59
      Required ratio:    0.00 (Cumulative area) 
      Partial area ratio:   17.36
      Required ratio:  400.00 (Side area) 
      Cumulative area ratio:   17.36
      Required ratio:    0.00 (Cumulative side area) 

    Layer: via
      Partial area ratio:    0.09
      Required ratio:    6.00 (Gate area) 
      Cumulative area ratio:    0.32
      Required ratio:    0.00 (Cumulative area) 

    Layer: met2
      Partial area ratio:   11.05
      Required ratio:    0.00 (Gate area) 
      Cumulative area ratio:   14.63
      Required ratio:    0.00 (Cumulative area) 
      Partial area ratio:   54.44
      Required ratio: 4336.52 (Side area) 
      Cumulative area ratio:   71.80
      Required ratio:    0.00 (Cumulative side area) 


  Pin:   _16505_/A1 (sky130_fd_sc_hd__mux2_1)
    Layer: mcon
      Partial area ratio:    0.23
      Required ratio:    3.00 (Gate area) 
      Cumulative area ratio:    0.23
      Required ratio:    0.00 (Cumulative area) 

    Layer: met1
      Partial area ratio:    3.59
      Required ratio:    0.00 (Gate area) 
      Cumulative area ratio:    3.59
      Required ratio:    0.00 (Cumulative area) 
      Partial area ratio:   17.36
      Required ratio:  400.00 (Side area) 
      Cumulative area ratio:   17.36
      Required ratio:    0.00 (Cumulative side area) 

    Layer: via
      Partial area ratio:    0.09
      Required ratio:    6.00 (Gate area) 
      Cumulative area ratio:    0.32
      Required ratio:    0.00 (Cumulative area) 

    Layer: met2
      Partial area ratio:   11.05
      Required ratio:    0.00 (Gate area) 
      Cumulative area ratio:   14.63
      Required ratio:    0.00 (Cumulative area) 
      Partial area ratio:   54.44
      Required ratio: 4336.52 (Side area) 
      Cumulative area ratio:   71.80
      Required ratio:    0.00 (Cumulative side area) 


  Pin:   _16514_/A1 (sky130_fd_sc_hd__mux2_1)
    Layer: mcon
      Partial area ratio:    0.23
      Required ratio:    3.00 (Gate area) 
      Cumulative area ratio:    0.23
      Required ratio:    0.00 (Cumulative area) 

    Layer: met1
      Partial area ratio:    0.66
      Required ratio:    0.00 (Gate area) 
      Cumulative area ratio:    0.66
      Required ratio:    0.00 (Cumulative area) 
      Partial area ratio:    3.22
      Required ratio:  400.00 (Side area) 
      Cumulative area ratio:    3.22
      Required ratio:    0.00 (Cumulative side area) 

    Layer: via
      Partial area ratio:    0.18
      Required ratio:    6.00 (Gate area) 
      Cumulative area ratio:    0.41
      Required ratio:    0.00 (Cumulative area) 

    Layer: met2
      Partial area ratio:   11.05
      Required ratio:    0.00 (Gate area) 
      Cumulative area ratio:   11.71
      Required ratio:    0.00 (Cumulative area) 
      Partial area ratio:   54.44
      Required ratio: 4336.52 (Side area) 
      Cumulative area ratio:   57.66
      Required ratio:    0.00 (Cumulative side area) 


  Pin:   _16523_/A0 (sky130_fd_sc_hd__mux2_1)
    Layer: li1
      Partial area ratio:    0.01
      Required ratio:    0.00 (Gate area) 
      Cumulative area ratio:    0.01
      Required ratio:    0.00 (Cumulative area) 
      Partial area ratio:    0.28
      Required ratio:   75.00 (Side area) 
      Cumulative area ratio:    0.28
      Required ratio:    0.00 (Cumulative side area) 

    Layer: mcon
      Partial area ratio:    0.23
      Required ratio:    3.00 (Gate area) 
      Cumulative area ratio:    0.23
      Required ratio:    0.00 (Cumulative area) 

    Layer: met1
      Partial area ratio:    5.45
      Required ratio:    0.00 (Gate area) 
      Cumulative area ratio:    5.46
      Required ratio:    0.00 (Cumulative area) 
      Partial area ratio:   26.64
      Required ratio:  400.00 (Side area) 
      Cumulative area ratio:   26.92
      Required ratio:    0.00 (Cumulative side area) 

    Layer: via
      Partial area ratio:    0.18
      Required ratio:    6.00 (Gate area) 
      Cumulative area ratio:    0.41
      Required ratio:    0.00 (Cumulative area) 

    Layer: met2
      Partial area ratio:   11.05
      Required ratio:    0.00 (Gate area) 
      Cumulative area ratio:   16.50
      Required ratio:    0.00 (Cumulative area) 
      Partial area ratio:   54.44
      Required ratio: 4336.52 (Side area) 
      Cumulative area ratio:   81.35
      Required ratio:    0.00 (Cumulative side area) 


  Pin:   _16532_/A0 (sky130_fd_sc_hd__mux2_1)
    Layer: li1
      Partial area ratio:    0.01
      Required ratio:    0.00 (Gate area) 
      Cumulative area ratio:    0.01
      Required ratio:    0.00 (Cumulative area) 
      Partial area ratio:    0.28
      Required ratio:   75.00 (Side area) 
      Cumulative area ratio:    0.28
      Required ratio:    0.00 (Cumulative side area) 

    Layer: mcon
      Partial area ratio:    0.23
      Required ratio:    3.00 (Gate area) 
      Cumulative area ratio:    0.23
      Required ratio:    0.00 (Cumulative area) 

    Layer: met1
      Partial area ratio:    7.10
      Required ratio:    0.00 (Gate area) 
      Cumulative area ratio:    7.11
      Required ratio:    0.00 (Cumulative area) 
      Partial area ratio:   34.56
      Required ratio:  400.00 (Side area) 
      Cumulative area ratio:   34.83
      Required ratio:    0.00 (Cumulative side area) 

    Layer: via
      Partial area ratio:    0.36
      Required ratio:    6.00 (Gate area) 
      Cumulative area ratio:    0.59
      Required ratio:    0.00 (Cumulative area) 

    Layer: met2
      Partial area ratio:   11.05
      Required ratio:    0.00 (Gate area) 
      Cumulative area ratio:   18.15
      Required ratio:    0.00 (Cumulative area) 
      Partial area ratio:   54.44
      Required ratio: 4336.52 (Side area) 
      Cumulative area ratio:   89.27
      Required ratio:    0.00 (Cumulative side area) 


  Pin:   _16541_/A0 (sky130_fd_sc_hd__mux2_1)
    Layer: li1
      Partial area ratio:    0.01
      Required ratio:    0.00 (Gate area) 
      Cumulative area ratio:    0.01
      Required ratio:    0.00 (Cumulative area) 
      Partial area ratio:    0.28
      Required ratio:   75.00 (Side area) 
      Cumulative area ratio:    0.28
      Required ratio:    0.00 (Cumulative side area) 

    Layer: mcon
      Partial area ratio:    0.23
      Required ratio:    3.00 (Gate area) 
      Cumulative area ratio:    0.23
      Required ratio:    0.00 (Cumulative area) 

    Layer: met1
      Partial area ratio:   29.13
      Required ratio:    0.00 (Gate area) 
      Cumulative area ratio:   29.14
      Required ratio:    0.00 (Cumulative area) 
      Partial area ratio:  143.64
      Required ratio:  400.00 (Side area) 
      Cumulative area ratio:  143.92
      Required ratio:    0.00 (Cumulative side area) 

    Layer: via
      Partial area ratio:    0.45
      Required ratio:    6.00 (Gate area) 
      Cumulative area ratio:    0.68
      Required ratio:    0.00 (Cumulative area) 

    Layer: met2
      Partial area ratio:   11.05
      Required ratio:    0.00 (Gate area) 
      Cumulative area ratio:   40.19
      Required ratio:    0.00 (Cumulative area) 
      Partial area ratio:   54.44
      Required ratio: 4336.52 (Side area) 
      Cumulative area ratio:  198.35
      Required ratio:    0.00 (Cumulative side area) 


  Pin:   _16550_/A0 (sky130_fd_sc_hd__mux2_1)
    Layer: li1
      Partial area ratio:    0.01
      Required ratio:    0.00 (Gate area) 
      Cumulative area ratio:    0.01
      Required ratio:    0.00 (Cumulative area) 
      Partial area ratio:    0.28
      Required ratio:   75.00 (Side area) 
      Cumulative area ratio:    0.28
      Required ratio:    0.00 (Cumulative side area) 

    Layer: mcon
      Partial area ratio:    0.23
      Required ratio:    3.00 (Gate area) 
      Cumulative area ratio:    0.23
      Required ratio:    0.00 (Cumulative area) 

    Layer: met1
      Partial area ratio:    0.66
      Required ratio:    0.00 (Gate area) 
      Cumulative area ratio:    0.67
      Required ratio:    0.00 (Cumulative area) 
      Partial area ratio:    3.22
      Required ratio:  400.00 (Side area) 
      Cumulative area ratio:    3.50
      Required ratio:    0.00 (Cumulative side area) 

    Layer: via
      Partial area ratio:    0.18
      Required ratio:    6.00 (Gate area) 
      Cumulative area ratio:    0.41
      Required ratio:    0.00 (Cumulative area) 

    Layer: met2
      Partial area ratio:   11.05
      Required ratio:    0.00 (Gate area) 
      Cumulative area ratio:   11.71
      Required ratio:    0.00 (Cumulative area) 
      Partial area ratio:   54.44
      Required ratio: 4336.52 (Side area) 
      Cumulative area ratio:   57.94
      Required ratio:    0.00 (Cumulative side area) 


  Pin:   _16559_/A0 (sky130_fd_sc_hd__mux2_1)
    Layer: li1
      Partial area ratio:    0.01
      Required ratio:    0.00 (Gate area) 
      Cumulative area ratio:    0.01
      Required ratio:    0.00 (Cumulative area) 
      Partial area ratio:    0.28
      Required ratio:   75.00 (Side area) 
      Cumulative area ratio:    0.28
      Required ratio:    0.00 (Cumulative side area) 

    Layer: mcon
      Partial area ratio:    0.23
      Required ratio:    3.00 (Gate area) 
      Cumulative area ratio:    0.23
      Required ratio:    0.00 (Cumulative area) 

    Layer: met1
      Partial area ratio:    8.33
      Required ratio:    0.00 (Gate area) 
      Cumulative area ratio:    8.33
      Required ratio:    0.00 (Cumulative area) 
      Partial area ratio:   40.17
      Required ratio:  400.00 (Side area) 
      Cumulative area ratio:   40.44
      Required ratio:    0.00 (Cumulative side area) 

    Layer: via
      Partial area ratio:    0.36
      Required ratio:    6.00 (Gate area) 
      Cumulative area ratio:    0.59
      Required ratio:    0.00 (Cumulative area) 

    Layer: met2
      Partial area ratio:   11.05
      Required ratio:    0.00 (Gate area) 
      Cumulative area ratio:   19.38
      Required ratio:    0.00 (Cumulative area) 
      Partial area ratio:   54.44
      Required ratio: 4336.52 (Side area) 
      Cumulative area ratio:   94.88
      Required ratio:    0.00 (Cumulative side area) 


  Pin:   _16568_/A0 (sky130_fd_sc_hd__mux2_1)
    Layer: li1
      Partial area ratio:    0.01
      Required ratio:    0.00 (Gate area) 
      Cumulative area ratio:    0.01
      Required ratio:    0.00 (Cumulative area) 
      Partial area ratio:    0.28
      Required ratio:   75.00 (Side area) 
      Cumulative area ratio:    0.28
      Required ratio:    0.00 (Cumulative side area) 

    Layer: mcon
      Partial area ratio:    0.23
      Required ratio:    3.00 (Gate area) 
      Cumulative area ratio:    0.23
      Required ratio:    0.00 (Cumulative area) 

    Layer: met1
      Partial area ratio:    0.66
      Required ratio:    0.00 (Gate area) 
      Cumulative area ratio:    0.67
      Required ratio:    0.00 (Cumulative area) 
      Partial area ratio:    3.22
      Required ratio:  400.00 (Side area) 
      Cumulative area ratio:    3.50
      Required ratio:    0.00 (Cumulative side area) 

    Layer: via
      Partial area ratio:    0.18
      Required ratio:    6.00 (Gate area) 
      Cumulative area ratio:    0.41
      Required ratio:    0.00 (Cumulative area) 

    Layer: met2
      Partial area ratio:   11.05
      Required ratio:    0.00 (Gate area) 
      Cumulative area ratio:   11.71
      Required ratio:    0.00 (Cumulative area) 
      Partial area ratio:   54.44
      Required ratio: 4336.52 (Side area) 
      Cumulative area ratio:   57.94
      Required ratio:    0.00 (Cumulative side area) 


  Pin:   _16577_/A0 (sky130_fd_sc_hd__mux2_1)
    Layer: li1
      Partial area ratio:    0.01
      Required ratio:    0.00 (Gate area) 
      Cumulative area ratio:    0.01
      Required ratio:    0.00 (Cumulative area) 
      Partial area ratio:    0.28
      Required ratio:   75.00 (Side area) 
      Cumulative area ratio:    0.28
      Required ratio:    0.00 (Cumulative side area) 

    Layer: mcon
      Partial area ratio:    0.23
      Required ratio:    3.00 (Gate area) 
      Cumulative area ratio:    0.23
      Required ratio:    0.00 (Cumulative area) 

    Layer: met1
      Partial area ratio:    6.35
      Required ratio:    0.00 (Gate area) 
      Cumulative area ratio:    6.36
      Required ratio:    0.00 (Cumulative area) 
      Partial area ratio:   31.17
      Required ratio:  400.00 (Side area) 
      Cumulative area ratio:   31.44
      Required ratio:    0.00 (Cumulative side area) 

    Layer: via
      Partial area ratio:    0.09
      Required ratio:    6.00 (Gate area) 
      Cumulative area ratio:    0.32
      Required ratio:    0.00 (Cumulative area) 

    Layer: met2
      Partial area ratio:   11.05
      Required ratio:    0.00 (Gate area) 
      Cumulative area ratio:   17.40
      Required ratio:    0.00 (Cumulative area) 
      Partial area ratio:   54.44
      Required ratio: 4336.52 (Side area) 
      Cumulative area ratio:   85.88
      Required ratio:    0.00 (Cumulative side area) 


  Pin:   _16586_/A1 (sky130_fd_sc_hd__mux2_1)
    Layer: mcon
      Partial area ratio:    0.23
      Required ratio:    3.00 (Gate area) 
      Cumulative area ratio:    0.23
      Required ratio:    0.00 (Cumulative area) 

    Layer: met1
      Partial area ratio:    9.71
      Required ratio:    0.00 (Gate area) 
      Cumulative area ratio:    9.71
      Required ratio:    0.00 (Cumulative area) 
      Partial area ratio:   47.08
      Required ratio:  400.00 (Side area) 
      Cumulative area ratio:   47.08
      Required ratio:    0.00 (Cumulative side area) 

    Layer: via
      Partial area ratio:    0.36
      Required ratio:    6.00 (Gate area) 
      Cumulative area ratio:    0.59
      Required ratio:    0.00 (Cumulative area) 

    Layer: met2
      Partial area ratio:   11.05
      Required ratio:    0.00 (Gate area) 
      Cumulative area ratio:   20.76
      Required ratio:    0.00 (Cumulative area) 
      Partial area ratio:   54.44
      Required ratio: 4336.52 (Side area) 
      Cumulative area ratio:  101.52
      Required ratio:    0.00 (Cumulative side area) 


  Pin:   _16595_/A0 (sky130_fd_sc_hd__mux2_1)
    Layer: li1
      Partial area ratio:    0.01
      Required ratio:    0.00 (Gate area) 
      Cumulative area ratio:    0.01
      Required ratio:    0.00 (Cumulative area) 
      Partial area ratio:    0.28
      Required ratio:   75.00 (Side area) 
      Cumulative area ratio:    0.28
      Required ratio:    0.00 (Cumulative side area) 

    Layer: mcon
      Partial area ratio:    0.23
      Required ratio:    3.00 (Gate area) 
      Cumulative area ratio:    0.23
      Required ratio:    0.00 (Cumulative area) 

    Layer: met1
      Partial area ratio:    5.27
      Required ratio:    0.00 (Gate area) 
      Cumulative area ratio:    5.27
      Required ratio:    0.00 (Cumulative area) 
      Partial area ratio:   25.76
      Required ratio:  400.00 (Side area) 
      Cumulative area ratio:   26.04
      Required ratio:    0.00 (Cumulative side area) 

    Layer: via
      Partial area ratio:    0.09
      Required ratio:    6.00 (Gate area) 
      Cumulative area ratio:    0.32
      Required ratio:    0.00 (Cumulative area) 

    Layer: met2
      Partial area ratio:   11.05
      Required ratio:    0.00 (Gate area) 
      Cumulative area ratio:   16.32
      Required ratio:    0.00 (Cumulative area) 
      Partial area ratio:   54.44
      Required ratio: 4336.52 (Side area) 
      Cumulative area ratio:   80.48
      Required ratio:    0.00 (Cumulative side area) 


  Pin:   _16604_/A0 (sky130_fd_sc_hd__mux2_1)
    Layer: li1
      Partial area ratio:    0.01
      Required ratio:    0.00 (Gate area) 
      Cumulative area ratio:    0.01
      Required ratio:    0.00 (Cumulative area) 
      Partial area ratio:    0.28
      Required ratio:   75.00 (Side area) 
      Cumulative area ratio:    0.28
      Required ratio:    0.00 (Cumulative side area) 

    Layer: mcon
      Partial area ratio:    0.23
      Required ratio:    3.00 (Gate area) 
      Cumulative area ratio:    0.23
      Required ratio:    0.00 (Cumulative area) 

    Layer: met1
      Partial area ratio:   29.13
      Required ratio:    0.00 (Gate area) 
      Cumulative area ratio:   29.14
      Required ratio:    0.00 (Cumulative area) 
      Partial area ratio:  143.64
      Required ratio:  400.00 (Side area) 
      Cumulative area ratio:  143.92
      Required ratio:    0.00 (Cumulative side area) 

    Layer: via
      Partial area ratio:    0.45
      Required ratio:    6.00 (Gate area) 
      Cumulative area ratio:    0.68
      Required ratio:    0.00 (Cumulative area) 

    Layer: met2
      Partial area ratio:   11.05
      Required ratio:    0.00 (Gate area) 
      Cumulative area ratio:   40.19
      Required ratio:    0.00 (Cumulative area) 
      Partial area ratio:   54.44
      Required ratio: 4336.52 (Side area) 
      Cumulative area ratio:  198.35
      Required ratio:    0.00 (Cumulative side area) 


  Pin:   _16613_/A0 (sky130_fd_sc_hd__mux2_1)
    Layer: li1
      Partial area ratio:    0.01
      Required ratio:    0.00 (Gate area) 
      Cumulative area ratio:    0.01
      Required ratio:    0.00 (Cumulative area) 
      Partial area ratio:    0.28
      Required ratio:   75.00 (Side area) 
      Cumulative area ratio:    0.28
      Required ratio:    0.00 (Cumulative side area) 

    Layer: mcon
      Partial area ratio:    0.23
      Required ratio:    3.00 (Gate area) 
      Cumulative area ratio:    0.23
      Required ratio:    0.00 (Cumulative area) 

    Layer: met1
      Partial area ratio:   21.63
      Required ratio:    0.00 (Gate area) 
      Cumulative area ratio:   21.63
      Required ratio:    0.00 (Cumulative area) 
      Partial area ratio:  106.67
      Required ratio:  400.00 (Side area) 
      Cumulative area ratio:  106.94
      Required ratio:    0.00 (Cumulative side area) 

    Layer: via
      Partial area ratio:    0.36
      Required ratio:    6.00 (Gate area) 
      Cumulative area ratio:    0.59
      Required ratio:    0.00 (Cumulative area) 

    Layer: met2
      Partial area ratio:   11.05
      Required ratio:    0.00 (Gate area) 
      Cumulative area ratio:   32.68
      Required ratio:    0.00 (Cumulative area) 
      Partial area ratio:   54.44
      Required ratio: 4336.52 (Side area) 
      Cumulative area ratio:  161.38
      Required ratio:    0.00 (Cumulative side area) 


  Pin:   _16622_/A0 (sky130_fd_sc_hd__mux2_1)
    Layer: li1
      Partial area ratio:    0.01
      Required ratio:    0.00 (Gate area) 
      Cumulative area ratio:    0.01
      Required ratio:    0.00 (Cumulative area) 
      Partial area ratio:    0.28
      Required ratio:   75.00 (Side area) 
      Cumulative area ratio:    0.28
      Required ratio:    0.00 (Cumulative side area) 

    Layer: mcon
      Partial area ratio:    0.23
      Required ratio:    3.00 (Gate area) 
      Cumulative area ratio:    0.23
      Required ratio:    0.00 (Cumulative area) 

    Layer: met1
      Partial area ratio:    0.66
      Required ratio:    0.00 (Gate area) 
      Cumulative area ratio:    0.67
      Required ratio:    0.00 (Cumulative area) 
      Partial area ratio:    3.22
      Required ratio:  400.00 (Side area) 
      Cumulative area ratio:    3.50
      Required ratio:    0.00 (Cumulative side area) 

    Layer: via
      Partial area ratio:    0.18
      Required ratio:    6.00 (Gate area) 
      Cumulative area ratio:    0.41
      Required ratio:    0.00 (Cumulative area) 

    Layer: met2
      Partial area ratio:   11.05
      Required ratio:    0.00 (Gate area) 
      Cumulative area ratio:   11.71
      Required ratio:    0.00 (Cumulative area) 
      Partial area ratio:   54.44
      Required ratio: 4336.52 (Side area) 
      Cumulative area ratio:   57.94
      Required ratio:    0.00 (Cumulative side area) 


  Pin:   _16631_/A0 (sky130_fd_sc_hd__mux2_1)
    Layer: li1
      Partial area ratio:    0.01
      Required ratio:    0.00 (Gate area) 
      Cumulative area ratio:    0.01
      Required ratio:    0.00 (Cumulative area) 
      Partial area ratio:    0.28
      Required ratio:   75.00 (Side area) 
      Cumulative area ratio:    0.28
      Required ratio:    0.00 (Cumulative side area) 

    Layer: mcon
      Partial area ratio:    0.23
      Required ratio:    3.00 (Gate area) 
      Cumulative area ratio:    0.23
      Required ratio:    0.00 (Cumulative area) 

    Layer: met1
      Partial area ratio:    0.66
      Required ratio:    0.00 (Gate area) 
      Cumulative area ratio:    0.67
      Required ratio:    0.00 (Cumulative area) 
      Partial area ratio:    3.22
      Required ratio:  400.00 (Side area) 
      Cumulative area ratio:    3.50
      Required ratio:    0.00 (Cumulative side area) 

    Layer: via
      Partial area ratio:    0.18
      Required ratio:    6.00 (Gate area) 
      Cumulative area ratio:    0.41
      Required ratio:    0.00 (Cumulative area) 

    Layer: met2
      Partial area ratio:   11.05
      Required ratio:    0.00 (Gate area) 
      Cumulative area ratio:   11.71
      Required ratio:    0.00 (Cumulative area) 
      Partial area ratio:   54.44
      Required ratio: 4336.52 (Side area) 
      Cumulative area ratio:   57.94
      Required ratio:    0.00 (Cumulative side area) 


  Pin:   _16641_/A0 (sky130_fd_sc_hd__mux2_1)
    Layer: li1
      Partial area ratio:    0.01
      Required ratio:    0.00 (Gate area) 
      Cumulative area ratio:    0.01
      Required ratio:    0.00 (Cumulative area) 
      Partial area ratio:    0.28
      Required ratio:   75.00 (Side area) 
      Cumulative area ratio:    0.28
      Required ratio:    0.00 (Cumulative side area) 

    Layer: mcon
      Partial area ratio:    0.23
      Required ratio:    3.00 (Gate area) 
      Cumulative area ratio:    0.23
      Required ratio:    0.00 (Cumulative area) 

    Layer: met1
      Partial area ratio:    0.66
      Required ratio:    0.00 (Gate area) 
      Cumulative area ratio:    0.67
      Required ratio:    0.00 (Cumulative area) 
      Partial area ratio:    3.22
      Required ratio:  400.00 (Side area) 
      Cumulative area ratio:    3.50
      Required ratio:    0.00 (Cumulative side area) 

    Layer: via
      Partial area ratio:    0.18
      Required ratio:    6.00 (Gate area) 
      Cumulative area ratio:    0.41
      Required ratio:    0.00 (Cumulative area) 

    Layer: met2
      Partial area ratio:   11.05
      Required ratio:    0.00 (Gate area) 
      Cumulative area ratio:   11.71
      Required ratio:    0.00 (Cumulative area) 
      Partial area ratio:   54.44
      Required ratio: 4336.52 (Side area) 
      Cumulative area ratio:   57.94
      Required ratio:    0.00 (Cumulative side area) 


  Pin:   _16650_/A0 (sky130_fd_sc_hd__mux2_1)
    Layer: li1
      Partial area ratio:    0.01
      Required ratio:    0.00 (Gate area) 
      Cumulative area ratio:    0.01
      Required ratio:    0.00 (Cumulative area) 
      Partial area ratio:    0.56
      Required ratio:   75.00 (Side area) 
      Cumulative area ratio:    0.56
      Required ratio:    0.00 (Cumulative side area) 

    Layer: mcon
      Partial area ratio:    0.46
      Required ratio:    3.00 (Gate area) 
      Cumulative area ratio:    0.46
      Required ratio:    0.00 (Cumulative area) 

    Layer: met1
      Partial area ratio:   19.97
      Required ratio:    0.00 (Gate area) 
      Cumulative area ratio:   19.98
      Required ratio:    0.00 (Cumulative area) 
      Partial area ratio:   98.61
      Required ratio:  400.00 (Side area) 
      Cumulative area ratio:   99.17
      Required ratio:    0.00 (Cumulative side area) 

    Layer: via
      Partial area ratio:    0.36
      Required ratio:    6.00 (Gate area) 
      Cumulative area ratio:    0.82
      Required ratio:    0.00 (Cumulative area) 

    Layer: met2
      Partial area ratio:   11.05
      Required ratio:    0.00 (Gate area) 
      Cumulative area ratio:   31.03
      Required ratio:    0.00 (Cumulative area) 
      Partial area ratio:   54.44
      Required ratio: 4336.52 (Side area) 
      Cumulative area ratio:  153.60
      Required ratio:    0.00 (Cumulative side area) 


  Pin:   _16659_/A0 (sky130_fd_sc_hd__mux2_1)
    Layer: li1
      Partial area ratio:    0.01
      Required ratio:    0.00 (Gate area) 
      Cumulative area ratio:    0.01
      Required ratio:    0.00 (Cumulative area) 
      Partial area ratio:    0.28
      Required ratio:   75.00 (Side area) 
      Cumulative area ratio:    0.28
      Required ratio:    0.00 (Cumulative side area) 

    Layer: mcon
      Partial area ratio:    0.23
      Required ratio:    3.00 (Gate area) 
      Cumulative area ratio:    0.23
      Required ratio:    0.00 (Cumulative area) 

    Layer: met1
      Partial area ratio:    4.46
      Required ratio:    0.00 (Gate area) 
      Cumulative area ratio:    4.47
      Required ratio:    0.00 (Cumulative area) 
      Partial area ratio:   21.32
      Required ratio:  400.00 (Side area) 
      Cumulative area ratio:   21.60
      Required ratio:    0.00 (Cumulative side area) 

    Layer: via
      Partial area ratio:    0.18
      Required ratio:    6.00 (Gate area) 
      Cumulative area ratio:    0.41
      Required ratio:    0.00 (Cumulative area) 

    Layer: met2
      Partial area ratio:   11.05
      Required ratio:    0.00 (Gate area) 
      Cumulative area ratio:   15.52
      Required ratio:    0.00 (Cumulative area) 
      Partial area ratio:   54.44
      Required ratio: 4336.52 (Side area) 
      Cumulative area ratio:   76.03
      Required ratio:    0.00 (Cumulative side area) 


  Pin:   _16668_/A0 (sky130_fd_sc_hd__mux2_1)
    Layer: li1
      Partial area ratio:    0.01
      Required ratio:    0.00 (Gate area) 
      Cumulative area ratio:    0.01
      Required ratio:    0.00 (Cumulative area) 
      Partial area ratio:    0.28
      Required ratio:   75.00 (Side area) 
      Cumulative area ratio:    0.28
      Required ratio:    0.00 (Cumulative side area) 

    Layer: mcon
      Partial area ratio:    0.23
      Required ratio:    3.00 (Gate area) 
      Cumulative area ratio:    0.23
      Required ratio:    0.00 (Cumulative area) 

    Layer: met1
      Partial area ratio:    4.46
      Required ratio:    0.00 (Gate area) 
      Cumulative area ratio:    4.47
      Required ratio:    0.00 (Cumulative area) 
      Partial area ratio:   21.32
      Required ratio:  400.00 (Side area) 
      Cumulative area ratio:   21.60
      Required ratio:    0.00 (Cumulative side area) 

    Layer: via
      Partial area ratio:    0.18
      Required ratio:    6.00 (Gate area) 
      Cumulative area ratio:    0.41
      Required ratio:    0.00 (Cumulative area) 

    Layer: met2
      Partial area ratio:   11.05
      Required ratio:    0.00 (Gate area) 
      Cumulative area ratio:   15.52
      Required ratio:    0.00 (Cumulative area) 
      Partial area ratio:   54.44
      Required ratio: 4336.52 (Side area) 
      Cumulative area ratio:   76.03
      Required ratio:    0.00 (Cumulative side area) 


  Pin:   _16677_/A0 (sky130_fd_sc_hd__mux2_1)
    Layer: li1
      Partial area ratio:    0.01
      Required ratio:    0.00 (Gate area) 
      Cumulative area ratio:    0.01
      Required ratio:    0.00 (Cumulative area) 
      Partial area ratio:    0.28
      Required ratio:   75.00 (Side area) 
      Cumulative area ratio:    0.28
      Required ratio:    0.00 (Cumulative side area) 

    Layer: mcon
      Partial area ratio:    0.23
      Required ratio:    3.00 (Gate area) 
      Cumulative area ratio:    0.23
      Required ratio:    0.00 (Cumulative area) 

    Layer: met1
      Partial area ratio:   31.43
      Required ratio:    0.00 (Gate area) 
      Cumulative area ratio:   31.43
      Required ratio:    0.00 (Cumulative area) 
      Partial area ratio:  155.33
      Required ratio:  400.00 (Side area) 
      Cumulative area ratio:  155.61
      Required ratio:    0.00 (Cumulative side area) 

    Layer: via
      Partial area ratio:    0.54
      Required ratio:    6.00 (Gate area) 
      Cumulative area ratio:    0.77
      Required ratio:    0.00 (Cumulative area) 

    Layer: met2
      Partial area ratio:   11.05
      Required ratio:    0.00 (Gate area) 
      Cumulative area ratio:   42.48
      Required ratio:    0.00 (Cumulative area) 
      Partial area ratio:   54.44
      Required ratio: 4336.52 (Side area) 
      Cumulative area ratio:  210.05
      Required ratio:    0.00 (Cumulative side area) 


  Pin:   _16686_/A0 (sky130_fd_sc_hd__mux2_1)
    Layer: li1
      Partial area ratio:    0.01
      Required ratio:    0.00 (Gate area) 
      Cumulative area ratio:    0.01
      Required ratio:    0.00 (Cumulative area) 
      Partial area ratio:    0.28
      Required ratio:   75.00 (Side area) 
      Cumulative area ratio:    0.28
      Required ratio:    0.00 (Cumulative side area) 

    Layer: mcon
      Partial area ratio:    0.23
      Required ratio:    3.00 (Gate area) 
      Cumulative area ratio:    0.23
      Required ratio:    0.00 (Cumulative area) 

    Layer: met1
      Partial area ratio:   27.62
      Required ratio:    0.00 (Gate area) 
      Cumulative area ratio:   27.62
      Required ratio:    0.00 (Cumulative area) 
      Partial area ratio:  136.61
      Required ratio:  400.00 (Side area) 
      Cumulative area ratio:  136.89
      Required ratio:    0.00 (Cumulative side area) 

    Layer: via
      Partial area ratio:    0.36
      Required ratio:    6.00 (Gate area) 
      Cumulative area ratio:    0.59
      Required ratio:    0.00 (Cumulative area) 

    Layer: met2
      Partial area ratio:   11.05
      Required ratio:    0.00 (Gate area) 
      Cumulative area ratio:   38.67
      Required ratio:    0.00 (Cumulative area) 
      Partial area ratio:   54.44
      Required ratio: 4336.52 (Side area) 
      Cumulative area ratio:  191.33
      Required ratio:    0.00 (Cumulative side area) 


  Pin:   _16695_/A0 (sky130_fd_sc_hd__mux2_1)
    Layer: li1
      Partial area ratio:    0.01
      Required ratio:    0.00 (Gate area) 
      Cumulative area ratio:    0.01
      Required ratio:    0.00 (Cumulative area) 
      Partial area ratio:    0.28
      Required ratio:   75.00 (Side area) 
      Cumulative area ratio:    0.28
      Required ratio:    0.00 (Cumulative side area) 

    Layer: mcon
      Partial area ratio:    0.23
      Required ratio:    3.00 (Gate area) 
      Cumulative area ratio:    0.23
      Required ratio:    0.00 (Cumulative area) 

    Layer: met1
      Partial area ratio:    0.66
      Required ratio:    0.00 (Gate area) 
      Cumulative area ratio:    0.67
      Required ratio:    0.00 (Cumulative area) 
      Partial area ratio:    3.22
      Required ratio:  400.00 (Side area) 
      Cumulative area ratio:    3.50
      Required ratio:    0.00 (Cumulative side area) 

    Layer: via
      Partial area ratio:    0.18
      Required ratio:    6.00 (Gate area) 
      Cumulative area ratio:    0.41
      Required ratio:    0.00 (Cumulative area) 

    Layer: met2
      Partial area ratio:   11.05
      Required ratio:    0.00 (Gate area) 
      Cumulative area ratio:   11.71
      Required ratio:    0.00 (Cumulative area) 
      Partial area ratio:   54.44
      Required ratio: 4336.52 (Side area) 
      Cumulative area ratio:   57.94
      Required ratio:    0.00 (Cumulative side area) 


  Pin:   _16704_/A0 (sky130_fd_sc_hd__mux2_1)
    Layer: li1
      Partial area ratio:    0.01
      Required ratio:    0.00 (Gate area) 
      Cumulative area ratio:    0.01
      Required ratio:    0.00 (Cumulative area) 
      Partial area ratio:    0.28
      Required ratio:   75.00 (Side area) 
      Cumulative area ratio:    0.28
      Required ratio:    0.00 (Cumulative side area) 

    Layer: mcon
      Partial area ratio:    0.23
      Required ratio:    3.00 (Gate area) 
      Cumulative area ratio:    0.23
      Required ratio:    0.00 (Cumulative area) 

    Layer: met1
      Partial area ratio:    2.38
      Required ratio:    0.00 (Gate area) 
      Cumulative area ratio:    2.39
      Required ratio:    0.00 (Cumulative area) 
      Partial area ratio:   11.31
      Required ratio:  400.00 (Side area) 
      Cumulative area ratio:   11.58
      Required ratio:    0.00 (Cumulative side area) 

    Layer: via
      Partial area ratio:    0.18
      Required ratio:    6.00 (Gate area) 
      Cumulative area ratio:    0.41
      Required ratio:    0.00 (Cumulative area) 

    Layer: met2
      Partial area ratio:   11.05
      Required ratio:    0.00 (Gate area) 
      Cumulative area ratio:   13.44
      Required ratio:    0.00 (Cumulative area) 
      Partial area ratio:   54.44
      Required ratio: 4336.52 (Side area) 
      Cumulative area ratio:   66.02
      Required ratio:    0.00 (Cumulative side area) 


  Pin:   _16713_/A0 (sky130_fd_sc_hd__mux2_1)
    Layer: li1
      Partial area ratio:    0.01
      Required ratio:    0.00 (Gate area) 
      Cumulative area ratio:    0.01
      Required ratio:    0.00 (Cumulative area) 
      Partial area ratio:    0.28
      Required ratio:   75.00 (Side area) 
      Cumulative area ratio:    0.28
      Required ratio:    0.00 (Cumulative side area) 

    Layer: mcon
      Partial area ratio:    0.23
      Required ratio:    3.00 (Gate area) 
      Cumulative area ratio:    0.23
      Required ratio:    0.00 (Cumulative area) 

    Layer: met1
      Partial area ratio:    9.84
      Required ratio:    0.00 (Gate area) 
      Cumulative area ratio:    9.85
      Required ratio:    0.00 (Cumulative area) 
      Partial area ratio:   47.75
      Required ratio:  400.00 (Side area) 
      Cumulative area ratio:   48.03
      Required ratio:    0.00 (Cumulative side area) 

    Layer: via
      Partial area ratio:    0.36
      Required ratio:    6.00 (Gate area) 
      Cumulative area ratio:    0.59
      Required ratio:    0.00 (Cumulative area) 

    Layer: met2
      Partial area ratio:   11.05
      Required ratio:    0.00 (Gate area) 
      Cumulative area ratio:   20.90
      Required ratio:    0.00 (Cumulative area) 
      Partial area ratio:   54.44
      Required ratio: 4336.52 (Side area) 
      Cumulative area ratio:  102.46
      Required ratio:    0.00 (Cumulative side area) 


  Pin:   _16722_/A0 (sky130_fd_sc_hd__mux2_1)
    Layer: li1
      Partial area ratio:    0.01
      Required ratio:    0.00 (Gate area) 
      Cumulative area ratio:    0.01
      Required ratio:    0.00 (Cumulative area) 
      Partial area ratio:    0.28
      Required ratio:   75.00 (Side area) 
      Cumulative area ratio:    0.28
      Required ratio:    0.00 (Cumulative side area) 

    Layer: mcon
      Partial area ratio:    0.23
      Required ratio:    3.00 (Gate area) 
      Cumulative area ratio:    0.23
      Required ratio:    0.00 (Cumulative area) 

    Layer: met1
      Partial area ratio:    8.79
      Required ratio:    0.00 (Gate area) 
      Cumulative area ratio:    8.79
      Required ratio:    0.00 (Cumulative area) 
      Partial area ratio:   43.36
      Required ratio:  400.00 (Side area) 
      Cumulative area ratio:   43.64
      Required ratio:    0.00 (Cumulative side area) 

    Layer: via
      Partial area ratio:    0.09
      Required ratio:    6.00 (Gate area) 
      Cumulative area ratio:    0.32
      Required ratio:    0.00 (Cumulative area) 

    Layer: met2
      Partial area ratio:   11.05
      Required ratio:    0.00 (Gate area) 
      Cumulative area ratio:   19.84
      Required ratio:    0.00 (Cumulative area) 
      Partial area ratio:   54.44
      Required ratio: 4336.52 (Side area) 
      Cumulative area ratio:   98.08
      Required ratio:    0.00 (Cumulative side area) 


  Pin:   _16731_/A0 (sky130_fd_sc_hd__mux2_1)
    Layer: li1
      Partial area ratio:    0.01
      Required ratio:    0.00 (Gate area) 
      Cumulative area ratio:    0.01
      Required ratio:    0.00 (Cumulative area) 
      Partial area ratio:    0.28
      Required ratio:   75.00 (Side area) 
      Cumulative area ratio:    0.28
      Required ratio:    0.00 (Cumulative side area) 

    Layer: mcon
      Partial area ratio:    0.23
      Required ratio:    3.00 (Gate area) 
      Cumulative area ratio:    0.23
      Required ratio:    0.00 (Cumulative area) 

    Layer: met1
      Partial area ratio:   28.51
      Required ratio:    0.00 (Gate area) 
      Cumulative area ratio:   28.51
      Required ratio:    0.00 (Cumulative area) 
      Partial area ratio:  141.06
      Required ratio:  400.00 (Side area) 
      Cumulative area ratio:  141.33
      Required ratio:    0.00 (Cumulative side area) 

    Layer: via
      Partial area ratio:    0.36
      Required ratio:    6.00 (Gate area) 
      Cumulative area ratio:    0.59
      Required ratio:    0.00 (Cumulative area) 

    Layer: met2
      Partial area ratio:   11.05
      Required ratio:    0.00 (Gate area) 
      Cumulative area ratio:   39.56
      Required ratio:    0.00 (Cumulative area) 
      Partial area ratio:   54.44
      Required ratio: 4336.52 (Side area) 
      Cumulative area ratio:  195.77
      Required ratio:    0.00 (Cumulative side area) 


  Pin:   _16740_/A0 (sky130_fd_sc_hd__mux2_1)
    Layer: li1
      Partial area ratio:    0.01
      Required ratio:    0.00 (Gate area) 
      Cumulative area ratio:    0.01
      Required ratio:    0.00 (Cumulative area) 
      Partial area ratio:    0.28
      Required ratio:   75.00 (Side area) 
      Cumulative area ratio:    0.28
      Required ratio:    0.00 (Cumulative side area) 

    Layer: mcon
      Partial area ratio:    0.23
      Required ratio:    3.00 (Gate area) 
      Cumulative area ratio:    0.23
      Required ratio:    0.00 (Cumulative area) 

    Layer: met1
      Partial area ratio:    1.87
      Required ratio:    0.00 (Gate area) 
      Cumulative area ratio:    1.88
      Required ratio:    0.00 (Cumulative area) 
      Partial area ratio:    8.75
      Required ratio:  400.00 (Side area) 
      Cumulative area ratio:    9.03
      Required ratio:    0.00 (Cumulative side area) 

    Layer: via
      Partial area ratio:    0.18
      Required ratio:    6.00 (Gate area) 
      Cumulative area ratio:    0.41
      Required ratio:    0.00 (Cumulative area) 

    Layer: met2
      Partial area ratio:   11.05
      Required ratio:    0.00 (Gate area) 
      Cumulative area ratio:   12.93
      Required ratio:    0.00 (Cumulative area) 
      Partial area ratio:   54.44
      Required ratio: 4336.52 (Side area) 
      Cumulative area ratio:   63.46
      Required ratio:    0.00 (Cumulative side area) 


  Pin:   _16749_/A0 (sky130_fd_sc_hd__mux2_1)
    Layer: li1
      Partial area ratio:    0.01
      Required ratio:    0.00 (Gate area) 
      Cumulative area ratio:    0.01
      Required ratio:    0.00 (Cumulative area) 
      Partial area ratio:    0.28
      Required ratio:   75.00 (Side area) 
      Cumulative area ratio:    0.28
      Required ratio:    0.00 (Cumulative side area) 

    Layer: mcon
      Partial area ratio:    0.23
      Required ratio:    3.00 (Gate area) 
      Cumulative area ratio:    0.23
      Required ratio:    0.00 (Cumulative area) 

    Layer: met1
      Partial area ratio:    8.79
      Required ratio:    0.00 (Gate area) 
      Cumulative area ratio:    8.79
      Required ratio:    0.00 (Cumulative area) 
      Partial area ratio:   43.36
      Required ratio:  400.00 (Side area) 
      Cumulative area ratio:   43.64
      Required ratio:    0.00 (Cumulative side area) 

    Layer: via
      Partial area ratio:    0.09
      Required ratio:    6.00 (Gate area) 
      Cumulative area ratio:    0.32
      Required ratio:    0.00 (Cumulative area) 

    Layer: met2
      Partial area ratio:   11.05
      Required ratio:    0.00 (Gate area) 
      Cumulative area ratio:   19.84
      Required ratio:    0.00 (Cumulative area) 
      Partial area ratio:   54.44
      Required ratio: 4336.52 (Side area) 
      Cumulative area ratio:   98.08
      Required ratio:    0.00 (Cumulative side area) 


  Pin:   _16758_/A0 (sky130_fd_sc_hd__mux2_1)
    Layer: li1
      Partial area ratio:    0.01
      Required ratio:    0.00 (Gate area) 
      Cumulative area ratio:    0.01
      Required ratio:    0.00 (Cumulative area) 
      Partial area ratio:    0.28
      Required ratio:   75.00 (Side area) 
      Cumulative area ratio:    0.28
      Required ratio:    0.00 (Cumulative side area) 

    Layer: mcon
      Partial area ratio:    0.23
      Required ratio:    3.00 (Gate area) 
      Cumulative area ratio:    0.23
      Required ratio:    0.00 (Cumulative area) 

    Layer: met1
      Partial area ratio:    0.66
      Required ratio:    0.00 (Gate area) 
      Cumulative area ratio:    0.67
      Required ratio:    0.00 (Cumulative area) 
      Partial area ratio:    3.22
      Required ratio:  400.00 (Side area) 
      Cumulative area ratio:    3.50
      Required ratio:    0.00 (Cumulative side area) 

    Layer: via
      Partial area ratio:    0.18
      Required ratio:    6.00 (Gate area) 
      Cumulative area ratio:    0.41
      Required ratio:    0.00 (Cumulative area) 

    Layer: met2
      Partial area ratio:   11.05
      Required ratio:    0.00 (Gate area) 
      Cumulative area ratio:   11.71
      Required ratio:    0.00 (Cumulative area) 
      Partial area ratio:   54.44
      Required ratio: 4336.52 (Side area) 
      Cumulative area ratio:   57.94
      Required ratio:    0.00 (Cumulative side area) 


  Pin:   _16767_/A0 (sky130_fd_sc_hd__mux2_1)
    Layer: li1
      Partial area ratio:    0.01
      Required ratio:    0.00 (Gate area) 
      Cumulative area ratio:    0.01
      Required ratio:    0.00 (Cumulative area) 
      Partial area ratio:    0.28
      Required ratio:   75.00 (Side area) 
      Cumulative area ratio:    0.28
      Required ratio:    0.00 (Cumulative side area) 

    Layer: mcon
      Partial area ratio:    0.23
      Required ratio:    3.00 (Gate area) 
      Cumulative area ratio:    0.23
      Required ratio:    0.00 (Cumulative area) 

    Layer: met1
      Partial area ratio:    6.35
      Required ratio:    0.00 (Gate area) 
      Cumulative area ratio:    6.36
      Required ratio:    0.00 (Cumulative area) 
      Partial area ratio:   31.19
      Required ratio:  400.00 (Side area) 
      Cumulative area ratio:   31.47
      Required ratio:    0.00 (Cumulative side area) 

    Layer: via
      Partial area ratio:    0.06
      Required ratio:    6.00 (Gate area) 
      Cumulative area ratio:    0.29
      Required ratio:    0.00 (Cumulative area) 

    Layer: met2
      Partial area ratio:   11.05
      Required ratio:    0.00 (Gate area) 
      Cumulative area ratio:   17.41
      Required ratio:    0.00 (Cumulative area) 
      Partial area ratio:   54.44
      Required ratio: 4336.52 (Side area) 
      Cumulative area ratio:   85.91
      Required ratio:    0.00 (Cumulative side area) 


  Pin:   _16776_/A0 (sky130_fd_sc_hd__mux2_1)
    Layer: li1
      Partial area ratio:    0.01
      Required ratio:    0.00 (Gate area) 
      Cumulative area ratio:    0.01
      Required ratio:    0.00 (Cumulative area) 
      Partial area ratio:    0.28
      Required ratio:   75.00 (Side area) 
      Cumulative area ratio:    0.28
      Required ratio:    0.00 (Cumulative side area) 

    Layer: mcon
      Partial area ratio:    0.23
      Required ratio:    3.00 (Gate area) 
      Cumulative area ratio:    0.23
      Required ratio:    0.00 (Cumulative area) 

    Layer: met1
      Partial area ratio:    6.35
      Required ratio:    0.00 (Gate area) 
      Cumulative area ratio:    6.36
      Required ratio:    0.00 (Cumulative area) 
      Partial area ratio:   31.19
      Required ratio:  400.00 (Side area) 
      Cumulative area ratio:   31.47
      Required ratio:    0.00 (Cumulative side area) 

    Layer: via
      Partial area ratio:    0.06
      Required ratio:    6.00 (Gate area) 
      Cumulative area ratio:    0.29
      Required ratio:    0.00 (Cumulative area) 

    Layer: met2
      Partial area ratio:   11.05
      Required ratio:    0.00 (Gate area) 
      Cumulative area ratio:   17.41
      Required ratio:    0.00 (Cumulative area) 
      Partial area ratio:   54.44
      Required ratio: 4336.52 (Side area) 
      Cumulative area ratio:   85.91
      Required ratio:    0.00 (Cumulative side area) 


  Pin:   _16785_/A0 (sky130_fd_sc_hd__mux2_1)
    Layer: li1
      Partial area ratio:    0.01
      Required ratio:    0.00 (Gate area) 
      Cumulative area ratio:    0.01
      Required ratio:    0.00 (Cumulative area) 
      Partial area ratio:    0.28
      Required ratio:   75.00 (Side area) 
      Cumulative area ratio:    0.28
      Required ratio:    0.00 (Cumulative side area) 

    Layer: mcon
      Partial area ratio:    0.23
      Required ratio:    3.00 (Gate area) 
      Cumulative area ratio:    0.23
      Required ratio:    0.00 (Cumulative area) 

    Layer: met1
      Partial area ratio:    6.35
      Required ratio:    0.00 (Gate area) 
      Cumulative area ratio:    6.36
      Required ratio:    0.00 (Cumulative area) 
      Partial area ratio:   31.19
      Required ratio:  400.00 (Side area) 
      Cumulative area ratio:   31.47
      Required ratio:    0.00 (Cumulative side area) 

    Layer: via
      Partial area ratio:    0.06
      Required ratio:    6.00 (Gate area) 
      Cumulative area ratio:    0.29
      Required ratio:    0.00 (Cumulative area) 

    Layer: met2
      Partial area ratio:   11.05
      Required ratio:    0.00 (Gate area) 
      Cumulative area ratio:   17.41
      Required ratio:    0.00 (Cumulative area) 
      Partial area ratio:   54.44
      Required ratio: 4336.52 (Side area) 
      Cumulative area ratio:   85.91
      Required ratio:    0.00 (Cumulative side area) 


  Pin:   _16794_/A0 (sky130_fd_sc_hd__mux2_1)
    Layer: li1
      Partial area ratio:    0.01
      Required ratio:    0.00 (Gate area) 
      Cumulative area ratio:    0.01
      Required ratio:    0.00 (Cumulative area) 
      Partial area ratio:    0.28
      Required ratio:   75.00 (Side area) 
      Cumulative area ratio:    0.28
      Required ratio:    0.00 (Cumulative side area) 

    Layer: mcon
      Partial area ratio:    0.23
      Required ratio:    3.00 (Gate area) 
      Cumulative area ratio:    0.23
      Required ratio:    0.00 (Cumulative area) 

    Layer: met1
      Partial area ratio:   52.59
      Required ratio:    0.00 (Gate area) 
      Cumulative area ratio:   52.60
      Required ratio:    0.00 (Cumulative area) 
      Partial area ratio:  259.78
      Required ratio:  400.00 (Side area) 
      Cumulative area ratio:  260.06
      Required ratio:    0.00 (Cumulative side area) 

    Layer: via
      Partial area ratio:    0.71
      Required ratio:    6.00 (Gate area) 
      Cumulative area ratio:    0.94
      Required ratio:    0.00 (Cumulative area) 

    Layer: met2
      Partial area ratio:   11.05
      Required ratio:    0.00 (Gate area) 
      Cumulative area ratio:   63.65
      Required ratio:    0.00 (Cumulative area) 
      Partial area ratio:   54.44
      Required ratio: 4336.52 (Side area) 
      Cumulative area ratio:  314.49
      Required ratio:    0.00 (Cumulative side area) 


  Pin:   _16804_/A0 (sky130_fd_sc_hd__mux2_1)
    Layer: li1
      Partial area ratio:    0.01
      Required ratio:    0.00 (Gate area) 
      Cumulative area ratio:    0.01
      Required ratio:    0.00 (Cumulative area) 
      Partial area ratio:    0.28
      Required ratio:   75.00 (Side area) 
      Cumulative area ratio:    0.28
      Required ratio:    0.00 (Cumulative side area) 

    Layer: mcon
      Partial area ratio:    0.23
      Required ratio:    3.00 (Gate area) 
      Cumulative area ratio:    0.23
      Required ratio:    0.00 (Cumulative area) 

    Layer: met1
      Partial area ratio:    0.66
      Required ratio:    0.00 (Gate area) 
      Cumulative area ratio:    0.67
      Required ratio:    0.00 (Cumulative area) 
      Partial area ratio:    3.22
      Required ratio:  400.00 (Side area) 
      Cumulative area ratio:    3.50
      Required ratio:    0.00 (Cumulative side area) 

    Layer: via
      Partial area ratio:    0.18
      Required ratio:    6.00 (Gate area) 
      Cumulative area ratio:    0.41
      Required ratio:    0.00 (Cumulative area) 

    Layer: met2
      Partial area ratio:   11.05
      Required ratio:    0.00 (Gate area) 
      Cumulative area ratio:   11.71
      Required ratio:    0.00 (Cumulative area) 
      Partial area ratio:   54.44
      Required ratio: 4336.52 (Side area) 
      Cumulative area ratio:   57.94
      Required ratio:    0.00 (Cumulative side area) 


  Pin:   _16813_/A0 (sky130_fd_sc_hd__mux2_1)
    Layer: li1
      Partial area ratio:    0.01
      Required ratio:    0.00 (Gate area) 
      Cumulative area ratio:    0.01
      Required ratio:    0.00 (Cumulative area) 
      Partial area ratio:    0.28
      Required ratio:   75.00 (Side area) 
      Cumulative area ratio:    0.28
      Required ratio:    0.00 (Cumulative side area) 

    Layer: mcon
      Partial area ratio:    0.23
      Required ratio:    3.00 (Gate area) 
      Cumulative area ratio:    0.23
      Required ratio:    0.00 (Cumulative area) 

    Layer: met1
      Partial area ratio:   39.92
      Required ratio:    0.00 (Gate area) 
      Cumulative area ratio:   39.93
      Required ratio:    0.00 (Cumulative area) 
      Partial area ratio:  198.17
      Required ratio:  400.00 (Side area) 
      Cumulative area ratio:  198.44
      Required ratio:    0.00 (Cumulative side area) 

    Layer: via
      Partial area ratio:    0.27
      Required ratio:    6.00 (Gate area) 
      Cumulative area ratio:    0.50
      Required ratio:    0.00 (Cumulative area) 

    Layer: met2
      Partial area ratio:   11.05
      Required ratio:    0.00 (Gate area) 
      Cumulative area ratio:   50.97
      Required ratio:    0.00 (Cumulative area) 
      Partial area ratio:   54.44
      Required ratio: 4336.52 (Side area) 
      Cumulative area ratio:  252.88
      Required ratio:    0.00 (Cumulative side area) 


  Pin:   _16822_/A0 (sky130_fd_sc_hd__mux2_1)
    Layer: li1
      Partial area ratio:    0.01
      Required ratio:    0.00 (Gate area) 
      Cumulative area ratio:    0.01
      Required ratio:    0.00 (Cumulative area) 
      Partial area ratio:    0.28
      Required ratio:   75.00 (Side area) 
      Cumulative area ratio:    0.28
      Required ratio:    0.00 (Cumulative side area) 

    Layer: mcon
      Partial area ratio:    0.23
      Required ratio:    3.00 (Gate area) 
      Cumulative area ratio:    0.23
      Required ratio:    0.00 (Cumulative area) 

    Layer: met1
      Partial area ratio:    2.38
      Required ratio:    0.00 (Gate area) 
      Cumulative area ratio:    2.39
      Required ratio:    0.00 (Cumulative area) 
      Partial area ratio:   11.31
      Required ratio:  400.00 (Side area) 
      Cumulative area ratio:   11.58
      Required ratio:    0.00 (Cumulative side area) 

    Layer: via
      Partial area ratio:    0.18
      Required ratio:    6.00 (Gate area) 
      Cumulative area ratio:    0.41
      Required ratio:    0.00 (Cumulative area) 

    Layer: met2
      Partial area ratio:   11.05
      Required ratio:    0.00 (Gate area) 
      Cumulative area ratio:   13.44
      Required ratio:    0.00 (Cumulative area) 
      Partial area ratio:   54.44
      Required ratio: 4336.52 (Side area) 
      Cumulative area ratio:   66.02
      Required ratio:    0.00 (Cumulative side area) 


  Pin:   _16831_/A0 (sky130_fd_sc_hd__mux2_1)
    Layer: li1
      Partial area ratio:    0.01
      Required ratio:    0.00 (Gate area) 
      Cumulative area ratio:    0.01
      Required ratio:    0.00 (Cumulative area) 
      Partial area ratio:    0.28
      Required ratio:   75.00 (Side area) 
      Cumulative area ratio:    0.28
      Required ratio:    0.00 (Cumulative side area) 

    Layer: mcon
      Partial area ratio:    0.23
      Required ratio:    3.00 (Gate area) 
      Cumulative area ratio:    0.23
      Required ratio:    0.00 (Cumulative area) 

    Layer: met1
      Partial area ratio:    2.38
      Required ratio:    0.00 (Gate area) 
      Cumulative area ratio:    2.39
      Required ratio:    0.00 (Cumulative area) 
      Partial area ratio:   11.31
      Required ratio:  400.00 (Side area) 
      Cumulative area ratio:   11.58
      Required ratio:    0.00 (Cumulative side area) 

    Layer: via
      Partial area ratio:    0.18
      Required ratio:    6.00 (Gate area) 
      Cumulative area ratio:    0.41
      Required ratio:    0.00 (Cumulative area) 

    Layer: met2
      Partial area ratio:   11.05
      Required ratio:    0.00 (Gate area) 
      Cumulative area ratio:   13.44
      Required ratio:    0.00 (Cumulative area) 
      Partial area ratio:   54.44
      Required ratio: 4336.52 (Side area) 
      Cumulative area ratio:   66.02
      Required ratio:    0.00 (Cumulative side area) 


  Pin:   _16840_/A0 (sky130_fd_sc_hd__mux2_1)
    Layer: li1
      Partial area ratio:    0.01
      Required ratio:    0.00 (Gate area) 
      Cumulative area ratio:    0.01
      Required ratio:    0.00 (Cumulative area) 
      Partial area ratio:    0.28
      Required ratio:   75.00 (Side area) 
      Cumulative area ratio:    0.28
      Required ratio:    0.00 (Cumulative side area) 

    Layer: mcon
      Partial area ratio:    0.23
      Required ratio:    3.00 (Gate area) 
      Cumulative area ratio:    0.23
      Required ratio:    0.00 (Cumulative area) 

    Layer: met1
      Partial area ratio:    9.65
      Required ratio:    0.00 (Gate area) 
      Cumulative area ratio:    9.66
      Required ratio:    0.00 (Cumulative area) 
      Partial area ratio:   47.33
      Required ratio:  400.00 (Side area) 
      Cumulative area ratio:   47.61
      Required ratio:    0.00 (Cumulative side area) 

    Layer: via
      Partial area ratio:    0.36
      Required ratio:    6.00 (Gate area) 
      Cumulative area ratio:    0.59
      Required ratio:    0.00 (Cumulative area) 

    Layer: met2
      Partial area ratio:   11.05
      Required ratio:    0.00 (Gate area) 
      Cumulative area ratio:   20.71
      Required ratio:    0.00 (Cumulative area) 
      Partial area ratio:   54.44
      Required ratio: 4336.52 (Side area) 
      Cumulative area ratio:  102.05
      Required ratio:    0.00 (Cumulative side area) 


  Pin:   _16849_/A0 (sky130_fd_sc_hd__mux2_1)
    Layer: li1
      Partial area ratio:    0.01
      Required ratio:    0.00 (Gate area) 
      Cumulative area ratio:    0.01
      Required ratio:    0.00 (Cumulative area) 
      Partial area ratio:    0.28
      Required ratio:   75.00 (Side area) 
      Cumulative area ratio:    0.28
      Required ratio:    0.00 (Cumulative side area) 

    Layer: mcon
      Partial area ratio:    0.23
      Required ratio:    3.00 (Gate area) 
      Cumulative area ratio:    0.23
      Required ratio:    0.00 (Cumulative area) 

    Layer: met1
      Partial area ratio:    4.94
      Required ratio:    0.00 (Gate area) 
      Cumulative area ratio:    4.95
      Required ratio:    0.00 (Cumulative area) 
      Partial area ratio:   24.08
      Required ratio:  400.00 (Side area) 
      Cumulative area ratio:   24.36
      Required ratio:    0.00 (Cumulative side area) 

    Layer: via
      Partial area ratio:    0.18
      Required ratio:    6.00 (Gate area) 
      Cumulative area ratio:    0.41
      Required ratio:    0.00 (Cumulative area) 

    Layer: met2
      Partial area ratio:   11.05
      Required ratio:    0.00 (Gate area) 
      Cumulative area ratio:   15.99
      Required ratio:    0.00 (Cumulative area) 
      Partial area ratio:   54.44
      Required ratio: 4336.52 (Side area) 
      Cumulative area ratio:   78.80
      Required ratio:    0.00 (Cumulative side area) 


  Pin:   _16858_/A0 (sky130_fd_sc_hd__mux2_1)
    Layer: li1
      Partial area ratio:    0.01
      Required ratio:    0.00 (Gate area) 
      Cumulative area ratio:    0.01
      Required ratio:    0.00 (Cumulative area) 
      Partial area ratio:    0.28
      Required ratio:   75.00 (Side area) 
      Cumulative area ratio:    0.28
      Required ratio:    0.00 (Cumulative side area) 

    Layer: mcon
      Partial area ratio:    0.23
      Required ratio:    3.00 (Gate area) 
      Cumulative area ratio:    0.23
      Required ratio:    0.00 (Cumulative area) 

    Layer: met1
      Partial area ratio:   39.92
      Required ratio:    0.00 (Gate area) 
      Cumulative area ratio:   39.93
      Required ratio:    0.00 (Cumulative area) 
      Partial area ratio:  198.17
      Required ratio:  400.00 (Side area) 
      Cumulative area ratio:  198.44
      Required ratio:    0.00 (Cumulative side area) 

    Layer: via
      Partial area ratio:    0.27
      Required ratio:    6.00 (Gate area) 
      Cumulative area ratio:    0.50
      Required ratio:    0.00 (Cumulative area) 

    Layer: met2
      Partial area ratio:   11.05
      Required ratio:    0.00 (Gate area) 
      Cumulative area ratio:   50.97
      Required ratio:    0.00 (Cumulative area) 
      Partial area ratio:   54.44
      Required ratio: 4336.52 (Side area) 
      Cumulative area ratio:  252.88
      Required ratio:    0.00 (Cumulative side area) 


  Pin:   _16867_/A0 (sky130_fd_sc_hd__mux2_1)
    Layer: li1
      Partial area ratio:    0.01
      Required ratio:    0.00 (Gate area) 
      Cumulative area ratio:    0.01
      Required ratio:    0.00 (Cumulative area) 
      Partial area ratio:    0.28
      Required ratio:   75.00 (Side area) 
      Cumulative area ratio:    0.28
      Required ratio:    0.00 (Cumulative side area) 

    Layer: mcon
      Partial area ratio:    0.23
      Required ratio:    3.00 (Gate area) 
      Cumulative area ratio:    0.23
      Required ratio:    0.00 (Cumulative area) 

    Layer: met1
      Partial area ratio:    0.66
      Required ratio:    0.00 (Gate area) 
      Cumulative area ratio:    0.67
      Required ratio:    0.00 (Cumulative area) 
      Partial area ratio:    3.22
      Required ratio:  400.00 (Side area) 
      Cumulative area ratio:    3.50
      Required ratio:    0.00 (Cumulative side area) 

    Layer: via
      Partial area ratio:    0.18
      Required ratio:    6.00 (Gate area) 
      Cumulative area ratio:    0.41
      Required ratio:    0.00 (Cumulative area) 

    Layer: met2
      Partial area ratio:   11.05
      Required ratio:    0.00 (Gate area) 
      Cumulative area ratio:   11.71
      Required ratio:    0.00 (Cumulative area) 
      Partial area ratio:   54.44
      Required ratio: 4336.52 (Side area) 
      Cumulative area ratio:   57.94
      Required ratio:    0.00 (Cumulative side area) 


  Pin:   _16876_/A0 (sky130_fd_sc_hd__mux2_1)
    Layer: li1
      Partial area ratio:    0.01
      Required ratio:    0.00 (Gate area) 
      Cumulative area ratio:    0.01
      Required ratio:    0.00 (Cumulative area) 
      Partial area ratio:    0.28
      Required ratio:   75.00 (Side area) 
      Cumulative area ratio:    0.28
      Required ratio:    0.00 (Cumulative side area) 

    Layer: mcon
      Partial area ratio:    0.23
      Required ratio:    3.00 (Gate area) 
      Cumulative area ratio:    0.23
      Required ratio:    0.00 (Cumulative area) 

    Layer: met1
      Partial area ratio:    0.66
      Required ratio:    0.00 (Gate area) 
      Cumulative area ratio:    0.67
      Required ratio:    0.00 (Cumulative area) 
      Partial area ratio:    3.22
      Required ratio:  400.00 (Side area) 
      Cumulative area ratio:    3.50
      Required ratio:    0.00 (Cumulative side area) 

    Layer: via
      Partial area ratio:    0.18
      Required ratio:    6.00 (Gate area) 
      Cumulative area ratio:    0.41
      Required ratio:    0.00 (Cumulative area) 

    Layer: met2
      Partial area ratio:   11.05
      Required ratio:    0.00 (Gate area) 
      Cumulative area ratio:   11.71
      Required ratio:    0.00 (Cumulative area) 
      Partial area ratio:   54.44
      Required ratio: 4336.52 (Side area) 
      Cumulative area ratio:   57.94
      Required ratio:    0.00 (Cumulative side area) 


  Pin:   _16885_/A0 (sky130_fd_sc_hd__mux2_1)
    Layer: li1
      Partial area ratio:    0.01
      Required ratio:    0.00 (Gate area) 
      Cumulative area ratio:    0.01
      Required ratio:    0.00 (Cumulative area) 
      Partial area ratio:    0.28
      Required ratio:   75.00 (Side area) 
      Cumulative area ratio:    0.28
      Required ratio:    0.00 (Cumulative side area) 

    Layer: mcon
      Partial area ratio:    0.23
      Required ratio:    3.00 (Gate area) 
      Cumulative area ratio:    0.23
      Required ratio:    0.00 (Cumulative area) 

    Layer: met1
      Partial area ratio:   18.06
      Required ratio:    0.00 (Gate area) 
      Cumulative area ratio:   18.07
      Required ratio:    0.00 (Cumulative area) 
      Partial area ratio:   88.56
      Required ratio:  400.00 (Side area) 
      Cumulative area ratio:   88.83
      Required ratio:    0.00 (Cumulative side area) 

    Layer: via
      Partial area ratio:    0.36
      Required ratio:    6.00 (Gate area) 
      Cumulative area ratio:    0.59
      Required ratio:    0.00 (Cumulative area) 

    Layer: met2
      Partial area ratio:   11.05
      Required ratio:    0.00 (Gate area) 
      Cumulative area ratio:   29.11
      Required ratio:    0.00 (Cumulative area) 
      Partial area ratio:   54.44
      Required ratio: 4336.52 (Side area) 
      Cumulative area ratio:  143.27
      Required ratio:    0.00 (Cumulative side area) 


  Pin:   _16894_/A0 (sky130_fd_sc_hd__mux2_1)
    Layer: li1
      Partial area ratio:    0.01
      Required ratio:    0.00 (Gate area) 
      Cumulative area ratio:    0.01
      Required ratio:    0.00 (Cumulative area) 
      Partial area ratio:    0.28
      Required ratio:   75.00 (Side area) 
      Cumulative area ratio:    0.28
      Required ratio:    0.00 (Cumulative side area) 

    Layer: mcon
      Partial area ratio:    0.23
      Required ratio:    3.00 (Gate area) 
      Cumulative area ratio:    0.23
      Required ratio:    0.00 (Cumulative area) 

    Layer: met1
      Partial area ratio:    0.66
      Required ratio:    0.00 (Gate area) 
      Cumulative area ratio:    0.67
      Required ratio:    0.00 (Cumulative area) 
      Partial area ratio:    3.22
      Required ratio:  400.00 (Side area) 
      Cumulative area ratio:    3.50
      Required ratio:    0.00 (Cumulative side area) 

    Layer: via
      Partial area ratio:    0.18
      Required ratio:    6.00 (Gate area) 
      Cumulative area ratio:    0.41
      Required ratio:    0.00 (Cumulative area) 

    Layer: met2
      Partial area ratio:   11.05
      Required ratio:    0.00 (Gate area) 
      Cumulative area ratio:   11.71
      Required ratio:    0.00 (Cumulative area) 
      Partial area ratio:   54.44
      Required ratio: 4336.52 (Side area) 
      Cumulative area ratio:   57.94
      Required ratio:    0.00 (Cumulative side area) 


  Pin:   _16903_/A0 (sky130_fd_sc_hd__mux2_1)
    Layer: li1
      Partial area ratio:    0.01
      Required ratio:    0.00 (Gate area) 
      Cumulative area ratio:    0.01
      Required ratio:    0.00 (Cumulative area) 
      Partial area ratio:    0.56
      Required ratio:   75.00 (Side area) 
      Cumulative area ratio:    0.56
      Required ratio:    0.00 (Cumulative side area) 

    Layer: mcon
      Partial area ratio:    0.46
      Required ratio:    3.00 (Gate area) 
      Cumulative area ratio:    0.46
      Required ratio:    0.00 (Cumulative area) 

    Layer: met1
      Partial area ratio:   18.06
      Required ratio:    0.00 (Gate area) 
      Cumulative area ratio:   18.07
      Required ratio:    0.00 (Cumulative area) 
      Partial area ratio:   88.56
      Required ratio:  400.00 (Side area) 
      Cumulative area ratio:   89.11
      Required ratio:    0.00 (Cumulative side area) 

    Layer: via
      Partial area ratio:    0.36
      Required ratio:    6.00 (Gate area) 
      Cumulative area ratio:    0.82
      Required ratio:    0.00 (Cumulative area) 

    Layer: met2
      Partial area ratio:   11.05
      Required ratio:    0.00 (Gate area) 
      Cumulative area ratio:   29.12
      Required ratio:    0.00 (Cumulative area) 
      Partial area ratio:   54.44
      Required ratio: 4336.52 (Side area) 
      Cumulative area ratio:  143.55
      Required ratio:    0.00 (Cumulative side area) 


  Pin:   _16912_/A0 (sky130_fd_sc_hd__mux2_1)
    Layer: li1
      Partial area ratio:    0.01
      Required ratio:    0.00 (Gate area) 
      Cumulative area ratio:    0.01
      Required ratio:    0.00 (Cumulative area) 
      Partial area ratio:    0.28
      Required ratio:   75.00 (Side area) 
      Cumulative area ratio:    0.28
      Required ratio:    0.00 (Cumulative side area) 

    Layer: mcon
      Partial area ratio:    0.23
      Required ratio:    3.00 (Gate area) 
      Cumulative area ratio:    0.23
      Required ratio:    0.00 (Cumulative area) 

    Layer: met1
      Partial area ratio:    0.66
      Required ratio:    0.00 (Gate area) 
      Cumulative area ratio:    0.67
      Required ratio:    0.00 (Cumulative area) 
      Partial area ratio:    3.22
      Required ratio:  400.00 (Side area) 
      Cumulative area ratio:    3.50
      Required ratio:    0.00 (Cumulative side area) 

    Layer: via
      Partial area ratio:    0.18
      Required ratio:    6.00 (Gate area) 
      Cumulative area ratio:    0.41
      Required ratio:    0.00 (Cumulative area) 

    Layer: met2
      Partial area ratio:   11.05
      Required ratio:    0.00 (Gate area) 
      Cumulative area ratio:   11.71
      Required ratio:    0.00 (Cumulative area) 
      Partial area ratio:   54.44
      Required ratio: 4336.52 (Side area) 
      Cumulative area ratio:   57.94
      Required ratio:    0.00 (Cumulative side area) 


  Pin:   _16921_/A0 (sky130_fd_sc_hd__mux2_1)
    Layer: li1
      Partial area ratio:    0.01
      Required ratio:    0.00 (Gate area) 
      Cumulative area ratio:    0.01
      Required ratio:    0.00 (Cumulative area) 
      Partial area ratio:    0.28
      Required ratio:   75.00 (Side area) 
      Cumulative area ratio:    0.28
      Required ratio:    0.00 (Cumulative side area) 

    Layer: mcon
      Partial area ratio:    0.23
      Required ratio:    3.00 (Gate area) 
      Cumulative area ratio:    0.23
      Required ratio:    0.00 (Cumulative area) 

    Layer: met1
      Partial area ratio:    8.11
      Required ratio:    0.00 (Gate area) 
      Cumulative area ratio:    8.12
      Required ratio:    0.00 (Cumulative area) 
      Partial area ratio:   39.82
      Required ratio:  400.00 (Side area) 
      Cumulative area ratio:   40.10
      Required ratio:    0.00 (Cumulative side area) 

    Layer: via
      Partial area ratio:    0.18
      Required ratio:    6.00 (Gate area) 
      Cumulative area ratio:    0.41
      Required ratio:    0.00 (Cumulative area) 

    Layer: met2
      Partial area ratio:   11.05
      Required ratio:    0.00 (Gate area) 
      Cumulative area ratio:   19.17
      Required ratio:    0.00 (Cumulative area) 
      Partial area ratio:   54.44
      Required ratio: 4336.52 (Side area) 
      Cumulative area ratio:   94.53
      Required ratio:    0.00 (Cumulative side area) 


  Pin:   _16930_/A0 (sky130_fd_sc_hd__mux2_1)
    Layer: li1
      Partial area ratio:    0.01
      Required ratio:    0.00 (Gate area) 
      Cumulative area ratio:    0.01
      Required ratio:    0.00 (Cumulative area) 
      Partial area ratio:    0.28
      Required ratio:   75.00 (Side area) 
      Cumulative area ratio:    0.28
      Required ratio:    0.00 (Cumulative side area) 

    Layer: mcon
      Partial area ratio:    0.23
      Required ratio:    3.00 (Gate area) 
      Cumulative area ratio:    0.23
      Required ratio:    0.00 (Cumulative area) 

    Layer: met1
      Partial area ratio:    0.66
      Required ratio:    0.00 (Gate area) 
      Cumulative area ratio:    0.67
      Required ratio:    0.00 (Cumulative area) 
      Partial area ratio:    3.22
      Required ratio:  400.00 (Side area) 
      Cumulative area ratio:    3.50
      Required ratio:    0.00 (Cumulative side area) 

    Layer: via
      Partial area ratio:    0.18
      Required ratio:    6.00 (Gate area) 
      Cumulative area ratio:    0.41
      Required ratio:    0.00 (Cumulative area) 

    Layer: met2
      Partial area ratio:   11.05
      Required ratio:    0.00 (Gate area) 
      Cumulative area ratio:   11.71
      Required ratio:    0.00 (Cumulative area) 
      Partial area ratio:   54.44
      Required ratio: 4336.52 (Side area) 
      Cumulative area ratio:   57.94
      Required ratio:    0.00 (Cumulative side area) 


  Pin:   _16939_/A0 (sky130_fd_sc_hd__mux2_1)
    Layer: li1
      Partial area ratio:    0.01
      Required ratio:    0.00 (Gate area) 
      Cumulative area ratio:    0.01
      Required ratio:    0.00 (Cumulative area) 
      Partial area ratio:    0.28
      Required ratio:   75.00 (Side area) 
      Cumulative area ratio:    0.28
      Required ratio:    0.00 (Cumulative side area) 

    Layer: mcon
      Partial area ratio:    0.23
      Required ratio:    3.00 (Gate area) 
      Cumulative area ratio:    0.23
      Required ratio:    0.00 (Cumulative area) 

    Layer: met1
      Partial area ratio:    8.11
      Required ratio:    0.00 (Gate area) 
      Cumulative area ratio:    8.12
      Required ratio:    0.00 (Cumulative area) 
      Partial area ratio:   39.82
      Required ratio:  400.00 (Side area) 
      Cumulative area ratio:   40.10
      Required ratio:    0.00 (Cumulative side area) 

    Layer: via
      Partial area ratio:    0.18
      Required ratio:    6.00 (Gate area) 
      Cumulative area ratio:    0.41
      Required ratio:    0.00 (Cumulative area) 

    Layer: met2
      Partial area ratio:   11.05
      Required ratio:    0.00 (Gate area) 
      Cumulative area ratio:   19.17
      Required ratio:    0.00 (Cumulative area) 
      Partial area ratio:   54.44
      Required ratio: 4336.52 (Side area) 
      Cumulative area ratio:   94.53
      Required ratio:    0.00 (Cumulative side area) 


  Pin:   _16948_/A0 (sky130_fd_sc_hd__mux2_1)
    Layer: li1
      Partial area ratio:    0.01
      Required ratio:    0.00 (Gate area) 
      Cumulative area ratio:    0.01
      Required ratio:    0.00 (Cumulative area) 
      Partial area ratio:    0.28
      Required ratio:   75.00 (Side area) 
      Cumulative area ratio:    0.28
      Required ratio:    0.00 (Cumulative side area) 

    Layer: mcon
      Partial area ratio:    0.23
      Required ratio:    3.00 (Gate area) 
      Cumulative area ratio:    0.23
      Required ratio:    0.00 (Cumulative area) 

    Layer: met1
      Partial area ratio:    5.96
      Required ratio:    0.00 (Gate area) 
      Cumulative area ratio:    5.97
      Required ratio:    0.00 (Cumulative area) 
      Partial area ratio:   29.19
      Required ratio:  400.00 (Side area) 
      Cumulative area ratio:   29.47
      Required ratio:    0.00 (Cumulative side area) 

    Layer: via
      Partial area ratio:    0.18
      Required ratio:    6.00 (Gate area) 
      Cumulative area ratio:    0.41
      Required ratio:    0.00 (Cumulative area) 

    Layer: met2
      Partial area ratio:   11.05
      Required ratio:    0.00 (Gate area) 
      Cumulative area ratio:   17.02
      Required ratio:    0.00 (Cumulative area) 
      Partial area ratio:   54.44
      Required ratio: 4336.52 (Side area) 
      Cumulative area ratio:   83.91
      Required ratio:    0.00 (Cumulative side area) 


  Pin:   _16957_/A0 (sky130_fd_sc_hd__mux2_1)
    Layer: li1
      Partial area ratio:    0.01
      Required ratio:    0.00 (Gate area) 
      Cumulative area ratio:    0.01
      Required ratio:    0.00 (Cumulative area) 
      Partial area ratio:    0.28
      Required ratio:   75.00 (Side area) 
      Cumulative area ratio:    0.28
      Required ratio:    0.00 (Cumulative side area) 

    Layer: mcon
      Partial area ratio:    0.23
      Required ratio:    3.00 (Gate area) 
      Cumulative area ratio:    0.23
      Required ratio:    0.00 (Cumulative area) 

    Layer: met1
      Partial area ratio:    4.94
      Required ratio:    0.00 (Gate area) 
      Cumulative area ratio:    4.95
      Required ratio:    0.00 (Cumulative area) 
      Partial area ratio:   24.08
      Required ratio:  400.00 (Side area) 
      Cumulative area ratio:   24.36
      Required ratio:    0.00 (Cumulative side area) 

    Layer: via
      Partial area ratio:    0.18
      Required ratio:    6.00 (Gate area) 
      Cumulative area ratio:    0.41
      Required ratio:    0.00 (Cumulative area) 

    Layer: met2
      Partial area ratio:   11.05
      Required ratio:    0.00 (Gate area) 
      Cumulative area ratio:   15.99
      Required ratio:    0.00 (Cumulative area) 
      Partial area ratio:   54.44
      Required ratio: 4336.52 (Side area) 
      Cumulative area ratio:   78.80
      Required ratio:    0.00 (Cumulative side area) 


  Pin:   _16966_/A0 (sky130_fd_sc_hd__mux2_1)
    Layer: li1
      Partial area ratio:    0.01
      Required ratio:    0.00 (Gate area) 
      Cumulative area ratio:    0.01
      Required ratio:    0.00 (Cumulative area) 
      Partial area ratio:    0.28
      Required ratio:   75.00 (Side area) 
      Cumulative area ratio:    0.28
      Required ratio:    0.00 (Cumulative side area) 

    Layer: mcon
      Partial area ratio:    0.23
      Required ratio:    3.00 (Gate area) 
      Cumulative area ratio:    0.23
      Required ratio:    0.00 (Cumulative area) 

    Layer: met1
      Partial area ratio:   17.86
      Required ratio:    0.00 (Gate area) 
      Cumulative area ratio:   17.87
      Required ratio:    0.00 (Cumulative area) 
      Partial area ratio:   87.89
      Required ratio:  400.00 (Side area) 
      Cumulative area ratio:   88.17
      Required ratio:    0.00 (Cumulative side area) 

    Layer: via
      Partial area ratio:    0.27
      Required ratio:    6.00 (Gate area) 
      Cumulative area ratio:    0.50
      Required ratio:    0.00 (Cumulative area) 

    Layer: met2
      Partial area ratio:   11.05
      Required ratio:    0.00 (Gate area) 
      Cumulative area ratio:   28.92
      Required ratio:    0.00 (Cumulative area) 
      Partial area ratio:   54.44
      Required ratio: 4336.52 (Side area) 
      Cumulative area ratio:  142.60
      Required ratio:    0.00 (Cumulative side area) 


  Pin:   _16975_/A0 (sky130_fd_sc_hd__mux2_1)
    Layer: li1
      Partial area ratio:    0.01
      Required ratio:    0.00 (Gate area) 
      Cumulative area ratio:    0.01
      Required ratio:    0.00 (Cumulative area) 
      Partial area ratio:    0.28
      Required ratio:   75.00 (Side area) 
      Cumulative area ratio:    0.28
      Required ratio:    0.00 (Cumulative side area) 

    Layer: mcon
      Partial area ratio:    0.23
      Required ratio:    3.00 (Gate area) 
      Cumulative area ratio:    0.23
      Required ratio:    0.00 (Cumulative area) 

    Layer: met1
      Partial area ratio:    1.36
      Required ratio:    0.00 (Gate area) 
      Cumulative area ratio:    1.37
      Required ratio:    0.00 (Cumulative area) 
      Partial area ratio:    6.19
      Required ratio:  400.00 (Side area) 
      Cumulative area ratio:    6.47
      Required ratio:    0.00 (Cumulative side area) 

    Layer: via
      Partial area ratio:    0.18
      Required ratio:    6.00 (Gate area) 
      Cumulative area ratio:    0.41
      Required ratio:    0.00 (Cumulative area) 

    Layer: met2
      Partial area ratio:   11.05
      Required ratio:    0.00 (Gate area) 
      Cumulative area ratio:   12.42
      Required ratio:    0.00 (Cumulative area) 
      Partial area ratio:   54.44
      Required ratio: 4336.52 (Side area) 
      Cumulative area ratio:   60.91
      Required ratio:    0.00 (Cumulative side area) 


  Pin:   _16984_/A0 (sky130_fd_sc_hd__mux2_1)
    Layer: li1
      Partial area ratio:    0.01
      Required ratio:    0.00 (Gate area) 
      Cumulative area ratio:    0.01
      Required ratio:    0.00 (Cumulative area) 
      Partial area ratio:    0.28
      Required ratio:   75.00 (Side area) 
      Cumulative area ratio:    0.28
      Required ratio:    0.00 (Cumulative side area) 

    Layer: mcon
      Partial area ratio:    0.23
      Required ratio:    3.00 (Gate area) 
      Cumulative area ratio:    0.23
      Required ratio:    0.00 (Cumulative area) 

    Layer: met1
      Partial area ratio:   17.86
      Required ratio:    0.00 (Gate area) 
      Cumulative area ratio:   17.87
      Required ratio:    0.00 (Cumulative area) 
      Partial area ratio:   87.89
      Required ratio:  400.00 (Side area) 
      Cumulative area ratio:   88.17
      Required ratio:    0.00 (Cumulative side area) 

    Layer: via
      Partial area ratio:    0.27
      Required ratio:    6.00 (Gate area) 
      Cumulative area ratio:    0.50
      Required ratio:    0.00 (Cumulative area) 

    Layer: met2
      Partial area ratio:   11.05
      Required ratio:    0.00 (Gate area) 
      Cumulative area ratio:   28.92
      Required ratio:    0.00 (Cumulative area) 
      Partial area ratio:   54.44
      Required ratio: 4336.52 (Side area) 
      Cumulative area ratio:  142.60
      Required ratio:    0.00 (Cumulative side area) 


  Pin:   _16993_/A0 (sky130_fd_sc_hd__mux2_1)
    Layer: li1
      Partial area ratio:    0.01
      Required ratio:    0.00 (Gate area) 
      Cumulative area ratio:    0.01
      Required ratio:    0.00 (Cumulative area) 
      Partial area ratio:    0.28
      Required ratio:   75.00 (Side area) 
      Cumulative area ratio:    0.28
      Required ratio:    0.00 (Cumulative side area) 

    Layer: mcon
      Partial area ratio:    0.23
      Required ratio:    3.00 (Gate area) 
      Cumulative area ratio:    0.23
      Required ratio:    0.00 (Cumulative area) 

    Layer: met1
      Partial area ratio:    7.31
      Required ratio:    0.00 (Gate area) 
      Cumulative area ratio:    7.31
      Required ratio:    0.00 (Cumulative area) 
      Partial area ratio:   35.06
      Required ratio:  400.00 (Side area) 
      Cumulative area ratio:   35.33
      Required ratio:    0.00 (Cumulative side area) 

    Layer: via
      Partial area ratio:    0.36
      Required ratio:    6.00 (Gate area) 
      Cumulative area ratio:    0.59
      Required ratio:    0.00 (Cumulative area) 

    Layer: met2
      Partial area ratio:   11.05
      Required ratio:    0.00 (Gate area) 
      Cumulative area ratio:   18.36
      Required ratio:    0.00 (Cumulative area) 
      Partial area ratio:   54.44
      Required ratio: 4336.52 (Side area) 
      Cumulative area ratio:   89.77
      Required ratio:    0.00 (Cumulative side area) 


  Pin:   _25568_/A0 (sky130_fd_sc_hd__mux2_1)
    Layer: li1
      Partial area ratio:    0.01
      Required ratio:    0.00 (Gate area) 
      Cumulative area ratio:    0.01
      Required ratio:    0.00 (Cumulative area) 
      Partial area ratio:    0.28
      Required ratio:   75.00 (Side area) 
      Cumulative area ratio:    0.28
      Required ratio:    0.00 (Cumulative side area) 

    Layer: mcon
      Partial area ratio:    0.23
      Required ratio:    3.00 (Gate area) 
      Cumulative area ratio:    0.23
      Required ratio:    0.00 (Cumulative area) 

    Layer: met1
      Partial area ratio:    0.66
      Required ratio:    0.00 (Gate area) 
      Cumulative area ratio:    0.67
      Required ratio:    0.00 (Cumulative area) 
      Partial area ratio:    3.22
      Required ratio:  400.00 (Side area) 
      Cumulative area ratio:    3.50
      Required ratio:    0.00 (Cumulative side area) 

    Layer: via
      Partial area ratio:    0.18
      Required ratio:    6.00 (Gate area) 
      Cumulative area ratio:    0.41
      Required ratio:    0.00 (Cumulative area) 

    Layer: met2
      Partial area ratio:   11.05
      Required ratio:    0.00 (Gate area) 
      Cumulative area ratio:   11.71
      Required ratio:    0.00 (Cumulative area) 
      Partial area ratio:   54.44
      Required ratio: 4336.52 (Side area) 
      Cumulative area ratio:   57.94
      Required ratio:    0.00 (Cumulative side area) 


  Pin:   _25628_/A0 (sky130_fd_sc_hd__mux2_1)
    Layer: li1
      Partial area ratio:    0.01
      Required ratio:    0.00 (Gate area) 
      Cumulative area ratio:    0.01
      Required ratio:    0.00 (Cumulative area) 
      Partial area ratio:    0.28
      Required ratio:   75.00 (Side area) 
      Cumulative area ratio:    0.28
      Required ratio:    0.00 (Cumulative side area) 

    Layer: mcon
      Partial area ratio:    0.23
      Required ratio:    3.00 (Gate area) 
      Cumulative area ratio:    0.23
      Required ratio:    0.00 (Cumulative area) 

    Layer: met1
      Partial area ratio:   44.23
      Required ratio:    0.00 (Gate area) 
      Cumulative area ratio:   44.24
      Required ratio:    0.00 (Cumulative area) 
      Partial area ratio:  219.69
      Required ratio:  400.00 (Side area) 
      Cumulative area ratio:  219.97
      Required ratio:    0.00 (Cumulative side area) 

    Layer: via
      Partial area ratio:    0.36
      Required ratio:    6.00 (Gate area) 
      Cumulative area ratio:    0.59
      Required ratio:    0.00 (Cumulative area) 

    Layer: met2
      Partial area ratio:   11.05
      Required ratio:    0.00 (Gate area) 
      Cumulative area ratio:   55.29
      Required ratio:    0.00 (Cumulative area) 
      Partial area ratio:   54.44
      Required ratio: 4336.52 (Side area) 
      Cumulative area ratio:  274.41
      Required ratio:    0.00 (Cumulative side area) 


  Pin:   _25663_/A0 (sky130_fd_sc_hd__mux2_1)
    Layer: li1
      Partial area ratio:    0.01
      Required ratio:    0.00 (Gate area) 
      Cumulative area ratio:    0.01
      Required ratio:    0.00 (Cumulative area) 
      Partial area ratio:    0.28
      Required ratio:   75.00 (Side area) 
      Cumulative area ratio:    0.28
      Required ratio:    0.00 (Cumulative side area) 

    Layer: mcon
      Partial area ratio:    0.23
      Required ratio:    3.00 (Gate area) 
      Cumulative area ratio:    0.23
      Required ratio:    0.00 (Cumulative area) 

    Layer: met1
      Partial area ratio:    0.66
      Required ratio:    0.00 (Gate area) 
      Cumulative area ratio:    0.67
      Required ratio:    0.00 (Cumulative area) 
      Partial area ratio:    3.22
      Required ratio:  400.00 (Side area) 
      Cumulative area ratio:    3.50
      Required ratio:    0.00 (Cumulative side area) 

    Layer: via
      Partial area ratio:    0.18
      Required ratio:    6.00 (Gate area) 
      Cumulative area ratio:    0.41
      Required ratio:    0.00 (Cumulative area) 

    Layer: met2
      Partial area ratio:   11.05
      Required ratio:    0.00 (Gate area) 
      Cumulative area ratio:   11.71
      Required ratio:    0.00 (Cumulative area) 
      Partial area ratio:   54.44
      Required ratio: 4336.52 (Side area) 
      Cumulative area ratio:   57.94
      Required ratio:    0.00 (Cumulative side area) 


  Pin:   _25697_/A0 (sky130_fd_sc_hd__mux2_1)
    Layer: li1
      Partial area ratio:    0.01
      Required ratio:    0.00 (Gate area) 
      Cumulative area ratio:    0.01
      Required ratio:    0.00 (Cumulative area) 
      Partial area ratio:    0.28
      Required ratio:   75.00 (Side area) 
      Cumulative area ratio:    0.28
      Required ratio:    0.00 (Cumulative side area) 

    Layer: mcon
      Partial area ratio:    0.23
      Required ratio:    3.00 (Gate area) 
      Cumulative area ratio:    0.23
      Required ratio:    0.00 (Cumulative area) 

    Layer: met1
      Partial area ratio:   14.87
      Required ratio:    0.00 (Gate area) 
      Cumulative area ratio:   14.88
      Required ratio:    0.00 (Cumulative area) 
      Partial area ratio:   72.89
      Required ratio:  400.00 (Side area) 
      Cumulative area ratio:   73.17
      Required ratio:    0.00 (Cumulative side area) 

    Layer: via
      Partial area ratio:    0.36
      Required ratio:    6.00 (Gate area) 
      Cumulative area ratio:    0.59
      Required ratio:    0.00 (Cumulative area) 

    Layer: met2
      Partial area ratio:   11.05
      Required ratio:    0.00 (Gate area) 
      Cumulative area ratio:   25.93
      Required ratio:    0.00 (Cumulative area) 
      Partial area ratio:   54.44
      Required ratio: 4336.52 (Side area) 
      Cumulative area ratio:  127.60
      Required ratio:    0.00 (Cumulative side area) 


  Pin:   _25731_/A0 (sky130_fd_sc_hd__mux2_1)
    Layer: li1
      Partial area ratio:    0.01
      Required ratio:    0.00 (Gate area) 
      Cumulative area ratio:    0.01
      Required ratio:    0.00 (Cumulative area) 
      Partial area ratio:    0.28
      Required ratio:   75.00 (Side area) 
      Cumulative area ratio:    0.28
      Required ratio:    0.00 (Cumulative side area) 

    Layer: mcon
      Partial area ratio:    0.23
      Required ratio:    3.00 (Gate area) 
      Cumulative area ratio:    0.23
      Required ratio:    0.00 (Cumulative area) 

    Layer: met1
      Partial area ratio:    2.90
      Required ratio:    0.00 (Gate area) 
      Cumulative area ratio:    2.90
      Required ratio:    0.00 (Cumulative area) 
      Partial area ratio:   13.86
      Required ratio:  400.00 (Side area) 
      Cumulative area ratio:   14.14
      Required ratio:    0.00 (Cumulative side area) 

    Layer: via
      Partial area ratio:    0.18
      Required ratio:    6.00 (Gate area) 
      Cumulative area ratio:    0.41
      Required ratio:    0.00 (Cumulative area) 

    Layer: met2
      Partial area ratio:   11.05
      Required ratio:    0.00 (Gate area) 
      Cumulative area ratio:   13.95
      Required ratio:    0.00 (Cumulative area) 
      Partial area ratio:   54.44
      Required ratio: 4336.52 (Side area) 
      Cumulative area ratio:   68.58
      Required ratio:    0.00 (Cumulative side area) 


  Pin:   _25765_/A1 (sky130_fd_sc_hd__mux2_1)
    Layer: mcon
      Partial area ratio:    0.23
      Required ratio:    3.00 (Gate area) 
      Cumulative area ratio:    0.23
      Required ratio:    0.00 (Cumulative area) 

    Layer: met1
      Partial area ratio:   17.53
      Required ratio:    0.00 (Gate area) 
      Cumulative area ratio:   17.53
      Required ratio:    0.00 (Cumulative area) 
      Partial area ratio:   86.17
      Required ratio:  400.00 (Side area) 
      Cumulative area ratio:   86.17
      Required ratio:    0.00 (Cumulative side area) 

    Layer: via
      Partial area ratio:    0.36
      Required ratio:    6.00 (Gate area) 
      Cumulative area ratio:    0.59
      Required ratio:    0.00 (Cumulative area) 

    Layer: met2
      Partial area ratio:   11.05
      Required ratio:    0.00 (Gate area) 
      Cumulative area ratio:   28.58
      Required ratio:    0.00 (Cumulative area) 
      Partial area ratio:   54.44
      Required ratio: 4336.52 (Side area) 
      Cumulative area ratio:  140.60
      Required ratio:    0.00 (Cumulative side area) 


  Pin:   _25812_/A0 (sky130_fd_sc_hd__mux2_1)
    Layer: li1
      Partial area ratio:    0.01
      Required ratio:    0.00 (Gate area) 
      Cumulative area ratio:    0.01
      Required ratio:    0.00 (Cumulative area) 
      Partial area ratio:    0.28
      Required ratio:   75.00 (Side area) 
      Cumulative area ratio:    0.28
      Required ratio:    0.00 (Cumulative side area) 

    Layer: mcon
      Partial area ratio:    0.23
      Required ratio:    3.00 (Gate area) 
      Cumulative area ratio:    0.23
      Required ratio:    0.00 (Cumulative area) 

    Layer: met1
      Partial area ratio:    8.31
      Required ratio:    0.00 (Gate area) 
      Cumulative area ratio:    8.32
      Required ratio:    0.00 (Cumulative area) 
      Partial area ratio:   40.08
      Required ratio:  400.00 (Side area) 
      Cumulative area ratio:   40.36
      Required ratio:    0.00 (Cumulative side area) 

    Layer: via
      Partial area ratio:    0.36
      Required ratio:    6.00 (Gate area) 
      Cumulative area ratio:    0.59
      Required ratio:    0.00 (Cumulative area) 

    Layer: met2
      Partial area ratio:   11.05
      Required ratio:    0.00 (Gate area) 
      Cumulative area ratio:   19.37
      Required ratio:    0.00 (Cumulative area) 
      Partial area ratio:   54.44
      Required ratio: 4336.52 (Side area) 
      Cumulative area ratio:   94.80
      Required ratio:    0.00 (Cumulative side area) 


  Pin:   _25824_/A1 (sky130_fd_sc_hd__mux2_1)
    Layer: mcon
      Partial area ratio:    0.23
      Required ratio:    3.00 (Gate area) 
      Cumulative area ratio:    0.23
      Required ratio:    0.00 (Cumulative area) 

    Layer: met1
      Partial area ratio:    8.84
      Required ratio:    0.00 (Gate area) 
      Cumulative area ratio:    8.84
      Required ratio:    0.00 (Cumulative area) 
      Partial area ratio:   43.89
      Required ratio:  400.00 (Side area) 
      Cumulative area ratio:   43.89
      Required ratio:    0.00 (Cumulative side area) 

    Layer: via
      Partial area ratio:    0.06
      Required ratio:    6.00 (Gate area) 
      Cumulative area ratio:    0.29
      Required ratio:    0.00 (Cumulative area) 

    Layer: met2
      Partial area ratio:   11.05
      Required ratio:    0.00 (Gate area) 
      Cumulative area ratio:   19.89
      Required ratio:    0.00 (Cumulative area) 
      Partial area ratio:   54.44
      Required ratio: 4336.52 (Side area) 
      Cumulative area ratio:   98.33
      Required ratio:    0.00 (Cumulative side area) 


  Pin:   _25835_/A1 (sky130_fd_sc_hd__mux2_1)
    Layer: mcon
      Partial area ratio:    0.23
      Required ratio:    3.00 (Gate area) 
      Cumulative area ratio:    0.23
      Required ratio:    0.00 (Cumulative area) 

    Layer: met1
      Partial area ratio:    3.92
      Required ratio:    0.00 (Gate area) 
      Cumulative area ratio:    3.92
      Required ratio:    0.00 (Cumulative area) 
      Partial area ratio:   18.97
      Required ratio:  400.00 (Side area) 
      Cumulative area ratio:   18.97
      Required ratio:    0.00 (Cumulative side area) 

    Layer: via
      Partial area ratio:    0.18
      Required ratio:    6.00 (Gate area) 
      Cumulative area ratio:    0.41
      Required ratio:    0.00 (Cumulative area) 

    Layer: met2
      Partial area ratio:   11.05
      Required ratio:    0.00 (Gate area) 
      Cumulative area ratio:   14.96
      Required ratio:    0.00 (Cumulative area) 
      Partial area ratio:   54.44
      Required ratio: 4336.52 (Side area) 
      Cumulative area ratio:   73.41
      Required ratio:    0.00 (Cumulative side area) 


  Pin:   _25846_/A0 (sky130_fd_sc_hd__mux2_1)
    Layer: li1
      Partial area ratio:    0.01
      Required ratio:    0.00 (Gate area) 
      Cumulative area ratio:    0.01
      Required ratio:    0.00 (Cumulative area) 
      Partial area ratio:    0.28
      Required ratio:   75.00 (Side area) 
      Cumulative area ratio:    0.28
      Required ratio:    0.00 (Cumulative side area) 

    Layer: mcon
      Partial area ratio:    0.23
      Required ratio:    3.00 (Gate area) 
      Cumulative area ratio:    0.23
      Required ratio:    0.00 (Cumulative area) 

    Layer: met1
      Partial area ratio:    0.66
      Required ratio:    0.00 (Gate area) 
      Cumulative area ratio:    0.67
      Required ratio:    0.00 (Cumulative area) 
      Partial area ratio:    3.22
      Required ratio:  400.00 (Side area) 
      Cumulative area ratio:    3.50
      Required ratio:    0.00 (Cumulative side area) 

    Layer: via
      Partial area ratio:    0.18
      Required ratio:    6.00 (Gate area) 
      Cumulative area ratio:    0.41
      Required ratio:    0.00 (Cumulative area) 

    Layer: met2
      Partial area ratio:   11.05
      Required ratio:    0.00 (Gate area) 
      Cumulative area ratio:   11.71
      Required ratio:    0.00 (Cumulative area) 
      Partial area ratio:   54.44
      Required ratio: 4336.52 (Side area) 
      Cumulative area ratio:   57.94
      Required ratio:    0.00 (Cumulative side area) 


  Pin:   _25858_/A1 (sky130_fd_sc_hd__mux2_1)
    Layer: mcon
      Partial area ratio:    0.46
      Required ratio:    3.00 (Gate area) 
      Cumulative area ratio:    0.46
      Required ratio:    0.00 (Cumulative area) 

    Layer: met1
      Partial area ratio:    6.30
      Required ratio:    0.00 (Gate area) 
      Cumulative area ratio:    6.30
      Required ratio:    0.00 (Cumulative area) 
      Partial area ratio:   30.28
      Required ratio:  400.00 (Side area) 
      Cumulative area ratio:   30.28
      Required ratio:    0.00 (Cumulative side area) 

    Layer: via
      Partial area ratio:    0.36
      Required ratio:    6.00 (Gate area) 
      Cumulative area ratio:    0.82
      Required ratio:    0.00 (Cumulative area) 

    Layer: met2
      Partial area ratio:   11.05
      Required ratio:    0.00 (Gate area) 
      Cumulative area ratio:   17.35
      Required ratio:    0.00 (Cumulative area) 
      Partial area ratio:   54.44
      Required ratio: 4336.52 (Side area) 
      Cumulative area ratio:   84.71
      Required ratio:    0.00 (Cumulative side area) 


  Pin:   _25870_/A1 (sky130_fd_sc_hd__mux2_1)
    Layer: mcon
      Partial area ratio:    0.46
      Required ratio:    3.00 (Gate area) 
      Cumulative area ratio:    0.46
      Required ratio:    0.00 (Cumulative area) 

    Layer: met1
      Partial area ratio:    8.84
      Required ratio:    0.00 (Gate area) 
      Cumulative area ratio:    8.84
      Required ratio:    0.00 (Cumulative area) 
      Partial area ratio:   43.89
      Required ratio:  400.00 (Side area) 
      Cumulative area ratio:   43.89
      Required ratio:    0.00 (Cumulative side area) 

    Layer: via
      Partial area ratio:    0.06
      Required ratio:    6.00 (Gate area) 
      Cumulative area ratio:    0.52
      Required ratio:    0.00 (Cumulative area) 

    Layer: met2
      Partial area ratio:   11.05
      Required ratio:    0.00 (Gate area) 
      Cumulative area ratio:   19.89
      Required ratio:    0.00 (Cumulative area) 
      Partial area ratio:   54.44
      Required ratio: 4336.52 (Side area) 
      Cumulative area ratio:   98.33
      Required ratio:    0.00 (Cumulative side area) 


  Pin:   _25881_/A1 (sky130_fd_sc_hd__mux2_1)
    Layer: mcon
      Partial area ratio:    0.23
      Required ratio:    3.00 (Gate area) 
      Cumulative area ratio:    0.23
      Required ratio:    0.00 (Cumulative area) 

    Layer: met1
      Partial area ratio:    2.38
      Required ratio:    0.00 (Gate area) 
      Cumulative area ratio:    2.38
      Required ratio:    0.00 (Cumulative area) 
      Partial area ratio:   11.31
      Required ratio:  400.00 (Side area) 
      Cumulative area ratio:   11.31
      Required ratio:    0.00 (Cumulative side area) 

    Layer: via
      Partial area ratio:    0.18
      Required ratio:    6.00 (Gate area) 
      Cumulative area ratio:    0.41
      Required ratio:    0.00 (Cumulative area) 

    Layer: met2
      Partial area ratio:   11.05
      Required ratio:    0.00 (Gate area) 
      Cumulative area ratio:   13.43
      Required ratio:    0.00 (Cumulative area) 
      Partial area ratio:   54.44
      Required ratio: 4336.52 (Side area) 
      Cumulative area ratio:   65.74
      Required ratio:    0.00 (Cumulative side area) 


  Pin:   _25893_/A0 (sky130_fd_sc_hd__mux2_1)
    Layer: li1
      Partial area ratio:    0.01
      Required ratio:    0.00 (Gate area) 
      Cumulative area ratio:    0.01
      Required ratio:    0.00 (Cumulative area) 
      Partial area ratio:    0.28
      Required ratio:   75.00 (Side area) 
      Cumulative area ratio:    0.28
      Required ratio:    0.00 (Cumulative side area) 

    Layer: mcon
      Partial area ratio:    0.23
      Required ratio:    3.00 (Gate area) 
      Cumulative area ratio:    0.23
      Required ratio:    0.00 (Cumulative area) 

    Layer: met1
      Partial area ratio:    0.66
      Required ratio:    0.00 (Gate area) 
      Cumulative area ratio:    0.67
      Required ratio:    0.00 (Cumulative area) 
      Partial area ratio:    3.22
      Required ratio:  400.00 (Side area) 
      Cumulative area ratio:    3.50
      Required ratio:    0.00 (Cumulative side area) 

    Layer: via
      Partial area ratio:    0.18
      Required ratio:    6.00 (Gate area) 
      Cumulative area ratio:    0.41
      Required ratio:    0.00 (Cumulative area) 

    Layer: met2
      Partial area ratio:   11.05
      Required ratio:    0.00 (Gate area) 
      Cumulative area ratio:   11.71
      Required ratio:    0.00 (Cumulative area) 
      Partial area ratio:   54.44
      Required ratio: 4336.52 (Side area) 
      Cumulative area ratio:   57.94
      Required ratio:    0.00 (Cumulative side area) 


  Pin:   _25904_/A1 (sky130_fd_sc_hd__mux2_1)
    Layer: mcon
      Partial area ratio:    0.23
      Required ratio:    3.00 (Gate area) 
      Cumulative area ratio:    0.23
      Required ratio:    0.00 (Cumulative area) 

    Layer: met1
      Partial area ratio:   12.30
      Required ratio:    0.00 (Gate area) 
      Cumulative area ratio:   12.30
      Required ratio:    0.00 (Cumulative area) 
      Partial area ratio:   60.38
      Required ratio:  400.00 (Side area) 
      Cumulative area ratio:   60.38
      Required ratio:    0.00 (Cumulative side area) 

    Layer: via
      Partial area ratio:    0.18
      Required ratio:    6.00 (Gate area) 
      Cumulative area ratio:    0.41
      Required ratio:    0.00 (Cumulative area) 

    Layer: met2
      Partial area ratio:   11.05
      Required ratio:    0.00 (Gate area) 
      Cumulative area ratio:   23.35
      Required ratio:    0.00 (Cumulative area) 
      Partial area ratio:   54.44
      Required ratio: 4336.52 (Side area) 
      Cumulative area ratio:  114.82
      Required ratio:    0.00 (Cumulative side area) 


  Pin:   _25913_/A1 (sky130_fd_sc_hd__mux2_1)
    Layer: mcon
      Partial area ratio:    0.23
      Required ratio:    3.00 (Gate area) 
      Cumulative area ratio:    0.23
      Required ratio:    0.00 (Cumulative area) 

    Layer: met1
      Partial area ratio:   12.30
      Required ratio:    0.00 (Gate area) 
      Cumulative area ratio:   12.30
      Required ratio:    0.00 (Cumulative area) 
      Partial area ratio:   60.38
      Required ratio:  400.00 (Side area) 
      Cumulative area ratio:   60.38
      Required ratio:    0.00 (Cumulative side area) 

    Layer: via
      Partial area ratio:    0.18
      Required ratio:    6.00 (Gate area) 
      Cumulative area ratio:    0.41
      Required ratio:    0.00 (Cumulative area) 

    Layer: met2
      Partial area ratio:   11.05
      Required ratio:    0.00 (Gate area) 
      Cumulative area ratio:   23.35
      Required ratio:    0.00 (Cumulative area) 
      Partial area ratio:   54.44
      Required ratio: 4336.52 (Side area) 
      Cumulative area ratio:  114.82
      Required ratio:    0.00 (Cumulative side area) 


  Pin:   _25922_/A1 (sky130_fd_sc_hd__mux2_1)
    Layer: mcon
      Partial area ratio:    0.23
      Required ratio:    3.00 (Gate area) 
      Cumulative area ratio:    0.23
      Required ratio:    0.00 (Cumulative area) 

    Layer: met1
      Partial area ratio:    6.14
      Required ratio:    0.00 (Gate area) 
      Cumulative area ratio:    6.14
      Required ratio:    0.00 (Cumulative area) 
      Partial area ratio:   30.14
      Required ratio:  400.00 (Side area) 
      Cumulative area ratio:   30.14
      Required ratio:    0.00 (Cumulative side area) 

    Layer: via
      Partial area ratio:    0.09
      Required ratio:    6.00 (Gate area) 
      Cumulative area ratio:    0.32
      Required ratio:    0.00 (Cumulative area) 

    Layer: met2
      Partial area ratio:   11.05
      Required ratio:    0.00 (Gate area) 
      Cumulative area ratio:   17.19
      Required ratio:    0.00 (Cumulative area) 
      Partial area ratio:   54.44
      Required ratio: 4336.52 (Side area) 
      Cumulative area ratio:   84.58
      Required ratio:    0.00 (Cumulative side area) 


  Pin:   _25931_/A1 (sky130_fd_sc_hd__mux2_1)
    Layer: mcon
      Partial area ratio:    0.23
      Required ratio:    3.00 (Gate area) 
      Cumulative area ratio:    0.23
      Required ratio:    0.00 (Cumulative area) 

    Layer: met1
      Partial area ratio:    4.43
      Required ratio:    0.00 (Gate area) 
      Cumulative area ratio:    4.43
      Required ratio:    0.00 (Cumulative area) 
      Partial area ratio:   21.53
      Required ratio:  400.00 (Side area) 
      Cumulative area ratio:   21.53
      Required ratio:    0.00 (Cumulative side area) 

    Layer: via
      Partial area ratio:    0.18
      Required ratio:    6.00 (Gate area) 
      Cumulative area ratio:    0.41
      Required ratio:    0.00 (Cumulative area) 

    Layer: met2
      Partial area ratio:   11.05
      Required ratio:    0.00 (Gate area) 
      Cumulative area ratio:   15.48
      Required ratio:    0.00 (Cumulative area) 
      Partial area ratio:   54.44
      Required ratio: 4336.52 (Side area) 
      Cumulative area ratio:   75.96
      Required ratio:    0.00 (Cumulative side area) 


  Pin:   _25940_/A0 (sky130_fd_sc_hd__mux2_1)
    Layer: li1
      Partial area ratio:    0.01
      Required ratio:    0.00 (Gate area) 
      Cumulative area ratio:    0.01
      Required ratio:    0.00 (Cumulative area) 
      Partial area ratio:    0.28
      Required ratio:   75.00 (Side area) 
      Cumulative area ratio:    0.28
      Required ratio:    0.00 (Cumulative side area) 

    Layer: mcon
      Partial area ratio:    0.23
      Required ratio:    3.00 (Gate area) 
      Cumulative area ratio:    0.23
      Required ratio:    0.00 (Cumulative area) 

    Layer: met1
      Partial area ratio:    5.96
      Required ratio:    0.00 (Gate area) 
      Cumulative area ratio:    5.97
      Required ratio:    0.00 (Cumulative area) 
      Partial area ratio:   29.19
      Required ratio:  400.00 (Side area) 
      Cumulative area ratio:   29.47
      Required ratio:    0.00 (Cumulative side area) 

    Layer: via
      Partial area ratio:    0.18
      Required ratio:    6.00 (Gate area) 
      Cumulative area ratio:    0.41
      Required ratio:    0.00 (Cumulative area) 

    Layer: met2
      Partial area ratio:   11.05
      Required ratio:    0.00 (Gate area) 
      Cumulative area ratio:   17.02
      Required ratio:    0.00 (Cumulative area) 
      Partial area ratio:   54.44
      Required ratio: 4336.52 (Side area) 
      Cumulative area ratio:   83.91
      Required ratio:    0.00 (Cumulative side area) 


  Pin:   _25949_/A0 (sky130_fd_sc_hd__mux2_1)
    Layer: li1
      Partial area ratio:    0.01
      Required ratio:    0.00 (Gate area) 
      Cumulative area ratio:    0.01
      Required ratio:    0.00 (Cumulative area) 
      Partial area ratio:    0.28
      Required ratio:   75.00 (Side area) 
      Cumulative area ratio:    0.28
      Required ratio:    0.00 (Cumulative side area) 

    Layer: mcon
      Partial area ratio:    0.23
      Required ratio:    3.00 (Gate area) 
      Cumulative area ratio:    0.23
      Required ratio:    0.00 (Cumulative area) 

    Layer: met1
      Partial area ratio:   12.30
      Required ratio:    0.00 (Gate area) 
      Cumulative area ratio:   12.31
      Required ratio:    0.00 (Cumulative area) 
      Partial area ratio:   60.38
      Required ratio:  400.00 (Side area) 
      Cumulative area ratio:   60.66
      Required ratio:    0.00 (Cumulative side area) 

    Layer: via
      Partial area ratio:    0.18
      Required ratio:    6.00 (Gate area) 
      Cumulative area ratio:    0.41
      Required ratio:    0.00 (Cumulative area) 

    Layer: met2
      Partial area ratio:   11.05
      Required ratio:    0.00 (Gate area) 
      Cumulative area ratio:   23.36
      Required ratio:    0.00 (Cumulative area) 
      Partial area ratio:   54.44
      Required ratio: 4336.52 (Side area) 
      Cumulative area ratio:  115.09
      Required ratio:    0.00 (Cumulative side area) 


  Pin:   _25958_/A0 (sky130_fd_sc_hd__mux2_1)
    Layer: li1
      Partial area ratio:    0.01
      Required ratio:    0.00 (Gate area) 
      Cumulative area ratio:    0.01
      Required ratio:    0.00 (Cumulative area) 
      Partial area ratio:    0.28
      Required ratio:   75.00 (Side area) 
      Cumulative area ratio:    0.28
      Required ratio:    0.00 (Cumulative side area) 

    Layer: mcon
      Partial area ratio:    0.23
      Required ratio:    3.00 (Gate area) 
      Cumulative area ratio:    0.23
      Required ratio:    0.00 (Cumulative area) 

    Layer: met1
      Partial area ratio:    2.38
      Required ratio:    0.00 (Gate area) 
      Cumulative area ratio:    2.39
      Required ratio:    0.00 (Cumulative area) 
      Partial area ratio:   11.31
      Required ratio:  400.00 (Side area) 
      Cumulative area ratio:   11.58
      Required ratio:    0.00 (Cumulative side area) 

    Layer: via
      Partial area ratio:    0.18
      Required ratio:    6.00 (Gate area) 
      Cumulative area ratio:    0.41
      Required ratio:    0.00 (Cumulative area) 

    Layer: met2
      Partial area ratio:   11.05
      Required ratio:    0.00 (Gate area) 
      Cumulative area ratio:   13.44
      Required ratio:    0.00 (Cumulative area) 
      Partial area ratio:   54.44
      Required ratio: 4336.52 (Side area) 
      Cumulative area ratio:   66.02
      Required ratio:    0.00 (Cumulative side area) 


  Pin:   _25967_/A1 (sky130_fd_sc_hd__mux2_1)
    Layer: mcon
      Partial area ratio:    0.23
      Required ratio:    3.00 (Gate area) 
      Cumulative area ratio:    0.23
      Required ratio:    0.00 (Cumulative area) 

    Layer: met1
      Partial area ratio:    6.14
      Required ratio:    0.00 (Gate area) 
      Cumulative area ratio:    6.14
      Required ratio:    0.00 (Cumulative area) 
      Partial area ratio:   30.14
      Required ratio:  400.00 (Side area) 
      Cumulative area ratio:   30.14
      Required ratio:    0.00 (Cumulative side area) 

    Layer: via
      Partial area ratio:    0.09
      Required ratio:    6.00 (Gate area) 
      Cumulative area ratio:    0.32
      Required ratio:    0.00 (Cumulative area) 

    Layer: met2
      Partial area ratio:   11.05
      Required ratio:    0.00 (Gate area) 
      Cumulative area ratio:   17.19
      Required ratio:    0.00 (Cumulative area) 
      Partial area ratio:   54.44
      Required ratio: 4336.52 (Side area) 
      Cumulative area ratio:   84.58
      Required ratio:    0.00 (Cumulative side area) 


  Pin:   _25978_/A0 (sky130_fd_sc_hd__mux2_1)
    Layer: li1
      Partial area ratio:    0.01
      Required ratio:    0.00 (Gate area) 
      Cumulative area ratio:    0.01
      Required ratio:    0.00 (Cumulative area) 
      Partial area ratio:    0.28
      Required ratio:   75.00 (Side area) 
      Cumulative area ratio:    0.28
      Required ratio:    0.00 (Cumulative side area) 

    Layer: mcon
      Partial area ratio:    0.23
      Required ratio:    3.00 (Gate area) 
      Cumulative area ratio:    0.23
      Required ratio:    0.00 (Cumulative area) 

    Layer: met1
      Partial area ratio:    0.66
      Required ratio:    0.00 (Gate area) 
      Cumulative area ratio:    0.67
      Required ratio:    0.00 (Cumulative area) 
      Partial area ratio:    3.22
      Required ratio:  400.00 (Side area) 
      Cumulative area ratio:    3.50
      Required ratio:    0.00 (Cumulative side area) 

    Layer: via
      Partial area ratio:    0.18
      Required ratio:    6.00 (Gate area) 
      Cumulative area ratio:    0.41
      Required ratio:    0.00 (Cumulative area) 

    Layer: met2
      Partial area ratio:   11.05
      Required ratio:    0.00 (Gate area) 
      Cumulative area ratio:   11.71
      Required ratio:    0.00 (Cumulative area) 
      Partial area ratio:   54.44
      Required ratio: 4336.52 (Side area) 
      Cumulative area ratio:   57.94
      Required ratio:    0.00 (Cumulative side area) 


  Pin:   _25987_/A1 (sky130_fd_sc_hd__mux2_1)
    Layer: mcon
      Partial area ratio:    0.23
      Required ratio:    3.00 (Gate area) 
      Cumulative area ratio:    0.23
      Required ratio:    0.00 (Cumulative area) 

    Layer: met1
      Partial area ratio:    4.54
      Required ratio:    0.00 (Gate area) 
      Cumulative area ratio:    4.54
      Required ratio:    0.00 (Cumulative area) 
      Partial area ratio:   21.78
      Required ratio:  400.00 (Side area) 
      Cumulative area ratio:   21.78
      Required ratio:    0.00 (Cumulative side area) 

    Layer: via
      Partial area ratio:    0.36
      Required ratio:    6.00 (Gate area) 
      Cumulative area ratio:    0.59
      Required ratio:    0.00 (Cumulative area) 

    Layer: met2
      Partial area ratio:   11.05
      Required ratio:    0.00 (Gate area) 
      Cumulative area ratio:   15.59
      Required ratio:    0.00 (Cumulative area) 
      Partial area ratio:   54.44
      Required ratio: 4336.52 (Side area) 
      Cumulative area ratio:   76.21
      Required ratio:    0.00 (Cumulative side area) 


  Pin:   _25996_/A1 (sky130_fd_sc_hd__mux2_1)
    Layer: mcon
      Partial area ratio:    0.23
      Required ratio:    3.00 (Gate area) 
      Cumulative area ratio:    0.23
      Required ratio:    0.00 (Cumulative area) 

    Layer: met1
      Partial area ratio:    2.38
      Required ratio:    0.00 (Gate area) 
      Cumulative area ratio:    2.38
      Required ratio:    0.00 (Cumulative area) 
      Partial area ratio:   11.31
      Required ratio:  400.00 (Side area) 
      Cumulative area ratio:   11.31
      Required ratio:    0.00 (Cumulative side area) 

    Layer: via
      Partial area ratio:    0.18
      Required ratio:    6.00 (Gate area) 
      Cumulative area ratio:    0.41
      Required ratio:    0.00 (Cumulative area) 

    Layer: met2
      Partial area ratio:   11.05
      Required ratio:    0.00 (Gate area) 
      Cumulative area ratio:   13.43
      Required ratio:    0.00 (Cumulative area) 
      Partial area ratio:   54.44
      Required ratio: 4336.52 (Side area) 
      Cumulative area ratio:   65.74
      Required ratio:    0.00 (Cumulative side area) 


  Pin:   _26005_/A1 (sky130_fd_sc_hd__mux2_1)
    Layer: mcon
      Partial area ratio:    0.23
      Required ratio:    3.00 (Gate area) 
      Cumulative area ratio:    0.23
      Required ratio:    0.00 (Cumulative area) 

    Layer: met1
      Partial area ratio:    5.24
      Required ratio:    0.00 (Gate area) 
      Cumulative area ratio:    5.24
      Required ratio:    0.00 (Cumulative area) 
      Partial area ratio:   24.75
      Required ratio:  400.00 (Side area) 
      Cumulative area ratio:   24.75
      Required ratio:    0.00 (Cumulative side area) 

    Layer: via
      Partial area ratio:    0.36
      Required ratio:    6.00 (Gate area) 
      Cumulative area ratio:    0.59
      Required ratio:    0.00 (Cumulative area) 

    Layer: met2
      Partial area ratio:   11.05
      Required ratio:    0.00 (Gate area) 
      Cumulative area ratio:   16.29
      Required ratio:    0.00 (Cumulative area) 
      Partial area ratio:   54.44
      Required ratio: 4336.52 (Side area) 
      Cumulative area ratio:   79.19
      Required ratio:    0.00 (Cumulative side area) 


  Pin:   _26014_/A0 (sky130_fd_sc_hd__mux2_1)
    Layer: li1
      Partial area ratio:    0.01
      Required ratio:    0.00 (Gate area) 
      Cumulative area ratio:    0.01
      Required ratio:    0.00 (Cumulative area) 
      Partial area ratio:    0.28
      Required ratio:   75.00 (Side area) 
      Cumulative area ratio:    0.28
      Required ratio:    0.00 (Cumulative side area) 

    Layer: mcon
      Partial area ratio:    0.23
      Required ratio:    3.00 (Gate area) 
      Cumulative area ratio:    0.23
      Required ratio:    0.00 (Cumulative area) 

    Layer: met1
      Partial area ratio:   17.58
      Required ratio:    0.00 (Gate area) 
      Cumulative area ratio:   17.59
      Required ratio:    0.00 (Cumulative area) 
      Partial area ratio:   85.58
      Required ratio:  400.00 (Side area) 
      Cumulative area ratio:   85.86
      Required ratio:    0.00 (Cumulative side area) 

    Layer: via
      Partial area ratio:    0.54
      Required ratio:    6.00 (Gate area) 
      Cumulative area ratio:    0.77
      Required ratio:    0.00 (Cumulative area) 

    Layer: met2
      Partial area ratio:   11.05
      Required ratio:    0.00 (Gate area) 
      Cumulative area ratio:   28.64
      Required ratio:    0.00 (Cumulative area) 
      Partial area ratio:   54.44
      Required ratio: 4336.52 (Side area) 
      Cumulative area ratio:  140.30
      Required ratio:    0.00 (Cumulative side area) 


  Pin:   _26023_/A1 (sky130_fd_sc_hd__mux2_1)
    Layer: mcon
      Partial area ratio:    0.23
      Required ratio:    3.00 (Gate area) 
      Cumulative area ratio:    0.23
      Required ratio:    0.00 (Cumulative area) 

    Layer: met1
      Partial area ratio:   18.34
      Required ratio:    0.00 (Gate area) 
      Cumulative area ratio:   18.34
      Required ratio:    0.00 (Cumulative area) 
      Partial area ratio:   90.78
      Required ratio:  400.00 (Side area) 
      Cumulative area ratio:   90.78
      Required ratio:    0.00 (Cumulative side area) 

    Layer: via
      Partial area ratio:    0.36
      Required ratio:    6.00 (Gate area) 
      Cumulative area ratio:    0.59
      Required ratio:    0.00 (Cumulative area) 

    Layer: met2
      Partial area ratio:   11.05
      Required ratio:    0.00 (Gate area) 
      Cumulative area ratio:   29.39
      Required ratio:    0.00 (Cumulative area) 
      Partial area ratio:   54.44
      Required ratio: 4336.52 (Side area) 
      Cumulative area ratio:  145.21
      Required ratio:    0.00 (Cumulative side area) 


  Pin:   _26032_/A1 (sky130_fd_sc_hd__mux2_1)
    Layer: mcon
      Partial area ratio:    0.23
      Required ratio:    3.00 (Gate area) 
      Cumulative area ratio:    0.23
      Required ratio:    0.00 (Cumulative area) 

    Layer: met1
      Partial area ratio:    8.62
      Required ratio:    0.00 (Gate area) 
      Cumulative area ratio:    8.62
      Required ratio:    0.00 (Cumulative area) 
      Partial area ratio:   42.50
      Required ratio:  400.00 (Side area) 
      Cumulative area ratio:   42.50
      Required ratio:    0.00 (Cumulative side area) 

    Layer: via
      Partial area ratio:    0.09
      Required ratio:    6.00 (Gate area) 
      Cumulative area ratio:    0.32
      Required ratio:    0.00 (Cumulative area) 

    Layer: met2
      Partial area ratio:   11.05
      Required ratio:    0.00 (Gate area) 
      Cumulative area ratio:   19.66
      Required ratio:    0.00 (Cumulative area) 
      Partial area ratio:   54.44
      Required ratio: 4336.52 (Side area) 
      Cumulative area ratio:   96.94
      Required ratio:    0.00 (Cumulative side area) 


  Pin:   _26041_/A1 (sky130_fd_sc_hd__mux2_1)
    Layer: mcon
      Partial area ratio:    0.23
      Required ratio:    3.00 (Gate area) 
      Cumulative area ratio:    0.23
      Required ratio:    0.00 (Cumulative area) 

    Layer: met1
      Partial area ratio:    6.98
      Required ratio:    0.00 (Gate area) 
      Cumulative area ratio:    6.98
      Required ratio:    0.00 (Cumulative area) 
      Partial area ratio:   34.31
      Required ratio:  400.00 (Side area) 
      Cumulative area ratio:   34.31
      Required ratio:    0.00 (Cumulative side area) 

    Layer: via
      Partial area ratio:    0.18
      Required ratio:    6.00 (Gate area) 
      Cumulative area ratio:    0.41
      Required ratio:    0.00 (Cumulative area) 

    Layer: met2
      Partial area ratio:   11.05
      Required ratio:    0.00 (Gate area) 
      Cumulative area ratio:   18.03
      Required ratio:    0.00 (Cumulative area) 
      Partial area ratio:   54.44
      Required ratio: 4336.52 (Side area) 
      Cumulative area ratio:   88.74
      Required ratio:    0.00 (Cumulative side area) 


  Pin:   _26050_/A1 (sky130_fd_sc_hd__mux2_1)
    Layer: mcon
      Partial area ratio:    0.23
      Required ratio:    3.00 (Gate area) 
      Cumulative area ratio:    0.23
      Required ratio:    0.00 (Cumulative area) 

    Layer: met1
      Partial area ratio:    0.66
      Required ratio:    0.00 (Gate area) 
      Cumulative area ratio:    0.66
      Required ratio:    0.00 (Cumulative area) 
      Partial area ratio:    3.22
      Required ratio:  400.00 (Side area) 
      Cumulative area ratio:    3.22
      Required ratio:    0.00 (Cumulative side area) 

    Layer: via
      Partial area ratio:    0.18
      Required ratio:    6.00 (Gate area) 
      Cumulative area ratio:    0.41
      Required ratio:    0.00 (Cumulative area) 

    Layer: met2
      Partial area ratio:   11.05
      Required ratio:    0.00 (Gate area) 
      Cumulative area ratio:   11.71
      Required ratio:    0.00 (Cumulative area) 
      Partial area ratio:   54.44
      Required ratio: 4336.52 (Side area) 
      Cumulative area ratio:   57.66
      Required ratio:    0.00 (Cumulative side area) 


  Pin:   _26062_/A0 (sky130_fd_sc_hd__mux2_1)
    Layer: li1
      Partial area ratio:    0.01
      Required ratio:    0.00 (Gate area) 
      Cumulative area ratio:    0.01
      Required ratio:    0.00 (Cumulative area) 
      Partial area ratio:    0.28
      Required ratio:   75.00 (Side area) 
      Cumulative area ratio:    0.28
      Required ratio:    0.00 (Cumulative side area) 

    Layer: mcon
      Partial area ratio:    0.23
      Required ratio:    3.00 (Gate area) 
      Cumulative area ratio:    0.23
      Required ratio:    0.00 (Cumulative area) 

    Layer: met1
      Partial area ratio:    3.92
      Required ratio:    0.00 (Gate area) 
      Cumulative area ratio:    3.92
      Required ratio:    0.00 (Cumulative area) 
      Partial area ratio:   18.97
      Required ratio:  400.00 (Side area) 
      Cumulative area ratio:   19.25
      Required ratio:    0.00 (Cumulative side area) 

    Layer: via
      Partial area ratio:    0.18
      Required ratio:    6.00 (Gate area) 
      Cumulative area ratio:    0.41
      Required ratio:    0.00 (Cumulative area) 

    Layer: met2
      Partial area ratio:   11.05
      Required ratio:    0.00 (Gate area) 
      Cumulative area ratio:   14.97
      Required ratio:    0.00 (Cumulative area) 
      Partial area ratio:   54.44
      Required ratio: 4336.52 (Side area) 
      Cumulative area ratio:   73.69
      Required ratio:    0.00 (Cumulative side area) 


  Pin:   _26071_/A1 (sky130_fd_sc_hd__mux2_1)
    Layer: mcon
      Partial area ratio:    0.23
      Required ratio:    3.00 (Gate area) 
      Cumulative area ratio:    0.23
      Required ratio:    0.00 (Cumulative area) 

    Layer: met1
      Partial area ratio:    1.48
      Required ratio:    0.00 (Gate area) 
      Cumulative area ratio:    1.48
      Required ratio:    0.00 (Cumulative area) 
      Partial area ratio:    7.13
      Required ratio: 2773.88 (Side area) 
      Cumulative area ratio:    7.13
      Required ratio:    0.00 (Cumulative side area) 

    Layer: via
      Partial area ratio:    0.04
      Required ratio:   21.65 (Gate area) 
      Cumulative area ratio:    0.27
      Required ratio:    0.00 (Cumulative area) 

    Layer: met2
      Partial area ratio:   11.05
      Required ratio:    0.00 (Gate area) 
      Cumulative area ratio:   12.53
      Required ratio:    0.00 (Cumulative area) 
      Partial area ratio:   54.44
      Required ratio: 4336.52 (Side area) 
      Cumulative area ratio:   61.57
      Required ratio:    0.00 (Cumulative side area) 


  Pin:   _26080_/A1 (sky130_fd_sc_hd__mux2_1)
    Layer: mcon
      Partial area ratio:    0.23
      Required ratio:    3.00 (Gate area) 
      Cumulative area ratio:    0.23
      Required ratio:    0.00 (Cumulative area) 

    Layer: met1
      Partial area ratio:    5.05
      Required ratio:    0.00 (Gate area) 
      Cumulative area ratio:    5.05
      Required ratio:    0.00 (Cumulative area) 
      Partial area ratio:   24.33
      Required ratio:  400.00 (Side area) 
      Cumulative area ratio:   24.33
      Required ratio:    0.00 (Cumulative side area) 

    Layer: via
      Partial area ratio:    0.36
      Required ratio:    6.00 (Gate area) 
      Cumulative area ratio:    0.59
      Required ratio:    0.00 (Cumulative area) 

    Layer: met2
      Partial area ratio:   11.05
      Required ratio:    0.00 (Gate area) 
      Cumulative area ratio:   16.10
      Required ratio:    0.00 (Cumulative area) 
      Partial area ratio:   54.44
      Required ratio: 4336.52 (Side area) 
      Cumulative area ratio:   78.77
      Required ratio:    0.00 (Cumulative side area) 


  Pin:   _26089_/A1 (sky130_fd_sc_hd__mux2_1)
    Layer: mcon
      Partial area ratio:    0.23
      Required ratio:    3.00 (Gate area) 
      Cumulative area ratio:    0.23
      Required ratio:    0.00 (Cumulative area) 

    Layer: met1
      Partial area ratio:    0.66
      Required ratio:    0.00 (Gate area) 
      Cumulative area ratio:    0.66
      Required ratio:    0.00 (Cumulative area) 
      Partial area ratio:    3.22
      Required ratio:  400.00 (Side area) 
      Cumulative area ratio:    3.22
      Required ratio:    0.00 (Cumulative side area) 

    Layer: via
      Partial area ratio:    0.18
      Required ratio:    6.00 (Gate area) 
      Cumulative area ratio:    0.41
      Required ratio:    0.00 (Cumulative area) 

    Layer: met2
      Partial area ratio:   11.05
      Required ratio:    0.00 (Gate area) 
      Cumulative area ratio:   11.71
      Required ratio:    0.00 (Cumulative area) 
      Partial area ratio:   54.44
      Required ratio: 4336.52 (Side area) 
      Cumulative area ratio:   57.66
      Required ratio:    0.00 (Cumulative side area) 


  Pin:   _26098_/A0 (sky130_fd_sc_hd__mux2_1)
    Layer: li1
      Partial area ratio:    0.01
      Required ratio:    0.00 (Gate area) 
      Cumulative area ratio:    0.01
      Required ratio:    0.00 (Cumulative area) 
      Partial area ratio:    0.28
      Required ratio:   75.00 (Side area) 
      Cumulative area ratio:    0.28
      Required ratio:    0.00 (Cumulative side area) 

    Layer: mcon
      Partial area ratio:    0.23
      Required ratio:    3.00 (Gate area) 
      Cumulative area ratio:    0.23
      Required ratio:    0.00 (Cumulative area) 

    Layer: met1
      Partial area ratio:   36.99
      Required ratio:    0.00 (Gate area) 
      Cumulative area ratio:   36.99
      Required ratio:    0.00 (Cumulative area) 
      Partial area ratio:  184.00
      Required ratio:  400.00 (Side area) 
      Cumulative area ratio:  184.28
      Required ratio:    0.00 (Cumulative side area) 

    Layer: via
      Partial area ratio:    0.36
      Required ratio:    6.00 (Gate area) 
      Cumulative area ratio:    0.59
      Required ratio:    0.00 (Cumulative area) 

    Layer: met2
      Partial area ratio:   11.05
      Required ratio:    0.00 (Gate area) 
      Cumulative area ratio:   48.04
      Required ratio:    0.00 (Cumulative area) 
      Partial area ratio:   54.44
      Required ratio: 4336.52 (Side area) 
      Cumulative area ratio:  238.71
      Required ratio:    0.00 (Cumulative side area) 


  Pin:   _26107_/A0 (sky130_fd_sc_hd__mux2_1)
    Layer: li1
      Partial area ratio:    0.01
      Required ratio:    0.00 (Gate area) 
      Cumulative area ratio:    0.01
      Required ratio:    0.00 (Cumulative area) 
      Partial area ratio:    0.28
      Required ratio:   75.00 (Side area) 
      Cumulative area ratio:    0.28
      Required ratio:    0.00 (Cumulative side area) 

    Layer: mcon
      Partial area ratio:    0.23
      Required ratio:    3.00 (Gate area) 
      Cumulative area ratio:    0.23
      Required ratio:    0.00 (Cumulative area) 

    Layer: met1
      Partial area ratio:    8.31
      Required ratio:    0.00 (Gate area) 
      Cumulative area ratio:    8.32
      Required ratio:    0.00 (Cumulative area) 
      Partial area ratio:   40.08
      Required ratio:  400.00 (Side area) 
      Cumulative area ratio:   40.36
      Required ratio:    0.00 (Cumulative side area) 

    Layer: via
      Partial area ratio:    0.36
      Required ratio:    6.00 (Gate area) 
      Cumulative area ratio:    0.59
      Required ratio:    0.00 (Cumulative area) 

    Layer: met2
      Partial area ratio:   11.05
      Required ratio:    0.00 (Gate area) 
      Cumulative area ratio:   19.37
      Required ratio:    0.00 (Cumulative area) 
      Partial area ratio:   54.44
      Required ratio: 4336.52 (Side area) 
      Cumulative area ratio:   94.80
      Required ratio:    0.00 (Cumulative side area) 


  Pin:   _26116_/A0 (sky130_fd_sc_hd__mux2_1)
    Layer: li1
      Partial area ratio:    0.01
      Required ratio:    0.00 (Gate area) 
      Cumulative area ratio:    0.01
      Required ratio:    0.00 (Cumulative area) 
      Partial area ratio:    0.28
      Required ratio:   75.00 (Side area) 
      Cumulative area ratio:    0.28
      Required ratio:    0.00 (Cumulative side area) 

    Layer: mcon
      Partial area ratio:    0.23
      Required ratio:    3.00 (Gate area) 
      Cumulative area ratio:    0.23
      Required ratio:    0.00 (Cumulative area) 

    Layer: met1
      Partial area ratio:    0.66
      Required ratio:    0.00 (Gate area) 
      Cumulative area ratio:    0.67
      Required ratio:    0.00 (Cumulative area) 
      Partial area ratio:    3.22
      Required ratio:  400.00 (Side area) 
      Cumulative area ratio:    3.50
      Required ratio:    0.00 (Cumulative side area) 

    Layer: via
      Partial area ratio:    0.18
      Required ratio:    6.00 (Gate area) 
      Cumulative area ratio:    0.41
      Required ratio:    0.00 (Cumulative area) 

    Layer: met2
      Partial area ratio:   11.05
      Required ratio:    0.00 (Gate area) 
      Cumulative area ratio:   11.71
      Required ratio:    0.00 (Cumulative area) 
      Partial area ratio:   54.44
      Required ratio: 4336.52 (Side area) 
      Cumulative area ratio:   57.94
      Required ratio:    0.00 (Cumulative side area) 


  Pin:   _26125_/A1 (sky130_fd_sc_hd__mux2_1)
    Layer: mcon
      Partial area ratio:    0.23
      Required ratio:    3.00 (Gate area) 
      Cumulative area ratio:    0.23
      Required ratio:    0.00 (Cumulative area) 

    Layer: met1
      Partial area ratio:   26.52
      Required ratio:    0.00 (Gate area) 
      Cumulative area ratio:   26.52
      Required ratio:    0.00 (Cumulative area) 
      Partial area ratio:  130.28
      Required ratio:  400.00 (Side area) 
      Cumulative area ratio:  130.28
      Required ratio:    0.00 (Cumulative side area) 

    Layer: via
      Partial area ratio:    0.54
      Required ratio:    6.00 (Gate area) 
      Cumulative area ratio:    0.77
      Required ratio:    0.00 (Cumulative area) 

    Layer: met2
      Partial area ratio:   11.05
      Required ratio:    0.00 (Gate area) 
      Cumulative area ratio:   37.57
      Required ratio:    0.00 (Cumulative area) 
      Partial area ratio:   54.44
      Required ratio: 4336.52 (Side area) 
      Cumulative area ratio:  184.71
      Required ratio:    0.00 (Cumulative side area) 


  Pin:   _26134_/A1 (sky130_fd_sc_hd__mux2_1)
    Layer: mcon
      Partial area ratio:    0.23
      Required ratio:    3.00 (Gate area) 
      Cumulative area ratio:    0.23
      Required ratio:    0.00 (Cumulative area) 

    Layer: met1
      Partial area ratio:    7.06
      Required ratio:    0.00 (Gate area) 
      Cumulative area ratio:    7.06
      Required ratio:    0.00 (Cumulative area) 
      Partial area ratio:   33.81
      Required ratio:  400.00 (Side area) 
      Cumulative area ratio:   33.81
      Required ratio:    0.00 (Cumulative side area) 

    Layer: via
      Partial area ratio:    0.36
      Required ratio:    6.00 (Gate area) 
      Cumulative area ratio:    0.59
      Required ratio:    0.00 (Cumulative area) 

    Layer: met2
      Partial area ratio:   11.05
      Required ratio:    0.00 (Gate area) 
      Cumulative area ratio:   18.10
      Required ratio:    0.00 (Cumulative area) 
      Partial area ratio:   54.44
      Required ratio: 4336.52 (Side area) 
      Cumulative area ratio:   88.24
      Required ratio:    0.00 (Cumulative side area) 


  Pin:   _26145_/A0 (sky130_fd_sc_hd__mux2_1)
    Layer: li1
      Partial area ratio:    0.01
      Required ratio:    0.00 (Gate area) 
      Cumulative area ratio:    0.01
      Required ratio:    0.00 (Cumulative area) 
      Partial area ratio:    0.28
      Required ratio:   75.00 (Side area) 
      Cumulative area ratio:    0.28
      Required ratio:    0.00 (Cumulative side area) 

    Layer: mcon
      Partial area ratio:    0.23
      Required ratio:    3.00 (Gate area) 
      Cumulative area ratio:    0.23
      Required ratio:    0.00 (Cumulative area) 

    Layer: met1
      Partial area ratio:   18.46
      Required ratio:    0.00 (Gate area) 
      Cumulative area ratio:   18.47
      Required ratio:    0.00 (Cumulative area) 
      Partial area ratio:   90.83
      Required ratio:  400.00 (Side area) 
      Cumulative area ratio:   91.11
      Required ratio:    0.00 (Cumulative side area) 

    Layer: via
      Partial area ratio:    0.36
      Required ratio:    6.00 (Gate area) 
      Cumulative area ratio:    0.59
      Required ratio:    0.00 (Cumulative area) 

    Layer: met2
      Partial area ratio:   11.05
      Required ratio:    0.00 (Gate area) 
      Cumulative area ratio:   29.52
      Required ratio:    0.00 (Cumulative area) 
      Partial area ratio:   54.44
      Required ratio: 4336.52 (Side area) 
      Cumulative area ratio:  145.55
      Required ratio:    0.00 (Cumulative side area) 


  Pin:   _26154_/A1 (sky130_fd_sc_hd__mux2_1)
    Layer: mcon
      Partial area ratio:    0.23
      Required ratio:    3.00 (Gate area) 
      Cumulative area ratio:    0.23
      Required ratio:    0.00 (Cumulative area) 

    Layer: met1
      Partial area ratio:    3.01
      Required ratio:    0.00 (Gate area) 
      Cumulative area ratio:    3.01
      Required ratio:    0.00 (Cumulative area) 
      Partial area ratio:   14.11
      Required ratio:  400.00 (Side area) 
      Cumulative area ratio:   14.11
      Required ratio:    0.00 (Cumulative side area) 

    Layer: via
      Partial area ratio:    0.36
      Required ratio:    6.00 (Gate area) 
      Cumulative area ratio:    0.59
      Required ratio:    0.00 (Cumulative area) 

    Layer: met2
      Partial area ratio:   11.05
      Required ratio:    0.00 (Gate area) 
      Cumulative area ratio:   14.06
      Required ratio:    0.00 (Cumulative area) 
      Partial area ratio:   54.44
      Required ratio: 4336.52 (Side area) 
      Cumulative area ratio:   68.55
      Required ratio:    0.00 (Cumulative side area) 


  Pin:   _26163_/A1 (sky130_fd_sc_hd__mux2_1)
    Layer: mcon
      Partial area ratio:    0.23
      Required ratio:    3.00 (Gate area) 
      Cumulative area ratio:    0.23
      Required ratio:    0.00 (Cumulative area) 

    Layer: met1
      Partial area ratio:    1.77
      Required ratio:    0.00 (Gate area) 
      Cumulative area ratio:    1.77
      Required ratio:    0.00 (Cumulative area) 
      Partial area ratio:    8.25
      Required ratio:  400.00 (Side area) 
      Cumulative area ratio:    8.25
      Required ratio:    0.00 (Cumulative side area) 

    Layer: via
      Partial area ratio:    0.18
      Required ratio:    6.00 (Gate area) 
      Cumulative area ratio:    0.41
      Required ratio:    0.00 (Cumulative area) 

    Layer: met2
      Partial area ratio:   11.05
      Required ratio:    0.00 (Gate area) 
      Cumulative area ratio:   12.82
      Required ratio:    0.00 (Cumulative area) 
      Partial area ratio:   54.44
      Required ratio: 4336.52 (Side area) 
      Cumulative area ratio:   62.69
      Required ratio:    0.00 (Cumulative side area) 


  Pin:   _26172_/A1 (sky130_fd_sc_hd__mux2_1)
    Layer: mcon
      Partial area ratio:    0.23
      Required ratio:    3.00 (Gate area) 
      Cumulative area ratio:    0.23
      Required ratio:    0.00 (Cumulative area) 

    Layer: met1
      Partial area ratio:    0.66
      Required ratio:    0.00 (Gate area) 
      Cumulative area ratio:    0.66
      Required ratio:    0.00 (Cumulative area) 
      Partial area ratio:    3.22
      Required ratio:  400.00 (Side area) 
      Cumulative area ratio:    3.22
      Required ratio:    0.00 (Cumulative side area) 

    Layer: via
      Partial area ratio:    0.18
      Required ratio:    6.00 (Gate area) 
      Cumulative area ratio:    0.41
      Required ratio:    0.00 (Cumulative area) 

    Layer: met2
      Partial area ratio:   11.05
      Required ratio:    0.00 (Gate area) 
      Cumulative area ratio:   11.71
      Required ratio:    0.00 (Cumulative area) 
      Partial area ratio:   54.44
      Required ratio: 4336.52 (Side area) 
      Cumulative area ratio:   57.66
      Required ratio:    0.00 (Cumulative side area) 


  Pin:   _26181_/A0 (sky130_fd_sc_hd__mux2_1)
    Layer: li1
      Partial area ratio:    0.01
      Required ratio:    0.00 (Gate area) 
      Cumulative area ratio:    0.01
      Required ratio:    0.00 (Cumulative area) 
      Partial area ratio:    0.28
      Required ratio:   75.00 (Side area) 
      Cumulative area ratio:    0.28
      Required ratio:    0.00 (Cumulative side area) 

    Layer: mcon
      Partial area ratio:    0.23
      Required ratio:    3.00 (Gate area) 
      Cumulative area ratio:    0.23
      Required ratio:    0.00 (Cumulative area) 

    Layer: met1
      Partial area ratio:    0.66
      Required ratio:    0.00 (Gate area) 
      Cumulative area ratio:    0.67
      Required ratio:    0.00 (Cumulative area) 
      Partial area ratio:    3.22
      Required ratio:  400.00 (Side area) 
      Cumulative area ratio:    3.50
      Required ratio:    0.00 (Cumulative side area) 

    Layer: via
      Partial area ratio:    0.18
      Required ratio:    6.00 (Gate area) 
      Cumulative area ratio:    0.41
      Required ratio:    0.00 (Cumulative area) 

    Layer: met2
      Partial area ratio:   11.05
      Required ratio:    0.00 (Gate area) 
      Cumulative area ratio:   11.71
      Required ratio:    0.00 (Cumulative area) 
      Partial area ratio:   54.44
      Required ratio: 4336.52 (Side area) 
      Cumulative area ratio:   57.94
      Required ratio:    0.00 (Cumulative side area) 


  Pin:   _26190_/A1 (sky130_fd_sc_hd__mux2_1)
    Layer: mcon
      Partial area ratio:    0.23
      Required ratio:    3.00 (Gate area) 
      Cumulative area ratio:    0.23
      Required ratio:    0.00 (Cumulative area) 

    Layer: met1
      Partial area ratio:    5.13
      Required ratio:    0.00 (Gate area) 
      Cumulative area ratio:    5.13
      Required ratio:    0.00 (Cumulative area) 
      Partial area ratio:   25.27
      Required ratio: 2773.88 (Side area) 
      Cumulative area ratio:   25.27
      Required ratio:    0.00 (Cumulative side area) 

    Layer: via
      Partial area ratio:    0.08
      Required ratio:   21.65 (Gate area) 
      Cumulative area ratio:    0.31
      Required ratio:    0.00 (Cumulative area) 

    Layer: met2
      Partial area ratio:   11.05
      Required ratio:    0.00 (Gate area) 
      Cumulative area ratio:   16.18
      Required ratio:    0.00 (Cumulative area) 
      Partial area ratio:   54.44
      Required ratio: 4336.52 (Side area) 
      Cumulative area ratio:   79.71
      Required ratio:    0.00 (Cumulative side area) 


  Pin:   _26199_/A1 (sky130_fd_sc_hd__mux2_1)
    Layer: mcon
      Partial area ratio:    0.46
      Required ratio:    3.00 (Gate area) 
      Cumulative area ratio:    0.46
      Required ratio:    0.00 (Cumulative area) 

    Layer: met1
      Partial area ratio:   58.92
      Required ratio:    0.00 (Gate area) 
      Cumulative area ratio:   58.92
      Required ratio:    0.00 (Cumulative area) 
      Partial area ratio:  293.39
      Required ratio:  400.00 (Side area) 
      Cumulative area ratio:  293.39
      Required ratio:    0.00 (Cumulative side area) 

    Layer: via
      Partial area ratio:    0.36
      Required ratio:    6.00 (Gate area) 
      Cumulative area ratio:    0.82
      Required ratio:    0.00 (Cumulative area) 

    Layer: met2
      Partial area ratio:   11.05
      Required ratio:    0.00 (Gate area) 
      Cumulative area ratio:   69.97
      Required ratio:    0.00 (Cumulative area) 
      Partial area ratio:   54.44
      Required ratio: 4336.52 (Side area) 
      Cumulative area ratio:  347.83
      Required ratio:    0.00 (Cumulative side area) 


  Pin:   _26208_/A1 (sky130_fd_sc_hd__mux2_1)
    Layer: mcon
      Partial area ratio:    0.23
      Required ratio:    3.00 (Gate area) 
      Cumulative area ratio:    0.23
      Required ratio:    0.00 (Cumulative area) 

    Layer: met1
      Partial area ratio:    0.66
      Required ratio:    0.00 (Gate area) 
      Cumulative area ratio:    0.66
      Required ratio:    0.00 (Cumulative area) 
      Partial area ratio:    3.22
      Required ratio:  400.00 (Side area) 
      Cumulative area ratio:    3.22
      Required ratio:    0.00 (Cumulative side area) 

    Layer: via
      Partial area ratio:    0.18
      Required ratio:    6.00 (Gate area) 
      Cumulative area ratio:    0.41
      Required ratio:    0.00 (Cumulative area) 

    Layer: met2
      Partial area ratio:   11.05
      Required ratio:    0.00 (Gate area) 
      Cumulative area ratio:   11.71
      Required ratio:    0.00 (Cumulative area) 
      Partial area ratio:   54.44
      Required ratio: 4336.52 (Side area) 
      Cumulative area ratio:   57.66
      Required ratio:    0.00 (Cumulative side area) 


  Pin:   _26220_/A0 (sky130_fd_sc_hd__mux2_1)
    Layer: li1
      Partial area ratio:    0.01
      Required ratio:    0.00 (Gate area) 
      Cumulative area ratio:    0.01
      Required ratio:    0.00 (Cumulative area) 
      Partial area ratio:    0.28
      Required ratio:   75.00 (Side area) 
      Cumulative area ratio:    0.28
      Required ratio:    0.00 (Cumulative side area) 

    Layer: mcon
      Partial area ratio:    0.23
      Required ratio:    3.00 (Gate area) 
      Cumulative area ratio:    0.23
      Required ratio:    0.00 (Cumulative area) 

    Layer: met1
      Partial area ratio:    1.36
      Required ratio:    0.00 (Gate area) 
      Cumulative area ratio:    1.37
      Required ratio:    0.00 (Cumulative area) 
      Partial area ratio:    6.19
      Required ratio:  400.00 (Side area) 
      Cumulative area ratio:    6.47
      Required ratio:    0.00 (Cumulative side area) 

    Layer: via
      Partial area ratio:    0.18
      Required ratio:    6.00 (Gate area) 
      Cumulative area ratio:    0.41
      Required ratio:    0.00 (Cumulative area) 

    Layer: met2
      Partial area ratio:   11.05
      Required ratio:    0.00 (Gate area) 
      Cumulative area ratio:   12.42
      Required ratio:    0.00 (Cumulative area) 
      Partial area ratio:   54.44
      Required ratio: 4336.52 (Side area) 
      Cumulative area ratio:   60.91
      Required ratio:    0.00 (Cumulative side area) 


  Pin:   _26229_/A0 (sky130_fd_sc_hd__mux2_1)
    Layer: li1
      Partial area ratio:    0.01
      Required ratio:    0.00 (Gate area) 
      Cumulative area ratio:    0.01
      Required ratio:    0.00 (Cumulative area) 
      Partial area ratio:    0.28
      Required ratio:   75.00 (Side area) 
      Cumulative area ratio:    0.28
      Required ratio:    0.00 (Cumulative side area) 

    Layer: mcon
      Partial area ratio:    0.23
      Required ratio:    3.00 (Gate area) 
      Cumulative area ratio:    0.23
      Required ratio:    0.00 (Cumulative area) 

    Layer: met1
      Partial area ratio:   32.30
      Required ratio:    0.00 (Gate area) 
      Cumulative area ratio:   32.31
      Required ratio:    0.00 (Cumulative area) 
      Partial area ratio:  160.26
      Required ratio:  400.00 (Side area) 
      Cumulative area ratio:  160.54
      Required ratio:    0.00 (Cumulative side area) 

    Layer: via
      Partial area ratio:    0.24
      Required ratio:    6.00 (Gate area) 
      Cumulative area ratio:    0.47
      Required ratio:    0.00 (Cumulative area) 

    Layer: met2
      Partial area ratio:   11.05
      Required ratio:    0.00 (Gate area) 
      Cumulative area ratio:   43.35
      Required ratio:    0.00 (Cumulative area) 
      Partial area ratio:   54.44
      Required ratio: 4336.52 (Side area) 
      Cumulative area ratio:  214.97
      Required ratio:    0.00 (Cumulative side area) 


  Pin:   _26238_/A0 (sky130_fd_sc_hd__mux2_1)
    Layer: li1
      Partial area ratio:    0.01
      Required ratio:    0.00 (Gate area) 
      Cumulative area ratio:    0.01
      Required ratio:    0.00 (Cumulative area) 
      Partial area ratio:    0.28
      Required ratio:   75.00 (Side area) 
      Cumulative area ratio:    0.28
      Required ratio:    0.00 (Cumulative side area) 

    Layer: mcon
      Partial area ratio:    0.23
      Required ratio:    3.00 (Gate area) 
      Cumulative area ratio:    0.23
      Required ratio:    0.00 (Cumulative area) 

    Layer: met1
      Partial area ratio:   70.81
      Required ratio:    0.00 (Gate area) 
      Cumulative area ratio:   70.82
      Required ratio:    0.00 (Cumulative area) 
      Partial area ratio:  352.58
      Required ratio:  400.00 (Side area) 
      Cumulative area ratio:  352.86
      Required ratio:    0.00 (Cumulative side area) 

    Layer: via
      Partial area ratio:    0.36
      Required ratio:    6.00 (Gate area) 
      Cumulative area ratio:    0.59
      Required ratio:    0.00 (Cumulative area) 

    Layer: met2
      Partial area ratio:   11.05
      Required ratio:    0.00 (Gate area) 
      Cumulative area ratio:   81.87
      Required ratio:    0.00 (Cumulative area) 
      Partial area ratio:   54.44
      Required ratio: 4336.52 (Side area) 
      Cumulative area ratio:  407.30
      Required ratio:    0.00 (Cumulative side area) 


  Pin:   _26247_/A0 (sky130_fd_sc_hd__mux2_1)
    Layer: li1
      Partial area ratio:    0.01
      Required ratio:    0.00 (Gate area) 
      Cumulative area ratio:    0.01
      Required ratio:    0.00 (Cumulative area) 
      Partial area ratio:    0.28
      Required ratio:   75.00 (Side area) 
      Cumulative area ratio:    0.28
      Required ratio:    0.00 (Cumulative side area) 

    Layer: mcon
      Partial area ratio:    0.23
      Required ratio:    3.00 (Gate area) 
      Cumulative area ratio:    0.23
      Required ratio:    0.00 (Cumulative area) 

    Layer: met1
      Partial area ratio:    4.43
      Required ratio:    0.00 (Gate area) 
      Cumulative area ratio:    4.44
      Required ratio:    0.00 (Cumulative area) 
      Partial area ratio:   21.53
      Required ratio:  400.00 (Side area) 
      Cumulative area ratio:   21.81
      Required ratio:    0.00 (Cumulative side area) 

    Layer: via
      Partial area ratio:    0.18
      Required ratio:    6.00 (Gate area) 
      Cumulative area ratio:    0.41
      Required ratio:    0.00 (Cumulative area) 

    Layer: met2
      Partial area ratio:   11.05
      Required ratio:    0.00 (Gate area) 
      Cumulative area ratio:   15.48
      Required ratio:    0.00 (Cumulative area) 
      Partial area ratio:   54.44
      Required ratio: 4336.52 (Side area) 
      Cumulative area ratio:   76.24
      Required ratio:    0.00 (Cumulative side area) 


  Pin:   _26256_/A1 (sky130_fd_sc_hd__mux2_1)
    Layer: mcon
      Partial area ratio:    0.23
      Required ratio:    3.00 (Gate area) 
      Cumulative area ratio:    0.23
      Required ratio:    0.00 (Cumulative area) 

    Layer: met1
      Partial area ratio:    0.66
      Required ratio:    0.00 (Gate area) 
      Cumulative area ratio:    0.66
      Required ratio:    0.00 (Cumulative area) 
      Partial area ratio:    3.22
      Required ratio:  400.00 (Side area) 
      Cumulative area ratio:    3.22
      Required ratio:    0.00 (Cumulative side area) 

    Layer: via
      Partial area ratio:    0.18
      Required ratio:    6.00 (Gate area) 
      Cumulative area ratio:    0.41
      Required ratio:    0.00 (Cumulative area) 

    Layer: met2
      Partial area ratio:   11.05
      Required ratio:    0.00 (Gate area) 
      Cumulative area ratio:   11.71
      Required ratio:    0.00 (Cumulative area) 
      Partial area ratio:   54.44
      Required ratio: 4336.52 (Side area) 
      Cumulative area ratio:   57.66
      Required ratio:    0.00 (Cumulative side area) 


  Pin:   _26265_/A0 (sky130_fd_sc_hd__mux2_1)
    Layer: li1
      Partial area ratio:    0.01
      Required ratio:    0.00 (Gate area) 
      Cumulative area ratio:    0.01
      Required ratio:    0.00 (Cumulative area) 
      Partial area ratio:    0.28
      Required ratio:   75.00 (Side area) 
      Cumulative area ratio:    0.28
      Required ratio:    0.00 (Cumulative side area) 

    Layer: mcon
      Partial area ratio:    0.23
      Required ratio:    3.00 (Gate area) 
      Cumulative area ratio:    0.23
      Required ratio:    0.00 (Cumulative area) 

    Layer: met1
      Partial area ratio:    5.45
      Required ratio:    0.00 (Gate area) 
      Cumulative area ratio:    5.46
      Required ratio:    0.00 (Cumulative area) 
      Partial area ratio:   26.64
      Required ratio:  400.00 (Side area) 
      Cumulative area ratio:   26.92
      Required ratio:    0.00 (Cumulative side area) 

    Layer: via
      Partial area ratio:    0.18
      Required ratio:    6.00 (Gate area) 
      Cumulative area ratio:    0.41
      Required ratio:    0.00 (Cumulative area) 

    Layer: met2
      Partial area ratio:   11.05
      Required ratio:    0.00 (Gate area) 
      Cumulative area ratio:   16.50
      Required ratio:    0.00 (Cumulative area) 
      Partial area ratio:   54.44
      Required ratio: 4336.52 (Side area) 
      Cumulative area ratio:   81.35
      Required ratio:    0.00 (Cumulative side area) 


  Pin:   _26274_/A0 (sky130_fd_sc_hd__mux2_1)
    Layer: li1
      Partial area ratio:    0.01
      Required ratio:    0.00 (Gate area) 
      Cumulative area ratio:    0.01
      Required ratio:    0.00 (Cumulative area) 
      Partial area ratio:    0.28
      Required ratio:   75.00 (Side area) 
      Cumulative area ratio:    0.28
      Required ratio:    0.00 (Cumulative side area) 

    Layer: mcon
      Partial area ratio:    0.23
      Required ratio:    3.00 (Gate area) 
      Cumulative area ratio:    0.23
      Required ratio:    0.00 (Cumulative area) 

    Layer: met1
      Partial area ratio:    6.27
      Required ratio:    0.00 (Gate area) 
      Cumulative area ratio:    6.27
      Required ratio:    0.00 (Cumulative area) 
      Partial area ratio:   29.86
      Required ratio:  400.00 (Side area) 
      Cumulative area ratio:   30.14
      Required ratio:    0.00 (Cumulative side area) 

    Layer: via
      Partial area ratio:    0.36
      Required ratio:    6.00 (Gate area) 
      Cumulative area ratio:    0.59
      Required ratio:    0.00 (Cumulative area) 

    Layer: met2
      Partial area ratio:   11.05
      Required ratio:    0.00 (Gate area) 
      Cumulative area ratio:   17.32
      Required ratio:    0.00 (Cumulative area) 
      Partial area ratio:   54.44
      Required ratio: 4336.52 (Side area) 
      Cumulative area ratio:   84.58
      Required ratio:    0.00 (Cumulative side area) 


  Pin:   _26283_/A0 (sky130_fd_sc_hd__mux2_1)
    Layer: li1
      Partial area ratio:    0.01
      Required ratio:    0.00 (Gate area) 
      Cumulative area ratio:    0.01
      Required ratio:    0.00 (Cumulative area) 
      Partial area ratio:    0.28
      Required ratio:   75.00 (Side area) 
      Cumulative area ratio:    0.28
      Required ratio:    0.00 (Cumulative side area) 

    Layer: mcon
      Partial area ratio:    0.23
      Required ratio:    3.00 (Gate area) 
      Cumulative area ratio:    0.23
      Required ratio:    0.00 (Cumulative area) 

    Layer: met1
      Partial area ratio:   17.38
      Required ratio:    0.00 (Gate area) 
      Cumulative area ratio:   17.38
      Required ratio:    0.00 (Cumulative area) 
      Partial area ratio:   85.42
      Required ratio:  400.00 (Side area) 
      Cumulative area ratio:   85.69
      Required ratio:    0.00 (Cumulative side area) 

    Layer: via
      Partial area ratio:    0.36
      Required ratio:    6.00 (Gate area) 
      Cumulative area ratio:    0.59
      Required ratio:    0.00 (Cumulative area) 

    Layer: met2
      Partial area ratio:   11.05
      Required ratio:    0.00 (Gate area) 
      Cumulative area ratio:   28.43
      Required ratio:    0.00 (Cumulative area) 
      Partial area ratio:   54.44
      Required ratio: 4336.52 (Side area) 
      Cumulative area ratio:  140.13
      Required ratio:    0.00 (Cumulative side area) 


  Pin:   _26292_/A1 (sky130_fd_sc_hd__mux2_1)
    Layer: mcon
      Partial area ratio:    0.23
      Required ratio:    3.00 (Gate area) 
      Cumulative area ratio:    0.23
      Required ratio:    0.00 (Cumulative area) 

    Layer: met1
      Partial area ratio:    0.66
      Required ratio:    0.00 (Gate area) 
      Cumulative area ratio:    0.66
      Required ratio:    0.00 (Cumulative area) 
      Partial area ratio:    3.22
      Required ratio:  400.00 (Side area) 
      Cumulative area ratio:    3.22
      Required ratio:    0.00 (Cumulative side area) 

    Layer: via
      Partial area ratio:    0.18
      Required ratio:    6.00 (Gate area) 
      Cumulative area ratio:    0.41
      Required ratio:    0.00 (Cumulative area) 

    Layer: met2
      Partial area ratio:   11.05
      Required ratio:    0.00 (Gate area) 
      Cumulative area ratio:   11.71
      Required ratio:    0.00 (Cumulative area) 
      Partial area ratio:   54.44
      Required ratio: 4336.52 (Side area) 
      Cumulative area ratio:   57.66
      Required ratio:    0.00 (Cumulative side area) 


  Pin:   _26303_/A0 (sky130_fd_sc_hd__mux2_1)
    Layer: li1
      Partial area ratio:    0.01
      Required ratio:    0.00 (Gate area) 
      Cumulative area ratio:    0.01
      Required ratio:    0.00 (Cumulative area) 
      Partial area ratio:    0.28
      Required ratio:   75.00 (Side area) 
      Cumulative area ratio:    0.28
      Required ratio:    0.00 (Cumulative side area) 

    Layer: mcon
      Partial area ratio:    0.23
      Required ratio:    3.00 (Gate area) 
      Cumulative area ratio:    0.23
      Required ratio:    0.00 (Cumulative area) 

    Layer: met1
      Partial area ratio:    0.66
      Required ratio:    0.00 (Gate area) 
      Cumulative area ratio:    0.67
      Required ratio:    0.00 (Cumulative area) 
      Partial area ratio:    3.22
      Required ratio:  400.00 (Side area) 
      Cumulative area ratio:    3.50
      Required ratio:    0.00 (Cumulative side area) 

    Layer: via
      Partial area ratio:    0.18
      Required ratio:    6.00 (Gate area) 
      Cumulative area ratio:    0.41
      Required ratio:    0.00 (Cumulative area) 

    Layer: met2
      Partial area ratio:   11.05
      Required ratio:    0.00 (Gate area) 
      Cumulative area ratio:   11.71
      Required ratio:    0.00 (Cumulative area) 
      Partial area ratio:   54.44
      Required ratio: 4336.52 (Side area) 
      Cumulative area ratio:   57.94
      Required ratio:    0.00 (Cumulative side area) 


  Pin:   _26312_/A1 (sky130_fd_sc_hd__mux2_1)
    Layer: mcon
      Partial area ratio:    0.23
      Required ratio:    3.00 (Gate area) 
      Cumulative area ratio:    0.23
      Required ratio:    0.00 (Cumulative area) 

    Layer: met1
      Partial area ratio:    0.66
      Required ratio:    0.00 (Gate area) 
      Cumulative area ratio:    0.66
      Required ratio:    0.00 (Cumulative area) 
      Partial area ratio:    3.22
      Required ratio:  400.00 (Side area) 
      Cumulative area ratio:    3.22
      Required ratio:    0.00 (Cumulative side area) 

    Layer: via
      Partial area ratio:    0.18
      Required ratio:    6.00 (Gate area) 
      Cumulative area ratio:    0.41
      Required ratio:    0.00 (Cumulative area) 

    Layer: met2
      Partial area ratio:   11.05
      Required ratio:    0.00 (Gate area) 
      Cumulative area ratio:   11.71
      Required ratio:    0.00 (Cumulative area) 
      Partial area ratio:   54.44
      Required ratio: 4336.52 (Side area) 
      Cumulative area ratio:   57.66
      Required ratio:    0.00 (Cumulative side area) 


  Pin:   _26321_/A1 (sky130_fd_sc_hd__mux2_1)
    Layer: mcon
      Partial area ratio:    0.23
      Required ratio:    3.00 (Gate area) 
      Cumulative area ratio:    0.23
      Required ratio:    0.00 (Cumulative area) 

    Layer: met1
      Partial area ratio:    0.66
      Required ratio:    0.00 (Gate area) 
      Cumulative area ratio:    0.66
      Required ratio:    0.00 (Cumulative area) 
      Partial area ratio:    3.22
      Required ratio:  400.00 (Side area) 
      Cumulative area ratio:    3.22
      Required ratio:    0.00 (Cumulative side area) 

    Layer: via
      Partial area ratio:    0.18
      Required ratio:    6.00 (Gate area) 
      Cumulative area ratio:    0.41
      Required ratio:    0.00 (Cumulative area) 

    Layer: met2
      Partial area ratio:   11.05
      Required ratio:    0.00 (Gate area) 
      Cumulative area ratio:   11.71
      Required ratio:    0.00 (Cumulative area) 
      Partial area ratio:   54.44
      Required ratio: 4336.52 (Side area) 
      Cumulative area ratio:   57.66
      Required ratio:    0.00 (Cumulative side area) 


  Pin:   _26330_/A1 (sky130_fd_sc_hd__mux2_1)
    Layer: mcon
      Partial area ratio:    0.23
      Required ratio:    3.00 (Gate area) 
      Cumulative area ratio:    0.23
      Required ratio:    0.00 (Cumulative area) 

    Layer: met1
      Partial area ratio:    0.66
      Required ratio:    0.00 (Gate area) 
      Cumulative area ratio:    0.66
      Required ratio:    0.00 (Cumulative area) 
      Partial area ratio:    3.22
      Required ratio:  400.00 (Side area) 
      Cumulative area ratio:    3.22
      Required ratio:    0.00 (Cumulative side area) 

    Layer: via
      Partial area ratio:    0.18
      Required ratio:    6.00 (Gate area) 
      Cumulative area ratio:    0.41
      Required ratio:    0.00 (Cumulative area) 

    Layer: met2
      Partial area ratio:   11.05
      Required ratio:    0.00 (Gate area) 
      Cumulative area ratio:   11.71
      Required ratio:    0.00 (Cumulative area) 
      Partial area ratio:   54.44
      Required ratio: 4336.52 (Side area) 
      Cumulative area ratio:   57.66
      Required ratio:    0.00 (Cumulative side area) 


  Pin:   _26339_/A0 (sky130_fd_sc_hd__mux2_1)
    Layer: li1
      Partial area ratio:    0.01
      Required ratio:    0.00 (Gate area) 
      Cumulative area ratio:    0.01
      Required ratio:    0.00 (Cumulative area) 
      Partial area ratio:    0.28
      Required ratio:   75.00 (Side area) 
      Cumulative area ratio:    0.28
      Required ratio:    0.00 (Cumulative side area) 

    Layer: mcon
      Partial area ratio:    0.23
      Required ratio:    3.00 (Gate area) 
      Cumulative area ratio:    0.23
      Required ratio:    0.00 (Cumulative area) 

    Layer: met1
      Partial area ratio:    8.62
      Required ratio:    0.00 (Gate area) 
      Cumulative area ratio:    8.62
      Required ratio:    0.00 (Cumulative area) 
      Partial area ratio:   42.50
      Required ratio:  400.00 (Side area) 
      Cumulative area ratio:   42.78
      Required ratio:    0.00 (Cumulative side area) 

    Layer: via
      Partial area ratio:    0.09
      Required ratio:    6.00 (Gate area) 
      Cumulative area ratio:    0.32
      Required ratio:    0.00 (Cumulative area) 

    Layer: met2
      Partial area ratio:   11.05
      Required ratio:    0.00 (Gate area) 
      Cumulative area ratio:   19.67
      Required ratio:    0.00 (Cumulative area) 
      Partial area ratio:   54.44
      Required ratio: 4336.52 (Side area) 
      Cumulative area ratio:   97.21
      Required ratio:    0.00 (Cumulative side area) 


  Pin:   _26348_/A0 (sky130_fd_sc_hd__mux2_1)
    Layer: li1
      Partial area ratio:    0.01
      Required ratio:    0.00 (Gate area) 
      Cumulative area ratio:    0.01
      Required ratio:    0.00 (Cumulative area) 
      Partial area ratio:    0.28
      Required ratio:   75.00 (Side area) 
      Cumulative area ratio:    0.28
      Required ratio:    0.00 (Cumulative side area) 

    Layer: mcon
      Partial area ratio:    0.23
      Required ratio:    3.00 (Gate area) 
      Cumulative area ratio:    0.23
      Required ratio:    0.00 (Cumulative area) 

    Layer: met1
      Partial area ratio:   78.67
      Required ratio:    0.00 (Gate area) 
      Cumulative area ratio:   78.68
      Required ratio:    0.00 (Cumulative area) 
      Partial area ratio:  391.56
      Required ratio:  400.00 (Side area) 
      Cumulative area ratio:  391.83
      Required ratio:    0.00 (Cumulative side area) 

    Layer: via
      Partial area ratio:    0.54
      Required ratio:    6.00 (Gate area) 
      Cumulative area ratio:    0.77
      Required ratio:    0.00 (Cumulative area) 

    Layer: met2
      Partial area ratio:   11.05
      Required ratio:    0.00 (Gate area) 
      Cumulative area ratio:   89.72
      Required ratio:    0.00 (Cumulative area) 
      Partial area ratio:   54.44
      Required ratio: 4336.52 (Side area) 
      Cumulative area ratio:  446.27
      Required ratio:    0.00 (Cumulative side area) 


  Pin:   _26357_/A0 (sky130_fd_sc_hd__mux2_1)
    Layer: li1
      Partial area ratio:    0.01
      Required ratio:    0.00 (Gate area) 
      Cumulative area ratio:    0.01
      Required ratio:    0.00 (Cumulative area) 
      Partial area ratio:    0.28
      Required ratio:   75.00 (Side area) 
      Cumulative area ratio:    0.28
      Required ratio:    0.00 (Cumulative side area) 

    Layer: mcon
      Partial area ratio:    0.23
      Required ratio:    3.00 (Gate area) 
      Cumulative area ratio:    0.23
      Required ratio:    0.00 (Cumulative area) 

    Layer: met1
      Partial area ratio:   32.30
      Required ratio:    0.00 (Gate area) 
      Cumulative area ratio:   32.31
      Required ratio:    0.00 (Cumulative area) 
      Partial area ratio:  160.26
      Required ratio:  400.00 (Side area) 
      Cumulative area ratio:  160.54
      Required ratio:    0.00 (Cumulative side area) 

    Layer: via
      Partial area ratio:    0.24
      Required ratio:    6.00 (Gate area) 
      Cumulative area ratio:    0.47
      Required ratio:    0.00 (Cumulative area) 

    Layer: met2
      Partial area ratio:   11.05
      Required ratio:    0.00 (Gate area) 
      Cumulative area ratio:   43.35
      Required ratio:    0.00 (Cumulative area) 
      Partial area ratio:   54.44
      Required ratio: 4336.52 (Side area) 
      Cumulative area ratio:  214.97
      Required ratio:    0.00 (Cumulative side area) 


  Pin:   _26366_/A0 (sky130_fd_sc_hd__mux2_1)
    Layer: li1
      Partial area ratio:    0.01
      Required ratio:    0.00 (Gate area) 
      Cumulative area ratio:    0.01
      Required ratio:    0.00 (Cumulative area) 
      Partial area ratio:    0.28
      Required ratio:   75.00 (Side area) 
      Cumulative area ratio:    0.28
      Required ratio:    0.00 (Cumulative side area) 

    Layer: mcon
      Partial area ratio:    0.23
      Required ratio:    3.00 (Gate area) 
      Cumulative area ratio:    0.23
      Required ratio:    0.00 (Cumulative area) 

    Layer: met1
      Partial area ratio:    0.99
      Required ratio:    0.00 (Gate area) 
      Cumulative area ratio:    0.99
      Required ratio:    0.00 (Cumulative area) 
      Partial area ratio:    4.67
      Required ratio: 2773.88 (Side area) 
      Cumulative area ratio:    4.95
      Required ratio:    0.00 (Cumulative side area) 

    Layer: via
      Partial area ratio:    0.04
      Required ratio:   21.65 (Gate area) 
      Cumulative area ratio:    0.27
      Required ratio:    0.00 (Cumulative area) 

    Layer: met2
      Partial area ratio:   11.05
      Required ratio:    0.00 (Gate area) 
      Cumulative area ratio:   12.04
      Required ratio:    0.00 (Cumulative area) 
      Partial area ratio:   54.44
      Required ratio: 4336.52 (Side area) 
      Cumulative area ratio:   59.38
      Required ratio:    0.00 (Cumulative side area) 


  Pin:   _26375_/A1 (sky130_fd_sc_hd__mux2_1)
    Layer: mcon
      Partial area ratio:    0.23
      Required ratio:    3.00 (Gate area) 
      Cumulative area ratio:    0.23
      Required ratio:    0.00 (Cumulative area) 

    Layer: met1
      Partial area ratio:    0.66
      Required ratio:    0.00 (Gate area) 
      Cumulative area ratio:    0.66
      Required ratio:    0.00 (Cumulative area) 
      Partial area ratio:    3.22
      Required ratio:  400.00 (Side area) 
      Cumulative area ratio:    3.22
      Required ratio:    0.00 (Cumulative side area) 

    Layer: via
      Partial area ratio:    0.18
      Required ratio:    6.00 (Gate area) 
      Cumulative area ratio:    0.41
      Required ratio:    0.00 (Cumulative area) 

    Layer: met2
      Partial area ratio:   11.05
      Required ratio:    0.00 (Gate area) 
      Cumulative area ratio:   11.71
      Required ratio:    0.00 (Cumulative area) 
      Partial area ratio:   54.44
      Required ratio: 4336.52 (Side area) 
      Cumulative area ratio:   57.66
      Required ratio:    0.00 (Cumulative side area) 


  Pin:   _26384_/A0 (sky130_fd_sc_hd__mux2_1)
    Layer: li1
      Partial area ratio:    0.01
      Required ratio:    0.00 (Gate area) 
      Cumulative area ratio:    0.01
      Required ratio:    0.00 (Cumulative area) 
      Partial area ratio:    0.28
      Required ratio:   75.00 (Side area) 
      Cumulative area ratio:    0.28
      Required ratio:    0.00 (Cumulative side area) 

    Layer: mcon
      Partial area ratio:    0.23
      Required ratio:    3.00 (Gate area) 
      Cumulative area ratio:    0.23
      Required ratio:    0.00 (Cumulative area) 

    Layer: met1
      Partial area ratio:    4.43
      Required ratio:    0.00 (Gate area) 
      Cumulative area ratio:    4.44
      Required ratio:    0.00 (Cumulative area) 
      Partial area ratio:   21.53
      Required ratio:  400.00 (Side area) 
      Cumulative area ratio:   21.81
      Required ratio:    0.00 (Cumulative side area) 

    Layer: via
      Partial area ratio:    0.18
      Required ratio:    6.00 (Gate area) 
      Cumulative area ratio:    0.41
      Required ratio:    0.00 (Cumulative area) 

    Layer: met2
      Partial area ratio:   11.05
      Required ratio:    0.00 (Gate area) 
      Cumulative area ratio:   15.48
      Required ratio:    0.00 (Cumulative area) 
      Partial area ratio:   54.44
      Required ratio: 4336.52 (Side area) 
      Cumulative area ratio:   76.24
      Required ratio:    0.00 (Cumulative side area) 


  Pin:   _26393_/A1 (sky130_fd_sc_hd__mux2_1)
    Layer: mcon
      Partial area ratio:    0.23
      Required ratio:    3.00 (Gate area) 
      Cumulative area ratio:    0.23
      Required ratio:    0.00 (Cumulative area) 

    Layer: met1
      Partial area ratio:    0.66
      Required ratio:    0.00 (Gate area) 
      Cumulative area ratio:    0.66
      Required ratio:    0.00 (Cumulative area) 
      Partial area ratio:    3.22
      Required ratio:  400.00 (Side area) 
      Cumulative area ratio:    3.22
      Required ratio:    0.00 (Cumulative side area) 

    Layer: via
      Partial area ratio:    0.18
      Required ratio:    6.00 (Gate area) 
      Cumulative area ratio:    0.41
      Required ratio:    0.00 (Cumulative area) 

    Layer: met2
      Partial area ratio:   11.05
      Required ratio:    0.00 (Gate area) 
      Cumulative area ratio:   11.71
      Required ratio:    0.00 (Cumulative area) 
      Partial area ratio:   54.44
      Required ratio: 4336.52 (Side area) 
      Cumulative area ratio:   57.66
      Required ratio:    0.00 (Cumulative side area) 


  Pin:   _26402_/A1 (sky130_fd_sc_hd__mux2_1)
    Layer: mcon
      Partial area ratio:    0.23
      Required ratio:    3.00 (Gate area) 
      Cumulative area ratio:    0.23
      Required ratio:    0.00 (Cumulative area) 

    Layer: met1
      Partial area ratio:    8.84
      Required ratio:    0.00 (Gate area) 
      Cumulative area ratio:    8.84
      Required ratio:    0.00 (Cumulative area) 
      Partial area ratio:   43.89
      Required ratio:  400.00 (Side area) 
      Cumulative area ratio:   43.89
      Required ratio:    0.00 (Cumulative side area) 

    Layer: via
      Partial area ratio:    0.06
      Required ratio:    6.00 (Gate area) 
      Cumulative area ratio:    0.29
      Required ratio:    0.00 (Cumulative area) 

    Layer: met2
      Partial area ratio:   11.05
      Required ratio:    0.00 (Gate area) 
      Cumulative area ratio:   19.89
      Required ratio:    0.00 (Cumulative area) 
      Partial area ratio:   54.44
      Required ratio: 4336.52 (Side area) 
      Cumulative area ratio:   98.33
      Required ratio:    0.00 (Cumulative side area) 


  Pin:   _26411_/A1 (sky130_fd_sc_hd__mux2_1)
    Layer: mcon
      Partial area ratio:    0.23
      Required ratio:    3.00 (Gate area) 
      Cumulative area ratio:    0.23
      Required ratio:    0.00 (Cumulative area) 

    Layer: met1
      Partial area ratio:   26.90
      Required ratio:    0.00 (Gate area) 
      Cumulative area ratio:   26.90
      Required ratio:    0.00 (Cumulative area) 
      Partial area ratio:  132.17
      Required ratio:  400.00 (Side area) 
      Cumulative area ratio:  132.17
      Required ratio:    0.00 (Cumulative side area) 

    Layer: via
      Partial area ratio:    0.54
      Required ratio:    6.00 (Gate area) 
      Cumulative area ratio:    0.77
      Required ratio:    0.00 (Cumulative area) 

    Layer: met2
      Partial area ratio:   11.05
      Required ratio:    0.00 (Gate area) 
      Cumulative area ratio:   37.95
      Required ratio:    0.00 (Cumulative area) 
      Partial area ratio:   54.44
      Required ratio: 4336.52 (Side area) 
      Cumulative area ratio:  186.60
      Required ratio:    0.00 (Cumulative side area) 


  Pin:   _26423_/A1 (sky130_fd_sc_hd__mux2_1)
    Layer: mcon
      Partial area ratio:    0.23
      Required ratio:    3.00 (Gate area) 
      Cumulative area ratio:    0.23
      Required ratio:    0.00 (Cumulative area) 

    Layer: met1
      Partial area ratio:   14.60
      Required ratio:    0.00 (Gate area) 
      Cumulative area ratio:   14.60
      Required ratio:    0.00 (Cumulative area) 
      Partial area ratio:   71.95
      Required ratio:  400.00 (Side area) 
      Cumulative area ratio:   71.95
      Required ratio:    0.00 (Cumulative side area) 

    Layer: via
      Partial area ratio:    0.18
      Required ratio:    6.00 (Gate area) 
      Cumulative area ratio:    0.41
      Required ratio:    0.00 (Cumulative area) 

    Layer: met2
      Partial area ratio:   11.05
      Required ratio:    0.00 (Gate area) 
      Cumulative area ratio:   25.65
      Required ratio:    0.00 (Cumulative area) 
      Partial area ratio:   54.44
      Required ratio: 4336.52 (Side area) 
      Cumulative area ratio:  126.39
      Required ratio:    0.00 (Cumulative side area) 


  Pin:   _26434_/A0 (sky130_fd_sc_hd__mux2_1)
    Layer: li1
      Partial area ratio:    0.01
      Required ratio:    0.00 (Gate area) 
      Cumulative area ratio:    0.01
      Required ratio:    0.00 (Cumulative area) 
      Partial area ratio:    0.28
      Required ratio:   75.00 (Side area) 
      Cumulative area ratio:    0.28
      Required ratio:    0.00 (Cumulative side area) 

    Layer: mcon
      Partial area ratio:    0.23
      Required ratio:    3.00 (Gate area) 
      Cumulative area ratio:    0.23
      Required ratio:    0.00 (Cumulative area) 

    Layer: met1
      Partial area ratio:    6.98
      Required ratio:    0.00 (Gate area) 
      Cumulative area ratio:    6.99
      Required ratio:    0.00 (Cumulative area) 
      Partial area ratio:   34.31
      Required ratio:  400.00 (Side area) 
      Cumulative area ratio:   34.58
      Required ratio:    0.00 (Cumulative side area) 

    Layer: via
      Partial area ratio:    0.18
      Required ratio:    6.00 (Gate area) 
      Cumulative area ratio:    0.41
      Required ratio:    0.00 (Cumulative area) 

    Layer: met2
      Partial area ratio:   11.05
      Required ratio:    0.00 (Gate area) 
      Cumulative area ratio:   18.04
      Required ratio:    0.00 (Cumulative area) 
      Partial area ratio:   54.44
      Required ratio: 4336.52 (Side area) 
      Cumulative area ratio:   89.02
      Required ratio:    0.00 (Cumulative side area) 


  Pin:   _26444_/A0 (sky130_fd_sc_hd__mux2_1)
    Layer: li1
      Partial area ratio:    0.01
      Required ratio:    0.00 (Gate area) 
      Cumulative area ratio:    0.01
      Required ratio:    0.00 (Cumulative area) 
      Partial area ratio:    0.28
      Required ratio:   75.00 (Side area) 
      Cumulative area ratio:    0.28
      Required ratio:    0.00 (Cumulative side area) 

    Layer: mcon
      Partial area ratio:    0.23
      Required ratio:    3.00 (Gate area) 
      Cumulative area ratio:    0.23
      Required ratio:    0.00 (Cumulative area) 

    Layer: met1
      Partial area ratio:    1.36
      Required ratio:    0.00 (Gate area) 
      Cumulative area ratio:    1.37
      Required ratio:    0.00 (Cumulative area) 
      Partial area ratio:    6.19
      Required ratio:  400.00 (Side area) 
      Cumulative area ratio:    6.47
      Required ratio:    0.00 (Cumulative side area) 

    Layer: via
      Partial area ratio:    0.18
      Required ratio:    6.00 (Gate area) 
      Cumulative area ratio:    0.41
      Required ratio:    0.00 (Cumulative area) 

    Layer: met2
      Partial area ratio:   11.05
      Required ratio:    0.00 (Gate area) 
      Cumulative area ratio:   12.42
      Required ratio:    0.00 (Cumulative area) 
      Partial area ratio:   54.44
      Required ratio: 4336.52 (Side area) 
      Cumulative area ratio:   60.91
      Required ratio:    0.00 (Cumulative side area) 


  Pin:   _26454_/A1 (sky130_fd_sc_hd__mux2_1)
    Layer: mcon
      Partial area ratio:    0.23
      Required ratio:    3.00 (Gate area) 
      Cumulative area ratio:    0.23
      Required ratio:    0.00 (Cumulative area) 

    Layer: met1
      Partial area ratio:    1.87
      Required ratio:    0.00 (Gate area) 
      Cumulative area ratio:    1.87
      Required ratio:    0.00 (Cumulative area) 
      Partial area ratio:    8.75
      Required ratio:  400.00 (Side area) 
      Cumulative area ratio:    8.75
      Required ratio:    0.00 (Cumulative side area) 

    Layer: via
      Partial area ratio:    0.18
      Required ratio:    6.00 (Gate area) 
      Cumulative area ratio:    0.41
      Required ratio:    0.00 (Cumulative area) 

    Layer: met2
      Partial area ratio:   11.05
      Required ratio:    0.00 (Gate area) 
      Cumulative area ratio:   12.92
      Required ratio:    0.00 (Cumulative area) 
      Partial area ratio:   54.44
      Required ratio: 4336.52 (Side area) 
      Cumulative area ratio:   63.19
      Required ratio:    0.00 (Cumulative side area) 


  Pin:   _26464_/A1 (sky130_fd_sc_hd__mux2_1)
    Layer: mcon
      Partial area ratio:    0.23
      Required ratio:    3.00 (Gate area) 
      Cumulative area ratio:    0.23
      Required ratio:    0.00 (Cumulative area) 

    Layer: met1
      Partial area ratio:   17.90
      Required ratio:    0.00 (Gate area) 
      Cumulative area ratio:   17.90
      Required ratio:    0.00 (Cumulative area) 
      Partial area ratio:   88.06
      Required ratio:  400.00 (Side area) 
      Cumulative area ratio:   88.06
      Required ratio:    0.00 (Cumulative side area) 

    Layer: via
      Partial area ratio:    0.27
      Required ratio:    6.00 (Gate area) 
      Cumulative area ratio:    0.50
      Required ratio:    0.00 (Cumulative area) 

    Layer: met2
      Partial area ratio:   11.05
      Required ratio:    0.00 (Gate area) 
      Cumulative area ratio:   28.94
      Required ratio:    0.00 (Cumulative area) 
      Partial area ratio:   54.44
      Required ratio: 4336.52 (Side area) 
      Cumulative area ratio:  142.49
      Required ratio:    0.00 (Cumulative side area) 


  Pin:   _26473_/A1 (sky130_fd_sc_hd__mux2_1)
    Layer: mcon
      Partial area ratio:    0.23
      Required ratio:    3.00 (Gate area) 
      Cumulative area ratio:    0.23
      Required ratio:    0.00 (Cumulative area) 

    Layer: met1
      Partial area ratio:   90.80
      Required ratio:    0.00 (Gate area) 
      Cumulative area ratio:   90.80
      Required ratio:    0.00 (Cumulative area) 
      Partial area ratio:  451.67
      Required ratio:  400.00 (Side area) (VIOLATED)
      Cumulative area ratio:  451.67
      Required ratio:    0.00 (Cumulative side area) 

    Layer: via
      Partial area ratio:    0.54
      Required ratio:    6.00 (Gate area) 
      Cumulative area ratio:    0.77
      Required ratio:    0.00 (Cumulative area) 

    Layer: met2
      Partial area ratio:   11.05
      Required ratio:    0.00 (Gate area) 
      Cumulative area ratio:  101.85
      Required ratio:    0.00 (Cumulative area) 
      Partial area ratio:   54.44
      Required ratio: 4336.52 (Side area) 
      Cumulative area ratio:  506.10
      Required ratio:    0.00 (Cumulative side area) 


  Pin:   _26482_/A0 (sky130_fd_sc_hd__mux2_1)
    Layer: li1
      Partial area ratio:    0.01
      Required ratio:    0.00 (Gate area) 
      Cumulative area ratio:    0.01
      Required ratio:    0.00 (Cumulative area) 
      Partial area ratio:    0.28
      Required ratio:   75.00 (Side area) 
      Cumulative area ratio:    0.28
      Required ratio:    0.00 (Cumulative side area) 

    Layer: mcon
      Partial area ratio:    0.23
      Required ratio:    3.00 (Gate area) 
      Cumulative area ratio:    0.23
      Required ratio:    0.00 (Cumulative area) 

    Layer: met1
      Partial area ratio:    1.87
      Required ratio:    0.00 (Gate area) 
      Cumulative area ratio:    1.88
      Required ratio:    0.00 (Cumulative area) 
      Partial area ratio:    8.75
      Required ratio:  400.00 (Side area) 
      Cumulative area ratio:    9.03
      Required ratio:    0.00 (Cumulative side area) 

    Layer: via
      Partial area ratio:    0.18
      Required ratio:    6.00 (Gate area) 
      Cumulative area ratio:    0.41
      Required ratio:    0.00 (Cumulative area) 

    Layer: met2
      Partial area ratio:   11.05
      Required ratio:    0.00 (Gate area) 
      Cumulative area ratio:   12.93
      Required ratio:    0.00 (Cumulative area) 
      Partial area ratio:   54.44
      Required ratio: 4336.52 (Side area) 
      Cumulative area ratio:   63.46
      Required ratio:    0.00 (Cumulative side area) 


  Pin:   _26492_/A1 (sky130_fd_sc_hd__mux2_1)
    Layer: mcon
      Partial area ratio:    0.23
      Required ratio:    3.00 (Gate area) 
      Cumulative area ratio:    0.23
      Required ratio:    0.00 (Cumulative area) 

    Layer: met1
      Partial area ratio:    4.43
      Required ratio:    0.00 (Gate area) 
      Cumulative area ratio:    4.43
      Required ratio:    0.00 (Cumulative area) 
      Partial area ratio:   21.53
      Required ratio:  400.00 (Side area) 
      Cumulative area ratio:   21.53
      Required ratio:    0.00 (Cumulative side area) 

    Layer: via
      Partial area ratio:    0.18
      Required ratio:    6.00 (Gate area) 
      Cumulative area ratio:    0.41
      Required ratio:    0.00 (Cumulative area) 

    Layer: met2
      Partial area ratio:   11.05
      Required ratio:    0.00 (Gate area) 
      Cumulative area ratio:   15.48
      Required ratio:    0.00 (Cumulative area) 
      Partial area ratio:   54.44
      Required ratio: 4336.52 (Side area) 
      Cumulative area ratio:   75.96
      Required ratio:    0.00 (Cumulative side area) 


  Pin:   _26501_/A1 (sky130_fd_sc_hd__mux2_1)
    Layer: mcon
      Partial area ratio:    0.23
      Required ratio:    3.00 (Gate area) 
      Cumulative area ratio:    0.23
      Required ratio:    0.00 (Cumulative area) 

    Layer: met1
      Partial area ratio:    3.41
      Required ratio:    0.00 (Gate area) 
      Cumulative area ratio:    3.41
      Required ratio:    0.00 (Cumulative area) 
      Partial area ratio:   16.42
      Required ratio:  400.00 (Side area) 
      Cumulative area ratio:   16.42
      Required ratio:    0.00 (Cumulative side area) 

    Layer: via
      Partial area ratio:    0.18
      Required ratio:    6.00 (Gate area) 
      Cumulative area ratio:    0.41
      Required ratio:    0.00 (Cumulative area) 

    Layer: met2
      Partial area ratio:   11.05
      Required ratio:    0.00 (Gate area) 
      Cumulative area ratio:   14.45
      Required ratio:    0.00 (Cumulative area) 
      Partial area ratio:   54.44
      Required ratio: 4336.52 (Side area) 
      Cumulative area ratio:   70.85
      Required ratio:    0.00 (Cumulative side area) 


  Pin:   _26510_/A1 (sky130_fd_sc_hd__mux2_1)
    Layer: mcon
      Partial area ratio:    0.23
      Required ratio:    3.00 (Gate area) 
      Cumulative area ratio:    0.23
      Required ratio:    0.00 (Cumulative area) 

    Layer: met1
      Partial area ratio:   14.60
      Required ratio:    0.00 (Gate area) 
      Cumulative area ratio:   14.60
      Required ratio:    0.00 (Cumulative area) 
      Partial area ratio:   71.95
      Required ratio:  400.00 (Side area) 
      Cumulative area ratio:   71.95
      Required ratio:    0.00 (Cumulative side area) 

    Layer: via
      Partial area ratio:    0.18
      Required ratio:    6.00 (Gate area) 
      Cumulative area ratio:    0.41
      Required ratio:    0.00 (Cumulative area) 

    Layer: met2
      Partial area ratio:   11.05
      Required ratio:    0.00 (Gate area) 
      Cumulative area ratio:   25.65
      Required ratio:    0.00 (Cumulative area) 
      Partial area ratio:   54.44
      Required ratio: 4336.52 (Side area) 
      Cumulative area ratio:  126.39
      Required ratio:    0.00 (Cumulative side area) 


  Pin:   _26519_/A1 (sky130_fd_sc_hd__mux2_1)
    Layer: mcon
      Partial area ratio:    0.23
      Required ratio:    3.00 (Gate area) 
      Cumulative area ratio:    0.23
      Required ratio:    0.00 (Cumulative area) 

    Layer: met1
      Partial area ratio:    0.66
      Required ratio:    0.00 (Gate area) 
      Cumulative area ratio:    0.66
      Required ratio:    0.00 (Cumulative area) 
      Partial area ratio:    3.22
      Required ratio:  400.00 (Side area) 
      Cumulative area ratio:    3.22
      Required ratio:    0.00 (Cumulative side area) 

    Layer: via
      Partial area ratio:    0.18
      Required ratio:    6.00 (Gate area) 
      Cumulative area ratio:    0.41
      Required ratio:    0.00 (Cumulative area) 

    Layer: met2
      Partial area ratio:   11.05
      Required ratio:    0.00 (Gate area) 
      Cumulative area ratio:   11.71
      Required ratio:    0.00 (Cumulative area) 
      Partial area ratio:   54.44
      Required ratio: 4336.52 (Side area) 
      Cumulative area ratio:   57.66
      Required ratio:    0.00 (Cumulative side area) 


  Pin:   _26528_/A0 (sky130_fd_sc_hd__mux2_1)
    Layer: li1
      Partial area ratio:    0.01
      Required ratio:    0.00 (Gate area) 
      Cumulative area ratio:    0.01
      Required ratio:    0.00 (Cumulative area) 
      Partial area ratio:    0.28
      Required ratio:   75.00 (Side area) 
      Cumulative area ratio:    0.28
      Required ratio:    0.00 (Cumulative side area) 

    Layer: mcon
      Partial area ratio:    0.23
      Required ratio:    3.00 (Gate area) 
      Cumulative area ratio:    0.23
      Required ratio:    0.00 (Cumulative area) 

    Layer: met1
      Partial area ratio:   14.44
      Required ratio:    0.00 (Gate area) 
      Cumulative area ratio:   14.45
      Required ratio:    0.00 (Cumulative area) 
      Partial area ratio:   70.75
      Required ratio:  400.00 (Side area) 
      Cumulative area ratio:   71.03
      Required ratio:    0.00 (Cumulative side area) 

    Layer: via
      Partial area ratio:    0.36
      Required ratio:    6.00 (Gate area) 
      Cumulative area ratio:    0.59
      Required ratio:    0.00 (Cumulative area) 

    Layer: met2
      Partial area ratio:   11.05
      Required ratio:    0.00 (Gate area) 
      Cumulative area ratio:   25.50
      Required ratio:    0.00 (Cumulative area) 
      Partial area ratio:   54.44
      Required ratio: 4336.52 (Side area) 
      Cumulative area ratio:  125.46
      Required ratio:    0.00 (Cumulative side area) 


  Pin:   _26538_/A1 (sky130_fd_sc_hd__mux2_1)
    Layer: mcon
      Partial area ratio:    0.46
      Required ratio:    3.00 (Gate area) 
      Cumulative area ratio:    0.46
      Required ratio:    0.00 (Cumulative area) 

    Layer: met1
      Partial area ratio:   14.60
      Required ratio:    0.00 (Gate area) 
      Cumulative area ratio:   14.60
      Required ratio:    0.00 (Cumulative area) 
      Partial area ratio:   71.95
      Required ratio:  400.00 (Side area) 
      Cumulative area ratio:   71.95
      Required ratio:    0.00 (Cumulative side area) 

    Layer: via
      Partial area ratio:    0.18
      Required ratio:    6.00 (Gate area) 
      Cumulative area ratio:    0.64
      Required ratio:    0.00 (Cumulative area) 

    Layer: met2
      Partial area ratio:   11.05
      Required ratio:    0.00 (Gate area) 
      Cumulative area ratio:   25.65
      Required ratio:    0.00 (Cumulative area) 
      Partial area ratio:   54.44
      Required ratio: 4336.52 (Side area) 
      Cumulative area ratio:  126.39
      Required ratio:    0.00 (Cumulative side area) 


  Pin:   _26547_/A1 (sky130_fd_sc_hd__mux2_1)
    Layer: mcon
      Partial area ratio:    0.23
      Required ratio:    3.00 (Gate area) 
      Cumulative area ratio:    0.23
      Required ratio:    0.00 (Cumulative area) 

    Layer: met1
      Partial area ratio:    3.92
      Required ratio:    0.00 (Gate area) 
      Cumulative area ratio:    3.92
      Required ratio:    0.00 (Cumulative area) 
      Partial area ratio:   18.97
      Required ratio:  400.00 (Side area) 
      Cumulative area ratio:   18.97
      Required ratio:    0.00 (Cumulative side area) 

    Layer: via
      Partial area ratio:    0.18
      Required ratio:    6.00 (Gate area) 
      Cumulative area ratio:    0.41
      Required ratio:    0.00 (Cumulative area) 

    Layer: met2
      Partial area ratio:   11.05
      Required ratio:    0.00 (Gate area) 
      Cumulative area ratio:   14.96
      Required ratio:    0.00 (Cumulative area) 
      Partial area ratio:   54.44
      Required ratio: 4336.52 (Side area) 
      Cumulative area ratio:   73.41
      Required ratio:    0.00 (Cumulative side area) 


  Pin:   _26556_/A1 (sky130_fd_sc_hd__mux2_1)
    Layer: mcon
      Partial area ratio:    0.23
      Required ratio:    3.00 (Gate area) 
      Cumulative area ratio:    0.23
      Required ratio:    0.00 (Cumulative area) 

    Layer: met1
      Partial area ratio:    3.73
      Required ratio:    0.00 (Gate area) 
      Cumulative area ratio:    3.73
      Required ratio:    0.00 (Cumulative area) 
      Partial area ratio:   17.17
      Required ratio:  400.00 (Side area) 
      Cumulative area ratio:   17.17
      Required ratio:    0.00 (Cumulative side area) 

    Layer: via
      Partial area ratio:    0.36
      Required ratio:    6.00 (Gate area) 
      Cumulative area ratio:    0.59
      Required ratio:    0.00 (Cumulative area) 

    Layer: met2
      Partial area ratio:   11.05
      Required ratio:    0.00 (Gate area) 
      Cumulative area ratio:   14.78
      Required ratio:    0.00 (Cumulative area) 
      Partial area ratio:   54.44
      Required ratio: 4336.52 (Side area) 
      Cumulative area ratio:   71.60
      Required ratio:    0.00 (Cumulative side area) 


  Pin:   _26565_/A1 (sky130_fd_sc_hd__mux2_1)
    Layer: mcon
      Partial area ratio:    0.23
      Required ratio:    3.00 (Gate area) 
      Cumulative area ratio:    0.23
      Required ratio:    0.00 (Cumulative area) 

    Layer: met1
      Partial area ratio:    0.66
      Required ratio:    0.00 (Gate area) 
      Cumulative area ratio:    0.66
      Required ratio:    0.00 (Cumulative area) 
      Partial area ratio:    3.22
      Required ratio:  400.00 (Side area) 
      Cumulative area ratio:    3.22
      Required ratio:    0.00 (Cumulative side area) 

    Layer: via
      Partial area ratio:    0.18
      Required ratio:    6.00 (Gate area) 
      Cumulative area ratio:    0.41
      Required ratio:    0.00 (Cumulative area) 

    Layer: met2
      Partial area ratio:   11.05
      Required ratio:    0.00 (Gate area) 
      Cumulative area ratio:   11.71
      Required ratio:    0.00 (Cumulative area) 
      Partial area ratio:   54.44
      Required ratio: 4336.52 (Side area) 
      Cumulative area ratio:   57.66
      Required ratio:    0.00 (Cumulative side area) 


  Pin:   _26574_/A1 (sky130_fd_sc_hd__mux2_1)
    Layer: mcon
      Partial area ratio:    0.23
      Required ratio:    3.00 (Gate area) 
      Cumulative area ratio:    0.23
      Required ratio:    0.00 (Cumulative area) 

    Layer: met1
      Partial area ratio:   17.90
      Required ratio:    0.00 (Gate area) 
      Cumulative area ratio:   17.90
      Required ratio:    0.00 (Cumulative area) 
      Partial area ratio:   88.06
      Required ratio:  400.00 (Side area) 
      Cumulative area ratio:   88.06
      Required ratio:    0.00 (Cumulative side area) 

    Layer: via
      Partial area ratio:    0.27
      Required ratio:    6.00 (Gate area) 
      Cumulative area ratio:    0.50
      Required ratio:    0.00 (Cumulative area) 

    Layer: met2
      Partial area ratio:   11.05
      Required ratio:    0.00 (Gate area) 
      Cumulative area ratio:   28.94
      Required ratio:    0.00 (Cumulative area) 
      Partial area ratio:   54.44
      Required ratio: 4336.52 (Side area) 
      Cumulative area ratio:  142.49
      Required ratio:    0.00 (Cumulative side area) 


  Pin:   _26583_/A0 (sky130_fd_sc_hd__mux2_1)
    Layer: li1
      Partial area ratio:    0.01
      Required ratio:    0.00 (Gate area) 
      Cumulative area ratio:    0.01
      Required ratio:    0.00 (Cumulative area) 
      Partial area ratio:    0.28
      Required ratio:   75.00 (Side area) 
      Cumulative area ratio:    0.28
      Required ratio:    0.00 (Cumulative side area) 

    Layer: mcon
      Partial area ratio:    0.23
      Required ratio:    3.00 (Gate area) 
      Cumulative area ratio:    0.23
      Required ratio:    0.00 (Cumulative area) 

    Layer: met1
      Partial area ratio:    1.07
      Required ratio:    0.00 (Gate area) 
      Cumulative area ratio:    1.08
      Required ratio:    0.00 (Cumulative area) 
      Partial area ratio:    5.08
      Required ratio: 2773.88 (Side area) 
      Cumulative area ratio:    5.36
      Required ratio:    0.00 (Cumulative side area) 

    Layer: via
      Partial area ratio:    0.08
      Required ratio:   21.65 (Gate area) 
      Cumulative area ratio:    0.31
      Required ratio:    0.00 (Cumulative area) 

    Layer: met2
      Partial area ratio:   11.05
      Required ratio:    0.00 (Gate area) 
      Cumulative area ratio:   12.13
      Required ratio:    0.00 (Cumulative area) 
      Partial area ratio:   54.44
      Required ratio: 4336.52 (Side area) 
      Cumulative area ratio:   59.80
      Required ratio:    0.00 (Cumulative side area) 


  Pin:   _26602_/A0 (sky130_fd_sc_hd__mux2_1)
    Layer: li1
      Partial area ratio:    0.01
      Required ratio:    0.00 (Gate area) 
      Cumulative area ratio:    0.01
      Required ratio:    0.00 (Cumulative area) 
      Partial area ratio:    0.28
      Required ratio:   75.00 (Side area) 
      Cumulative area ratio:    0.28
      Required ratio:    0.00 (Cumulative side area) 

    Layer: mcon
      Partial area ratio:    0.23
      Required ratio:    3.00 (Gate area) 
      Cumulative area ratio:    0.23
      Required ratio:    0.00 (Cumulative area) 

    Layer: met1
      Partial area ratio:    0.66
      Required ratio:    0.00 (Gate area) 
      Cumulative area ratio:    0.67
      Required ratio:    0.00 (Cumulative area) 
      Partial area ratio:    3.22
      Required ratio:  400.00 (Side area) 
      Cumulative area ratio:    3.50
      Required ratio:    0.00 (Cumulative side area) 

    Layer: via
      Partial area ratio:    0.18
      Required ratio:    6.00 (Gate area) 
      Cumulative area ratio:    0.41
      Required ratio:    0.00 (Cumulative area) 

    Layer: met2
      Partial area ratio:   11.05
      Required ratio:    0.00 (Gate area) 
      Cumulative area ratio:   11.71
      Required ratio:    0.00 (Cumulative area) 
      Partial area ratio:   54.44
      Required ratio: 4336.52 (Side area) 
      Cumulative area ratio:   57.94
      Required ratio:    0.00 (Cumulative side area) 


  Pin:   _26615_/A0 (sky130_fd_sc_hd__mux2_1)
    Layer: li1
      Partial area ratio:    0.01
      Required ratio:    0.00 (Gate area) 
      Cumulative area ratio:    0.01
      Required ratio:    0.00 (Cumulative area) 
      Partial area ratio:    0.28
      Required ratio:   75.00 (Side area) 
      Cumulative area ratio:    0.28
      Required ratio:    0.00 (Cumulative side area) 

    Layer: mcon
      Partial area ratio:    0.23
      Required ratio:    3.00 (Gate area) 
      Cumulative area ratio:    0.23
      Required ratio:    0.00 (Cumulative area) 

    Layer: met1
      Partial area ratio:    0.66
      Required ratio:    0.00 (Gate area) 
      Cumulative area ratio:    0.67
      Required ratio:    0.00 (Cumulative area) 
      Partial area ratio:    3.22
      Required ratio:  400.00 (Side area) 
      Cumulative area ratio:    3.50
      Required ratio:    0.00 (Cumulative side area) 

    Layer: via
      Partial area ratio:    0.18
      Required ratio:    6.00 (Gate area) 
      Cumulative area ratio:    0.41
      Required ratio:    0.00 (Cumulative area) 

    Layer: met2
      Partial area ratio:   11.05
      Required ratio:    0.00 (Gate area) 
      Cumulative area ratio:   11.71
      Required ratio:    0.00 (Cumulative area) 
      Partial area ratio:   54.44
      Required ratio: 4336.52 (Side area) 
      Cumulative area ratio:   57.94
      Required ratio:    0.00 (Cumulative side area) 


  Pin:   _26626_/A0 (sky130_fd_sc_hd__mux2_1)
    Layer: li1
      Partial area ratio:    0.01
      Required ratio:    0.00 (Gate area) 
      Cumulative area ratio:    0.01
      Required ratio:    0.00 (Cumulative area) 
      Partial area ratio:    0.28
      Required ratio:   75.00 (Side area) 
      Cumulative area ratio:    0.28
      Required ratio:    0.00 (Cumulative side area) 

    Layer: mcon
      Partial area ratio:    0.23
      Required ratio:    3.00 (Gate area) 
      Cumulative area ratio:    0.23
      Required ratio:    0.00 (Cumulative area) 

    Layer: met1
      Partial area ratio:   12.93
      Required ratio:    0.00 (Gate area) 
      Cumulative area ratio:   12.93
      Required ratio:    0.00 (Cumulative area) 
      Partial area ratio:   63.17
      Required ratio:  400.00 (Side area) 
      Cumulative area ratio:   63.44
      Required ratio:    0.00 (Cumulative side area) 

    Layer: via
      Partial area ratio:    0.36
      Required ratio:    6.00 (Gate area) 
      Cumulative area ratio:    0.59
      Required ratio:    0.00 (Cumulative area) 

    Layer: met2
      Partial area ratio:   11.05
      Required ratio:    0.00 (Gate area) 
      Cumulative area ratio:   23.98
      Required ratio:    0.00 (Cumulative area) 
      Partial area ratio:   54.44
      Required ratio: 4336.52 (Side area) 
      Cumulative area ratio:  117.88
      Required ratio:    0.00 (Cumulative side area) 


  Pin:   _26637_/A0 (sky130_fd_sc_hd__mux2_1)
    Layer: li1
      Partial area ratio:    0.01
      Required ratio:    0.00 (Gate area) 
      Cumulative area ratio:    0.01
      Required ratio:    0.00 (Cumulative area) 
      Partial area ratio:    0.28
      Required ratio:   75.00 (Side area) 
      Cumulative area ratio:    0.28
      Required ratio:    0.00 (Cumulative side area) 

    Layer: mcon
      Partial area ratio:    0.23
      Required ratio:    3.00 (Gate area) 
      Cumulative area ratio:    0.23
      Required ratio:    0.00 (Cumulative area) 

    Layer: met1
      Partial area ratio:    1.36
      Required ratio:    0.00 (Gate area) 
      Cumulative area ratio:    1.37
      Required ratio:    0.00 (Cumulative area) 
      Partial area ratio:    6.19
      Required ratio:  400.00 (Side area) 
      Cumulative area ratio:    6.47
      Required ratio:    0.00 (Cumulative side area) 

    Layer: via
      Partial area ratio:    0.18
      Required ratio:    6.00 (Gate area) 
      Cumulative area ratio:    0.41
      Required ratio:    0.00 (Cumulative area) 

    Layer: met2
      Partial area ratio:   11.05
      Required ratio:    0.00 (Gate area) 
      Cumulative area ratio:   12.42
      Required ratio:    0.00 (Cumulative area) 
      Partial area ratio:   54.44
      Required ratio: 4336.52 (Side area) 
      Cumulative area ratio:   60.91
      Required ratio:    0.00 (Cumulative side area) 


  Pin:   _26648_/A0 (sky130_fd_sc_hd__mux2_1)
    Layer: li1
      Partial area ratio:    0.01
      Required ratio:    0.00 (Gate area) 
      Cumulative area ratio:    0.01
      Required ratio:    0.00 (Cumulative area) 
      Partial area ratio:    0.28
      Required ratio:   75.00 (Side area) 
      Cumulative area ratio:    0.28
      Required ratio:    0.00 (Cumulative side area) 

    Layer: mcon
      Partial area ratio:    0.23
      Required ratio:    3.00 (Gate area) 
      Cumulative area ratio:    0.23
      Required ratio:    0.00 (Cumulative area) 

    Layer: met1
      Partial area ratio:    0.66
      Required ratio:    0.00 (Gate area) 
      Cumulative area ratio:    0.67
      Required ratio:    0.00 (Cumulative area) 
      Partial area ratio:    3.22
      Required ratio:  400.00 (Side area) 
      Cumulative area ratio:    3.50
      Required ratio:    0.00 (Cumulative side area) 

    Layer: via
      Partial area ratio:    0.18
      Required ratio:    6.00 (Gate area) 
      Cumulative area ratio:    0.41
      Required ratio:    0.00 (Cumulative area) 

    Layer: met2
      Partial area ratio:   11.05
      Required ratio:    0.00 (Gate area) 
      Cumulative area ratio:   11.71
      Required ratio:    0.00 (Cumulative area) 
      Partial area ratio:   54.44
      Required ratio: 4336.52 (Side area) 
      Cumulative area ratio:   57.94
      Required ratio:    0.00 (Cumulative side area) 


  Pin:   _26660_/A0 (sky130_fd_sc_hd__mux2_1)
    Layer: li1
      Partial area ratio:    0.01
      Required ratio:    0.00 (Gate area) 
      Cumulative area ratio:    0.01
      Required ratio:    0.00 (Cumulative area) 
      Partial area ratio:    0.28
      Required ratio:   75.00 (Side area) 
      Cumulative area ratio:    0.28
      Required ratio:    0.00 (Cumulative side area) 

    Layer: mcon
      Partial area ratio:    0.23
      Required ratio:    3.00 (Gate area) 
      Cumulative area ratio:    0.23
      Required ratio:    0.00 (Cumulative area) 

    Layer: met1
      Partial area ratio:    2.38
      Required ratio:    0.00 (Gate area) 
      Cumulative area ratio:    2.39
      Required ratio:    0.00 (Cumulative area) 
      Partial area ratio:   11.31
      Required ratio:  400.00 (Side area) 
      Cumulative area ratio:   11.58
      Required ratio:    0.00 (Cumulative side area) 

    Layer: via
      Partial area ratio:    0.18
      Required ratio:    6.00 (Gate area) 
      Cumulative area ratio:    0.41
      Required ratio:    0.00 (Cumulative area) 

    Layer: met2
      Partial area ratio:   11.05
      Required ratio:    0.00 (Gate area) 
      Cumulative area ratio:   13.44
      Required ratio:    0.00 (Cumulative area) 
      Partial area ratio:   54.44
      Required ratio: 4336.52 (Side area) 
      Cumulative area ratio:   66.02
      Required ratio:    0.00 (Cumulative side area) 


  Pin:   _26671_/A0 (sky130_fd_sc_hd__mux2_1)
    Layer: li1
      Partial area ratio:    0.01
      Required ratio:    0.00 (Gate area) 
      Cumulative area ratio:    0.01
      Required ratio:    0.00 (Cumulative area) 
      Partial area ratio:    0.28
      Required ratio:   75.00 (Side area) 
      Cumulative area ratio:    0.28
      Required ratio:    0.00 (Cumulative side area) 

    Layer: mcon
      Partial area ratio:    0.23
      Required ratio:    3.00 (Gate area) 
      Cumulative area ratio:    0.23
      Required ratio:    0.00 (Cumulative area) 

    Layer: met1
      Partial area ratio:    0.66
      Required ratio:    0.00 (Gate area) 
      Cumulative area ratio:    0.67
      Required ratio:    0.00 (Cumulative area) 
      Partial area ratio:    3.22
      Required ratio:  400.00 (Side area) 
      Cumulative area ratio:    3.50
      Required ratio:    0.00 (Cumulative side area) 

    Layer: via
      Partial area ratio:    0.18
      Required ratio:    6.00 (Gate area) 
      Cumulative area ratio:    0.41
      Required ratio:    0.00 (Cumulative area) 

    Layer: met2
      Partial area ratio:   11.05
      Required ratio:    0.00 (Gate area) 
      Cumulative area ratio:   11.71
      Required ratio:    0.00 (Cumulative area) 
      Partial area ratio:   54.44
      Required ratio: 4336.52 (Side area) 
      Cumulative area ratio:   57.94
      Required ratio:    0.00 (Cumulative side area) 


  Pin:   _26682_/A0 (sky130_fd_sc_hd__mux2_1)
    Layer: li1
      Partial area ratio:    0.01
      Required ratio:    0.00 (Gate area) 
      Cumulative area ratio:    0.01
      Required ratio:    0.00 (Cumulative area) 
      Partial area ratio:    0.28
      Required ratio:   75.00 (Side area) 
      Cumulative area ratio:    0.28
      Required ratio:    0.00 (Cumulative side area) 

    Layer: mcon
      Partial area ratio:    0.23
      Required ratio:    3.00 (Gate area) 
      Cumulative area ratio:    0.23
      Required ratio:    0.00 (Cumulative area) 

    Layer: met1
      Partial area ratio:    0.66
      Required ratio:    0.00 (Gate area) 
      Cumulative area ratio:    0.67
      Required ratio:    0.00 (Cumulative area) 
      Partial area ratio:    3.22
      Required ratio:  400.00 (Side area) 
      Cumulative area ratio:    3.50
      Required ratio:    0.00 (Cumulative side area) 

    Layer: via
      Partial area ratio:    0.18
      Required ratio:    6.00 (Gate area) 
      Cumulative area ratio:    0.41
      Required ratio:    0.00 (Cumulative area) 

    Layer: met2
      Partial area ratio:   11.05
      Required ratio:    0.00 (Gate area) 
      Cumulative area ratio:   11.71
      Required ratio:    0.00 (Cumulative area) 
      Partial area ratio:   54.44
      Required ratio: 4336.52 (Side area) 
      Cumulative area ratio:   57.94
      Required ratio:    0.00 (Cumulative side area) 


  Pin:   _26693_/A0 (sky130_fd_sc_hd__mux2_1)
    Layer: li1
      Partial area ratio:    0.01
      Required ratio:    0.00 (Gate area) 
      Cumulative area ratio:    0.01
      Required ratio:    0.00 (Cumulative area) 
      Partial area ratio:    0.28
      Required ratio:   75.00 (Side area) 
      Cumulative area ratio:    0.28
      Required ratio:    0.00 (Cumulative side area) 

    Layer: mcon
      Partial area ratio:    0.23
      Required ratio:    3.00 (Gate area) 
      Cumulative area ratio:    0.23
      Required ratio:    0.00 (Cumulative area) 

    Layer: met1
      Partial area ratio:   16.37
      Required ratio:    0.00 (Gate area) 
      Cumulative area ratio:   16.38
      Required ratio:    0.00 (Cumulative area) 
      Partial area ratio:   80.39
      Required ratio:  400.00 (Side area) 
      Cumulative area ratio:   80.67
      Required ratio:    0.00 (Cumulative side area) 

    Layer: via
      Partial area ratio:    0.36
      Required ratio:    6.00 (Gate area) 
      Cumulative area ratio:    0.59
      Required ratio:    0.00 (Cumulative area) 

    Layer: met2
      Partial area ratio:   11.05
      Required ratio:    0.00 (Gate area) 
      Cumulative area ratio:   27.43
      Required ratio:    0.00 (Cumulative area) 
      Partial area ratio:   54.44
      Required ratio: 4336.52 (Side area) 
      Cumulative area ratio:  135.10
      Required ratio:    0.00 (Cumulative side area) 


  Pin:   _26704_/A0 (sky130_fd_sc_hd__mux2_1)
    Layer: li1
      Partial area ratio:    0.01
      Required ratio:    0.00 (Gate area) 
      Cumulative area ratio:    0.01
      Required ratio:    0.00 (Cumulative area) 
      Partial area ratio:    0.28
      Required ratio:   75.00 (Side area) 
      Cumulative area ratio:    0.28
      Required ratio:    0.00 (Cumulative side area) 

    Layer: mcon
      Partial area ratio:    0.23
      Required ratio:    3.00 (Gate area) 
      Cumulative area ratio:    0.23
      Required ratio:    0.00 (Cumulative area) 

    Layer: met1
      Partial area ratio:    0.66
      Required ratio:    0.00 (Gate area) 
      Cumulative area ratio:    0.67
      Required ratio:    0.00 (Cumulative area) 
      Partial area ratio:    3.22
      Required ratio:  400.00 (Side area) 
      Cumulative area ratio:    3.50
      Required ratio:    0.00 (Cumulative side area) 

    Layer: via
      Partial area ratio:    0.18
      Required ratio:    6.00 (Gate area) 
      Cumulative area ratio:    0.41
      Required ratio:    0.00 (Cumulative area) 

    Layer: met2
      Partial area ratio:   11.05
      Required ratio:    0.00 (Gate area) 
      Cumulative area ratio:   11.71
      Required ratio:    0.00 (Cumulative area) 
      Partial area ratio:   54.44
      Required ratio: 4336.52 (Side area) 
      Cumulative area ratio:   57.94
      Required ratio:    0.00 (Cumulative side area) 


  Pin:   _26715_/A0 (sky130_fd_sc_hd__mux2_1)
    Layer: li1
      Partial area ratio:    0.01
      Required ratio:    0.00 (Gate area) 
      Cumulative area ratio:    0.01
      Required ratio:    0.00 (Cumulative area) 
      Partial area ratio:    0.28
      Required ratio:   75.00 (Side area) 
      Cumulative area ratio:    0.28
      Required ratio:    0.00 (Cumulative side area) 

    Layer: mcon
      Partial area ratio:    0.23
      Required ratio:    3.00 (Gate area) 
      Cumulative area ratio:    0.23
      Required ratio:    0.00 (Cumulative area) 

    Layer: met1
      Partial area ratio:    0.66
      Required ratio:    0.00 (Gate area) 
      Cumulative area ratio:    0.67
      Required ratio:    0.00 (Cumulative area) 
      Partial area ratio:    3.22
      Required ratio:  400.00 (Side area) 
      Cumulative area ratio:    3.50
      Required ratio:    0.00 (Cumulative side area) 

    Layer: via
      Partial area ratio:    0.18
      Required ratio:    6.00 (Gate area) 
      Cumulative area ratio:    0.41
      Required ratio:    0.00 (Cumulative area) 

    Layer: met2
      Partial area ratio:   11.05
      Required ratio:    0.00 (Gate area) 
      Cumulative area ratio:   11.71
      Required ratio:    0.00 (Cumulative area) 
      Partial area ratio:   54.44
      Required ratio: 4336.52 (Side area) 
      Cumulative area ratio:   57.94
      Required ratio:    0.00 (Cumulative side area) 


  Pin:   _26724_/A0 (sky130_fd_sc_hd__mux2_1)
    Layer: li1
      Partial area ratio:    0.01
      Required ratio:    0.00 (Gate area) 
      Cumulative area ratio:    0.01
      Required ratio:    0.00 (Cumulative area) 
      Partial area ratio:    0.28
      Required ratio:   75.00 (Side area) 
      Cumulative area ratio:    0.28
      Required ratio:    0.00 (Cumulative side area) 

    Layer: mcon
      Partial area ratio:    0.23
      Required ratio:    3.00 (Gate area) 
      Cumulative area ratio:    0.23
      Required ratio:    0.00 (Cumulative area) 

    Layer: met1
      Partial area ratio:    0.66
      Required ratio:    0.00 (Gate area) 
      Cumulative area ratio:    0.67
      Required ratio:    0.00 (Cumulative area) 
      Partial area ratio:    3.22
      Required ratio:  400.00 (Side area) 
      Cumulative area ratio:    3.50
      Required ratio:    0.00 (Cumulative side area) 

    Layer: via
      Partial area ratio:    0.18
      Required ratio:    6.00 (Gate area) 
      Cumulative area ratio:    0.41
      Required ratio:    0.00 (Cumulative area) 

    Layer: met2
      Partial area ratio:   11.05
      Required ratio:    0.00 (Gate area) 
      Cumulative area ratio:   11.71
      Required ratio:    0.00 (Cumulative area) 
      Partial area ratio:   54.44
      Required ratio: 4336.52 (Side area) 
      Cumulative area ratio:   57.94
      Required ratio:    0.00 (Cumulative side area) 


  Pin:   _26735_/A0 (sky130_fd_sc_hd__mux2_1)
    Layer: li1
      Partial area ratio:    0.01
      Required ratio:    0.00 (Gate area) 
      Cumulative area ratio:    0.01
      Required ratio:    0.00 (Cumulative area) 
      Partial area ratio:    0.56
      Required ratio:   75.00 (Side area) 
      Cumulative area ratio:    0.56
      Required ratio:    0.00 (Cumulative side area) 

    Layer: mcon
      Partial area ratio:    0.46
      Required ratio:    3.00 (Gate area) 
      Cumulative area ratio:    0.46
      Required ratio:    0.00 (Cumulative area) 

    Layer: met1
      Partial area ratio:    5.97
      Required ratio:    0.00 (Gate area) 
      Cumulative area ratio:    5.98
      Required ratio:    0.00 (Cumulative area) 
      Partial area ratio:   29.24
      Required ratio:  400.00 (Side area) 
      Cumulative area ratio:   29.79
      Required ratio:    0.00 (Cumulative side area) 

    Layer: via
      Partial area ratio:    0.18
      Required ratio:    6.00 (Gate area) 
      Cumulative area ratio:    0.64
      Required ratio:    0.00 (Cumulative area) 

    Layer: met2
      Partial area ratio:   11.05
      Required ratio:    0.00 (Gate area) 
      Cumulative area ratio:   17.03
      Required ratio:    0.00 (Cumulative area) 
      Partial area ratio:   54.44
      Required ratio: 4336.52 (Side area) 
      Cumulative area ratio:   84.23
      Required ratio:    0.00 (Cumulative side area) 


  Pin:   _26746_/A0 (sky130_fd_sc_hd__mux2_1)
    Layer: li1
      Partial area ratio:    0.01
      Required ratio:    0.00 (Gate area) 
      Cumulative area ratio:    0.01
      Required ratio:    0.00 (Cumulative area) 
      Partial area ratio:    0.28
      Required ratio:   75.00 (Side area) 
      Cumulative area ratio:    0.28
      Required ratio:    0.00 (Cumulative side area) 

    Layer: mcon
      Partial area ratio:    0.23
      Required ratio:    3.00 (Gate area) 
      Cumulative area ratio:    0.23
      Required ratio:    0.00 (Cumulative area) 

    Layer: met1
      Partial area ratio:    5.97
      Required ratio:    0.00 (Gate area) 
      Cumulative area ratio:    5.98
      Required ratio:    0.00 (Cumulative area) 
      Partial area ratio:   29.24
      Required ratio:  400.00 (Side area) 
      Cumulative area ratio:   29.51
      Required ratio:    0.00 (Cumulative side area) 

    Layer: via
      Partial area ratio:    0.18
      Required ratio:    6.00 (Gate area) 
      Cumulative area ratio:    0.41
      Required ratio:    0.00 (Cumulative area) 

    Layer: met2
      Partial area ratio:   11.05
      Required ratio:    0.00 (Gate area) 
      Cumulative area ratio:   17.02
      Required ratio:    0.00 (Cumulative area) 
      Partial area ratio:   54.44
      Required ratio: 4336.52 (Side area) 
      Cumulative area ratio:   83.95
      Required ratio:    0.00 (Cumulative side area) 


  Pin:   _26756_/A0 (sky130_fd_sc_hd__mux2_1)
    Layer: li1
      Partial area ratio:    0.01
      Required ratio:    0.00 (Gate area) 
      Cumulative area ratio:    0.01
      Required ratio:    0.00 (Cumulative area) 
      Partial area ratio:    0.28
      Required ratio:   75.00 (Side area) 
      Cumulative area ratio:    0.28
      Required ratio:    0.00 (Cumulative side area) 

    Layer: mcon
      Partial area ratio:    0.23
      Required ratio:    3.00 (Gate area) 
      Cumulative area ratio:    0.23
      Required ratio:    0.00 (Cumulative area) 

    Layer: met1
      Partial area ratio:    7.50
      Required ratio:    0.00 (Gate area) 
      Cumulative area ratio:    7.50
      Required ratio:    0.00 (Cumulative area) 
      Partial area ratio:   36.86
      Required ratio:  400.00 (Side area) 
      Cumulative area ratio:   37.14
      Required ratio:    0.00 (Cumulative side area) 

    Layer: via
      Partial area ratio:    0.18
      Required ratio:    6.00 (Gate area) 
      Cumulative area ratio:    0.41
      Required ratio:    0.00 (Cumulative area) 

    Layer: met2
      Partial area ratio:   11.05
      Required ratio:    0.00 (Gate area) 
      Cumulative area ratio:   18.55
      Required ratio:    0.00 (Cumulative area) 
      Partial area ratio:   54.44
      Required ratio: 4336.52 (Side area) 
      Cumulative area ratio:   91.58
      Required ratio:    0.00 (Cumulative side area) 


  Pin:   _26767_/A0 (sky130_fd_sc_hd__mux2_1)
    Layer: li1
      Partial area ratio:    0.01
      Required ratio:    0.00 (Gate area) 
      Cumulative area ratio:    0.01
      Required ratio:    0.00 (Cumulative area) 
      Partial area ratio:    0.28
      Required ratio:   75.00 (Side area) 
      Cumulative area ratio:    0.28
      Required ratio:    0.00 (Cumulative side area) 

    Layer: mcon
      Partial area ratio:    0.23
      Required ratio:    3.00 (Gate area) 
      Cumulative area ratio:    0.23
      Required ratio:    0.00 (Cumulative area) 

    Layer: met1
      Partial area ratio:   49.39
      Required ratio:    0.00 (Gate area) 
      Cumulative area ratio:   49.39
      Required ratio:    0.00 (Cumulative area) 
      Partial area ratio:  246.00
      Required ratio:  400.00 (Side area) 
      Cumulative area ratio:  246.28
      Required ratio:    0.00 (Cumulative side area) 

    Layer: via
      Partial area ratio:    0.36
      Required ratio:    6.00 (Gate area) 
      Cumulative area ratio:    0.59
      Required ratio:    0.00 (Cumulative area) 

    Layer: met2
      Partial area ratio:   11.05
      Required ratio:    0.00 (Gate area) 
      Cumulative area ratio:   60.44
      Required ratio:    0.00 (Cumulative area) 
      Partial area ratio:   54.44
      Required ratio: 4336.52 (Side area) 
      Cumulative area ratio:  300.71
      Required ratio:    0.00 (Cumulative side area) 


  Pin:   _26778_/A0 (sky130_fd_sc_hd__mux2_1)
    Layer: li1
      Partial area ratio:    0.01
      Required ratio:    0.00 (Gate area) 
      Cumulative area ratio:    0.01
      Required ratio:    0.00 (Cumulative area) 
      Partial area ratio:    0.28
      Required ratio:   75.00 (Side area) 
      Cumulative area ratio:    0.28
      Required ratio:    0.00 (Cumulative side area) 

    Layer: mcon
      Partial area ratio:    0.23
      Required ratio:    3.00 (Gate area) 
      Cumulative area ratio:    0.23
      Required ratio:    0.00 (Cumulative area) 

    Layer: met1
      Partial area ratio:    3.85
      Required ratio:    0.00 (Gate area) 
      Cumulative area ratio:    3.86
      Required ratio:    0.00 (Cumulative area) 
      Partial area ratio:   18.68
      Required ratio:  400.00 (Side area) 
      Cumulative area ratio:   18.96
      Required ratio:    0.00 (Cumulative side area) 

    Layer: via
      Partial area ratio:    0.09
      Required ratio:    6.00 (Gate area) 
      Cumulative area ratio:    0.32
      Required ratio:    0.00 (Cumulative area) 

    Layer: met2
      Partial area ratio:   11.05
      Required ratio:    0.00 (Gate area) 
      Cumulative area ratio:   14.91
      Required ratio:    0.00 (Cumulative area) 
      Partial area ratio:   54.44
      Required ratio: 4336.52 (Side area) 
      Cumulative area ratio:   73.39
      Required ratio:    0.00 (Cumulative side area) 


  Pin:   _26789_/A0 (sky130_fd_sc_hd__mux2_1)
    Layer: li1
      Partial area ratio:    0.01
      Required ratio:    0.00 (Gate area) 
      Cumulative area ratio:    0.01
      Required ratio:    0.00 (Cumulative area) 
      Partial area ratio:    0.28
      Required ratio:   75.00 (Side area) 
      Cumulative area ratio:    0.28
      Required ratio:    0.00 (Cumulative side area) 

    Layer: mcon
      Partial area ratio:    0.23
      Required ratio:    3.00 (Gate area) 
      Cumulative area ratio:    0.23
      Required ratio:    0.00 (Cumulative area) 

    Layer: met1
      Partial area ratio:    3.85
      Required ratio:    0.00 (Gate area) 
      Cumulative area ratio:    3.86
      Required ratio:    0.00 (Cumulative area) 
      Partial area ratio:   18.68
      Required ratio:  400.00 (Side area) 
      Cumulative area ratio:   18.96
      Required ratio:    0.00 (Cumulative side area) 

    Layer: via
      Partial area ratio:    0.09
      Required ratio:    6.00 (Gate area) 
      Cumulative area ratio:    0.32
      Required ratio:    0.00 (Cumulative area) 

    Layer: met2
      Partial area ratio:   11.05
      Required ratio:    0.00 (Gate area) 
      Cumulative area ratio:   14.91
      Required ratio:    0.00 (Cumulative area) 
      Partial area ratio:   54.44
      Required ratio: 4336.52 (Side area) 
      Cumulative area ratio:   73.39
      Required ratio:    0.00 (Cumulative side area) 


  Pin:   _26798_/A0 (sky130_fd_sc_hd__mux2_1)
    Layer: li1
      Partial area ratio:    0.01
      Required ratio:    0.00 (Gate area) 
      Cumulative area ratio:    0.01
      Required ratio:    0.00 (Cumulative area) 
      Partial area ratio:    0.28
      Required ratio:   75.00 (Side area) 
      Cumulative area ratio:    0.28
      Required ratio:    0.00 (Cumulative side area) 

    Layer: mcon
      Partial area ratio:    0.23
      Required ratio:    3.00 (Gate area) 
      Cumulative area ratio:    0.23
      Required ratio:    0.00 (Cumulative area) 

    Layer: met1
      Partial area ratio:    4.54
      Required ratio:    0.00 (Gate area) 
      Cumulative area ratio:    4.55
      Required ratio:    0.00 (Cumulative area) 
      Partial area ratio:   21.78
      Required ratio:  400.00 (Side area) 
      Cumulative area ratio:   22.06
      Required ratio:    0.00 (Cumulative side area) 

    Layer: via
      Partial area ratio:    0.36
      Required ratio:    6.00 (Gate area) 
      Cumulative area ratio:    0.59
      Required ratio:    0.00 (Cumulative area) 

    Layer: met2
      Partial area ratio:   11.05
      Required ratio:    0.00 (Gate area) 
      Cumulative area ratio:   15.60
      Required ratio:    0.00 (Cumulative area) 
      Partial area ratio:   54.44
      Required ratio: 4336.52 (Side area) 
      Cumulative area ratio:   76.49
      Required ratio:    0.00 (Cumulative side area) 


  Pin:   _26807_/A0 (sky130_fd_sc_hd__mux2_1)
    Layer: li1
      Partial area ratio:    0.01
      Required ratio:    0.00 (Gate area) 
      Cumulative area ratio:    0.01
      Required ratio:    0.00 (Cumulative area) 
      Partial area ratio:    0.28
      Required ratio:   75.00 (Side area) 
      Cumulative area ratio:    0.28
      Required ratio:    0.00 (Cumulative side area) 

    Layer: mcon
      Partial area ratio:    0.23
      Required ratio:    3.00 (Gate area) 
      Cumulative area ratio:    0.23
      Required ratio:    0.00 (Cumulative area) 

    Layer: met1
      Partial area ratio:   14.77
      Required ratio:    0.00 (Gate area) 
      Cumulative area ratio:   14.77
      Required ratio:    0.00 (Cumulative area) 
      Partial area ratio:   71.50
      Required ratio:  400.00 (Side area) 
      Cumulative area ratio:   71.78
      Required ratio:    0.00 (Cumulative side area) 

    Layer: via
      Partial area ratio:    0.54
      Required ratio:    6.00 (Gate area) 
      Cumulative area ratio:    0.77
      Required ratio:    0.00 (Cumulative area) 

    Layer: met2
      Partial area ratio:   11.05
      Required ratio:    0.00 (Gate area) 
      Cumulative area ratio:   25.82
      Required ratio:    0.00 (Cumulative area) 
      Partial area ratio:   54.44
      Required ratio: 4336.52 (Side area) 
      Cumulative area ratio:  126.21
      Required ratio:    0.00 (Cumulative side area) 


  Pin:   _26816_/A0 (sky130_fd_sc_hd__mux2_1)
    Layer: li1
      Partial area ratio:    0.01
      Required ratio:    0.00 (Gate area) 
      Cumulative area ratio:    0.01
      Required ratio:    0.00 (Cumulative area) 
      Partial area ratio:    0.28
      Required ratio:   75.00 (Side area) 
      Cumulative area ratio:    0.28
      Required ratio:    0.00 (Cumulative side area) 

    Layer: mcon
      Partial area ratio:    0.23
      Required ratio:    3.00 (Gate area) 
      Cumulative area ratio:    0.23
      Required ratio:    0.00 (Cumulative area) 

    Layer: met1
      Partial area ratio:    0.66
      Required ratio:    0.00 (Gate area) 
      Cumulative area ratio:    0.67
      Required ratio:    0.00 (Cumulative area) 
      Partial area ratio:    3.22
      Required ratio:  400.00 (Side area) 
      Cumulative area ratio:    3.50
      Required ratio:    0.00 (Cumulative side area) 

    Layer: via
      Partial area ratio:    0.18
      Required ratio:    6.00 (Gate area) 
      Cumulative area ratio:    0.41
      Required ratio:    0.00 (Cumulative area) 

    Layer: met2
      Partial area ratio:   11.05
      Required ratio:    0.00 (Gate area) 
      Cumulative area ratio:   11.71
      Required ratio:    0.00 (Cumulative area) 
      Partial area ratio:   54.44
      Required ratio: 4336.52 (Side area) 
      Cumulative area ratio:   57.94
      Required ratio:    0.00 (Cumulative side area) 


  Pin:   _26825_/A0 (sky130_fd_sc_hd__mux2_1)
    Layer: li1
      Partial area ratio:    0.01
      Required ratio:    0.00 (Gate area) 
      Cumulative area ratio:    0.01
      Required ratio:    0.00 (Cumulative area) 
      Partial area ratio:    0.28
      Required ratio:   75.00 (Side area) 
      Cumulative area ratio:    0.28
      Required ratio:    0.00 (Cumulative side area) 

    Layer: mcon
      Partial area ratio:    0.23
      Required ratio:    3.00 (Gate area) 
      Cumulative area ratio:    0.23
      Required ratio:    0.00 (Cumulative area) 

    Layer: met1
      Partial area ratio:    1.87
      Required ratio:    0.00 (Gate area) 
      Cumulative area ratio:    1.88
      Required ratio:    0.00 (Cumulative area) 
      Partial area ratio:    8.75
      Required ratio:  400.00 (Side area) 
      Cumulative area ratio:    9.03
      Required ratio:    0.00 (Cumulative side area) 

    Layer: via
      Partial area ratio:    0.18
      Required ratio:    6.00 (Gate area) 
      Cumulative area ratio:    0.41
      Required ratio:    0.00 (Cumulative area) 

    Layer: met2
      Partial area ratio:   11.05
      Required ratio:    0.00 (Gate area) 
      Cumulative area ratio:   12.93
      Required ratio:    0.00 (Cumulative area) 
      Partial area ratio:   54.44
      Required ratio: 4336.52 (Side area) 
      Cumulative area ratio:   63.46
      Required ratio:    0.00 (Cumulative side area) 


  Pin:   _26834_/A0 (sky130_fd_sc_hd__mux2_1)
    Layer: li1
      Partial area ratio:    0.01
      Required ratio:    0.00 (Gate area) 
      Cumulative area ratio:    0.01
      Required ratio:    0.00 (Cumulative area) 
      Partial area ratio:    0.28
      Required ratio:   75.00 (Side area) 
      Cumulative area ratio:    0.28
      Required ratio:    0.00 (Cumulative side area) 

    Layer: mcon
      Partial area ratio:    0.23
      Required ratio:    3.00 (Gate area) 
      Cumulative area ratio:    0.23
      Required ratio:    0.00 (Cumulative area) 

    Layer: met1
      Partial area ratio:    1.36
      Required ratio:    0.00 (Gate area) 
      Cumulative area ratio:    1.37
      Required ratio:    0.00 (Cumulative area) 
      Partial area ratio:    6.19
      Required ratio:  400.00 (Side area) 
      Cumulative area ratio:    6.47
      Required ratio:    0.00 (Cumulative side area) 

    Layer: via
      Partial area ratio:    0.18
      Required ratio:    6.00 (Gate area) 
      Cumulative area ratio:    0.41
      Required ratio:    0.00 (Cumulative area) 

    Layer: met2
      Partial area ratio:   11.05
      Required ratio:    0.00 (Gate area) 
      Cumulative area ratio:   12.42
      Required ratio:    0.00 (Cumulative area) 
      Partial area ratio:   54.44
      Required ratio: 4336.52 (Side area) 
      Cumulative area ratio:   60.91
      Required ratio:    0.00 (Cumulative side area) 


  Pin:   _26843_/A0 (sky130_fd_sc_hd__mux2_1)
    Layer: li1
      Partial area ratio:    0.01
      Required ratio:    0.00 (Gate area) 
      Cumulative area ratio:    0.01
      Required ratio:    0.00 (Cumulative area) 
      Partial area ratio:    0.28
      Required ratio:   75.00 (Side area) 
      Cumulative area ratio:    0.28
      Required ratio:    0.00 (Cumulative side area) 

    Layer: mcon
      Partial area ratio:    0.23
      Required ratio:    3.00 (Gate area) 
      Cumulative area ratio:    0.23
      Required ratio:    0.00 (Cumulative area) 

    Layer: met1
      Partial area ratio:   33.12
      Required ratio:    0.00 (Gate area) 
      Cumulative area ratio:   33.13
      Required ratio:    0.00 (Cumulative area) 
      Partial area ratio:  164.61
      Required ratio:  400.00 (Side area) 
      Cumulative area ratio:  164.89
      Required ratio:    0.00 (Cumulative side area) 

    Layer: via
      Partial area ratio:    0.18
      Required ratio:    6.00 (Gate area) 
      Cumulative area ratio:    0.41
      Required ratio:    0.00 (Cumulative area) 

    Layer: met2
      Partial area ratio:   11.05
      Required ratio:    0.00 (Gate area) 
      Cumulative area ratio:   44.18
      Required ratio:    0.00 (Cumulative area) 
      Partial area ratio:   54.44
      Required ratio: 4336.52 (Side area) 
      Cumulative area ratio:  219.33
      Required ratio:    0.00 (Cumulative side area) 


  Pin:   _26852_/A0 (sky130_fd_sc_hd__mux2_1)
    Layer: li1
      Partial area ratio:    0.01
      Required ratio:    0.00 (Gate area) 
      Cumulative area ratio:    0.01
      Required ratio:    0.00 (Cumulative area) 
      Partial area ratio:    0.28
      Required ratio:   75.00 (Side area) 
      Cumulative area ratio:    0.28
      Required ratio:    0.00 (Cumulative side area) 

    Layer: mcon
      Partial area ratio:    0.23
      Required ratio:    3.00 (Gate area) 
      Cumulative area ratio:    0.23
      Required ratio:    0.00 (Cumulative area) 

    Layer: met1
      Partial area ratio:   33.12
      Required ratio:    0.00 (Gate area) 
      Cumulative area ratio:   33.13
      Required ratio:    0.00 (Cumulative area) 
      Partial area ratio:  164.61
      Required ratio:  400.00 (Side area) 
      Cumulative area ratio:  164.89
      Required ratio:    0.00 (Cumulative side area) 

    Layer: via
      Partial area ratio:    0.18
      Required ratio:    6.00 (Gate area) 
      Cumulative area ratio:    0.41
      Required ratio:    0.00 (Cumulative area) 

    Layer: met2
      Partial area ratio:   11.05
      Required ratio:    0.00 (Gate area) 
      Cumulative area ratio:   44.18
      Required ratio:    0.00 (Cumulative area) 
      Partial area ratio:   54.44
      Required ratio: 4336.52 (Side area) 
      Cumulative area ratio:  219.33
      Required ratio:    0.00 (Cumulative side area) 


  Pin:   _26861_/A0 (sky130_fd_sc_hd__mux2_1)
    Layer: li1
      Partial area ratio:    0.01
      Required ratio:    0.00 (Gate area) 
      Cumulative area ratio:    0.01
      Required ratio:    0.00 (Cumulative area) 
      Partial area ratio:    0.28
      Required ratio:   75.00 (Side area) 
      Cumulative area ratio:    0.28
      Required ratio:    0.00 (Cumulative side area) 

    Layer: mcon
      Partial area ratio:    0.23
      Required ratio:    3.00 (Gate area) 
      Cumulative area ratio:    0.23
      Required ratio:    0.00 (Cumulative area) 

    Layer: met1
      Partial area ratio:    2.82
      Required ratio:    0.00 (Gate area) 
      Cumulative area ratio:    2.83
      Required ratio:    0.00 (Cumulative area) 
      Partial area ratio:   13.53
      Required ratio:  400.00 (Side area) 
      Cumulative area ratio:   13.81
      Required ratio:    0.00 (Cumulative side area) 

    Layer: via
      Partial area ratio:    0.09
      Required ratio:    6.00 (Gate area) 
      Cumulative area ratio:    0.32
      Required ratio:    0.00 (Cumulative area) 

    Layer: met2
      Partial area ratio:   11.05
      Required ratio:    0.00 (Gate area) 
      Cumulative area ratio:   13.87
      Required ratio:    0.00 (Cumulative area) 
      Partial area ratio:   54.44
      Required ratio: 4336.52 (Side area) 
      Cumulative area ratio:   68.24
      Required ratio:    0.00 (Cumulative side area) 


  Pin:   _26870_/A0 (sky130_fd_sc_hd__mux2_1)
    Layer: li1
      Partial area ratio:    0.01
      Required ratio:    0.00 (Gate area) 
      Cumulative area ratio:    0.01
      Required ratio:    0.00 (Cumulative area) 
      Partial area ratio:    0.28
      Required ratio:   75.00 (Side area) 
      Cumulative area ratio:    0.28
      Required ratio:    0.00 (Cumulative side area) 

    Layer: mcon
      Partial area ratio:    0.23
      Required ratio:    3.00 (Gate area) 
      Cumulative area ratio:    0.23
      Required ratio:    0.00 (Cumulative area) 

    Layer: met1
      Partial area ratio:    2.82
      Required ratio:    0.00 (Gate area) 
      Cumulative area ratio:    2.83
      Required ratio:    0.00 (Cumulative area) 
      Partial area ratio:   13.53
      Required ratio:  400.00 (Side area) 
      Cumulative area ratio:   13.81
      Required ratio:    0.00 (Cumulative side area) 

    Layer: via
      Partial area ratio:    0.09
      Required ratio:    6.00 (Gate area) 
      Cumulative area ratio:    0.32
      Required ratio:    0.00 (Cumulative area) 

    Layer: met2
      Partial area ratio:   11.05
      Required ratio:    0.00 (Gate area) 
      Cumulative area ratio:   13.87
      Required ratio:    0.00 (Cumulative area) 
      Partial area ratio:   54.44
      Required ratio: 4336.52 (Side area) 
      Cumulative area ratio:   68.24
      Required ratio:    0.00 (Cumulative side area) 


  Pin:   _26879_/A0 (sky130_fd_sc_hd__mux2_1)
    Layer: li1
      Partial area ratio:    0.01
      Required ratio:    0.00 (Gate area) 
      Cumulative area ratio:    0.01
      Required ratio:    0.00 (Cumulative area) 
      Partial area ratio:    0.28
      Required ratio:   75.00 (Side area) 
      Cumulative area ratio:    0.28
      Required ratio:    0.00 (Cumulative side area) 

    Layer: mcon
      Partial area ratio:    0.23
      Required ratio:    3.00 (Gate area) 
      Cumulative area ratio:    0.23
      Required ratio:    0.00 (Cumulative area) 

    Layer: met1
      Partial area ratio:    0.66
      Required ratio:    0.00 (Gate area) 
      Cumulative area ratio:    0.67
      Required ratio:    0.00 (Cumulative area) 
      Partial area ratio:    3.22
      Required ratio:  400.00 (Side area) 
      Cumulative area ratio:    3.50
      Required ratio:    0.00 (Cumulative side area) 

    Layer: via
      Partial area ratio:    0.18
      Required ratio:    6.00 (Gate area) 
      Cumulative area ratio:    0.41
      Required ratio:    0.00 (Cumulative area) 

    Layer: met2
      Partial area ratio:   11.05
      Required ratio:    0.00 (Gate area) 
      Cumulative area ratio:   11.71
      Required ratio:    0.00 (Cumulative area) 
      Partial area ratio:   54.44
      Required ratio: 4336.52 (Side area) 
      Cumulative area ratio:   57.94
      Required ratio:    0.00 (Cumulative side area) 


  Pin:   _26888_/A0 (sky130_fd_sc_hd__mux2_1)
    Layer: li1
      Partial area ratio:    0.01
      Required ratio:    0.00 (Gate area) 
      Cumulative area ratio:    0.01
      Required ratio:    0.00 (Cumulative area) 
      Partial area ratio:    0.28
      Required ratio:   75.00 (Side area) 
      Cumulative area ratio:    0.28
      Required ratio:    0.00 (Cumulative side area) 

    Layer: mcon
      Partial area ratio:    0.23
      Required ratio:    3.00 (Gate area) 
      Cumulative area ratio:    0.23
      Required ratio:    0.00 (Cumulative area) 

    Layer: met1
      Partial area ratio:   18.19
      Required ratio:    0.00 (Gate area) 
      Cumulative area ratio:   18.20
      Required ratio:    0.00 (Cumulative area) 
      Partial area ratio:   88.64
      Required ratio:  400.00 (Side area) 
      Cumulative area ratio:   88.92
      Required ratio:    0.00 (Cumulative side area) 

    Layer: via
      Partial area ratio:    0.54
      Required ratio:    6.00 (Gate area) 
      Cumulative area ratio:    0.77
      Required ratio:    0.00 (Cumulative area) 

    Layer: met2
      Partial area ratio:   11.05
      Required ratio:    0.00 (Gate area) 
      Cumulative area ratio:   29.25
      Required ratio:    0.00 (Cumulative area) 
      Partial area ratio:   54.44
      Required ratio: 4336.52 (Side area) 
      Cumulative area ratio:  143.35
      Required ratio:    0.00 (Cumulative side area) 


  Pin:   _26897_/A0 (sky130_fd_sc_hd__mux2_1)
    Layer: li1
      Partial area ratio:    0.01
      Required ratio:    0.00 (Gate area) 
      Cumulative area ratio:    0.01
      Required ratio:    0.00 (Cumulative area) 
      Partial area ratio:    0.28
      Required ratio:   75.00 (Side area) 
      Cumulative area ratio:    0.28
      Required ratio:    0.00 (Cumulative side area) 

    Layer: mcon
      Partial area ratio:    0.23
      Required ratio:    3.00 (Gate area) 
      Cumulative area ratio:    0.23
      Required ratio:    0.00 (Cumulative area) 

    Layer: met1
      Partial area ratio:    5.96
      Required ratio:    0.00 (Gate area) 
      Cumulative area ratio:    5.97
      Required ratio:    0.00 (Cumulative area) 
      Partial area ratio:   29.19
      Required ratio:  400.00 (Side area) 
      Cumulative area ratio:   29.47
      Required ratio:    0.00 (Cumulative side area) 

    Layer: via
      Partial area ratio:    0.18
      Required ratio:    6.00 (Gate area) 
      Cumulative area ratio:    0.41
      Required ratio:    0.00 (Cumulative area) 

    Layer: met2
      Partial area ratio:   11.05
      Required ratio:    0.00 (Gate area) 
      Cumulative area ratio:   17.02
      Required ratio:    0.00 (Cumulative area) 
      Partial area ratio:   54.44
      Required ratio: 4336.52 (Side area) 
      Cumulative area ratio:   83.91
      Required ratio:    0.00 (Cumulative side area) 


  Pin:   _26906_/A0 (sky130_fd_sc_hd__mux2_1)
    Layer: li1
      Partial area ratio:    0.01
      Required ratio:    0.00 (Gate area) 
      Cumulative area ratio:    0.01
      Required ratio:    0.00 (Cumulative area) 
      Partial area ratio:    0.28
      Required ratio:   75.00 (Side area) 
      Cumulative area ratio:    0.28
      Required ratio:    0.00 (Cumulative side area) 

    Layer: mcon
      Partial area ratio:    0.23
      Required ratio:    3.00 (Gate area) 
      Cumulative area ratio:    0.23
      Required ratio:    0.00 (Cumulative area) 

    Layer: met1
      Partial area ratio:    1.87
      Required ratio:    0.00 (Gate area) 
      Cumulative area ratio:    1.88
      Required ratio:    0.00 (Cumulative area) 
      Partial area ratio:    8.75
      Required ratio:  400.00 (Side area) 
      Cumulative area ratio:    9.03
      Required ratio:    0.00 (Cumulative side area) 

    Layer: via
      Partial area ratio:    0.18
      Required ratio:    6.00 (Gate area) 
      Cumulative area ratio:    0.41
      Required ratio:    0.00 (Cumulative area) 

    Layer: met2
      Partial area ratio:   11.05
      Required ratio:    0.00 (Gate area) 
      Cumulative area ratio:   12.93
      Required ratio:    0.00 (Cumulative area) 
      Partial area ratio:   54.44
      Required ratio: 4336.52 (Side area) 
      Cumulative area ratio:   63.46
      Required ratio:    0.00 (Cumulative side area) 


  Pin:   _26917_/A1 (sky130_fd_sc_hd__mux2_1)
    Layer: mcon
      Partial area ratio:    0.23
      Required ratio:    3.00 (Gate area) 
      Cumulative area ratio:    0.23
      Required ratio:    0.00 (Cumulative area) 

    Layer: met1
      Partial area ratio:    0.66
      Required ratio:    0.00 (Gate area) 
      Cumulative area ratio:    0.66
      Required ratio:    0.00 (Cumulative area) 
      Partial area ratio:    3.22
      Required ratio:  400.00 (Side area) 
      Cumulative area ratio:    3.22
      Required ratio:    0.00 (Cumulative side area) 

    Layer: via
      Partial area ratio:    0.18
      Required ratio:    6.00 (Gate area) 
      Cumulative area ratio:    0.41
      Required ratio:    0.00 (Cumulative area) 

    Layer: met2
      Partial area ratio:   11.05
      Required ratio:    0.00 (Gate area) 
      Cumulative area ratio:   11.71
      Required ratio:    0.00 (Cumulative area) 
      Partial area ratio:   54.44
      Required ratio: 4336.52 (Side area) 
      Cumulative area ratio:   57.66
      Required ratio:    0.00 (Cumulative side area) 


  Pin:   _26926_/A1 (sky130_fd_sc_hd__mux2_1)
    Layer: mcon
      Partial area ratio:    0.23
      Required ratio:    3.00 (Gate area) 
      Cumulative area ratio:    0.23
      Required ratio:    0.00 (Cumulative area) 

    Layer: met1
      Partial area ratio:   16.87
      Required ratio:    0.00 (Gate area) 
      Cumulative area ratio:   16.87
      Required ratio:    0.00 (Cumulative area) 
      Partial area ratio:   82.86
      Required ratio:  400.00 (Side area) 
      Cumulative area ratio:   82.86
      Required ratio:    0.00 (Cumulative side area) 

    Layer: via
      Partial area ratio:    0.36
      Required ratio:    6.00 (Gate area) 
      Cumulative area ratio:    0.59
      Required ratio:    0.00 (Cumulative area) 

    Layer: met2
      Partial area ratio:   11.05
      Required ratio:    0.00 (Gate area) 
      Cumulative area ratio:   27.91
      Required ratio:    0.00 (Cumulative area) 
      Partial area ratio:   54.44
      Required ratio: 4336.52 (Side area) 
      Cumulative area ratio:  137.30
      Required ratio:    0.00 (Cumulative side area) 


  Pin:   _26935_/A0 (sky130_fd_sc_hd__mux2_1)
    Layer: li1
      Partial area ratio:    0.01
      Required ratio:    0.00 (Gate area) 
      Cumulative area ratio:    0.01
      Required ratio:    0.00 (Cumulative area) 
      Partial area ratio:    0.28
      Required ratio:   75.00 (Side area) 
      Cumulative area ratio:    0.28
      Required ratio:    0.00 (Cumulative side area) 

    Layer: mcon
      Partial area ratio:    0.23
      Required ratio:    3.00 (Gate area) 
      Cumulative area ratio:    0.23
      Required ratio:    0.00 (Cumulative area) 

    Layer: met1
      Partial area ratio:    6.85
      Required ratio:    0.00 (Gate area) 
      Cumulative area ratio:    6.86
      Required ratio:    0.00 (Cumulative area) 
      Partial area ratio:   33.64
      Required ratio:  400.00 (Side area) 
      Cumulative area ratio:   33.92
      Required ratio:    0.00 (Cumulative side area) 

    Layer: via
      Partial area ratio:    0.18
      Required ratio:    6.00 (Gate area) 
      Cumulative area ratio:    0.41
      Required ratio:    0.00 (Cumulative area) 

    Layer: met2
      Partial area ratio:   11.05
      Required ratio:    0.00 (Gate area) 
      Cumulative area ratio:   17.90
      Required ratio:    0.00 (Cumulative area) 
      Partial area ratio:   54.44
      Required ratio: 4336.52 (Side area) 
      Cumulative area ratio:   88.35
      Required ratio:    0.00 (Cumulative side area) 


  Pin:   _26944_/A1 (sky130_fd_sc_hd__mux2_1)
    Layer: mcon
      Partial area ratio:    0.23
      Required ratio:    3.00 (Gate area) 
      Cumulative area ratio:    0.23
      Required ratio:    0.00 (Cumulative area) 

    Layer: met1
      Partial area ratio:   37.67
      Required ratio:    0.00 (Gate area) 
      Cumulative area ratio:   37.67
      Required ratio:    0.00 (Cumulative area) 
      Partial area ratio:  186.00
      Required ratio:  400.00 (Side area) 
      Cumulative area ratio:  186.00
      Required ratio:    0.00 (Cumulative side area) 

    Layer: via
      Partial area ratio:    0.54
      Required ratio:    6.00 (Gate area) 
      Cumulative area ratio:    0.77
      Required ratio:    0.00 (Cumulative area) 

    Layer: met2
      Partial area ratio:   11.05
      Required ratio:    0.00 (Gate area) 
      Cumulative area ratio:   48.71
      Required ratio:    0.00 (Cumulative area) 
      Partial area ratio:   54.44
      Required ratio: 4336.52 (Side area) 
      Cumulative area ratio:  240.44
      Required ratio:    0.00 (Cumulative side area) 


  Pin:   _26953_/A1 (sky130_fd_sc_hd__mux2_1)
    Layer: mcon
      Partial area ratio:    0.23
      Required ratio:    3.00 (Gate area) 
      Cumulative area ratio:    0.23
      Required ratio:    0.00 (Cumulative area) 

    Layer: met1
      Partial area ratio:    0.66
      Required ratio:    0.00 (Gate area) 
      Cumulative area ratio:    0.66
      Required ratio:    0.00 (Cumulative area) 
      Partial area ratio:    3.22
      Required ratio:  400.00 (Side area) 
      Cumulative area ratio:    3.22
      Required ratio:    0.00 (Cumulative side area) 

    Layer: via
      Partial area ratio:    0.18
      Required ratio:    6.00 (Gate area) 
      Cumulative area ratio:    0.41
      Required ratio:    0.00 (Cumulative area) 

    Layer: met2
      Partial area ratio:   11.05
      Required ratio:    0.00 (Gate area) 
      Cumulative area ratio:   11.71
      Required ratio:    0.00 (Cumulative area) 
      Partial area ratio:   54.44
      Required ratio: 4336.52 (Side area) 
      Cumulative area ratio:   57.66
      Required ratio:    0.00 (Cumulative side area) 


  Pin:   _26962_/A0 (sky130_fd_sc_hd__mux2_1)
    Layer: li1
      Partial area ratio:    0.01
      Required ratio:    0.00 (Gate area) 
      Cumulative area ratio:    0.01
      Required ratio:    0.00 (Cumulative area) 
      Partial area ratio:    0.28
      Required ratio:   75.00 (Side area) 
      Cumulative area ratio:    0.28
      Required ratio:    0.00 (Cumulative side area) 

    Layer: mcon
      Partial area ratio:    0.23
      Required ratio:    3.00 (Gate area) 
      Cumulative area ratio:    0.23
      Required ratio:    0.00 (Cumulative area) 

    Layer: met1
      Partial area ratio:   18.96
      Required ratio:    0.00 (Gate area) 
      Cumulative area ratio:   18.97
      Required ratio:    0.00 (Cumulative area) 
      Partial area ratio:   93.33
      Required ratio:  400.00 (Side area) 
      Cumulative area ratio:   93.61
      Required ratio:    0.00 (Cumulative side area) 

    Layer: via
      Partial area ratio:    0.36
      Required ratio:    6.00 (Gate area) 
      Cumulative area ratio:    0.59
      Required ratio:    0.00 (Cumulative area) 

    Layer: met2
      Partial area ratio:   11.05
      Required ratio:    0.00 (Gate area) 
      Cumulative area ratio:   30.02
      Required ratio:    0.00 (Cumulative area) 
      Partial area ratio:   54.44
      Required ratio: 4336.52 (Side area) 
      Cumulative area ratio:  148.05
      Required ratio:    0.00 (Cumulative side area) 


  Pin:   _26971_/A1 (sky130_fd_sc_hd__mux2_1)
    Layer: mcon
      Partial area ratio:    0.23
      Required ratio:    3.00 (Gate area) 
      Cumulative area ratio:    0.23
      Required ratio:    0.00 (Cumulative area) 

    Layer: met1
      Partial area ratio:    8.84
      Required ratio:    0.00 (Gate area) 
      Cumulative area ratio:    8.84
      Required ratio:    0.00 (Cumulative area) 
      Partial area ratio:   42.72
      Required ratio:  400.00 (Side area) 
      Cumulative area ratio:   42.72
      Required ratio:    0.00 (Cumulative side area) 

    Layer: via
      Partial area ratio:    0.36
      Required ratio:    6.00 (Gate area) 
      Cumulative area ratio:    0.59
      Required ratio:    0.00 (Cumulative area) 

    Layer: met2
      Partial area ratio:   11.05
      Required ratio:    0.00 (Gate area) 
      Cumulative area ratio:   19.89
      Required ratio:    0.00 (Cumulative area) 
      Partial area ratio:   54.44
      Required ratio: 4336.52 (Side area) 
      Cumulative area ratio:   97.16
      Required ratio:    0.00 (Cumulative side area) 


  Pin:   _26980_/A1 (sky130_fd_sc_hd__mux2_1)
    Layer: mcon
      Partial area ratio:    0.23
      Required ratio:    3.00 (Gate area) 
      Cumulative area ratio:    0.23
      Required ratio:    0.00 (Cumulative area) 

    Layer: met1
      Partial area ratio:   29.53
      Required ratio:    0.00 (Gate area) 
      Cumulative area ratio:   29.53
      Required ratio:    0.00 (Cumulative area) 
      Partial area ratio:  146.17
      Required ratio:  400.00 (Side area) 
      Cumulative area ratio:  146.17
      Required ratio:    0.00 (Cumulative side area) 

    Layer: via
      Partial area ratio:    0.36
      Required ratio:    6.00 (Gate area) 
      Cumulative area ratio:    0.59
      Required ratio:    0.00 (Cumulative area) 

    Layer: met2
      Partial area ratio:   11.05
      Required ratio:    0.00 (Gate area) 
      Cumulative area ratio:   40.58
      Required ratio:    0.00 (Cumulative area) 
      Partial area ratio:   54.44
      Required ratio: 4336.52 (Side area) 
      Cumulative area ratio:  200.60
      Required ratio:    0.00 (Cumulative side area) 


  Pin:   _26989_/A1 (sky130_fd_sc_hd__mux2_1)
    Layer: mcon
      Partial area ratio:    0.23
      Required ratio:    3.00 (Gate area) 
      Cumulative area ratio:    0.23
      Required ratio:    0.00 (Cumulative area) 

    Layer: met1
      Partial area ratio:    1.36
      Required ratio:    0.00 (Gate area) 
      Cumulative area ratio:    1.36
      Required ratio:    0.00 (Cumulative area) 
      Partial area ratio:    6.19
      Required ratio:  400.00 (Side area) 
      Cumulative area ratio:    6.19
      Required ratio:    0.00 (Cumulative side area) 

    Layer: via
      Partial area ratio:    0.18
      Required ratio:    6.00 (Gate area) 
      Cumulative area ratio:    0.41
      Required ratio:    0.00 (Cumulative area) 

    Layer: met2
      Partial area ratio:   11.05
      Required ratio:    0.00 (Gate area) 
      Cumulative area ratio:   12.41
      Required ratio:    0.00 (Cumulative area) 
      Partial area ratio:   54.44
      Required ratio: 4336.52 (Side area) 
      Cumulative area ratio:   60.63
      Required ratio:    0.00 (Cumulative side area) 


  Pin:   _26998_/A1 (sky130_fd_sc_hd__mux2_1)
    Layer: mcon
      Partial area ratio:    0.23
      Required ratio:    3.00 (Gate area) 
      Cumulative area ratio:    0.23
      Required ratio:    0.00 (Cumulative area) 

    Layer: met1
      Partial area ratio:   11.07
      Required ratio:    0.00 (Gate area) 
      Cumulative area ratio:   11.07
      Required ratio:    0.00 (Cumulative area) 
      Partial area ratio:   54.75
      Required ratio:  400.00 (Side area) 
      Cumulative area ratio:   54.75
      Required ratio:    0.00 (Cumulative side area) 

    Layer: via
      Partial area ratio:    0.18
      Required ratio:    6.00 (Gate area) 
      Cumulative area ratio:    0.41
      Required ratio:    0.00 (Cumulative area) 

    Layer: met2
      Partial area ratio:   11.05
      Required ratio:    0.00 (Gate area) 
      Cumulative area ratio:   22.12
      Required ratio:    0.00 (Cumulative area) 
      Partial area ratio:   54.44
      Required ratio: 4336.52 (Side area) 
      Cumulative area ratio:  109.19
      Required ratio:    0.00 (Cumulative side area) 


  Pin:   _27007_/A1 (sky130_fd_sc_hd__mux2_1)
    Layer: mcon
      Partial area ratio:    0.46
      Required ratio:    3.00 (Gate area) 
      Cumulative area ratio:    0.46
      Required ratio:    0.00 (Cumulative area) 

    Layer: met1
      Partial area ratio:    7.70
      Required ratio:    0.00 (Gate area) 
      Cumulative area ratio:    7.70
      Required ratio:    0.00 (Cumulative area) 
      Partial area ratio:   37.28
      Required ratio:  400.00 (Side area) 
      Cumulative area ratio:   37.28
      Required ratio:    0.00 (Cumulative side area) 

    Layer: via
      Partial area ratio:    0.36
      Required ratio:    6.00 (Gate area) 
      Cumulative area ratio:    0.82
      Required ratio:    0.00 (Cumulative area) 

    Layer: met2
      Partial area ratio:   11.05
      Required ratio:    0.00 (Gate area) 
      Cumulative area ratio:   18.75
      Required ratio:    0.00 (Cumulative area) 
      Partial area ratio:   54.44
      Required ratio: 4336.52 (Side area) 
      Cumulative area ratio:   91.71
      Required ratio:    0.00 (Cumulative side area) 


  Pin:   _27016_/A1 (sky130_fd_sc_hd__mux2_1)
    Layer: mcon
      Partial area ratio:    0.23
      Required ratio:    3.00 (Gate area) 
      Cumulative area ratio:    0.23
      Required ratio:    0.00 (Cumulative area) 

    Layer: met1
      Partial area ratio:    1.87
      Required ratio:    0.00 (Gate area) 
      Cumulative area ratio:    1.87
      Required ratio:    0.00 (Cumulative area) 
      Partial area ratio:    8.75
      Required ratio:  400.00 (Side area) 
      Cumulative area ratio:    8.75
      Required ratio:    0.00 (Cumulative side area) 

    Layer: via
      Partial area ratio:    0.18
      Required ratio:    6.00 (Gate area) 
      Cumulative area ratio:    0.41
      Required ratio:    0.00 (Cumulative area) 

    Layer: met2
      Partial area ratio:   11.05
      Required ratio:    0.00 (Gate area) 
      Cumulative area ratio:   12.92
      Required ratio:    0.00 (Cumulative area) 
      Partial area ratio:   54.44
      Required ratio: 4336.52 (Side area) 
      Cumulative area ratio:   63.19
      Required ratio:    0.00 (Cumulative side area) 


  Pin:   _27025_/A1 (sky130_fd_sc_hd__mux2_1)
    Layer: mcon
      Partial area ratio:    0.23
      Required ratio:    3.00 (Gate area) 
      Cumulative area ratio:    0.23
      Required ratio:    0.00 (Cumulative area) 

    Layer: met1
      Partial area ratio:    4.73
      Required ratio:    0.00 (Gate area) 
      Cumulative area ratio:    4.73
      Required ratio:    0.00 (Cumulative area) 
      Partial area ratio:   22.19
      Required ratio:  400.00 (Side area) 
      Cumulative area ratio:   22.19
      Required ratio:    0.00 (Cumulative side area) 

    Layer: via
      Partial area ratio:    0.36
      Required ratio:    6.00 (Gate area) 
      Cumulative area ratio:    0.59
      Required ratio:    0.00 (Cumulative area) 

    Layer: met2
      Partial area ratio:   11.05
      Required ratio:    0.00 (Gate area) 
      Cumulative area ratio:   15.78
      Required ratio:    0.00 (Cumulative area) 
      Partial area ratio:   54.44
      Required ratio: 4336.52 (Side area) 
      Cumulative area ratio:   76.63
      Required ratio:    0.00 (Cumulative side area) 


  Pin:   _27034_/A0 (sky130_fd_sc_hd__mux2_1)
    Layer: li1
      Partial area ratio:    0.01
      Required ratio:    0.00 (Gate area) 
      Cumulative area ratio:    0.01
      Required ratio:    0.00 (Cumulative area) 
      Partial area ratio:    0.28
      Required ratio:   75.00 (Side area) 
      Cumulative area ratio:    0.28
      Required ratio:    0.00 (Cumulative side area) 

    Layer: mcon
      Partial area ratio:    0.23
      Required ratio:    3.00 (Gate area) 
      Cumulative area ratio:    0.23
      Required ratio:    0.00 (Cumulative area) 

    Layer: met1
      Partial area ratio:    1.36
      Required ratio:    0.00 (Gate area) 
      Cumulative area ratio:    1.37
      Required ratio:    0.00 (Cumulative area) 
      Partial area ratio:    6.19
      Required ratio:  400.00 (Side area) 
      Cumulative area ratio:    6.47
      Required ratio:    0.00 (Cumulative side area) 

    Layer: via
      Partial area ratio:    0.18
      Required ratio:    6.00 (Gate area) 
      Cumulative area ratio:    0.41
      Required ratio:    0.00 (Cumulative area) 

    Layer: met2
      Partial area ratio:   11.05
      Required ratio:    0.00 (Gate area) 
      Cumulative area ratio:   12.42
      Required ratio:    0.00 (Cumulative area) 
      Partial area ratio:   54.44
      Required ratio: 4336.52 (Side area) 
      Cumulative area ratio:   60.91
      Required ratio:    0.00 (Cumulative side area) 


  Pin:   _27043_/A0 (sky130_fd_sc_hd__mux2_1)
    Layer: li1
      Partial area ratio:    0.01
      Required ratio:    0.00 (Gate area) 
      Cumulative area ratio:    0.01
      Required ratio:    0.00 (Cumulative area) 
      Partial area ratio:    0.28
      Required ratio:   75.00 (Side area) 
      Cumulative area ratio:    0.28
      Required ratio:    0.00 (Cumulative side area) 

    Layer: mcon
      Partial area ratio:    0.23
      Required ratio:    3.00 (Gate area) 
      Cumulative area ratio:    0.23
      Required ratio:    0.00 (Cumulative area) 

    Layer: met1
      Partial area ratio:    2.38
      Required ratio:    0.00 (Gate area) 
      Cumulative area ratio:    2.39
      Required ratio:    0.00 (Cumulative area) 
      Partial area ratio:   11.31
      Required ratio:  400.00 (Side area) 
      Cumulative area ratio:   11.58
      Required ratio:    0.00 (Cumulative side area) 

    Layer: via
      Partial area ratio:    0.18
      Required ratio:    6.00 (Gate area) 
      Cumulative area ratio:    0.41
      Required ratio:    0.00 (Cumulative area) 

    Layer: met2
      Partial area ratio:   11.05
      Required ratio:    0.00 (Gate area) 
      Cumulative area ratio:   13.44
      Required ratio:    0.00 (Cumulative area) 
      Partial area ratio:   54.44
      Required ratio: 4336.52 (Side area) 
      Cumulative area ratio:   66.02
      Required ratio:    0.00 (Cumulative side area) 


  Pin:   _27052_/A1 (sky130_fd_sc_hd__mux2_1)
    Layer: mcon
      Partial area ratio:    0.23
      Required ratio:    3.00 (Gate area) 
      Cumulative area ratio:    0.23
      Required ratio:    0.00 (Cumulative area) 

    Layer: met1
      Partial area ratio:   10.49
      Required ratio:    0.00 (Gate area) 
      Cumulative area ratio:   10.49
      Required ratio:    0.00 (Cumulative area) 
      Partial area ratio:   51.44
      Required ratio:  400.00 (Side area) 
      Cumulative area ratio:   51.44
      Required ratio:    0.00 (Cumulative side area) 

    Layer: via
      Partial area ratio:    0.18
      Required ratio:    6.00 (Gate area) 
      Cumulative area ratio:    0.41
      Required ratio:    0.00 (Cumulative area) 

    Layer: met2
      Partial area ratio:   11.05
      Required ratio:    0.00 (Gate area) 
      Cumulative area ratio:   21.54
      Required ratio:    0.00 (Cumulative area) 
      Partial area ratio:   54.44
      Required ratio: 4336.52 (Side area) 
      Cumulative area ratio:  105.88
      Required ratio:    0.00 (Cumulative side area) 


  Pin:   _27061_/A1 (sky130_fd_sc_hd__mux2_1)
    Layer: mcon
      Partial area ratio:    0.23
      Required ratio:    3.00 (Gate area) 
      Cumulative area ratio:    0.23
      Required ratio:    0.00 (Cumulative area) 

    Layer: met1
      Partial area ratio:   10.49
      Required ratio:    0.00 (Gate area) 
      Cumulative area ratio:   10.49
      Required ratio:    0.00 (Cumulative area) 
      Partial area ratio:   51.44
      Required ratio:  400.00 (Side area) 
      Cumulative area ratio:   51.44
      Required ratio:    0.00 (Cumulative side area) 

    Layer: via
      Partial area ratio:    0.18
      Required ratio:    6.00 (Gate area) 
      Cumulative area ratio:    0.41
      Required ratio:    0.00 (Cumulative area) 

    Layer: met2
      Partial area ratio:   11.05
      Required ratio:    0.00 (Gate area) 
      Cumulative area ratio:   21.54
      Required ratio:    0.00 (Cumulative area) 
      Partial area ratio:   54.44
      Required ratio: 4336.52 (Side area) 
      Cumulative area ratio:  105.88
      Required ratio:    0.00 (Cumulative side area) 


  Pin:   _27070_/A1 (sky130_fd_sc_hd__mux2_1)
    Layer: mcon
      Partial area ratio:    0.23
      Required ratio:    3.00 (Gate area) 
      Cumulative area ratio:    0.23
      Required ratio:    0.00 (Cumulative area) 

    Layer: met1
      Partial area ratio:    2.71
      Required ratio:    0.00 (Gate area) 
      Cumulative area ratio:    2.71
      Required ratio:    0.00 (Cumulative area) 
      Partial area ratio:   12.06
      Required ratio:  400.00 (Side area) 
      Cumulative area ratio:   12.06
      Required ratio:    0.00 (Cumulative side area) 

    Layer: via
      Partial area ratio:    0.36
      Required ratio:    6.00 (Gate area) 
      Cumulative area ratio:    0.59
      Required ratio:    0.00 (Cumulative area) 

    Layer: met2
      Partial area ratio:   11.05
      Required ratio:    0.00 (Gate area) 
      Cumulative area ratio:   13.75
      Required ratio:    0.00 (Cumulative area) 
      Partial area ratio:   54.44
      Required ratio: 4336.52 (Side area) 
      Cumulative area ratio:   66.49
      Required ratio:    0.00 (Cumulative side area) 


  Pin:   _27080_/A1 (sky130_fd_sc_hd__mux2_1)
    Layer: mcon
      Partial area ratio:    0.23
      Required ratio:    3.00 (Gate area) 
      Cumulative area ratio:    0.23
      Required ratio:    0.00 (Cumulative area) 

    Layer: met1
      Partial area ratio:   12.79
      Required ratio:    0.00 (Gate area) 
      Cumulative area ratio:   12.79
      Required ratio:    0.00 (Cumulative area) 
      Partial area ratio:   62.50
      Required ratio:  400.00 (Side area) 
      Cumulative area ratio:   62.50
      Required ratio:    0.00 (Cumulative side area) 

    Layer: via
      Partial area ratio:    0.36
      Required ratio:    6.00 (Gate area) 
      Cumulative area ratio:    0.59
      Required ratio:    0.00 (Cumulative area) 

    Layer: met2
      Partial area ratio:   11.05
      Required ratio:    0.00 (Gate area) 
      Cumulative area ratio:   23.84
      Required ratio:    0.00 (Cumulative area) 
      Partial area ratio:   54.44
      Required ratio: 4336.52 (Side area) 
      Cumulative area ratio:  116.94
      Required ratio:    0.00 (Cumulative side area) 


  Pin:   _27089_/A1 (sky130_fd_sc_hd__mux2_1)
    Layer: mcon
      Partial area ratio:    0.23
      Required ratio:    3.00 (Gate area) 
      Cumulative area ratio:    0.23
      Required ratio:    0.00 (Cumulative area) 

    Layer: met1
      Partial area ratio:    0.66
      Required ratio:    0.00 (Gate area) 
      Cumulative area ratio:    0.66
      Required ratio:    0.00 (Cumulative area) 
      Partial area ratio:    3.22
      Required ratio:  400.00 (Side area) 
      Cumulative area ratio:    3.22
      Required ratio:    0.00 (Cumulative side area) 

    Layer: via
      Partial area ratio:    0.18
      Required ratio:    6.00 (Gate area) 
      Cumulative area ratio:    0.41
      Required ratio:    0.00 (Cumulative area) 

    Layer: met2
      Partial area ratio:   11.05
      Required ratio:    0.00 (Gate area) 
      Cumulative area ratio:   11.71
      Required ratio:    0.00 (Cumulative area) 
      Partial area ratio:   54.44
      Required ratio: 4336.52 (Side area) 
      Cumulative area ratio:   57.66
      Required ratio:    0.00 (Cumulative side area) 


  Pin:   _27098_/A1 (sky130_fd_sc_hd__mux2_1)
    Layer: mcon
      Partial area ratio:    0.23
      Required ratio:    3.00 (Gate area) 
      Cumulative area ratio:    0.23
      Required ratio:    0.00 (Cumulative area) 

    Layer: met1
      Partial area ratio:   11.00
      Required ratio:    0.00 (Gate area) 
      Cumulative area ratio:   11.00
      Required ratio:    0.00 (Cumulative area) 
      Partial area ratio:   54.00
      Required ratio:  400.00 (Side area) 
      Cumulative area ratio:   54.00
      Required ratio:    0.00 (Cumulative side area) 

    Layer: via
      Partial area ratio:    0.18
      Required ratio:    6.00 (Gate area) 
      Cumulative area ratio:    0.41
      Required ratio:    0.00 (Cumulative area) 

    Layer: met2
      Partial area ratio:   11.05
      Required ratio:    0.00 (Gate area) 
      Cumulative area ratio:   22.05
      Required ratio:    0.00 (Cumulative area) 
      Partial area ratio:   54.44
      Required ratio: 4336.52 (Side area) 
      Cumulative area ratio:  108.44
      Required ratio:    0.00 (Cumulative side area) 


  Pin:   _27107_/A1 (sky130_fd_sc_hd__mux2_1)
    Layer: mcon
      Partial area ratio:    0.23
      Required ratio:    3.00 (Gate area) 
      Cumulative area ratio:    0.23
      Required ratio:    0.00 (Cumulative area) 

    Layer: met1
      Partial area ratio:   11.00
      Required ratio:    0.00 (Gate area) 
      Cumulative area ratio:   11.00
      Required ratio:    0.00 (Cumulative area) 
      Partial area ratio:   54.00
      Required ratio:  400.00 (Side area) 
      Cumulative area ratio:   54.00
      Required ratio:    0.00 (Cumulative side area) 

    Layer: via
      Partial area ratio:    0.18
      Required ratio:    6.00 (Gate area) 
      Cumulative area ratio:    0.41
      Required ratio:    0.00 (Cumulative area) 

    Layer: met2
      Partial area ratio:   11.05
      Required ratio:    0.00 (Gate area) 
      Cumulative area ratio:   22.05
      Required ratio:    0.00 (Cumulative area) 
      Partial area ratio:   54.44
      Required ratio: 4336.52 (Side area) 
      Cumulative area ratio:  108.44
      Required ratio:    0.00 (Cumulative side area) 


  Pin:   _27116_/A1 (sky130_fd_sc_hd__mux2_1)
    Layer: mcon
      Partial area ratio:    0.23
      Required ratio:    3.00 (Gate area) 
      Cumulative area ratio:    0.23
      Required ratio:    0.00 (Cumulative area) 

    Layer: met1
      Partial area ratio:   12.85
      Required ratio:    0.00 (Gate area) 
      Cumulative area ratio:   12.85
      Required ratio:    0.00 (Cumulative area) 
      Partial area ratio:   62.83
      Required ratio:  400.00 (Side area) 
      Cumulative area ratio:   62.83
      Required ratio:    0.00 (Cumulative side area) 

    Layer: via
      Partial area ratio:    0.27
      Required ratio:    6.00 (Gate area) 
      Cumulative area ratio:    0.50
      Required ratio:    0.00 (Cumulative area) 

    Layer: met2
      Partial area ratio:   11.05
      Required ratio:    0.00 (Gate area) 
      Cumulative area ratio:   23.90
      Required ratio:    0.00 (Cumulative area) 
      Partial area ratio:   54.44
      Required ratio: 4336.52 (Side area) 
      Cumulative area ratio:  117.27
      Required ratio:    0.00 (Cumulative side area) 


  Pin:   _27125_/A1 (sky130_fd_sc_hd__mux2_1)
    Layer: mcon
      Partial area ratio:    0.23
      Required ratio:    3.00 (Gate area) 
      Cumulative area ratio:    0.23
      Required ratio:    0.00 (Cumulative area) 

    Layer: met1
      Partial area ratio:    0.66
      Required ratio:    0.00 (Gate area) 
      Cumulative area ratio:    0.66
      Required ratio:    0.00 (Cumulative area) 
      Partial area ratio:    3.22
      Required ratio:  400.00 (Side area) 
      Cumulative area ratio:    3.22
      Required ratio:    0.00 (Cumulative side area) 

    Layer: via
      Partial area ratio:    0.18
      Required ratio:    6.00 (Gate area) 
      Cumulative area ratio:    0.41
      Required ratio:    0.00 (Cumulative area) 

    Layer: met2
      Partial area ratio:   11.05
      Required ratio:    0.00 (Gate area) 
      Cumulative area ratio:   11.71
      Required ratio:    0.00 (Cumulative area) 
      Partial area ratio:   54.44
      Required ratio: 4336.52 (Side area) 
      Cumulative area ratio:   57.66
      Required ratio:    0.00 (Cumulative side area) 


  Pin:   _27134_/A0 (sky130_fd_sc_hd__mux2_1)
    Layer: li1
      Partial area ratio:    0.01
      Required ratio:    0.00 (Gate area) 
      Cumulative area ratio:    0.01
      Required ratio:    0.00 (Cumulative area) 
      Partial area ratio:    0.28
      Required ratio:   75.00 (Side area) 
      Cumulative area ratio:    0.28
      Required ratio:    0.00 (Cumulative side area) 

    Layer: mcon
      Partial area ratio:    0.23
      Required ratio:    3.00 (Gate area) 
      Cumulative area ratio:    0.23
      Required ratio:    0.00 (Cumulative area) 

    Layer: met1
      Partial area ratio:    9.12
      Required ratio:    0.00 (Gate area) 
      Cumulative area ratio:    9.13
      Required ratio:    0.00 (Cumulative area) 
      Partial area ratio:   44.61
      Required ratio:  400.00 (Side area) 
      Cumulative area ratio:   44.89
      Required ratio:    0.00 (Cumulative side area) 

    Layer: via
      Partial area ratio:    0.18
      Required ratio:    6.00 (Gate area) 
      Cumulative area ratio:    0.41
      Required ratio:    0.00 (Cumulative area) 

    Layer: met2
      Partial area ratio:   11.05
      Required ratio:    0.00 (Gate area) 
      Cumulative area ratio:   20.18
      Required ratio:    0.00 (Cumulative area) 
      Partial area ratio:   54.44
      Required ratio: 4336.52 (Side area) 
      Cumulative area ratio:   99.33
      Required ratio:    0.00 (Cumulative side area) 


  Pin:   _27143_/A1 (sky130_fd_sc_hd__mux2_1)
    Layer: mcon
      Partial area ratio:    0.23
      Required ratio:    3.00 (Gate area) 
      Cumulative area ratio:    0.23
      Required ratio:    0.00 (Cumulative area) 

    Layer: met1
      Partial area ratio:   32.80
      Required ratio:    0.00 (Gate area) 
      Cumulative area ratio:   32.80
      Required ratio:    0.00 (Cumulative area) 
      Partial area ratio:  163.06
      Required ratio:  400.00 (Side area) 
      Cumulative area ratio:  163.06
      Required ratio:    0.00 (Cumulative side area) 

    Layer: via
      Partial area ratio:    0.36
      Required ratio:    6.00 (Gate area) 
      Cumulative area ratio:    0.59
      Required ratio:    0.00 (Cumulative area) 

    Layer: met2
      Partial area ratio:   11.05
      Required ratio:    0.00 (Gate area) 
      Cumulative area ratio:   43.85
      Required ratio:    0.00 (Cumulative area) 
      Partial area ratio:   54.44
      Required ratio: 4336.52 (Side area) 
      Cumulative area ratio:  217.49
      Required ratio:    0.00 (Cumulative side area) 


  Pin:   _27152_/A1 (sky130_fd_sc_hd__mux2_1)
    Layer: mcon
      Partial area ratio:    0.23
      Required ratio:    3.00 (Gate area) 
      Cumulative area ratio:    0.23
      Required ratio:    0.00 (Cumulative area) 

    Layer: met1
      Partial area ratio:   12.85
      Required ratio:    0.00 (Gate area) 
      Cumulative area ratio:   12.85
      Required ratio:    0.00 (Cumulative area) 
      Partial area ratio:   62.83
      Required ratio:  400.00 (Side area) 
      Cumulative area ratio:   62.83
      Required ratio:    0.00 (Cumulative side area) 

    Layer: via
      Partial area ratio:    0.27
      Required ratio:    6.00 (Gate area) 
      Cumulative area ratio:    0.50
      Required ratio:    0.00 (Cumulative area) 

    Layer: met2
      Partial area ratio:   11.05
      Required ratio:    0.00 (Gate area) 
      Cumulative area ratio:   23.90
      Required ratio:    0.00 (Cumulative area) 
      Partial area ratio:   54.44
      Required ratio: 4336.52 (Side area) 
      Cumulative area ratio:  117.27
      Required ratio:    0.00 (Cumulative side area) 


  Pin:   _27161_/A1 (sky130_fd_sc_hd__mux2_1)
    Layer: mcon
      Partial area ratio:    0.46
      Required ratio:    3.00 (Gate area) 
      Cumulative area ratio:    0.46
      Required ratio:    0.00 (Cumulative area) 

    Layer: met1
      Partial area ratio:   31.35
      Required ratio:    0.00 (Gate area) 
      Cumulative area ratio:   31.35
      Required ratio:    0.00 (Cumulative area) 
      Partial area ratio:  155.50
      Required ratio:  400.00 (Side area) 
      Cumulative area ratio:  155.50
      Required ratio:    0.00 (Cumulative side area) 

    Layer: via
      Partial area ratio:    0.36
      Required ratio:    6.00 (Gate area) 
      Cumulative area ratio:    0.82
      Required ratio:    0.00 (Cumulative area) 

    Layer: met2
      Partial area ratio:   11.05
      Required ratio:    0.00 (Gate area) 
      Cumulative area ratio:   42.39
      Required ratio:    0.00 (Cumulative area) 
      Partial area ratio:   54.44
      Required ratio: 4336.52 (Side area) 
      Cumulative area ratio:  209.94
      Required ratio:    0.00 (Cumulative side area) 


  Pin:   _27170_/A1 (sky130_fd_sc_hd__mux2_1)
    Layer: mcon
      Partial area ratio:    0.23
      Required ratio:    3.00 (Gate area) 
      Cumulative area ratio:    0.23
      Required ratio:    0.00 (Cumulative area) 

    Layer: met1
      Partial area ratio:    0.66
      Required ratio:    0.00 (Gate area) 
      Cumulative area ratio:    0.66
      Required ratio:    0.00 (Cumulative area) 
      Partial area ratio:    3.22
      Required ratio:  400.00 (Side area) 
      Cumulative area ratio:    3.22
      Required ratio:    0.00 (Cumulative side area) 

    Layer: via
      Partial area ratio:    0.18
      Required ratio:    6.00 (Gate area) 
      Cumulative area ratio:    0.41
      Required ratio:    0.00 (Cumulative area) 

    Layer: met2
      Partial area ratio:   11.05
      Required ratio:    0.00 (Gate area) 
      Cumulative area ratio:   11.71
      Required ratio:    0.00 (Cumulative area) 
      Partial area ratio:   54.44
      Required ratio: 4336.52 (Side area) 
      Cumulative area ratio:   57.66
      Required ratio:    0.00 (Cumulative side area) 


  Pin:   _27179_/A1 (sky130_fd_sc_hd__mux2_1)
    Layer: mcon
      Partial area ratio:    0.23
      Required ratio:    3.00 (Gate area) 
      Cumulative area ratio:    0.23
      Required ratio:    0.00 (Cumulative area) 

    Layer: met1
      Partial area ratio:    2.90
      Required ratio:    0.00 (Gate area) 
      Cumulative area ratio:    2.90
      Required ratio:    0.00 (Cumulative area) 
      Partial area ratio:   13.86
      Required ratio:  400.00 (Side area) 
      Cumulative area ratio:   13.86
      Required ratio:    0.00 (Cumulative side area) 

    Layer: via
      Partial area ratio:    0.18
      Required ratio:    6.00 (Gate area) 
      Cumulative area ratio:    0.41
      Required ratio:    0.00 (Cumulative area) 

    Layer: met2
      Partial area ratio:   11.05
      Required ratio:    0.00 (Gate area) 
      Cumulative area ratio:   13.94
      Required ratio:    0.00 (Cumulative area) 
      Partial area ratio:   54.44
      Required ratio: 4336.52 (Side area) 
      Cumulative area ratio:   68.30
      Required ratio:    0.00 (Cumulative side area) 


  Pin:   _27188_/A1 (sky130_fd_sc_hd__mux2_1)
    Layer: mcon
      Partial area ratio:    0.23
      Required ratio:    3.00 (Gate area) 
      Cumulative area ratio:    0.23
      Required ratio:    0.00 (Cumulative area) 

    Layer: met1
      Partial area ratio:   45.34
      Required ratio:    0.00 (Gate area) 
      Cumulative area ratio:   45.34
      Required ratio:    0.00 (Cumulative area) 
      Partial area ratio:  224.39
      Required ratio:  400.00 (Side area) 
      Cumulative area ratio:  224.39
      Required ratio:    0.00 (Cumulative side area) 

    Layer: via
      Partial area ratio:    0.54
      Required ratio:    6.00 (Gate area) 
      Cumulative area ratio:    0.77
      Required ratio:    0.00 (Cumulative area) 

    Layer: met2
      Partial area ratio:   11.05
      Required ratio:    0.00 (Gate area) 
      Cumulative area ratio:   56.39
      Required ratio:    0.00 (Cumulative area) 
      Partial area ratio:   54.44
      Required ratio: 4336.52 (Side area) 
      Cumulative area ratio:  278.83
      Required ratio:    0.00 (Cumulative side area) 


  Pin:   _27197_/A1 (sky130_fd_sc_hd__mux2_1)
    Layer: mcon
      Partial area ratio:    0.23
      Required ratio:    3.00 (Gate area) 
      Cumulative area ratio:    0.23
      Required ratio:    0.00 (Cumulative area) 

    Layer: met1
      Partial area ratio:   10.05
      Required ratio:    0.00 (Gate area) 
      Cumulative area ratio:   10.05
      Required ratio:    0.00 (Cumulative area) 
      Partial area ratio:   49.64
      Required ratio:  400.00 (Side area) 
      Cumulative area ratio:   49.64
      Required ratio:    0.00 (Cumulative side area) 

    Layer: via
      Partial area ratio:    0.18
      Required ratio:    6.00 (Gate area) 
      Cumulative area ratio:    0.41
      Required ratio:    0.00 (Cumulative area) 

    Layer: met2
      Partial area ratio:   11.05
      Required ratio:    0.00 (Gate area) 
      Cumulative area ratio:   21.10
      Required ratio:    0.00 (Cumulative area) 
      Partial area ratio:   54.44
      Required ratio: 4336.52 (Side area) 
      Cumulative area ratio:  104.08
      Required ratio:    0.00 (Cumulative side area) 


  Pin:   _27206_/A1 (sky130_fd_sc_hd__mux2_1)
    Layer: mcon
      Partial area ratio:    0.23
      Required ratio:    3.00 (Gate area) 
      Cumulative area ratio:    0.23
      Required ratio:    0.00 (Cumulative area) 

    Layer: met1
      Partial area ratio:    2.69
      Required ratio:    0.00 (Gate area) 
      Cumulative area ratio:    2.69
      Required ratio:    0.00 (Cumulative area) 
      Partial area ratio:   11.97
      Required ratio:  400.00 (Side area) 
      Cumulative area ratio:   11.97
      Required ratio:    0.00 (Cumulative side area) 

    Layer: via
      Partial area ratio:    0.36
      Required ratio:    6.00 (Gate area) 
      Cumulative area ratio:    0.59
      Required ratio:    0.00 (Cumulative area) 

    Layer: met2
      Partial area ratio:   11.05
      Required ratio:    0.00 (Gate area) 
      Cumulative area ratio:   13.74
      Required ratio:    0.00 (Cumulative area) 
      Partial area ratio:   54.44
      Required ratio: 4336.52 (Side area) 
      Cumulative area ratio:   66.41
      Required ratio:    0.00 (Cumulative side area) 


  Pin:   _27215_/A1 (sky130_fd_sc_hd__mux2_1)
    Layer: mcon
      Partial area ratio:    0.23
      Required ratio:    3.00 (Gate area) 
      Cumulative area ratio:    0.23
      Required ratio:    0.00 (Cumulative area) 

    Layer: met1
      Partial area ratio:    1.36
      Required ratio:    0.00 (Gate area) 
      Cumulative area ratio:    1.36
      Required ratio:    0.00 (Cumulative area) 
      Partial area ratio:    6.19
      Required ratio:  400.00 (Side area) 
      Cumulative area ratio:    6.19
      Required ratio:    0.00 (Cumulative side area) 

    Layer: via
      Partial area ratio:    0.18
      Required ratio:    6.00 (Gate area) 
      Cumulative area ratio:    0.41
      Required ratio:    0.00 (Cumulative area) 

    Layer: met2
      Partial area ratio:   11.05
      Required ratio:    0.00 (Gate area) 
      Cumulative area ratio:   12.41
      Required ratio:    0.00 (Cumulative area) 
      Partial area ratio:   54.44
      Required ratio: 4336.52 (Side area) 
      Cumulative area ratio:   60.63
      Required ratio:    0.00 (Cumulative side area) 


  Pin:   _27224_/A1 (sky130_fd_sc_hd__mux2_1)
    Layer: mcon
      Partial area ratio:    0.23
      Required ratio:    3.00 (Gate area) 
      Cumulative area ratio:    0.23
      Required ratio:    0.00 (Cumulative area) 

    Layer: met1
      Partial area ratio:    2.34
      Required ratio:    0.00 (Gate area) 
      Cumulative area ratio:    2.34
      Required ratio:    0.00 (Cumulative area) 
      Partial area ratio:   11.42
      Required ratio: 2773.88 (Side area) 
      Cumulative area ratio:   11.42
      Required ratio:    0.00 (Cumulative side area) 

    Layer: via
      Partial area ratio:    0.08
      Required ratio:   21.65 (Gate area) 
      Cumulative area ratio:    0.31
      Required ratio:    0.00 (Cumulative area) 

    Layer: met2
      Partial area ratio:   11.05
      Required ratio:    0.00 (Gate area) 
      Cumulative area ratio:   13.39
      Required ratio:    0.00 (Cumulative area) 
      Partial area ratio:   54.44
      Required ratio: 4336.52 (Side area) 
      Cumulative area ratio:   65.85
      Required ratio:    0.00 (Cumulative side area) 


  Pin:   _27233_/A0 (sky130_fd_sc_hd__mux2_1)
    Layer: li1
      Partial area ratio:    0.01
      Required ratio:    0.00 (Gate area) 
      Cumulative area ratio:    0.01
      Required ratio:    0.00 (Cumulative area) 
      Partial area ratio:    0.28
      Required ratio:   75.00 (Side area) 
      Cumulative area ratio:    0.28
      Required ratio:    0.00 (Cumulative side area) 

    Layer: mcon
      Partial area ratio:    0.23
      Required ratio:    3.00 (Gate area) 
      Cumulative area ratio:    0.23
      Required ratio:    0.00 (Cumulative area) 

    Layer: met1
      Partial area ratio:    9.12
      Required ratio:    0.00 (Gate area) 
      Cumulative area ratio:    9.13
      Required ratio:    0.00 (Cumulative area) 
      Partial area ratio:   44.61
      Required ratio:  400.00 (Side area) 
      Cumulative area ratio:   44.89
      Required ratio:    0.00 (Cumulative side area) 

    Layer: via
      Partial area ratio:    0.18
      Required ratio:    6.00 (Gate area) 
      Cumulative area ratio:    0.41
      Required ratio:    0.00 (Cumulative area) 

    Layer: met2
      Partial area ratio:   11.05
      Required ratio:    0.00 (Gate area) 
      Cumulative area ratio:   20.18
      Required ratio:    0.00 (Cumulative area) 
      Partial area ratio:   54.44
      Required ratio: 4336.52 (Side area) 
      Cumulative area ratio:   99.33
      Required ratio:    0.00 (Cumulative side area) 


  Pin:   _27243_/A1 (sky130_fd_sc_hd__mux2_1)
    Layer: mcon
      Partial area ratio:    0.23
      Required ratio:    3.00 (Gate area) 
      Cumulative area ratio:    0.23
      Required ratio:    0.00 (Cumulative area) 

    Layer: met1
      Partial area ratio:    0.66
      Required ratio:    0.00 (Gate area) 
      Cumulative area ratio:    0.66
      Required ratio:    0.00 (Cumulative area) 
      Partial area ratio:    3.22
      Required ratio:  400.00 (Side area) 
      Cumulative area ratio:    3.22
      Required ratio:    0.00 (Cumulative side area) 

    Layer: via
      Partial area ratio:    0.18
      Required ratio:    6.00 (Gate area) 
      Cumulative area ratio:    0.41
      Required ratio:    0.00 (Cumulative area) 

    Layer: met2
      Partial area ratio:   11.05
      Required ratio:    0.00 (Gate area) 
      Cumulative area ratio:   11.71
      Required ratio:    0.00 (Cumulative area) 
      Partial area ratio:   54.44
      Required ratio: 4336.52 (Side area) 
      Cumulative area ratio:   57.66
      Required ratio:    0.00 (Cumulative side area) 


  Pin:   _27252_/A1 (sky130_fd_sc_hd__mux2_1)
    Layer: mcon
      Partial area ratio:    0.23
      Required ratio:    3.00 (Gate area) 
      Cumulative area ratio:    0.23
      Required ratio:    0.00 (Cumulative area) 

    Layer: met1
      Partial area ratio:   23.67
      Required ratio:    0.00 (Gate area) 
      Cumulative area ratio:   23.67
      Required ratio:    0.00 (Cumulative area) 
      Partial area ratio:  116.89
      Required ratio:  400.00 (Side area) 
      Cumulative area ratio:  116.89
      Required ratio:    0.00 (Cumulative side area) 

    Layer: via
      Partial area ratio:    0.36
      Required ratio:    6.00 (Gate area) 
      Cumulative area ratio:    0.59
      Required ratio:    0.00 (Cumulative area) 

    Layer: met2
      Partial area ratio:   11.05
      Required ratio:    0.00 (Gate area) 
      Cumulative area ratio:   34.72
      Required ratio:    0.00 (Cumulative area) 
      Partial area ratio:   54.44
      Required ratio: 4336.52 (Side area) 
      Cumulative area ratio:  171.33
      Required ratio:    0.00 (Cumulative side area) 


  Pin:   _27261_/A1 (sky130_fd_sc_hd__mux2_1)
    Layer: mcon
      Partial area ratio:    0.23
      Required ratio:    3.00 (Gate area) 
      Cumulative area ratio:    0.23
      Required ratio:    0.00 (Cumulative area) 

    Layer: met1
      Partial area ratio:    6.78
      Required ratio:    0.00 (Gate area) 
      Cumulative area ratio:    6.78
      Required ratio:    0.00 (Cumulative area) 
      Partial area ratio:   32.42
      Required ratio:  400.00 (Side area) 
      Cumulative area ratio:   32.42
      Required ratio:    0.00 (Cumulative side area) 

    Layer: via
      Partial area ratio:    0.36
      Required ratio:    6.00 (Gate area) 
      Cumulative area ratio:    0.59
      Required ratio:    0.00 (Cumulative area) 

    Layer: met2
      Partial area ratio:   11.05
      Required ratio:    0.00 (Gate area) 
      Cumulative area ratio:   17.83
      Required ratio:    0.00 (Cumulative area) 
      Partial area ratio:   54.44
      Required ratio: 4336.52 (Side area) 
      Cumulative area ratio:   86.85
      Required ratio:    0.00 (Cumulative side area) 


  Pin:   _27270_/A1 (sky130_fd_sc_hd__mux2_1)
    Layer: mcon
      Partial area ratio:    0.23
      Required ratio:    3.00 (Gate area) 
      Cumulative area ratio:    0.23
      Required ratio:    0.00 (Cumulative area) 

    Layer: met1
      Partial area ratio:    1.36
      Required ratio:    0.00 (Gate area) 
      Cumulative area ratio:    1.36
      Required ratio:    0.00 (Cumulative area) 
      Partial area ratio:    6.19
      Required ratio:  400.00 (Side area) 
      Cumulative area ratio:    6.19
      Required ratio:    0.00 (Cumulative side area) 

    Layer: via
      Partial area ratio:    0.18
      Required ratio:    6.00 (Gate area) 
      Cumulative area ratio:    0.41
      Required ratio:    0.00 (Cumulative area) 

    Layer: met2
      Partial area ratio:   11.05
      Required ratio:    0.00 (Gate area) 
      Cumulative area ratio:   12.41
      Required ratio:    0.00 (Cumulative area) 
      Partial area ratio:   54.44
      Required ratio: 4336.52 (Side area) 
      Cumulative area ratio:   60.63
      Required ratio:    0.00 (Cumulative side area) 


  Pin:   _27279_/A1 (sky130_fd_sc_hd__mux2_1)
    Layer: mcon
      Partial area ratio:    0.23
      Required ratio:    3.00 (Gate area) 
      Cumulative area ratio:    0.23
      Required ratio:    0.00 (Cumulative area) 

    Layer: met1
      Partial area ratio:    0.66
      Required ratio:    0.00 (Gate area) 
      Cumulative area ratio:    0.66
      Required ratio:    0.00 (Cumulative area) 
      Partial area ratio:    3.22
      Required ratio:  400.00 (Side area) 
      Cumulative area ratio:    3.22
      Required ratio:    0.00 (Cumulative side area) 

    Layer: via
      Partial area ratio:    0.18
      Required ratio:    6.00 (Gate area) 
      Cumulative area ratio:    0.41
      Required ratio:    0.00 (Cumulative area) 

    Layer: met2
      Partial area ratio:   11.05
      Required ratio:    0.00 (Gate area) 
      Cumulative area ratio:   11.71
      Required ratio:    0.00 (Cumulative area) 
      Partial area ratio:   54.44
      Required ratio: 4336.52 (Side area) 
      Cumulative area ratio:   57.66
      Required ratio:    0.00 (Cumulative side area) 


  Pin:   _27288_/A1 (sky130_fd_sc_hd__mux2_1)
    Layer: mcon
      Partial area ratio:    0.23
      Required ratio:    3.00 (Gate area) 
      Cumulative area ratio:    0.23
      Required ratio:    0.00 (Cumulative area) 

    Layer: met1
      Partial area ratio:   57.74
      Required ratio:    0.00 (Gate area) 
      Cumulative area ratio:   57.74
      Required ratio:    0.00 (Cumulative area) 
      Partial area ratio:  285.50
      Required ratio:  400.00 (Side area) 
      Cumulative area ratio:  285.50
      Required ratio:    0.00 (Cumulative side area) 

    Layer: via
      Partial area ratio:    0.71
      Required ratio:    6.00 (Gate area) 
      Cumulative area ratio:    0.94
      Required ratio:    0.00 (Cumulative area) 

    Layer: met2
      Partial area ratio:   11.05
      Required ratio:    0.00 (Gate area) 
      Cumulative area ratio:   68.78
      Required ratio:    0.00 (Cumulative area) 
      Partial area ratio:   54.44
      Required ratio: 4336.52 (Side area) 
      Cumulative area ratio:  339.94
      Required ratio:    0.00 (Cumulative side area) 


  Pin:   _27297_/A1 (sky130_fd_sc_hd__mux2_1)
    Layer: mcon
      Partial area ratio:    0.46
      Required ratio:    3.00 (Gate area) 
      Cumulative area ratio:    0.46
      Required ratio:    0.00 (Cumulative area) 

    Layer: met1
      Partial area ratio:    6.11
      Required ratio:    0.00 (Gate area) 
      Cumulative area ratio:    6.11
      Required ratio:    0.00 (Cumulative area) 
      Partial area ratio:   29.86
      Required ratio:  400.00 (Side area) 
      Cumulative area ratio:   29.86
      Required ratio:    0.00 (Cumulative side area) 

    Layer: via
      Partial area ratio:    0.36
      Required ratio:    6.00 (Gate area) 
      Cumulative area ratio:    0.82
      Required ratio:    0.00 (Cumulative area) 

    Layer: met2
      Partial area ratio:   11.05
      Required ratio:    0.00 (Gate area) 
      Cumulative area ratio:   17.16
      Required ratio:    0.00 (Cumulative area) 
      Partial area ratio:   54.44
      Required ratio: 4336.52 (Side area) 
      Cumulative area ratio:   84.30
      Required ratio:    0.00 (Cumulative side area) 


  Pin:   _27306_/A1 (sky130_fd_sc_hd__mux2_1)
    Layer: mcon
      Partial area ratio:    0.23
      Required ratio:    3.00 (Gate area) 
      Cumulative area ratio:    0.23
      Required ratio:    0.00 (Cumulative area) 

    Layer: met1
      Partial area ratio:    0.66
      Required ratio:    0.00 (Gate area) 
      Cumulative area ratio:    0.66
      Required ratio:    0.00 (Cumulative area) 
      Partial area ratio:    3.22
      Required ratio:  400.00 (Side area) 
      Cumulative area ratio:    3.22
      Required ratio:    0.00 (Cumulative side area) 

    Layer: via
      Partial area ratio:    0.18
      Required ratio:    6.00 (Gate area) 
      Cumulative area ratio:    0.41
      Required ratio:    0.00 (Cumulative area) 

    Layer: met2
      Partial area ratio:   11.05
      Required ratio:    0.00 (Gate area) 
      Cumulative area ratio:   11.71
      Required ratio:    0.00 (Cumulative area) 
      Partial area ratio:   54.44
      Required ratio: 4336.52 (Side area) 
      Cumulative area ratio:   57.66
      Required ratio:    0.00 (Cumulative side area) 


  Pin:   _27315_/A1 (sky130_fd_sc_hd__mux2_1)
    Layer: mcon
      Partial area ratio:    0.23
      Required ratio:    3.00 (Gate area) 
      Cumulative area ratio:    0.23
      Required ratio:    0.00 (Cumulative area) 

    Layer: met1
      Partial area ratio:    5.48
      Required ratio:    0.00 (Gate area) 
      Cumulative area ratio:    5.48
      Required ratio:    0.00 (Cumulative area) 
      Partial area ratio:   26.94
      Required ratio: 2773.88 (Side area) 
      Cumulative area ratio:   26.94
      Required ratio:    0.00 (Cumulative side area) 

    Layer: via
      Partial area ratio:    0.08
      Required ratio:   21.65 (Gate area) 
      Cumulative area ratio:    0.31
      Required ratio:    0.00 (Cumulative area) 

    Layer: met2
      Partial area ratio:   11.05
      Required ratio:    0.00 (Gate area) 
      Cumulative area ratio:   16.53
      Required ratio:    0.00 (Cumulative area) 
      Partial area ratio:   54.44
      Required ratio: 4336.52 (Side area) 
      Cumulative area ratio:   81.38
      Required ratio:    0.00 (Cumulative side area) 


  Pin:   _27324_/A1 (sky130_fd_sc_hd__mux2_1)
    Layer: mcon
      Partial area ratio:    0.23
      Required ratio:    3.00 (Gate area) 
      Cumulative area ratio:    0.23
      Required ratio:    0.00 (Cumulative area) 

    Layer: met1
      Partial area ratio:    9.20
      Required ratio:    0.00 (Gate area) 
      Cumulative area ratio:    9.20
      Required ratio:    0.00 (Cumulative area) 
      Partial area ratio:   45.26
      Required ratio:  400.00 (Side area) 
      Cumulative area ratio:   45.26
      Required ratio:    0.00 (Cumulative side area) 

    Layer: via
      Partial area ratio:    0.18
      Required ratio:    6.00 (Gate area) 
      Cumulative area ratio:    0.41
      Required ratio:    0.00 (Cumulative area) 

    Layer: met2
      Partial area ratio:   11.05
      Required ratio:    0.00 (Gate area) 
      Cumulative area ratio:   20.25
      Required ratio:    0.00 (Cumulative area) 
      Partial area ratio:   54.44
      Required ratio: 4336.52 (Side area) 
      Cumulative area ratio:   99.70
      Required ratio:    0.00 (Cumulative side area) 


  Pin:   _27334_/A0 (sky130_fd_sc_hd__mux2_1)
    Layer: li1
      Partial area ratio:    0.01
      Required ratio:    0.00 (Gate area) 
      Cumulative area ratio:    0.01
      Required ratio:    0.00 (Cumulative area) 
      Partial area ratio:    0.56
      Required ratio:   75.00 (Side area) 
      Cumulative area ratio:    0.56
      Required ratio:    0.00 (Cumulative side area) 

    Layer: mcon
      Partial area ratio:    0.46
      Required ratio:    3.00 (Gate area) 
      Cumulative area ratio:    0.46
      Required ratio:    0.00 (Cumulative area) 

    Layer: met1
      Partial area ratio:   48.08
      Required ratio:    0.00 (Gate area) 
      Cumulative area ratio:   48.09
      Required ratio:    0.00 (Cumulative area) 
      Partial area ratio:  239.17
      Required ratio:  400.00 (Side area) 
      Cumulative area ratio:  239.72
      Required ratio:    0.00 (Cumulative side area) 

    Layer: via
      Partial area ratio:    0.36
      Required ratio:    6.00 (Gate area) 
      Cumulative area ratio:    0.82
      Required ratio:    0.00 (Cumulative area) 

    Layer: met2
      Partial area ratio:   11.05
      Required ratio:    0.00 (Gate area) 
      Cumulative area ratio:   59.14
      Required ratio:    0.00 (Cumulative area) 
      Partial area ratio:   54.44
      Required ratio: 4336.52 (Side area) 
      Cumulative area ratio:  294.16
      Required ratio:    0.00 (Cumulative side area) 


  Pin:   _27343_/A1 (sky130_fd_sc_hd__mux2_1)
    Layer: mcon
      Partial area ratio:    0.23
      Required ratio:    3.00 (Gate area) 
      Cumulative area ratio:    0.23
      Required ratio:    0.00 (Cumulative area) 

    Layer: met1
      Partial area ratio:    8.52
      Required ratio:    0.00 (Gate area) 
      Cumulative area ratio:    8.52
      Required ratio:    0.00 (Cumulative area) 
      Partial area ratio:   41.97
      Required ratio:  400.00 (Side area) 
      Cumulative area ratio:   41.97
      Required ratio:    0.00 (Cumulative side area) 

    Layer: via
      Partial area ratio:    0.18
      Required ratio:    6.00 (Gate area) 
      Cumulative area ratio:    0.41
      Required ratio:    0.00 (Cumulative area) 

    Layer: met2
      Partial area ratio:   11.05
      Required ratio:    0.00 (Gate area) 
      Cumulative area ratio:   19.56
      Required ratio:    0.00 (Cumulative area) 
      Partial area ratio:   54.44
      Required ratio: 4336.52 (Side area) 
      Cumulative area ratio:   96.41
      Required ratio:    0.00 (Cumulative side area) 


  Pin:   _27352_/A1 (sky130_fd_sc_hd__mux2_1)
    Layer: mcon
      Partial area ratio:    0.23
      Required ratio:    3.00 (Gate area) 
      Cumulative area ratio:    0.23
      Required ratio:    0.00 (Cumulative area) 

    Layer: met1
      Partial area ratio:    9.20
      Required ratio:    0.00 (Gate area) 
      Cumulative area ratio:    9.20
      Required ratio:    0.00 (Cumulative area) 
      Partial area ratio:   45.26
      Required ratio:  400.00 (Side area) 
      Cumulative area ratio:   45.26
      Required ratio:    0.00 (Cumulative side area) 

    Layer: via
      Partial area ratio:    0.18
      Required ratio:    6.00 (Gate area) 
      Cumulative area ratio:    0.41
      Required ratio:    0.00 (Cumulative area) 

    Layer: met2
      Partial area ratio:   11.05
      Required ratio:    0.00 (Gate area) 
      Cumulative area ratio:   20.25
      Required ratio:    0.00 (Cumulative area) 
      Partial area ratio:   54.44
      Required ratio: 4336.52 (Side area) 
      Cumulative area ratio:   99.70
      Required ratio:    0.00 (Cumulative side area) 


  Pin:   _27361_/A1 (sky130_fd_sc_hd__mux2_1)
    Layer: mcon
      Partial area ratio:    0.23
      Required ratio:    3.00 (Gate area) 
      Cumulative area ratio:    0.23
      Required ratio:    0.00 (Cumulative area) 

    Layer: met1
      Partial area ratio:    4.43
      Required ratio:    0.00 (Gate area) 
      Cumulative area ratio:    4.43
      Required ratio:    0.00 (Cumulative area) 
      Partial area ratio:   21.53
      Required ratio:  400.00 (Side area) 
      Cumulative area ratio:   21.53
      Required ratio:    0.00 (Cumulative side area) 

    Layer: via
      Partial area ratio:    0.18
      Required ratio:    6.00 (Gate area) 
      Cumulative area ratio:    0.41
      Required ratio:    0.00 (Cumulative area) 

    Layer: met2
      Partial area ratio:   11.05
      Required ratio:    0.00 (Gate area) 
      Cumulative area ratio:   15.48
      Required ratio:    0.00 (Cumulative area) 
      Partial area ratio:   54.44
      Required ratio: 4336.52 (Side area) 
      Cumulative area ratio:   75.96
      Required ratio:    0.00 (Cumulative side area) 


  Pin:   _27370_/A1 (sky130_fd_sc_hd__mux2_1)
    Layer: mcon
      Partial area ratio:    0.23
      Required ratio:    3.00 (Gate area) 
      Cumulative area ratio:    0.23
      Required ratio:    0.00 (Cumulative area) 

    Layer: met1
      Partial area ratio:    0.66
      Required ratio:    0.00 (Gate area) 
      Cumulative area ratio:    0.66
      Required ratio:    0.00 (Cumulative area) 
      Partial area ratio:    3.22
      Required ratio:  400.00 (Side area) 
      Cumulative area ratio:    3.22
      Required ratio:    0.00 (Cumulative side area) 

    Layer: via
      Partial area ratio:    0.18
      Required ratio:    6.00 (Gate area) 
      Cumulative area ratio:    0.41
      Required ratio:    0.00 (Cumulative area) 

    Layer: met2
      Partial area ratio:   11.05
      Required ratio:    0.00 (Gate area) 
      Cumulative area ratio:   11.71
      Required ratio:    0.00 (Cumulative area) 
      Partial area ratio:   54.44
      Required ratio: 4336.52 (Side area) 
      Cumulative area ratio:   57.66
      Required ratio:    0.00 (Cumulative side area) 


  Pin:   _27379_/A1 (sky130_fd_sc_hd__mux2_1)
    Layer: mcon
      Partial area ratio:    0.23
      Required ratio:    3.00 (Gate area) 
      Cumulative area ratio:    0.23
      Required ratio:    0.00 (Cumulative area) 

    Layer: met1
      Partial area ratio:   11.66
      Required ratio:    0.00 (Gate area) 
      Cumulative area ratio:   11.66
      Required ratio:    0.00 (Cumulative area) 
      Partial area ratio:   56.89
      Required ratio:  400.00 (Side area) 
      Cumulative area ratio:   56.89
      Required ratio:    0.00 (Cumulative side area) 

    Layer: via
      Partial area ratio:    0.27
      Required ratio:    6.00 (Gate area) 
      Cumulative area ratio:    0.50
      Required ratio:    0.00 (Cumulative area) 

    Layer: met2
      Partial area ratio:   11.05
      Required ratio:    0.00 (Gate area) 
      Cumulative area ratio:   22.71
      Required ratio:    0.00 (Cumulative area) 
      Partial area ratio:   54.44
      Required ratio: 4336.52 (Side area) 
      Cumulative area ratio:  111.33
      Required ratio:    0.00 (Cumulative side area) 


  Pin:   _27388_/A1 (sky130_fd_sc_hd__mux2_1)
    Layer: mcon
      Partial area ratio:    0.23
      Required ratio:    3.00 (Gate area) 
      Cumulative area ratio:    0.23
      Required ratio:    0.00 (Cumulative area) 

    Layer: met1
      Partial area ratio:   11.66
      Required ratio:    0.00 (Gate area) 
      Cumulative area ratio:   11.66
      Required ratio:    0.00 (Cumulative area) 
      Partial area ratio:   56.89
      Required ratio:  400.00 (Side area) 
      Cumulative area ratio:   56.89
      Required ratio:    0.00 (Cumulative side area) 

    Layer: via
      Partial area ratio:    0.27
      Required ratio:    6.00 (Gate area) 
      Cumulative area ratio:    0.50
      Required ratio:    0.00 (Cumulative area) 

    Layer: met2
      Partial area ratio:   11.05
      Required ratio:    0.00 (Gate area) 
      Cumulative area ratio:   22.71
      Required ratio:    0.00 (Cumulative area) 
      Partial area ratio:   54.44
      Required ratio: 4336.52 (Side area) 
      Cumulative area ratio:  111.33
      Required ratio:    0.00 (Cumulative side area) 


  Pin:   _27398_/A1 (sky130_fd_sc_hd__mux2_1)
    Layer: mcon
      Partial area ratio:    0.23
      Required ratio:    3.00 (Gate area) 
      Cumulative area ratio:    0.23
      Required ratio:    0.00 (Cumulative area) 

    Layer: met1
      Partial area ratio:   10.56
      Required ratio:    0.00 (Gate area) 
      Cumulative area ratio:   10.56
      Required ratio:    0.00 (Cumulative area) 
      Partial area ratio:   52.19
      Required ratio:  400.00 (Side area) 
      Cumulative area ratio:   52.19
      Required ratio:    0.00 (Cumulative side area) 

    Layer: via
      Partial area ratio:    0.18
      Required ratio:    6.00 (Gate area) 
      Cumulative area ratio:    0.41
      Required ratio:    0.00 (Cumulative area) 

    Layer: met2
      Partial area ratio:   11.05
      Required ratio:    0.00 (Gate area) 
      Cumulative area ratio:   21.61
      Required ratio:    0.00 (Cumulative area) 
      Partial area ratio:   54.44
      Required ratio: 4336.52 (Side area) 
      Cumulative area ratio:  106.63
      Required ratio:    0.00 (Cumulative side area) 


  Pin:   _27407_/A1 (sky130_fd_sc_hd__mux2_1)
    Layer: mcon
      Partial area ratio:    0.23
      Required ratio:    3.00 (Gate area) 
      Cumulative area ratio:    0.23
      Required ratio:    0.00 (Cumulative area) 

    Layer: met1
      Partial area ratio:    5.45
      Required ratio:    0.00 (Gate area) 
      Cumulative area ratio:    5.45
      Required ratio:    0.00 (Cumulative area) 
      Partial area ratio:   26.64
      Required ratio:  400.00 (Side area) 
      Cumulative area ratio:   26.64
      Required ratio:    0.00 (Cumulative side area) 

    Layer: via
      Partial area ratio:    0.18
      Required ratio:    6.00 (Gate area) 
      Cumulative area ratio:    0.41
      Required ratio:    0.00 (Cumulative area) 

    Layer: met2
      Partial area ratio:   11.05
      Required ratio:    0.00 (Gate area) 
      Cumulative area ratio:   16.50
      Required ratio:    0.00 (Cumulative area) 
      Partial area ratio:   54.44
      Required ratio: 4336.52 (Side area) 
      Cumulative area ratio:   81.08
      Required ratio:    0.00 (Cumulative side area) 


  Pin:   _27416_/A1 (sky130_fd_sc_hd__mux2_1)
    Layer: mcon
      Partial area ratio:    0.46
      Required ratio:    3.00 (Gate area) 
      Cumulative area ratio:    0.46
      Required ratio:    0.00 (Cumulative area) 

    Layer: met1
      Partial area ratio:    3.56
      Required ratio:    0.00 (Gate area) 
      Cumulative area ratio:    3.56
      Required ratio:    0.00 (Cumulative area) 
      Partial area ratio:   17.08
      Required ratio:  400.00 (Side area) 
      Cumulative area ratio:   17.08
      Required ratio:    0.00 (Cumulative side area) 

    Layer: via
      Partial area ratio:    0.36
      Required ratio:    6.00 (Gate area) 
      Cumulative area ratio:    0.82
      Required ratio:    0.00 (Cumulative area) 

    Layer: met2
      Partial area ratio:   11.05
      Required ratio:    0.00 (Gate area) 
      Cumulative area ratio:   14.60
      Required ratio:    0.00 (Cumulative area) 
      Partial area ratio:   54.44
      Required ratio: 4336.52 (Side area) 
      Cumulative area ratio:   71.52
      Required ratio:    0.00 (Cumulative side area) 


  Pin:   _27425_/A1 (sky130_fd_sc_hd__mux2_1)
    Layer: mcon
      Partial area ratio:    0.23
      Required ratio:    3.00 (Gate area) 
      Cumulative area ratio:    0.23
      Required ratio:    0.00 (Cumulative area) 

    Layer: met1
      Partial area ratio:    7.61
      Required ratio:    0.00 (Gate area) 
      Cumulative area ratio:    7.61
      Required ratio:    0.00 (Cumulative area) 
      Partial area ratio:   35.72
      Required ratio:  400.00 (Side area) 
      Cumulative area ratio:   35.72
      Required ratio:    0.00 (Cumulative side area) 

    Layer: via
      Partial area ratio:    0.54
      Required ratio:    6.00 (Gate area) 
      Cumulative area ratio:    0.77
      Required ratio:    0.00 (Cumulative area) 

    Layer: met2
      Partial area ratio:   11.05
      Required ratio:    0.00 (Gate area) 
      Cumulative area ratio:   18.66
      Required ratio:    0.00 (Cumulative area) 
      Partial area ratio:   54.44
      Required ratio: 4336.52 (Side area) 
      Cumulative area ratio:   90.16
      Required ratio:    0.00 (Cumulative side area) 


  Pin:   _27434_/A0 (sky130_fd_sc_hd__mux2_1)
    Layer: li1
      Partial area ratio:    0.01
      Required ratio:    0.00 (Gate area) 
      Cumulative area ratio:    0.01
      Required ratio:    0.00 (Cumulative area) 
      Partial area ratio:    0.28
      Required ratio:   75.00 (Side area) 
      Cumulative area ratio:    0.28
      Required ratio:    0.00 (Cumulative side area) 

    Layer: mcon
      Partial area ratio:    0.23
      Required ratio:    3.00 (Gate area) 
      Cumulative area ratio:    0.23
      Required ratio:    0.00 (Cumulative area) 

    Layer: met1
      Partial area ratio:   96.67
      Required ratio:    0.00 (Gate area) 
      Cumulative area ratio:   96.68
      Required ratio:    0.00 (Cumulative area) 
      Partial area ratio:  481.56
      Required ratio:  400.00 (Side area) (VIOLATED)
      Cumulative area ratio:  481.83
      Required ratio:    0.00 (Cumulative side area) 

    Layer: via
      Partial area ratio:    0.54
      Required ratio:    6.00 (Gate area) 
      Cumulative area ratio:    0.77
      Required ratio:    0.00 (Cumulative area) 

    Layer: met2
      Partial area ratio:   11.05
      Required ratio:    0.00 (Gate area) 
      Cumulative area ratio:  107.72
      Required ratio:    0.00 (Cumulative area) 
      Partial area ratio:   54.44
      Required ratio: 4336.52 (Side area) 
      Cumulative area ratio:  536.27
      Required ratio:    0.00 (Cumulative side area) 


  Pin:   _27443_/A1 (sky130_fd_sc_hd__mux2_1)
    Layer: mcon
      Partial area ratio:    0.23
      Required ratio:    3.00 (Gate area) 
      Cumulative area ratio:    0.23
      Required ratio:    0.00 (Cumulative area) 

    Layer: met1
      Partial area ratio:    0.95
      Required ratio:    0.00 (Gate area) 
      Cumulative area ratio:    0.95
      Required ratio:    0.00 (Cumulative area) 
      Partial area ratio:    4.41
      Required ratio: 2773.88 (Side area) 
      Cumulative area ratio:    4.41
      Required ratio:    0.00 (Cumulative side area) 

    Layer: via
      Partial area ratio:    0.08
      Required ratio:   21.65 (Gate area) 
      Cumulative area ratio:    0.31
      Required ratio:    0.00 (Cumulative area) 

    Layer: met2
      Partial area ratio:   11.05
      Required ratio:    0.00 (Gate area) 
      Cumulative area ratio:   12.00
      Required ratio:    0.00 (Cumulative area) 
      Partial area ratio:   54.44
      Required ratio: 4336.52 (Side area) 
      Cumulative area ratio:   58.85
      Required ratio:    0.00 (Cumulative side area) 


  Pin:   _27452_/A1 (sky130_fd_sc_hd__mux2_1)
    Layer: mcon
      Partial area ratio:    0.23
      Required ratio:    3.00 (Gate area) 
      Cumulative area ratio:    0.23
      Required ratio:    0.00 (Cumulative area) 

    Layer: met1
      Partial area ratio:    4.43
      Required ratio:    0.00 (Gate area) 
      Cumulative area ratio:    4.43
      Required ratio:    0.00 (Cumulative area) 
      Partial area ratio:   21.53
      Required ratio:  400.00 (Side area) 
      Cumulative area ratio:   21.53
      Required ratio:    0.00 (Cumulative side area) 

    Layer: via
      Partial area ratio:    0.18
      Required ratio:    6.00 (Gate area) 
      Cumulative area ratio:    0.41
      Required ratio:    0.00 (Cumulative area) 

    Layer: met2
      Partial area ratio:   11.05
      Required ratio:    0.00 (Gate area) 
      Cumulative area ratio:   15.48
      Required ratio:    0.00 (Cumulative area) 
      Partial area ratio:   54.44
      Required ratio: 4336.52 (Side area) 
      Cumulative area ratio:   75.96
      Required ratio:    0.00 (Cumulative side area) 


  Pin:   _27461_/A1 (sky130_fd_sc_hd__mux2_1)
    Layer: mcon
      Partial area ratio:    0.23
      Required ratio:    3.00 (Gate area) 
      Cumulative area ratio:    0.23
      Required ratio:    0.00 (Cumulative area) 

    Layer: met1
      Partial area ratio:    8.21
      Required ratio:    0.00 (Gate area) 
      Cumulative area ratio:    8.21
      Required ratio:    0.00 (Cumulative area) 
      Partial area ratio:   39.58
      Required ratio:  400.00 (Side area) 
      Cumulative area ratio:   39.58
      Required ratio:    0.00 (Cumulative side area) 

    Layer: via
      Partial area ratio:    0.36
      Required ratio:    6.00 (Gate area) 
      Cumulative area ratio:    0.59
      Required ratio:    0.00 (Cumulative area) 

    Layer: met2
      Partial area ratio:   11.05
      Required ratio:    0.00 (Gate area) 
      Cumulative area ratio:   19.26
      Required ratio:    0.00 (Cumulative area) 
      Partial area ratio:   54.44
      Required ratio: 4336.52 (Side area) 
      Cumulative area ratio:   94.02
      Required ratio:    0.00 (Cumulative side area) 


  Pin:   _27470_/A1 (sky130_fd_sc_hd__mux2_1)
    Layer: mcon
      Partial area ratio:    0.23
      Required ratio:    3.00 (Gate area) 
      Cumulative area ratio:    0.23
      Required ratio:    0.00 (Cumulative area) 

    Layer: met1
      Partial area ratio:   17.77
      Required ratio:    0.00 (Gate area) 
      Cumulative area ratio:   17.77
      Required ratio:    0.00 (Cumulative area) 
      Partial area ratio:   87.39
      Required ratio:  400.00 (Side area) 
      Cumulative area ratio:   87.39
      Required ratio:    0.00 (Cumulative side area) 

    Layer: via
      Partial area ratio:    0.36
      Required ratio:    6.00 (Gate area) 
      Cumulative area ratio:    0.59
      Required ratio:    0.00 (Cumulative area) 

    Layer: met2
      Partial area ratio:   11.05
      Required ratio:    0.00 (Gate area) 
      Cumulative area ratio:   28.82
      Required ratio:    0.00 (Cumulative area) 
      Partial area ratio:   54.44
      Required ratio: 4336.52 (Side area) 
      Cumulative area ratio:  141.83
      Required ratio:    0.00 (Cumulative side area) 


  Pin:   _27479_/A1 (sky130_fd_sc_hd__mux2_1)
    Layer: mcon
      Partial area ratio:    0.23
      Required ratio:    3.00 (Gate area) 
      Cumulative area ratio:    0.23
      Required ratio:    0.00 (Cumulative area) 

    Layer: met1
      Partial area ratio:    2.28
      Required ratio:    0.00 (Gate area) 
      Cumulative area ratio:    2.28
      Required ratio:    0.00 (Cumulative area) 
      Partial area ratio:   10.81
      Required ratio:  400.00 (Side area) 
      Cumulative area ratio:   10.81
      Required ratio:    0.00 (Cumulative side area) 

    Layer: via
      Partial area ratio:    0.18
      Required ratio:    6.00 (Gate area) 
      Cumulative area ratio:    0.41
      Required ratio:    0.00 (Cumulative area) 

    Layer: met2
      Partial area ratio:   11.05
      Required ratio:    0.00 (Gate area) 
      Cumulative area ratio:   13.33
      Required ratio:    0.00 (Cumulative area) 
      Partial area ratio:   54.44
      Required ratio: 4336.52 (Side area) 
      Cumulative area ratio:   65.24
      Required ratio:    0.00 (Cumulative side area) 


  Pin:   _27488_/A1 (sky130_fd_sc_hd__mux2_1)
    Layer: mcon
      Partial area ratio:    0.23
      Required ratio:    3.00 (Gate area) 
      Cumulative area ratio:    0.23
      Required ratio:    0.00 (Cumulative area) 

    Layer: met1
      Partial area ratio:    0.66
      Required ratio:    0.00 (Gate area) 
      Cumulative area ratio:    0.66
      Required ratio:    0.00 (Cumulative area) 
      Partial area ratio:    3.22
      Required ratio:  400.00 (Side area) 
      Cumulative area ratio:    3.22
      Required ratio:    0.00 (Cumulative side area) 

    Layer: via
      Partial area ratio:    0.18
      Required ratio:    6.00 (Gate area) 
      Cumulative area ratio:    0.41
      Required ratio:    0.00 (Cumulative area) 

    Layer: met2
      Partial area ratio:   11.05
      Required ratio:    0.00 (Gate area) 
      Cumulative area ratio:   11.71
      Required ratio:    0.00 (Cumulative area) 
      Partial area ratio:   54.44
      Required ratio: 4336.52 (Side area) 
      Cumulative area ratio:   57.66
      Required ratio:    0.00 (Cumulative side area) 


  Pin:   _27497_/A1 (sky130_fd_sc_hd__mux2_1)
    Layer: mcon
      Partial area ratio:    0.23
      Required ratio:    3.00 (Gate area) 
      Cumulative area ratio:    0.23
      Required ratio:    0.00 (Cumulative area) 

    Layer: met1
      Partial area ratio:   27.31
      Required ratio:    0.00 (Gate area) 
      Cumulative area ratio:   27.31
      Required ratio:    0.00 (Cumulative area) 
      Partial area ratio:  134.22
      Required ratio:  400.00 (Side area) 
      Cumulative area ratio:  134.22
      Required ratio:    0.00 (Cumulative side area) 

    Layer: via
      Partial area ratio:    0.54
      Required ratio:    6.00 (Gate area) 
      Cumulative area ratio:    0.77
      Required ratio:    0.00 (Cumulative area) 

    Layer: met2
      Partial area ratio:   11.05
      Required ratio:    0.00 (Gate area) 
      Cumulative area ratio:   38.36
      Required ratio:    0.00 (Cumulative area) 
      Partial area ratio:   54.44
      Required ratio: 4336.52 (Side area) 
      Cumulative area ratio:  188.66
      Required ratio:    0.00 (Cumulative side area) 


  Pin:   _27506_/A1 (sky130_fd_sc_hd__mux2_1)
    Layer: mcon
      Partial area ratio:    0.23
      Required ratio:    3.00 (Gate area) 
      Cumulative area ratio:    0.23
      Required ratio:    0.00 (Cumulative area) 

    Layer: met1
      Partial area ratio:    5.96
      Required ratio:    0.00 (Gate area) 
      Cumulative area ratio:    5.96
      Required ratio:    0.00 (Cumulative area) 
      Partial area ratio:   29.19
      Required ratio:  400.00 (Side area) 
      Cumulative area ratio:   29.19
      Required ratio:    0.00 (Cumulative side area) 

    Layer: via
      Partial area ratio:    0.18
      Required ratio:    6.00 (Gate area) 
      Cumulative area ratio:    0.41
      Required ratio:    0.00 (Cumulative area) 

    Layer: met2
      Partial area ratio:   11.05
      Required ratio:    0.00 (Gate area) 
      Cumulative area ratio:   17.01
      Required ratio:    0.00 (Cumulative area) 
      Partial area ratio:   54.44
      Required ratio: 4336.52 (Side area) 
      Cumulative area ratio:   83.63
      Required ratio:    0.00 (Cumulative side area) 


  Pin:   _27515_/A1 (sky130_fd_sc_hd__mux2_1)
    Layer: mcon
      Partial area ratio:    0.23
      Required ratio:    3.00 (Gate area) 
      Cumulative area ratio:    0.23
      Required ratio:    0.00 (Cumulative area) 

    Layer: met1
      Partial area ratio:    8.90
      Required ratio:    0.00 (Gate area) 
      Cumulative area ratio:    8.90
      Required ratio:    0.00 (Cumulative area) 
      Partial area ratio:   43.86
      Required ratio:  400.00 (Side area) 
      Cumulative area ratio:   43.86
      Required ratio:    0.00 (Cumulative side area) 

    Layer: via
      Partial area ratio:    0.18
      Required ratio:    6.00 (Gate area) 
      Cumulative area ratio:    0.41
      Required ratio:    0.00 (Cumulative area) 

    Layer: met2
      Partial area ratio:   11.05
      Required ratio:    0.00 (Gate area) 
      Cumulative area ratio:   19.94
      Required ratio:    0.00 (Cumulative area) 
      Partial area ratio:   54.44
      Required ratio: 4336.52 (Side area) 
      Cumulative area ratio:   98.30
      Required ratio:    0.00 (Cumulative side area) 


  Pin:   _27524_/A1 (sky130_fd_sc_hd__mux2_1)
    Layer: mcon
      Partial area ratio:    0.23
      Required ratio:    3.00 (Gate area) 
      Cumulative area ratio:    0.23
      Required ratio:    0.00 (Cumulative area) 

    Layer: met1
      Partial area ratio:    4.75
      Required ratio:    0.00 (Gate area) 
      Cumulative area ratio:    4.75
      Required ratio:    0.00 (Cumulative area) 
      Partial area ratio:   22.28
      Required ratio:  400.00 (Side area) 
      Cumulative area ratio:   22.28
      Required ratio:    0.00 (Cumulative side area) 

    Layer: via
      Partial area ratio:    0.36
      Required ratio:    6.00 (Gate area) 
      Cumulative area ratio:    0.59
      Required ratio:    0.00 (Cumulative area) 

    Layer: met2
      Partial area ratio:   11.05
      Required ratio:    0.00 (Gate area) 
      Cumulative area ratio:   15.80
      Required ratio:    0.00 (Cumulative area) 
      Partial area ratio:   54.44
      Required ratio: 4336.52 (Side area) 
      Cumulative area ratio:   76.71
      Required ratio:    0.00 (Cumulative side area) 


  Pin:   _27533_/A0 (sky130_fd_sc_hd__mux2_1)
    Layer: li1
      Partial area ratio:    0.01
      Required ratio:    0.00 (Gate area) 
      Cumulative area ratio:    0.01
      Required ratio:    0.00 (Cumulative area) 
      Partial area ratio:    0.28
      Required ratio:   75.00 (Side area) 
      Cumulative area ratio:    0.28
      Required ratio:    0.00 (Cumulative side area) 

    Layer: mcon
      Partial area ratio:    0.23
      Required ratio:    3.00 (Gate area) 
      Cumulative area ratio:    0.23
      Required ratio:    0.00 (Cumulative area) 

    Layer: met1
      Partial area ratio:    4.87
      Required ratio:    0.00 (Gate area) 
      Cumulative area ratio:    4.88
      Required ratio:    0.00 (Cumulative area) 
      Partial area ratio:   23.79
      Required ratio:  400.00 (Side area) 
      Cumulative area ratio:   24.07
      Required ratio:    0.00 (Cumulative side area) 

    Layer: via
      Partial area ratio:    0.09
      Required ratio:    6.00 (Gate area) 
      Cumulative area ratio:    0.32
      Required ratio:    0.00 (Cumulative area) 

    Layer: met2
      Partial area ratio:   11.05
      Required ratio:    0.00 (Gate area) 
      Cumulative area ratio:   15.93
      Required ratio:    0.00 (Cumulative area) 
      Partial area ratio:   54.44
      Required ratio: 4336.52 (Side area) 
      Cumulative area ratio:   78.51
      Required ratio:    0.00 (Cumulative side area) 


  Pin:   _27542_/A1 (sky130_fd_sc_hd__mux2_1)
    Layer: mcon
      Partial area ratio:    0.23
      Required ratio:    3.00 (Gate area) 
      Cumulative area ratio:    0.23
      Required ratio:    0.00 (Cumulative area) 

    Layer: met1
      Partial area ratio:    7.50
      Required ratio:    0.00 (Gate area) 
      Cumulative area ratio:    7.50
      Required ratio:    0.00 (Cumulative area) 
      Partial area ratio:   36.86
      Required ratio:  400.00 (Side area) 
      Cumulative area ratio:   36.86
      Required ratio:    0.00 (Cumulative side area) 

    Layer: via
      Partial area ratio:    0.18
      Required ratio:    6.00 (Gate area) 
      Cumulative area ratio:    0.41
      Required ratio:    0.00 (Cumulative area) 

    Layer: met2
      Partial area ratio:   11.05
      Required ratio:    0.00 (Gate area) 
      Cumulative area ratio:   18.54
      Required ratio:    0.00 (Cumulative area) 
      Partial area ratio:   54.44
      Required ratio: 4336.52 (Side area) 
      Cumulative area ratio:   91.30
      Required ratio:    0.00 (Cumulative side area) 


  Pin:   _27551_/A1 (sky130_fd_sc_hd__mux2_1)
    Layer: mcon
      Partial area ratio:    0.23
      Required ratio:    3.00 (Gate area) 
      Cumulative area ratio:    0.23
      Required ratio:    0.00 (Cumulative area) 

    Layer: met1
      Partial area ratio:    7.36
      Required ratio:    0.00 (Gate area) 
      Cumulative area ratio:    7.36
      Required ratio:    0.00 (Cumulative area) 
      Partial area ratio:   36.19
      Required ratio:  400.00 (Side area) 
      Cumulative area ratio:   36.19
      Required ratio:    0.00 (Cumulative side area) 

    Layer: via
      Partial area ratio:    0.18
      Required ratio:    6.00 (Gate area) 
      Cumulative area ratio:    0.41
      Required ratio:    0.00 (Cumulative area) 

    Layer: met2
      Partial area ratio:   11.05
      Required ratio:    0.00 (Gate area) 
      Cumulative area ratio:   18.41
      Required ratio:    0.00 (Cumulative area) 
      Partial area ratio:   54.44
      Required ratio: 4336.52 (Side area) 
      Cumulative area ratio:   90.63
      Required ratio:    0.00 (Cumulative side area) 


  Pin:   _27562_/A0 (sky130_fd_sc_hd__mux2_1)
    Layer: li1
      Partial area ratio:    0.01
      Required ratio:    0.00 (Gate area) 
      Cumulative area ratio:    0.01
      Required ratio:    0.00 (Cumulative area) 
      Partial area ratio:    0.28
      Required ratio:   75.00 (Side area) 
      Cumulative area ratio:    0.28
      Required ratio:    0.00 (Cumulative side area) 

    Layer: mcon
      Partial area ratio:    0.23
      Required ratio:    3.00 (Gate area) 
      Cumulative area ratio:    0.23
      Required ratio:    0.00 (Cumulative area) 

    Layer: met1
      Partial area ratio:    3.92
      Required ratio:    0.00 (Gate area) 
      Cumulative area ratio:    3.92
      Required ratio:    0.00 (Cumulative area) 
      Partial area ratio:   18.97
      Required ratio:  400.00 (Side area) 
      Cumulative area ratio:   19.25
      Required ratio:    0.00 (Cumulative side area) 

    Layer: via
      Partial area ratio:    0.18
      Required ratio:    6.00 (Gate area) 
      Cumulative area ratio:    0.41
      Required ratio:    0.00 (Cumulative area) 

    Layer: met2
      Partial area ratio:   11.05
      Required ratio:    0.00 (Gate area) 
      Cumulative area ratio:   14.97
      Required ratio:    0.00 (Cumulative area) 
      Partial area ratio:   54.44
      Required ratio: 4336.52 (Side area) 
      Cumulative area ratio:   73.69
      Required ratio:    0.00 (Cumulative side area) 


  Pin:   _27571_/A0 (sky130_fd_sc_hd__mux2_1)
    Layer: li1
      Partial area ratio:    0.01
      Required ratio:    0.00 (Gate area) 
      Cumulative area ratio:    0.01
      Required ratio:    0.00 (Cumulative area) 
      Partial area ratio:    0.28
      Required ratio:   75.00 (Side area) 
      Cumulative area ratio:    0.28
      Required ratio:    0.00 (Cumulative side area) 

    Layer: mcon
      Partial area ratio:    0.23
      Required ratio:    3.00 (Gate area) 
      Cumulative area ratio:    0.23
      Required ratio:    0.00 (Cumulative area) 

    Layer: met1
      Partial area ratio:   18.27
      Required ratio:    0.00 (Gate area) 
      Cumulative area ratio:   18.28
      Required ratio:    0.00 (Cumulative area) 
      Partial area ratio:   90.69
      Required ratio:  400.00 (Side area) 
      Cumulative area ratio:   90.96
      Required ratio:    0.00 (Cumulative side area) 

    Layer: via
      Partial area ratio:    0.12
      Required ratio:    6.00 (Gate area) 
      Cumulative area ratio:    0.35
      Required ratio:    0.00 (Cumulative area) 

    Layer: met2
      Partial area ratio:   11.05
      Required ratio:    0.00 (Gate area) 
      Cumulative area ratio:   29.32
      Required ratio:    0.00 (Cumulative area) 
      Partial area ratio:   54.44
      Required ratio: 4336.52 (Side area) 
      Cumulative area ratio:  145.40
      Required ratio:    0.00 (Cumulative side area) 


  Pin:   _27580_/A0 (sky130_fd_sc_hd__mux2_1)
    Layer: li1
      Partial area ratio:    0.01
      Required ratio:    0.00 (Gate area) 
      Cumulative area ratio:    0.01
      Required ratio:    0.00 (Cumulative area) 
      Partial area ratio:    0.28
      Required ratio:   75.00 (Side area) 
      Cumulative area ratio:    0.28
      Required ratio:    0.00 (Cumulative side area) 

    Layer: mcon
      Partial area ratio:    0.23
      Required ratio:    3.00 (Gate area) 
      Cumulative area ratio:    0.23
      Required ratio:    0.00 (Cumulative area) 

    Layer: met1
      Partial area ratio:   18.27
      Required ratio:    0.00 (Gate area) 
      Cumulative area ratio:   18.28
      Required ratio:    0.00 (Cumulative area) 
      Partial area ratio:   90.69
      Required ratio:  400.00 (Side area) 
      Cumulative area ratio:   90.96
      Required ratio:    0.00 (Cumulative side area) 

    Layer: via
      Partial area ratio:    0.12
      Required ratio:    6.00 (Gate area) 
      Cumulative area ratio:    0.35
      Required ratio:    0.00 (Cumulative area) 

    Layer: met2
      Partial area ratio:   11.05
      Required ratio:    0.00 (Gate area) 
      Cumulative area ratio:   29.32
      Required ratio:    0.00 (Cumulative area) 
      Partial area ratio:   54.44
      Required ratio: 4336.52 (Side area) 
      Cumulative area ratio:  145.40
      Required ratio:    0.00 (Cumulative side area) 


  Pin:   _27589_/A0 (sky130_fd_sc_hd__mux2_1)
    Layer: li1
      Partial area ratio:    0.01
      Required ratio:    0.00 (Gate area) 
      Cumulative area ratio:    0.01
      Required ratio:    0.00 (Cumulative area) 
      Partial area ratio:    0.28
      Required ratio:   75.00 (Side area) 
      Cumulative area ratio:    0.28
      Required ratio:    0.00 (Cumulative side area) 

    Layer: mcon
      Partial area ratio:    0.23
      Required ratio:    3.00 (Gate area) 
      Cumulative area ratio:    0.23
      Required ratio:    0.00 (Cumulative area) 

    Layer: met1
      Partial area ratio:   18.27
      Required ratio:    0.00 (Gate area) 
      Cumulative area ratio:   18.28
      Required ratio:    0.00 (Cumulative area) 
      Partial area ratio:   90.69
      Required ratio:  400.00 (Side area) 
      Cumulative area ratio:   90.96
      Required ratio:    0.00 (Cumulative side area) 

    Layer: via
      Partial area ratio:    0.12
      Required ratio:    6.00 (Gate area) 
      Cumulative area ratio:    0.35
      Required ratio:    0.00 (Cumulative area) 

    Layer: met2
      Partial area ratio:   11.05
      Required ratio:    0.00 (Gate area) 
      Cumulative area ratio:   29.32
      Required ratio:    0.00 (Cumulative area) 
      Partial area ratio:   54.44
      Required ratio: 4336.52 (Side area) 
      Cumulative area ratio:  145.40
      Required ratio:    0.00 (Cumulative side area) 


  Pin:   _27598_/A0 (sky130_fd_sc_hd__mux2_1)
    Layer: li1
      Partial area ratio:    0.01
      Required ratio:    0.00 (Gate area) 
      Cumulative area ratio:    0.01
      Required ratio:    0.00 (Cumulative area) 
      Partial area ratio:    0.28
      Required ratio:   75.00 (Side area) 
      Cumulative area ratio:    0.28
      Required ratio:    0.00 (Cumulative side area) 

    Layer: mcon
      Partial area ratio:    0.23
      Required ratio:    3.00 (Gate area) 
      Cumulative area ratio:    0.23
      Required ratio:    0.00 (Cumulative area) 

    Layer: met1
      Partial area ratio:    2.69
      Required ratio:    0.00 (Gate area) 
      Cumulative area ratio:    2.70
      Required ratio:    0.00 (Cumulative area) 
      Partial area ratio:   11.97
      Required ratio:  400.00 (Side area) 
      Cumulative area ratio:   12.25
      Required ratio:    0.00 (Cumulative side area) 

    Layer: via
      Partial area ratio:    0.36
      Required ratio:    6.00 (Gate area) 
      Cumulative area ratio:    0.59
      Required ratio:    0.00 (Cumulative area) 

    Layer: met2
      Partial area ratio:   11.05
      Required ratio:    0.00 (Gate area) 
      Cumulative area ratio:   13.74
      Required ratio:    0.00 (Cumulative area) 
      Partial area ratio:   54.44
      Required ratio: 4336.52 (Side area) 
      Cumulative area ratio:   66.69
      Required ratio:    0.00 (Cumulative side area) 


  Pin:   _27607_/A0 (sky130_fd_sc_hd__mux2_1)
    Layer: li1
      Partial area ratio:    0.01
      Required ratio:    0.00 (Gate area) 
      Cumulative area ratio:    0.01
      Required ratio:    0.00 (Cumulative area) 
      Partial area ratio:    0.28
      Required ratio:   75.00 (Side area) 
      Cumulative area ratio:    0.28
      Required ratio:    0.00 (Cumulative side area) 

    Layer: mcon
      Partial area ratio:    0.23
      Required ratio:    3.00 (Gate area) 
      Cumulative area ratio:    0.23
      Required ratio:    0.00 (Cumulative area) 

    Layer: met1
      Partial area ratio:   12.66
      Required ratio:    0.00 (Gate area) 
      Cumulative area ratio:   12.66
      Required ratio:    0.00 (Cumulative area) 
      Partial area ratio:   62.44
      Required ratio:  400.00 (Side area) 
      Cumulative area ratio:   62.71
      Required ratio:    0.00 (Cumulative side area) 

    Layer: via
      Partial area ratio:    0.12
      Required ratio:    6.00 (Gate area) 
      Cumulative area ratio:    0.35
      Required ratio:    0.00 (Cumulative area) 

    Layer: met2
      Partial area ratio:   11.05
      Required ratio:    0.00 (Gate area) 
      Cumulative area ratio:   23.71
      Required ratio:    0.00 (Cumulative area) 
      Partial area ratio:   54.44
      Required ratio: 4336.52 (Side area) 
      Cumulative area ratio:  117.15
      Required ratio:    0.00 (Cumulative side area) 


  Pin:   _27616_/A0 (sky130_fd_sc_hd__mux2_1)
    Layer: li1
      Partial area ratio:    0.01
      Required ratio:    0.00 (Gate area) 
      Cumulative area ratio:    0.01
      Required ratio:    0.00 (Cumulative area) 
      Partial area ratio:    0.28
      Required ratio:   75.00 (Side area) 
      Cumulative area ratio:    0.28
      Required ratio:    0.00 (Cumulative side area) 

    Layer: mcon
      Partial area ratio:    0.23
      Required ratio:    3.00 (Gate area) 
      Cumulative area ratio:    0.23
      Required ratio:    0.00 (Cumulative area) 

    Layer: met1
      Partial area ratio:   12.66
      Required ratio:    0.00 (Gate area) 
      Cumulative area ratio:   12.66
      Required ratio:    0.00 (Cumulative area) 
      Partial area ratio:   62.44
      Required ratio:  400.00 (Side area) 
      Cumulative area ratio:   62.71
      Required ratio:    0.00 (Cumulative side area) 

    Layer: via
      Partial area ratio:    0.12
      Required ratio:    6.00 (Gate area) 
      Cumulative area ratio:    0.35
      Required ratio:    0.00 (Cumulative area) 

    Layer: met2
      Partial area ratio:   11.05
      Required ratio:    0.00 (Gate area) 
      Cumulative area ratio:   23.71
      Required ratio:    0.00 (Cumulative area) 
      Partial area ratio:   54.44
      Required ratio: 4336.52 (Side area) 
      Cumulative area ratio:  117.15
      Required ratio:    0.00 (Cumulative side area) 


  Pin:   _27625_/A0 (sky130_fd_sc_hd__mux2_1)
    Layer: li1
      Partial area ratio:    0.01
      Required ratio:    0.00 (Gate area) 
      Cumulative area ratio:    0.01
      Required ratio:    0.00 (Cumulative area) 
      Partial area ratio:    0.28
      Required ratio:   75.00 (Side area) 
      Cumulative area ratio:    0.28
      Required ratio:    0.00 (Cumulative side area) 

    Layer: mcon
      Partial area ratio:    0.23
      Required ratio:    3.00 (Gate area) 
      Cumulative area ratio:    0.23
      Required ratio:    0.00 (Cumulative area) 

    Layer: met1
      Partial area ratio:   12.66
      Required ratio:    0.00 (Gate area) 
      Cumulative area ratio:   12.66
      Required ratio:    0.00 (Cumulative area) 
      Partial area ratio:   62.44
      Required ratio:  400.00 (Side area) 
      Cumulative area ratio:   62.71
      Required ratio:    0.00 (Cumulative side area) 

    Layer: via
      Partial area ratio:    0.12
      Required ratio:    6.00 (Gate area) 
      Cumulative area ratio:    0.35
      Required ratio:    0.00 (Cumulative area) 

    Layer: met2
      Partial area ratio:   11.05
      Required ratio:    0.00 (Gate area) 
      Cumulative area ratio:   23.71
      Required ratio:    0.00 (Cumulative area) 
      Partial area ratio:   54.44
      Required ratio: 4336.52 (Side area) 
      Cumulative area ratio:  117.15
      Required ratio:    0.00 (Cumulative side area) 


  Pin:   _27634_/A0 (sky130_fd_sc_hd__mux2_1)
    Layer: li1
      Partial area ratio:    0.01
      Required ratio:    0.00 (Gate area) 
      Cumulative area ratio:    0.01
      Required ratio:    0.00 (Cumulative area) 
      Partial area ratio:    0.28
      Required ratio:   75.00 (Side area) 
      Cumulative area ratio:    0.28
      Required ratio:    0.00 (Cumulative side area) 

    Layer: mcon
      Partial area ratio:    0.23
      Required ratio:    3.00 (Gate area) 
      Cumulative area ratio:    0.23
      Required ratio:    0.00 (Cumulative area) 

    Layer: met1
      Partial area ratio:    4.87
      Required ratio:    0.00 (Gate area) 
      Cumulative area ratio:    4.88
      Required ratio:    0.00 (Cumulative area) 
      Partial area ratio:   23.79
      Required ratio:  400.00 (Side area) 
      Cumulative area ratio:   24.07
      Required ratio:    0.00 (Cumulative side area) 

    Layer: via
      Partial area ratio:    0.09
      Required ratio:    6.00 (Gate area) 
      Cumulative area ratio:    0.32
      Required ratio:    0.00 (Cumulative area) 

    Layer: met2
      Partial area ratio:   11.05
      Required ratio:    0.00 (Gate area) 
      Cumulative area ratio:   15.93
      Required ratio:    0.00 (Cumulative area) 
      Partial area ratio:   54.44
      Required ratio: 4336.52 (Side area) 
      Cumulative area ratio:   78.51
      Required ratio:    0.00 (Cumulative side area) 


  Pin:   _27643_/A0 (sky130_fd_sc_hd__mux2_1)
    Layer: li1
      Partial area ratio:    0.01
      Required ratio:    0.00 (Gate area) 
      Cumulative area ratio:    0.01
      Required ratio:    0.00 (Cumulative area) 
      Partial area ratio:    0.56
      Required ratio:   75.00 (Side area) 
      Cumulative area ratio:    0.56
      Required ratio:    0.00 (Cumulative side area) 

    Layer: mcon
      Partial area ratio:    0.46
      Required ratio:    3.00 (Gate area) 
      Cumulative area ratio:    0.46
      Required ratio:    0.00 (Cumulative area) 

    Layer: met1
      Partial area ratio:   12.36
      Required ratio:    0.00 (Gate area) 
      Cumulative area ratio:   12.37
      Required ratio:    0.00 (Cumulative area) 
      Partial area ratio:   61.08
      Required ratio:  400.00 (Side area) 
      Cumulative area ratio:   61.64
      Required ratio:    0.00 (Cumulative side area) 

    Layer: via
      Partial area ratio:    0.36
      Required ratio:    6.00 (Gate area) 
      Cumulative area ratio:    0.82
      Required ratio:    0.00 (Cumulative area) 

    Layer: met2
      Partial area ratio:   11.05
      Required ratio:    0.00 (Gate area) 
      Cumulative area ratio:   23.42
      Required ratio:    0.00 (Cumulative area) 
      Partial area ratio:   54.44
      Required ratio: 4336.52 (Side area) 
      Cumulative area ratio:  116.08
      Required ratio:    0.00 (Cumulative side area) 


  Pin:   _27652_/A0 (sky130_fd_sc_hd__mux2_1)
    Layer: li1
      Partial area ratio:    0.01
      Required ratio:    0.00 (Gate area) 
      Cumulative area ratio:    0.01
      Required ratio:    0.00 (Cumulative area) 
      Partial area ratio:    0.28
      Required ratio:   75.00 (Side area) 
      Cumulative area ratio:    0.28
      Required ratio:    0.00 (Cumulative side area) 

    Layer: mcon
      Partial area ratio:    0.23
      Required ratio:    3.00 (Gate area) 
      Cumulative area ratio:    0.23
      Required ratio:    0.00 (Cumulative area) 

    Layer: met1
      Partial area ratio:    5.77
      Required ratio:    0.00 (Gate area) 
      Cumulative area ratio:    5.78
      Required ratio:    0.00 (Cumulative area) 
      Partial area ratio:   27.39
      Required ratio:  400.00 (Side area) 
      Cumulative area ratio:   27.67
      Required ratio:    0.00 (Cumulative side area) 

    Layer: via
      Partial area ratio:    0.36
      Required ratio:    6.00 (Gate area) 
      Cumulative area ratio:    0.59
      Required ratio:    0.00 (Cumulative area) 

    Layer: met2
      Partial area ratio:   11.05
      Required ratio:    0.00 (Gate area) 
      Cumulative area ratio:   16.83
      Required ratio:    0.00 (Cumulative area) 
      Partial area ratio:   54.44
      Required ratio: 4336.52 (Side area) 
      Cumulative area ratio:   82.10
      Required ratio:    0.00 (Cumulative side area) 


  Pin:   _27661_/A0 (sky130_fd_sc_hd__mux2_1)
    Layer: li1
      Partial area ratio:    0.01
      Required ratio:    0.00 (Gate area) 
      Cumulative area ratio:    0.01
      Required ratio:    0.00 (Cumulative area) 
      Partial area ratio:    0.28
      Required ratio:   75.00 (Side area) 
      Cumulative area ratio:    0.28
      Required ratio:    0.00 (Cumulative side area) 

    Layer: mcon
      Partial area ratio:    0.23
      Required ratio:    3.00 (Gate area) 
      Cumulative area ratio:    0.23
      Required ratio:    0.00 (Cumulative area) 

    Layer: met1
      Partial area ratio:    8.52
      Required ratio:    0.00 (Gate area) 
      Cumulative area ratio:    8.52
      Required ratio:    0.00 (Cumulative area) 
      Partial area ratio:   41.97
      Required ratio:  400.00 (Side area) 
      Cumulative area ratio:   42.25
      Required ratio:    0.00 (Cumulative side area) 

    Layer: via
      Partial area ratio:    0.18
      Required ratio:    6.00 (Gate area) 
      Cumulative area ratio:    0.41
      Required ratio:    0.00 (Cumulative area) 

    Layer: met2
      Partial area ratio:   11.05
      Required ratio:    0.00 (Gate area) 
      Cumulative area ratio:   19.57
      Required ratio:    0.00 (Cumulative area) 
      Partial area ratio:   54.44
      Required ratio: 4336.52 (Side area) 
      Cumulative area ratio:   96.69
      Required ratio:    0.00 (Cumulative side area) 


  Pin:   _27670_/A0 (sky130_fd_sc_hd__mux2_1)
    Layer: li1
      Partial area ratio:    0.01
      Required ratio:    0.00 (Gate area) 
      Cumulative area ratio:    0.01
      Required ratio:    0.00 (Cumulative area) 
      Partial area ratio:    0.28
      Required ratio:   75.00 (Side area) 
      Cumulative area ratio:    0.28
      Required ratio:    0.00 (Cumulative side area) 

    Layer: mcon
      Partial area ratio:    0.23
      Required ratio:    3.00 (Gate area) 
      Cumulative area ratio:    0.23
      Required ratio:    0.00 (Cumulative area) 

    Layer: met1
      Partial area ratio:   15.61
      Required ratio:    0.00 (Gate area) 
      Cumulative area ratio:   15.62
      Required ratio:    0.00 (Cumulative area) 
      Partial area ratio:   77.19
      Required ratio:  400.00 (Side area) 
      Cumulative area ratio:   77.47
      Required ratio:    0.00 (Cumulative side area) 

    Layer: via
      Partial area ratio:    0.12
      Required ratio:    6.00 (Gate area) 
      Cumulative area ratio:    0.35
      Required ratio:    0.00 (Cumulative area) 

    Layer: met2
      Partial area ratio:   11.05
      Required ratio:    0.00 (Gate area) 
      Cumulative area ratio:   26.66
      Required ratio:    0.00 (Cumulative area) 
      Partial area ratio:   54.44
      Required ratio: 4336.52 (Side area) 
      Cumulative area ratio:  131.91
      Required ratio:    0.00 (Cumulative side area) 


  Pin:   _27679_/A1 (sky130_fd_sc_hd__mux2_1)
    Layer: mcon
      Partial area ratio:    0.23
      Required ratio:    3.00 (Gate area) 
      Cumulative area ratio:    0.23
      Required ratio:    0.00 (Cumulative area) 

    Layer: met1
      Partial area ratio:    8.52
      Required ratio:    0.00 (Gate area) 
      Cumulative area ratio:    8.52
      Required ratio:    0.00 (Cumulative area) 
      Partial area ratio:   41.97
      Required ratio:  400.00 (Side area) 
      Cumulative area ratio:   41.97
      Required ratio:    0.00 (Cumulative side area) 

    Layer: via
      Partial area ratio:    0.18
      Required ratio:    6.00 (Gate area) 
      Cumulative area ratio:    0.41
      Required ratio:    0.00 (Cumulative area) 

    Layer: met2
      Partial area ratio:   11.05
      Required ratio:    0.00 (Gate area) 
      Cumulative area ratio:   19.56
      Required ratio:    0.00 (Cumulative area) 
      Partial area ratio:   54.44
      Required ratio: 4336.52 (Side area) 
      Cumulative area ratio:   96.41
      Required ratio:    0.00 (Cumulative side area) 


  Pin:   _27688_/A0 (sky130_fd_sc_hd__mux2_1)
    Layer: li1
      Partial area ratio:    0.01
      Required ratio:    0.00 (Gate area) 
      Cumulative area ratio:    0.01
      Required ratio:    0.00 (Cumulative area) 
      Partial area ratio:    0.28
      Required ratio:   75.00 (Side area) 
      Cumulative area ratio:    0.28
      Required ratio:    0.00 (Cumulative side area) 

    Layer: mcon
      Partial area ratio:    0.23
      Required ratio:    3.00 (Gate area) 
      Cumulative area ratio:    0.23
      Required ratio:    0.00 (Cumulative area) 

    Layer: met1
      Partial area ratio:    0.66
      Required ratio:    0.00 (Gate area) 
      Cumulative area ratio:    0.67
      Required ratio:    0.00 (Cumulative area) 
      Partial area ratio:    3.22
      Required ratio:  400.00 (Side area) 
      Cumulative area ratio:    3.50
      Required ratio:    0.00 (Cumulative side area) 

    Layer: via
      Partial area ratio:    0.18
      Required ratio:    6.00 (Gate area) 
      Cumulative area ratio:    0.41
      Required ratio:    0.00 (Cumulative area) 

    Layer: met2
      Partial area ratio:   11.05
      Required ratio:    0.00 (Gate area) 
      Cumulative area ratio:   11.71
      Required ratio:    0.00 (Cumulative area) 
      Partial area ratio:   54.44
      Required ratio: 4336.52 (Side area) 
      Cumulative area ratio:   57.94
      Required ratio:    0.00 (Cumulative side area) 


  Pin:   _27697_/A0 (sky130_fd_sc_hd__mux2_1)
    Layer: li1
      Partial area ratio:    0.01
      Required ratio:    0.00 (Gate area) 
      Cumulative area ratio:    0.01
      Required ratio:    0.00 (Cumulative area) 
      Partial area ratio:    0.28
      Required ratio:   75.00 (Side area) 
      Cumulative area ratio:    0.28
      Required ratio:    0.00 (Cumulative side area) 

    Layer: mcon
      Partial area ratio:    0.23
      Required ratio:    3.00 (Gate area) 
      Cumulative area ratio:    0.23
      Required ratio:    0.00 (Cumulative area) 

    Layer: met1
      Partial area ratio:   20.73
      Required ratio:    0.00 (Gate area) 
      Cumulative area ratio:   20.73
      Required ratio:    0.00 (Cumulative area) 
      Partial area ratio:  102.19
      Required ratio:  400.00 (Side area) 
      Cumulative area ratio:  102.47
      Required ratio:    0.00 (Cumulative side area) 

    Layer: via
      Partial area ratio:    0.27
      Required ratio:    6.00 (Gate area) 
      Cumulative area ratio:    0.50
      Required ratio:    0.00 (Cumulative area) 

    Layer: met2
      Partial area ratio:   11.05
      Required ratio:    0.00 (Gate area) 
      Cumulative area ratio:   31.78
      Required ratio:    0.00 (Cumulative area) 
      Partial area ratio:   54.44
      Required ratio: 4336.52 (Side area) 
      Cumulative area ratio:  156.91
      Required ratio:    0.00 (Cumulative side area) 


  Pin:   _27706_/A0 (sky130_fd_sc_hd__mux2_1)
    Layer: li1
      Partial area ratio:    0.01
      Required ratio:    0.00 (Gate area) 
      Cumulative area ratio:    0.01
      Required ratio:    0.00 (Cumulative area) 
      Partial area ratio:    0.28
      Required ratio:   75.00 (Side area) 
      Cumulative area ratio:    0.28
      Required ratio:    0.00 (Cumulative side area) 

    Layer: mcon
      Partial area ratio:    0.23
      Required ratio:    3.00 (Gate area) 
      Cumulative area ratio:    0.23
      Required ratio:    0.00 (Cumulative area) 

    Layer: met1
      Partial area ratio:   20.73
      Required ratio:    0.00 (Gate area) 
      Cumulative area ratio:   20.73
      Required ratio:    0.00 (Cumulative area) 
      Partial area ratio:  102.19
      Required ratio:  400.00 (Side area) 
      Cumulative area ratio:  102.47
      Required ratio:    0.00 (Cumulative side area) 

    Layer: via
      Partial area ratio:    0.27
      Required ratio:    6.00 (Gate area) 
      Cumulative area ratio:    0.50
      Required ratio:    0.00 (Cumulative area) 

    Layer: met2
      Partial area ratio:   11.05
      Required ratio:    0.00 (Gate area) 
      Cumulative area ratio:   31.78
      Required ratio:    0.00 (Cumulative area) 
      Partial area ratio:   54.44
      Required ratio: 4336.52 (Side area) 
      Cumulative area ratio:  156.91
      Required ratio:    0.00 (Cumulative side area) 


  Pin:   _27715_/A0 (sky130_fd_sc_hd__mux2_1)
    Layer: li1
      Partial area ratio:    0.01
      Required ratio:    0.00 (Gate area) 
      Cumulative area ratio:    0.01
      Required ratio:    0.00 (Cumulative area) 
      Partial area ratio:    0.28
      Required ratio:   75.00 (Side area) 
      Cumulative area ratio:    0.28
      Required ratio:    0.00 (Cumulative side area) 

    Layer: mcon
      Partial area ratio:    0.23
      Required ratio:    3.00 (Gate area) 
      Cumulative area ratio:    0.23
      Required ratio:    0.00 (Cumulative area) 

    Layer: met1
      Partial area ratio:   34.38
      Required ratio:    0.00 (Gate area) 
      Cumulative area ratio:   34.38
      Required ratio:    0.00 (Cumulative area) 
      Partial area ratio:  170.42
      Required ratio:  400.00 (Side area) 
      Cumulative area ratio:  170.69
      Required ratio:    0.00 (Cumulative side area) 

    Layer: via
      Partial area ratio:    0.36
      Required ratio:    6.00 (Gate area) 
      Cumulative area ratio:    0.59
      Required ratio:    0.00 (Cumulative area) 

    Layer: met2
      Partial area ratio:   11.05
      Required ratio:    0.00 (Gate area) 
      Cumulative area ratio:   45.43
      Required ratio:    0.00 (Cumulative area) 
      Partial area ratio:   54.44
      Required ratio: 4336.52 (Side area) 
      Cumulative area ratio:  225.13
      Required ratio:    0.00 (Cumulative side area) 


  Pin:   _27726_/A0 (sky130_fd_sc_hd__mux2_1)
    Layer: li1
      Partial area ratio:    0.01
      Required ratio:    0.00 (Gate area) 
      Cumulative area ratio:    0.01
      Required ratio:    0.00 (Cumulative area) 
      Partial area ratio:    0.28
      Required ratio:   75.00 (Side area) 
      Cumulative area ratio:    0.28
      Required ratio:    0.00 (Cumulative side area) 

    Layer: mcon
      Partial area ratio:    0.23
      Required ratio:    3.00 (Gate area) 
      Cumulative area ratio:    0.23
      Required ratio:    0.00 (Cumulative area) 

    Layer: met1
      Partial area ratio:    0.66
      Required ratio:    0.00 (Gate area) 
      Cumulative area ratio:    0.67
      Required ratio:    0.00 (Cumulative area) 
      Partial area ratio:    3.22
      Required ratio:  400.00 (Side area) 
      Cumulative area ratio:    3.50
      Required ratio:    0.00 (Cumulative side area) 

    Layer: via
      Partial area ratio:    0.18
      Required ratio:    6.00 (Gate area) 
      Cumulative area ratio:    0.41
      Required ratio:    0.00 (Cumulative area) 

    Layer: met2
      Partial area ratio:   11.05
      Required ratio:    0.00 (Gate area) 
      Cumulative area ratio:   11.71
      Required ratio:    0.00 (Cumulative area) 
      Partial area ratio:   54.44
      Required ratio: 4336.52 (Side area) 
      Cumulative area ratio:   57.94
      Required ratio:    0.00 (Cumulative side area) 


  Pin:   _27735_/A0 (sky130_fd_sc_hd__mux2_1)
    Layer: li1
      Partial area ratio:    0.01
      Required ratio:    0.00 (Gate area) 
      Cumulative area ratio:    0.01
      Required ratio:    0.00 (Cumulative area) 
      Partial area ratio:    0.28
      Required ratio:   75.00 (Side area) 
      Cumulative area ratio:    0.28
      Required ratio:    0.00 (Cumulative side area) 

    Layer: mcon
      Partial area ratio:    0.23
      Required ratio:    3.00 (Gate area) 
      Cumulative area ratio:    0.23
      Required ratio:    0.00 (Cumulative area) 

    Layer: met1
      Partial area ratio:   19.59
      Required ratio:    0.00 (Gate area) 
      Cumulative area ratio:   19.60
      Required ratio:    0.00 (Cumulative area) 
      Partial area ratio:   96.78
      Required ratio:  400.00 (Side area) 
      Cumulative area ratio:   97.06
      Required ratio:    0.00 (Cumulative side area) 

    Layer: via
      Partial area ratio:    0.27
      Required ratio:    6.00 (Gate area) 
      Cumulative area ratio:    0.50
      Required ratio:    0.00 (Cumulative area) 

    Layer: met2
      Partial area ratio:   11.05
      Required ratio:    0.00 (Gate area) 
      Cumulative area ratio:   30.64
      Required ratio:    0.00 (Cumulative area) 
      Partial area ratio:   54.44
      Required ratio: 4336.52 (Side area) 
      Cumulative area ratio:  151.49
      Required ratio:    0.00 (Cumulative side area) 


  Pin:   _27744_/A0 (sky130_fd_sc_hd__mux2_1)
    Layer: li1
      Partial area ratio:    0.01
      Required ratio:    0.00 (Gate area) 
      Cumulative area ratio:    0.01
      Required ratio:    0.00 (Cumulative area) 
      Partial area ratio:    0.56
      Required ratio:   75.00 (Side area) 
      Cumulative area ratio:    0.56
      Required ratio:    0.00 (Cumulative side area) 

    Layer: mcon
      Partial area ratio:    0.46
      Required ratio:    3.00 (Gate area) 
      Cumulative area ratio:    0.46
      Required ratio:    0.00 (Cumulative area) 

    Layer: met1
      Partial area ratio:    4.17
      Required ratio:    0.00 (Gate area) 
      Cumulative area ratio:    4.19
      Required ratio:    0.00 (Cumulative area) 
      Partial area ratio:   20.25
      Required ratio:  400.00 (Side area) 
      Cumulative area ratio:   20.81
      Required ratio:    0.00 (Cumulative side area) 

    Layer: via
      Partial area ratio:    0.18
      Required ratio:    6.00 (Gate area) 
      Cumulative area ratio:    0.64
      Required ratio:    0.00 (Cumulative area) 

    Layer: met2
      Partial area ratio:   11.05
      Required ratio:    0.00 (Gate area) 
      Cumulative area ratio:   15.23
      Required ratio:    0.00 (Cumulative area) 
      Partial area ratio:   54.44
      Required ratio: 4336.52 (Side area) 
      Cumulative area ratio:   75.24
      Required ratio:    0.00 (Cumulative side area) 


  Pin:   _27753_/A0 (sky130_fd_sc_hd__mux2_1)
    Layer: li1
      Partial area ratio:    0.01
      Required ratio:    0.00 (Gate area) 
      Cumulative area ratio:    0.01
      Required ratio:    0.00 (Cumulative area) 
      Partial area ratio:    0.28
      Required ratio:   75.00 (Side area) 
      Cumulative area ratio:    0.28
      Required ratio:    0.00 (Cumulative side area) 

    Layer: mcon
      Partial area ratio:    0.23
      Required ratio:    3.00 (Gate area) 
      Cumulative area ratio:    0.23
      Required ratio:    0.00 (Cumulative area) 

    Layer: met1
      Partial area ratio:   19.59
      Required ratio:    0.00 (Gate area) 
      Cumulative area ratio:   19.60
      Required ratio:    0.00 (Cumulative area) 
      Partial area ratio:   96.78
      Required ratio:  400.00 (Side area) 
      Cumulative area ratio:   97.06
      Required ratio:    0.00 (Cumulative side area) 

    Layer: via
      Partial area ratio:    0.27
      Required ratio:    6.00 (Gate area) 
      Cumulative area ratio:    0.50
      Required ratio:    0.00 (Cumulative area) 

    Layer: met2
      Partial area ratio:   11.05
      Required ratio:    0.00 (Gate area) 
      Cumulative area ratio:   30.64
      Required ratio:    0.00 (Cumulative area) 
      Partial area ratio:   54.44
      Required ratio: 4336.52 (Side area) 
      Cumulative area ratio:  151.49
      Required ratio:    0.00 (Cumulative side area) 


  Pin:   _27762_/A1 (sky130_fd_sc_hd__mux2_1)
    Layer: mcon
      Partial area ratio:    0.23
      Required ratio:    3.00 (Gate area) 
      Cumulative area ratio:    0.23
      Required ratio:    0.00 (Cumulative area) 

    Layer: met1
      Partial area ratio:    1.36
      Required ratio:    0.00 (Gate area) 
      Cumulative area ratio:    1.36
      Required ratio:    0.00 (Cumulative area) 
      Partial area ratio:    6.19
      Required ratio:  400.00 (Side area) 
      Cumulative area ratio:    6.19
      Required ratio:    0.00 (Cumulative side area) 

    Layer: via
      Partial area ratio:    0.18
      Required ratio:    6.00 (Gate area) 
      Cumulative area ratio:    0.41
      Required ratio:    0.00 (Cumulative area) 

    Layer: met2
      Partial area ratio:   11.05
      Required ratio:    0.00 (Gate area) 
      Cumulative area ratio:   12.41
      Required ratio:    0.00 (Cumulative area) 
      Partial area ratio:   54.44
      Required ratio: 4336.52 (Side area) 
      Cumulative area ratio:   60.63
      Required ratio:    0.00 (Cumulative side area) 


  Pin:   _27771_/A0 (sky130_fd_sc_hd__mux2_1)
    Layer: li1
      Partial area ratio:    0.01
      Required ratio:    0.00 (Gate area) 
      Cumulative area ratio:    0.01
      Required ratio:    0.00 (Cumulative area) 
      Partial area ratio:    0.28
      Required ratio:   75.00 (Side area) 
      Cumulative area ratio:    0.28
      Required ratio:    0.00 (Cumulative side area) 

    Layer: mcon
      Partial area ratio:    0.23
      Required ratio:    3.00 (Gate area) 
      Cumulative area ratio:    0.23
      Required ratio:    0.00 (Cumulative area) 

    Layer: met1
      Partial area ratio:    7.68
      Required ratio:    0.00 (Gate area) 
      Cumulative area ratio:    7.68
      Required ratio:    0.00 (Cumulative area) 
      Partial area ratio:   37.81
      Required ratio:  400.00 (Side area) 
      Cumulative area ratio:   38.08
      Required ratio:    0.00 (Cumulative side area) 

    Layer: via
      Partial area ratio:    0.09
      Required ratio:    6.00 (Gate area) 
      Cumulative area ratio:    0.32
      Required ratio:    0.00 (Cumulative area) 

    Layer: met2
      Partial area ratio:   11.05
      Required ratio:    0.00 (Gate area) 
      Cumulative area ratio:   18.73
      Required ratio:    0.00 (Cumulative area) 
      Partial area ratio:   54.44
      Required ratio: 4336.52 (Side area) 
      Cumulative area ratio:   92.52
      Required ratio:    0.00 (Cumulative side area) 


  Pin:   _27780_/A0 (sky130_fd_sc_hd__mux2_1)
    Layer: li1
      Partial area ratio:    0.01
      Required ratio:    0.00 (Gate area) 
      Cumulative area ratio:    0.01
      Required ratio:    0.00 (Cumulative area) 
      Partial area ratio:    0.28
      Required ratio:   75.00 (Side area) 
      Cumulative area ratio:    0.28
      Required ratio:    0.00 (Cumulative side area) 

    Layer: mcon
      Partial area ratio:    0.23
      Required ratio:    3.00 (Gate area) 
      Cumulative area ratio:    0.23
      Required ratio:    0.00 (Cumulative area) 

    Layer: met1
      Partial area ratio:    3.41
      Required ratio:    0.00 (Gate area) 
      Cumulative area ratio:    3.41
      Required ratio:    0.00 (Cumulative area) 
      Partial area ratio:   16.42
      Required ratio:  400.00 (Side area) 
      Cumulative area ratio:   16.69
      Required ratio:    0.00 (Cumulative side area) 

    Layer: via
      Partial area ratio:    0.18
      Required ratio:    6.00 (Gate area) 
      Cumulative area ratio:    0.41
      Required ratio:    0.00 (Cumulative area) 

    Layer: met2
      Partial area ratio:   11.05
      Required ratio:    0.00 (Gate area) 
      Cumulative area ratio:   14.46
      Required ratio:    0.00 (Cumulative area) 
      Partial area ratio:   54.44
      Required ratio: 4336.52 (Side area) 
      Cumulative area ratio:   71.13
      Required ratio:    0.00 (Cumulative side area) 


  Pin:   _27789_/A0 (sky130_fd_sc_hd__mux2_1)
    Layer: li1
      Partial area ratio:    0.01
      Required ratio:    0.00 (Gate area) 
      Cumulative area ratio:    0.01
      Required ratio:    0.00 (Cumulative area) 
      Partial area ratio:    0.28
      Required ratio:   75.00 (Side area) 
      Cumulative area ratio:    0.28
      Required ratio:    0.00 (Cumulative side area) 

    Layer: mcon
      Partial area ratio:    0.23
      Required ratio:    3.00 (Gate area) 
      Cumulative area ratio:    0.23
      Required ratio:    0.00 (Cumulative area) 

    Layer: met1
      Partial area ratio:    7.68
      Required ratio:    0.00 (Gate area) 
      Cumulative area ratio:    7.68
      Required ratio:    0.00 (Cumulative area) 
      Partial area ratio:   37.81
      Required ratio:  400.00 (Side area) 
      Cumulative area ratio:   38.08
      Required ratio:    0.00 (Cumulative side area) 

    Layer: via
      Partial area ratio:    0.09
      Required ratio:    6.00 (Gate area) 
      Cumulative area ratio:    0.32
      Required ratio:    0.00 (Cumulative area) 

    Layer: met2
      Partial area ratio:   11.05
      Required ratio:    0.00 (Gate area) 
      Cumulative area ratio:   18.73
      Required ratio:    0.00 (Cumulative area) 
      Partial area ratio:   54.44
      Required ratio: 4336.52 (Side area) 
      Cumulative area ratio:   92.52
      Required ratio:    0.00 (Cumulative side area) 


  Pin:   _27798_/A1 (sky130_fd_sc_hd__mux2_1)
    Layer: mcon
      Partial area ratio:    0.46
      Required ratio:    3.00 (Gate area) 
      Cumulative area ratio:    0.46
      Required ratio:    0.00 (Cumulative area) 

    Layer: met1
      Partial area ratio:    5.79
      Required ratio:    0.00 (Gate area) 
      Cumulative area ratio:    5.79
      Required ratio:    0.00 (Cumulative area) 
      Partial area ratio:   27.72
      Required ratio:  400.00 (Side area) 
      Cumulative area ratio:   27.72
      Required ratio:    0.00 (Cumulative side area) 

    Layer: via
      Partial area ratio:    0.36
      Required ratio:    6.00 (Gate area) 
      Cumulative area ratio:    0.82
      Required ratio:    0.00 (Cumulative area) 

    Layer: met2
      Partial area ratio:   11.05
      Required ratio:    0.00 (Gate area) 
      Cumulative area ratio:   16.84
      Required ratio:    0.00 (Cumulative area) 
      Partial area ratio:   54.44
      Required ratio: 4336.52 (Side area) 
      Cumulative area ratio:   82.16
      Required ratio:    0.00 (Cumulative side area) 


  Pin:   _27807_/A0 (sky130_fd_sc_hd__mux2_1)
    Layer: li1
      Partial area ratio:    0.01
      Required ratio:    0.00 (Gate area) 
      Cumulative area ratio:    0.01
      Required ratio:    0.00 (Cumulative area) 
      Partial area ratio:    0.28
      Required ratio:   75.00 (Side area) 
      Cumulative area ratio:    0.28
      Required ratio:    0.00 (Cumulative side area) 

    Layer: mcon
      Partial area ratio:    0.23
      Required ratio:    3.00 (Gate area) 
      Cumulative area ratio:    0.23
      Required ratio:    0.00 (Cumulative area) 

    Layer: met1
      Partial area ratio:    7.29
      Required ratio:    0.00 (Gate area) 
      Cumulative area ratio:    7.30
      Required ratio:    0.00 (Cumulative area) 
      Partial area ratio:   34.97
      Required ratio:  400.00 (Side area) 
      Cumulative area ratio:   35.25
      Required ratio:    0.00 (Cumulative side area) 

    Layer: via
      Partial area ratio:    0.36
      Required ratio:    6.00 (Gate area) 
      Cumulative area ratio:    0.59
      Required ratio:    0.00 (Cumulative area) 

    Layer: met2
      Partial area ratio:   11.05
      Required ratio:    0.00 (Gate area) 
      Cumulative area ratio:   18.34
      Required ratio:    0.00 (Cumulative area) 
      Partial area ratio:   54.44
      Required ratio: 4336.52 (Side area) 
      Cumulative area ratio:   89.69
      Required ratio:    0.00 (Cumulative side area) 


  Pin:   _27816_/A0 (sky130_fd_sc_hd__mux2_1)
    Layer: li1
      Partial area ratio:    0.01
      Required ratio:    0.00 (Gate area) 
      Cumulative area ratio:    0.01
      Required ratio:    0.00 (Cumulative area) 
      Partial area ratio:    0.28
      Required ratio:   75.00 (Side area) 
      Cumulative area ratio:    0.28
      Required ratio:    0.00 (Cumulative side area) 

    Layer: mcon
      Partial area ratio:    0.23
      Required ratio:    3.00 (Gate area) 
      Cumulative area ratio:    0.23
      Required ratio:    0.00 (Cumulative area) 

    Layer: met1
      Partial area ratio:    4.43
      Required ratio:    0.00 (Gate area) 
      Cumulative area ratio:    4.44
      Required ratio:    0.00 (Cumulative area) 
      Partial area ratio:   21.53
      Required ratio:  400.00 (Side area) 
      Cumulative area ratio:   21.81
      Required ratio:    0.00 (Cumulative side area) 

    Layer: via
      Partial area ratio:    0.18
      Required ratio:    6.00 (Gate area) 
      Cumulative area ratio:    0.41
      Required ratio:    0.00 (Cumulative area) 

    Layer: met2
      Partial area ratio:   11.05
      Required ratio:    0.00 (Gate area) 
      Cumulative area ratio:   15.48
      Required ratio:    0.00 (Cumulative area) 
      Partial area ratio:   54.44
      Required ratio: 4336.52 (Side area) 
      Cumulative area ratio:   76.24
      Required ratio:    0.00 (Cumulative side area) 


  Pin:   _27825_/A0 (sky130_fd_sc_hd__mux2_1)
    Layer: li1
      Partial area ratio:    0.01
      Required ratio:    0.00 (Gate area) 
      Cumulative area ratio:    0.01
      Required ratio:    0.00 (Cumulative area) 
      Partial area ratio:    0.28
      Required ratio:   75.00 (Side area) 
      Cumulative area ratio:    0.28
      Required ratio:    0.00 (Cumulative side area) 

    Layer: mcon
      Partial area ratio:    0.23
      Required ratio:    3.00 (Gate area) 
      Cumulative area ratio:    0.23
      Required ratio:    0.00 (Cumulative area) 

    Layer: met1
      Partial area ratio:    2.38
      Required ratio:    0.00 (Gate area) 
      Cumulative area ratio:    2.39
      Required ratio:    0.00 (Cumulative area) 
      Partial area ratio:   11.31
      Required ratio:  400.00 (Side area) 
      Cumulative area ratio:   11.58
      Required ratio:    0.00 (Cumulative side area) 

    Layer: via
      Partial area ratio:    0.18
      Required ratio:    6.00 (Gate area) 
      Cumulative area ratio:    0.41
      Required ratio:    0.00 (Cumulative area) 

    Layer: met2
      Partial area ratio:   11.05
      Required ratio:    0.00 (Gate area) 
      Cumulative area ratio:   13.44
      Required ratio:    0.00 (Cumulative area) 
      Partial area ratio:   54.44
      Required ratio: 4336.52 (Side area) 
      Cumulative area ratio:   66.02
      Required ratio:    0.00 (Cumulative side area) 


  Pin:   _27834_/A1 (sky130_fd_sc_hd__mux2_1)
    Layer: mcon
      Partial area ratio:    0.23
      Required ratio:    3.00 (Gate area) 
      Cumulative area ratio:    0.23
      Required ratio:    0.00 (Cumulative area) 

    Layer: met1
      Partial area ratio:    0.66
      Required ratio:    0.00 (Gate area) 
      Cumulative area ratio:    0.66
      Required ratio:    0.00 (Cumulative area) 
      Partial area ratio:    3.22
      Required ratio:  400.00 (Side area) 
      Cumulative area ratio:    3.22
      Required ratio:    0.00 (Cumulative side area) 

    Layer: via
      Partial area ratio:    0.18
      Required ratio:    6.00 (Gate area) 
      Cumulative area ratio:    0.41
      Required ratio:    0.00 (Cumulative area) 

    Layer: met2
      Partial area ratio:   11.05
      Required ratio:    0.00 (Gate area) 
      Cumulative area ratio:   11.71
      Required ratio:    0.00 (Cumulative area) 
      Partial area ratio:   54.44
      Required ratio: 4336.52 (Side area) 
      Cumulative area ratio:   57.66
      Required ratio:    0.00 (Cumulative side area) 


  Pin:   _27843_/A0 (sky130_fd_sc_hd__mux2_1)
    Layer: li1
      Partial area ratio:    0.01
      Required ratio:    0.00 (Gate area) 
      Cumulative area ratio:    0.01
      Required ratio:    0.00 (Cumulative area) 
      Partial area ratio:    0.28
      Required ratio:   75.00 (Side area) 
      Cumulative area ratio:    0.28
      Required ratio:    0.00 (Cumulative side area) 

    Layer: mcon
      Partial area ratio:    0.23
      Required ratio:    3.00 (Gate area) 
      Cumulative area ratio:    0.23
      Required ratio:    0.00 (Cumulative area) 

    Layer: met1
      Partial area ratio:   25.23
      Required ratio:    0.00 (Gate area) 
      Cumulative area ratio:   25.24
      Required ratio:    0.00 (Cumulative area) 
      Partial area ratio:  123.83
      Required ratio:  400.00 (Side area) 
      Cumulative area ratio:  124.11
      Required ratio:    0.00 (Cumulative side area) 

    Layer: via
      Partial area ratio:    0.54
      Required ratio:    6.00 (Gate area) 
      Cumulative area ratio:    0.77
      Required ratio:    0.00 (Cumulative area) 

    Layer: met2
      Partial area ratio:   11.05
      Required ratio:    0.00 (Gate area) 
      Cumulative area ratio:   36.29
      Required ratio:    0.00 (Cumulative area) 
      Partial area ratio:   54.44
      Required ratio: 4336.52 (Side area) 
      Cumulative area ratio:  178.55
      Required ratio:    0.00 (Cumulative side area) 


  Pin:   _27852_/A0 (sky130_fd_sc_hd__mux2_1)
    Layer: li1
      Partial area ratio:    0.01
      Required ratio:    0.00 (Gate area) 
      Cumulative area ratio:    0.01
      Required ratio:    0.00 (Cumulative area) 
      Partial area ratio:    0.28
      Required ratio:   75.00 (Side area) 
      Cumulative area ratio:    0.28
      Required ratio:    0.00 (Cumulative side area) 

    Layer: mcon
      Partial area ratio:    0.23
      Required ratio:    3.00 (Gate area) 
      Cumulative area ratio:    0.23
      Required ratio:    0.00 (Cumulative area) 

    Layer: met1
      Partial area ratio:    0.66
      Required ratio:    0.00 (Gate area) 
      Cumulative area ratio:    0.67
      Required ratio:    0.00 (Cumulative area) 
      Partial area ratio:    3.22
      Required ratio:  400.00 (Side area) 
      Cumulative area ratio:    3.50
      Required ratio:    0.00 (Cumulative side area) 

    Layer: via
      Partial area ratio:    0.18
      Required ratio:    6.00 (Gate area) 
      Cumulative area ratio:    0.41
      Required ratio:    0.00 (Cumulative area) 

    Layer: met2
      Partial area ratio:   11.05
      Required ratio:    0.00 (Gate area) 
      Cumulative area ratio:   11.71
      Required ratio:    0.00 (Cumulative area) 
      Partial area ratio:   54.44
      Required ratio: 4336.52 (Side area) 
      Cumulative area ratio:   57.94
      Required ratio:    0.00 (Cumulative side area) 


  Pin:   _27861_/A0 (sky130_fd_sc_hd__mux2_1)
    Layer: li1
      Partial area ratio:    0.01
      Required ratio:    0.00 (Gate area) 
      Cumulative area ratio:    0.01
      Required ratio:    0.00 (Cumulative area) 
      Partial area ratio:    0.28
      Required ratio:   75.00 (Side area) 
      Cumulative area ratio:    0.28
      Required ratio:    0.00 (Cumulative side area) 

    Layer: mcon
      Partial area ratio:    0.23
      Required ratio:    3.00 (Gate area) 
      Cumulative area ratio:    0.23
      Required ratio:    0.00 (Cumulative area) 

    Layer: met1
      Partial area ratio:    5.03
      Required ratio:    0.00 (Gate area) 
      Cumulative area ratio:    5.03
      Required ratio:    0.00 (Cumulative area) 
      Partial area ratio:   24.12
      Required ratio:  400.00 (Side area) 
      Cumulative area ratio:   24.40
      Required ratio:    0.00 (Cumulative side area) 

    Layer: via
      Partial area ratio:    0.18
      Required ratio:    6.00 (Gate area) 
      Cumulative area ratio:    0.41
      Required ratio:    0.00 (Cumulative area) 

    Layer: met2
      Partial area ratio:   11.05
      Required ratio:    0.00 (Gate area) 
      Cumulative area ratio:   16.08
      Required ratio:    0.00 (Cumulative area) 
      Partial area ratio:   54.44
      Required ratio: 4336.52 (Side area) 
      Cumulative area ratio:   78.84
      Required ratio:    0.00 (Cumulative side area) 


  Pin:   _27870_/A0 (sky130_fd_sc_hd__mux2_1)
    Layer: li1
      Partial area ratio:    0.01
      Required ratio:    0.00 (Gate area) 
      Cumulative area ratio:    0.01
      Required ratio:    0.00 (Cumulative area) 
      Partial area ratio:    0.28
      Required ratio:   75.00 (Side area) 
      Cumulative area ratio:    0.28
      Required ratio:    0.00 (Cumulative side area) 

    Layer: mcon
      Partial area ratio:    0.23
      Required ratio:    3.00 (Gate area) 
      Cumulative area ratio:    0.23
      Required ratio:    0.00 (Cumulative area) 

    Layer: met1
      Partial area ratio:    5.03
      Required ratio:    0.00 (Gate area) 
      Cumulative area ratio:    5.03
      Required ratio:    0.00 (Cumulative area) 
      Partial area ratio:   24.12
      Required ratio:  400.00 (Side area) 
      Cumulative area ratio:   24.40
      Required ratio:    0.00 (Cumulative side area) 

    Layer: via
      Partial area ratio:    0.18
      Required ratio:    6.00 (Gate area) 
      Cumulative area ratio:    0.41
      Required ratio:    0.00 (Cumulative area) 

    Layer: met2
      Partial area ratio:   11.05
      Required ratio:    0.00 (Gate area) 
      Cumulative area ratio:   16.08
      Required ratio:    0.00 (Cumulative area) 
      Partial area ratio:   54.44
      Required ratio: 4336.52 (Side area) 
      Cumulative area ratio:   78.84
      Required ratio:    0.00 (Cumulative side area) 


  Pin:   _27879_/A1 (sky130_fd_sc_hd__mux2_1)
    Layer: mcon
      Partial area ratio:    0.23
      Required ratio:    3.00 (Gate area) 
      Cumulative area ratio:    0.23
      Required ratio:    0.00 (Cumulative area) 

    Layer: met1
      Partial area ratio:    0.66
      Required ratio:    0.00 (Gate area) 
      Cumulative area ratio:    0.66
      Required ratio:    0.00 (Cumulative area) 
      Partial area ratio:    3.22
      Required ratio:  400.00 (Side area) 
      Cumulative area ratio:    3.22
      Required ratio:    0.00 (Cumulative side area) 

    Layer: via
      Partial area ratio:    0.18
      Required ratio:    6.00 (Gate area) 
      Cumulative area ratio:    0.41
      Required ratio:    0.00 (Cumulative area) 

    Layer: met2
      Partial area ratio:   11.05
      Required ratio:    0.00 (Gate area) 
      Cumulative area ratio:   11.71
      Required ratio:    0.00 (Cumulative area) 
      Partial area ratio:   54.44
      Required ratio: 4336.52 (Side area) 
      Cumulative area ratio:   57.66
      Required ratio:    0.00 (Cumulative side area) 


  Pin:   _27890_/A0 (sky130_fd_sc_hd__mux2_1)
    Layer: li1
      Partial area ratio:    0.01
      Required ratio:    0.00 (Gate area) 
      Cumulative area ratio:    0.01
      Required ratio:    0.00 (Cumulative area) 
      Partial area ratio:    0.28
      Required ratio:   75.00 (Side area) 
      Cumulative area ratio:    0.28
      Required ratio:    0.00 (Cumulative side area) 

    Layer: mcon
      Partial area ratio:    0.23
      Required ratio:    3.00 (Gate area) 
      Cumulative area ratio:    0.23
      Required ratio:    0.00 (Cumulative area) 

    Layer: met1
      Partial area ratio:    1.36
      Required ratio:    0.00 (Gate area) 
      Cumulative area ratio:    1.37
      Required ratio:    0.00 (Cumulative area) 
      Partial area ratio:    6.19
      Required ratio:  400.00 (Side area) 
      Cumulative area ratio:    6.47
      Required ratio:    0.00 (Cumulative side area) 

    Layer: via
      Partial area ratio:    0.18
      Required ratio:    6.00 (Gate area) 
      Cumulative area ratio:    0.41
      Required ratio:    0.00 (Cumulative area) 

    Layer: met2
      Partial area ratio:   11.05
      Required ratio:    0.00 (Gate area) 
      Cumulative area ratio:   12.42
      Required ratio:    0.00 (Cumulative area) 
      Partial area ratio:   54.44
      Required ratio: 4336.52 (Side area) 
      Cumulative area ratio:   60.91
      Required ratio:    0.00 (Cumulative side area) 


  Pin:   _27899_/A0 (sky130_fd_sc_hd__mux2_1)
    Layer: li1
      Partial area ratio:    0.01
      Required ratio:    0.00 (Gate area) 
      Cumulative area ratio:    0.01
      Required ratio:    0.00 (Cumulative area) 
      Partial area ratio:    0.28
      Required ratio:   75.00 (Side area) 
      Cumulative area ratio:    0.28
      Required ratio:    0.00 (Cumulative side area) 

    Layer: mcon
      Partial area ratio:    0.23
      Required ratio:    3.00 (Gate area) 
      Cumulative area ratio:    0.23
      Required ratio:    0.00 (Cumulative area) 

    Layer: met1
      Partial area ratio:    0.66
      Required ratio:    0.00 (Gate area) 
      Cumulative area ratio:    0.67
      Required ratio:    0.00 (Cumulative area) 
      Partial area ratio:    3.22
      Required ratio:  400.00 (Side area) 
      Cumulative area ratio:    3.50
      Required ratio:    0.00 (Cumulative side area) 

    Layer: via
      Partial area ratio:    0.18
      Required ratio:    6.00 (Gate area) 
      Cumulative area ratio:    0.41
      Required ratio:    0.00 (Cumulative area) 

    Layer: met2
      Partial area ratio:   11.05
      Required ratio:    0.00 (Gate area) 
      Cumulative area ratio:   11.71
      Required ratio:    0.00 (Cumulative area) 
      Partial area ratio:   54.44
      Required ratio: 4336.52 (Side area) 
      Cumulative area ratio:   57.94
      Required ratio:    0.00 (Cumulative side area) 


  Pin:   _27908_/A0 (sky130_fd_sc_hd__mux2_1)
    Layer: li1
      Partial area ratio:    0.01
      Required ratio:    0.00 (Gate area) 
      Cumulative area ratio:    0.01
      Required ratio:    0.00 (Cumulative area) 
      Partial area ratio:    0.28
      Required ratio:   75.00 (Side area) 
      Cumulative area ratio:    0.28
      Required ratio:    0.00 (Cumulative side area) 

    Layer: mcon
      Partial area ratio:    0.23
      Required ratio:    3.00 (Gate area) 
      Cumulative area ratio:    0.23
      Required ratio:    0.00 (Cumulative area) 

    Layer: met1
      Partial area ratio:   53.34
      Required ratio:    0.00 (Gate area) 
      Cumulative area ratio:   53.35
      Required ratio:    0.00 (Cumulative area) 
      Partial area ratio:  264.39
      Required ratio:  400.00 (Side area) 
      Cumulative area ratio:  264.67
      Required ratio:    0.00 (Cumulative side area) 

    Layer: via
      Partial area ratio:    0.54
      Required ratio:    6.00 (Gate area) 
      Cumulative area ratio:    0.77
      Required ratio:    0.00 (Cumulative area) 

    Layer: met2
      Partial area ratio:   11.05
      Required ratio:    0.00 (Gate area) 
      Cumulative area ratio:   64.40
      Required ratio:    0.00 (Cumulative area) 
      Partial area ratio:   54.44
      Required ratio: 4336.52 (Side area) 
      Cumulative area ratio:  319.10
      Required ratio:    0.00 (Cumulative side area) 


  Pin:   _27917_/A1 (sky130_fd_sc_hd__mux2_1)
    Layer: mcon
      Partial area ratio:    0.23
      Required ratio:    3.00 (Gate area) 
      Cumulative area ratio:    0.23
      Required ratio:    0.00 (Cumulative area) 

    Layer: met1
      Partial area ratio:    0.66
      Required ratio:    0.00 (Gate area) 
      Cumulative area ratio:    0.66
      Required ratio:    0.00 (Cumulative area) 
      Partial area ratio:    3.22
      Required ratio:  400.00 (Side area) 
      Cumulative area ratio:    3.22
      Required ratio:    0.00 (Cumulative side area) 

    Layer: via
      Partial area ratio:    0.18
      Required ratio:    6.00 (Gate area) 
      Cumulative area ratio:    0.41
      Required ratio:    0.00 (Cumulative area) 

    Layer: met2
      Partial area ratio:   11.05
      Required ratio:    0.00 (Gate area) 
      Cumulative area ratio:   11.71
      Required ratio:    0.00 (Cumulative area) 
      Partial area ratio:   54.44
      Required ratio: 4336.52 (Side area) 
      Cumulative area ratio:   57.66
      Required ratio:    0.00 (Cumulative side area) 


  Pin:   _27926_/A0 (sky130_fd_sc_hd__mux2_1)
    Layer: li1
      Partial area ratio:    0.01
      Required ratio:    0.00 (Gate area) 
      Cumulative area ratio:    0.01
      Required ratio:    0.00 (Cumulative area) 
      Partial area ratio:    0.28
      Required ratio:   75.00 (Side area) 
      Cumulative area ratio:    0.28
      Required ratio:    0.00 (Cumulative side area) 

    Layer: mcon
      Partial area ratio:    0.23
      Required ratio:    3.00 (Gate area) 
      Cumulative area ratio:    0.23
      Required ratio:    0.00 (Cumulative area) 

    Layer: met1
      Partial area ratio:   14.97
      Required ratio:    0.00 (Gate area) 
      Cumulative area ratio:   14.98
      Required ratio:    0.00 (Cumulative area) 
      Partial area ratio:   73.39
      Required ratio:  400.00 (Side area) 
      Cumulative area ratio:   73.67
      Required ratio:    0.00 (Cumulative side area) 

    Layer: via
      Partial area ratio:    0.36
      Required ratio:    6.00 (Gate area) 
      Cumulative area ratio:    0.59
      Required ratio:    0.00 (Cumulative area) 

    Layer: met2
      Partial area ratio:   11.05
      Required ratio:    0.00 (Gate area) 
      Cumulative area ratio:   26.03
      Required ratio:    0.00 (Cumulative area) 
      Partial area ratio:   54.44
      Required ratio: 4336.52 (Side area) 
      Cumulative area ratio:  128.10
      Required ratio:    0.00 (Cumulative side area) 


  Pin:   _27935_/A0 (sky130_fd_sc_hd__mux2_1)
    Layer: li1
      Partial area ratio:    0.01
      Required ratio:    0.00 (Gate area) 
      Cumulative area ratio:    0.01
      Required ratio:    0.00 (Cumulative area) 
      Partial area ratio:    0.28
      Required ratio:   75.00 (Side area) 
      Cumulative area ratio:    0.28
      Required ratio:    0.00 (Cumulative side area) 

    Layer: mcon
      Partial area ratio:    0.23
      Required ratio:    3.00 (Gate area) 
      Cumulative area ratio:    0.23
      Required ratio:    0.00 (Cumulative area) 

    Layer: met1
      Partial area ratio:    0.66
      Required ratio:    0.00 (Gate area) 
      Cumulative area ratio:    0.67
      Required ratio:    0.00 (Cumulative area) 
      Partial area ratio:    3.22
      Required ratio:  400.00 (Side area) 
      Cumulative area ratio:    3.50
      Required ratio:    0.00 (Cumulative side area) 

    Layer: via
      Partial area ratio:    0.18
      Required ratio:    6.00 (Gate area) 
      Cumulative area ratio:    0.41
      Required ratio:    0.00 (Cumulative area) 

    Layer: met2
      Partial area ratio:   11.05
      Required ratio:    0.00 (Gate area) 
      Cumulative area ratio:   11.71
      Required ratio:    0.00 (Cumulative area) 
      Partial area ratio:   54.44
      Required ratio: 4336.52 (Side area) 
      Cumulative area ratio:   57.94
      Required ratio:    0.00 (Cumulative side area) 


  Pin:   _27944_/A0 (sky130_fd_sc_hd__mux2_1)
    Layer: li1
      Partial area ratio:    0.01
      Required ratio:    0.00 (Gate area) 
      Cumulative area ratio:    0.01
      Required ratio:    0.00 (Cumulative area) 
      Partial area ratio:    0.28
      Required ratio:   75.00 (Side area) 
      Cumulative area ratio:    0.28
      Required ratio:    0.00 (Cumulative side area) 

    Layer: mcon
      Partial area ratio:    0.23
      Required ratio:    3.00 (Gate area) 
      Cumulative area ratio:    0.23
      Required ratio:    0.00 (Cumulative area) 

    Layer: met1
      Partial area ratio:    3.41
      Required ratio:    0.00 (Gate area) 
      Cumulative area ratio:    3.41
      Required ratio:    0.00 (Cumulative area) 
      Partial area ratio:   16.42
      Required ratio:  400.00 (Side area) 
      Cumulative area ratio:   16.69
      Required ratio:    0.00 (Cumulative side area) 

    Layer: via
      Partial area ratio:    0.18
      Required ratio:    6.00 (Gate area) 
      Cumulative area ratio:    0.41
      Required ratio:    0.00 (Cumulative area) 

    Layer: met2
      Partial area ratio:   11.05
      Required ratio:    0.00 (Gate area) 
      Cumulative area ratio:   14.46
      Required ratio:    0.00 (Cumulative area) 
      Partial area ratio:   54.44
      Required ratio: 4336.52 (Side area) 
      Cumulative area ratio:   71.13
      Required ratio:    0.00 (Cumulative side area) 


  Pin:   _27953_/A0 (sky130_fd_sc_hd__mux2_1)
    Layer: li1
      Partial area ratio:    0.01
      Required ratio:    0.00 (Gate area) 
      Cumulative area ratio:    0.01
      Required ratio:    0.00 (Cumulative area) 
      Partial area ratio:    0.28
      Required ratio:   75.00 (Side area) 
      Cumulative area ratio:    0.28
      Required ratio:    0.00 (Cumulative side area) 

    Layer: mcon
      Partial area ratio:    0.23
      Required ratio:    3.00 (Gate area) 
      Cumulative area ratio:    0.23
      Required ratio:    0.00 (Cumulative area) 

    Layer: met1
      Partial area ratio:   10.58
      Required ratio:    0.00 (Gate area) 
      Cumulative area ratio:   10.59
      Required ratio:    0.00 (Cumulative area) 
      Partial area ratio:   51.90
      Required ratio:  400.00 (Side area) 
      Cumulative area ratio:   52.18
      Required ratio:    0.00 (Cumulative side area) 

    Layer: via
      Partial area ratio:    0.18
      Required ratio:    6.00 (Gate area) 
      Cumulative area ratio:    0.41
      Required ratio:    0.00 (Cumulative area) 

    Layer: met2
      Partial area ratio:   11.05
      Required ratio:    0.00 (Gate area) 
      Cumulative area ratio:   21.64
      Required ratio:    0.00 (Cumulative area) 
      Partial area ratio:   54.44
      Required ratio: 4336.52 (Side area) 
      Cumulative area ratio:  106.62
      Required ratio:    0.00 (Cumulative side area) 


  Pin:   _27962_/A1 (sky130_fd_sc_hd__mux2_1)
    Layer: mcon
      Partial area ratio:    0.23
      Required ratio:    3.00 (Gate area) 
      Cumulative area ratio:    0.23
      Required ratio:    0.00 (Cumulative area) 

    Layer: met1
      Partial area ratio:   10.58
      Required ratio:    0.00 (Gate area) 
      Cumulative area ratio:   10.58
      Required ratio:    0.00 (Cumulative area) 
      Partial area ratio:   51.90
      Required ratio:  400.00 (Side area) 
      Cumulative area ratio:   51.90
      Required ratio:    0.00 (Cumulative side area) 

    Layer: via
      Partial area ratio:    0.18
      Required ratio:    6.00 (Gate area) 
      Cumulative area ratio:    0.41
      Required ratio:    0.00 (Cumulative area) 

    Layer: met2
      Partial area ratio:   11.05
      Required ratio:    0.00 (Gate area) 
      Cumulative area ratio:   21.63
      Required ratio:    0.00 (Cumulative area) 
      Partial area ratio:   54.44
      Required ratio: 4336.52 (Side area) 
      Cumulative area ratio:  106.34
      Required ratio:    0.00 (Cumulative side area) 


  Pin:   _27971_/A0 (sky130_fd_sc_hd__mux2_1)
    Layer: li1
      Partial area ratio:    0.01
      Required ratio:    0.00 (Gate area) 
      Cumulative area ratio:    0.01
      Required ratio:    0.00 (Cumulative area) 
      Partial area ratio:    0.28
      Required ratio:   75.00 (Side area) 
      Cumulative area ratio:    0.28
      Required ratio:    0.00 (Cumulative side area) 

    Layer: mcon
      Partial area ratio:    0.23
      Required ratio:    3.00 (Gate area) 
      Cumulative area ratio:    0.23
      Required ratio:    0.00 (Cumulative area) 

    Layer: met1
      Partial area ratio:    9.31
      Required ratio:    0.00 (Gate area) 
      Cumulative area ratio:    9.32
      Required ratio:    0.00 (Cumulative area) 
      Partial area ratio:   45.70
      Required ratio:  400.00 (Side area) 
      Cumulative area ratio:   45.98
      Required ratio:    0.00 (Cumulative side area) 

    Layer: via
      Partial area ratio:    0.12
      Required ratio:    6.00 (Gate area) 
      Cumulative area ratio:    0.35
      Required ratio:    0.00 (Cumulative area) 

    Layer: met2
      Partial area ratio:   11.05
      Required ratio:    0.00 (Gate area) 
      Cumulative area ratio:   20.36
      Required ratio:    0.00 (Cumulative area) 
      Partial area ratio:   54.44
      Required ratio: 4336.52 (Side area) 
      Cumulative area ratio:  100.42
      Required ratio:    0.00 (Cumulative side area) 


  Pin:   _27980_/A0 (sky130_fd_sc_hd__mux2_1)
    Layer: li1
      Partial area ratio:    0.01
      Required ratio:    0.00 (Gate area) 
      Cumulative area ratio:    0.01
      Required ratio:    0.00 (Cumulative area) 
      Partial area ratio:    0.28
      Required ratio:   75.00 (Side area) 
      Cumulative area ratio:    0.28
      Required ratio:    0.00 (Cumulative side area) 

    Layer: mcon
      Partial area ratio:    0.23
      Required ratio:    3.00 (Gate area) 
      Cumulative area ratio:    0.23
      Required ratio:    0.00 (Cumulative area) 

    Layer: met1
      Partial area ratio:    9.31
      Required ratio:    0.00 (Gate area) 
      Cumulative area ratio:    9.32
      Required ratio:    0.00 (Cumulative area) 
      Partial area ratio:   45.70
      Required ratio:  400.00 (Side area) 
      Cumulative area ratio:   45.98
      Required ratio:    0.00 (Cumulative side area) 

    Layer: via
      Partial area ratio:    0.12
      Required ratio:    6.00 (Gate area) 
      Cumulative area ratio:    0.35
      Required ratio:    0.00 (Cumulative area) 

    Layer: met2
      Partial area ratio:   11.05
      Required ratio:    0.00 (Gate area) 
      Cumulative area ratio:   20.36
      Required ratio:    0.00 (Cumulative area) 
      Partial area ratio:   54.44
      Required ratio: 4336.52 (Side area) 
      Cumulative area ratio:  100.42
      Required ratio:    0.00 (Cumulative side area) 


  Pin:   _27989_/A0 (sky130_fd_sc_hd__mux2_1)
    Layer: li1
      Partial area ratio:    0.01
      Required ratio:    0.00 (Gate area) 
      Cumulative area ratio:    0.01
      Required ratio:    0.00 (Cumulative area) 
      Partial area ratio:    0.28
      Required ratio:   75.00 (Side area) 
      Cumulative area ratio:    0.28
      Required ratio:    0.00 (Cumulative side area) 

    Layer: mcon
      Partial area ratio:    0.23
      Required ratio:    3.00 (Gate area) 
      Cumulative area ratio:    0.23
      Required ratio:    0.00 (Cumulative area) 

    Layer: met1
      Partial area ratio:    0.66
      Required ratio:    0.00 (Gate area) 
      Cumulative area ratio:    0.67
      Required ratio:    0.00 (Cumulative area) 
      Partial area ratio:    3.22
      Required ratio:  400.00 (Side area) 
      Cumulative area ratio:    3.50
      Required ratio:    0.00 (Cumulative side area) 

    Layer: via
      Partial area ratio:    0.18
      Required ratio:    6.00 (Gate area) 
      Cumulative area ratio:    0.41
      Required ratio:    0.00 (Cumulative area) 

    Layer: met2
      Partial area ratio:   11.05
      Required ratio:    0.00 (Gate area) 
      Cumulative area ratio:   11.71
      Required ratio:    0.00 (Cumulative area) 
      Partial area ratio:   54.44
      Required ratio: 4336.52 (Side area) 
      Cumulative area ratio:   57.94
      Required ratio:    0.00 (Cumulative side area) 


  Pin:   _27998_/A1 (sky130_fd_sc_hd__mux2_1)
    Layer: mcon
      Partial area ratio:    0.23
      Required ratio:    3.00 (Gate area) 
      Cumulative area ratio:    0.23
      Required ratio:    0.00 (Cumulative area) 

    Layer: met1
      Partial area ratio:    9.31
      Required ratio:    0.00 (Gate area) 
      Cumulative area ratio:    9.31
      Required ratio:    0.00 (Cumulative area) 
      Partial area ratio:   45.70
      Required ratio:  400.00 (Side area) 
      Cumulative area ratio:   45.70
      Required ratio:    0.00 (Cumulative side area) 

    Layer: via
      Partial area ratio:    0.12
      Required ratio:    6.00 (Gate area) 
      Cumulative area ratio:    0.35
      Required ratio:    0.00 (Cumulative area) 

    Layer: met2
      Partial area ratio:   11.05
      Required ratio:    0.00 (Gate area) 
      Cumulative area ratio:   20.36
      Required ratio:    0.00 (Cumulative area) 
      Partial area ratio:   54.44
      Required ratio: 4336.52 (Side area) 
      Cumulative area ratio:  100.14
      Required ratio:    0.00 (Cumulative side area) 


  Pin:   _28007_/A0 (sky130_fd_sc_hd__mux2_1)
    Layer: li1
      Partial area ratio:    0.01
      Required ratio:    0.00 (Gate area) 
      Cumulative area ratio:    0.01
      Required ratio:    0.00 (Cumulative area) 
      Partial area ratio:    0.28
      Required ratio:   75.00 (Side area) 
      Cumulative area ratio:    0.28
      Required ratio:    0.00 (Cumulative side area) 

    Layer: mcon
      Partial area ratio:    0.23
      Required ratio:    3.00 (Gate area) 
      Cumulative area ratio:    0.23
      Required ratio:    0.00 (Cumulative area) 

    Layer: met1
      Partial area ratio:    0.66
      Required ratio:    0.00 (Gate area) 
      Cumulative area ratio:    0.67
      Required ratio:    0.00 (Cumulative area) 
      Partial area ratio:    3.22
      Required ratio:  400.00 (Side area) 
      Cumulative area ratio:    3.50
      Required ratio:    0.00 (Cumulative side area) 

    Layer: via
      Partial area ratio:    0.18
      Required ratio:    6.00 (Gate area) 
      Cumulative area ratio:    0.41
      Required ratio:    0.00 (Cumulative area) 

    Layer: met2
      Partial area ratio:   11.05
      Required ratio:    0.00 (Gate area) 
      Cumulative area ratio:   11.71
      Required ratio:    0.00 (Cumulative area) 
      Partial area ratio:   54.44
      Required ratio: 4336.52 (Side area) 
      Cumulative area ratio:   57.94
      Required ratio:    0.00 (Cumulative side area) 


  Pin:   _28016_/A0 (sky130_fd_sc_hd__mux2_1)
    Layer: li1
      Partial area ratio:    0.01
      Required ratio:    0.00 (Gate area) 
      Cumulative area ratio:    0.01
      Required ratio:    0.00 (Cumulative area) 
      Partial area ratio:    0.28
      Required ratio:   75.00 (Side area) 
      Cumulative area ratio:    0.28
      Required ratio:    0.00 (Cumulative side area) 

    Layer: mcon
      Partial area ratio:    0.23
      Required ratio:    3.00 (Gate area) 
      Cumulative area ratio:    0.23
      Required ratio:    0.00 (Cumulative area) 

    Layer: met1
      Partial area ratio:    0.66
      Required ratio:    0.00 (Gate area) 
      Cumulative area ratio:    0.67
      Required ratio:    0.00 (Cumulative area) 
      Partial area ratio:    3.22
      Required ratio:  400.00 (Side area) 
      Cumulative area ratio:    3.50
      Required ratio:    0.00 (Cumulative side area) 

    Layer: via
      Partial area ratio:    0.18
      Required ratio:    6.00 (Gate area) 
      Cumulative area ratio:    0.41
      Required ratio:    0.00 (Cumulative area) 

    Layer: met2
      Partial area ratio:   11.05
      Required ratio:    0.00 (Gate area) 
      Cumulative area ratio:   11.71
      Required ratio:    0.00 (Cumulative area) 
      Partial area ratio:   54.44
      Required ratio: 4336.52 (Side area) 
      Cumulative area ratio:   57.94
      Required ratio:    0.00 (Cumulative side area) 


  Pin:   _28025_/A0 (sky130_fd_sc_hd__mux2_1)
    Layer: li1
      Partial area ratio:    0.01
      Required ratio:    0.00 (Gate area) 
      Cumulative area ratio:    0.01
      Required ratio:    0.00 (Cumulative area) 
      Partial area ratio:    0.28
      Required ratio:   75.00 (Side area) 
      Cumulative area ratio:    0.28
      Required ratio:    0.00 (Cumulative side area) 

    Layer: mcon
      Partial area ratio:    0.23
      Required ratio:    3.00 (Gate area) 
      Cumulative area ratio:    0.23
      Required ratio:    0.00 (Cumulative area) 

    Layer: met1
      Partial area ratio:   17.11
      Required ratio:    0.00 (Gate area) 
      Cumulative area ratio:   17.12
      Required ratio:    0.00 (Cumulative area) 
      Partial area ratio:   84.08
      Required ratio:  400.00 (Side area) 
      Cumulative area ratio:   84.36
      Required ratio:    0.00 (Cumulative side area) 

    Layer: via
      Partial area ratio:    0.36
      Required ratio:    6.00 (Gate area) 
      Cumulative area ratio:    0.59
      Required ratio:    0.00 (Cumulative area) 

    Layer: met2
      Partial area ratio:   11.05
      Required ratio:    0.00 (Gate area) 
      Cumulative area ratio:   28.17
      Required ratio:    0.00 (Cumulative area) 
      Partial area ratio:   54.44
      Required ratio: 4336.52 (Side area) 
      Cumulative area ratio:  138.80
      Required ratio:    0.00 (Cumulative side area) 


  Pin:   _28034_/A1 (sky130_fd_sc_hd__mux2_1)
    Layer: mcon
      Partial area ratio:    0.23
      Required ratio:    3.00 (Gate area) 
      Cumulative area ratio:    0.23
      Required ratio:    0.00 (Cumulative area) 

    Layer: met1
      Partial area ratio:   11.38
      Required ratio:    0.00 (Gate area) 
      Cumulative area ratio:   11.38
      Required ratio:    0.00 (Cumulative area) 
      Partial area ratio:   55.42
      Required ratio:  400.00 (Side area) 
      Cumulative area ratio:   55.42
      Required ratio:    0.00 (Cumulative side area) 

    Layer: via
      Partial area ratio:    0.36
      Required ratio:    6.00 (Gate area) 
      Cumulative area ratio:    0.59
      Required ratio:    0.00 (Cumulative area) 

    Layer: met2
      Partial area ratio:   11.05
      Required ratio:    0.00 (Gate area) 
      Cumulative area ratio:   22.43
      Required ratio:    0.00 (Cumulative area) 
      Partial area ratio:   54.44
      Required ratio: 4336.52 (Side area) 
      Cumulative area ratio:  109.85
      Required ratio:    0.00 (Cumulative side area) 


  Pin:   _28043_/A0 (sky130_fd_sc_hd__mux2_1)
    Layer: li1
      Partial area ratio:    0.01
      Required ratio:    0.00 (Gate area) 
      Cumulative area ratio:    0.01
      Required ratio:    0.00 (Cumulative area) 
      Partial area ratio:    0.28
      Required ratio:   75.00 (Side area) 
      Cumulative area ratio:    0.28
      Required ratio:    0.00 (Cumulative side area) 

    Layer: mcon
      Partial area ratio:    0.23
      Required ratio:    3.00 (Gate area) 
      Cumulative area ratio:    0.23
      Required ratio:    0.00 (Cumulative area) 

    Layer: met1
      Partial area ratio:    4.17
      Required ratio:    0.00 (Gate area) 
      Cumulative area ratio:    4.18
      Required ratio:    0.00 (Cumulative area) 
      Partial area ratio:   20.25
      Required ratio:  400.00 (Side area) 
      Cumulative area ratio:   20.53
      Required ratio:    0.00 (Cumulative side area) 

    Layer: via
      Partial area ratio:    0.18
      Required ratio:    6.00 (Gate area) 
      Cumulative area ratio:    0.41
      Required ratio:    0.00 (Cumulative area) 

    Layer: met2
      Partial area ratio:   11.05
      Required ratio:    0.00 (Gate area) 
      Cumulative area ratio:   15.23
      Required ratio:    0.00 (Cumulative area) 
      Partial area ratio:   54.44
      Required ratio: 4336.52 (Side area) 
      Cumulative area ratio:   74.96
      Required ratio:    0.00 (Cumulative side area) 


  Pin:   _28053_/A0 (sky130_fd_sc_hd__mux2_1)
    Layer: li1
      Partial area ratio:    0.01
      Required ratio:    0.00 (Gate area) 
      Cumulative area ratio:    0.01
      Required ratio:    0.00 (Cumulative area) 
      Partial area ratio:    0.28
      Required ratio:   75.00 (Side area) 
      Cumulative area ratio:    0.28
      Required ratio:    0.00 (Cumulative side area) 

    Layer: mcon
      Partial area ratio:    0.23
      Required ratio:    3.00 (Gate area) 
      Cumulative area ratio:    0.23
      Required ratio:    0.00 (Cumulative area) 

    Layer: met1
      Partial area ratio:   29.35
      Required ratio:    0.00 (Gate area) 
      Cumulative area ratio:   29.36
      Required ratio:    0.00 (Cumulative area) 
      Partial area ratio:  144.44
      Required ratio:  400.00 (Side area) 
      Cumulative area ratio:  144.72
      Required ratio:    0.00 (Cumulative side area) 

    Layer: via
      Partial area ratio:    0.54
      Required ratio:    6.00 (Gate area) 
      Cumulative area ratio:    0.77
      Required ratio:    0.00 (Cumulative area) 

    Layer: met2
      Partial area ratio:   11.05
      Required ratio:    0.00 (Gate area) 
      Cumulative area ratio:   40.41
      Required ratio:    0.00 (Cumulative area) 
      Partial area ratio:   54.44
      Required ratio: 4336.52 (Side area) 
      Cumulative area ratio:  199.16
      Required ratio:    0.00 (Cumulative side area) 


  Pin:   _28062_/A1 (sky130_fd_sc_hd__mux2_1)
    Layer: mcon
      Partial area ratio:    0.23
      Required ratio:    3.00 (Gate area) 
      Cumulative area ratio:    0.23
      Required ratio:    0.00 (Cumulative area) 

    Layer: met1
      Partial area ratio:    3.74
      Required ratio:    0.00 (Gate area) 
      Cumulative area ratio:    3.74
      Required ratio:    0.00 (Cumulative area) 
      Partial area ratio:   17.69
      Required ratio:  400.00 (Side area) 
      Cumulative area ratio:   17.69
      Required ratio:    0.00 (Cumulative side area) 

    Layer: via
      Partial area ratio:    0.18
      Required ratio:    6.00 (Gate area) 
      Cumulative area ratio:    0.41
      Required ratio:    0.00 (Cumulative area) 

    Layer: met2
      Partial area ratio:   11.05
      Required ratio:    0.00 (Gate area) 
      Cumulative area ratio:   14.79
      Required ratio:    0.00 (Cumulative area) 
      Partial area ratio:   54.44
      Required ratio: 4336.52 (Side area) 
      Cumulative area ratio:   72.13
      Required ratio:    0.00 (Cumulative side area) 


  Pin:   _28071_/A1 (sky130_fd_sc_hd__mux2_1)
    Layer: mcon
      Partial area ratio:    0.23
      Required ratio:    3.00 (Gate area) 
      Cumulative area ratio:    0.23
      Required ratio:    0.00 (Cumulative area) 

    Layer: met1
      Partial area ratio:    3.74
      Required ratio:    0.00 (Gate area) 
      Cumulative area ratio:    3.74
      Required ratio:    0.00 (Cumulative area) 
      Partial area ratio:   17.69
      Required ratio:  400.00 (Side area) 
      Cumulative area ratio:   17.69
      Required ratio:    0.00 (Cumulative side area) 

    Layer: via
      Partial area ratio:    0.18
      Required ratio:    6.00 (Gate area) 
      Cumulative area ratio:    0.41
      Required ratio:    0.00 (Cumulative area) 

    Layer: met2
      Partial area ratio:   11.05
      Required ratio:    0.00 (Gate area) 
      Cumulative area ratio:   14.79
      Required ratio:    0.00 (Cumulative area) 
      Partial area ratio:   54.44
      Required ratio: 4336.52 (Side area) 
      Cumulative area ratio:   72.13
      Required ratio:    0.00 (Cumulative side area) 


  Pin:   _28080_/A1 (sky130_fd_sc_hd__mux2_1)
    Layer: mcon
      Partial area ratio:    0.23
      Required ratio:    3.00 (Gate area) 
      Cumulative area ratio:    0.23
      Required ratio:    0.00 (Cumulative area) 

    Layer: met1
      Partial area ratio:    1.36
      Required ratio:    0.00 (Gate area) 
      Cumulative area ratio:    1.36
      Required ratio:    0.00 (Cumulative area) 
      Partial area ratio:    6.19
      Required ratio:  400.00 (Side area) 
      Cumulative area ratio:    6.19
      Required ratio:    0.00 (Cumulative side area) 

    Layer: via
      Partial area ratio:    0.18
      Required ratio:    6.00 (Gate area) 
      Cumulative area ratio:    0.41
      Required ratio:    0.00 (Cumulative area) 

    Layer: met2
      Partial area ratio:   11.05
      Required ratio:    0.00 (Gate area) 
      Cumulative area ratio:   12.41
      Required ratio:    0.00 (Cumulative area) 
      Partial area ratio:   54.44
      Required ratio: 4336.52 (Side area) 
      Cumulative area ratio:   60.63
      Required ratio:    0.00 (Cumulative side area) 


  Pin:   _28089_/A0 (sky130_fd_sc_hd__mux2_1)
    Layer: li1
      Partial area ratio:    0.01
      Required ratio:    0.00 (Gate area) 
      Cumulative area ratio:    0.01
      Required ratio:    0.00 (Cumulative area) 
      Partial area ratio:    0.28
      Required ratio:   75.00 (Side area) 
      Cumulative area ratio:    0.28
      Required ratio:    0.00 (Cumulative side area) 

    Layer: mcon
      Partial area ratio:    0.23
      Required ratio:    3.00 (Gate area) 
      Cumulative area ratio:    0.23
      Required ratio:    0.00 (Cumulative area) 

    Layer: met1
      Partial area ratio:    0.66
      Required ratio:    0.00 (Gate area) 
      Cumulative area ratio:    0.67
      Required ratio:    0.00 (Cumulative area) 
      Partial area ratio:    3.22
      Required ratio:  400.00 (Side area) 
      Cumulative area ratio:    3.50
      Required ratio:    0.00 (Cumulative side area) 

    Layer: via
      Partial area ratio:    0.18
      Required ratio:    6.00 (Gate area) 
      Cumulative area ratio:    0.41
      Required ratio:    0.00 (Cumulative area) 

    Layer: met2
      Partial area ratio:   11.05
      Required ratio:    0.00 (Gate area) 
      Cumulative area ratio:   11.71
      Required ratio:    0.00 (Cumulative area) 
      Partial area ratio:   54.44
      Required ratio: 4336.52 (Side area) 
      Cumulative area ratio:   57.94
      Required ratio:    0.00 (Cumulative side area) 


  Pin:   _28098_/A0 (sky130_fd_sc_hd__mux2_1)
    Layer: li1
      Partial area ratio:    0.01
      Required ratio:    0.00 (Gate area) 
      Cumulative area ratio:    0.01
      Required ratio:    0.00 (Cumulative area) 
      Partial area ratio:    0.28
      Required ratio:   75.00 (Side area) 
      Cumulative area ratio:    0.28
      Required ratio:    0.00 (Cumulative side area) 

    Layer: mcon
      Partial area ratio:    0.23
      Required ratio:    3.00 (Gate area) 
      Cumulative area ratio:    0.23
      Required ratio:    0.00 (Cumulative area) 

    Layer: met1
      Partial area ratio:   13.54
      Required ratio:    0.00 (Gate area) 
      Cumulative area ratio:   13.55
      Required ratio:    0.00 (Cumulative area) 
      Partial area ratio:   66.25
      Required ratio:  400.00 (Side area) 
      Cumulative area ratio:   66.53
      Required ratio:    0.00 (Cumulative side area) 

    Layer: via
      Partial area ratio:    0.36
      Required ratio:    6.00 (Gate area) 
      Cumulative area ratio:    0.59
      Required ratio:    0.00 (Cumulative area) 

    Layer: met2
      Partial area ratio:   11.05
      Required ratio:    0.00 (Gate area) 
      Cumulative area ratio:   24.60
      Required ratio:    0.00 (Cumulative area) 
      Partial area ratio:   54.44
      Required ratio: 4336.52 (Side area) 
      Cumulative area ratio:  120.96
      Required ratio:    0.00 (Cumulative side area) 


  Pin:   _28107_/A0 (sky130_fd_sc_hd__mux2_1)
    Layer: li1
      Partial area ratio:    0.01
      Required ratio:    0.00 (Gate area) 
      Cumulative area ratio:    0.01
      Required ratio:    0.00 (Cumulative area) 
      Partial area ratio:    0.28
      Required ratio:   75.00 (Side area) 
      Cumulative area ratio:    0.28
      Required ratio:    0.00 (Cumulative side area) 

    Layer: mcon
      Partial area ratio:    0.23
      Required ratio:    3.00 (Gate area) 
      Cumulative area ratio:    0.23
      Required ratio:    0.00 (Cumulative area) 

    Layer: met1
      Partial area ratio:    0.66
      Required ratio:    0.00 (Gate area) 
      Cumulative area ratio:    0.67
      Required ratio:    0.00 (Cumulative area) 
      Partial area ratio:    3.22
      Required ratio:  400.00 (Side area) 
      Cumulative area ratio:    3.50
      Required ratio:    0.00 (Cumulative side area) 

    Layer: via
      Partial area ratio:    0.18
      Required ratio:    6.00 (Gate area) 
      Cumulative area ratio:    0.41
      Required ratio:    0.00 (Cumulative area) 

    Layer: met2
      Partial area ratio:   11.05
      Required ratio:    0.00 (Gate area) 
      Cumulative area ratio:   11.71
      Required ratio:    0.00 (Cumulative area) 
      Partial area ratio:   54.44
      Required ratio: 4336.52 (Side area) 
      Cumulative area ratio:   57.94
      Required ratio:    0.00 (Cumulative side area) 


  Pin:   _28116_/A1 (sky130_fd_sc_hd__mux2_1)
    Layer: mcon
      Partial area ratio:    0.23
      Required ratio:    3.00 (Gate area) 
      Cumulative area ratio:    0.23
      Required ratio:    0.00 (Cumulative area) 

    Layer: met1
      Partial area ratio:    1.36
      Required ratio:    0.00 (Gate area) 
      Cumulative area ratio:    1.36
      Required ratio:    0.00 (Cumulative area) 
      Partial area ratio:    6.19
      Required ratio:  400.00 (Side area) 
      Cumulative area ratio:    6.19
      Required ratio:    0.00 (Cumulative side area) 

    Layer: via
      Partial area ratio:    0.18
      Required ratio:    6.00 (Gate area) 
      Cumulative area ratio:    0.41
      Required ratio:    0.00 (Cumulative area) 

    Layer: met2
      Partial area ratio:   11.05
      Required ratio:    0.00 (Gate area) 
      Cumulative area ratio:   12.41
      Required ratio:    0.00 (Cumulative area) 
      Partial area ratio:   54.44
      Required ratio: 4336.52 (Side area) 
      Cumulative area ratio:   60.63
      Required ratio:    0.00 (Cumulative side area) 


  Pin:   _28125_/A0 (sky130_fd_sc_hd__mux2_1)
    Layer: li1
      Partial area ratio:    0.01
      Required ratio:    0.00 (Gate area) 
      Cumulative area ratio:    0.01
      Required ratio:    0.00 (Cumulative area) 
      Partial area ratio:    0.28
      Required ratio:   75.00 (Side area) 
      Cumulative area ratio:    0.28
      Required ratio:    0.00 (Cumulative side area) 

    Layer: mcon
      Partial area ratio:    0.23
      Required ratio:    3.00 (Gate area) 
      Cumulative area ratio:    0.23
      Required ratio:    0.00 (Cumulative area) 

    Layer: met1
      Partial area ratio:    0.66
      Required ratio:    0.00 (Gate area) 
      Cumulative area ratio:    0.67
      Required ratio:    0.00 (Cumulative area) 
      Partial area ratio:    3.22
      Required ratio:  400.00 (Side area) 
      Cumulative area ratio:    3.50
      Required ratio:    0.00 (Cumulative side area) 

    Layer: via
      Partial area ratio:    0.18
      Required ratio:    6.00 (Gate area) 
      Cumulative area ratio:    0.41
      Required ratio:    0.00 (Cumulative area) 

    Layer: met2
      Partial area ratio:   11.05
      Required ratio:    0.00 (Gate area) 
      Cumulative area ratio:   11.71
      Required ratio:    0.00 (Cumulative area) 
      Partial area ratio:   54.44
      Required ratio: 4336.52 (Side area) 
      Cumulative area ratio:   57.94
      Required ratio:    0.00 (Cumulative side area) 


  Pin:   _28134_/A1 (sky130_fd_sc_hd__mux2_1)
    Layer: mcon
      Partial area ratio:    0.23
      Required ratio:    3.00 (Gate area) 
      Cumulative area ratio:    0.23
      Required ratio:    0.00 (Cumulative area) 

    Layer: met1
      Partial area ratio:   17.02
      Required ratio:    0.00 (Gate area) 
      Cumulative area ratio:   17.02
      Required ratio:    0.00 (Cumulative area) 
      Partial area ratio:   83.61
      Required ratio:  400.00 (Side area) 
      Cumulative area ratio:   83.61
      Required ratio:    0.00 (Cumulative side area) 

    Layer: via
      Partial area ratio:    0.36
      Required ratio:    6.00 (Gate area) 
      Cumulative area ratio:    0.59
      Required ratio:    0.00 (Cumulative area) 

    Layer: met2
      Partial area ratio:   11.05
      Required ratio:    0.00 (Gate area) 
      Cumulative area ratio:   28.06
      Required ratio:    0.00 (Cumulative area) 
      Partial area ratio:   54.44
      Required ratio: 4336.52 (Side area) 
      Cumulative area ratio:  138.05
      Required ratio:    0.00 (Cumulative side area) 


  Pin:   _28143_/A0 (sky130_fd_sc_hd__mux2_1)
    Layer: li1
      Partial area ratio:    0.01
      Required ratio:    0.00 (Gate area) 
      Cumulative area ratio:    0.01
      Required ratio:    0.00 (Cumulative area) 
      Partial area ratio:    0.28
      Required ratio:   75.00 (Side area) 
      Cumulative area ratio:    0.28
      Required ratio:    0.00 (Cumulative side area) 

    Layer: mcon
      Partial area ratio:    0.23
      Required ratio:    3.00 (Gate area) 
      Cumulative area ratio:    0.23
      Required ratio:    0.00 (Cumulative area) 

    Layer: met1
      Partial area ratio:    3.92
      Required ratio:    0.00 (Gate area) 
      Cumulative area ratio:    3.92
      Required ratio:    0.00 (Cumulative area) 
      Partial area ratio:   18.97
      Required ratio:  400.00 (Side area) 
      Cumulative area ratio:   19.25
      Required ratio:    0.00 (Cumulative side area) 

    Layer: via
      Partial area ratio:    0.18
      Required ratio:    6.00 (Gate area) 
      Cumulative area ratio:    0.41
      Required ratio:    0.00 (Cumulative area) 

    Layer: met2
      Partial area ratio:   11.05
      Required ratio:    0.00 (Gate area) 
      Cumulative area ratio:   14.97
      Required ratio:    0.00 (Cumulative area) 
      Partial area ratio:   54.44
      Required ratio: 4336.52 (Side area) 
      Cumulative area ratio:   73.69
      Required ratio:    0.00 (Cumulative side area) 


  Pin:   _28152_/A1 (sky130_fd_sc_hd__mux2_1)
    Layer: mcon
      Partial area ratio:    0.23
      Required ratio:    3.00 (Gate area) 
      Cumulative area ratio:    0.23
      Required ratio:    0.00 (Cumulative area) 

    Layer: met1
      Partial area ratio:    3.92
      Required ratio:    0.00 (Gate area) 
      Cumulative area ratio:    3.92
      Required ratio:    0.00 (Cumulative area) 
      Partial area ratio:   18.97
      Required ratio:  400.00 (Side area) 
      Cumulative area ratio:   18.97
      Required ratio:    0.00 (Cumulative side area) 

    Layer: via
      Partial area ratio:    0.18
      Required ratio:    6.00 (Gate area) 
      Cumulative area ratio:    0.41
      Required ratio:    0.00 (Cumulative area) 

    Layer: met2
      Partial area ratio:   11.05
      Required ratio:    0.00 (Gate area) 
      Cumulative area ratio:   14.96
      Required ratio:    0.00 (Cumulative area) 
      Partial area ratio:   54.44
      Required ratio: 4336.52 (Side area) 
      Cumulative area ratio:   73.41
      Required ratio:    0.00 (Cumulative side area) 


  Pin:   _28161_/A1 (sky130_fd_sc_hd__mux2_1)
    Layer: mcon
      Partial area ratio:    0.23
      Required ratio:    3.00 (Gate area) 
      Cumulative area ratio:    0.23
      Required ratio:    0.00 (Cumulative area) 

    Layer: met1
      Partial area ratio:   12.79
      Required ratio:    0.00 (Gate area) 
      Cumulative area ratio:   12.79
      Required ratio:    0.00 (Cumulative area) 
      Partial area ratio:   62.17
      Required ratio:  400.00 (Side area) 
      Cumulative area ratio:   62.17
      Required ratio:    0.00 (Cumulative side area) 

    Layer: via
      Partial area ratio:    0.54
      Required ratio:    6.00 (Gate area) 
      Cumulative area ratio:    0.77
      Required ratio:    0.00 (Cumulative area) 

    Layer: met2
      Partial area ratio:   11.05
      Required ratio:    0.00 (Gate area) 
      Cumulative area ratio:   23.84
      Required ratio:    0.00 (Cumulative area) 
      Partial area ratio:   54.44
      Required ratio: 4336.52 (Side area) 
      Cumulative area ratio:  116.60
      Required ratio:    0.00 (Cumulative side area) 


  Pin:   _28170_/A0 (sky130_fd_sc_hd__mux2_1)
    Layer: li1
      Partial area ratio:    0.01
      Required ratio:    0.00 (Gate area) 
      Cumulative area ratio:    0.01
      Required ratio:    0.00 (Cumulative area) 
      Partial area ratio:    0.28
      Required ratio:   75.00 (Side area) 
      Cumulative area ratio:    0.28
      Required ratio:    0.00 (Cumulative side area) 

    Layer: mcon
      Partial area ratio:    0.23
      Required ratio:    3.00 (Gate area) 
      Cumulative area ratio:    0.23
      Required ratio:    0.00 (Cumulative area) 

    Layer: met1
      Partial area ratio:    8.20
      Required ratio:    0.00 (Gate area) 
      Cumulative area ratio:    8.21
      Required ratio:    0.00 (Cumulative area) 
      Partial area ratio:   40.57
      Required ratio:  400.00 (Side area) 
      Cumulative area ratio:   40.85
      Required ratio:    0.00 (Cumulative side area) 

    Layer: via
      Partial area ratio:    0.09
      Required ratio:    6.00 (Gate area) 
      Cumulative area ratio:    0.32
      Required ratio:    0.00 (Cumulative area) 

    Layer: met2
      Partial area ratio:   11.05
      Required ratio:    0.00 (Gate area) 
      Cumulative area ratio:   19.26
      Required ratio:    0.00 (Cumulative area) 
      Partial area ratio:   54.44
      Required ratio: 4336.52 (Side area) 
      Cumulative area ratio:   95.28
      Required ratio:    0.00 (Cumulative side area) 


  Pin:   _28179_/A1 (sky130_fd_sc_hd__mux2_1)
    Layer: mcon
      Partial area ratio:    0.46
      Required ratio:    3.00 (Gate area) 
      Cumulative area ratio:    0.46
      Required ratio:    0.00 (Cumulative area) 

    Layer: met1
      Partial area ratio:    8.20
      Required ratio:    0.00 (Gate area) 
      Cumulative area ratio:    8.20
      Required ratio:    0.00 (Cumulative area) 
      Partial area ratio:   40.57
      Required ratio:  400.00 (Side area) 
      Cumulative area ratio:   40.57
      Required ratio:    0.00 (Cumulative side area) 

    Layer: via
      Partial area ratio:    0.09
      Required ratio:    6.00 (Gate area) 
      Cumulative area ratio:    0.55
      Required ratio:    0.00 (Cumulative area) 

    Layer: met2
      Partial area ratio:   11.05
      Required ratio:    0.00 (Gate area) 
      Cumulative area ratio:   19.25
      Required ratio:    0.00 (Cumulative area) 
      Partial area ratio:   54.44
      Required ratio: 4336.52 (Side area) 
      Cumulative area ratio:   95.01
      Required ratio:    0.00 (Cumulative side area) 


  Pin:   _28188_/A1 (sky130_fd_sc_hd__mux2_1)
    Layer: mcon
      Partial area ratio:    0.23
      Required ratio:    3.00 (Gate area) 
      Cumulative area ratio:    0.23
      Required ratio:    0.00 (Cumulative area) 

    Layer: met1
      Partial area ratio:    6.45
      Required ratio:    0.00 (Gate area) 
      Cumulative area ratio:    6.45
      Required ratio:    0.00 (Cumulative area) 
      Partial area ratio:   31.25
      Required ratio:  400.00 (Side area) 
      Cumulative area ratio:   31.25
      Required ratio:    0.00 (Cumulative side area) 

    Layer: via
      Partial area ratio:    0.18
      Required ratio:    6.00 (Gate area) 
      Cumulative area ratio:    0.41
      Required ratio:    0.00 (Cumulative area) 

    Layer: met2
      Partial area ratio:   11.05
      Required ratio:    0.00 (Gate area) 
      Cumulative area ratio:   17.50
      Required ratio:    0.00 (Cumulative area) 
      Partial area ratio:   54.44
      Required ratio: 4336.52 (Side area) 
      Cumulative area ratio:   85.69
      Required ratio:    0.00 (Cumulative side area) 


  Pin:   _28197_/A1 (sky130_fd_sc_hd__mux2_1)
    Layer: mcon
      Partial area ratio:    0.23
      Required ratio:    3.00 (Gate area) 
      Cumulative area ratio:    0.23
      Required ratio:    0.00 (Cumulative area) 

    Layer: met1
      Partial area ratio:    6.45
      Required ratio:    0.00 (Gate area) 
      Cumulative area ratio:    6.45
      Required ratio:    0.00 (Cumulative area) 
      Partial area ratio:   31.25
      Required ratio:  400.00 (Side area) 
      Cumulative area ratio:   31.25
      Required ratio:    0.00 (Cumulative side area) 

    Layer: via
      Partial area ratio:    0.18
      Required ratio:    6.00 (Gate area) 
      Cumulative area ratio:    0.41
      Required ratio:    0.00 (Cumulative area) 

    Layer: met2
      Partial area ratio:   11.05
      Required ratio:    0.00 (Gate area) 
      Cumulative area ratio:   17.50
      Required ratio:    0.00 (Cumulative area) 
      Partial area ratio:   54.44
      Required ratio: 4336.52 (Side area) 
      Cumulative area ratio:   85.69
      Required ratio:    0.00 (Cumulative side area) 


  Pin:   _28208_/A1 (sky130_fd_sc_hd__mux2_1)
    Layer: mcon
      Partial area ratio:    0.23
      Required ratio:    3.00 (Gate area) 
      Cumulative area ratio:    0.23
      Required ratio:    0.00 (Cumulative area) 

    Layer: met1
      Partial area ratio:   10.05
      Required ratio:    0.00 (Gate area) 
      Cumulative area ratio:   10.05
      Required ratio:    0.00 (Cumulative area) 
      Partial area ratio:   49.64
      Required ratio:  400.00 (Side area) 
      Cumulative area ratio:   49.64
      Required ratio:    0.00 (Cumulative side area) 

    Layer: via
      Partial area ratio:    0.18
      Required ratio:    6.00 (Gate area) 
      Cumulative area ratio:    0.41
      Required ratio:    0.00 (Cumulative area) 

    Layer: met2
      Partial area ratio:   11.05
      Required ratio:    0.00 (Gate area) 
      Cumulative area ratio:   21.10
      Required ratio:    0.00 (Cumulative area) 
      Partial area ratio:   54.44
      Required ratio: 4336.52 (Side area) 
      Cumulative area ratio:  104.08
      Required ratio:    0.00 (Cumulative side area) 


  Pin:   _28217_/A1 (sky130_fd_sc_hd__mux2_1)
    Layer: mcon
      Partial area ratio:    0.23
      Required ratio:    3.00 (Gate area) 
      Cumulative area ratio:    0.23
      Required ratio:    0.00 (Cumulative area) 

    Layer: met1
      Partial area ratio:   14.86
      Required ratio:    0.00 (Gate area) 
      Cumulative area ratio:   14.86
      Required ratio:    0.00 (Cumulative area) 
      Partial area ratio:   71.67
      Required ratio:  400.00 (Side area) 
      Cumulative area ratio:   71.67
      Required ratio:    0.00 (Cumulative side area) 

    Layer: via
      Partial area ratio:    0.71
      Required ratio:    6.00 (Gate area) 
      Cumulative area ratio:    0.94
      Required ratio:    0.00 (Cumulative area) 

    Layer: met2
      Partial area ratio:   11.05
      Required ratio:    0.00 (Gate area) 
      Cumulative area ratio:   25.91
      Required ratio:    0.00 (Cumulative area) 
      Partial area ratio:   54.44
      Required ratio: 4336.52 (Side area) 
      Cumulative area ratio:  126.10
      Required ratio:    0.00 (Cumulative side area) 


  Pin:   _28226_/A1 (sky130_fd_sc_hd__mux2_1)
    Layer: mcon
      Partial area ratio:    0.23
      Required ratio:    3.00 (Gate area) 
      Cumulative area ratio:    0.23
      Required ratio:    0.00 (Cumulative area) 

    Layer: met1
      Partial area ratio:    0.66
      Required ratio:    0.00 (Gate area) 
      Cumulative area ratio:    0.66
      Required ratio:    0.00 (Cumulative area) 
      Partial area ratio:    3.22
      Required ratio:  400.00 (Side area) 
      Cumulative area ratio:    3.22
      Required ratio:    0.00 (Cumulative side area) 

    Layer: via
      Partial area ratio:    0.18
      Required ratio:    6.00 (Gate area) 
      Cumulative area ratio:    0.41
      Required ratio:    0.00 (Cumulative area) 

    Layer: met2
      Partial area ratio:   11.05
      Required ratio:    0.00 (Gate area) 
      Cumulative area ratio:   11.71
      Required ratio:    0.00 (Cumulative area) 
      Partial area ratio:   54.44
      Required ratio: 4336.52 (Side area) 
      Cumulative area ratio:   57.66
      Required ratio:    0.00 (Cumulative side area) 


  Pin:   _28235_/A1 (sky130_fd_sc_hd__mux2_1)
    Layer: mcon
      Partial area ratio:    0.23
      Required ratio:    3.00 (Gate area) 
      Cumulative area ratio:    0.23
      Required ratio:    0.00 (Cumulative area) 

    Layer: met1
      Partial area ratio:    2.38
      Required ratio:    0.00 (Gate area) 
      Cumulative area ratio:    2.38
      Required ratio:    0.00 (Cumulative area) 
      Partial area ratio:   11.31
      Required ratio:  400.00 (Side area) 
      Cumulative area ratio:   11.31
      Required ratio:    0.00 (Cumulative side area) 

    Layer: via
      Partial area ratio:    0.18
      Required ratio:    6.00 (Gate area) 
      Cumulative area ratio:    0.41
      Required ratio:    0.00 (Cumulative area) 

    Layer: met2
      Partial area ratio:   11.05
      Required ratio:    0.00 (Gate area) 
      Cumulative area ratio:   13.43
      Required ratio:    0.00 (Cumulative area) 
      Partial area ratio:   54.44
      Required ratio: 4336.52 (Side area) 
      Cumulative area ratio:   65.74
      Required ratio:    0.00 (Cumulative side area) 


  Pin:   _28244_/A0 (sky130_fd_sc_hd__mux2_1)
    Layer: li1
      Partial area ratio:    0.01
      Required ratio:    0.00 (Gate area) 
      Cumulative area ratio:    0.01
      Required ratio:    0.00 (Cumulative area) 
      Partial area ratio:    0.28
      Required ratio:   75.00 (Side area) 
      Cumulative area ratio:    0.28
      Required ratio:    0.00 (Cumulative side area) 

    Layer: mcon
      Partial area ratio:    0.23
      Required ratio:    3.00 (Gate area) 
      Cumulative area ratio:    0.23
      Required ratio:    0.00 (Cumulative area) 

    Layer: met1
      Partial area ratio:    7.02
      Required ratio:    0.00 (Gate area) 
      Cumulative area ratio:    7.03
      Required ratio:    0.00 (Cumulative area) 
      Partial area ratio:   34.10
      Required ratio:  400.00 (Side area) 
      Cumulative area ratio:   34.38
      Required ratio:    0.00 (Cumulative side area) 

    Layer: via
      Partial area ratio:    0.18
      Required ratio:    6.00 (Gate area) 
      Cumulative area ratio:    0.41
      Required ratio:    0.00 (Cumulative area) 

    Layer: met2
      Partial area ratio:   11.05
      Required ratio:    0.00 (Gate area) 
      Cumulative area ratio:   18.07
      Required ratio:    0.00 (Cumulative area) 
      Partial area ratio:   54.44
      Required ratio: 4336.52 (Side area) 
      Cumulative area ratio:   88.81
      Required ratio:    0.00 (Cumulative side area) 


  Pin:   _28253_/A0 (sky130_fd_sc_hd__mux2_1)
    Layer: li1
      Partial area ratio:    0.01
      Required ratio:    0.00 (Gate area) 
      Cumulative area ratio:    0.01
      Required ratio:    0.00 (Cumulative area) 
      Partial area ratio:    0.28
      Required ratio:   75.00 (Side area) 
      Cumulative area ratio:    0.28
      Required ratio:    0.00 (Cumulative side area) 

    Layer: mcon
      Partial area ratio:    0.23
      Required ratio:    3.00 (Gate area) 
      Cumulative area ratio:    0.23
      Required ratio:    0.00 (Cumulative area) 

    Layer: met1
      Partial area ratio:    4.62
      Required ratio:    0.00 (Gate area) 
      Cumulative area ratio:    4.63
      Required ratio:    0.00 (Cumulative area) 
      Partial area ratio:   22.81
      Required ratio:  400.00 (Side area) 
      Cumulative area ratio:   23.08
      Required ratio:    0.00 (Cumulative side area) 

    Layer: via
      Partial area ratio:    0.09
      Required ratio:    6.00 (Gate area) 
      Cumulative area ratio:    0.32
      Required ratio:    0.00 (Cumulative area) 

    Layer: met2
      Partial area ratio:   11.05
      Required ratio:    0.00 (Gate area) 
      Cumulative area ratio:   15.68
      Required ratio:    0.00 (Cumulative area) 
      Partial area ratio:   54.44
      Required ratio: 4336.52 (Side area) 
      Cumulative area ratio:   77.52
      Required ratio:    0.00 (Cumulative side area) 


  Pin:   _28262_/A1 (sky130_fd_sc_hd__mux2_1)
    Layer: mcon
      Partial area ratio:    0.23
      Required ratio:    3.00 (Gate area) 
      Cumulative area ratio:    0.23
      Required ratio:    0.00 (Cumulative area) 

    Layer: met1
      Partial area ratio:    4.62
      Required ratio:    0.00 (Gate area) 
      Cumulative area ratio:    4.62
      Required ratio:    0.00 (Cumulative area) 
      Partial area ratio:   22.81
      Required ratio:  400.00 (Side area) 
      Cumulative area ratio:   22.81
      Required ratio:    0.00 (Cumulative side area) 

    Layer: via
      Partial area ratio:    0.09
      Required ratio:    6.00 (Gate area) 
      Cumulative area ratio:    0.32
      Required ratio:    0.00 (Cumulative area) 

    Layer: met2
      Partial area ratio:   11.05
      Required ratio:    0.00 (Gate area) 
      Cumulative area ratio:   15.67
      Required ratio:    0.00 (Cumulative area) 
      Partial area ratio:   54.44
      Required ratio: 4336.52 (Side area) 
      Cumulative area ratio:   77.24
      Required ratio:    0.00 (Cumulative side area) 


  Pin:   _28271_/A1 (sky130_fd_sc_hd__mux2_1)
    Layer: mcon
      Partial area ratio:    0.23
      Required ratio:    3.00 (Gate area) 
      Cumulative area ratio:    0.23
      Required ratio:    0.00 (Cumulative area) 

    Layer: met1
      Partial area ratio:    0.66
      Required ratio:    0.00 (Gate area) 
      Cumulative area ratio:    0.66
      Required ratio:    0.00 (Cumulative area) 
      Partial area ratio:    3.22
      Required ratio:  400.00 (Side area) 
      Cumulative area ratio:    3.22
      Required ratio:    0.00 (Cumulative side area) 

    Layer: via
      Partial area ratio:    0.18
      Required ratio:    6.00 (Gate area) 
      Cumulative area ratio:    0.41
      Required ratio:    0.00 (Cumulative area) 

    Layer: met2
      Partial area ratio:   11.05
      Required ratio:    0.00 (Gate area) 
      Cumulative area ratio:   11.71
      Required ratio:    0.00 (Cumulative area) 
      Partial area ratio:   54.44
      Required ratio: 4336.52 (Side area) 
      Cumulative area ratio:   57.66
      Required ratio:    0.00 (Cumulative side area) 


  Pin:   _28280_/A1 (sky130_fd_sc_hd__mux2_1)
    Layer: mcon
      Partial area ratio:    0.46
      Required ratio:    3.00 (Gate area) 
      Cumulative area ratio:    0.46
      Required ratio:    0.00 (Cumulative area) 

    Layer: met1
      Partial area ratio:   17.92
      Required ratio:    0.00 (Gate area) 
      Cumulative area ratio:   17.92
      Required ratio:    0.00 (Cumulative area) 
      Partial area ratio:   88.39
      Required ratio:  400.00 (Side area) 
      Cumulative area ratio:   88.39
      Required ratio:    0.00 (Cumulative side area) 

    Layer: via
      Partial area ratio:    0.36
      Required ratio:    6.00 (Gate area) 
      Cumulative area ratio:    0.82
      Required ratio:    0.00 (Cumulative area) 

    Layer: met2
      Partial area ratio:   11.05
      Required ratio:    0.00 (Gate area) 
      Cumulative area ratio:   28.97
      Required ratio:    0.00 (Cumulative area) 
      Partial area ratio:   54.44
      Required ratio: 4336.52 (Side area) 
      Cumulative area ratio:  142.83
      Required ratio:    0.00 (Cumulative side area) 


  Pin:   _28289_/A1 (sky130_fd_sc_hd__mux2_1)
    Layer: mcon
      Partial area ratio:    0.23
      Required ratio:    3.00 (Gate area) 
      Cumulative area ratio:    0.23
      Required ratio:    0.00 (Cumulative area) 

    Layer: met1
      Partial area ratio:    6.59
      Required ratio:    0.00 (Gate area) 
      Cumulative area ratio:    6.59
      Required ratio:    0.00 (Cumulative area) 
      Partial area ratio:   32.00
      Required ratio:  400.00 (Side area) 
      Cumulative area ratio:   32.00
      Required ratio:    0.00 (Cumulative side area) 

    Layer: via
      Partial area ratio:    0.36
      Required ratio:    6.00 (Gate area) 
      Cumulative area ratio:    0.59
      Required ratio:    0.00 (Cumulative area) 

    Layer: met2
      Partial area ratio:   11.05
      Required ratio:    0.00 (Gate area) 
      Cumulative area ratio:   17.63
      Required ratio:    0.00 (Cumulative area) 
      Partial area ratio:   54.44
      Required ratio: 4336.52 (Side area) 
      Cumulative area ratio:   86.44
      Required ratio:    0.00 (Cumulative side area) 


  Pin:   _28298_/A1 (sky130_fd_sc_hd__mux2_1)
    Layer: mcon
      Partial area ratio:    0.23
      Required ratio:    3.00 (Gate area) 
      Cumulative area ratio:    0.23
      Required ratio:    0.00 (Cumulative area) 

    Layer: met1
      Partial area ratio:    0.66
      Required ratio:    0.00 (Gate area) 
      Cumulative area ratio:    0.66
      Required ratio:    0.00 (Cumulative area) 
      Partial area ratio:    3.22
      Required ratio:  400.00 (Side area) 
      Cumulative area ratio:    3.22
      Required ratio:    0.00 (Cumulative side area) 

    Layer: via
      Partial area ratio:    0.18
      Required ratio:    6.00 (Gate area) 
      Cumulative area ratio:    0.41
      Required ratio:    0.00 (Cumulative area) 

    Layer: met2
      Partial area ratio:   11.05
      Required ratio:    0.00 (Gate area) 
      Cumulative area ratio:   11.71
      Required ratio:    0.00 (Cumulative area) 
      Partial area ratio:   54.44
      Required ratio: 4336.52 (Side area) 
      Cumulative area ratio:   57.66
      Required ratio:    0.00 (Cumulative side area) 


  Pin:   _28307_/A1 (sky130_fd_sc_hd__mux2_1)
    Layer: mcon
      Partial area ratio:    0.23
      Required ratio:    3.00 (Gate area) 
      Cumulative area ratio:    0.23
      Required ratio:    0.00 (Cumulative area) 

    Layer: met1
      Partial area ratio:    4.75
      Required ratio:    0.00 (Gate area) 
      Cumulative area ratio:    4.75
      Required ratio:    0.00 (Cumulative area) 
      Partial area ratio:   22.28
      Required ratio:  400.00 (Side area) 
      Cumulative area ratio:   22.28
      Required ratio:    0.00 (Cumulative side area) 

    Layer: via
      Partial area ratio:    0.36
      Required ratio:    6.00 (Gate area) 
      Cumulative area ratio:    0.59
      Required ratio:    0.00 (Cumulative area) 

    Layer: met2
      Partial area ratio:   11.05
      Required ratio:    0.00 (Gate area) 
      Cumulative area ratio:   15.80
      Required ratio:    0.00 (Cumulative area) 
      Partial area ratio:   54.44
      Required ratio: 4336.52 (Side area) 
      Cumulative area ratio:   76.71
      Required ratio:    0.00 (Cumulative side area) 


  Pin:   _28316_/A1 (sky130_fd_sc_hd__mux2_1)
    Layer: mcon
      Partial area ratio:    0.46
      Required ratio:    3.00 (Gate area) 
      Cumulative area ratio:    0.46
      Required ratio:    0.00 (Cumulative area) 

    Layer: met1
      Partial area ratio:   11.22
      Required ratio:    0.00 (Gate area) 
      Cumulative area ratio:   11.22
      Required ratio:    0.00 (Cumulative area) 
      Partial area ratio:   55.42
      Required ratio:  400.00 (Side area) 
      Cumulative area ratio:   55.42
      Required ratio:    0.00 (Cumulative side area) 

    Layer: via
      Partial area ratio:    0.36
      Required ratio:    6.00 (Gate area) 
      Cumulative area ratio:    0.82
      Required ratio:    0.00 (Cumulative area) 

    Layer: met2
      Partial area ratio:   11.05
      Required ratio:    0.00 (Gate area) 
      Cumulative area ratio:   22.27
      Required ratio:    0.00 (Cumulative area) 
      Partial area ratio:   54.44
      Required ratio: 4336.52 (Side area) 
      Cumulative area ratio:  109.85
      Required ratio:    0.00 (Cumulative side area) 


  Pin:   _28325_/A0 (sky130_fd_sc_hd__mux2_1)
    Layer: li1
      Partial area ratio:    0.01
      Required ratio:    0.00 (Gate area) 
      Cumulative area ratio:    0.01
      Required ratio:    0.00 (Cumulative area) 
      Partial area ratio:    0.28
      Required ratio:   75.00 (Side area) 
      Cumulative area ratio:    0.28
      Required ratio:    0.00 (Cumulative side area) 

    Layer: mcon
      Partial area ratio:    0.23
      Required ratio:    3.00 (Gate area) 
      Cumulative area ratio:    0.23
      Required ratio:    0.00 (Cumulative area) 

    Layer: met1
      Partial area ratio:    0.66
      Required ratio:    0.00 (Gate area) 
      Cumulative area ratio:    0.67
      Required ratio:    0.00 (Cumulative area) 
      Partial area ratio:    3.22
      Required ratio:  400.00 (Side area) 
      Cumulative area ratio:    3.50
      Required ratio:    0.00 (Cumulative side area) 

    Layer: via
      Partial area ratio:    0.18
      Required ratio:    6.00 (Gate area) 
      Cumulative area ratio:    0.41
      Required ratio:    0.00 (Cumulative area) 

    Layer: met2
      Partial area ratio:   11.05
      Required ratio:    0.00 (Gate area) 
      Cumulative area ratio:   11.71
      Required ratio:    0.00 (Cumulative area) 
      Partial area ratio:   54.44
      Required ratio: 4336.52 (Side area) 
      Cumulative area ratio:   57.94
      Required ratio:    0.00 (Cumulative side area) 


  Pin:   _28334_/A1 (sky130_fd_sc_hd__mux2_1)
    Layer: mcon
      Partial area ratio:    0.23
      Required ratio:    3.00 (Gate area) 
      Cumulative area ratio:    0.23
      Required ratio:    0.00 (Cumulative area) 

    Layer: met1
      Partial area ratio:    6.47
      Required ratio:    0.00 (Gate area) 
      Cumulative area ratio:    6.47
      Required ratio:    0.00 (Cumulative area) 
      Partial area ratio:   31.75
      Required ratio:  400.00 (Side area) 
      Cumulative area ratio:   31.75
      Required ratio:    0.00 (Cumulative side area) 

    Layer: via
      Partial area ratio:    0.18
      Required ratio:    6.00 (Gate area) 
      Cumulative area ratio:    0.41
      Required ratio:    0.00 (Cumulative area) 

    Layer: met2
      Partial area ratio:   11.05
      Required ratio:    0.00 (Gate area) 
      Cumulative area ratio:   17.52
      Required ratio:    0.00 (Cumulative area) 
      Partial area ratio:   54.44
      Required ratio: 4336.52 (Side area) 
      Cumulative area ratio:   86.19
      Required ratio:    0.00 (Cumulative side area) 


  Pin:   _28343_/A0 (sky130_fd_sc_hd__mux2_1)
    Layer: li1
      Partial area ratio:    0.01
      Required ratio:    0.00 (Gate area) 
      Cumulative area ratio:    0.01
      Required ratio:    0.00 (Cumulative area) 
      Partial area ratio:    0.28
      Required ratio:   75.00 (Side area) 
      Cumulative area ratio:    0.28
      Required ratio:    0.00 (Cumulative side area) 

    Layer: mcon
      Partial area ratio:    0.23
      Required ratio:    3.00 (Gate area) 
      Cumulative area ratio:    0.23
      Required ratio:    0.00 (Cumulative area) 

    Layer: met1
      Partial area ratio:    7.02
      Required ratio:    0.00 (Gate area) 
      Cumulative area ratio:    7.03
      Required ratio:    0.00 (Cumulative area) 
      Partial area ratio:   34.10
      Required ratio:  400.00 (Side area) 
      Cumulative area ratio:   34.38
      Required ratio:    0.00 (Cumulative side area) 

    Layer: via
      Partial area ratio:    0.18
      Required ratio:    6.00 (Gate area) 
      Cumulative area ratio:    0.41
      Required ratio:    0.00 (Cumulative area) 

    Layer: met2
      Partial area ratio:   11.05
      Required ratio:    0.00 (Gate area) 
      Cumulative area ratio:   18.07
      Required ratio:    0.00 (Cumulative area) 
      Partial area ratio:   54.44
      Required ratio: 4336.52 (Side area) 
      Cumulative area ratio:   88.81
      Required ratio:    0.00 (Cumulative side area) 


  Pin:   _28352_/A1 (sky130_fd_sc_hd__mux2_1)
    Layer: mcon
      Partial area ratio:    0.23
      Required ratio:    3.00 (Gate area) 
      Cumulative area ratio:    0.23
      Required ratio:    0.00 (Cumulative area) 

    Layer: met1
      Partial area ratio:    8.33
      Required ratio:    0.00 (Gate area) 
      Cumulative area ratio:    8.33
      Required ratio:    0.00 (Cumulative area) 
      Partial area ratio:   40.17
      Required ratio:  400.00 (Side area) 
      Cumulative area ratio:   40.17
      Required ratio:    0.00 (Cumulative side area) 

    Layer: via
      Partial area ratio:    0.36
      Required ratio:    6.00 (Gate area) 
      Cumulative area ratio:    0.59
      Required ratio:    0.00 (Cumulative area) 

    Layer: met2
      Partial area ratio:   11.05
      Required ratio:    0.00 (Gate area) 
      Cumulative area ratio:   19.38
      Required ratio:    0.00 (Cumulative area) 
      Partial area ratio:   54.44
      Required ratio: 4336.52 (Side area) 
      Cumulative area ratio:   94.60
      Required ratio:    0.00 (Cumulative side area) 


  Pin:   _28361_/A1 (sky130_fd_sc_hd__mux2_1)
    Layer: mcon
      Partial area ratio:    0.23
      Required ratio:    3.00 (Gate area) 
      Cumulative area ratio:    0.23
      Required ratio:    0.00 (Cumulative area) 

    Layer: met1
      Partial area ratio:    0.66
      Required ratio:    0.00 (Gate area) 
      Cumulative area ratio:    0.66
      Required ratio:    0.00 (Cumulative area) 
      Partial area ratio:    3.22
      Required ratio:  400.00 (Side area) 
      Cumulative area ratio:    3.22
      Required ratio:    0.00 (Cumulative side area) 

    Layer: via
      Partial area ratio:    0.18
      Required ratio:    6.00 (Gate area) 
      Cumulative area ratio:    0.41
      Required ratio:    0.00 (Cumulative area) 

    Layer: met2
      Partial area ratio:   11.05
      Required ratio:    0.00 (Gate area) 
      Cumulative area ratio:   11.71
      Required ratio:    0.00 (Cumulative area) 
      Partial area ratio:   54.44
      Required ratio: 4336.52 (Side area) 
      Cumulative area ratio:   57.66
      Required ratio:    0.00 (Cumulative side area) 


  Pin:   _28371_/A1 (sky130_fd_sc_hd__mux2_1)
    Layer: mcon
      Partial area ratio:    0.23
      Required ratio:    3.00 (Gate area) 
      Cumulative area ratio:    0.23
      Required ratio:    0.00 (Cumulative area) 

    Layer: met1
      Partial area ratio:   16.51
      Required ratio:    0.00 (Gate area) 
      Cumulative area ratio:   16.51
      Required ratio:    0.00 (Cumulative area) 
      Partial area ratio:   81.06
      Required ratio:  400.00 (Side area) 
      Cumulative area ratio:   81.06
      Required ratio:    0.00 (Cumulative side area) 

    Layer: via
      Partial area ratio:    0.36
      Required ratio:    6.00 (Gate area) 
      Cumulative area ratio:    0.59
      Required ratio:    0.00 (Cumulative area) 

    Layer: met2
      Partial area ratio:   11.05
      Required ratio:    0.00 (Gate area) 
      Cumulative area ratio:   27.55
      Required ratio:    0.00 (Cumulative area) 
      Partial area ratio:   54.44
      Required ratio: 4336.52 (Side area) 
      Cumulative area ratio:  135.49
      Required ratio:    0.00 (Cumulative side area) 


  Pin:   _28380_/A1 (sky130_fd_sc_hd__mux2_1)
    Layer: mcon
      Partial area ratio:    0.46
      Required ratio:    3.00 (Gate area) 
      Cumulative area ratio:    0.46
      Required ratio:    0.00 (Cumulative area) 

    Layer: met1
      Partial area ratio:   16.52
      Required ratio:    0.00 (Gate area) 
      Cumulative area ratio:   16.52
      Required ratio:    0.00 (Cumulative area) 
      Partial area ratio:   81.39
      Required ratio:  400.00 (Side area) 
      Cumulative area ratio:   81.39
      Required ratio:    0.00 (Cumulative side area) 

    Layer: via
      Partial area ratio:    0.36
      Required ratio:    6.00 (Gate area) 
      Cumulative area ratio:    0.82
      Required ratio:    0.00 (Cumulative area) 

    Layer: met2
      Partial area ratio:   11.05
      Required ratio:    0.00 (Gate area) 
      Cumulative area ratio:   27.57
      Required ratio:    0.00 (Cumulative area) 
      Partial area ratio:   54.44
      Required ratio: 4336.52 (Side area) 
      Cumulative area ratio:  135.83
      Required ratio:    0.00 (Cumulative side area) 


  Pin:   _28389_/A1 (sky130_fd_sc_hd__mux2_1)
    Layer: mcon
      Partial area ratio:    0.23
      Required ratio:    3.00 (Gate area) 
      Cumulative area ratio:    0.23
      Required ratio:    0.00 (Cumulative area) 

    Layer: met1
      Partial area ratio:    7.82
      Required ratio:    0.00 (Gate area) 
      Cumulative area ratio:    7.82
      Required ratio:    0.00 (Cumulative area) 
      Partial area ratio:   37.61
      Required ratio:  400.00 (Side area) 
      Cumulative area ratio:   37.61
      Required ratio:    0.00 (Cumulative side area) 

    Layer: via
      Partial area ratio:    0.36
      Required ratio:    6.00 (Gate area) 
      Cumulative area ratio:    0.59
      Required ratio:    0.00 (Cumulative area) 

    Layer: met2
      Partial area ratio:   11.05
      Required ratio:    0.00 (Gate area) 
      Cumulative area ratio:   18.86
      Required ratio:    0.00 (Cumulative area) 
      Partial area ratio:   54.44
      Required ratio: 4336.52 (Side area) 
      Cumulative area ratio:   92.05
      Required ratio:    0.00 (Cumulative side area) 


  Pin:   _28398_/A1 (sky130_fd_sc_hd__mux2_1)
    Layer: mcon
      Partial area ratio:    0.23
      Required ratio:    3.00 (Gate area) 
      Cumulative area ratio:    0.23
      Required ratio:    0.00 (Cumulative area) 

    Layer: met1
      Partial area ratio:    3.01
      Required ratio:    0.00 (Gate area) 
      Cumulative area ratio:    3.01
      Required ratio:    0.00 (Cumulative area) 
      Partial area ratio:   14.11
      Required ratio:  400.00 (Side area) 
      Cumulative area ratio:   14.11
      Required ratio:    0.00 (Cumulative side area) 

    Layer: via
      Partial area ratio:    0.36
      Required ratio:    6.00 (Gate area) 
      Cumulative area ratio:    0.59
      Required ratio:    0.00 (Cumulative area) 

    Layer: met2
      Partial area ratio:   11.05
      Required ratio:    0.00 (Gate area) 
      Cumulative area ratio:   14.06
      Required ratio:    0.00 (Cumulative area) 
      Partial area ratio:   54.44
      Required ratio: 4336.52 (Side area) 
      Cumulative area ratio:   68.55
      Required ratio:    0.00 (Cumulative side area) 


  Pin:   _28407_/A1 (sky130_fd_sc_hd__mux2_1)
    Layer: mcon
      Partial area ratio:    0.23
      Required ratio:    3.00 (Gate area) 
      Cumulative area ratio:    0.23
      Required ratio:    0.00 (Cumulative area) 

    Layer: met1
      Partial area ratio:   14.65
      Required ratio:    0.00 (Gate area) 
      Cumulative area ratio:   14.65
      Required ratio:    0.00 (Cumulative area) 
      Partial area ratio:   72.64
      Required ratio:  400.00 (Side area) 
      Cumulative area ratio:   72.64
      Required ratio:    0.00 (Cumulative side area) 

    Layer: via
      Partial area ratio:    0.18
      Required ratio:    6.00 (Gate area) 
      Cumulative area ratio:    0.41
      Required ratio:    0.00 (Cumulative area) 

    Layer: met2
      Partial area ratio:   11.05
      Required ratio:    0.00 (Gate area) 
      Cumulative area ratio:   25.70
      Required ratio:    0.00 (Cumulative area) 
      Partial area ratio:   54.44
      Required ratio: 4336.52 (Side area) 
      Cumulative area ratio:  127.08
      Required ratio:    0.00 (Cumulative side area) 


  Pin:   _28416_/A1 (sky130_fd_sc_hd__mux2_1)
    Layer: mcon
      Partial area ratio:    0.23
      Required ratio:    3.00 (Gate area) 
      Cumulative area ratio:    0.23
      Required ratio:    0.00 (Cumulative area) 

    Layer: met1
      Partial area ratio:    7.78
      Required ratio:    0.00 (Gate area) 
      Cumulative area ratio:    7.78
      Required ratio:    0.00 (Cumulative area) 
      Partial area ratio:   37.89
      Required ratio:  400.00 (Side area) 
      Cumulative area ratio:   37.89
      Required ratio:    0.00 (Cumulative side area) 

    Layer: via
      Partial area ratio:    0.18
      Required ratio:    6.00 (Gate area) 
      Cumulative area ratio:    0.41
      Required ratio:    0.00 (Cumulative area) 

    Layer: met2
      Partial area ratio:   11.05
      Required ratio:    0.00 (Gate area) 
      Cumulative area ratio:   18.83
      Required ratio:    0.00 (Cumulative area) 
      Partial area ratio:   54.44
      Required ratio: 4336.52 (Side area) 
      Cumulative area ratio:   92.33
      Required ratio:    0.00 (Cumulative side area) 


  Pin:   _28425_/A1 (sky130_fd_sc_hd__mux2_1)
    Layer: mcon
      Partial area ratio:    0.23
      Required ratio:    3.00 (Gate area) 
      Cumulative area ratio:    0.23
      Required ratio:    0.00 (Cumulative area) 

    Layer: met1
      Partial area ratio:    7.78
      Required ratio:    0.00 (Gate area) 
      Cumulative area ratio:    7.78
      Required ratio:    0.00 (Cumulative area) 
      Partial area ratio:   37.89
      Required ratio:  400.00 (Side area) 
      Cumulative area ratio:   37.89
      Required ratio:    0.00 (Cumulative side area) 

    Layer: via
      Partial area ratio:    0.18
      Required ratio:    6.00 (Gate area) 
      Cumulative area ratio:    0.41
      Required ratio:    0.00 (Cumulative area) 

    Layer: met2
      Partial area ratio:   11.05
      Required ratio:    0.00 (Gate area) 
      Cumulative area ratio:   18.83
      Required ratio:    0.00 (Cumulative area) 
      Partial area ratio:   54.44
      Required ratio: 4336.52 (Side area) 
      Cumulative area ratio:   92.33
      Required ratio:    0.00 (Cumulative side area) 


  Pin:   _28434_/A1 (sky130_fd_sc_hd__mux2_1)
    Layer: mcon
      Partial area ratio:    0.46
      Required ratio:    3.00 (Gate area) 
      Cumulative area ratio:    0.46
      Required ratio:    0.00 (Cumulative area) 

    Layer: met1
      Partial area ratio:    2.53
      Required ratio:    0.00 (Gate area) 
      Cumulative area ratio:    2.53
      Required ratio:    0.00 (Cumulative area) 
      Partial area ratio:   11.97
      Required ratio:  400.00 (Side area) 
      Cumulative area ratio:   11.97
      Required ratio:    0.00 (Cumulative side area) 

    Layer: via
      Partial area ratio:    0.36
      Required ratio:    6.00 (Gate area) 
      Cumulative area ratio:    0.82
      Required ratio:    0.00 (Cumulative area) 

    Layer: met2
      Partial area ratio:   11.05
      Required ratio:    0.00 (Gate area) 
      Cumulative area ratio:   13.58
      Required ratio:    0.00 (Cumulative area) 
      Partial area ratio:   54.44
      Required ratio: 4336.52 (Side area) 
      Cumulative area ratio:   66.41
      Required ratio:    0.00 (Cumulative side area) 


  Pin:   _28443_/A0 (sky130_fd_sc_hd__mux2_1)
    Layer: li1
      Partial area ratio:    0.01
      Required ratio:    0.00 (Gate area) 
      Cumulative area ratio:    0.01
      Required ratio:    0.00 (Cumulative area) 
      Partial area ratio:    0.28
      Required ratio:   75.00 (Side area) 
      Cumulative area ratio:    0.28
      Required ratio:    0.00 (Cumulative side area) 

    Layer: mcon
      Partial area ratio:    0.23
      Required ratio:    3.00 (Gate area) 
      Cumulative area ratio:    0.23
      Required ratio:    0.00 (Cumulative area) 

    Layer: met1
      Partial area ratio:    2.38
      Required ratio:    0.00 (Gate area) 
      Cumulative area ratio:    2.39
      Required ratio:    0.00 (Cumulative area) 
      Partial area ratio:   11.31
      Required ratio:  400.00 (Side area) 
      Cumulative area ratio:   11.58
      Required ratio:    0.00 (Cumulative side area) 

    Layer: via
      Partial area ratio:    0.18
      Required ratio:    6.00 (Gate area) 
      Cumulative area ratio:    0.41
      Required ratio:    0.00 (Cumulative area) 

    Layer: met2
      Partial area ratio:   11.05
      Required ratio:    0.00 (Gate area) 
      Cumulative area ratio:   13.44
      Required ratio:    0.00 (Cumulative area) 
      Partial area ratio:   54.44
      Required ratio: 4336.52 (Side area) 
      Cumulative area ratio:   66.02
      Required ratio:    0.00 (Cumulative side area) 


  Pin:   _28452_/A1 (sky130_fd_sc_hd__mux2_1)
    Layer: mcon
      Partial area ratio:    0.23
      Required ratio:    3.00 (Gate area) 
      Cumulative area ratio:    0.23
      Required ratio:    0.00 (Cumulative area) 

    Layer: met1
      Partial area ratio:    6.82
      Required ratio:    0.00 (Gate area) 
      Cumulative area ratio:    6.82
      Required ratio:    0.00 (Cumulative area) 
      Partial area ratio:   33.53
      Required ratio:  400.00 (Side area) 
      Cumulative area ratio:   33.53
      Required ratio:    0.00 (Cumulative side area) 

    Layer: via
      Partial area ratio:    0.06
      Required ratio:    6.00 (Gate area) 
      Cumulative area ratio:    0.29
      Required ratio:    0.00 (Cumulative area) 

    Layer: met2
      Partial area ratio:   11.05
      Required ratio:    0.00 (Gate area) 
      Cumulative area ratio:   17.87
      Required ratio:    0.00 (Cumulative area) 
      Partial area ratio:   54.44
      Required ratio: 4336.52 (Side area) 
      Cumulative area ratio:   87.96
      Required ratio:    0.00 (Cumulative side area) 


  Pin:   _28461_/A1 (sky130_fd_sc_hd__mux2_1)
    Layer: mcon
      Partial area ratio:    0.23
      Required ratio:    3.00 (Gate area) 
      Cumulative area ratio:    0.23
      Required ratio:    0.00 (Cumulative area) 

    Layer: met1
      Partial area ratio:    6.82
      Required ratio:    0.00 (Gate area) 
      Cumulative area ratio:    6.82
      Required ratio:    0.00 (Cumulative area) 
      Partial area ratio:   33.53
      Required ratio:  400.00 (Side area) 
      Cumulative area ratio:   33.53
      Required ratio:    0.00 (Cumulative side area) 

    Layer: via
      Partial area ratio:    0.06
      Required ratio:    6.00 (Gate area) 
      Cumulative area ratio:    0.29
      Required ratio:    0.00 (Cumulative area) 

    Layer: met2
      Partial area ratio:   11.05
      Required ratio:    0.00 (Gate area) 
      Cumulative area ratio:   17.87
      Required ratio:    0.00 (Cumulative area) 
      Partial area ratio:   54.44
      Required ratio: 4336.52 (Side area) 
      Cumulative area ratio:   87.96
      Required ratio:    0.00 (Cumulative side area) 


  Pin:   _28470_/A1 (sky130_fd_sc_hd__mux2_1)
    Layer: mcon
      Partial area ratio:    0.23
      Required ratio:    3.00 (Gate area) 
      Cumulative area ratio:    0.23
      Required ratio:    0.00 (Cumulative area) 

    Layer: met1
      Partial area ratio:    0.66
      Required ratio:    0.00 (Gate area) 
      Cumulative area ratio:    0.66
      Required ratio:    0.00 (Cumulative area) 
      Partial area ratio:    3.22
      Required ratio:  400.00 (Side area) 
      Cumulative area ratio:    3.22
      Required ratio:    0.00 (Cumulative side area) 

    Layer: via
      Partial area ratio:    0.18
      Required ratio:    6.00 (Gate area) 
      Cumulative area ratio:    0.41
      Required ratio:    0.00 (Cumulative area) 

    Layer: met2
      Partial area ratio:   11.05
      Required ratio:    0.00 (Gate area) 
      Cumulative area ratio:   11.71
      Required ratio:    0.00 (Cumulative area) 
      Partial area ratio:   54.44
      Required ratio: 4336.52 (Side area) 
      Cumulative area ratio:   57.66
      Required ratio:    0.00 (Cumulative side area) 


  Pin:   _28479_/A1 (sky130_fd_sc_hd__mux2_1)
    Layer: mcon
      Partial area ratio:    0.23
      Required ratio:    3.00 (Gate area) 
      Cumulative area ratio:    0.23
      Required ratio:    0.00 (Cumulative area) 

    Layer: met1
      Partial area ratio:    6.82
      Required ratio:    0.00 (Gate area) 
      Cumulative area ratio:    6.82
      Required ratio:    0.00 (Cumulative area) 
      Partial area ratio:   33.53
      Required ratio:  400.00 (Side area) 
      Cumulative area ratio:   33.53
      Required ratio:    0.00 (Cumulative side area) 

    Layer: via
      Partial area ratio:    0.06
      Required ratio:    6.00 (Gate area) 
      Cumulative area ratio:    0.29
      Required ratio:    0.00 (Cumulative area) 

    Layer: met2
      Partial area ratio:   11.05
      Required ratio:    0.00 (Gate area) 
      Cumulative area ratio:   17.87
      Required ratio:    0.00 (Cumulative area) 
      Partial area ratio:   54.44
      Required ratio: 4336.52 (Side area) 
      Cumulative area ratio:   87.96
      Required ratio:    0.00 (Cumulative side area) 


  Pin:   _28488_/A1 (sky130_fd_sc_hd__mux2_1)
    Layer: mcon
      Partial area ratio:    0.23
      Required ratio:    3.00 (Gate area) 
      Cumulative area ratio:    0.23
      Required ratio:    0.00 (Cumulative area) 

    Layer: met1
      Partial area ratio:    7.94
      Required ratio:    0.00 (Gate area) 
      Cumulative area ratio:    7.94
      Required ratio:    0.00 (Cumulative area) 
      Partial area ratio:   39.12
      Required ratio:  400.00 (Side area) 
      Cumulative area ratio:   39.12
      Required ratio:    0.00 (Cumulative side area) 

    Layer: via
      Partial area ratio:    0.09
      Required ratio:    6.00 (Gate area) 
      Cumulative area ratio:    0.32
      Required ratio:    0.00 (Cumulative area) 

    Layer: met2
      Partial area ratio:   11.05
      Required ratio:    0.00 (Gate area) 
      Cumulative area ratio:   18.99
      Required ratio:    0.00 (Cumulative area) 
      Partial area ratio:   54.44
      Required ratio: 4336.52 (Side area) 
      Cumulative area ratio:   93.56
      Required ratio:    0.00 (Cumulative side area) 


  Pin:   ANTENNA_192/DIODE (sky130_fd_sc_hd__diode_2)
    Layer: mcon
      Partial area ratio:    0.13
      Required ratio:   10.82 (Gate area) 
      Cumulative area ratio:    0.13
      Required ratio:    0.00 (Cumulative area) 

    Layer: met1
      Partial area ratio:    1.50
      Required ratio:    0.00 (Gate area) 
      Cumulative area ratio:    1.50
      Required ratio:    0.00 (Cumulative area) 
      Partial area ratio:    7.25
      Required ratio: 2773.88 (Side area) 
      Cumulative area ratio:    7.25
      Required ratio:    0.00 (Cumulative side area) 

    Layer: via
      Partial area ratio:    0.08
      Required ratio:   21.65 (Gate area) 
      Cumulative area ratio:    0.21
      Required ratio:    0.00 (Cumulative area) 

    Layer: met2
      Partial area ratio:   11.05
      Required ratio:    0.00 (Gate area) 
      Cumulative area ratio:   12.55
      Required ratio:    0.00 (Cumulative area) 
      Partial area ratio:   54.44
      Required ratio: 4336.52 (Side area) 
      Cumulative area ratio:   61.68
      Required ratio:    0.00 (Cumulative side area) 


  Pin:   ANTENNA_193/DIODE (sky130_fd_sc_hd__diode_2)
    Layer: mcon
      Partial area ratio:    0.07
      Required ratio:   10.82 (Gate area) 
      Cumulative area ratio:    0.07
      Required ratio:    0.00 (Cumulative area) 

    Layer: met1
      Partial area ratio:    1.48
      Required ratio:    0.00 (Gate area) 
      Cumulative area ratio:    1.48
      Required ratio:    0.00 (Cumulative area) 
      Partial area ratio:    7.13
      Required ratio: 2773.88 (Side area) 
      Cumulative area ratio:    7.13
      Required ratio:    0.00 (Cumulative side area) 

    Layer: via
      Partial area ratio:    0.04
      Required ratio:   21.65 (Gate area) 
      Cumulative area ratio:    0.11
      Required ratio:    0.00 (Cumulative area) 

    Layer: met2
      Partial area ratio:   11.05
      Required ratio:    0.00 (Gate area) 
      Cumulative area ratio:   12.53
      Required ratio:    0.00 (Cumulative area) 
      Partial area ratio:   54.44
      Required ratio: 4336.52 (Side area) 
      Cumulative area ratio:   61.57
      Required ratio:    0.00 (Cumulative side area) 


  Pin:   ANTENNA_194/DIODE (sky130_fd_sc_hd__diode_2)
    Layer: mcon
      Partial area ratio:    0.13
      Required ratio:   10.82 (Gate area) 
      Cumulative area ratio:    0.13
      Required ratio:    0.00 (Cumulative area) 

    Layer: met1
      Partial area ratio:    5.13
      Required ratio:    0.00 (Gate area) 
      Cumulative area ratio:    5.13
      Required ratio:    0.00 (Cumulative area) 
      Partial area ratio:   25.27
      Required ratio: 2773.88 (Side area) 
      Cumulative area ratio:   25.27
      Required ratio:    0.00 (Cumulative side area) 

    Layer: via
      Partial area ratio:    0.08
      Required ratio:   21.65 (Gate area) 
      Cumulative area ratio:    0.21
      Required ratio:    0.00 (Cumulative area) 

    Layer: met2
      Partial area ratio:   11.05
      Required ratio:    0.00 (Gate area) 
      Cumulative area ratio:   16.18
      Required ratio:    0.00 (Cumulative area) 
      Partial area ratio:   54.44
      Required ratio: 4336.52 (Side area) 
      Cumulative area ratio:   79.71
      Required ratio:    0.00 (Cumulative side area) 


  Pin:   ANTENNA_195/DIODE (sky130_fd_sc_hd__diode_2)
    Layer: mcon
      Partial area ratio:    0.13
      Required ratio:   10.82 (Gate area) 
      Cumulative area ratio:    0.13
      Required ratio:    0.00 (Cumulative area) 

    Layer: met1
      Partial area ratio:    2.34
      Required ratio:    0.00 (Gate area) 
      Cumulative area ratio:    2.34
      Required ratio:    0.00 (Cumulative area) 
      Partial area ratio:   11.42
      Required ratio: 2773.88 (Side area) 
      Cumulative area ratio:   11.42
      Required ratio:    0.00 (Cumulative side area) 

    Layer: via
      Partial area ratio:    0.08
      Required ratio:   21.65 (Gate area) 
      Cumulative area ratio:    0.21
      Required ratio:    0.00 (Cumulative area) 

    Layer: met2
      Partial area ratio:   11.05
      Required ratio:    0.00 (Gate area) 
      Cumulative area ratio:   13.39
      Required ratio:    0.00 (Cumulative area) 
      Partial area ratio:   54.44
      Required ratio: 4336.52 (Side area) 
      Cumulative area ratio:   65.85
      Required ratio:    0.00 (Cumulative side area) 


  Pin:   ANTENNA_252/DIODE (sky130_fd_sc_hd__diode_2)
    Layer: mcon
      Partial area ratio:    0.13
      Required ratio:   10.82 (Gate area) 
      Cumulative area ratio:    0.13
      Required ratio:    0.00 (Cumulative area) 

    Layer: met1
      Partial area ratio:    8.08
      Required ratio:    0.00 (Gate area) 
      Cumulative area ratio:    8.08
      Required ratio:    0.00 (Cumulative area) 
      Partial area ratio:   39.80
      Required ratio: 2773.88 (Side area) 
      Cumulative area ratio:   39.80
      Required ratio:    0.00 (Cumulative side area) 

    Layer: via
      Partial area ratio:    0.12
      Required ratio:   21.65 (Gate area) 
      Cumulative area ratio:    0.25
      Required ratio:    0.00 (Cumulative area) 

    Layer: met2
      Partial area ratio:   11.05
      Required ratio:    0.00 (Gate area) 
      Cumulative area ratio:   19.13
      Required ratio:    0.00 (Cumulative area) 
      Partial area ratio:   54.44
      Required ratio: 4336.52 (Side area) 
      Cumulative area ratio:   94.24
      Required ratio:    0.00 (Cumulative side area) 


  Pin:   ANTENNA_253/DIODE (sky130_fd_sc_hd__diode_2)
    Layer: mcon
      Partial area ratio:    0.07
      Required ratio:   10.82 (Gate area) 
      Cumulative area ratio:    0.07
      Required ratio:    0.00 (Cumulative area) 

    Layer: met1
      Partial area ratio:    0.95
      Required ratio:    0.00 (Gate area) 
      Cumulative area ratio:    0.95
      Required ratio:    0.00 (Cumulative area) 
      Partial area ratio:    4.41
      Required ratio: 2773.88 (Side area) 
      Cumulative area ratio:    4.41
      Required ratio:    0.00 (Cumulative side area) 

    Layer: via
      Partial area ratio:    0.08
      Required ratio:   21.65 (Gate area) 
      Cumulative area ratio:    0.15
      Required ratio:    0.00 (Cumulative area) 

    Layer: met2
      Partial area ratio:   11.05
      Required ratio:    0.00 (Gate area) 
      Cumulative area ratio:   12.00
      Required ratio:    0.00 (Cumulative area) 
      Partial area ratio:   54.44
      Required ratio: 4336.52 (Side area) 
      Cumulative area ratio:   58.85
      Required ratio:    0.00 (Cumulative side area) 


  Pin:   ANTENNA_271/DIODE (sky130_fd_sc_hd__diode_2)
    Layer: mcon
      Partial area ratio:    0.07
      Required ratio:   10.82 (Gate area) 
      Cumulative area ratio:    0.07
      Required ratio:    0.00 (Cumulative area) 

    Layer: met1
      Partial area ratio:    0.99
      Required ratio:    0.00 (Gate area) 
      Cumulative area ratio:    0.99
      Required ratio:    0.00 (Cumulative area) 
      Partial area ratio:    4.67
      Required ratio: 2773.88 (Side area) 
      Cumulative area ratio:    4.67
      Required ratio:    0.00 (Cumulative side area) 

    Layer: via
      Partial area ratio:    0.04
      Required ratio:   21.65 (Gate area) 
      Cumulative area ratio:    0.11
      Required ratio:    0.00 (Cumulative area) 

    Layer: met2
      Partial area ratio:   11.05
      Required ratio:    0.00 (Gate area) 
      Cumulative area ratio:   12.03
      Required ratio:    0.00 (Cumulative area) 
      Partial area ratio:   54.44
      Required ratio: 4336.52 (Side area) 
      Cumulative area ratio:   59.11
      Required ratio:    0.00 (Cumulative side area) 


  Pin:   ANTENNA_272/DIODE (sky130_fd_sc_hd__diode_2)
    Layer: mcon
      Partial area ratio:    0.13
      Required ratio:   10.82 (Gate area) 
      Cumulative area ratio:    0.13
      Required ratio:    0.00 (Cumulative area) 

    Layer: met1
      Partial area ratio:    1.07
      Required ratio:    0.00 (Gate area) 
      Cumulative area ratio:    1.07
      Required ratio:    0.00 (Cumulative area) 
      Partial area ratio:    5.08
      Required ratio: 2773.88 (Side area) 
      Cumulative area ratio:    5.08
      Required ratio:    0.00 (Cumulative side area) 

    Layer: via
      Partial area ratio:    0.08
      Required ratio:   21.65 (Gate area) 
      Cumulative area ratio:    0.21
      Required ratio:    0.00 (Cumulative area) 

    Layer: met2
      Partial area ratio:   11.05
      Required ratio:    0.00 (Gate area) 
      Cumulative area ratio:   12.12
      Required ratio:    0.00 (Cumulative area) 
      Partial area ratio:   54.44
      Required ratio: 4336.52 (Side area) 
      Cumulative area ratio:   59.52
      Required ratio:    0.00 (Cumulative side area) 


  Pin:   ANTENNA_273/DIODE (sky130_fd_sc_hd__diode_2)
    Layer: mcon
      Partial area ratio:    0.07
      Required ratio:   10.82 (Gate area) 
      Cumulative area ratio:    0.07
      Required ratio:    0.00 (Cumulative area) 

    Layer: met1
      Partial area ratio:    5.48
      Required ratio:    0.00 (Gate area) 
      Cumulative area ratio:    5.48
      Required ratio:    0.00 (Cumulative area) 
      Partial area ratio:   26.94
      Required ratio: 2773.88 (Side area) 
      Cumulative area ratio:   26.94
      Required ratio:    0.00 (Cumulative side area) 

    Layer: via
      Partial area ratio:    0.08
      Required ratio:   21.65 (Gate area) 
      Cumulative area ratio:    0.15
      Required ratio:    0.00 (Cumulative area) 

    Layer: met2
      Partial area ratio:   11.05
      Required ratio:    0.00 (Gate area) 
      Cumulative area ratio:   16.53
      Required ratio:    0.00 (Cumulative area) 
      Partial area ratio:   54.44
      Required ratio: 4336.52 (Side area) 
      Cumulative area ratio:   81.38
      Required ratio:    0.00 (Cumulative side area) 



[INFO ANT-0002] Found 1 net violations.
[INFO ANT-0001] Found 2 pin violations.
