
===========================================================================
report_checks -path_delay min (Hold)
============================================================================
======================= max_ss_100C_1v60 Corner ===================================

Startpoint: rst_ni (input port clocked by clk_i)
Endpoint: _48_ (removal check against rising-edge clock clk_i)
Path Group: asynchronous
Path Type: min

Fanout         Cap        Slew       Delay        Time   Description
---------------------------------------------------------------------------------------------
                                  0.000000    0.000000   clock clk_i (rise edge)
                                  0.000000    0.000000   clock network delay (propagated)
                                  2.000000    2.000000 ^ input external delay
     4    0.018803    0.000000    0.000000    2.000000 ^ rst_ni (in)
                                                         rst_ni (net)
                      0.000779    0.000389    2.000389 ^ _48_/RESET_B (sky130_fd_sc_hd__dfrtp_2)
                                              2.000389   data arrival time

                                  0.000000    0.000000   clock clk_i (rise edge)
                                  0.000000    0.000000   clock source latency
     2    0.082830    0.000000    0.000000    0.000000 ^ clk_i (in)
                                                         clk_i (net)
                      0.009482    0.004741    0.004741 ^ clkbuf_regs_0_clk_i/A (sky130_fd_sc_hd__clkbuf_16)
     1    0.008474    0.052400    0.178158    0.182899 ^ clkbuf_regs_0_clk_i/X (sky130_fd_sc_hd__clkbuf_16)
                                                         clk_i_regs (net)
                      0.052401    0.000665    0.183565 ^ clkbuf_0_clk_i_regs/A (sky130_fd_sc_hd__clkbuf_16)
     2    0.019258    0.066525    0.212351    0.395915 ^ clkbuf_0_clk_i_regs/X (sky130_fd_sc_hd__clkbuf_16)
                                                         clknet_0_clk_i_regs (net)
                      0.066540    0.001042    0.396957 ^ clkbuf_1_1__f_clk_i_regs/A (sky130_fd_sc_hd__clkbuf_16)
     3    0.007462    0.051138    0.201162    0.598119 ^ clkbuf_1_1__f_clk_i_regs/X (sky130_fd_sc_hd__clkbuf_16)
                                                         clknet_1_1__leaf_clk_i_regs (net)
                      0.051138    0.000401    0.598520 ^ _48_/CLK (sky130_fd_sc_hd__dfrtp_2)
                                  0.250000    0.848520   clock uncertainty
                                  0.000000    0.848520   clock reconvergence pessimism
                                  0.630495    1.479016   library removal time
                                              1.479016   data required time
---------------------------------------------------------------------------------------------
                                              1.479016   data required time
                                             -2.000389   data arrival time
---------------------------------------------------------------------------------------------
                                              0.521373   slack (MET)


Startpoint: rst_ni (input port clocked by clk_i)
Endpoint: _46_ (removal check against rising-edge clock clk_i)
Path Group: asynchronous
Path Type: min

Fanout         Cap        Slew       Delay        Time   Description
---------------------------------------------------------------------------------------------
                                  0.000000    0.000000   clock clk_i (rise edge)
                                  0.000000    0.000000   clock network delay (propagated)
                                  2.000000    2.000000 ^ input external delay
     4    0.018803    0.000000    0.000000    2.000000 ^ rst_ni (in)
                                                         rst_ni (net)
                      0.001115    0.000558    2.000558 ^ _46_/RESET_B (sky130_fd_sc_hd__dfrtp_2)
                                              2.000558   data arrival time

                                  0.000000    0.000000   clock clk_i (rise edge)
                                  0.000000    0.000000   clock source latency
     2    0.082830    0.000000    0.000000    0.000000 ^ clk_i (in)
                                                         clk_i (net)
                      0.009482    0.004741    0.004741 ^ clkbuf_regs_0_clk_i/A (sky130_fd_sc_hd__clkbuf_16)
     1    0.008474    0.052400    0.178158    0.182899 ^ clkbuf_regs_0_clk_i/X (sky130_fd_sc_hd__clkbuf_16)
                                                         clk_i_regs (net)
                      0.052401    0.000665    0.183565 ^ clkbuf_0_clk_i_regs/A (sky130_fd_sc_hd__clkbuf_16)
     2    0.019258    0.066525    0.212351    0.395915 ^ clkbuf_0_clk_i_regs/X (sky130_fd_sc_hd__clkbuf_16)
                                                         clknet_0_clk_i_regs (net)
                      0.066540    0.001042    0.396957 ^ clkbuf_1_1__f_clk_i_regs/A (sky130_fd_sc_hd__clkbuf_16)
     3    0.007462    0.051138    0.201162    0.598119 ^ clkbuf_1_1__f_clk_i_regs/X (sky130_fd_sc_hd__clkbuf_16)
                                                         clknet_1_1__leaf_clk_i_regs (net)
                      0.051138    0.000379    0.598498 ^ _46_/CLK (sky130_fd_sc_hd__dfrtp_2)
                                  0.250000    0.848498   clock uncertainty
                                  0.000000    0.848498   clock reconvergence pessimism
                                  0.630599    1.479097   library removal time
                                              1.479097   data required time
---------------------------------------------------------------------------------------------
                                              1.479097   data required time
                                             -2.000558   data arrival time
---------------------------------------------------------------------------------------------
                                              0.521461   slack (MET)


Startpoint: rst_ni (input port clocked by clk_i)
Endpoint: _47_ (removal check against rising-edge clock clk_i)
Path Group: asynchronous
Path Type: min

Fanout         Cap        Slew       Delay        Time   Description
---------------------------------------------------------------------------------------------
                                  0.000000    0.000000   clock clk_i (rise edge)
                                  0.000000    0.000000   clock network delay (propagated)
                                  2.000000    2.000000 ^ input external delay
     4    0.018803    0.000000    0.000000    2.000000 ^ rst_ni (in)
                                                         rst_ni (net)
                      0.001100    0.000550    2.000550 ^ _47_/RESET_B (sky130_fd_sc_hd__dfrtp_2)
                                              2.000550   data arrival time

                                  0.000000    0.000000   clock clk_i (rise edge)
                                  0.000000    0.000000   clock source latency
     2    0.082830    0.000000    0.000000    0.000000 ^ clk_i (in)
                                                         clk_i (net)
                      0.009482    0.004741    0.004741 ^ clkbuf_regs_0_clk_i/A (sky130_fd_sc_hd__clkbuf_16)
     1    0.008474    0.052400    0.178158    0.182899 ^ clkbuf_regs_0_clk_i/X (sky130_fd_sc_hd__clkbuf_16)
                                                         clk_i_regs (net)
                      0.052401    0.000665    0.183565 ^ clkbuf_0_clk_i_regs/A (sky130_fd_sc_hd__clkbuf_16)
     2    0.019258    0.066525    0.212351    0.395915 ^ clkbuf_0_clk_i_regs/X (sky130_fd_sc_hd__clkbuf_16)
                                                         clknet_0_clk_i_regs (net)
                      0.066540    0.001009    0.396924 ^ clkbuf_1_0__f_clk_i_regs/A (sky130_fd_sc_hd__clkbuf_16)
     2    0.005146    0.048011    0.196804    0.593728 ^ clkbuf_1_0__f_clk_i_regs/X (sky130_fd_sc_hd__clkbuf_16)
                                                         clknet_1_0__leaf_clk_i_regs (net)
                      0.048012    0.000300    0.594028 ^ _47_/CLK (sky130_fd_sc_hd__dfrtp_2)
                                  0.250000    0.844028   clock uncertainty
                                  0.000000    0.844028   clock reconvergence pessimism
                                  0.629650    1.473678   library removal time
                                              1.473678   data required time
---------------------------------------------------------------------------------------------
                                              1.473678   data required time
                                             -2.000550   data arrival time
---------------------------------------------------------------------------------------------
                                              0.526872   slack (MET)


Startpoint: rst_ni (input port clocked by clk_i)
Endpoint: _45_ (removal check against rising-edge clock clk_i)
Path Group: asynchronous
Path Type: min

Fanout         Cap        Slew       Delay        Time   Description
---------------------------------------------------------------------------------------------
                                  0.000000    0.000000   clock clk_i (rise edge)
                                  0.000000    0.000000   clock network delay (propagated)
                                  2.000000    2.000000 ^ input external delay
     4    0.018803    0.000000    0.000000    2.000000 ^ rst_ni (in)
                                                         rst_ni (net)
                      0.001127    0.000564    2.000564 ^ _45_/SET_B (sky130_fd_sc_hd__dfstp_2)
                                              2.000564   data arrival time

                                  0.000000    0.000000   clock clk_i (rise edge)
                                  0.000000    0.000000   clock source latency
     2    0.082830    0.000000    0.000000    0.000000 ^ clk_i (in)
                                                         clk_i (net)
                      0.009482    0.004741    0.004741 ^ clkbuf_regs_0_clk_i/A (sky130_fd_sc_hd__clkbuf_16)
     1    0.008474    0.052400    0.178158    0.182899 ^ clkbuf_regs_0_clk_i/X (sky130_fd_sc_hd__clkbuf_16)
                                                         clk_i_regs (net)
                      0.052401    0.000665    0.183565 ^ clkbuf_0_clk_i_regs/A (sky130_fd_sc_hd__clkbuf_16)
     2    0.019258    0.066525    0.212351    0.395915 ^ clkbuf_0_clk_i_regs/X (sky130_fd_sc_hd__clkbuf_16)
                                                         clknet_0_clk_i_regs (net)
                      0.066540    0.001009    0.396924 ^ clkbuf_1_0__f_clk_i_regs/A (sky130_fd_sc_hd__clkbuf_16)
     2    0.005146    0.048011    0.196804    0.593728 ^ clkbuf_1_0__f_clk_i_regs/X (sky130_fd_sc_hd__clkbuf_16)
                                                         clknet_1_0__leaf_clk_i_regs (net)
                      0.048012    0.000297    0.594025 ^ _45_/CLK (sky130_fd_sc_hd__dfstp_2)
                                  0.250000    0.844025   clock uncertainty
                                  0.000000    0.844025   clock reconvergence pessimism
                                  0.305467    1.149493   library removal time
                                              1.149493   data required time
---------------------------------------------------------------------------------------------
                                              1.149493   data required time
                                             -2.000564   data arrival time
---------------------------------------------------------------------------------------------
                                              0.851071   slack (MET)


Startpoint: _45_ (rising edge-triggered flip-flop clocked by clk_i)
Endpoint: _45_ (rising edge-triggered flip-flop clocked by clk_i)
Path Group: clk_i
Path Type: min

Fanout         Cap        Slew       Delay        Time   Description
---------------------------------------------------------------------------------------------
                                  0.000000    0.000000   clock clk_i (rise edge)
                                  0.000000    0.000000   clock source latency
     2    0.082830    0.000000    0.000000    0.000000 ^ clk_i (in)
                                                         clk_i (net)
                      0.009482    0.004741    0.004741 ^ clkbuf_regs_0_clk_i/A (sky130_fd_sc_hd__clkbuf_16)
     1    0.008474    0.052400    0.178158    0.182899 ^ clkbuf_regs_0_clk_i/X (sky130_fd_sc_hd__clkbuf_16)
                                                         clk_i_regs (net)
                      0.052401    0.000665    0.183565 ^ clkbuf_0_clk_i_regs/A (sky130_fd_sc_hd__clkbuf_16)
     2    0.019258    0.066525    0.212351    0.395915 ^ clkbuf_0_clk_i_regs/X (sky130_fd_sc_hd__clkbuf_16)
                                                         clknet_0_clk_i_regs (net)
                      0.066540    0.001009    0.396924 ^ clkbuf_1_0__f_clk_i_regs/A (sky130_fd_sc_hd__clkbuf_16)
     2    0.005146    0.048011    0.196804    0.593728 ^ clkbuf_1_0__f_clk_i_regs/X (sky130_fd_sc_hd__clkbuf_16)
                                                         clknet_1_0__leaf_clk_i_regs (net)
                      0.048012    0.000297    0.594025 ^ _45_/CLK (sky130_fd_sc_hd__dfstp_2)
     3    0.012985    0.077523    0.734423    1.328449 v _45_/Q (sky130_fd_sc_hd__dfstp_2)
                                                         state_q[0] (net)
                      0.077523    0.000993    1.329442 v _31_/A1 (sky130_fd_sc_hd__a31o_2)
     1    0.007523    0.079733    0.400310    1.729752 v _31_/X (sky130_fd_sc_hd__a31o_2)
                                                         _01_ (net)
                      0.079733    0.000469    1.730221 v _45_/D (sky130_fd_sc_hd__dfstp_2)
                                              1.730221   data arrival time

                                  0.000000    0.000000   clock clk_i (rise edge)
                                  0.000000    0.000000   clock source latency
     2    0.082830    0.000000    0.000000    0.000000 ^ clk_i (in)
                                                         clk_i (net)
                      0.009482    0.004741    0.004741 ^ clkbuf_regs_0_clk_i/A (sky130_fd_sc_hd__clkbuf_16)
     1    0.008474    0.052400    0.178158    0.182899 ^ clkbuf_regs_0_clk_i/X (sky130_fd_sc_hd__clkbuf_16)
                                                         clk_i_regs (net)
                      0.052401    0.000665    0.183565 ^ clkbuf_0_clk_i_regs/A (sky130_fd_sc_hd__clkbuf_16)
     2    0.019258    0.066525    0.212351    0.395915 ^ clkbuf_0_clk_i_regs/X (sky130_fd_sc_hd__clkbuf_16)
                                                         clknet_0_clk_i_regs (net)
                      0.066540    0.001009    0.396924 ^ clkbuf_1_0__f_clk_i_regs/A (sky130_fd_sc_hd__clkbuf_16)
     2    0.005146    0.048011    0.196804    0.593728 ^ clkbuf_1_0__f_clk_i_regs/X (sky130_fd_sc_hd__clkbuf_16)
                                                         clknet_1_0__leaf_clk_i_regs (net)
                      0.048012    0.000297    0.594025 ^ _45_/CLK (sky130_fd_sc_hd__dfstp_2)
                                  0.250000    0.844025   clock uncertainty
                                  0.000000    0.844025   clock reconvergence pessimism
                                 -0.008769    0.835256   library hold time
                                              0.835256   data required time
---------------------------------------------------------------------------------------------
                                              0.835256   data required time
                                             -1.730221   data arrival time
---------------------------------------------------------------------------------------------
                                              0.894965   slack (MET)


Startpoint: axi_wdata_i[30] (input port clocked by clk_i)
Endpoint: u_sram (falling edge-triggered flip-flop clocked by clk_i)
Path Group: clk_i
Path Type: min

Fanout         Cap        Slew       Delay        Time   Description
---------------------------------------------------------------------------------------------
                                  0.000000    0.000000   clock clk_i (rise edge)
                                  0.000000    0.000000   clock network delay (propagated)
                                  2.000000    2.000000 ^ input external delay
     1    0.015393    0.000000    0.000000    2.000000 ^ axi_wdata_i[30] (in)
                                                         axi_wdata_i[30] (net)
                      0.002197    0.000520    2.000520 ^ u_sram/din0[30] (sky130_sram_1kbyte_1rw1r_32x256_8)
                                              2.000520   data arrival time

                                  0.000000    0.000000   clock clk_i (rise edge)
                                  0.000000    0.000000   clock source latency
     2    0.082830    0.000000    0.000000    0.000000 ^ clk_i (in)
                                                         clk_i (net)
                      0.016506    0.008253    0.008253 ^ clkbuf_0_clk_i/A (sky130_fd_sc_hd__clkbuf_16)
     2    0.041516    0.095449    0.227719    0.235972 ^ clkbuf_0_clk_i/X (sky130_fd_sc_hd__clkbuf_16)
                                                         clknet_0_clk_i (net)
                      0.095593    0.002371    0.238343 ^ clkbuf_1_0__f_clk_i/A (sky130_fd_sc_hd__clkbuf_16)
     1    0.066718    0.130297    0.282810    0.521154 ^ clkbuf_1_0__f_clk_i/X (sky130_fd_sc_hd__clkbuf_16)
                                                         clknet_1_0__leaf_clk_i (net)
                      0.183656    0.024097    0.545251 ^ u_sram/clk0 (sky130_sram_1kbyte_1rw1r_32x256_8)
                                  0.250000    0.795251   clock uncertainty
                                  0.000000    0.795251   clock reconvergence pessimism
                                 -0.056000    0.739251   library hold time
                                              0.739251   data required time
---------------------------------------------------------------------------------------------
                                              0.739251   data required time
                                             -2.000520   data arrival time
---------------------------------------------------------------------------------------------
                                              1.261269   slack (MET)


Startpoint: axi_wdata_i[31] (input port clocked by clk_i)
Endpoint: u_sram (falling edge-triggered flip-flop clocked by clk_i)
Path Group: clk_i
Path Type: min

Fanout         Cap        Slew       Delay        Time   Description
---------------------------------------------------------------------------------------------
                                  0.000000    0.000000   clock clk_i (rise edge)
                                  0.000000    0.000000   clock network delay (propagated)
                                  2.000000    2.000000 ^ input external delay
     1    0.016098    0.000000    0.000000    2.000000 ^ axi_wdata_i[31] (in)
                                                         axi_wdata_i[31] (net)
                      0.002346    0.000555    2.000555 ^ u_sram/din0[31] (sky130_sram_1kbyte_1rw1r_32x256_8)
                                              2.000555   data arrival time

                                  0.000000    0.000000   clock clk_i (rise edge)
                                  0.000000    0.000000   clock source latency
     2    0.082830    0.000000    0.000000    0.000000 ^ clk_i (in)
                                                         clk_i (net)
                      0.016506    0.008253    0.008253 ^ clkbuf_0_clk_i/A (sky130_fd_sc_hd__clkbuf_16)
     2    0.041516    0.095449    0.227719    0.235972 ^ clkbuf_0_clk_i/X (sky130_fd_sc_hd__clkbuf_16)
                                                         clknet_0_clk_i (net)
                      0.095593    0.002371    0.238343 ^ clkbuf_1_0__f_clk_i/A (sky130_fd_sc_hd__clkbuf_16)
     1    0.066718    0.130297    0.282810    0.521154 ^ clkbuf_1_0__f_clk_i/X (sky130_fd_sc_hd__clkbuf_16)
                                                         clknet_1_0__leaf_clk_i (net)
                      0.183656    0.024097    0.545251 ^ u_sram/clk0 (sky130_sram_1kbyte_1rw1r_32x256_8)
                                  0.250000    0.795251   clock uncertainty
                                  0.000000    0.795251   clock reconvergence pessimism
                                 -0.056000    0.739251   library hold time
                                              0.739251   data required time
---------------------------------------------------------------------------------------------
                                              0.739251   data required time
                                             -2.000555   data arrival time
---------------------------------------------------------------------------------------------
                                              1.261304   slack (MET)


Startpoint: axi_wdata_i[0] (input port clocked by clk_i)
Endpoint: u_sram (falling edge-triggered flip-flop clocked by clk_i)
Path Group: clk_i
Path Type: min

Fanout         Cap        Slew       Delay        Time   Description
---------------------------------------------------------------------------------------------
                                  0.000000    0.000000   clock clk_i (rise edge)
                                  0.000000    0.000000   clock network delay (propagated)
                                  2.000000    2.000000 ^ input external delay
     1    0.014158    0.000000    0.000000    2.000000 ^ axi_wdata_i[0] (in)
                                                         axi_wdata_i[0] (net)
                      0.002543    0.000602    2.000602 ^ u_sram/din0[0] (sky130_sram_1kbyte_1rw1r_32x256_8)
                                              2.000602   data arrival time

                                  0.000000    0.000000   clock clk_i (rise edge)
                                  0.000000    0.000000   clock source latency
     2    0.082830    0.000000    0.000000    0.000000 ^ clk_i (in)
                                                         clk_i (net)
                      0.016506    0.008253    0.008253 ^ clkbuf_0_clk_i/A (sky130_fd_sc_hd__clkbuf_16)
     2    0.041516    0.095449    0.227719    0.235972 ^ clkbuf_0_clk_i/X (sky130_fd_sc_hd__clkbuf_16)
                                                         clknet_0_clk_i (net)
                      0.095593    0.002371    0.238343 ^ clkbuf_1_0__f_clk_i/A (sky130_fd_sc_hd__clkbuf_16)
     1    0.066718    0.130297    0.282810    0.521154 ^ clkbuf_1_0__f_clk_i/X (sky130_fd_sc_hd__clkbuf_16)
                                                         clknet_1_0__leaf_clk_i (net)
                      0.183656    0.024097    0.545251 ^ u_sram/clk0 (sky130_sram_1kbyte_1rw1r_32x256_8)
                                  0.250000    0.795251   clock uncertainty
                                  0.000000    0.795251   clock reconvergence pessimism
                                 -0.056000    0.739251   library hold time
                                              0.739251   data required time
---------------------------------------------------------------------------------------------
                                              0.739251   data required time
                                             -2.000602   data arrival time
---------------------------------------------------------------------------------------------
                                              1.261351   slack (MET)


Startpoint: axi_wdata_i[3] (input port clocked by clk_i)
Endpoint: u_sram (falling edge-triggered flip-flop clocked by clk_i)
Path Group: clk_i
Path Type: min

Fanout         Cap        Slew       Delay        Time   Description
---------------------------------------------------------------------------------------------
                                  0.000000    0.000000   clock clk_i (rise edge)
                                  0.000000    0.000000   clock network delay (propagated)
                                  2.000000    2.000000 ^ input external delay
     1    0.014167    0.000000    0.000000    2.000000 ^ axi_wdata_i[3] (in)
                                                         axi_wdata_i[3] (net)
                      0.002545    0.000602    2.000602 ^ u_sram/din0[3] (sky130_sram_1kbyte_1rw1r_32x256_8)
                                              2.000602   data arrival time

                                  0.000000    0.000000   clock clk_i (rise edge)
                                  0.000000    0.000000   clock source latency
     2    0.082830    0.000000    0.000000    0.000000 ^ clk_i (in)
                                                         clk_i (net)
                      0.016506    0.008253    0.008253 ^ clkbuf_0_clk_i/A (sky130_fd_sc_hd__clkbuf_16)
     2    0.041516    0.095449    0.227719    0.235972 ^ clkbuf_0_clk_i/X (sky130_fd_sc_hd__clkbuf_16)
                                                         clknet_0_clk_i (net)
                      0.095593    0.002371    0.238343 ^ clkbuf_1_0__f_clk_i/A (sky130_fd_sc_hd__clkbuf_16)
     1    0.066718    0.130297    0.282810    0.521154 ^ clkbuf_1_0__f_clk_i/X (sky130_fd_sc_hd__clkbuf_16)
                                                         clknet_1_0__leaf_clk_i (net)
                      0.183656    0.024097    0.545251 ^ u_sram/clk0 (sky130_sram_1kbyte_1rw1r_32x256_8)
                                  0.250000    0.795251   clock uncertainty
                                  0.000000    0.795251   clock reconvergence pessimism
                                 -0.056000    0.739251   library hold time
                                              0.739251   data required time
---------------------------------------------------------------------------------------------
                                              0.739251   data required time
                                             -2.000602   data arrival time
---------------------------------------------------------------------------------------------
                                              1.261352   slack (MET)


Startpoint: axi_wdata_i[4] (input port clocked by clk_i)
Endpoint: u_sram (falling edge-triggered flip-flop clocked by clk_i)
Path Group: clk_i
Path Type: min

Fanout         Cap        Slew       Delay        Time   Description
---------------------------------------------------------------------------------------------
                                  0.000000    0.000000   clock clk_i (rise edge)
                                  0.000000    0.000000   clock network delay (propagated)
                                  2.000000    2.000000 ^ input external delay
     1    0.014167    0.000000    0.000000    2.000000 ^ axi_wdata_i[4] (in)
                                                         axi_wdata_i[4] (net)
                      0.002545    0.000602    2.000602 ^ u_sram/din0[4] (sky130_sram_1kbyte_1rw1r_32x256_8)
                                              2.000602   data arrival time

                                  0.000000    0.000000   clock clk_i (rise edge)
                                  0.000000    0.000000   clock source latency
     2    0.082830    0.000000    0.000000    0.000000 ^ clk_i (in)
                                                         clk_i (net)
                      0.016506    0.008253    0.008253 ^ clkbuf_0_clk_i/A (sky130_fd_sc_hd__clkbuf_16)
     2    0.041516    0.095449    0.227719    0.235972 ^ clkbuf_0_clk_i/X (sky130_fd_sc_hd__clkbuf_16)
                                                         clknet_0_clk_i (net)
                      0.095593    0.002371    0.238343 ^ clkbuf_1_0__f_clk_i/A (sky130_fd_sc_hd__clkbuf_16)
     1    0.066718    0.130297    0.282810    0.521154 ^ clkbuf_1_0__f_clk_i/X (sky130_fd_sc_hd__clkbuf_16)
                                                         clknet_1_0__leaf_clk_i (net)
                      0.183656    0.024097    0.545251 ^ u_sram/clk0 (sky130_sram_1kbyte_1rw1r_32x256_8)
                                  0.250000    0.795251   clock uncertainty
                                  0.000000    0.795251   clock reconvergence pessimism
                                 -0.056000    0.739251   library hold time
                                              0.739251   data required time
---------------------------------------------------------------------------------------------
                                              0.739251   data required time
                                             -2.000602   data arrival time
---------------------------------------------------------------------------------------------
                                              1.261352   slack (MET)


Startpoint: axi_wdata_i[1] (input port clocked by clk_i)
Endpoint: u_sram (falling edge-triggered flip-flop clocked by clk_i)
Path Group: clk_i
Path Type: min

Fanout         Cap        Slew       Delay        Time   Description
---------------------------------------------------------------------------------------------
                                  0.000000    0.000000   clock clk_i (rise edge)
                                  0.000000    0.000000   clock network delay (propagated)
                                  2.000000    2.000000 ^ input external delay
     1    0.014204    0.000000    0.000000    2.000000 ^ axi_wdata_i[1] (in)
                                                         axi_wdata_i[1] (net)
                      0.002554    0.000604    2.000604 ^ u_sram/din0[1] (sky130_sram_1kbyte_1rw1r_32x256_8)
                                              2.000604   data arrival time

                                  0.000000    0.000000   clock clk_i (rise edge)
                                  0.000000    0.000000   clock source latency
     2    0.082830    0.000000    0.000000    0.000000 ^ clk_i (in)
                                                         clk_i (net)
                      0.016506    0.008253    0.008253 ^ clkbuf_0_clk_i/A (sky130_fd_sc_hd__clkbuf_16)
     2    0.041516    0.095449    0.227719    0.235972 ^ clkbuf_0_clk_i/X (sky130_fd_sc_hd__clkbuf_16)
                                                         clknet_0_clk_i (net)
                      0.095593    0.002371    0.238343 ^ clkbuf_1_0__f_clk_i/A (sky130_fd_sc_hd__clkbuf_16)
     1    0.066718    0.130297    0.282810    0.521154 ^ clkbuf_1_0__f_clk_i/X (sky130_fd_sc_hd__clkbuf_16)
                                                         clknet_1_0__leaf_clk_i (net)
                      0.183656    0.024097    0.545251 ^ u_sram/clk0 (sky130_sram_1kbyte_1rw1r_32x256_8)
                                  0.250000    0.795251   clock uncertainty
                                  0.000000    0.795251   clock reconvergence pessimism
                                 -0.056000    0.739251   library hold time
                                              0.739251   data required time
---------------------------------------------------------------------------------------------
                                              0.739251   data required time
                                             -2.000604   data arrival time
---------------------------------------------------------------------------------------------
                                              1.261354   slack (MET)


Startpoint: axi_wdata_i[5] (input port clocked by clk_i)
Endpoint: u_sram (falling edge-triggered flip-flop clocked by clk_i)
Path Group: clk_i
Path Type: min

Fanout         Cap        Slew       Delay        Time   Description
---------------------------------------------------------------------------------------------
                                  0.000000    0.000000   clock clk_i (rise edge)
                                  0.000000    0.000000   clock network delay (propagated)
                                  2.000000    2.000000 ^ input external delay
     1    0.014187    0.000000    0.000000    2.000000 ^ axi_wdata_i[5] (in)
                                                         axi_wdata_i[5] (net)
                      0.002551    0.000604    2.000604 ^ u_sram/din0[5] (sky130_sram_1kbyte_1rw1r_32x256_8)
                                              2.000604   data arrival time

                                  0.000000    0.000000   clock clk_i (rise edge)
                                  0.000000    0.000000   clock source latency
     2    0.082830    0.000000    0.000000    0.000000 ^ clk_i (in)
                                                         clk_i (net)
                      0.016506    0.008253    0.008253 ^ clkbuf_0_clk_i/A (sky130_fd_sc_hd__clkbuf_16)
     2    0.041516    0.095449    0.227719    0.235972 ^ clkbuf_0_clk_i/X (sky130_fd_sc_hd__clkbuf_16)
                                                         clknet_0_clk_i (net)
                      0.095593    0.002371    0.238343 ^ clkbuf_1_0__f_clk_i/A (sky130_fd_sc_hd__clkbuf_16)
     1    0.066718    0.130297    0.282810    0.521154 ^ clkbuf_1_0__f_clk_i/X (sky130_fd_sc_hd__clkbuf_16)
                                                         clknet_1_0__leaf_clk_i (net)
                      0.183656    0.024097    0.545251 ^ u_sram/clk0 (sky130_sram_1kbyte_1rw1r_32x256_8)
                                  0.250000    0.795251   clock uncertainty
                                  0.000000    0.795251   clock reconvergence pessimism
                                 -0.056000    0.739251   library hold time
                                              0.739251   data required time
---------------------------------------------------------------------------------------------
                                              0.739251   data required time
                                             -2.000604   data arrival time
---------------------------------------------------------------------------------------------
                                              1.261353   slack (MET)


Startpoint: axi_wdata_i[2] (input port clocked by clk_i)
Endpoint: u_sram (falling edge-triggered flip-flop clocked by clk_i)
Path Group: clk_i
Path Type: min

Fanout         Cap        Slew       Delay        Time   Description
---------------------------------------------------------------------------------------------
                                  0.000000    0.000000   clock clk_i (rise edge)
                                  0.000000    0.000000   clock network delay (propagated)
                                  2.000000    2.000000 ^ input external delay
     1    0.014218    0.000000    0.000000    2.000000 ^ axi_wdata_i[2] (in)
                                                         axi_wdata_i[2] (net)
                      0.002558    0.000605    2.000605 ^ u_sram/din0[2] (sky130_sram_1kbyte_1rw1r_32x256_8)
                                              2.000605   data arrival time

                                  0.000000    0.000000   clock clk_i (rise edge)
                                  0.000000    0.000000   clock source latency
     2    0.082830    0.000000    0.000000    0.000000 ^ clk_i (in)
                                                         clk_i (net)
                      0.016506    0.008253    0.008253 ^ clkbuf_0_clk_i/A (sky130_fd_sc_hd__clkbuf_16)
     2    0.041516    0.095449    0.227719    0.235972 ^ clkbuf_0_clk_i/X (sky130_fd_sc_hd__clkbuf_16)
                                                         clknet_0_clk_i (net)
                      0.095593    0.002371    0.238343 ^ clkbuf_1_0__f_clk_i/A (sky130_fd_sc_hd__clkbuf_16)
     1    0.066718    0.130297    0.282810    0.521154 ^ clkbuf_1_0__f_clk_i/X (sky130_fd_sc_hd__clkbuf_16)
                                                         clknet_1_0__leaf_clk_i (net)
                      0.183656    0.024097    0.545251 ^ u_sram/clk0 (sky130_sram_1kbyte_1rw1r_32x256_8)
                                  0.250000    0.795251   clock uncertainty
                                  0.000000    0.795251   clock reconvergence pessimism
                                 -0.056000    0.739251   library hold time
                                              0.739251   data required time
---------------------------------------------------------------------------------------------
                                              0.739251   data required time
                                             -2.000605   data arrival time
---------------------------------------------------------------------------------------------
                                              1.261354   slack (MET)


Startpoint: axi_wdata_i[15] (input port clocked by clk_i)
Endpoint: u_sram (falling edge-triggered flip-flop clocked by clk_i)
Path Group: clk_i
Path Type: min

Fanout         Cap        Slew       Delay        Time   Description
---------------------------------------------------------------------------------------------
                                  0.000000    0.000000   clock clk_i (rise edge)
                                  0.000000    0.000000   clock network delay (propagated)
                                  2.000000    2.000000 ^ input external delay
     1    0.014279    0.000000    0.000000    2.000000 ^ axi_wdata_i[15] (in)
                                                         axi_wdata_i[15] (net)
                      0.002587    0.000612    2.000612 ^ u_sram/din0[15] (sky130_sram_1kbyte_1rw1r_32x256_8)
                                              2.000612   data arrival time

                                  0.000000    0.000000   clock clk_i (rise edge)
                                  0.000000    0.000000   clock source latency
     2    0.082830    0.000000    0.000000    0.000000 ^ clk_i (in)
                                                         clk_i (net)
                      0.016506    0.008253    0.008253 ^ clkbuf_0_clk_i/A (sky130_fd_sc_hd__clkbuf_16)
     2    0.041516    0.095449    0.227719    0.235972 ^ clkbuf_0_clk_i/X (sky130_fd_sc_hd__clkbuf_16)
                                                         clknet_0_clk_i (net)
                      0.095593    0.002371    0.238343 ^ clkbuf_1_0__f_clk_i/A (sky130_fd_sc_hd__clkbuf_16)
     1    0.066718    0.130297    0.282810    0.521154 ^ clkbuf_1_0__f_clk_i/X (sky130_fd_sc_hd__clkbuf_16)
                                                         clknet_1_0__leaf_clk_i (net)
                      0.183656    0.024097    0.545251 ^ u_sram/clk0 (sky130_sram_1kbyte_1rw1r_32x256_8)
                                  0.250000    0.795251   clock uncertainty
                                  0.000000    0.795251   clock reconvergence pessimism
                                 -0.056000    0.739251   library hold time
                                              0.739251   data required time
---------------------------------------------------------------------------------------------
                                              0.739251   data required time
                                             -2.000612   data arrival time
---------------------------------------------------------------------------------------------
                                              1.261361   slack (MET)


Startpoint: axi_wdata_i[24] (input port clocked by clk_i)
Endpoint: u_sram (falling edge-triggered flip-flop clocked by clk_i)
Path Group: clk_i
Path Type: min

Fanout         Cap        Slew       Delay        Time   Description
---------------------------------------------------------------------------------------------
                                  0.000000    0.000000   clock clk_i (rise edge)
                                  0.000000    0.000000   clock network delay (propagated)
                                  2.000000    2.000000 ^ input external delay
     1    0.014665    0.000000    0.000000    2.000000 ^ axi_wdata_i[24] (in)
                                                         axi_wdata_i[24] (net)
                      0.002664    0.000630    2.000630 ^ u_sram/din0[24] (sky130_sram_1kbyte_1rw1r_32x256_8)
                                              2.000630   data arrival time

                                  0.000000    0.000000   clock clk_i (rise edge)
                                  0.000000    0.000000   clock source latency
     2    0.082830    0.000000    0.000000    0.000000 ^ clk_i (in)
                                                         clk_i (net)
                      0.016506    0.008253    0.008253 ^ clkbuf_0_clk_i/A (sky130_fd_sc_hd__clkbuf_16)
     2    0.041516    0.095449    0.227719    0.235972 ^ clkbuf_0_clk_i/X (sky130_fd_sc_hd__clkbuf_16)
                                                         clknet_0_clk_i (net)
                      0.095593    0.002371    0.238343 ^ clkbuf_1_0__f_clk_i/A (sky130_fd_sc_hd__clkbuf_16)
     1    0.066718    0.130297    0.282810    0.521154 ^ clkbuf_1_0__f_clk_i/X (sky130_fd_sc_hd__clkbuf_16)
                                                         clknet_1_0__leaf_clk_i (net)
                      0.183656    0.024097    0.545251 ^ u_sram/clk0 (sky130_sram_1kbyte_1rw1r_32x256_8)
                                  0.250000    0.795251   clock uncertainty
                                  0.000000    0.795251   clock reconvergence pessimism
                                 -0.056000    0.739251   library hold time
                                              0.739251   data required time
---------------------------------------------------------------------------------------------
                                              0.739251   data required time
                                             -2.000630   data arrival time
---------------------------------------------------------------------------------------------
                                              1.261380   slack (MET)


Startpoint: axi_wdata_i[28] (input port clocked by clk_i)
Endpoint: u_sram (falling edge-triggered flip-flop clocked by clk_i)
Path Group: clk_i
Path Type: min

Fanout         Cap        Slew       Delay        Time   Description
---------------------------------------------------------------------------------------------
                                  0.000000    0.000000   clock clk_i (rise edge)
                                  0.000000    0.000000   clock network delay (propagated)
                                  2.000000    2.000000 ^ input external delay
     1    0.014834    0.000000    0.000000    2.000000 ^ axi_wdata_i[28] (in)
                                                         axi_wdata_i[28] (net)
                      0.002702    0.000639    2.000639 ^ u_sram/din0[28] (sky130_sram_1kbyte_1rw1r_32x256_8)
                                              2.000639   data arrival time

                                  0.000000    0.000000   clock clk_i (rise edge)
                                  0.000000    0.000000   clock source latency
     2    0.082830    0.000000    0.000000    0.000000 ^ clk_i (in)
                                                         clk_i (net)
                      0.016506    0.008253    0.008253 ^ clkbuf_0_clk_i/A (sky130_fd_sc_hd__clkbuf_16)
     2    0.041516    0.095449    0.227719    0.235972 ^ clkbuf_0_clk_i/X (sky130_fd_sc_hd__clkbuf_16)
                                                         clknet_0_clk_i (net)
                      0.095593    0.002371    0.238343 ^ clkbuf_1_0__f_clk_i/A (sky130_fd_sc_hd__clkbuf_16)
     1    0.066718    0.130297    0.282810    0.521154 ^ clkbuf_1_0__f_clk_i/X (sky130_fd_sc_hd__clkbuf_16)
                                                         clknet_1_0__leaf_clk_i (net)
                      0.183656    0.024097    0.545251 ^ u_sram/clk0 (sky130_sram_1kbyte_1rw1r_32x256_8)
                                  0.250000    0.795251   clock uncertainty
                                  0.000000    0.795251   clock reconvergence pessimism
                                 -0.056000    0.739251   library hold time
                                              0.739251   data required time
---------------------------------------------------------------------------------------------
                                              0.739251   data required time
                                             -2.000639   data arrival time
---------------------------------------------------------------------------------------------
                                              1.261389   slack (MET)


Startpoint: axi_wdata_i[20] (input port clocked by clk_i)
Endpoint: u_sram (falling edge-triggered flip-flop clocked by clk_i)
Path Group: clk_i
Path Type: min

Fanout         Cap        Slew       Delay        Time   Description
---------------------------------------------------------------------------------------------
                                  0.000000    0.000000   clock clk_i (rise edge)
                                  0.000000    0.000000   clock network delay (propagated)
                                  2.000000    2.000000 ^ input external delay
     1    0.015314    0.000000    0.000000    2.000000 ^ axi_wdata_i[20] (in)
                                                         axi_wdata_i[20] (net)
                      0.002784    0.000659    2.000659 ^ u_sram/din0[20] (sky130_sram_1kbyte_1rw1r_32x256_8)
                                              2.000659   data arrival time

                                  0.000000    0.000000   clock clk_i (rise edge)
                                  0.000000    0.000000   clock source latency
     2    0.082830    0.000000    0.000000    0.000000 ^ clk_i (in)
                                                         clk_i (net)
                      0.016506    0.008253    0.008253 ^ clkbuf_0_clk_i/A (sky130_fd_sc_hd__clkbuf_16)
     2    0.041516    0.095449    0.227719    0.235972 ^ clkbuf_0_clk_i/X (sky130_fd_sc_hd__clkbuf_16)
                                                         clknet_0_clk_i (net)
                      0.095593    0.002371    0.238343 ^ clkbuf_1_0__f_clk_i/A (sky130_fd_sc_hd__clkbuf_16)
     1    0.066718    0.130297    0.282810    0.521154 ^ clkbuf_1_0__f_clk_i/X (sky130_fd_sc_hd__clkbuf_16)
                                                         clknet_1_0__leaf_clk_i (net)
                      0.183656    0.024097    0.545251 ^ u_sram/clk0 (sky130_sram_1kbyte_1rw1r_32x256_8)
                                  0.250000    0.795251   clock uncertainty
                                  0.000000    0.795251   clock reconvergence pessimism
                                 -0.056000    0.739251   library hold time
                                              0.739251   data required time
---------------------------------------------------------------------------------------------
                                              0.739251   data required time
                                             -2.000659   data arrival time
---------------------------------------------------------------------------------------------
                                              1.261408   slack (MET)


Startpoint: axi_wdata_i[16] (input port clocked by clk_i)
Endpoint: u_sram (falling edge-triggered flip-flop clocked by clk_i)
Path Group: clk_i
Path Type: min

Fanout         Cap        Slew       Delay        Time   Description
---------------------------------------------------------------------------------------------
                                  0.000000    0.000000   clock clk_i (rise edge)
                                  0.000000    0.000000   clock network delay (propagated)
                                  2.000000    2.000000 ^ input external delay
     1    0.015344    0.000000    0.000000    2.000000 ^ axi_wdata_i[16] (in)
                                                         axi_wdata_i[16] (net)
                      0.002790    0.000660    2.000660 ^ u_sram/din0[16] (sky130_sram_1kbyte_1rw1r_32x256_8)
                                              2.000660   data arrival time

                                  0.000000    0.000000   clock clk_i (rise edge)
                                  0.000000    0.000000   clock source latency
     2    0.082830    0.000000    0.000000    0.000000 ^ clk_i (in)
                                                         clk_i (net)
                      0.016506    0.008253    0.008253 ^ clkbuf_0_clk_i/A (sky130_fd_sc_hd__clkbuf_16)
     2    0.041516    0.095449    0.227719    0.235972 ^ clkbuf_0_clk_i/X (sky130_fd_sc_hd__clkbuf_16)
                                                         clknet_0_clk_i (net)
                      0.095593    0.002371    0.238343 ^ clkbuf_1_0__f_clk_i/A (sky130_fd_sc_hd__clkbuf_16)
     1    0.066718    0.130297    0.282810    0.521154 ^ clkbuf_1_0__f_clk_i/X (sky130_fd_sc_hd__clkbuf_16)
                                                         clknet_1_0__leaf_clk_i (net)
                      0.183656    0.024097    0.545251 ^ u_sram/clk0 (sky130_sram_1kbyte_1rw1r_32x256_8)
                                  0.250000    0.795251   clock uncertainty
                                  0.000000    0.795251   clock reconvergence pessimism
                                 -0.056000    0.739251   library hold time
                                              0.739251   data required time
---------------------------------------------------------------------------------------------
                                              0.739251   data required time
                                             -2.000660   data arrival time
---------------------------------------------------------------------------------------------
                                              1.261410   slack (MET)


Startpoint: axi_wdata_i[17] (input port clocked by clk_i)
Endpoint: u_sram (falling edge-triggered flip-flop clocked by clk_i)
Path Group: clk_i
Path Type: min

Fanout         Cap        Slew       Delay        Time   Description
---------------------------------------------------------------------------------------------
                                  0.000000    0.000000   clock clk_i (rise edge)
                                  0.000000    0.000000   clock network delay (propagated)
                                  2.000000    2.000000 ^ input external delay
     1    0.015345    0.000000    0.000000    2.000000 ^ axi_wdata_i[17] (in)
                                                         axi_wdata_i[17] (net)
                      0.002792    0.000661    2.000661 ^ u_sram/din0[17] (sky130_sram_1kbyte_1rw1r_32x256_8)
                                              2.000661   data arrival time

                                  0.000000    0.000000   clock clk_i (rise edge)
                                  0.000000    0.000000   clock source latency
     2    0.082830    0.000000    0.000000    0.000000 ^ clk_i (in)
                                                         clk_i (net)
                      0.016506    0.008253    0.008253 ^ clkbuf_0_clk_i/A (sky130_fd_sc_hd__clkbuf_16)
     2    0.041516    0.095449    0.227719    0.235972 ^ clkbuf_0_clk_i/X (sky130_fd_sc_hd__clkbuf_16)
                                                         clknet_0_clk_i (net)
                      0.095593    0.002371    0.238343 ^ clkbuf_1_0__f_clk_i/A (sky130_fd_sc_hd__clkbuf_16)
     1    0.066718    0.130297    0.282810    0.521154 ^ clkbuf_1_0__f_clk_i/X (sky130_fd_sc_hd__clkbuf_16)
                                                         clknet_1_0__leaf_clk_i (net)
                      0.183656    0.024097    0.545251 ^ u_sram/clk0 (sky130_sram_1kbyte_1rw1r_32x256_8)
                                  0.250000    0.795251   clock uncertainty
                                  0.000000    0.795251   clock reconvergence pessimism
                                 -0.056000    0.739251   library hold time
                                              0.739251   data required time
---------------------------------------------------------------------------------------------
                                              0.739251   data required time
                                             -2.000661   data arrival time
---------------------------------------------------------------------------------------------
                                              1.261410   slack (MET)


Startpoint: axi_wdata_i[29] (input port clocked by clk_i)
Endpoint: u_sram (falling edge-triggered flip-flop clocked by clk_i)
Path Group: clk_i
Path Type: min

Fanout         Cap        Slew       Delay        Time   Description
---------------------------------------------------------------------------------------------
                                  0.000000    0.000000   clock clk_i (rise edge)
                                  0.000000    0.000000   clock network delay (propagated)
                                  2.000000    2.000000 ^ input external delay
     1    0.015342    0.000000    0.000000    2.000000 ^ axi_wdata_i[29] (in)
                                                         axi_wdata_i[29] (net)
                      0.002789    0.000660    2.000660 ^ u_sram/din0[29] (sky130_sram_1kbyte_1rw1r_32x256_8)
                                              2.000660   data arrival time

                                  0.000000    0.000000   clock clk_i (rise edge)
                                  0.000000    0.000000   clock source latency
     2    0.082830    0.000000    0.000000    0.000000 ^ clk_i (in)
                                                         clk_i (net)
                      0.016506    0.008253    0.008253 ^ clkbuf_0_clk_i/A (sky130_fd_sc_hd__clkbuf_16)
     2    0.041516    0.095449    0.227719    0.235972 ^ clkbuf_0_clk_i/X (sky130_fd_sc_hd__clkbuf_16)
                                                         clknet_0_clk_i (net)
                      0.095593    0.002371    0.238343 ^ clkbuf_1_0__f_clk_i/A (sky130_fd_sc_hd__clkbuf_16)
     1    0.066718    0.130297    0.282810    0.521154 ^ clkbuf_1_0__f_clk_i/X (sky130_fd_sc_hd__clkbuf_16)
                                                         clknet_1_0__leaf_clk_i (net)
                      0.183656    0.024097    0.545251 ^ u_sram/clk0 (sky130_sram_1kbyte_1rw1r_32x256_8)
                                  0.250000    0.795251   clock uncertainty
                                  0.000000    0.795251   clock reconvergence pessimism
                                 -0.056000    0.739251   library hold time
                                              0.739251   data required time
---------------------------------------------------------------------------------------------
                                              0.739251   data required time
                                             -2.000660   data arrival time
---------------------------------------------------------------------------------------------
                                              1.261409   slack (MET)


Startpoint: axi_wdata_i[18] (input port clocked by clk_i)
Endpoint: u_sram (falling edge-triggered flip-flop clocked by clk_i)
Path Group: clk_i
Path Type: min

Fanout         Cap        Slew       Delay        Time   Description
---------------------------------------------------------------------------------------------
                                  0.000000    0.000000   clock clk_i (rise edge)
                                  0.000000    0.000000   clock network delay (propagated)
                                  2.000000    2.000000 ^ input external delay
     1    0.015366    0.000000    0.000000    2.000000 ^ axi_wdata_i[18] (in)
                                                         axi_wdata_i[18] (net)
                      0.002797    0.000662    2.000662 ^ u_sram/din0[18] (sky130_sram_1kbyte_1rw1r_32x256_8)
                                              2.000662   data arrival time

                                  0.000000    0.000000   clock clk_i (rise edge)
                                  0.000000    0.000000   clock source latency
     2    0.082830    0.000000    0.000000    0.000000 ^ clk_i (in)
                                                         clk_i (net)
                      0.016506    0.008253    0.008253 ^ clkbuf_0_clk_i/A (sky130_fd_sc_hd__clkbuf_16)
     2    0.041516    0.095449    0.227719    0.235972 ^ clkbuf_0_clk_i/X (sky130_fd_sc_hd__clkbuf_16)
                                                         clknet_0_clk_i (net)
                      0.095593    0.002371    0.238343 ^ clkbuf_1_0__f_clk_i/A (sky130_fd_sc_hd__clkbuf_16)
     1    0.066718    0.130297    0.282810    0.521154 ^ clkbuf_1_0__f_clk_i/X (sky130_fd_sc_hd__clkbuf_16)
                                                         clknet_1_0__leaf_clk_i (net)
                      0.183656    0.024097    0.545251 ^ u_sram/clk0 (sky130_sram_1kbyte_1rw1r_32x256_8)
                                  0.250000    0.795251   clock uncertainty
                                  0.000000    0.795251   clock reconvergence pessimism
                                 -0.056000    0.739251   library hold time
                                              0.739251   data required time
---------------------------------------------------------------------------------------------
                                              0.739251   data required time
                                             -2.000662   data arrival time
---------------------------------------------------------------------------------------------
                                              1.261411   slack (MET)


Startpoint: axi_wdata_i[22] (input port clocked by clk_i)
Endpoint: u_sram (falling edge-triggered flip-flop clocked by clk_i)
Path Group: clk_i
Path Type: min

Fanout         Cap        Slew       Delay        Time   Description
---------------------------------------------------------------------------------------------
                                  0.000000    0.000000   clock clk_i (rise edge)
                                  0.000000    0.000000   clock network delay (propagated)
                                  2.000000    2.000000 ^ input external delay
     1    0.015359    0.000000    0.000000    2.000000 ^ axi_wdata_i[22] (in)
                                                         axi_wdata_i[22] (net)
                      0.002794    0.000661    2.000661 ^ u_sram/din0[22] (sky130_sram_1kbyte_1rw1r_32x256_8)
                                              2.000661   data arrival time

                                  0.000000    0.000000   clock clk_i (rise edge)
                                  0.000000    0.000000   clock source latency
     2    0.082830    0.000000    0.000000    0.000000 ^ clk_i (in)
                                                         clk_i (net)
                      0.016506    0.008253    0.008253 ^ clkbuf_0_clk_i/A (sky130_fd_sc_hd__clkbuf_16)
     2    0.041516    0.095449    0.227719    0.235972 ^ clkbuf_0_clk_i/X (sky130_fd_sc_hd__clkbuf_16)
                                                         clknet_0_clk_i (net)
                      0.095593    0.002371    0.238343 ^ clkbuf_1_0__f_clk_i/A (sky130_fd_sc_hd__clkbuf_16)
     1    0.066718    0.130297    0.282810    0.521154 ^ clkbuf_1_0__f_clk_i/X (sky130_fd_sc_hd__clkbuf_16)
                                                         clknet_1_0__leaf_clk_i (net)
                      0.183656    0.024097    0.545251 ^ u_sram/clk0 (sky130_sram_1kbyte_1rw1r_32x256_8)
                                  0.250000    0.795251   clock uncertainty
                                  0.000000    0.795251   clock reconvergence pessimism
                                 -0.056000    0.739251   library hold time
                                              0.739251   data required time
---------------------------------------------------------------------------------------------
                                              0.739251   data required time
                                             -2.000661   data arrival time
---------------------------------------------------------------------------------------------
                                              1.261410   slack (MET)


Startpoint: axi_wdata_i[26] (input port clocked by clk_i)
Endpoint: u_sram (falling edge-triggered flip-flop clocked by clk_i)
Path Group: clk_i
Path Type: min

Fanout         Cap        Slew       Delay        Time   Description
---------------------------------------------------------------------------------------------
                                  0.000000    0.000000   clock clk_i (rise edge)
                                  0.000000    0.000000   clock network delay (propagated)
                                  2.000000    2.000000 ^ input external delay
     1    0.015382    0.000000    0.000000    2.000000 ^ axi_wdata_i[26] (in)
                                                         axi_wdata_i[26] (net)
                      0.002799    0.000662    2.000662 ^ u_sram/din0[26] (sky130_sram_1kbyte_1rw1r_32x256_8)
                                              2.000662   data arrival time

                                  0.000000    0.000000   clock clk_i (rise edge)
                                  0.000000    0.000000   clock source latency
     2    0.082830    0.000000    0.000000    0.000000 ^ clk_i (in)
                                                         clk_i (net)
                      0.016506    0.008253    0.008253 ^ clkbuf_0_clk_i/A (sky130_fd_sc_hd__clkbuf_16)
     2    0.041516    0.095449    0.227719    0.235972 ^ clkbuf_0_clk_i/X (sky130_fd_sc_hd__clkbuf_16)
                                                         clknet_0_clk_i (net)
                      0.095593    0.002371    0.238343 ^ clkbuf_1_0__f_clk_i/A (sky130_fd_sc_hd__clkbuf_16)
     1    0.066718    0.130297    0.282810    0.521154 ^ clkbuf_1_0__f_clk_i/X (sky130_fd_sc_hd__clkbuf_16)
                                                         clknet_1_0__leaf_clk_i (net)
                      0.183656    0.024097    0.545251 ^ u_sram/clk0 (sky130_sram_1kbyte_1rw1r_32x256_8)
                                  0.250000    0.795251   clock uncertainty
                                  0.000000    0.795251   clock reconvergence pessimism
                                 -0.056000    0.739251   library hold time
                                              0.739251   data required time
---------------------------------------------------------------------------------------------
                                              0.739251   data required time
                                             -2.000662   data arrival time
---------------------------------------------------------------------------------------------
                                              1.261412   slack (MET)


Startpoint: axi_wdata_i[19] (input port clocked by clk_i)
Endpoint: u_sram (falling edge-triggered flip-flop clocked by clk_i)
Path Group: clk_i
Path Type: min

Fanout         Cap        Slew       Delay        Time   Description
---------------------------------------------------------------------------------------------
                                  0.000000    0.000000   clock clk_i (rise edge)
                                  0.000000    0.000000   clock network delay (propagated)
                                  2.000000    2.000000 ^ input external delay
     1    0.015448    0.000000    0.000000    2.000000 ^ axi_wdata_i[19] (in)
                                                         axi_wdata_i[19] (net)
                      0.002832    0.000670    2.000670 ^ u_sram/din0[19] (sky130_sram_1kbyte_1rw1r_32x256_8)
                                              2.000670   data arrival time

                                  0.000000    0.000000   clock clk_i (rise edge)
                                  0.000000    0.000000   clock source latency
     2    0.082830    0.000000    0.000000    0.000000 ^ clk_i (in)
                                                         clk_i (net)
                      0.016506    0.008253    0.008253 ^ clkbuf_0_clk_i/A (sky130_fd_sc_hd__clkbuf_16)
     2    0.041516    0.095449    0.227719    0.235972 ^ clkbuf_0_clk_i/X (sky130_fd_sc_hd__clkbuf_16)
                                                         clknet_0_clk_i (net)
                      0.095593    0.002371    0.238343 ^ clkbuf_1_0__f_clk_i/A (sky130_fd_sc_hd__clkbuf_16)
     1    0.066718    0.130297    0.282810    0.521154 ^ clkbuf_1_0__f_clk_i/X (sky130_fd_sc_hd__clkbuf_16)
                                                         clknet_1_0__leaf_clk_i (net)
                      0.183656    0.024097    0.545251 ^ u_sram/clk0 (sky130_sram_1kbyte_1rw1r_32x256_8)
                                  0.250000    0.795251   clock uncertainty
                                  0.000000    0.795251   clock reconvergence pessimism
                                 -0.056000    0.739251   library hold time
                                              0.739251   data required time
---------------------------------------------------------------------------------------------
                                              0.739251   data required time
                                             -2.000670   data arrival time
---------------------------------------------------------------------------------------------
                                              1.261420   slack (MET)


Startpoint: axi_wdata_i[21] (input port clocked by clk_i)
Endpoint: u_sram (falling edge-triggered flip-flop clocked by clk_i)
Path Group: clk_i
Path Type: min

Fanout         Cap        Slew       Delay        Time   Description
---------------------------------------------------------------------------------------------
                                  0.000000    0.000000   clock clk_i (rise edge)
                                  0.000000    0.000000   clock network delay (propagated)
                                  2.000000    2.000000 ^ input external delay
     1    0.015599    0.000000    0.000000    2.000000 ^ axi_wdata_i[21] (in)
                                                         axi_wdata_i[21] (net)
                      0.002844    0.000673    2.000673 ^ u_sram/din0[21] (sky130_sram_1kbyte_1rw1r_32x256_8)
                                              2.000673   data arrival time

                                  0.000000    0.000000   clock clk_i (rise edge)
                                  0.000000    0.000000   clock source latency
     2    0.082830    0.000000    0.000000    0.000000 ^ clk_i (in)
                                                         clk_i (net)
                      0.016506    0.008253    0.008253 ^ clkbuf_0_clk_i/A (sky130_fd_sc_hd__clkbuf_16)
     2    0.041516    0.095449    0.227719    0.235972 ^ clkbuf_0_clk_i/X (sky130_fd_sc_hd__clkbuf_16)
                                                         clknet_0_clk_i (net)
                      0.095593    0.002371    0.238343 ^ clkbuf_1_0__f_clk_i/A (sky130_fd_sc_hd__clkbuf_16)
     1    0.066718    0.130297    0.282810    0.521154 ^ clkbuf_1_0__f_clk_i/X (sky130_fd_sc_hd__clkbuf_16)
                                                         clknet_1_0__leaf_clk_i (net)
                      0.183656    0.024097    0.545251 ^ u_sram/clk0 (sky130_sram_1kbyte_1rw1r_32x256_8)
                                  0.250000    0.795251   clock uncertainty
                                  0.000000    0.795251   clock reconvergence pessimism
                                 -0.056000    0.739251   library hold time
                                              0.739251   data required time
---------------------------------------------------------------------------------------------
                                              0.739251   data required time
                                             -2.000673   data arrival time
---------------------------------------------------------------------------------------------
                                              1.261422   slack (MET)


Startpoint: axi_wdata_i[6] (input port clocked by clk_i)
Endpoint: u_sram (falling edge-triggered flip-flop clocked by clk_i)
Path Group: clk_i
Path Type: min

Fanout         Cap        Slew       Delay        Time   Description
---------------------------------------------------------------------------------------------
                                  0.000000    0.000000   clock clk_i (rise edge)
                                  0.000000    0.000000   clock network delay (propagated)
                                  2.000000    2.000000 ^ input external delay
     1    0.015609    0.000000    0.000000    2.000000 ^ axi_wdata_i[6] (in)
                                                         axi_wdata_i[6] (net)
                      0.002845    0.000673    2.000673 ^ u_sram/din0[6] (sky130_sram_1kbyte_1rw1r_32x256_8)
                                              2.000673   data arrival time

                                  0.000000    0.000000   clock clk_i (rise edge)
                                  0.000000    0.000000   clock source latency
     2    0.082830    0.000000    0.000000    0.000000 ^ clk_i (in)
                                                         clk_i (net)
                      0.016506    0.008253    0.008253 ^ clkbuf_0_clk_i/A (sky130_fd_sc_hd__clkbuf_16)
     2    0.041516    0.095449    0.227719    0.235972 ^ clkbuf_0_clk_i/X (sky130_fd_sc_hd__clkbuf_16)
                                                         clknet_0_clk_i (net)
                      0.095593    0.002371    0.238343 ^ clkbuf_1_0__f_clk_i/A (sky130_fd_sc_hd__clkbuf_16)
     1    0.066718    0.130297    0.282810    0.521154 ^ clkbuf_1_0__f_clk_i/X (sky130_fd_sc_hd__clkbuf_16)
                                                         clknet_1_0__leaf_clk_i (net)
                      0.183656    0.024097    0.545251 ^ u_sram/clk0 (sky130_sram_1kbyte_1rw1r_32x256_8)
                                  0.250000    0.795251   clock uncertainty
                                  0.000000    0.795251   clock reconvergence pessimism
                                 -0.056000    0.739251   library hold time
                                              0.739251   data required time
---------------------------------------------------------------------------------------------
                                              0.739251   data required time
                                             -2.000673   data arrival time
---------------------------------------------------------------------------------------------
                                              1.261422   slack (MET)


Startpoint: axi_wdata_i[8] (input port clocked by clk_i)
Endpoint: u_sram (falling edge-triggered flip-flop clocked by clk_i)
Path Group: clk_i
Path Type: min

Fanout         Cap        Slew       Delay        Time   Description
---------------------------------------------------------------------------------------------
                                  0.000000    0.000000   clock clk_i (rise edge)
                                  0.000000    0.000000   clock network delay (propagated)
                                  2.000000    2.000000 ^ input external delay
     1    0.015590    0.000000    0.000000    2.000000 ^ axi_wdata_i[8] (in)
                                                         axi_wdata_i[8] (net)
                      0.002840    0.000672    2.000672 ^ u_sram/din0[8] (sky130_sram_1kbyte_1rw1r_32x256_8)
                                              2.000672   data arrival time

                                  0.000000    0.000000   clock clk_i (rise edge)
                                  0.000000    0.000000   clock source latency
     2    0.082830    0.000000    0.000000    0.000000 ^ clk_i (in)
                                                         clk_i (net)
                      0.016506    0.008253    0.008253 ^ clkbuf_0_clk_i/A (sky130_fd_sc_hd__clkbuf_16)
     2    0.041516    0.095449    0.227719    0.235972 ^ clkbuf_0_clk_i/X (sky130_fd_sc_hd__clkbuf_16)
                                                         clknet_0_clk_i (net)
                      0.095593    0.002371    0.238343 ^ clkbuf_1_0__f_clk_i/A (sky130_fd_sc_hd__clkbuf_16)
     1    0.066718    0.130297    0.282810    0.521154 ^ clkbuf_1_0__f_clk_i/X (sky130_fd_sc_hd__clkbuf_16)
                                                         clknet_1_0__leaf_clk_i (net)
                      0.183656    0.024097    0.545251 ^ u_sram/clk0 (sky130_sram_1kbyte_1rw1r_32x256_8)
                                  0.250000    0.795251   clock uncertainty
                                  0.000000    0.795251   clock reconvergence pessimism
                                 -0.056000    0.739251   library hold time
                                              0.739251   data required time
---------------------------------------------------------------------------------------------
                                              0.739251   data required time
                                             -2.000672   data arrival time
---------------------------------------------------------------------------------------------
                                              1.261421   slack (MET)


Startpoint: axi_wdata_i[7] (input port clocked by clk_i)
Endpoint: u_sram (falling edge-triggered flip-flop clocked by clk_i)
Path Group: clk_i
Path Type: min

Fanout         Cap        Slew       Delay        Time   Description
---------------------------------------------------------------------------------------------
                                  0.000000    0.000000   clock clk_i (rise edge)
                                  0.000000    0.000000   clock network delay (propagated)
                                  2.000000    2.000000 ^ input external delay
     1    0.015606    0.000000    0.000000    2.000000 ^ axi_wdata_i[7] (in)
                                                         axi_wdata_i[7] (net)
                      0.002846    0.000673    2.000673 ^ u_sram/din0[7] (sky130_sram_1kbyte_1rw1r_32x256_8)
                                              2.000673   data arrival time

                                  0.000000    0.000000   clock clk_i (rise edge)
                                  0.000000    0.000000   clock source latency
     2    0.082830    0.000000    0.000000    0.000000 ^ clk_i (in)
                                                         clk_i (net)
                      0.016506    0.008253    0.008253 ^ clkbuf_0_clk_i/A (sky130_fd_sc_hd__clkbuf_16)
     2    0.041516    0.095449    0.227719    0.235972 ^ clkbuf_0_clk_i/X (sky130_fd_sc_hd__clkbuf_16)
                                                         clknet_0_clk_i (net)
                      0.095593    0.002371    0.238343 ^ clkbuf_1_0__f_clk_i/A (sky130_fd_sc_hd__clkbuf_16)
     1    0.066718    0.130297    0.282810    0.521154 ^ clkbuf_1_0__f_clk_i/X (sky130_fd_sc_hd__clkbuf_16)
                                                         clknet_1_0__leaf_clk_i (net)
                      0.183656    0.024097    0.545251 ^ u_sram/clk0 (sky130_sram_1kbyte_1rw1r_32x256_8)
                                  0.250000    0.795251   clock uncertainty
                                  0.000000    0.795251   clock reconvergence pessimism
                                 -0.056000    0.739251   library hold time
                                              0.739251   data required time
---------------------------------------------------------------------------------------------
                                              0.739251   data required time
                                             -2.000673   data arrival time
---------------------------------------------------------------------------------------------
                                              1.261423   slack (MET)


Startpoint: axi_wdata_i[23] (input port clocked by clk_i)
Endpoint: u_sram (falling edge-triggered flip-flop clocked by clk_i)
Path Group: clk_i
Path Type: min

Fanout         Cap        Slew       Delay        Time   Description
---------------------------------------------------------------------------------------------
                                  0.000000    0.000000   clock clk_i (rise edge)
                                  0.000000    0.000000   clock network delay (propagated)
                                  2.000000    2.000000 ^ input external delay
     1    0.015668    0.000000    0.000000    2.000000 ^ axi_wdata_i[23] (in)
                                                         axi_wdata_i[23] (net)
                      0.002875    0.000680    2.000680 ^ u_sram/din0[23] (sky130_sram_1kbyte_1rw1r_32x256_8)
                                              2.000680   data arrival time

                                  0.000000    0.000000   clock clk_i (rise edge)
                                  0.000000    0.000000   clock source latency
     2    0.082830    0.000000    0.000000    0.000000 ^ clk_i (in)
                                                         clk_i (net)
                      0.016506    0.008253    0.008253 ^ clkbuf_0_clk_i/A (sky130_fd_sc_hd__clkbuf_16)
     2    0.041516    0.095449    0.227719    0.235972 ^ clkbuf_0_clk_i/X (sky130_fd_sc_hd__clkbuf_16)
                                                         clknet_0_clk_i (net)
                      0.095593    0.002371    0.238343 ^ clkbuf_1_0__f_clk_i/A (sky130_fd_sc_hd__clkbuf_16)
     1    0.066718    0.130297    0.282810    0.521154 ^ clkbuf_1_0__f_clk_i/X (sky130_fd_sc_hd__clkbuf_16)
                                                         clknet_1_0__leaf_clk_i (net)
                      0.183656    0.024097    0.545251 ^ u_sram/clk0 (sky130_sram_1kbyte_1rw1r_32x256_8)
                                  0.250000    0.795251   clock uncertainty
                                  0.000000    0.795251   clock reconvergence pessimism
                                 -0.056000    0.739251   library hold time
                                              0.739251   data required time
---------------------------------------------------------------------------------------------
                                              0.739251   data required time
                                             -2.000680   data arrival time
---------------------------------------------------------------------------------------------
                                              1.261430   slack (MET)


Startpoint: axi_wdata_i[13] (input port clocked by clk_i)
Endpoint: u_sram (falling edge-triggered flip-flop clocked by clk_i)
Path Group: clk_i
Path Type: min

Fanout         Cap        Slew       Delay        Time   Description
---------------------------------------------------------------------------------------------
                                  0.000000    0.000000   clock clk_i (rise edge)
                                  0.000000    0.000000   clock network delay (propagated)
                                  2.000000    2.000000 ^ input external delay
     1    0.015863    0.000000    0.000000    2.000000 ^ axi_wdata_i[13] (in)
                                                         axi_wdata_i[13] (net)
                      0.002918    0.000690    2.000690 ^ u_sram/din0[13] (sky130_sram_1kbyte_1rw1r_32x256_8)
                                              2.000690   data arrival time

                                  0.000000    0.000000   clock clk_i (rise edge)
                                  0.000000    0.000000   clock source latency
     2    0.082830    0.000000    0.000000    0.000000 ^ clk_i (in)
                                                         clk_i (net)
                      0.016506    0.008253    0.008253 ^ clkbuf_0_clk_i/A (sky130_fd_sc_hd__clkbuf_16)
     2    0.041516    0.095449    0.227719    0.235972 ^ clkbuf_0_clk_i/X (sky130_fd_sc_hd__clkbuf_16)
                                                         clknet_0_clk_i (net)
                      0.095593    0.002371    0.238343 ^ clkbuf_1_0__f_clk_i/A (sky130_fd_sc_hd__clkbuf_16)
     1    0.066718    0.130297    0.282810    0.521154 ^ clkbuf_1_0__f_clk_i/X (sky130_fd_sc_hd__clkbuf_16)
                                                         clknet_1_0__leaf_clk_i (net)
                      0.183656    0.024097    0.545251 ^ u_sram/clk0 (sky130_sram_1kbyte_1rw1r_32x256_8)
                                  0.250000    0.795251   clock uncertainty
                                  0.000000    0.795251   clock reconvergence pessimism
                                 -0.056000    0.739251   library hold time
                                              0.739251   data required time
---------------------------------------------------------------------------------------------
                                              0.739251   data required time
                                             -2.000690   data arrival time
---------------------------------------------------------------------------------------------
                                              1.261440   slack (MET)


Startpoint: axi_wdata_i[9] (input port clocked by clk_i)
Endpoint: u_sram (falling edge-triggered flip-flop clocked by clk_i)
Path Group: clk_i
Path Type: min

Fanout         Cap        Slew       Delay        Time   Description
---------------------------------------------------------------------------------------------
                                  0.000000    0.000000   clock clk_i (rise edge)
                                  0.000000    0.000000   clock network delay (propagated)
                                  2.000000    2.000000 ^ input external delay
     1    0.015868    0.000000    0.000000    2.000000 ^ axi_wdata_i[9] (in)
                                                         axi_wdata_i[9] (net)
                      0.002923    0.000692    2.000692 ^ u_sram/din0[9] (sky130_sram_1kbyte_1rw1r_32x256_8)
                                              2.000692   data arrival time

                                  0.000000    0.000000   clock clk_i (rise edge)
                                  0.000000    0.000000   clock source latency
     2    0.082830    0.000000    0.000000    0.000000 ^ clk_i (in)
                                                         clk_i (net)
                      0.016506    0.008253    0.008253 ^ clkbuf_0_clk_i/A (sky130_fd_sc_hd__clkbuf_16)
     2    0.041516    0.095449    0.227719    0.235972 ^ clkbuf_0_clk_i/X (sky130_fd_sc_hd__clkbuf_16)
                                                         clknet_0_clk_i (net)
                      0.095593    0.002371    0.238343 ^ clkbuf_1_0__f_clk_i/A (sky130_fd_sc_hd__clkbuf_16)
     1    0.066718    0.130297    0.282810    0.521154 ^ clkbuf_1_0__f_clk_i/X (sky130_fd_sc_hd__clkbuf_16)
                                                         clknet_1_0__leaf_clk_i (net)
                      0.183656    0.024097    0.545251 ^ u_sram/clk0 (sky130_sram_1kbyte_1rw1r_32x256_8)
                                  0.250000    0.795251   clock uncertainty
                                  0.000000    0.795251   clock reconvergence pessimism
                                 -0.056000    0.739251   library hold time
                                              0.739251   data required time
---------------------------------------------------------------------------------------------
                                              0.739251   data required time
                                             -2.000692   data arrival time
---------------------------------------------------------------------------------------------
                                              1.261441   slack (MET)


Startpoint: axi_wdata_i[11] (input port clocked by clk_i)
Endpoint: u_sram (falling edge-triggered flip-flop clocked by clk_i)
Path Group: clk_i
Path Type: min

Fanout         Cap        Slew       Delay        Time   Description
---------------------------------------------------------------------------------------------
                                  0.000000    0.000000   clock clk_i (rise edge)
                                  0.000000    0.000000   clock network delay (propagated)
                                  2.000000    2.000000 ^ input external delay
     1    0.015939    0.000000    0.000000    2.000000 ^ axi_wdata_i[11] (in)
                                                         axi_wdata_i[11] (net)
                      0.002955    0.000699    2.000699 ^ u_sram/din0[11] (sky130_sram_1kbyte_1rw1r_32x256_8)
                                              2.000699   data arrival time

                                  0.000000    0.000000   clock clk_i (rise edge)
                                  0.000000    0.000000   clock source latency
     2    0.082830    0.000000    0.000000    0.000000 ^ clk_i (in)
                                                         clk_i (net)
                      0.016506    0.008253    0.008253 ^ clkbuf_0_clk_i/A (sky130_fd_sc_hd__clkbuf_16)
     2    0.041516    0.095449    0.227719    0.235972 ^ clkbuf_0_clk_i/X (sky130_fd_sc_hd__clkbuf_16)
                                                         clknet_0_clk_i (net)
                      0.095593    0.002371    0.238343 ^ clkbuf_1_0__f_clk_i/A (sky130_fd_sc_hd__clkbuf_16)
     1    0.066718    0.130297    0.282810    0.521154 ^ clkbuf_1_0__f_clk_i/X (sky130_fd_sc_hd__clkbuf_16)
                                                         clknet_1_0__leaf_clk_i (net)
                      0.183656    0.024097    0.545251 ^ u_sram/clk0 (sky130_sram_1kbyte_1rw1r_32x256_8)
                                  0.250000    0.795251   clock uncertainty
                                  0.000000    0.795251   clock reconvergence pessimism
                                 -0.056000    0.739251   library hold time
                                              0.739251   data required time
---------------------------------------------------------------------------------------------
                                              0.739251   data required time
                                             -2.000699   data arrival time
---------------------------------------------------------------------------------------------
                                              1.261448   slack (MET)


Startpoint: axi_wdata_i[27] (input port clocked by clk_i)
Endpoint: u_sram (falling edge-triggered flip-flop clocked by clk_i)
Path Group: clk_i
Path Type: min

Fanout         Cap        Slew       Delay        Time   Description
---------------------------------------------------------------------------------------------
                                  0.000000    0.000000   clock clk_i (rise edge)
                                  0.000000    0.000000   clock network delay (propagated)
                                  2.000000    2.000000 ^ input external delay
     1    0.015935    0.000000    0.000000    2.000000 ^ axi_wdata_i[27] (in)
                                                         axi_wdata_i[27] (net)
                      0.002954    0.000699    2.000699 ^ u_sram/din0[27] (sky130_sram_1kbyte_1rw1r_32x256_8)
                                              2.000699   data arrival time

                                  0.000000    0.000000   clock clk_i (rise edge)
                                  0.000000    0.000000   clock source latency
     2    0.082830    0.000000    0.000000    0.000000 ^ clk_i (in)
                                                         clk_i (net)
                      0.016506    0.008253    0.008253 ^ clkbuf_0_clk_i/A (sky130_fd_sc_hd__clkbuf_16)
     2    0.041516    0.095449    0.227719    0.235972 ^ clkbuf_0_clk_i/X (sky130_fd_sc_hd__clkbuf_16)
                                                         clknet_0_clk_i (net)
                      0.095593    0.002371    0.238343 ^ clkbuf_1_0__f_clk_i/A (sky130_fd_sc_hd__clkbuf_16)
     1    0.066718    0.130297    0.282810    0.521154 ^ clkbuf_1_0__f_clk_i/X (sky130_fd_sc_hd__clkbuf_16)
                                                         clknet_1_0__leaf_clk_i (net)
                      0.183656    0.024097    0.545251 ^ u_sram/clk0 (sky130_sram_1kbyte_1rw1r_32x256_8)
                                  0.250000    0.795251   clock uncertainty
                                  0.000000    0.795251   clock reconvergence pessimism
                                 -0.056000    0.739251   library hold time
                                              0.739251   data required time
---------------------------------------------------------------------------------------------
                                              0.739251   data required time
                                             -2.000699   data arrival time
---------------------------------------------------------------------------------------------
                                              1.261448   slack (MET)


Startpoint: axi_wdata_i[25] (input port clocked by clk_i)
Endpoint: u_sram (falling edge-triggered flip-flop clocked by clk_i)
Path Group: clk_i
Path Type: min

Fanout         Cap        Slew       Delay        Time   Description
---------------------------------------------------------------------------------------------
                                  0.000000    0.000000   clock clk_i (rise edge)
                                  0.000000    0.000000   clock network delay (propagated)
                                  2.000000    2.000000 ^ input external delay
     1    0.016259    0.000000    0.000000    2.000000 ^ axi_wdata_i[25] (in)
                                                         axi_wdata_i[25] (net)
                      0.003008    0.000712    2.000712 ^ u_sram/din0[25] (sky130_sram_1kbyte_1rw1r_32x256_8)
                                              2.000712   data arrival time

                                  0.000000    0.000000   clock clk_i (rise edge)
                                  0.000000    0.000000   clock source latency
     2    0.082830    0.000000    0.000000    0.000000 ^ clk_i (in)
                                                         clk_i (net)
                      0.016506    0.008253    0.008253 ^ clkbuf_0_clk_i/A (sky130_fd_sc_hd__clkbuf_16)
     2    0.041516    0.095449    0.227719    0.235972 ^ clkbuf_0_clk_i/X (sky130_fd_sc_hd__clkbuf_16)
                                                         clknet_0_clk_i (net)
                      0.095593    0.002371    0.238343 ^ clkbuf_1_0__f_clk_i/A (sky130_fd_sc_hd__clkbuf_16)
     1    0.066718    0.130297    0.282810    0.521154 ^ clkbuf_1_0__f_clk_i/X (sky130_fd_sc_hd__clkbuf_16)
                                                         clknet_1_0__leaf_clk_i (net)
                      0.183656    0.024097    0.545251 ^ u_sram/clk0 (sky130_sram_1kbyte_1rw1r_32x256_8)
                                  0.250000    0.795251   clock uncertainty
                                  0.000000    0.795251   clock reconvergence pessimism
                                 -0.056000    0.739251   library hold time
                                              0.739251   data required time
---------------------------------------------------------------------------------------------
                                              0.739251   data required time
                                             -2.000712   data arrival time
---------------------------------------------------------------------------------------------
                                              1.261461   slack (MET)


Startpoint: axi_wdata_i[12] (input port clocked by clk_i)
Endpoint: u_sram (falling edge-triggered flip-flop clocked by clk_i)
Path Group: clk_i
Path Type: min

Fanout         Cap        Slew       Delay        Time   Description
---------------------------------------------------------------------------------------------
                                  0.000000    0.000000   clock clk_i (rise edge)
                                  0.000000    0.000000   clock network delay (propagated)
                                  2.000000    2.000000 ^ input external delay
     1    0.016462    0.000000    0.000000    2.000000 ^ axi_wdata_i[12] (in)
                                                         axi_wdata_i[12] (net)
                      0.003044    0.000720    2.000720 ^ u_sram/din0[12] (sky130_sram_1kbyte_1rw1r_32x256_8)
                                              2.000720   data arrival time

                                  0.000000    0.000000   clock clk_i (rise edge)
                                  0.000000    0.000000   clock source latency
     2    0.082830    0.000000    0.000000    0.000000 ^ clk_i (in)
                                                         clk_i (net)
                      0.016506    0.008253    0.008253 ^ clkbuf_0_clk_i/A (sky130_fd_sc_hd__clkbuf_16)
     2    0.041516    0.095449    0.227719    0.235972 ^ clkbuf_0_clk_i/X (sky130_fd_sc_hd__clkbuf_16)
                                                         clknet_0_clk_i (net)
                      0.095593    0.002371    0.238343 ^ clkbuf_1_0__f_clk_i/A (sky130_fd_sc_hd__clkbuf_16)
     1    0.066718    0.130297    0.282810    0.521154 ^ clkbuf_1_0__f_clk_i/X (sky130_fd_sc_hd__clkbuf_16)
                                                         clknet_1_0__leaf_clk_i (net)
                      0.183656    0.024097    0.545251 ^ u_sram/clk0 (sky130_sram_1kbyte_1rw1r_32x256_8)
                                  0.250000    0.795251   clock uncertainty
                                  0.000000    0.795251   clock reconvergence pessimism
                                 -0.056000    0.739251   library hold time
                                              0.739251   data required time
---------------------------------------------------------------------------------------------
                                              0.739251   data required time
                                             -2.000720   data arrival time
---------------------------------------------------------------------------------------------
                                              1.261469   slack (MET)


Startpoint: axi_wdata_i[14] (input port clocked by clk_i)
Endpoint: u_sram (falling edge-triggered flip-flop clocked by clk_i)
Path Group: clk_i
Path Type: min

Fanout         Cap        Slew       Delay        Time   Description
---------------------------------------------------------------------------------------------
                                  0.000000    0.000000   clock clk_i (rise edge)
                                  0.000000    0.000000   clock network delay (propagated)
                                  2.000000    2.000000 ^ input external delay
     1    0.016493    0.000000    0.000000    2.000000 ^ axi_wdata_i[14] (in)
                                                         axi_wdata_i[14] (net)
                      0.003052    0.000722    2.000722 ^ u_sram/din0[14] (sky130_sram_1kbyte_1rw1r_32x256_8)
                                              2.000722   data arrival time

                                  0.000000    0.000000   clock clk_i (rise edge)
                                  0.000000    0.000000   clock source latency
     2    0.082830    0.000000    0.000000    0.000000 ^ clk_i (in)
                                                         clk_i (net)
                      0.016506    0.008253    0.008253 ^ clkbuf_0_clk_i/A (sky130_fd_sc_hd__clkbuf_16)
     2    0.041516    0.095449    0.227719    0.235972 ^ clkbuf_0_clk_i/X (sky130_fd_sc_hd__clkbuf_16)
                                                         clknet_0_clk_i (net)
                      0.095593    0.002371    0.238343 ^ clkbuf_1_0__f_clk_i/A (sky130_fd_sc_hd__clkbuf_16)
     1    0.066718    0.130297    0.282810    0.521154 ^ clkbuf_1_0__f_clk_i/X (sky130_fd_sc_hd__clkbuf_16)
                                                         clknet_1_0__leaf_clk_i (net)
                      0.183656    0.024097    0.545251 ^ u_sram/clk0 (sky130_sram_1kbyte_1rw1r_32x256_8)
                                  0.250000    0.795251   clock uncertainty
                                  0.000000    0.795251   clock reconvergence pessimism
                                 -0.056000    0.739251   library hold time
                                              0.739251   data required time
---------------------------------------------------------------------------------------------
                                              0.739251   data required time
                                             -2.000722   data arrival time
---------------------------------------------------------------------------------------------
                                              1.261472   slack (MET)


Startpoint: axi_wdata_i[10] (input port clocked by clk_i)
Endpoint: u_sram (falling edge-triggered flip-flop clocked by clk_i)
Path Group: clk_i
Path Type: min

Fanout         Cap        Slew       Delay        Time   Description
---------------------------------------------------------------------------------------------
                                  0.000000    0.000000   clock clk_i (rise edge)
                                  0.000000    0.000000   clock network delay (propagated)
                                  2.000000    2.000000 ^ input external delay
     1    0.016506    0.000000    0.000000    2.000000 ^ axi_wdata_i[10] (in)
                                                         axi_wdata_i[10] (net)
                      0.003058    0.000723    2.000723 ^ u_sram/din0[10] (sky130_sram_1kbyte_1rw1r_32x256_8)
                                              2.000723   data arrival time

                                  0.000000    0.000000   clock clk_i (rise edge)
                                  0.000000    0.000000   clock source latency
     2    0.082830    0.000000    0.000000    0.000000 ^ clk_i (in)
                                                         clk_i (net)
                      0.016506    0.008253    0.008253 ^ clkbuf_0_clk_i/A (sky130_fd_sc_hd__clkbuf_16)
     2    0.041516    0.095449    0.227719    0.235972 ^ clkbuf_0_clk_i/X (sky130_fd_sc_hd__clkbuf_16)
                                                         clknet_0_clk_i (net)
                      0.095593    0.002371    0.238343 ^ clkbuf_1_0__f_clk_i/A (sky130_fd_sc_hd__clkbuf_16)
     1    0.066718    0.130297    0.282810    0.521154 ^ clkbuf_1_0__f_clk_i/X (sky130_fd_sc_hd__clkbuf_16)
                                                         clknet_1_0__leaf_clk_i (net)
                      0.183656    0.024097    0.545251 ^ u_sram/clk0 (sky130_sram_1kbyte_1rw1r_32x256_8)
                                  0.250000    0.795251   clock uncertainty
                                  0.000000    0.795251   clock reconvergence pessimism
                                 -0.056000    0.739251   library hold time
                                              0.739251   data required time
---------------------------------------------------------------------------------------------
                                              0.739251   data required time
                                             -2.000723   data arrival time
---------------------------------------------------------------------------------------------
                                              1.261473   slack (MET)


Startpoint: _45_ (rising edge-triggered flip-flop clocked by clk_i)
Endpoint: u_sram (falling edge-triggered flip-flop clocked by clk_i)
Path Group: clk_i
Path Type: min

Fanout         Cap        Slew       Delay        Time   Description
---------------------------------------------------------------------------------------------
                                  0.000000    0.000000   clock clk_i (rise edge)
                                  0.000000    0.000000   clock source latency
     2    0.082830    0.000000    0.000000    0.000000 ^ clk_i (in)
                                                         clk_i (net)
                      0.009482    0.004741    0.004741 ^ clkbuf_regs_0_clk_i/A (sky130_fd_sc_hd__clkbuf_16)
     1    0.008474    0.052400    0.178158    0.182899 ^ clkbuf_regs_0_clk_i/X (sky130_fd_sc_hd__clkbuf_16)
                                                         clk_i_regs (net)
                      0.052401    0.000665    0.183565 ^ clkbuf_0_clk_i_regs/A (sky130_fd_sc_hd__clkbuf_16)
     2    0.019258    0.066525    0.212351    0.395915 ^ clkbuf_0_clk_i_regs/X (sky130_fd_sc_hd__clkbuf_16)
                                                         clknet_0_clk_i_regs (net)
                      0.066540    0.001009    0.396924 ^ clkbuf_1_0__f_clk_i_regs/A (sky130_fd_sc_hd__clkbuf_16)
     2    0.005146    0.048011    0.196804    0.593728 ^ clkbuf_1_0__f_clk_i_regs/X (sky130_fd_sc_hd__clkbuf_16)
                                                         clknet_1_0__leaf_clk_i_regs (net)
                      0.048012    0.000297    0.594025 ^ _45_/CLK (sky130_fd_sc_hd__dfstp_2)
     3    0.012985    0.077523    0.734423    1.328449 v _45_/Q (sky130_fd_sc_hd__dfstp_2)
                                                         state_q[0] (net)
                      0.077523    0.001126    1.329574 v _25_/A (sky130_fd_sc_hd__and2_2)
    11    0.061762    0.287557    0.582991    1.912566 v _25_/X (sky130_fd_sc_hd__and2_2)
                                                         _08_ (net)
                      0.287771    0.007242    1.919808 v _29_/B (sky130_fd_sc_hd__nor2_2)
     1    0.011601    0.249538    0.317955    2.237762 ^ _29_/Y (sky130_fd_sc_hd__nor2_2)
                                                         sram_csb0 (net)
                      0.332717    0.000781    2.238544 ^ u_sram/csb0 (sky130_sram_1kbyte_1rw1r_32x256_8)
                                              2.238544   data arrival time

                                  0.000000    0.000000   clock clk_i (rise edge)
                                  0.000000    0.000000   clock source latency
     2    0.082830    0.000000    0.000000    0.000000 ^ clk_i (in)
                                                         clk_i (net)
                      0.016506    0.008253    0.008253 ^ clkbuf_0_clk_i/A (sky130_fd_sc_hd__clkbuf_16)
     2    0.041516    0.095449    0.227719    0.235972 ^ clkbuf_0_clk_i/X (sky130_fd_sc_hd__clkbuf_16)
                                                         clknet_0_clk_i (net)
                      0.095593    0.002371    0.238343 ^ clkbuf_1_0__f_clk_i/A (sky130_fd_sc_hd__clkbuf_16)
     1    0.066718    0.130297    0.282810    0.521154 ^ clkbuf_1_0__f_clk_i/X (sky130_fd_sc_hd__clkbuf_16)
                                                         clknet_1_0__leaf_clk_i (net)
                      0.183656    0.024097    0.545251 ^ u_sram/clk0 (sky130_sram_1kbyte_1rw1r_32x256_8)
                                  0.250000    0.795251   clock uncertainty
                                  0.000000    0.795251   clock reconvergence pessimism
                                 -0.056000    0.739251   library hold time
                                              0.739251   data required time
---------------------------------------------------------------------------------------------
                                              0.739251   data required time
                                             -2.238544   data arrival time
---------------------------------------------------------------------------------------------
                                              1.499293   slack (MET)


Startpoint: axi_bready_i (input port clocked by clk_i)
Endpoint: _46_ (rising edge-triggered flip-flop clocked by clk_i)
Path Group: clk_i
Path Type: min

Fanout         Cap        Slew       Delay        Time   Description
---------------------------------------------------------------------------------------------
                                  0.000000    0.000000   clock clk_i (rise edge)
                                  0.000000    0.000000   clock network delay (propagated)
                                  2.000000    2.000000 v input external delay
     2    0.010105    0.000000    0.000000    2.000000 v axi_bready_i (in)
                                                         axi_bready_i (net)
                      0.000462    0.000231    2.000231 v _20_/A (sky130_fd_sc_hd__inv_2)
     1    0.003070    0.034016    0.037581    2.037813 ^ _20_/Y (sky130_fd_sc_hd__inv_2)
                                                         _05_ (net)
                      0.034022    0.000209    2.038022 ^ _28_/A2 (sky130_fd_sc_hd__a21o_2)
     1    0.006815    0.081368    0.245237    2.283259 ^ _28_/X (sky130_fd_sc_hd__a21o_2)
                                                         _02_ (net)
                      0.081369    0.000458    2.283717 ^ _46_/D (sky130_fd_sc_hd__dfrtp_2)
                                              2.283717   data arrival time

                                  0.000000    0.000000   clock clk_i (rise edge)
                                  0.000000    0.000000   clock source latency
     2    0.082830    0.000000    0.000000    0.000000 ^ clk_i (in)
                                                         clk_i (net)
                      0.009482    0.004741    0.004741 ^ clkbuf_regs_0_clk_i/A (sky130_fd_sc_hd__clkbuf_16)
     1    0.008474    0.052400    0.178158    0.182899 ^ clkbuf_regs_0_clk_i/X (sky130_fd_sc_hd__clkbuf_16)
                                                         clk_i_regs (net)
                      0.052401    0.000665    0.183565 ^ clkbuf_0_clk_i_regs/A (sky130_fd_sc_hd__clkbuf_16)
     2    0.019258    0.066525    0.212351    0.395915 ^ clkbuf_0_clk_i_regs/X (sky130_fd_sc_hd__clkbuf_16)
                                                         clknet_0_clk_i_regs (net)
                      0.066540    0.001042    0.396957 ^ clkbuf_1_1__f_clk_i_regs/A (sky130_fd_sc_hd__clkbuf_16)
     3    0.007462    0.051138    0.201162    0.598119 ^ clkbuf_1_1__f_clk_i_regs/X (sky130_fd_sc_hd__clkbuf_16)
                                                         clknet_1_1__leaf_clk_i_regs (net)
                      0.051138    0.000379    0.598498 ^ _46_/CLK (sky130_fd_sc_hd__dfrtp_2)
                                  0.250000    0.848498   clock uncertainty
                                  0.000000    0.848498   clock reconvergence pessimism
                                 -0.082579    0.765919   library hold time
                                              0.765919   data required time
---------------------------------------------------------------------------------------------
                                              0.765919   data required time
                                             -2.283717   data arrival time
---------------------------------------------------------------------------------------------
                                              1.517799   slack (MET)


Startpoint: axi_awaddr_i[3] (input port clocked by clk_i)
Endpoint: u_sram (falling edge-triggered flip-flop clocked by clk_i)
Path Group: clk_i
Path Type: min

Fanout         Cap        Slew       Delay        Time   Description
---------------------------------------------------------------------------------------------
                                  0.000000    0.000000   clock clk_i (rise edge)
                                  0.000000    0.000000   clock network delay (propagated)
                                  2.000000    2.000000 ^ input external delay
     1    0.007988    0.000000    0.000000    2.000000 ^ axi_awaddr_i[3] (in)
                                                         axi_awaddr_i[3] (net)
                      0.000578    0.000289    2.000289 ^ _33_/B2 (sky130_fd_sc_hd__a32o_2)
     1    0.013040    0.152338    0.277621    2.277911 ^ _33_/X (sky130_fd_sc_hd__a32o_2)
                                                         sram_addr0[1] (net)
                      0.203121    0.000889    2.278800 ^ u_sram/addr0[1] (sky130_sram_1kbyte_1rw1r_32x256_8)
                                              2.278800   data arrival time

                                  0.000000    0.000000   clock clk_i (rise edge)
                                  0.000000    0.000000   clock source latency
     2    0.082830    0.000000    0.000000    0.000000 ^ clk_i (in)
                                                         clk_i (net)
                      0.016506    0.008253    0.008253 ^ clkbuf_0_clk_i/A (sky130_fd_sc_hd__clkbuf_16)
     2    0.041516    0.095449    0.227719    0.235972 ^ clkbuf_0_clk_i/X (sky130_fd_sc_hd__clkbuf_16)
                                                         clknet_0_clk_i (net)
                      0.095593    0.002371    0.238343 ^ clkbuf_1_0__f_clk_i/A (sky130_fd_sc_hd__clkbuf_16)
     1    0.066718    0.130297    0.282810    0.521154 ^ clkbuf_1_0__f_clk_i/X (sky130_fd_sc_hd__clkbuf_16)
                                                         clknet_1_0__leaf_clk_i (net)
                      0.183656    0.024097    0.545251 ^ u_sram/clk0 (sky130_sram_1kbyte_1rw1r_32x256_8)
                                  0.250000    0.795251   clock uncertainty
                                  0.000000    0.795251   clock reconvergence pessimism
                                 -0.056000    0.739251   library hold time
                                              0.739251   data required time
---------------------------------------------------------------------------------------------
                                              0.739251   data required time
                                             -2.278800   data arrival time
---------------------------------------------------------------------------------------------
                                              1.539549   slack (MET)


Startpoint: axi_awaddr_i[4] (input port clocked by clk_i)
Endpoint: u_sram (falling edge-triggered flip-flop clocked by clk_i)
Path Group: clk_i
Path Type: min

Fanout         Cap        Slew       Delay        Time   Description
---------------------------------------------------------------------------------------------
                                  0.000000    0.000000   clock clk_i (rise edge)
                                  0.000000    0.000000   clock network delay (propagated)
                                  2.000000    2.000000 ^ input external delay
     1    0.008313    0.000000    0.000000    2.000000 ^ axi_awaddr_i[4] (in)
                                                         axi_awaddr_i[4] (net)
                      0.000375    0.000188    2.000188 ^ _34_/B2 (sky130_fd_sc_hd__a32o_2)
     1    0.013636    0.157125    0.281871    2.282058 ^ _34_/X (sky130_fd_sc_hd__a32o_2)
                                                         sram_addr0[2] (net)
                      0.209504    0.000972    2.283031 ^ u_sram/addr0[2] (sky130_sram_1kbyte_1rw1r_32x256_8)
                                              2.283031   data arrival time

                                  0.000000    0.000000   clock clk_i (rise edge)
                                  0.000000    0.000000   clock source latency
     2    0.082830    0.000000    0.000000    0.000000 ^ clk_i (in)
                                                         clk_i (net)
                      0.016506    0.008253    0.008253 ^ clkbuf_0_clk_i/A (sky130_fd_sc_hd__clkbuf_16)
     2    0.041516    0.095449    0.227719    0.235972 ^ clkbuf_0_clk_i/X (sky130_fd_sc_hd__clkbuf_16)
                                                         clknet_0_clk_i (net)
                      0.095593    0.002371    0.238343 ^ clkbuf_1_0__f_clk_i/A (sky130_fd_sc_hd__clkbuf_16)
     1    0.066718    0.130297    0.282810    0.521154 ^ clkbuf_1_0__f_clk_i/X (sky130_fd_sc_hd__clkbuf_16)
                                                         clknet_1_0__leaf_clk_i (net)
                      0.183656    0.024097    0.545251 ^ u_sram/clk0 (sky130_sram_1kbyte_1rw1r_32x256_8)
                                  0.250000    0.795251   clock uncertainty
                                  0.000000    0.795251   clock reconvergence pessimism
                                 -0.056000    0.739251   library hold time
                                              0.739251   data required time
---------------------------------------------------------------------------------------------
                                              0.739251   data required time
                                             -2.283031   data arrival time
---------------------------------------------------------------------------------------------
                                              1.543780   slack (MET)


Startpoint: axi_awaddr_i[6] (input port clocked by clk_i)
Endpoint: u_sram (falling edge-triggered flip-flop clocked by clk_i)
Path Group: clk_i
Path Type: min

Fanout         Cap        Slew       Delay        Time   Description
---------------------------------------------------------------------------------------------
                                  0.000000    0.000000   clock clk_i (rise edge)
                                  0.000000    0.000000   clock network delay (propagated)
                                  2.000000    2.000000 ^ input external delay
     1    0.008320    0.000000    0.000000    2.000000 ^ axi_awaddr_i[6] (in)
                                                         axi_awaddr_i[6] (net)
                      0.000403    0.000201    2.000201 ^ _36_/B2 (sky130_fd_sc_hd__a32o_2)
     1    0.014559    0.164617    0.288582    2.288783 ^ _36_/X (sky130_fd_sc_hd__a32o_2)
                                                         sram_addr0[4] (net)
                      0.219496    0.001148    2.289931 ^ u_sram/addr0[4] (sky130_sram_1kbyte_1rw1r_32x256_8)
                                              2.289931   data arrival time

                                  0.000000    0.000000   clock clk_i (rise edge)
                                  0.000000    0.000000   clock source latency
     2    0.082830    0.000000    0.000000    0.000000 ^ clk_i (in)
                                                         clk_i (net)
                      0.016506    0.008253    0.008253 ^ clkbuf_0_clk_i/A (sky130_fd_sc_hd__clkbuf_16)
     2    0.041516    0.095449    0.227719    0.235972 ^ clkbuf_0_clk_i/X (sky130_fd_sc_hd__clkbuf_16)
                                                         clknet_0_clk_i (net)
                      0.095593    0.002371    0.238343 ^ clkbuf_1_0__f_clk_i/A (sky130_fd_sc_hd__clkbuf_16)
     1    0.066718    0.130297    0.282810    0.521154 ^ clkbuf_1_0__f_clk_i/X (sky130_fd_sc_hd__clkbuf_16)
                                                         clknet_1_0__leaf_clk_i (net)
                      0.183656    0.024097    0.545251 ^ u_sram/clk0 (sky130_sram_1kbyte_1rw1r_32x256_8)
                                  0.250000    0.795251   clock uncertainty
                                  0.000000    0.795251   clock reconvergence pessimism
                                 -0.056000    0.739251   library hold time
                                              0.739251   data required time
---------------------------------------------------------------------------------------------
                                              0.739251   data required time
                                             -2.289931   data arrival time
---------------------------------------------------------------------------------------------
                                              1.550681   slack (MET)


Startpoint: axi_awaddr_i[5] (input port clocked by clk_i)
Endpoint: u_sram (falling edge-triggered flip-flop clocked by clk_i)
Path Group: clk_i
Path Type: min

Fanout         Cap        Slew       Delay        Time   Description
---------------------------------------------------------------------------------------------
                                  0.000000    0.000000   clock clk_i (rise edge)
                                  0.000000    0.000000   clock network delay (propagated)
                                  2.000000    2.000000 ^ input external delay
     1    0.008150    0.000000    0.000000    2.000000 ^ axi_awaddr_i[5] (in)
                                                         axi_awaddr_i[5] (net)
                      0.000393    0.000196    2.000196 ^ _35_/B2 (sky130_fd_sc_hd__a32o_2)
     1    0.014750    0.166134    0.290036    2.290232 ^ _35_/X (sky130_fd_sc_hd__a32o_2)
                                                         sram_addr0[3] (net)
                      0.221516    0.000946    2.291178 ^ u_sram/addr0[3] (sky130_sram_1kbyte_1rw1r_32x256_8)
                                              2.291178   data arrival time

                                  0.000000    0.000000   clock clk_i (rise edge)
                                  0.000000    0.000000   clock source latency
     2    0.082830    0.000000    0.000000    0.000000 ^ clk_i (in)
                                                         clk_i (net)
                      0.016506    0.008253    0.008253 ^ clkbuf_0_clk_i/A (sky130_fd_sc_hd__clkbuf_16)
     2    0.041516    0.095449    0.227719    0.235972 ^ clkbuf_0_clk_i/X (sky130_fd_sc_hd__clkbuf_16)
                                                         clknet_0_clk_i (net)
                      0.095593    0.002371    0.238343 ^ clkbuf_1_0__f_clk_i/A (sky130_fd_sc_hd__clkbuf_16)
     1    0.066718    0.130297    0.282810    0.521154 ^ clkbuf_1_0__f_clk_i/X (sky130_fd_sc_hd__clkbuf_16)
                                                         clknet_1_0__leaf_clk_i (net)
                      0.183656    0.024097    0.545251 ^ u_sram/clk0 (sky130_sram_1kbyte_1rw1r_32x256_8)
                                  0.250000    0.795251   clock uncertainty
                                  0.000000    0.795251   clock reconvergence pessimism
                                 -0.056000    0.739251   library hold time
                                              0.739251   data required time
---------------------------------------------------------------------------------------------
                                              0.739251   data required time
                                             -2.291178   data arrival time
---------------------------------------------------------------------------------------------
                                              1.551927   slack (MET)


Startpoint: axi_wstrb_i[1] (input port clocked by clk_i)
Endpoint: u_sram (falling edge-triggered flip-flop clocked by clk_i)
Path Group: clk_i
Path Type: min

Fanout         Cap        Slew       Delay        Time   Description
---------------------------------------------------------------------------------------------
                                  0.000000    0.000000   clock clk_i (rise edge)
                                  0.000000    0.000000   clock network delay (propagated)
                                  2.000000    2.000000 ^ input external delay
     1    0.005673    0.000000    0.000000    2.000000 ^ axi_wstrb_i[1] (in)
                                                         axi_wstrb_i[1] (net)
                      0.000288    0.000144    2.000144 ^ _41_/A (sky130_fd_sc_hd__and2_2)
     1    0.013067    0.139969    0.292255    2.292399 ^ _41_/X (sky130_fd_sc_hd__and2_2)
                                                         sram_wmask0[1] (net)
                      0.186629    0.000893    2.293293 ^ u_sram/wmask0[1] (sky130_sram_1kbyte_1rw1r_32x256_8)
                                              2.293293   data arrival time

                                  0.000000    0.000000   clock clk_i (rise edge)
                                  0.000000    0.000000   clock source latency
     2    0.082830    0.000000    0.000000    0.000000 ^ clk_i (in)
                                                         clk_i (net)
                      0.016506    0.008253    0.008253 ^ clkbuf_0_clk_i/A (sky130_fd_sc_hd__clkbuf_16)
     2    0.041516    0.095449    0.227719    0.235972 ^ clkbuf_0_clk_i/X (sky130_fd_sc_hd__clkbuf_16)
                                                         clknet_0_clk_i (net)
                      0.095593    0.002371    0.238343 ^ clkbuf_1_0__f_clk_i/A (sky130_fd_sc_hd__clkbuf_16)
     1    0.066718    0.130297    0.282810    0.521154 ^ clkbuf_1_0__f_clk_i/X (sky130_fd_sc_hd__clkbuf_16)
                                                         clknet_1_0__leaf_clk_i (net)
                      0.183656    0.024097    0.545251 ^ u_sram/clk0 (sky130_sram_1kbyte_1rw1r_32x256_8)
                                  0.250000    0.795251   clock uncertainty
                                  0.000000    0.795251   clock reconvergence pessimism
                                 -0.056000    0.739251   library hold time
                                              0.739251   data required time
---------------------------------------------------------------------------------------------
                                              0.739251   data required time
                                             -2.293293   data arrival time
---------------------------------------------------------------------------------------------
                                              1.554042   slack (MET)


Startpoint: _45_ (rising edge-triggered flip-flop clocked by clk_i)
Endpoint: u_sram (falling edge-triggered flip-flop clocked by clk_i)
Path Group: clk_i
Path Type: min

Fanout         Cap        Slew       Delay        Time   Description
---------------------------------------------------------------------------------------------
                                  0.000000    0.000000   clock clk_i (rise edge)
                                  0.000000    0.000000   clock source latency
     2    0.082830    0.000000    0.000000    0.000000 ^ clk_i (in)
                                                         clk_i (net)
                      0.009482    0.004741    0.004741 ^ clkbuf_regs_0_clk_i/A (sky130_fd_sc_hd__clkbuf_16)
     1    0.008474    0.052400    0.178158    0.182899 ^ clkbuf_regs_0_clk_i/X (sky130_fd_sc_hd__clkbuf_16)
                                                         clk_i_regs (net)
                      0.052401    0.000665    0.183565 ^ clkbuf_0_clk_i_regs/A (sky130_fd_sc_hd__clkbuf_16)
     2    0.019258    0.066525    0.212351    0.395915 ^ clkbuf_0_clk_i_regs/X (sky130_fd_sc_hd__clkbuf_16)
                                                         clknet_0_clk_i_regs (net)
                      0.066540    0.001009    0.396924 ^ clkbuf_1_0__f_clk_i_regs/A (sky130_fd_sc_hd__clkbuf_16)
     2    0.005146    0.048011    0.196804    0.593728 ^ clkbuf_1_0__f_clk_i_regs/X (sky130_fd_sc_hd__clkbuf_16)
                                                         clknet_1_0__leaf_clk_i_regs (net)
                      0.048012    0.000297    0.594025 ^ _45_/CLK (sky130_fd_sc_hd__dfstp_2)
     3    0.012985    0.077523    0.734423    1.328449 v _45_/Q (sky130_fd_sc_hd__dfstp_2)
                                                         state_q[0] (net)
                      0.077523    0.001165    1.329613 v _23_/B (sky130_fd_sc_hd__and3_2)
    17    0.088348    0.400074    0.729783    2.059396 v _23_/X (sky130_fd_sc_hd__and3_2)
                                                         axi_awready_o (net)
                      0.400695    0.012990    2.072386 v _24_/A (sky130_fd_sc_hd__inv_2)
     1    0.009284    0.133912    0.220663    2.293048 ^ _24_/Y (sky130_fd_sc_hd__inv_2)
                                                         sram_web0 (net)
                      0.178549    0.000556    2.293605 ^ u_sram/web0 (sky130_sram_1kbyte_1rw1r_32x256_8)
                                              2.293605   data arrival time

                                  0.000000    0.000000   clock clk_i (rise edge)
                                  0.000000    0.000000   clock source latency
     2    0.082830    0.000000    0.000000    0.000000 ^ clk_i (in)
                                                         clk_i (net)
                      0.016506    0.008253    0.008253 ^ clkbuf_0_clk_i/A (sky130_fd_sc_hd__clkbuf_16)
     2    0.041516    0.095449    0.227719    0.235972 ^ clkbuf_0_clk_i/X (sky130_fd_sc_hd__clkbuf_16)
                                                         clknet_0_clk_i (net)
                      0.095593    0.002371    0.238343 ^ clkbuf_1_0__f_clk_i/A (sky130_fd_sc_hd__clkbuf_16)
     1    0.066718    0.130297    0.282810    0.521154 ^ clkbuf_1_0__f_clk_i/X (sky130_fd_sc_hd__clkbuf_16)
                                                         clknet_1_0__leaf_clk_i (net)
                      0.183656    0.024097    0.545251 ^ u_sram/clk0 (sky130_sram_1kbyte_1rw1r_32x256_8)
                                  0.250000    0.795251   clock uncertainty
                                  0.000000    0.795251   clock reconvergence pessimism
                                 -0.056000    0.739251   library hold time
                                              0.739251   data required time
---------------------------------------------------------------------------------------------
                                              0.739251   data required time
                                             -2.293605   data arrival time
---------------------------------------------------------------------------------------------
                                              1.554354   slack (MET)


Startpoint: axi_awaddr_i[8] (input port clocked by clk_i)
Endpoint: u_sram (falling edge-triggered flip-flop clocked by clk_i)
Path Group: clk_i
Path Type: min

Fanout         Cap        Slew       Delay        Time   Description
---------------------------------------------------------------------------------------------
                                  0.000000    0.000000   clock clk_i (rise edge)
                                  0.000000    0.000000   clock network delay (propagated)
                                  2.000000    2.000000 ^ input external delay
     1    0.007814    0.000000    0.000000    2.000000 ^ axi_awaddr_i[8] (in)
                                                         axi_awaddr_i[8] (net)
                      0.000335    0.000167    2.000167 ^ _38_/B2 (sky130_fd_sc_hd__a32o_2)
     1    0.015178    0.169649    0.293076    2.293243 ^ _38_/X (sky130_fd_sc_hd__a32o_2)
                                                         sram_addr0[6] (net)
                      0.226205    0.001098    2.294341 ^ u_sram/addr0[6] (sky130_sram_1kbyte_1rw1r_32x256_8)
                                              2.294341   data arrival time

                                  0.000000    0.000000   clock clk_i (rise edge)
                                  0.000000    0.000000   clock source latency
     2    0.082830    0.000000    0.000000    0.000000 ^ clk_i (in)
                                                         clk_i (net)
                      0.016506    0.008253    0.008253 ^ clkbuf_0_clk_i/A (sky130_fd_sc_hd__clkbuf_16)
     2    0.041516    0.095449    0.227719    0.235972 ^ clkbuf_0_clk_i/X (sky130_fd_sc_hd__clkbuf_16)
                                                         clknet_0_clk_i (net)
                      0.095593    0.002371    0.238343 ^ clkbuf_1_0__f_clk_i/A (sky130_fd_sc_hd__clkbuf_16)
     1    0.066718    0.130297    0.282810    0.521154 ^ clkbuf_1_0__f_clk_i/X (sky130_fd_sc_hd__clkbuf_16)
                                                         clknet_1_0__leaf_clk_i (net)
                      0.183656    0.024097    0.545251 ^ u_sram/clk0 (sky130_sram_1kbyte_1rw1r_32x256_8)
                                  0.250000    0.795251   clock uncertainty
                                  0.000000    0.795251   clock reconvergence pessimism
                                 -0.056000    0.739251   library hold time
                                              0.739251   data required time
---------------------------------------------------------------------------------------------
                                              0.739251   data required time
                                             -2.294341   data arrival time
---------------------------------------------------------------------------------------------
                                              1.555090   slack (MET)


Startpoint: axi_awaddr_i[9] (input port clocked by clk_i)
Endpoint: u_sram (falling edge-triggered flip-flop clocked by clk_i)
Path Group: clk_i
Path Type: min

Fanout         Cap        Slew       Delay        Time   Description
---------------------------------------------------------------------------------------------
                                  0.000000    0.000000   clock clk_i (rise edge)
                                  0.000000    0.000000   clock network delay (propagated)
                                  2.000000    2.000000 ^ input external delay
     1    0.007660    0.000000    0.000000    2.000000 ^ axi_awaddr_i[9] (in)
                                                         axi_awaddr_i[9] (net)
                      0.000628    0.000314    2.000314 ^ _39_/B2 (sky130_fd_sc_hd__a32o_2)
     1    0.015375    0.171221    0.294705    2.295019 ^ _39_/X (sky130_fd_sc_hd__a32o_2)
                                                         sram_addr0[7] (net)
                      0.228301    0.001166    2.296185 ^ u_sram/addr0[7] (sky130_sram_1kbyte_1rw1r_32x256_8)
                                              2.296185   data arrival time

                                  0.000000    0.000000   clock clk_i (rise edge)
                                  0.000000    0.000000   clock source latency
     2    0.082830    0.000000    0.000000    0.000000 ^ clk_i (in)
                                                         clk_i (net)
                      0.016506    0.008253    0.008253 ^ clkbuf_0_clk_i/A (sky130_fd_sc_hd__clkbuf_16)
     2    0.041516    0.095449    0.227719    0.235972 ^ clkbuf_0_clk_i/X (sky130_fd_sc_hd__clkbuf_16)
                                                         clknet_0_clk_i (net)
                      0.095593    0.002371    0.238343 ^ clkbuf_1_0__f_clk_i/A (sky130_fd_sc_hd__clkbuf_16)
     1    0.066718    0.130297    0.282810    0.521154 ^ clkbuf_1_0__f_clk_i/X (sky130_fd_sc_hd__clkbuf_16)
                                                         clknet_1_0__leaf_clk_i (net)
                      0.183656    0.024097    0.545251 ^ u_sram/clk0 (sky130_sram_1kbyte_1rw1r_32x256_8)
                                  0.250000    0.795251   clock uncertainty
                                  0.000000    0.795251   clock reconvergence pessimism
                                 -0.056000    0.739251   library hold time
                                              0.739251   data required time
---------------------------------------------------------------------------------------------
                                              0.739251   data required time
                                             -2.296185   data arrival time
---------------------------------------------------------------------------------------------
                                              1.556934   slack (MET)


Startpoint: axi_wstrb_i[0] (input port clocked by clk_i)
Endpoint: u_sram (falling edge-triggered flip-flop clocked by clk_i)
Path Group: clk_i
Path Type: min

Fanout         Cap        Slew       Delay        Time   Description
---------------------------------------------------------------------------------------------
                                  0.000000    0.000000   clock clk_i (rise edge)
                                  0.000000    0.000000   clock network delay (propagated)
                                  2.000000    2.000000 ^ input external delay
     1    0.006131    0.000000    0.000000    2.000000 ^ axi_wstrb_i[0] (in)
                                                         axi_wstrb_i[0] (net)
                      0.000336    0.000168    2.000168 ^ _40_/A (sky130_fd_sc_hd__and2_2)
     1    0.013529    0.143391    0.295294    2.295462 ^ _40_/X (sky130_fd_sc_hd__and2_2)
                                                         sram_wmask0[0] (net)
                      0.191192    0.000918    2.296380 ^ u_sram/wmask0[0] (sky130_sram_1kbyte_1rw1r_32x256_8)
                                              2.296380   data arrival time

                                  0.000000    0.000000   clock clk_i (rise edge)
                                  0.000000    0.000000   clock source latency
     2    0.082830    0.000000    0.000000    0.000000 ^ clk_i (in)
                                                         clk_i (net)
                      0.016506    0.008253    0.008253 ^ clkbuf_0_clk_i/A (sky130_fd_sc_hd__clkbuf_16)
     2    0.041516    0.095449    0.227719    0.235972 ^ clkbuf_0_clk_i/X (sky130_fd_sc_hd__clkbuf_16)
                                                         clknet_0_clk_i (net)
                      0.095593    0.002371    0.238343 ^ clkbuf_1_0__f_clk_i/A (sky130_fd_sc_hd__clkbuf_16)
     1    0.066718    0.130297    0.282810    0.521154 ^ clkbuf_1_0__f_clk_i/X (sky130_fd_sc_hd__clkbuf_16)
                                                         clknet_1_0__leaf_clk_i (net)
                      0.183656    0.024097    0.545251 ^ u_sram/clk0 (sky130_sram_1kbyte_1rw1r_32x256_8)
                                  0.250000    0.795251   clock uncertainty
                                  0.000000    0.795251   clock reconvergence pessimism
                                 -0.056000    0.739251   library hold time
                                              0.739251   data required time
---------------------------------------------------------------------------------------------
                                              0.739251   data required time
                                             -2.296380   data arrival time
---------------------------------------------------------------------------------------------
                                              1.557130   slack (MET)


Startpoint: axi_wstrb_i[3] (input port clocked by clk_i)
Endpoint: u_sram (falling edge-triggered flip-flop clocked by clk_i)
Path Group: clk_i
Path Type: min

Fanout         Cap        Slew       Delay        Time   Description
---------------------------------------------------------------------------------------------
                                  0.000000    0.000000   clock clk_i (rise edge)
                                  0.000000    0.000000   clock network delay (propagated)
                                  2.000000    2.000000 ^ input external delay
     1    0.006477    0.000000    0.000000    2.000000 ^ axi_wstrb_i[3] (in)
                                                         axi_wstrb_i[3] (net)
                      0.000385    0.000193    2.000192 ^ _43_/A (sky130_fd_sc_hd__and2_2)
     1    0.014245    0.148723    0.299992    2.300185 ^ _43_/X (sky130_fd_sc_hd__and2_2)
                                                         sram_wmask0[3] (net)
                      0.198302    0.000917    2.301102 ^ u_sram/wmask0[3] (sky130_sram_1kbyte_1rw1r_32x256_8)
                                              2.301102   data arrival time

                                  0.000000    0.000000   clock clk_i (rise edge)
                                  0.000000    0.000000   clock source latency
     2    0.082830    0.000000    0.000000    0.000000 ^ clk_i (in)
                                                         clk_i (net)
                      0.016506    0.008253    0.008253 ^ clkbuf_0_clk_i/A (sky130_fd_sc_hd__clkbuf_16)
     2    0.041516    0.095449    0.227719    0.235972 ^ clkbuf_0_clk_i/X (sky130_fd_sc_hd__clkbuf_16)
                                                         clknet_0_clk_i (net)
                      0.095593    0.002371    0.238343 ^ clkbuf_1_0__f_clk_i/A (sky130_fd_sc_hd__clkbuf_16)
     1    0.066718    0.130297    0.282810    0.521154 ^ clkbuf_1_0__f_clk_i/X (sky130_fd_sc_hd__clkbuf_16)
                                                         clknet_1_0__leaf_clk_i (net)
                      0.183656    0.024097    0.545251 ^ u_sram/clk0 (sky130_sram_1kbyte_1rw1r_32x256_8)
                                  0.250000    0.795251   clock uncertainty
                                  0.000000    0.795251   clock reconvergence pessimism
                                 -0.056000    0.739251   library hold time
                                              0.739251   data required time
---------------------------------------------------------------------------------------------
                                              0.739251   data required time
                                             -2.301102   data arrival time
---------------------------------------------------------------------------------------------
                                              1.561852   slack (MET)


Startpoint: axi_wstrb_i[2] (input port clocked by clk_i)
Endpoint: u_sram (falling edge-triggered flip-flop clocked by clk_i)
Path Group: clk_i
Path Type: min

Fanout         Cap        Slew       Delay        Time   Description
---------------------------------------------------------------------------------------------
                                  0.000000    0.000000   clock clk_i (rise edge)
                                  0.000000    0.000000   clock network delay (propagated)
                                  2.000000    2.000000 ^ input external delay
     1    0.006042    0.000000    0.000000    2.000000 ^ axi_wstrb_i[2] (in)
                                                         axi_wstrb_i[2] (net)
                      0.000329    0.000165    2.000165 ^ _42_/A (sky130_fd_sc_hd__and2_2)
     1    0.014701    0.152160    0.302873    2.303037 ^ _42_/X (sky130_fd_sc_hd__and2_2)
                                                         sram_wmask0[2] (net)
                      0.202885    0.001030    2.304067 ^ u_sram/wmask0[2] (sky130_sram_1kbyte_1rw1r_32x256_8)
                                              2.304067   data arrival time

                                  0.000000    0.000000   clock clk_i (rise edge)
                                  0.000000    0.000000   clock source latency
     2    0.082830    0.000000    0.000000    0.000000 ^ clk_i (in)
                                                         clk_i (net)
                      0.016506    0.008253    0.008253 ^ clkbuf_0_clk_i/A (sky130_fd_sc_hd__clkbuf_16)
     2    0.041516    0.095449    0.227719    0.235972 ^ clkbuf_0_clk_i/X (sky130_fd_sc_hd__clkbuf_16)
                                                         clknet_0_clk_i (net)
                      0.095593    0.002371    0.238343 ^ clkbuf_1_0__f_clk_i/A (sky130_fd_sc_hd__clkbuf_16)
     1    0.066718    0.130297    0.282810    0.521154 ^ clkbuf_1_0__f_clk_i/X (sky130_fd_sc_hd__clkbuf_16)
                                                         clknet_1_0__leaf_clk_i (net)
                      0.183656    0.024097    0.545251 ^ u_sram/clk0 (sky130_sram_1kbyte_1rw1r_32x256_8)
                                  0.250000    0.795251   clock uncertainty
                                  0.000000    0.795251   clock reconvergence pessimism
                                 -0.056000    0.739251   library hold time
                                              0.739251   data required time
---------------------------------------------------------------------------------------------
                                              0.739251   data required time
                                             -2.304067   data arrival time
---------------------------------------------------------------------------------------------
                                              1.564817   slack (MET)


Startpoint: axi_awaddr_i[7] (input port clocked by clk_i)
Endpoint: u_sram (falling edge-triggered flip-flop clocked by clk_i)
Path Group: clk_i
Path Type: min

Fanout         Cap        Slew       Delay        Time   Description
---------------------------------------------------------------------------------------------
                                  0.000000    0.000000   clock clk_i (rise edge)
                                  0.000000    0.000000   clock network delay (propagated)
                                  2.000000    2.000000 ^ input external delay
     1    0.007561    0.000000    0.000000    2.000000 ^ axi_awaddr_i[7] (in)
                                                         axi_awaddr_i[7] (net)
                      0.000344    0.000172    2.000172 ^ _37_/B2 (sky130_fd_sc_hd__a32o_2)
     1    0.016505    0.178888    0.302818    2.302989 ^ _37_/X (sky130_fd_sc_hd__a32o_2)
                                                         sram_addr0[5] (net)
                      0.238523    0.001176    2.304166 ^ u_sram/addr0[5] (sky130_sram_1kbyte_1rw1r_32x256_8)
                                              2.304166   data arrival time

                                  0.000000    0.000000   clock clk_i (rise edge)
                                  0.000000    0.000000   clock source latency
     2    0.082830    0.000000    0.000000    0.000000 ^ clk_i (in)
                                                         clk_i (net)
                      0.016506    0.008253    0.008253 ^ clkbuf_0_clk_i/A (sky130_fd_sc_hd__clkbuf_16)
     2    0.041516    0.095449    0.227719    0.235972 ^ clkbuf_0_clk_i/X (sky130_fd_sc_hd__clkbuf_16)
                                                         clknet_0_clk_i (net)
                      0.095593    0.002371    0.238343 ^ clkbuf_1_0__f_clk_i/A (sky130_fd_sc_hd__clkbuf_16)
     1    0.066718    0.130297    0.282810    0.521154 ^ clkbuf_1_0__f_clk_i/X (sky130_fd_sc_hd__clkbuf_16)
                                                         clknet_1_0__leaf_clk_i (net)
                      0.183656    0.024097    0.545251 ^ u_sram/clk0 (sky130_sram_1kbyte_1rw1r_32x256_8)
                                  0.250000    0.795251   clock uncertainty
                                  0.000000    0.795251   clock reconvergence pessimism
                                 -0.056000    0.739251   library hold time
                                              0.739251   data required time
---------------------------------------------------------------------------------------------
                                              0.739251   data required time
                                             -2.304166   data arrival time
---------------------------------------------------------------------------------------------
                                              1.564915   slack (MET)


Startpoint: axi_awaddr_i[2] (input port clocked by clk_i)
Endpoint: u_sram (falling edge-triggered flip-flop clocked by clk_i)
Path Group: clk_i
Path Type: min

Fanout         Cap        Slew       Delay        Time   Description
---------------------------------------------------------------------------------------------
                                  0.000000    0.000000   clock clk_i (rise edge)
                                  0.000000    0.000000   clock network delay (propagated)
                                  2.000000    2.000000 ^ input external delay
     1    0.008808    0.000000    0.000000    2.000000 ^ axi_awaddr_i[2] (in)
                                                         axi_awaddr_i[2] (net)
                      0.000634    0.000317    2.000317 ^ _32_/B2 (sky130_fd_sc_hd__a32o_2)
     1    0.017015    0.180804    0.306691    2.307008 ^ _32_/X (sky130_fd_sc_hd__a32o_2)
                                                         sram_addr0[0] (net)
                      0.241082    0.001416    2.308424 ^ u_sram/addr0[0] (sky130_sram_1kbyte_1rw1r_32x256_8)
                                              2.308424   data arrival time

                                  0.000000    0.000000   clock clk_i (rise edge)
                                  0.000000    0.000000   clock source latency
     2    0.082830    0.000000    0.000000    0.000000 ^ clk_i (in)
                                                         clk_i (net)
                      0.016506    0.008253    0.008253 ^ clkbuf_0_clk_i/A (sky130_fd_sc_hd__clkbuf_16)
     2    0.041516    0.095449    0.227719    0.235972 ^ clkbuf_0_clk_i/X (sky130_fd_sc_hd__clkbuf_16)
                                                         clknet_0_clk_i (net)
                      0.095593    0.002371    0.238343 ^ clkbuf_1_0__f_clk_i/A (sky130_fd_sc_hd__clkbuf_16)
     1    0.066718    0.130297    0.282810    0.521154 ^ clkbuf_1_0__f_clk_i/X (sky130_fd_sc_hd__clkbuf_16)
                                                         clknet_1_0__leaf_clk_i (net)
                      0.183656    0.024097    0.545251 ^ u_sram/clk0 (sky130_sram_1kbyte_1rw1r_32x256_8)
                                  0.250000    0.795251   clock uncertainty
                                  0.000000    0.795251   clock reconvergence pessimism
                                 -0.056000    0.739251   library hold time
                                              0.739251   data required time
---------------------------------------------------------------------------------------------
                                              0.739251   data required time
                                             -2.308424   data arrival time
---------------------------------------------------------------------------------------------
                                              1.569173   slack (MET)


Startpoint: _45_ (rising edge-triggered flip-flop clocked by clk_i)
Endpoint: _47_ (rising edge-triggered flip-flop clocked by clk_i)
Path Group: clk_i
Path Type: min

Fanout         Cap        Slew       Delay        Time   Description
---------------------------------------------------------------------------------------------
                                  0.000000    0.000000   clock clk_i (rise edge)
                                  0.000000    0.000000   clock source latency
     2    0.082830    0.000000    0.000000    0.000000 ^ clk_i (in)
                                                         clk_i (net)
                      0.009482    0.004741    0.004741 ^ clkbuf_regs_0_clk_i/A (sky130_fd_sc_hd__clkbuf_16)
     1    0.008474    0.052400    0.178158    0.182899 ^ clkbuf_regs_0_clk_i/X (sky130_fd_sc_hd__clkbuf_16)
                                                         clk_i_regs (net)
                      0.052401    0.000665    0.183565 ^ clkbuf_0_clk_i_regs/A (sky130_fd_sc_hd__clkbuf_16)
     2    0.019258    0.066525    0.212351    0.395915 ^ clkbuf_0_clk_i_regs/X (sky130_fd_sc_hd__clkbuf_16)
                                                         clknet_0_clk_i_regs (net)
                      0.066540    0.001009    0.396924 ^ clkbuf_1_0__f_clk_i_regs/A (sky130_fd_sc_hd__clkbuf_16)
     2    0.005146    0.048011    0.196804    0.593728 ^ clkbuf_1_0__f_clk_i_regs/X (sky130_fd_sc_hd__clkbuf_16)
                                                         clknet_1_0__leaf_clk_i_regs (net)
                      0.048012    0.000297    0.594025 ^ _45_/CLK (sky130_fd_sc_hd__dfstp_2)
     3    0.012985    0.077523    0.734423    1.328449 v _45_/Q (sky130_fd_sc_hd__dfstp_2)
                                                         state_q[0] (net)
                      0.077523    0.001126    1.329574 v _25_/A (sky130_fd_sc_hd__and2_2)
    11    0.061762    0.287557    0.582991    1.912566 v _25_/X (sky130_fd_sc_hd__and2_2)
                                                         _08_ (net)
                      0.287562    0.002090    1.914655 v _44_/B (sky130_fd_sc_hd__and2_2)
     1    0.007549    0.087546    0.531129    2.445784 v _44_/X (sky130_fd_sc_hd__and2_2)
                                                         _00_ (net)
                      0.087546    0.000444    2.446228 v _47_/D (sky130_fd_sc_hd__dfrtp_2)
                                              2.446228   data arrival time

                                  0.000000    0.000000   clock clk_i (rise edge)
                                  0.000000    0.000000   clock source latency
     2    0.082830    0.000000    0.000000    0.000000 ^ clk_i (in)
                                                         clk_i (net)
                      0.009482    0.004741    0.004741 ^ clkbuf_regs_0_clk_i/A (sky130_fd_sc_hd__clkbuf_16)
     1    0.008474    0.052400    0.178158    0.182899 ^ clkbuf_regs_0_clk_i/X (sky130_fd_sc_hd__clkbuf_16)
                                                         clk_i_regs (net)
                      0.052401    0.000665    0.183565 ^ clkbuf_0_clk_i_regs/A (sky130_fd_sc_hd__clkbuf_16)
     2    0.019258    0.066525    0.212351    0.395915 ^ clkbuf_0_clk_i_regs/X (sky130_fd_sc_hd__clkbuf_16)
                                                         clknet_0_clk_i_regs (net)
                      0.066540    0.001009    0.396924 ^ clkbuf_1_0__f_clk_i_regs/A (sky130_fd_sc_hd__clkbuf_16)
     2    0.005146    0.048011    0.196804    0.593728 ^ clkbuf_1_0__f_clk_i_regs/X (sky130_fd_sc_hd__clkbuf_16)
                                                         clknet_1_0__leaf_clk_i_regs (net)
                      0.048012    0.000300    0.594028 ^ _47_/CLK (sky130_fd_sc_hd__dfrtp_2)
                                  0.250000    0.844028   clock uncertainty
                                  0.000000    0.844028   clock reconvergence pessimism
                                 -0.101402    0.742626   library hold time
                                              0.742626   data required time
---------------------------------------------------------------------------------------------
                                              0.742626   data required time
                                             -2.446228   data arrival time
---------------------------------------------------------------------------------------------
                                              1.703602   slack (MET)


Startpoint: _48_ (rising edge-triggered flip-flop clocked by clk_i)
Endpoint: _48_ (rising edge-triggered flip-flop clocked by clk_i)
Path Group: clk_i
Path Type: min

Fanout         Cap        Slew       Delay        Time   Description
---------------------------------------------------------------------------------------------
                                  0.000000    0.000000   clock clk_i (rise edge)
                                  0.000000    0.000000   clock source latency
     2    0.082830    0.000000    0.000000    0.000000 ^ clk_i (in)
                                                         clk_i (net)
                      0.009482    0.004741    0.004741 ^ clkbuf_regs_0_clk_i/A (sky130_fd_sc_hd__clkbuf_16)
     1    0.008474    0.052400    0.178158    0.182899 ^ clkbuf_regs_0_clk_i/X (sky130_fd_sc_hd__clkbuf_16)
                                                         clk_i_regs (net)
                      0.052401    0.000665    0.183565 ^ clkbuf_0_clk_i_regs/A (sky130_fd_sc_hd__clkbuf_16)
     2    0.019258    0.066525    0.212351    0.395915 ^ clkbuf_0_clk_i_regs/X (sky130_fd_sc_hd__clkbuf_16)
                                                         clknet_0_clk_i_regs (net)
                      0.066540    0.001042    0.396957 ^ clkbuf_1_1__f_clk_i_regs/A (sky130_fd_sc_hd__clkbuf_16)
     3    0.007462    0.051138    0.201162    0.598119 ^ clkbuf_1_1__f_clk_i_regs/X (sky130_fd_sc_hd__clkbuf_16)
                                                         clknet_1_1__leaf_clk_i_regs (net)
                      0.051138    0.000401    0.598520 ^ _48_/CLK (sky130_fd_sc_hd__dfrtp_2)
     3    0.012508    0.136016    0.738596    1.337117 ^ _48_/Q (sky130_fd_sc_hd__dfrtp_2)
                                                         axi_rvalid_o (net)
                      0.136020    0.000916    1.338033 ^ _27_/A1 (sky130_fd_sc_hd__a21o_2)
     1    0.003781    0.051311    0.255318    1.593351 ^ _27_/X (sky130_fd_sc_hd__a21o_2)
                                                         _03_ (net)
                      0.051311    0.000251    1.593602 ^ hold2/A (sky130_fd_sc_hd__dlygate4sd3_1)
     1    0.003066    0.094696    1.036740    2.630342 ^ hold2/X (sky130_fd_sc_hd__dlygate4sd3_1)
                                                         net2 (net)
                      0.094696    0.000193    2.630535 ^ _48_/D (sky130_fd_sc_hd__dfrtp_2)
                                              2.630535   data arrival time

                                  0.000000    0.000000   clock clk_i (rise edge)
                                  0.000000    0.000000   clock source latency
     2    0.082830    0.000000    0.000000    0.000000 ^ clk_i (in)
                                                         clk_i (net)
                      0.009482    0.004741    0.004741 ^ clkbuf_regs_0_clk_i/A (sky130_fd_sc_hd__clkbuf_16)
     1    0.008474    0.052400    0.178158    0.182899 ^ clkbuf_regs_0_clk_i/X (sky130_fd_sc_hd__clkbuf_16)
                                                         clk_i_regs (net)
                      0.052401    0.000665    0.183565 ^ clkbuf_0_clk_i_regs/A (sky130_fd_sc_hd__clkbuf_16)
     2    0.019258    0.066525    0.212351    0.395915 ^ clkbuf_0_clk_i_regs/X (sky130_fd_sc_hd__clkbuf_16)
                                                         clknet_0_clk_i_regs (net)
                      0.066540    0.001042    0.396957 ^ clkbuf_1_1__f_clk_i_regs/A (sky130_fd_sc_hd__clkbuf_16)
     3    0.007462    0.051138    0.201162    0.598119 ^ clkbuf_1_1__f_clk_i_regs/X (sky130_fd_sc_hd__clkbuf_16)
                                                         clknet_1_1__leaf_clk_i_regs (net)
                      0.051138    0.000401    0.598520 ^ _48_/CLK (sky130_fd_sc_hd__dfrtp_2)
                                  0.250000    0.848520   clock uncertainty
                                  0.000000    0.848520   clock reconvergence pessimism
                                 -0.085613    0.762908   library hold time
                                              0.762908   data required time
---------------------------------------------------------------------------------------------
                                              0.762908   data required time
                                             -2.630535   data arrival time
---------------------------------------------------------------------------------------------
                                              1.867627   slack (MET)


Startpoint: _46_ (rising edge-triggered flip-flop clocked by clk_i)
Endpoint: axi_bvalid_o (output port clocked by clk_i)
Path Group: clk_i
Path Type: min

Fanout         Cap        Slew       Delay        Time   Description
---------------------------------------------------------------------------------------------
                                  0.000000    0.000000   clock clk_i (rise edge)
                                  0.000000    0.000000   clock source latency
     2    0.082830    0.000000    0.000000    0.000000 ^ clk_i (in)
                                                         clk_i (net)
                      0.009482    0.004741    0.004741 ^ clkbuf_regs_0_clk_i/A (sky130_fd_sc_hd__clkbuf_16)
     1    0.008474    0.052400    0.178158    0.182899 ^ clkbuf_regs_0_clk_i/X (sky130_fd_sc_hd__clkbuf_16)
                                                         clk_i_regs (net)
                      0.052401    0.000665    0.183565 ^ clkbuf_0_clk_i_regs/A (sky130_fd_sc_hd__clkbuf_16)
     2    0.019258    0.066525    0.212351    0.395915 ^ clkbuf_0_clk_i_regs/X (sky130_fd_sc_hd__clkbuf_16)
                                                         clknet_0_clk_i_regs (net)
                      0.066540    0.001042    0.396957 ^ clkbuf_1_1__f_clk_i_regs/A (sky130_fd_sc_hd__clkbuf_16)
     3    0.007462    0.051138    0.201162    0.598119 ^ clkbuf_1_1__f_clk_i_regs/X (sky130_fd_sc_hd__clkbuf_16)
                                                         clknet_1_1__leaf_clk_i_regs (net)
                      0.051138    0.000379    0.598498 ^ _46_/CLK (sky130_fd_sc_hd__dfrtp_2)
     3    0.011466    0.128760    0.731296    1.329794 ^ _46_/Q (sky130_fd_sc_hd__dfrtp_2)
                                                         axi_bvalid_o (net)
                      0.128773    0.001383    1.331178 ^ axi_bvalid_o (out)
                                              1.331178   data arrival time

                                  0.000000    0.000000   clock clk_i (rise edge)
                                  0.000000    0.000000   clock network delay (propagated)
                                  0.250000    0.250000   clock uncertainty
                                  0.000000    0.250000   clock reconvergence pessimism
                                 -2.000000   -1.750000   output external delay
                                             -1.750000   data required time
---------------------------------------------------------------------------------------------
                                             -1.750000   data required time
                                             -1.331178   data arrival time
---------------------------------------------------------------------------------------------
                                              3.081178   slack (MET)


Startpoint: _48_ (rising edge-triggered flip-flop clocked by clk_i)
Endpoint: axi_rvalid_o (output port clocked by clk_i)
Path Group: clk_i
Path Type: min

Fanout         Cap        Slew       Delay        Time   Description
---------------------------------------------------------------------------------------------
                                  0.000000    0.000000   clock clk_i (rise edge)
                                  0.000000    0.000000   clock source latency
     2    0.082830    0.000000    0.000000    0.000000 ^ clk_i (in)
                                                         clk_i (net)
                      0.009482    0.004741    0.004741 ^ clkbuf_regs_0_clk_i/A (sky130_fd_sc_hd__clkbuf_16)
     1    0.008474    0.052400    0.178158    0.182899 ^ clkbuf_regs_0_clk_i/X (sky130_fd_sc_hd__clkbuf_16)
                                                         clk_i_regs (net)
                      0.052401    0.000665    0.183565 ^ clkbuf_0_clk_i_regs/A (sky130_fd_sc_hd__clkbuf_16)
     2    0.019258    0.066525    0.212351    0.395915 ^ clkbuf_0_clk_i_regs/X (sky130_fd_sc_hd__clkbuf_16)
                                                         clknet_0_clk_i_regs (net)
                      0.066540    0.001042    0.396957 ^ clkbuf_1_1__f_clk_i_regs/A (sky130_fd_sc_hd__clkbuf_16)
     3    0.007462    0.051138    0.201162    0.598119 ^ clkbuf_1_1__f_clk_i_regs/X (sky130_fd_sc_hd__clkbuf_16)
                                                         clknet_1_1__leaf_clk_i_regs (net)
                      0.051138    0.000401    0.598520 ^ _48_/CLK (sky130_fd_sc_hd__dfrtp_2)
     3    0.012508    0.136016    0.738596    1.337117 ^ _48_/Q (sky130_fd_sc_hd__dfrtp_2)
                                                         axi_rvalid_o (net)
                      0.136021    0.000991    1.338108 ^ axi_rvalid_o (out)
                                              1.338108   data arrival time

                                  0.000000    0.000000   clock clk_i (rise edge)
                                  0.000000    0.000000   clock network delay (propagated)
                                  0.250000    0.250000   clock uncertainty
                                  0.000000    0.250000   clock reconvergence pessimism
                                 -2.000000   -1.750000   output external delay
                                             -1.750000   data required time
---------------------------------------------------------------------------------------------
                                             -1.750000   data required time
                                             -1.338108   data arrival time
---------------------------------------------------------------------------------------------
                                              3.088108   slack (MET)


Startpoint: _45_ (rising edge-triggered flip-flop clocked by clk_i)
Endpoint: axi_awready_o (output port clocked by clk_i)
Path Group: clk_i
Path Type: min

Fanout         Cap        Slew       Delay        Time   Description
---------------------------------------------------------------------------------------------
                                  0.000000    0.000000   clock clk_i (rise edge)
                                  0.000000    0.000000   clock source latency
     2    0.082830    0.000000    0.000000    0.000000 ^ clk_i (in)
                                                         clk_i (net)
                      0.009482    0.004741    0.004741 ^ clkbuf_regs_0_clk_i/A (sky130_fd_sc_hd__clkbuf_16)
     1    0.008474    0.052400    0.178158    0.182899 ^ clkbuf_regs_0_clk_i/X (sky130_fd_sc_hd__clkbuf_16)
                                                         clk_i_regs (net)
                      0.052401    0.000665    0.183565 ^ clkbuf_0_clk_i_regs/A (sky130_fd_sc_hd__clkbuf_16)
     2    0.019258    0.066525    0.212351    0.395915 ^ clkbuf_0_clk_i_regs/X (sky130_fd_sc_hd__clkbuf_16)
                                                         clknet_0_clk_i_regs (net)
                      0.066540    0.001009    0.396924 ^ clkbuf_1_0__f_clk_i_regs/A (sky130_fd_sc_hd__clkbuf_16)
     2    0.005146    0.048011    0.196804    0.593728 ^ clkbuf_1_0__f_clk_i_regs/X (sky130_fd_sc_hd__clkbuf_16)
                                                         clknet_1_0__leaf_clk_i_regs (net)
                      0.048012    0.000297    0.594025 ^ _45_/CLK (sky130_fd_sc_hd__dfstp_2)
     3    0.012985    0.077523    0.734423    1.328449 v _45_/Q (sky130_fd_sc_hd__dfstp_2)
                                                         state_q[0] (net)
                      0.077523    0.001165    1.329613 v _23_/B (sky130_fd_sc_hd__and3_2)
    17    0.088348    0.400074    0.729783    2.059396 v _23_/X (sky130_fd_sc_hd__and3_2)
                                                         axi_awready_o (net)
                      0.400169    0.005200    2.064595 v axi_awready_o (out)
                                              2.064595   data arrival time

                                  0.000000    0.000000   clock clk_i (rise edge)
                                  0.000000    0.000000   clock network delay (propagated)
                                  0.250000    0.250000   clock uncertainty
                                  0.000000    0.250000   clock reconvergence pessimism
                                 -2.000000   -1.750000   output external delay
                                             -1.750000   data required time
---------------------------------------------------------------------------------------------
                                             -1.750000   data required time
                                             -2.064595   data arrival time
---------------------------------------------------------------------------------------------
                                              3.814595   slack (MET)


Startpoint: _45_ (rising edge-triggered flip-flop clocked by clk_i)
Endpoint: axi_arready_o (output port clocked by clk_i)
Path Group: clk_i
Path Type: min

Fanout         Cap        Slew       Delay        Time   Description
---------------------------------------------------------------------------------------------
                                  0.000000    0.000000   clock clk_i (rise edge)
                                  0.000000    0.000000   clock source latency
     2    0.082830    0.000000    0.000000    0.000000 ^ clk_i (in)
                                                         clk_i (net)
                      0.009482    0.004741    0.004741 ^ clkbuf_regs_0_clk_i/A (sky130_fd_sc_hd__clkbuf_16)
     1    0.008474    0.052400    0.178158    0.182899 ^ clkbuf_regs_0_clk_i/X (sky130_fd_sc_hd__clkbuf_16)
                                                         clk_i_regs (net)
                      0.052401    0.000665    0.183565 ^ clkbuf_0_clk_i_regs/A (sky130_fd_sc_hd__clkbuf_16)
     2    0.019258    0.066525    0.212351    0.395915 ^ clkbuf_0_clk_i_regs/X (sky130_fd_sc_hd__clkbuf_16)
                                                         clknet_0_clk_i_regs (net)
                      0.066540    0.001009    0.396924 ^ clkbuf_1_0__f_clk_i_regs/A (sky130_fd_sc_hd__clkbuf_16)
     2    0.005146    0.048011    0.196804    0.593728 ^ clkbuf_1_0__f_clk_i_regs/X (sky130_fd_sc_hd__clkbuf_16)
                                                         clknet_1_0__leaf_clk_i_regs (net)
                      0.048012    0.000297    0.594025 ^ _45_/CLK (sky130_fd_sc_hd__dfstp_2)
     3    0.012985    0.077523    0.734423    1.328449 v _45_/Q (sky130_fd_sc_hd__dfstp_2)
                                                         state_q[0] (net)
                      0.077523    0.001126    1.329574 v _25_/A (sky130_fd_sc_hd__and2_2)
    11    0.061762    0.287557    0.582991    1.912566 v _25_/X (sky130_fd_sc_hd__and2_2)
                                                         _08_ (net)
                      0.287595    0.003623    1.916188 v _26_/B (sky130_fd_sc_hd__and2_2)
     1    0.001591    0.061341    0.488556    2.404744 v _26_/X (sky130_fd_sc_hd__and2_2)
                                                         axi_arready_o (net)
                      0.061341    0.000053    2.404797 v axi_arready_o (out)
                                              2.404797   data arrival time

                                  0.000000    0.000000   clock clk_i (rise edge)
                                  0.000000    0.000000   clock network delay (propagated)
                                  0.250000    0.250000   clock uncertainty
                                  0.000000    0.250000   clock reconvergence pessimism
                                 -2.000000   -1.750000   output external delay
                                             -1.750000   data required time
---------------------------------------------------------------------------------------------
                                             -1.750000   data required time
                                             -2.404797   data arrival time
---------------------------------------------------------------------------------------------
                                              4.154798   slack (MET)


Startpoint: _45_ (rising edge-triggered flip-flop clocked by clk_i)
Endpoint: axi_wready_o (output port clocked by clk_i)
Path Group: clk_i
Path Type: min

Fanout         Cap        Slew       Delay        Time   Description
---------------------------------------------------------------------------------------------
                                  0.000000    0.000000   clock clk_i (rise edge)
                                  0.000000    0.000000   clock source latency
     2    0.082830    0.000000    0.000000    0.000000 ^ clk_i (in)
                                                         clk_i (net)
                      0.009482    0.004741    0.004741 ^ clkbuf_regs_0_clk_i/A (sky130_fd_sc_hd__clkbuf_16)
     1    0.008474    0.052400    0.178158    0.182899 ^ clkbuf_regs_0_clk_i/X (sky130_fd_sc_hd__clkbuf_16)
                                                         clk_i_regs (net)
                      0.052401    0.000665    0.183565 ^ clkbuf_0_clk_i_regs/A (sky130_fd_sc_hd__clkbuf_16)
     2    0.019258    0.066525    0.212351    0.395915 ^ clkbuf_0_clk_i_regs/X (sky130_fd_sc_hd__clkbuf_16)
                                                         clknet_0_clk_i_regs (net)
                      0.066540    0.001009    0.396924 ^ clkbuf_1_0__f_clk_i_regs/A (sky130_fd_sc_hd__clkbuf_16)
     2    0.005146    0.048011    0.196804    0.593728 ^ clkbuf_1_0__f_clk_i_regs/X (sky130_fd_sc_hd__clkbuf_16)
                                                         clknet_1_0__leaf_clk_i_regs (net)
                      0.048012    0.000297    0.594025 ^ _45_/CLK (sky130_fd_sc_hd__dfstp_2)
     3    0.012985    0.077523    0.734423    1.328449 v _45_/Q (sky130_fd_sc_hd__dfstp_2)
                                                         state_q[0] (net)
                      0.077523    0.001165    1.329613 v _23_/B (sky130_fd_sc_hd__and3_2)
    17    0.088348    0.400074    0.729783    2.059396 v _23_/X (sky130_fd_sc_hd__and3_2)
                                                         axi_awready_o (net)
                      0.400281    0.007613    2.067009 v _62_/A (sky130_fd_sc_hd__buf_2)
     1    0.001415    0.040623    0.369538    2.436547 v _62_/X (sky130_fd_sc_hd__buf_2)
                                                         axi_wready_o (net)
                      0.040623    0.000048    2.436595 v axi_wready_o (out)
                                              2.436595   data arrival time

                                  0.000000    0.000000   clock clk_i (rise edge)
                                  0.000000    0.000000   clock network delay (propagated)
                                  0.250000    0.250000   clock uncertainty
                                  0.000000    0.250000   clock reconvergence pessimism
                                 -2.000000   -1.750000   output external delay
                                             -1.750000   data required time
---------------------------------------------------------------------------------------------
                                             -1.750000   data required time
                                             -2.436595   data arrival time
---------------------------------------------------------------------------------------------
                                              4.186595   slack (MET)


Startpoint: u_sram (falling edge-triggered flip-flop clocked by clk_i)
Endpoint: axi_rdata_o[25] (output port clocked by clk_i)
Path Group: clk_i
Path Type: min

Fanout         Cap        Slew       Delay        Time   Description
---------------------------------------------------------------------------------------------
                                 10.000000   10.000000   clock clk_i (fall edge)
                                  0.000000   10.000000   clock source latency
     2    0.081058    0.000000    0.000000   10.000000 v clk_i (in)
                                                         clk_i (net)
                      0.016002    0.008001   10.008001 v clkbuf_0_clk_i/A (sky130_fd_sc_hd__clkbuf_16)
     2    0.039744    0.076963    0.254768   10.262769 v clkbuf_0_clk_i/X (sky130_fd_sc_hd__clkbuf_16)
                                                         clknet_0_clk_i (net)
                      0.077043    0.002233   10.265001 v clkbuf_1_0__f_clk_i/A (sky130_fd_sc_hd__clkbuf_16)
     1    0.066718    0.099396    0.298424   10.563425 v clkbuf_1_0__f_clk_i/X (sky130_fd_sc_hd__clkbuf_16)
                                                         clknet_1_0__leaf_clk_i (net)
                      0.145483    0.023791   10.587215 v u_sram/clk0 (sky130_sram_1kbyte_1rw1r_32x256_8)
     1    0.007125    0.005125    0.369316   10.956532 ^ u_sram/dout0[25] (sky130_sram_1kbyte_1rw1r_32x256_8)
                                                         axi_rdata_o[25] (net)
                      0.003844    0.000124   10.956656 ^ axi_rdata_o[25] (out)
                                             10.956656   data arrival time

                                  0.000000    0.000000   clock clk_i (rise edge)
                                  0.000000    0.000000   clock network delay (propagated)
                                  0.250000    0.250000   clock uncertainty
                                  0.000000    0.250000   clock reconvergence pessimism
                                 -2.000000   -1.750000   output external delay
                                             -1.750000   data required time
---------------------------------------------------------------------------------------------
                                             -1.750000   data required time
                                            -10.956656   data arrival time
---------------------------------------------------------------------------------------------
                                             12.706656   slack (MET)


Startpoint: u_sram (falling edge-triggered flip-flop clocked by clk_i)
Endpoint: axi_rdata_o[30] (output port clocked by clk_i)
Path Group: clk_i
Path Type: min

Fanout         Cap        Slew       Delay        Time   Description
---------------------------------------------------------------------------------------------
                                 10.000000   10.000000   clock clk_i (fall edge)
                                  0.000000   10.000000   clock source latency
     2    0.081058    0.000000    0.000000   10.000000 v clk_i (in)
                                                         clk_i (net)
                      0.016002    0.008001   10.008001 v clkbuf_0_clk_i/A (sky130_fd_sc_hd__clkbuf_16)
     2    0.039744    0.076963    0.254768   10.262769 v clkbuf_0_clk_i/X (sky130_fd_sc_hd__clkbuf_16)
                                                         clknet_0_clk_i (net)
                      0.077043    0.002233   10.265001 v clkbuf_1_0__f_clk_i/A (sky130_fd_sc_hd__clkbuf_16)
     1    0.066718    0.099396    0.298424   10.563425 v clkbuf_1_0__f_clk_i/X (sky130_fd_sc_hd__clkbuf_16)
                                                         clknet_1_0__leaf_clk_i (net)
                      0.145483    0.023791   10.587215 v u_sram/clk0 (sky130_sram_1kbyte_1rw1r_32x256_8)
     1    0.007125    0.005125    0.369316   10.956532 ^ u_sram/dout0[30] (sky130_sram_1kbyte_1rw1r_32x256_8)
                                                         axi_rdata_o[30] (net)
                      0.003844    0.000124   10.956656 ^ axi_rdata_o[30] (out)
                                             10.956656   data arrival time

                                  0.000000    0.000000   clock clk_i (rise edge)
                                  0.000000    0.000000   clock network delay (propagated)
                                  0.250000    0.250000   clock uncertainty
                                  0.000000    0.250000   clock reconvergence pessimism
                                 -2.000000   -1.750000   output external delay
                                             -1.750000   data required time
---------------------------------------------------------------------------------------------
                                             -1.750000   data required time
                                            -10.956656   data arrival time
---------------------------------------------------------------------------------------------
                                             12.706656   slack (MET)


Startpoint: u_sram (falling edge-triggered flip-flop clocked by clk_i)
Endpoint: axi_rdata_o[27] (output port clocked by clk_i)
Path Group: clk_i
Path Type: min

Fanout         Cap        Slew       Delay        Time   Description
---------------------------------------------------------------------------------------------
                                 10.000000   10.000000   clock clk_i (fall edge)
                                  0.000000   10.000000   clock source latency
     2    0.081058    0.000000    0.000000   10.000000 v clk_i (in)
                                                         clk_i (net)
                      0.016002    0.008001   10.008001 v clkbuf_0_clk_i/A (sky130_fd_sc_hd__clkbuf_16)
     2    0.039744    0.076963    0.254768   10.262769 v clkbuf_0_clk_i/X (sky130_fd_sc_hd__clkbuf_16)
                                                         clknet_0_clk_i (net)
                      0.077043    0.002233   10.265001 v clkbuf_1_0__f_clk_i/A (sky130_fd_sc_hd__clkbuf_16)
     1    0.066718    0.099396    0.298424   10.563425 v clkbuf_1_0__f_clk_i/X (sky130_fd_sc_hd__clkbuf_16)
                                                         clknet_1_0__leaf_clk_i (net)
                      0.145483    0.023791   10.587215 v u_sram/clk0 (sky130_sram_1kbyte_1rw1r_32x256_8)
     1    0.007128    0.005127    0.369337   10.956553 ^ u_sram/dout0[27] (sky130_sram_1kbyte_1rw1r_32x256_8)
                                                         axi_rdata_o[27] (net)
                      0.003845    0.000124   10.956676 ^ axi_rdata_o[27] (out)
                                             10.956676   data arrival time

                                  0.000000    0.000000   clock clk_i (rise edge)
                                  0.000000    0.000000   clock network delay (propagated)
                                  0.250000    0.250000   clock uncertainty
                                  0.000000    0.250000   clock reconvergence pessimism
                                 -2.000000   -1.750000   output external delay
                                             -1.750000   data required time
---------------------------------------------------------------------------------------------
                                             -1.750000   data required time
                                            -10.956676   data arrival time
---------------------------------------------------------------------------------------------
                                             12.706676   slack (MET)


Startpoint: u_sram (falling edge-triggered flip-flop clocked by clk_i)
Endpoint: axi_rdata_o[28] (output port clocked by clk_i)
Path Group: clk_i
Path Type: min

Fanout         Cap        Slew       Delay        Time   Description
---------------------------------------------------------------------------------------------
                                 10.000000   10.000000   clock clk_i (fall edge)
                                  0.000000   10.000000   clock source latency
     2    0.081058    0.000000    0.000000   10.000000 v clk_i (in)
                                                         clk_i (net)
                      0.016002    0.008001   10.008001 v clkbuf_0_clk_i/A (sky130_fd_sc_hd__clkbuf_16)
     2    0.039744    0.076963    0.254768   10.262769 v clkbuf_0_clk_i/X (sky130_fd_sc_hd__clkbuf_16)
                                                         clknet_0_clk_i (net)
                      0.077043    0.002233   10.265001 v clkbuf_1_0__f_clk_i/A (sky130_fd_sc_hd__clkbuf_16)
     1    0.066718    0.099396    0.298424   10.563425 v clkbuf_1_0__f_clk_i/X (sky130_fd_sc_hd__clkbuf_16)
                                                         clknet_1_0__leaf_clk_i (net)
                      0.145483    0.023791   10.587215 v u_sram/clk0 (sky130_sram_1kbyte_1rw1r_32x256_8)
     1    0.007141    0.005134    0.369409   10.956625 ^ u_sram/dout0[28] (sky130_sram_1kbyte_1rw1r_32x256_8)
                                                         axi_rdata_o[28] (net)
                      0.003850    0.000124   10.956750 ^ axi_rdata_o[28] (out)
                                             10.956750   data arrival time

                                  0.000000    0.000000   clock clk_i (rise edge)
                                  0.000000    0.000000   clock network delay (propagated)
                                  0.250000    0.250000   clock uncertainty
                                  0.000000    0.250000   clock reconvergence pessimism
                                 -2.000000   -1.750000   output external delay
                                             -1.750000   data required time
---------------------------------------------------------------------------------------------
                                             -1.750000   data required time
                                            -10.956750   data arrival time
---------------------------------------------------------------------------------------------
                                             12.706750   slack (MET)


Startpoint: u_sram (falling edge-triggered flip-flop clocked by clk_i)
Endpoint: axi_rdata_o[26] (output port clocked by clk_i)
Path Group: clk_i
Path Type: min

Fanout         Cap        Slew       Delay        Time   Description
---------------------------------------------------------------------------------------------
                                 10.000000   10.000000   clock clk_i (fall edge)
                                  0.000000   10.000000   clock source latency
     2    0.081058    0.000000    0.000000   10.000000 v clk_i (in)
                                                         clk_i (net)
                      0.016002    0.008001   10.008001 v clkbuf_0_clk_i/A (sky130_fd_sc_hd__clkbuf_16)
     2    0.039744    0.076963    0.254768   10.262769 v clkbuf_0_clk_i/X (sky130_fd_sc_hd__clkbuf_16)
                                                         clknet_0_clk_i (net)
                      0.077043    0.002233   10.265001 v clkbuf_1_0__f_clk_i/A (sky130_fd_sc_hd__clkbuf_16)
     1    0.066718    0.099396    0.298424   10.563425 v clkbuf_1_0__f_clk_i/X (sky130_fd_sc_hd__clkbuf_16)
                                                         clknet_1_0__leaf_clk_i (net)
                      0.145483    0.023791   10.587215 v u_sram/clk0 (sky130_sram_1kbyte_1rw1r_32x256_8)
     1    0.007145    0.005136    0.369430   10.956646 ^ u_sram/dout0[26] (sky130_sram_1kbyte_1rw1r_32x256_8)
                                                         axi_rdata_o[26] (net)
                      0.003852    0.000124   10.956770 ^ axi_rdata_o[26] (out)
                                             10.956770   data arrival time

                                  0.000000    0.000000   clock clk_i (rise edge)
                                  0.000000    0.000000   clock network delay (propagated)
                                  0.250000    0.250000   clock uncertainty
                                  0.000000    0.250000   clock reconvergence pessimism
                                 -2.000000   -1.750000   output external delay
                                             -1.750000   data required time
---------------------------------------------------------------------------------------------
                                             -1.750000   data required time
                                            -10.956770   data arrival time
---------------------------------------------------------------------------------------------
                                             12.706770   slack (MET)


Startpoint: u_sram (falling edge-triggered flip-flop clocked by clk_i)
Endpoint: axi_rdata_o[31] (output port clocked by clk_i)
Path Group: clk_i
Path Type: min

Fanout         Cap        Slew       Delay        Time   Description
---------------------------------------------------------------------------------------------
                                 10.000000   10.000000   clock clk_i (fall edge)
                                  0.000000   10.000000   clock source latency
     2    0.081058    0.000000    0.000000   10.000000 v clk_i (in)
                                                         clk_i (net)
                      0.016002    0.008001   10.008001 v clkbuf_0_clk_i/A (sky130_fd_sc_hd__clkbuf_16)
     2    0.039744    0.076963    0.254768   10.262769 v clkbuf_0_clk_i/X (sky130_fd_sc_hd__clkbuf_16)
                                                         clknet_0_clk_i (net)
                      0.077043    0.002233   10.265001 v clkbuf_1_0__f_clk_i/A (sky130_fd_sc_hd__clkbuf_16)
     1    0.066718    0.099396    0.298424   10.563425 v clkbuf_1_0__f_clk_i/X (sky130_fd_sc_hd__clkbuf_16)
                                                         clknet_1_0__leaf_clk_i (net)
                      0.145483    0.023791   10.587215 v u_sram/clk0 (sky130_sram_1kbyte_1rw1r_32x256_8)
     1    0.007145    0.005136    0.369430   10.956646 ^ u_sram/dout0[31] (sky130_sram_1kbyte_1rw1r_32x256_8)
                                                         axi_rdata_o[31] (net)
                      0.003852    0.000124   10.956770 ^ axi_rdata_o[31] (out)
                                             10.956770   data arrival time

                                  0.000000    0.000000   clock clk_i (rise edge)
                                  0.000000    0.000000   clock network delay (propagated)
                                  0.250000    0.250000   clock uncertainty
                                  0.000000    0.250000   clock reconvergence pessimism
                                 -2.000000   -1.750000   output external delay
                                             -1.750000   data required time
---------------------------------------------------------------------------------------------
                                             -1.750000   data required time
                                            -10.956770   data arrival time
---------------------------------------------------------------------------------------------
                                             12.706770   slack (MET)


Startpoint: u_sram (falling edge-triggered flip-flop clocked by clk_i)
Endpoint: axi_rdata_o[29] (output port clocked by clk_i)
Path Group: clk_i
Path Type: min

Fanout         Cap        Slew       Delay        Time   Description
---------------------------------------------------------------------------------------------
                                 10.000000   10.000000   clock clk_i (fall edge)
                                  0.000000   10.000000   clock source latency
     2    0.081058    0.000000    0.000000   10.000000 v clk_i (in)
                                                         clk_i (net)
                      0.016002    0.008001   10.008001 v clkbuf_0_clk_i/A (sky130_fd_sc_hd__clkbuf_16)
     2    0.039744    0.076963    0.254768   10.262769 v clkbuf_0_clk_i/X (sky130_fd_sc_hd__clkbuf_16)
                                                         clknet_0_clk_i (net)
                      0.077043    0.002233   10.265001 v clkbuf_1_0__f_clk_i/A (sky130_fd_sc_hd__clkbuf_16)
     1    0.066718    0.099396    0.298424   10.563425 v clkbuf_1_0__f_clk_i/X (sky130_fd_sc_hd__clkbuf_16)
                                                         clknet_1_0__leaf_clk_i (net)
                      0.145483    0.023791   10.587215 v u_sram/clk0 (sky130_sram_1kbyte_1rw1r_32x256_8)
     1    0.007173    0.005151    0.369590   10.956805 ^ u_sram/dout0[29] (sky130_sram_1kbyte_1rw1r_32x256_8)
                                                         axi_rdata_o[29] (net)
                      0.003863    0.000125   10.956931 ^ axi_rdata_o[29] (out)
                                             10.956931   data arrival time

                                  0.000000    0.000000   clock clk_i (rise edge)
                                  0.000000    0.000000   clock network delay (propagated)
                                  0.250000    0.250000   clock uncertainty
                                  0.000000    0.250000   clock reconvergence pessimism
                                 -2.000000   -1.750000   output external delay
                                             -1.750000   data required time
---------------------------------------------------------------------------------------------
                                             -1.750000   data required time
                                            -10.956931   data arrival time
---------------------------------------------------------------------------------------------
                                             12.706931   slack (MET)


Startpoint: u_sram (falling edge-triggered flip-flop clocked by clk_i)
Endpoint: axi_rdata_o[21] (output port clocked by clk_i)
Path Group: clk_i
Path Type: min

Fanout         Cap        Slew       Delay        Time   Description
---------------------------------------------------------------------------------------------
                                 10.000000   10.000000   clock clk_i (fall edge)
                                  0.000000   10.000000   clock source latency
     2    0.081058    0.000000    0.000000   10.000000 v clk_i (in)
                                                         clk_i (net)
                      0.016002    0.008001   10.008001 v clkbuf_0_clk_i/A (sky130_fd_sc_hd__clkbuf_16)
     2    0.039744    0.076963    0.254768   10.262769 v clkbuf_0_clk_i/X (sky130_fd_sc_hd__clkbuf_16)
                                                         clknet_0_clk_i (net)
                      0.077043    0.002233   10.265001 v clkbuf_1_0__f_clk_i/A (sky130_fd_sc_hd__clkbuf_16)
     1    0.066718    0.099396    0.298424   10.563425 v clkbuf_1_0__f_clk_i/X (sky130_fd_sc_hd__clkbuf_16)
                                                         clknet_1_0__leaf_clk_i (net)
                      0.145483    0.023791   10.587215 v u_sram/clk0 (sky130_sram_1kbyte_1rw1r_32x256_8)
     1    0.007228    0.005180    0.369899   10.957114 ^ u_sram/dout0[21] (sky130_sram_1kbyte_1rw1r_32x256_8)
                                                         axi_rdata_o[21] (net)
                      0.003885    0.000127   10.957242 ^ axi_rdata_o[21] (out)
                                             10.957242   data arrival time

                                  0.000000    0.000000   clock clk_i (rise edge)
                                  0.000000    0.000000   clock network delay (propagated)
                                  0.250000    0.250000   clock uncertainty
                                  0.000000    0.250000   clock reconvergence pessimism
                                 -2.000000   -1.750000   output external delay
                                             -1.750000   data required time
---------------------------------------------------------------------------------------------
                                             -1.750000   data required time
                                            -10.957242   data arrival time
---------------------------------------------------------------------------------------------
                                             12.707242   slack (MET)


Startpoint: u_sram (falling edge-triggered flip-flop clocked by clk_i)
Endpoint: axi_rdata_o[9] (output port clocked by clk_i)
Path Group: clk_i
Path Type: min

Fanout         Cap        Slew       Delay        Time   Description
---------------------------------------------------------------------------------------------
                                 10.000000   10.000000   clock clk_i (fall edge)
                                  0.000000   10.000000   clock source latency
     2    0.081058    0.000000    0.000000   10.000000 v clk_i (in)
                                                         clk_i (net)
                      0.016002    0.008001   10.008001 v clkbuf_0_clk_i/A (sky130_fd_sc_hd__clkbuf_16)
     2    0.039744    0.076963    0.254768   10.262769 v clkbuf_0_clk_i/X (sky130_fd_sc_hd__clkbuf_16)
                                                         clknet_0_clk_i (net)
                      0.077043    0.002233   10.265001 v clkbuf_1_0__f_clk_i/A (sky130_fd_sc_hd__clkbuf_16)
     1    0.066718    0.099396    0.298424   10.563425 v clkbuf_1_0__f_clk_i/X (sky130_fd_sc_hd__clkbuf_16)
                                                         clknet_1_0__leaf_clk_i (net)
                      0.145483    0.023791   10.587215 v u_sram/clk0 (sky130_sram_1kbyte_1rw1r_32x256_8)
     1    0.007287    0.005212    0.370231   10.957447 ^ u_sram/dout0[9] (sky130_sram_1kbyte_1rw1r_32x256_8)
                                                         axi_rdata_o[9] (net)
                      0.003909    0.000129   10.957576 ^ axi_rdata_o[9] (out)
                                             10.957576   data arrival time

                                  0.000000    0.000000   clock clk_i (rise edge)
                                  0.000000    0.000000   clock network delay (propagated)
                                  0.250000    0.250000   clock uncertainty
                                  0.000000    0.250000   clock reconvergence pessimism
                                 -2.000000   -1.750000   output external delay
                                             -1.750000   data required time
---------------------------------------------------------------------------------------------
                                             -1.750000   data required time
                                            -10.957576   data arrival time
---------------------------------------------------------------------------------------------
                                             12.707576   slack (MET)


Startpoint: u_sram (falling edge-triggered flip-flop clocked by clk_i)
Endpoint: axi_rdata_o[13] (output port clocked by clk_i)
Path Group: clk_i
Path Type: min

Fanout         Cap        Slew       Delay        Time   Description
---------------------------------------------------------------------------------------------
                                 10.000000   10.000000   clock clk_i (fall edge)
                                  0.000000   10.000000   clock source latency
     2    0.081058    0.000000    0.000000   10.000000 v clk_i (in)
                                                         clk_i (net)
                      0.016002    0.008001   10.008001 v clkbuf_0_clk_i/A (sky130_fd_sc_hd__clkbuf_16)
     2    0.039744    0.076963    0.254768   10.262769 v clkbuf_0_clk_i/X (sky130_fd_sc_hd__clkbuf_16)
                                                         clknet_0_clk_i (net)
                      0.077043    0.002233   10.265001 v clkbuf_1_0__f_clk_i/A (sky130_fd_sc_hd__clkbuf_16)
     1    0.066718    0.099396    0.298424   10.563425 v clkbuf_1_0__f_clk_i/X (sky130_fd_sc_hd__clkbuf_16)
                                                         clknet_1_0__leaf_clk_i (net)
                      0.145483    0.023791   10.587215 v u_sram/clk0 (sky130_sram_1kbyte_1rw1r_32x256_8)
     1    0.008326    0.005764    0.376058   10.963274 ^ u_sram/dout0[13] (sky130_sram_1kbyte_1rw1r_32x256_8)
                                                         axi_rdata_o[13] (net)
                      0.004323    0.000167   10.963441 ^ axi_rdata_o[13] (out)
                                             10.963441   data arrival time

                                  0.000000    0.000000   clock clk_i (rise edge)
                                  0.000000    0.000000   clock network delay (propagated)
                                  0.250000    0.250000   clock uncertainty
                                  0.000000    0.250000   clock reconvergence pessimism
                                 -2.000000   -1.750000   output external delay
                                             -1.750000   data required time
---------------------------------------------------------------------------------------------
                                             -1.750000   data required time
                                            -10.963441   data arrival time
---------------------------------------------------------------------------------------------
                                             12.713441   slack (MET)


Startpoint: u_sram (falling edge-triggered flip-flop clocked by clk_i)
Endpoint: axi_rdata_o[22] (output port clocked by clk_i)
Path Group: clk_i
Path Type: min

Fanout         Cap        Slew       Delay        Time   Description
---------------------------------------------------------------------------------------------
                                 10.000000   10.000000   clock clk_i (fall edge)
                                  0.000000   10.000000   clock source latency
     2    0.081058    0.000000    0.000000   10.000000 v clk_i (in)
                                                         clk_i (net)
                      0.016002    0.008001   10.008001 v clkbuf_0_clk_i/A (sky130_fd_sc_hd__clkbuf_16)
     2    0.039744    0.076963    0.254768   10.262769 v clkbuf_0_clk_i/X (sky130_fd_sc_hd__clkbuf_16)
                                                         clknet_0_clk_i (net)
                      0.077043    0.002233   10.265001 v clkbuf_1_0__f_clk_i/A (sky130_fd_sc_hd__clkbuf_16)
     1    0.066718    0.099396    0.298424   10.563425 v clkbuf_1_0__f_clk_i/X (sky130_fd_sc_hd__clkbuf_16)
                                                         clknet_1_0__leaf_clk_i (net)
                      0.145483    0.023791   10.587215 v u_sram/clk0 (sky130_sram_1kbyte_1rw1r_32x256_8)
     1    0.008329    0.005766    0.376073   10.963288 ^ u_sram/dout0[22] (sky130_sram_1kbyte_1rw1r_32x256_8)
                                                         axi_rdata_o[22] (net)
                      0.004324    0.000167   10.963455 ^ axi_rdata_o[22] (out)
                                             10.963455   data arrival time

                                  0.000000    0.000000   clock clk_i (rise edge)
                                  0.000000    0.000000   clock network delay (propagated)
                                  0.250000    0.250000   clock uncertainty
                                  0.000000    0.250000   clock reconvergence pessimism
                                 -2.000000   -1.750000   output external delay
                                             -1.750000   data required time
---------------------------------------------------------------------------------------------
                                             -1.750000   data required time
                                            -10.963455   data arrival time
---------------------------------------------------------------------------------------------
                                             12.713455   slack (MET)


Startpoint: u_sram (falling edge-triggered flip-flop clocked by clk_i)
Endpoint: axi_rdata_o[12] (output port clocked by clk_i)
Path Group: clk_i
Path Type: min

Fanout         Cap        Slew       Delay        Time   Description
---------------------------------------------------------------------------------------------
                                 10.000000   10.000000   clock clk_i (fall edge)
                                  0.000000   10.000000   clock source latency
     2    0.081058    0.000000    0.000000   10.000000 v clk_i (in)
                                                         clk_i (net)
                      0.016002    0.008001   10.008001 v clkbuf_0_clk_i/A (sky130_fd_sc_hd__clkbuf_16)
     2    0.039744    0.076963    0.254768   10.262769 v clkbuf_0_clk_i/X (sky130_fd_sc_hd__clkbuf_16)
                                                         clknet_0_clk_i (net)
                      0.077043    0.002233   10.265001 v clkbuf_1_0__f_clk_i/A (sky130_fd_sc_hd__clkbuf_16)
     1    0.066718    0.099396    0.298424   10.563425 v clkbuf_1_0__f_clk_i/X (sky130_fd_sc_hd__clkbuf_16)
                                                         clknet_1_0__leaf_clk_i (net)
                      0.145483    0.023791   10.587215 v u_sram/clk0 (sky130_sram_1kbyte_1rw1r_32x256_8)
     1    0.008364    0.005784    0.376272   10.963489 ^ u_sram/dout0[12] (sky130_sram_1kbyte_1rw1r_32x256_8)
                                                         axi_rdata_o[12] (net)
                      0.004338    0.000168   10.963656 ^ axi_rdata_o[12] (out)
                                             10.963656   data arrival time

                                  0.000000    0.000000   clock clk_i (rise edge)
                                  0.000000    0.000000   clock network delay (propagated)
                                  0.250000    0.250000   clock uncertainty
                                  0.000000    0.250000   clock reconvergence pessimism
                                 -2.000000   -1.750000   output external delay
                                             -1.750000   data required time
---------------------------------------------------------------------------------------------
                                             -1.750000   data required time
                                            -10.963656   data arrival time
---------------------------------------------------------------------------------------------
                                             12.713656   slack (MET)


Startpoint: u_sram (falling edge-triggered flip-flop clocked by clk_i)
Endpoint: axi_rdata_o[19] (output port clocked by clk_i)
Path Group: clk_i
Path Type: min

Fanout         Cap        Slew       Delay        Time   Description
---------------------------------------------------------------------------------------------
                                 10.000000   10.000000   clock clk_i (fall edge)
                                  0.000000   10.000000   clock source latency
     2    0.081058    0.000000    0.000000   10.000000 v clk_i (in)
                                                         clk_i (net)
                      0.016002    0.008001   10.008001 v clkbuf_0_clk_i/A (sky130_fd_sc_hd__clkbuf_16)
     2    0.039744    0.076963    0.254768   10.262769 v clkbuf_0_clk_i/X (sky130_fd_sc_hd__clkbuf_16)
                                                         clknet_0_clk_i (net)
                      0.077043    0.002233   10.265001 v clkbuf_1_0__f_clk_i/A (sky130_fd_sc_hd__clkbuf_16)
     1    0.066718    0.099396    0.298424   10.563425 v clkbuf_1_0__f_clk_i/X (sky130_fd_sc_hd__clkbuf_16)
                                                         clknet_1_0__leaf_clk_i (net)
                      0.145483    0.023791   10.587215 v u_sram/clk0 (sky130_sram_1kbyte_1rw1r_32x256_8)
     1    0.008376    0.005791    0.376341   10.963556 ^ u_sram/dout0[19] (sky130_sram_1kbyte_1rw1r_32x256_8)
                                                         axi_rdata_o[19] (net)
                      0.004343    0.000179   10.963736 ^ axi_rdata_o[19] (out)
                                             10.963736   data arrival time

                                  0.000000    0.000000   clock clk_i (rise edge)
                                  0.000000    0.000000   clock network delay (propagated)
                                  0.250000    0.250000   clock uncertainty
                                  0.000000    0.250000   clock reconvergence pessimism
                                 -2.000000   -1.750000   output external delay
                                             -1.750000   data required time
---------------------------------------------------------------------------------------------
                                             -1.750000   data required time
                                            -10.963736   data arrival time
---------------------------------------------------------------------------------------------
                                             12.713736   slack (MET)


Startpoint: u_sram (falling edge-triggered flip-flop clocked by clk_i)
Endpoint: axi_rdata_o[11] (output port clocked by clk_i)
Path Group: clk_i
Path Type: min

Fanout         Cap        Slew       Delay        Time   Description
---------------------------------------------------------------------------------------------
                                 10.000000   10.000000   clock clk_i (fall edge)
                                  0.000000   10.000000   clock source latency
     2    0.081058    0.000000    0.000000   10.000000 v clk_i (in)
                                                         clk_i (net)
                      0.016002    0.008001   10.008001 v clkbuf_0_clk_i/A (sky130_fd_sc_hd__clkbuf_16)
     2    0.039744    0.076963    0.254768   10.262769 v clkbuf_0_clk_i/X (sky130_fd_sc_hd__clkbuf_16)
                                                         clknet_0_clk_i (net)
                      0.077043    0.002233   10.265001 v clkbuf_1_0__f_clk_i/A (sky130_fd_sc_hd__clkbuf_16)
     1    0.066718    0.099396    0.298424   10.563425 v clkbuf_1_0__f_clk_i/X (sky130_fd_sc_hd__clkbuf_16)
                                                         clknet_1_0__leaf_clk_i (net)
                      0.145483    0.023791   10.587215 v u_sram/clk0 (sky130_sram_1kbyte_1rw1r_32x256_8)
     1    0.008393    0.005800    0.376438   10.963654 ^ u_sram/dout0[11] (sky130_sram_1kbyte_1rw1r_32x256_8)
                                                         axi_rdata_o[11] (net)
                      0.004350    0.000170   10.963823 ^ axi_rdata_o[11] (out)
                                             10.963823   data arrival time

                                  0.000000    0.000000   clock clk_i (rise edge)
                                  0.000000    0.000000   clock network delay (propagated)
                                  0.250000    0.250000   clock uncertainty
                                  0.000000    0.250000   clock reconvergence pessimism
                                 -2.000000   -1.750000   output external delay
                                             -1.750000   data required time
---------------------------------------------------------------------------------------------
                                             -1.750000   data required time
                                            -10.963823   data arrival time
---------------------------------------------------------------------------------------------
                                             12.713823   slack (MET)


Startpoint: u_sram (falling edge-triggered flip-flop clocked by clk_i)
Endpoint: axi_rdata_o[15] (output port clocked by clk_i)
Path Group: clk_i
Path Type: min

Fanout         Cap        Slew       Delay        Time   Description
---------------------------------------------------------------------------------------------
                                 10.000000   10.000000   clock clk_i (fall edge)
                                  0.000000   10.000000   clock source latency
     2    0.081058    0.000000    0.000000   10.000000 v clk_i (in)
                                                         clk_i (net)
                      0.016002    0.008001   10.008001 v clkbuf_0_clk_i/A (sky130_fd_sc_hd__clkbuf_16)
     2    0.039744    0.076963    0.254768   10.262769 v clkbuf_0_clk_i/X (sky130_fd_sc_hd__clkbuf_16)
                                                         clknet_0_clk_i (net)
                      0.077043    0.002233   10.265001 v clkbuf_1_0__f_clk_i/A (sky130_fd_sc_hd__clkbuf_16)
     1    0.066718    0.099396    0.298424   10.563425 v clkbuf_1_0__f_clk_i/X (sky130_fd_sc_hd__clkbuf_16)
                                                         clknet_1_0__leaf_clk_i (net)
                      0.145483    0.023791   10.587215 v u_sram/clk0 (sky130_sram_1kbyte_1rw1r_32x256_8)
     1    0.008406    0.005807    0.376510   10.963726 ^ u_sram/dout0[15] (sky130_sram_1kbyte_1rw1r_32x256_8)
                                                         axi_rdata_o[15] (net)
                      0.004355    0.000171   10.963897 ^ axi_rdata_o[15] (out)
                                             10.963897   data arrival time

                                  0.000000    0.000000   clock clk_i (rise edge)
                                  0.000000    0.000000   clock network delay (propagated)
                                  0.250000    0.250000   clock uncertainty
                                  0.000000    0.250000   clock reconvergence pessimism
                                 -2.000000   -1.750000   output external delay
                                             -1.750000   data required time
---------------------------------------------------------------------------------------------
                                             -1.750000   data required time
                                            -10.963897   data arrival time
---------------------------------------------------------------------------------------------
                                             12.713897   slack (MET)


Startpoint: u_sram (falling edge-triggered flip-flop clocked by clk_i)
Endpoint: axi_rdata_o[16] (output port clocked by clk_i)
Path Group: clk_i
Path Type: min

Fanout         Cap        Slew       Delay        Time   Description
---------------------------------------------------------------------------------------------
                                 10.000000   10.000000   clock clk_i (fall edge)
                                  0.000000   10.000000   clock source latency
     2    0.081058    0.000000    0.000000   10.000000 v clk_i (in)
                                                         clk_i (net)
                      0.016002    0.008001   10.008001 v clkbuf_0_clk_i/A (sky130_fd_sc_hd__clkbuf_16)
     2    0.039744    0.076963    0.254768   10.262769 v clkbuf_0_clk_i/X (sky130_fd_sc_hd__clkbuf_16)
                                                         clknet_0_clk_i (net)
                      0.077043    0.002233   10.265001 v clkbuf_1_0__f_clk_i/A (sky130_fd_sc_hd__clkbuf_16)
     1    0.066718    0.099396    0.298424   10.563425 v clkbuf_1_0__f_clk_i/X (sky130_fd_sc_hd__clkbuf_16)
                                                         clknet_1_0__leaf_clk_i (net)
                      0.145483    0.023791   10.587215 v u_sram/clk0 (sky130_sram_1kbyte_1rw1r_32x256_8)
     1    0.008578    0.005899    0.377475   10.964691 ^ u_sram/dout0[16] (sky130_sram_1kbyte_1rw1r_32x256_8)
                                                         axi_rdata_o[16] (net)
                      0.004424    0.000175   10.964866 ^ axi_rdata_o[16] (out)
                                             10.964866   data arrival time

                                  0.000000    0.000000   clock clk_i (rise edge)
                                  0.000000    0.000000   clock network delay (propagated)
                                  0.250000    0.250000   clock uncertainty
                                  0.000000    0.250000   clock reconvergence pessimism
                                 -2.000000   -1.750000   output external delay
                                             -1.750000   data required time
---------------------------------------------------------------------------------------------
                                             -1.750000   data required time
                                            -10.964866   data arrival time
---------------------------------------------------------------------------------------------
                                             12.714866   slack (MET)


Startpoint: u_sram (falling edge-triggered flip-flop clocked by clk_i)
Endpoint: axi_rdata_o[1] (output port clocked by clk_i)
Path Group: clk_i
Path Type: min

Fanout         Cap        Slew       Delay        Time   Description
---------------------------------------------------------------------------------------------
                                 10.000000   10.000000   clock clk_i (fall edge)
                                  0.000000   10.000000   clock source latency
     2    0.081058    0.000000    0.000000   10.000000 v clk_i (in)
                                                         clk_i (net)
                      0.016002    0.008001   10.008001 v clkbuf_0_clk_i/A (sky130_fd_sc_hd__clkbuf_16)
     2    0.039744    0.076963    0.254768   10.262769 v clkbuf_0_clk_i/X (sky130_fd_sc_hd__clkbuf_16)
                                                         clknet_0_clk_i (net)
                      0.077043    0.002233   10.265001 v clkbuf_1_0__f_clk_i/A (sky130_fd_sc_hd__clkbuf_16)
     1    0.066718    0.099396    0.298424   10.563425 v clkbuf_1_0__f_clk_i/X (sky130_fd_sc_hd__clkbuf_16)
                                                         clknet_1_0__leaf_clk_i (net)
                      0.145483    0.023791   10.587215 v u_sram/clk0 (sky130_sram_1kbyte_1rw1r_32x256_8)
     1    0.008598    0.005909    0.377587   10.964803 ^ u_sram/dout0[1] (sky130_sram_1kbyte_1rw1r_32x256_8)
                                                         axi_rdata_o[1] (net)
                      0.004432    0.000176   10.964978 ^ axi_rdata_o[1] (out)
                                             10.964978   data arrival time

                                  0.000000    0.000000   clock clk_i (rise edge)
                                  0.000000    0.000000   clock network delay (propagated)
                                  0.250000    0.250000   clock uncertainty
                                  0.000000    0.250000   clock reconvergence pessimism
                                 -2.000000   -1.750000   output external delay
                                             -1.750000   data required time
---------------------------------------------------------------------------------------------
                                             -1.750000   data required time
                                            -10.964978   data arrival time
---------------------------------------------------------------------------------------------
                                             12.714979   slack (MET)


Startpoint: u_sram (falling edge-triggered flip-flop clocked by clk_i)
Endpoint: axi_rdata_o[23] (output port clocked by clk_i)
Path Group: clk_i
Path Type: min

Fanout         Cap        Slew       Delay        Time   Description
---------------------------------------------------------------------------------------------
                                 10.000000   10.000000   clock clk_i (fall edge)
                                  0.000000   10.000000   clock source latency
     2    0.081058    0.000000    0.000000   10.000000 v clk_i (in)
                                                         clk_i (net)
                      0.016002    0.008001   10.008001 v clkbuf_0_clk_i/A (sky130_fd_sc_hd__clkbuf_16)
     2    0.039744    0.076963    0.254768   10.262769 v clkbuf_0_clk_i/X (sky130_fd_sc_hd__clkbuf_16)
                                                         clknet_0_clk_i (net)
                      0.077043    0.002233   10.265001 v clkbuf_1_0__f_clk_i/A (sky130_fd_sc_hd__clkbuf_16)
     1    0.066718    0.099396    0.298424   10.563425 v clkbuf_1_0__f_clk_i/X (sky130_fd_sc_hd__clkbuf_16)
                                                         clknet_1_0__leaf_clk_i (net)
                      0.145483    0.023791   10.587215 v u_sram/clk0 (sky130_sram_1kbyte_1rw1r_32x256_8)
     1    0.008592    0.005906    0.377550   10.964766 ^ u_sram/dout0[23] (sky130_sram_1kbyte_1rw1r_32x256_8)
                                                         axi_rdata_o[23] (net)
                      0.004429    0.000203   10.964968 ^ axi_rdata_o[23] (out)
                                             10.964968   data arrival time

                                  0.000000    0.000000   clock clk_i (rise edge)
                                  0.000000    0.000000   clock network delay (propagated)
                                  0.250000    0.250000   clock uncertainty
                                  0.000000    0.250000   clock reconvergence pessimism
                                 -2.000000   -1.750000   output external delay
                                             -1.750000   data required time
---------------------------------------------------------------------------------------------
                                             -1.750000   data required time
                                            -10.964968   data arrival time
---------------------------------------------------------------------------------------------
                                             12.714968   slack (MET)


Startpoint: u_sram (falling edge-triggered flip-flop clocked by clk_i)
Endpoint: axi_rdata_o[2] (output port clocked by clk_i)
Path Group: clk_i
Path Type: min

Fanout         Cap        Slew       Delay        Time   Description
---------------------------------------------------------------------------------------------
                                 10.000000   10.000000   clock clk_i (fall edge)
                                  0.000000   10.000000   clock source latency
     2    0.081058    0.000000    0.000000   10.000000 v clk_i (in)
                                                         clk_i (net)
                      0.016002    0.008001   10.008001 v clkbuf_0_clk_i/A (sky130_fd_sc_hd__clkbuf_16)
     2    0.039744    0.076963    0.254768   10.262769 v clkbuf_0_clk_i/X (sky130_fd_sc_hd__clkbuf_16)
                                                         clknet_0_clk_i (net)
                      0.077043    0.002233   10.265001 v clkbuf_1_0__f_clk_i/A (sky130_fd_sc_hd__clkbuf_16)
     1    0.066718    0.099396    0.298424   10.563425 v clkbuf_1_0__f_clk_i/X (sky130_fd_sc_hd__clkbuf_16)
                                                         clknet_1_0__leaf_clk_i (net)
                      0.145483    0.023791   10.587215 v u_sram/clk0 (sky130_sram_1kbyte_1rw1r_32x256_8)
     1    0.008612    0.005916    0.377663   10.964879 ^ u_sram/dout0[2] (sky130_sram_1kbyte_1rw1r_32x256_8)
                                                         axi_rdata_o[2] (net)
                      0.004437    0.000178   10.965056 ^ axi_rdata_o[2] (out)
                                             10.965056   data arrival time

                                  0.000000    0.000000   clock clk_i (rise edge)
                                  0.000000    0.000000   clock network delay (propagated)
                                  0.250000    0.250000   clock uncertainty
                                  0.000000    0.250000   clock reconvergence pessimism
                                 -2.000000   -1.750000   output external delay
                                             -1.750000   data required time
---------------------------------------------------------------------------------------------
                                             -1.750000   data required time
                                            -10.965056   data arrival time
---------------------------------------------------------------------------------------------
                                             12.715057   slack (MET)


Startpoint: u_sram (falling edge-triggered flip-flop clocked by clk_i)
Endpoint: axi_rdata_o[14] (output port clocked by clk_i)
Path Group: clk_i
Path Type: min

Fanout         Cap        Slew       Delay        Time   Description
---------------------------------------------------------------------------------------------
                                 10.000000   10.000000   clock clk_i (fall edge)
                                  0.000000   10.000000   clock source latency
     2    0.081058    0.000000    0.000000   10.000000 v clk_i (in)
                                                         clk_i (net)
                      0.016002    0.008001   10.008001 v clkbuf_0_clk_i/A (sky130_fd_sc_hd__clkbuf_16)
     2    0.039744    0.076963    0.254768   10.262769 v clkbuf_0_clk_i/X (sky130_fd_sc_hd__clkbuf_16)
                                                         clknet_0_clk_i (net)
                      0.077043    0.002233   10.265001 v clkbuf_1_0__f_clk_i/A (sky130_fd_sc_hd__clkbuf_16)
     1    0.066718    0.099396    0.298424   10.563425 v clkbuf_1_0__f_clk_i/X (sky130_fd_sc_hd__clkbuf_16)
                                                         clknet_1_0__leaf_clk_i (net)
                      0.145483    0.023791   10.587215 v u_sram/clk0 (sky130_sram_1kbyte_1rw1r_32x256_8)
     1    0.008630    0.005926    0.377766   10.964982 ^ u_sram/dout0[14] (sky130_sram_1kbyte_1rw1r_32x256_8)
                                                         axi_rdata_o[14] (net)
                      0.004445    0.000179   10.965160 ^ axi_rdata_o[14] (out)
                                             10.965160   data arrival time

                                  0.000000    0.000000   clock clk_i (rise edge)
                                  0.000000    0.000000   clock network delay (propagated)
                                  0.250000    0.250000   clock uncertainty
                                  0.000000    0.250000   clock reconvergence pessimism
                                 -2.000000   -1.750000   output external delay
                                             -1.750000   data required time
---------------------------------------------------------------------------------------------
                                             -1.750000   data required time
                                            -10.965160   data arrival time
---------------------------------------------------------------------------------------------
                                             12.715160   slack (MET)


Startpoint: u_sram (falling edge-triggered flip-flop clocked by clk_i)
Endpoint: axi_rdata_o[0] (output port clocked by clk_i)
Path Group: clk_i
Path Type: min

Fanout         Cap        Slew       Delay        Time   Description
---------------------------------------------------------------------------------------------
                                 10.000000   10.000000   clock clk_i (fall edge)
                                  0.000000   10.000000   clock source latency
     2    0.081058    0.000000    0.000000   10.000000 v clk_i (in)
                                                         clk_i (net)
                      0.016002    0.008001   10.008001 v clkbuf_0_clk_i/A (sky130_fd_sc_hd__clkbuf_16)
     2    0.039744    0.076963    0.254768   10.262769 v clkbuf_0_clk_i/X (sky130_fd_sc_hd__clkbuf_16)
                                                         clknet_0_clk_i (net)
                      0.077043    0.002233   10.265001 v clkbuf_1_0__f_clk_i/A (sky130_fd_sc_hd__clkbuf_16)
     1    0.066718    0.099396    0.298424   10.563425 v clkbuf_1_0__f_clk_i/X (sky130_fd_sc_hd__clkbuf_16)
                                                         clknet_1_0__leaf_clk_i (net)
                      0.145483    0.023791   10.587215 v u_sram/clk0 (sky130_sram_1kbyte_1rw1r_32x256_8)
     1    0.008638    0.005930    0.377808   10.965024 ^ u_sram/dout0[0] (sky130_sram_1kbyte_1rw1r_32x256_8)
                                                         axi_rdata_o[0] (net)
                      0.004448    0.000179   10.965202 ^ axi_rdata_o[0] (out)
                                             10.965202   data arrival time

                                  0.000000    0.000000   clock clk_i (rise edge)
                                  0.000000    0.000000   clock network delay (propagated)
                                  0.250000    0.250000   clock uncertainty
                                  0.000000    0.250000   clock reconvergence pessimism
                                 -2.000000   -1.750000   output external delay
                                             -1.750000   data required time
---------------------------------------------------------------------------------------------
                                             -1.750000   data required time
                                            -10.965202   data arrival time
---------------------------------------------------------------------------------------------
                                             12.715202   slack (MET)


Startpoint: u_sram (falling edge-triggered flip-flop clocked by clk_i)
Endpoint: axi_rdata_o[7] (output port clocked by clk_i)
Path Group: clk_i
Path Type: min

Fanout         Cap        Slew       Delay        Time   Description
---------------------------------------------------------------------------------------------
                                 10.000000   10.000000   clock clk_i (fall edge)
                                  0.000000   10.000000   clock source latency
     2    0.081058    0.000000    0.000000   10.000000 v clk_i (in)
                                                         clk_i (net)
                      0.016002    0.008001   10.008001 v clkbuf_0_clk_i/A (sky130_fd_sc_hd__clkbuf_16)
     2    0.039744    0.076963    0.254768   10.262769 v clkbuf_0_clk_i/X (sky130_fd_sc_hd__clkbuf_16)
                                                         clknet_0_clk_i (net)
                      0.077043    0.002233   10.265001 v clkbuf_1_0__f_clk_i/A (sky130_fd_sc_hd__clkbuf_16)
     1    0.066718    0.099396    0.298424   10.563425 v clkbuf_1_0__f_clk_i/X (sky130_fd_sc_hd__clkbuf_16)
                                                         clknet_1_0__leaf_clk_i (net)
                      0.145483    0.023791   10.587215 v u_sram/clk0 (sky130_sram_1kbyte_1rw1r_32x256_8)
     1    0.008855    0.006046    0.379028   10.966245 ^ u_sram/dout0[7] (sky130_sram_1kbyte_1rw1r_32x256_8)
                                                         axi_rdata_o[7] (net)
                      0.004534    0.000188   10.966433 ^ axi_rdata_o[7] (out)
                                             10.966433   data arrival time

                                  0.000000    0.000000   clock clk_i (rise edge)
                                  0.000000    0.000000   clock network delay (propagated)
                                  0.250000    0.250000   clock uncertainty
                                  0.000000    0.250000   clock reconvergence pessimism
                                 -2.000000   -1.750000   output external delay
                                             -1.750000   data required time
---------------------------------------------------------------------------------------------
                                             -1.750000   data required time
                                            -10.966433   data arrival time
---------------------------------------------------------------------------------------------
                                             12.716433   slack (MET)


Startpoint: u_sram (falling edge-triggered flip-flop clocked by clk_i)
Endpoint: axi_rdata_o[5] (output port clocked by clk_i)
Path Group: clk_i
Path Type: min

Fanout         Cap        Slew       Delay        Time   Description
---------------------------------------------------------------------------------------------
                                 10.000000   10.000000   clock clk_i (fall edge)
                                  0.000000   10.000000   clock source latency
     2    0.081058    0.000000    0.000000   10.000000 v clk_i (in)
                                                         clk_i (net)
                      0.016002    0.008001   10.008001 v clkbuf_0_clk_i/A (sky130_fd_sc_hd__clkbuf_16)
     2    0.039744    0.076963    0.254768   10.262769 v clkbuf_0_clk_i/X (sky130_fd_sc_hd__clkbuf_16)
                                                         clknet_0_clk_i (net)
                      0.077043    0.002233   10.265001 v clkbuf_1_0__f_clk_i/A (sky130_fd_sc_hd__clkbuf_16)
     1    0.066718    0.099396    0.298424   10.563425 v clkbuf_1_0__f_clk_i/X (sky130_fd_sc_hd__clkbuf_16)
                                                         clknet_1_0__leaf_clk_i (net)
                      0.145483    0.023791   10.587215 v u_sram/clk0 (sky130_sram_1kbyte_1rw1r_32x256_8)
     1    0.008907    0.006073    0.379318   10.966534 ^ u_sram/dout0[5] (sky130_sram_1kbyte_1rw1r_32x256_8)
                                                         axi_rdata_o[5] (net)
                      0.004555    0.000188   10.966722 ^ axi_rdata_o[5] (out)
                                             10.966722   data arrival time

                                  0.000000    0.000000   clock clk_i (rise edge)
                                  0.000000    0.000000   clock network delay (propagated)
                                  0.250000    0.250000   clock uncertainty
                                  0.000000    0.250000   clock reconvergence pessimism
                                 -2.000000   -1.750000   output external delay
                                             -1.750000   data required time
---------------------------------------------------------------------------------------------
                                             -1.750000   data required time
                                            -10.966722   data arrival time
---------------------------------------------------------------------------------------------
                                             12.716722   slack (MET)


Startpoint: u_sram (falling edge-triggered flip-flop clocked by clk_i)
Endpoint: axi_rdata_o[3] (output port clocked by clk_i)
Path Group: clk_i
Path Type: min

Fanout         Cap        Slew       Delay        Time   Description
---------------------------------------------------------------------------------------------
                                 10.000000   10.000000   clock clk_i (fall edge)
                                  0.000000   10.000000   clock source latency
     2    0.081058    0.000000    0.000000   10.000000 v clk_i (in)
                                                         clk_i (net)
                      0.016002    0.008001   10.008001 v clkbuf_0_clk_i/A (sky130_fd_sc_hd__clkbuf_16)
     2    0.039744    0.076963    0.254768   10.262769 v clkbuf_0_clk_i/X (sky130_fd_sc_hd__clkbuf_16)
                                                         clknet_0_clk_i (net)
                      0.077043    0.002233   10.265001 v clkbuf_1_0__f_clk_i/A (sky130_fd_sc_hd__clkbuf_16)
     1    0.066718    0.099396    0.298424   10.563425 v clkbuf_1_0__f_clk_i/X (sky130_fd_sc_hd__clkbuf_16)
                                                         clknet_1_0__leaf_clk_i (net)
                      0.145483    0.023791   10.587215 v u_sram/clk0 (sky130_sram_1kbyte_1rw1r_32x256_8)
     1    0.008994    0.006120    0.379808   10.967024 ^ u_sram/dout0[3] (sky130_sram_1kbyte_1rw1r_32x256_8)
                                                         axi_rdata_o[3] (net)
                      0.004590    0.000194   10.967217 ^ axi_rdata_o[3] (out)
                                             10.967217   data arrival time

                                  0.000000    0.000000   clock clk_i (rise edge)
                                  0.000000    0.000000   clock network delay (propagated)
                                  0.250000    0.250000   clock uncertainty
                                  0.000000    0.250000   clock reconvergence pessimism
                                 -2.000000   -1.750000   output external delay
                                             -1.750000   data required time
---------------------------------------------------------------------------------------------
                                             -1.750000   data required time
                                            -10.967217   data arrival time
---------------------------------------------------------------------------------------------
                                             12.717217   slack (MET)


Startpoint: u_sram (falling edge-triggered flip-flop clocked by clk_i)
Endpoint: axi_rdata_o[24] (output port clocked by clk_i)
Path Group: clk_i
Path Type: min

Fanout         Cap        Slew       Delay        Time   Description
---------------------------------------------------------------------------------------------
                                 10.000000   10.000000   clock clk_i (fall edge)
                                  0.000000   10.000000   clock source latency
     2    0.081058    0.000000    0.000000   10.000000 v clk_i (in)
                                                         clk_i (net)
                      0.016002    0.008001   10.008001 v clkbuf_0_clk_i/A (sky130_fd_sc_hd__clkbuf_16)
     2    0.039744    0.076963    0.254768   10.262769 v clkbuf_0_clk_i/X (sky130_fd_sc_hd__clkbuf_16)
                                                         clknet_0_clk_i (net)
                      0.077043    0.002233   10.265001 v clkbuf_1_0__f_clk_i/A (sky130_fd_sc_hd__clkbuf_16)
     1    0.066718    0.099396    0.298424   10.563425 v clkbuf_1_0__f_clk_i/X (sky130_fd_sc_hd__clkbuf_16)
                                                         clknet_1_0__leaf_clk_i (net)
                      0.145483    0.023791   10.587215 v u_sram/clk0 (sky130_sram_1kbyte_1rw1r_32x256_8)
     1    0.009297    0.006281    0.381510   10.968726 ^ u_sram/dout0[24] (sky130_sram_1kbyte_1rw1r_32x256_8)
                                                         axi_rdata_o[24] (net)
                      0.004711    0.000225   10.968950 ^ axi_rdata_o[24] (out)
                                             10.968950   data arrival time

                                  0.000000    0.000000   clock clk_i (rise edge)
                                  0.000000    0.000000   clock network delay (propagated)
                                  0.250000    0.250000   clock uncertainty
                                  0.000000    0.250000   clock reconvergence pessimism
                                 -2.000000   -1.750000   output external delay
                                             -1.750000   data required time
---------------------------------------------------------------------------------------------
                                             -1.750000   data required time
                                            -10.968950   data arrival time
---------------------------------------------------------------------------------------------
                                             12.718950   slack (MET)


Startpoint: u_sram (falling edge-triggered flip-flop clocked by clk_i)
Endpoint: axi_rdata_o[20] (output port clocked by clk_i)
Path Group: clk_i
Path Type: min

Fanout         Cap        Slew       Delay        Time   Description
---------------------------------------------------------------------------------------------
                                 10.000000   10.000000   clock clk_i (fall edge)
                                  0.000000   10.000000   clock source latency
     2    0.081058    0.000000    0.000000   10.000000 v clk_i (in)
                                                         clk_i (net)
                      0.016002    0.008001   10.008001 v clkbuf_0_clk_i/A (sky130_fd_sc_hd__clkbuf_16)
     2    0.039744    0.076963    0.254768   10.262769 v clkbuf_0_clk_i/X (sky130_fd_sc_hd__clkbuf_16)
                                                         clknet_0_clk_i (net)
                      0.077043    0.002233   10.265001 v clkbuf_1_0__f_clk_i/A (sky130_fd_sc_hd__clkbuf_16)
     1    0.066718    0.099396    0.298424   10.563425 v clkbuf_1_0__f_clk_i/X (sky130_fd_sc_hd__clkbuf_16)
                                                         clknet_1_0__leaf_clk_i (net)
                      0.145483    0.023791   10.587215 v u_sram/clk0 (sky130_sram_1kbyte_1rw1r_32x256_8)
     1    0.009470    0.006373    0.382481   10.969697 ^ u_sram/dout0[20] (sky130_sram_1kbyte_1rw1r_32x256_8)
                                                         axi_rdata_o[20] (net)
                      0.004780    0.000208   10.969904 ^ axi_rdata_o[20] (out)
                                             10.969904   data arrival time

                                  0.000000    0.000000   clock clk_i (rise edge)
                                  0.000000    0.000000   clock network delay (propagated)
                                  0.250000    0.250000   clock uncertainty
                                  0.000000    0.250000   clock reconvergence pessimism
                                 -2.000000   -1.750000   output external delay
                                             -1.750000   data required time
---------------------------------------------------------------------------------------------
                                             -1.750000   data required time
                                            -10.969904   data arrival time
---------------------------------------------------------------------------------------------
                                             12.719905   slack (MET)


Startpoint: u_sram (falling edge-triggered flip-flop clocked by clk_i)
Endpoint: axi_rdata_o[10] (output port clocked by clk_i)
Path Group: clk_i
Path Type: min

Fanout         Cap        Slew       Delay        Time   Description
---------------------------------------------------------------------------------------------
                                 10.000000   10.000000   clock clk_i (fall edge)
                                  0.000000   10.000000   clock source latency
     2    0.081058    0.000000    0.000000   10.000000 v clk_i (in)
                                                         clk_i (net)
                      0.016002    0.008001   10.008001 v clkbuf_0_clk_i/A (sky130_fd_sc_hd__clkbuf_16)
     2    0.039744    0.076963    0.254768   10.262769 v clkbuf_0_clk_i/X (sky130_fd_sc_hd__clkbuf_16)
                                                         clknet_0_clk_i (net)
                      0.077043    0.002233   10.265001 v clkbuf_1_0__f_clk_i/A (sky130_fd_sc_hd__clkbuf_16)
     1    0.066718    0.099396    0.298424   10.563425 v clkbuf_1_0__f_clk_i/X (sky130_fd_sc_hd__clkbuf_16)
                                                         clknet_1_0__leaf_clk_i (net)
                      0.145483    0.023791   10.587215 v u_sram/clk0 (sky130_sram_1kbyte_1rw1r_32x256_8)
     1    0.009475    0.006376    0.382508   10.969724 ^ u_sram/dout0[10] (sky130_sram_1kbyte_1rw1r_32x256_8)
                                                         axi_rdata_o[10] (net)
                      0.004782    0.000208   10.969932 ^ axi_rdata_o[10] (out)
                                             10.969932   data arrival time

                                  0.000000    0.000000   clock clk_i (rise edge)
                                  0.000000    0.000000   clock network delay (propagated)
                                  0.250000    0.250000   clock uncertainty
                                  0.000000    0.250000   clock reconvergence pessimism
                                 -2.000000   -1.750000   output external delay
                                             -1.750000   data required time
---------------------------------------------------------------------------------------------
                                             -1.750000   data required time
                                            -10.969932   data arrival time
---------------------------------------------------------------------------------------------
                                             12.719933   slack (MET)


Startpoint: u_sram (falling edge-triggered flip-flop clocked by clk_i)
Endpoint: axi_rdata_o[17] (output port clocked by clk_i)
Path Group: clk_i
Path Type: min

Fanout         Cap        Slew       Delay        Time   Description
---------------------------------------------------------------------------------------------
                                 10.000000   10.000000   clock clk_i (fall edge)
                                  0.000000   10.000000   clock source latency
     2    0.081058    0.000000    0.000000   10.000000 v clk_i (in)
                                                         clk_i (net)
                      0.016002    0.008001   10.008001 v clkbuf_0_clk_i/A (sky130_fd_sc_hd__clkbuf_16)
     2    0.039744    0.076963    0.254768   10.262769 v clkbuf_0_clk_i/X (sky130_fd_sc_hd__clkbuf_16)
                                                         clknet_0_clk_i (net)
                      0.077043    0.002233   10.265001 v clkbuf_1_0__f_clk_i/A (sky130_fd_sc_hd__clkbuf_16)
     1    0.066718    0.099396    0.298424   10.563425 v clkbuf_1_0__f_clk_i/X (sky130_fd_sc_hd__clkbuf_16)
                                                         clknet_1_0__leaf_clk_i (net)
                      0.145483    0.023791   10.587215 v u_sram/clk0 (sky130_sram_1kbyte_1rw1r_32x256_8)
     1    0.009538    0.006409    0.382863   10.970078 ^ u_sram/dout0[17] (sky130_sram_1kbyte_1rw1r_32x256_8)
                                                         axi_rdata_o[17] (net)
                      0.004807    0.000178   10.970256 ^ axi_rdata_o[17] (out)
                                             10.970256   data arrival time

                                  0.000000    0.000000   clock clk_i (rise edge)
                                  0.000000    0.000000   clock network delay (propagated)
                                  0.250000    0.250000   clock uncertainty
                                  0.000000    0.250000   clock reconvergence pessimism
                                 -2.000000   -1.750000   output external delay
                                             -1.750000   data required time
---------------------------------------------------------------------------------------------
                                             -1.750000   data required time
                                            -10.970256   data arrival time
---------------------------------------------------------------------------------------------
                                             12.720256   slack (MET)


Startpoint: u_sram (falling edge-triggered flip-flop clocked by clk_i)
Endpoint: axi_rdata_o[6] (output port clocked by clk_i)
Path Group: clk_i
Path Type: min

Fanout         Cap        Slew       Delay        Time   Description
---------------------------------------------------------------------------------------------
                                 10.000000   10.000000   clock clk_i (fall edge)
                                  0.000000   10.000000   clock source latency
     2    0.081058    0.000000    0.000000   10.000000 v clk_i (in)
                                                         clk_i (net)
                      0.016002    0.008001   10.008001 v clkbuf_0_clk_i/A (sky130_fd_sc_hd__clkbuf_16)
     2    0.039744    0.076963    0.254768   10.262769 v clkbuf_0_clk_i/X (sky130_fd_sc_hd__clkbuf_16)
                                                         clknet_0_clk_i (net)
                      0.077043    0.002233   10.265001 v clkbuf_1_0__f_clk_i/A (sky130_fd_sc_hd__clkbuf_16)
     1    0.066718    0.099396    0.298424   10.563425 v clkbuf_1_0__f_clk_i/X (sky130_fd_sc_hd__clkbuf_16)
                                                         clknet_1_0__leaf_clk_i (net)
                      0.145483    0.023791   10.587215 v u_sram/clk0 (sky130_sram_1kbyte_1rw1r_32x256_8)
     1    0.009556    0.006419    0.382962   10.970178 ^ u_sram/dout0[6] (sky130_sram_1kbyte_1rw1r_32x256_8)
                                                         axi_rdata_o[6] (net)
                      0.004814    0.000212   10.970390 ^ axi_rdata_o[6] (out)
                                             10.970390   data arrival time

                                  0.000000    0.000000   clock clk_i (rise edge)
                                  0.000000    0.000000   clock network delay (propagated)
                                  0.250000    0.250000   clock uncertainty
                                  0.000000    0.250000   clock reconvergence pessimism
                                 -2.000000   -1.750000   output external delay
                                             -1.750000   data required time
---------------------------------------------------------------------------------------------
                                             -1.750000   data required time
                                            -10.970390   data arrival time
---------------------------------------------------------------------------------------------
                                             12.720390   slack (MET)


Startpoint: u_sram (falling edge-triggered flip-flop clocked by clk_i)
Endpoint: axi_rdata_o[4] (output port clocked by clk_i)
Path Group: clk_i
Path Type: min

Fanout         Cap        Slew       Delay        Time   Description
---------------------------------------------------------------------------------------------
                                 10.000000   10.000000   clock clk_i (fall edge)
                                  0.000000   10.000000   clock source latency
     2    0.081058    0.000000    0.000000   10.000000 v clk_i (in)
                                                         clk_i (net)
                      0.016002    0.008001   10.008001 v clkbuf_0_clk_i/A (sky130_fd_sc_hd__clkbuf_16)
     2    0.039744    0.076963    0.254768   10.262769 v clkbuf_0_clk_i/X (sky130_fd_sc_hd__clkbuf_16)
                                                         clknet_0_clk_i (net)
                      0.077043    0.002233   10.265001 v clkbuf_1_0__f_clk_i/A (sky130_fd_sc_hd__clkbuf_16)
     1    0.066718    0.099396    0.298424   10.563425 v clkbuf_1_0__f_clk_i/X (sky130_fd_sc_hd__clkbuf_16)
                                                         clknet_1_0__leaf_clk_i (net)
                      0.145483    0.023791   10.587215 v u_sram/clk0 (sky130_sram_1kbyte_1rw1r_32x256_8)
     1    0.009566    0.006424    0.383021   10.970237 ^ u_sram/dout0[4] (sky130_sram_1kbyte_1rw1r_32x256_8)
                                                         axi_rdata_o[4] (net)
                      0.004818    0.000212   10.970448 ^ axi_rdata_o[4] (out)
                                             10.970448   data arrival time

                                  0.000000    0.000000   clock clk_i (rise edge)
                                  0.000000    0.000000   clock network delay (propagated)
                                  0.250000    0.250000   clock uncertainty
                                  0.000000    0.250000   clock reconvergence pessimism
                                 -2.000000   -1.750000   output external delay
                                             -1.750000   data required time
---------------------------------------------------------------------------------------------
                                             -1.750000   data required time
                                            -10.970448   data arrival time
---------------------------------------------------------------------------------------------
                                             12.720449   slack (MET)


Startpoint: u_sram (falling edge-triggered flip-flop clocked by clk_i)
Endpoint: axi_rdata_o[8] (output port clocked by clk_i)
Path Group: clk_i
Path Type: min

Fanout         Cap        Slew       Delay        Time   Description
---------------------------------------------------------------------------------------------
                                 10.000000   10.000000   clock clk_i (fall edge)
                                  0.000000   10.000000   clock source latency
     2    0.081058    0.000000    0.000000   10.000000 v clk_i (in)
                                                         clk_i (net)
                      0.016002    0.008001   10.008001 v clkbuf_0_clk_i/A (sky130_fd_sc_hd__clkbuf_16)
     2    0.039744    0.076963    0.254768   10.262769 v clkbuf_0_clk_i/X (sky130_fd_sc_hd__clkbuf_16)
                                                         clknet_0_clk_i (net)
                      0.077043    0.002233   10.265001 v clkbuf_1_0__f_clk_i/A (sky130_fd_sc_hd__clkbuf_16)
     1    0.066718    0.099396    0.298424   10.563425 v clkbuf_1_0__f_clk_i/X (sky130_fd_sc_hd__clkbuf_16)
                                                         clknet_1_0__leaf_clk_i (net)
                      0.145483    0.023791   10.587215 v u_sram/clk0 (sky130_sram_1kbyte_1rw1r_32x256_8)
     1    0.009567    0.006425    0.383024   10.970241 ^ u_sram/dout0[8] (sky130_sram_1kbyte_1rw1r_32x256_8)
                                                         axi_rdata_o[8] (net)
                      0.004819    0.000212   10.970452 ^ axi_rdata_o[8] (out)
                                             10.970452   data arrival time

                                  0.000000    0.000000   clock clk_i (rise edge)
                                  0.000000    0.000000   clock network delay (propagated)
                                  0.250000    0.250000   clock uncertainty
                                  0.000000    0.250000   clock reconvergence pessimism
                                 -2.000000   -1.750000   output external delay
                                             -1.750000   data required time
---------------------------------------------------------------------------------------------
                                             -1.750000   data required time
                                            -10.970452   data arrival time
---------------------------------------------------------------------------------------------
                                             12.720452   slack (MET)


Startpoint: u_sram (falling edge-triggered flip-flop clocked by clk_i)
Endpoint: axi_rdata_o[18] (output port clocked by clk_i)
Path Group: clk_i
Path Type: min

Fanout         Cap        Slew       Delay        Time   Description
---------------------------------------------------------------------------------------------
                                 10.000000   10.000000   clock clk_i (fall edge)
                                  0.000000   10.000000   clock source latency
     2    0.081058    0.000000    0.000000   10.000000 v clk_i (in)
                                                         clk_i (net)
                      0.016002    0.008001   10.008001 v clkbuf_0_clk_i/A (sky130_fd_sc_hd__clkbuf_16)
     2    0.039744    0.076963    0.254768   10.262769 v clkbuf_0_clk_i/X (sky130_fd_sc_hd__clkbuf_16)
                                                         clknet_0_clk_i (net)
                      0.077043    0.002233   10.265001 v clkbuf_1_0__f_clk_i/A (sky130_fd_sc_hd__clkbuf_16)
     1    0.066718    0.099396    0.298424   10.563425 v clkbuf_1_0__f_clk_i/X (sky130_fd_sc_hd__clkbuf_16)
                                                         clknet_1_0__leaf_clk_i (net)
                      0.145483    0.023791   10.587215 v u_sram/clk0 (sky130_sram_1kbyte_1rw1r_32x256_8)
     1    0.010521    0.006932    0.388375   10.975591 ^ u_sram/dout0[18] (sky130_sram_1kbyte_1rw1r_32x256_8)
                                                         axi_rdata_o[18] (net)
                      0.005199    0.000234   10.975825 ^ axi_rdata_o[18] (out)
                                             10.975825   data arrival time

                                  0.000000    0.000000   clock clk_i (rise edge)
                                  0.000000    0.000000   clock network delay (propagated)
                                  0.250000    0.250000   clock uncertainty
                                  0.000000    0.250000   clock reconvergence pessimism
                                 -2.000000   -1.750000   output external delay
                                             -1.750000   data required time
---------------------------------------------------------------------------------------------
                                             -1.750000   data required time
                                            -10.975825   data arrival time
---------------------------------------------------------------------------------------------
                                             12.725825   slack (MET)



